# Time-averaged data for fix AveAll
# TimeStep v_TotEn v_PotEn c_T c_P v_Dens
100 -16165.3 -20002.2 297.114 14.5297 0.876364
200 -16250.7 -20070.9 295.821 50.703 0.877897
300 -16275.8 -20098.9 296.049 140.346 0.878827
400 -16232.1 -20066.7 296.94 98.68 0.878585
500 -16119.6 -19985.3 299.346 158.312 0.877253
600 -16089.2 -19972.2 300.69 -200.033 0.874921
700 -16138 -20031.4 301.489 6.15163 0.873878
800 -16215.6 -20047.5 296.734 -298.69 0.873798
900 -16225.6 -20068.3 297.567 14.9465 0.87598
1000 -16213.8 -20045.1 296.677 75.0221 0.878248
1100 -16155.7 -20042.8 301 311.316 0.879273
1200 -16074.3 -19957.6 300.709 152.17 0.87748
1300 -15993.3 -19912.9 303.516 -190.004 0.874661
1400 -16018.9 -19917.3 301.877 -60.7386 0.873487
1500 -16140.8 -19985.4 297.716 40.1587 0.872996
1600 -16190.4 -20010.9 295.846 -133.38 0.872446
1700 -16177.1 -20033.7 298.638 -124.803 0.873086
1800 -16160.4 -20041.2 300.517 177.914 0.874624
1900 -16234.2 -20026.9 293.691 -125.375 0.874856
2000 -16259.4 -20050.4 293.556 -304.789 0.876011
2100 -16163.1 -20034.3 299.77 198.317 0.879274
2200 -16123.9 -20033.4 302.738 361.812 0.880465
2300 -16175.3 -20027.2 298.274 153.139 0.87827
2400 -16213.6 -20081.2 299.492 -229.773 0.875371
2500 -16254.4 -20079.8 296.224 -139.211 0.874652
2600 -16245.7 -20071.8 296.275 101.062 0.87529
2700 -16126.7 -20011.1 300.788 -10.2566 0.875205
2800 -16025.5 -19918.5 301.456 0.328078 0.875023
2900 -16062 -19949 300.997 19.7698 0.875047
3000 -16143.3 -19976.1 296.797 -168.791 0.875022
3100 -16175.4 -20008.1 296.795 93.4444 0.87611
3200 -16166.7 -20006.5 297.343 65.5545 0.876686
3300 -16080.9 -19982.9 302.155 22.6971 0.876427
3400 -16056.3 -19981.6 303.96 84.0342 0.875827
3500 -16151.2 -20039.4 301.084 -109.391 0.874834
3600 -16218.1 -20061.2 297.592 68.2959 0.874591
3700 -16240.8 -20070.4 296.544 -7.85597 0.87376
3800 -16203.5 -20040.1 297.092 -438.277 0.873416
3900 -16105 -20016 302.853 92.6079 0.876437
4000 -16098.6 -19984.6 300.916 85.0607 0.879292
4100 -16185.2 -20046.1 298.974 291.23 0.880938
4200 -16294 -20082.2 293.347 -93.1127 0.880451
4300 -16251.7 -20053.6 294.405 -136.359 0.880452
4400 -16167.2 -20038.2 299.757 197.814 0.88142
4500 -16136 -19996.5 298.938 -52.7866 0.881197
4600 -16144.2 -20026.7 300.652 -63.8874 0.881155
4700 -16228.6 -20062.7 296.905 98.7228 0.881639
4800 -16283.8 -20078.6 293.851 -285.798 0.881684
4900 -16242.4 -20092.3 298.12 -71.5068 0.883811
5000 -16207.6 -20064.6 298.674 176.009 0.886863
5100 -16148 -20011.6 299.182 314.82 0.888413
5200 -16038.2 -20008.3 307.428 242.078 0.887017
5300 -16134.1 -20052.4 303.413 68.8981 0.882991
5400 -16242.1 -20089.5 297.926 -181.839 0.878297
5500 -16257.9 -20036.5 292.6 -292.252 0.875193
5600 -16182 -20057.2 300.079 45.1929 0.874818
5700 -16163.9 -20050.6 300.97 -59.472 0.874641
5800 -16231.2 -20048.5 295.597 -84.3544 0.874858
5900 -16333.1 -20126.1 293.72 -105.334 0.876186
6000 -16334 -20152.1 295.663 114.05 0.877951
6100 -16298 -20121.9 296.111 46.8462 0.878614
6200 -16274 -20103 296.5 62.5794 0.878906
6300 -16225.3 -20089 299.186 64.1511 0.878763
6400 -16174.7 -20037.2 299.1 -22.8838 0.877991
6500 -16131.3 -20034.5 302.246 -144.517 0.877557
6600 -16133.5 -20013.4 300.444 -11.8305 0.878295
6700 -16207.3 -20055.4 297.976 52.3233 0.87931
6800 -16286.8 -20104.9 295.654 -7.26223 0.879803
6900 -16285.5 -20098.4 295.257 156.736 0.880048
7000 -16233.2 -20113.2 300.454 13.1768 0.879095
7100 -16202.3 -20043.8 297.474 -316.204 0.878267
7200 -16088.2 -20033.2 305.485 195.468 0.879593
7300 -16112.5 -19960.8 298.001 157.582 0.879834
7400 -16170.8 -20032.9 299.066 -107.088 0.878585
7500 -16256.5 -20093.6 297.128 -78.8897 0.878014
7600 -16311.6 -20132.7 295.891 138.019 0.877989
7700 -16299.9 -20123.5 296.086 -136.518 0.876939
7800 -16268.6 -20123.4 298.503 -138.747 0.876998
7900 -16252.4 -20093.2 297.417 101.937 0.878439
8000 -16207.9 -20062.8 298.513 -192.284 0.879757
8100 -16117.1 -20029.9 302.988 162.367 0.882397
8200 -16132.9 -20024.1 301.32 164.313 0.883968
8300 -16226.2 -20065.2 297.277 -59.9926 0.884347
8400 -16265.4 -20143.8 300.327 199.487 0.884656
8500 -16304.8 -20152.7 297.964 9.74508 0.883396
8600 -16344.6 -20153.8 294.967 -4.26846 0.881804
8700 -16320.9 -20137.7 295.559 -55.327 0.880158
8800 -16203.9 -20064.8 298.974 131.937 0.878389
8900 -16169.6 -20041.8 299.841 -102.18 0.875662
9000 -16191.6 -20047 298.545 -251.563 0.873516
9100 -16261.8 -20069.2 294.833 -119.326 0.873496
9200 -16327.9 -20093.9 291.626 -99.5731 0.874937
9300 -16244.7 -20079.5 296.955 95.5921 0.877448
9400 -16164.1 -20033.4 299.627 262.913 0.879179
9500 -16182.8 -20056.2 299.943 15.7216 0.878755
9600 -16247.6 -20075.5 296.416 106.142 0.877782
9700 -16303.4 -20120.7 295.594 -261.091 0.876223
9800 -16339.7 -20130.7 293.559 -260.877 0.876686
9900 -16271.1 -20127.7 298.645 -10.635 0.87991
10000 -16193 -20066.1 299.915 248.402 0.883511
10100 -16162.7 -20027.1 299.243 126.29 0.884898
10200 -16147.3 -20016.5 299.619 -73.3912 0.885125
10300 -16152.5 -20056 302.268 162.675 0.885558
10400 -16256.1 -20110.8 298.493 -86.9945 0.884973
10500 -16322.1 -20161.2 297.289 21.4336 0.884961
10600 -16343.1 -20132 293.398 236.349 0.884456
10700 -16251.4 -20074.1 296.015 -225.4 0.882272
10800 -16178 -20050.3 299.858 -235.314 0.881861
10900 -16193.7 -20066.6 299.906 331.688 0.883053
11000 -16262.3 -20107.8 297.783 271.939 0.881632
11100 -16326.9 -20119.2 293.657 -185.487 0.877728
11200 -16282.9 -20083.6 294.308 -183.513 0.87511
11300 -16195.5 -20054.9 298.856 -150.702 0.874458
11400 -16180.1 -20026 297.805 -150.614 0.875284
11500 -16148.7 -20000.9 298.298 18.8965 0.877426
11600 -16137.9 -20053.6 303.214 11.6203 0.879852
11700 -16239.3 -20090 298.183 60.9434 0.882216
11800 -16285.4 -20104.6 295.744 80.3912 0.883934
11900 -16260.8 -20086.3 296.235 200.808 0.88461
12000 -16194.1 -20065.3 299.767 3.37237 0.883788
12100 -16112.5 -20021.8 302.724 69.0524 0.882384
12200 -16025.5 -19961 304.753 208.28 0.880011
12300 -16097.1 -19978.4 300.554 -103.377 0.876144
12400 -16194.4 -20027.3 296.803 -55.7964 0.872658
12500 -16215.4 -20055.4 297.355 -271.637 0.870201
12600 -16206.3 -20031.6 296.22 -65.2268 0.869837
12700 -16120.7 -19989.4 299.573 108.387 0.870366
12800 -16062.6 -19949.4 300.976 -93.8097 0.870297
12900 -16082.4 -19942.4 298.907 -199.134 0.870766
13000 -16167.5 -19948.7 292.8 -6.2587 0.873065
13100 -16270.9 -20089.2 295.677 -37.025 0.876293
13200 -16300.8 -20140.5 297.33 247.895 0.880071
13300 -16281 -20078.4 294.055 252.298 0.882257
13400 -16148.4 -20056.2 302.607 131.107 0.882045
13500 -16151.5 -19998.3 297.88 260.574 0.879945
13600 -16192.7 -20041.9 298.07 -227.367 0.875487
13700 -16238.7 -20026.5 293.312 -312.253 0.872466
13800 -16163.6 -20009.4 297.805 -76.2489 0.872059
13900 -16090.1 -20001.7 302.899 81.3234 0.872432
14000 -16128.1 -20005.3 300.24 113.124 0.872123
14100 -16188.4 -20044.1 298.569 -149.423 0.870726
14200 -16222.8 -20023.7 294.327 -203.282 0.870487
14300 -16176.1 -20003.2 296.358 -113.274 0.872366
14400 -16133.2 -20009.4 300.159 247.993 0.875455
14500 -16162.4 -20041.5 300.383 -10.988 0.877357
14600 -16224.7 -20073 297.997 58.0258 0.87899
14700 -16292.4 -20150.9 298.786 232.155 0.880065
14800 -16350.7 -20150.1 294.206 -26.769 0.87933
14900 -16320.6 -20109.1 293.364 -23.1324 0.878437
15000 -16275.3 -20120.1 297.72 63.0522 0.877479
15100 -16247.9 -20069.5 295.933 -37.1039 0.87616
15200 -16190 -20062.5 299.876 29.9651 0.874985
15300 -16133.3 -20009.7 300.172 -5.73124 0.873381
15400 -16102.3 -20006.4 302.321 -82.1258 0.871685
15500 -16186.5 -20019.6 296.822 -412.145 0.870842
15600 -16253.8 -20062.4 294.923 -130.356 0.873623
15700 -16241.6 -20093 298.243 66.4344 0.878466
15800 -16188.3 -20069.5 300.547 343.185 0.882507
15900 -16105 -19983 300.3 64.068 0.883757
16000 -16058.9 -19979.2 303.577 193.744 0.883933
16100 -16153.5 -20027.7 300.008 84.7326 0.882331
16200 -16249.7 -20109.9 298.924 -32.6161 0.879891
16300 -16293.1 -20118.2 296.201 -157.055 0.87788
16400 -16291.8 -20114.7 296.03 -272.416 0.877345
16500 -16205.9 -20044.6 297.251 52.2209 0.879189
16600 -16128.1 -20025.6 301.809 221.741 0.880789
16700 -16161 -20065.8 302.375 91.1331 0.880277
16800 -16230.6 -20085.5 298.515 -121.237 0.878864
16900 -16258.2 -20104.2 297.824 17.6337 0.87828
17000 -16278.8 -20118.3 297.311 99.6202 0.877691
17100 -16312.2 -20113.6 294.367 -62.4177 0.876352
17200 -16293.8 -20111.8 295.648 121.743 0.87508
17300 -16210.3 -20087.8 300.26 -15.0561 0.8728
17400 -16187.2 -20061.9 300.044 -20.8415 0.870167
17500 -16228 -20073.5 297.783 -321.028 0.868137
17600 -16321.3 -20133.2 295.18 -52.3865 0.868329
17700 -16379.6 -20161.3 292.84 -250.938 0.869667
17800 -16315.5 -20132.7 295.586 88.0657 0.87342
17900 -16260.3 -20119.9 298.873 241.802 0.877459
18000 -16261.6 -20110.6 298.05 33.5074 0.879915
18100 -16255.6 -20093.5 297.191 328.124 0.881653
18200 -16217.5 -20099.6 300.61 91.808 0.880846
18300 -16198.6 -20063.2 299.261 -107.222 0.878473
18400 -16209.8 -20081.6 299.814 -18.4878 0.876571
18500 -16276.4 -20102.3 296.263 -50.2539 0.874636
18600 -16316.2 -20103.6 293.277 -295.412 0.873066
18700 -16233.2 -20077.8 297.709 -33.5068 0.874092
18800 -16161 -20032 299.755 30.1459 0.876115
18900 -16167 -20039.2 299.847 21.8693 0.877956
19000 -16218.7 -20059.7 297.428 40.0212 0.879802
19100 -16282.8 -20107.7 296.186 100.373 0.88159
19200 -16384.4 -20154.5 291.94 197.753 0.882701
19300 -16453.7 -20243.4 293.458 30.733 0.881939
19400 -16378.3 -20215.2 297.115 -14.9601 0.880613
19500 -16283.6 -20166.7 300.689 -143.138 0.879592
19600 -16275.4 -20118.3 297.575 17.8395 0.879428
19700 -16256.7 -20088.3 296.704 -18.3887 0.879486
19800 -16190 -20077.6 301.041 288.882 0.879292
19900 -16140 -20056.9 303.313 -85.2653 0.87684
20000 -16226.9 -20071.5 297.71 -104.002 0.874431
20100 -16285.1 -20071.1 293.177 -246.274 0.87335
20200 -16249 -20090.6 297.479 125.181 0.874005
20300 -16212 -20072.5 298.943 -105.636 0.874357
20400 -16212.3 -20112 301.984 50.4097 0.875466
20500 -16335.2 -20161.3 296.279 -46.1903 0.876326
20600 -16360.7 -20141.9 292.806 -2.78593 0.877654
20700 -16293.5 -20172.3 300.361 157.051 0.879053
20800 -16275 -20111.8 297.107 -27.3086 0.879135
20900 -16259.7 -20140.4 300.503 -37.7965 0.879396
21000 -16241.1 -20108 299.441 5.30867 0.879861
21100 -16269.9 -20181.7 302.911 -92.7157 0.880467
21200 -16364.9 -20183.3 295.686 -29.3221 0.882047
21300 -16384 -20181.3 294.049 307.549 0.883515
21400 -16306.9 -20147.2 297.376 78.0688 0.882818
21500 -16248.6 -20131.6 300.689 95.0525 0.880982
21600 -16268.3 -20132.2 299.206 32.1502 0.877906
21700 -16305.8 -20094.7 293.399 -103.853 0.874449
21800 -16234.9 -20087.7 298.344 -182.257 0.871913
21900 -16114.7 -19995.3 300.497 -16.9575 0.870701
22000 -16124.7 -19985.3 298.948 -233.156 0.869998
22100 -16161.7 -19995.5 296.881 -200.408 0.871633
22200 -16197.3 -20084.1 300.981 66.2226 0.87523
22300 -16310.9 -20120.3 294.992 244.747 0.878333
22400 -16329.1 -20153 296.108 100.886 0.879497
22500 -16272.7 -20064.4 293.616 29.5878 0.879419
22600 -16192.9 -20045.8 298.357 106.14 0.878805
22700 -16168.6 -20014.7 297.828 2.21087 0.877295
22800 -16154.4 -20028.1 299.968 19.2296 0.875307
22900 -16200.5 -20034.6 296.898 -204.683 0.87336
23000 -16284.3 -20069.8 293.132 -60.2591 0.873158
23100 -16271.7 -20100.2 296.47 103.264 0.873587
23200 -16170.2 -20052.6 300.64 -22.5515 0.873159
23300 -16127.2 -20003.6 300.179 42.5037 0.872494
23400 -16141.9 -20025.4 300.728 -161.509 0.871681
23500 -16184.7 -20035.6 298.2 -84.7172 0.872352
23600 -16205.5 -20046.8 297.449 74.941 0.874147
23700 -16216.6 -20061.3 297.715 -6.39308 0.875936
23800 -16273.2 -20104.3 296.667 394.546 0.877861
23900 -16353.3 -20162.3 294.958 42.8609 0.877066
24000 -16358.7 -20144.1 293.129 -10.2487 0.874856
24100 -16244.2 -20050.5 294.749 11.9908 0.872404
24200 -16175.1 -20002.9 296.406 21.0899 0.869643
24300 -16106.4 -19939.4 296.813 -147.347 0.866666
24400 -16047.5 -19956.5 302.704 -132.717 0.86453
24500 -16095.8 -19965.1 299.627 -370.901 0.864088
24600 -16171.6 -19990 295.68 -137.334 0.866918
24700 -16184.9 -20045.4 298.943 93.1385 0.871332
24800 -16202.2 -20046.2 297.667 -133.04 0.875345
24900 -16190.8 -20008.9 295.663 22.6619 0.880051
25000 -16113.3 -19994.8 300.569 292.904 0.884014
25100 -15993.2 -19957.5 306.976 275.037 0.884887
25200 -16012.5 -19962.6 305.885 340.247 0.882996
25300 -16116.2 -19975.5 298.847 37.774 0.878646
25400 -16145.2 -19994.1 298.046 -118.526 0.874184
25500 -16163.9 -20007.2 297.612 -265.679 0.871557
25600 -16193.6 -20013.5 295.798 94.8881 0.87147
25700 -16186.2 -20017.8 296.706 -11.1823 0.871349
25800 -16113.5 -20003.1 301.193 17.1305 0.870973
25900 -16081.4 -19993.8 302.96 -3.26599 0.870318
26000 -16184.1 -20012.4 296.454 -81.5543 0.869851
26100 -16228.6 -20043.7 295.428 2.55177 0.869998
26200 -16203.6 -20025.6 295.955 84.8417 0.870217
26300 -16140.7 -20010.2 299.639 -24.0985 0.869898
26400 -16117.2 -19990.9 299.963 88.0791 0.869411
26500 -16190 -19993.7 294.543 -135.793 0.868465
26600 -16264.8 -20056.6 293.621 -78.2206 0.868609
26700 -16228.6 -20047.1 295.694 -31.3808 0.869678
26800 -16132.6 -19984.9 298.304 -151.067 0.87144
26900 -16088 -19959 299.752 -25.3109 0.874432
27000 -16105.4 -19988.4 300.688 177.332 0.87738
27100 -16188.7 -20059.6 299.742 213.329 0.878734
27200 -16244.8 -20066.1 295.91 112.224 0.877974
27300 -16219 -20040 295.881 -226.501 0.876302
27400 -16144.4 -19975.2 296.64 167.104 0.876309
27500 -16085.7 -19941 298.541 284.476 0.874831
27600 -16053.4 -19882.1 296.478 -364.282 0.871352
27700 -16035.1 -19927.3 301.4 -79.0547 0.870767
27800 -16063.9 -19895 296.664 -72.5978 0.871201
27900 -16067.1 -19925.4 298.774 -66.9369 0.872319
28000 -16084.8 -19952.7 299.516 -13.3342 0.874117
28100 -16115.7 -19987.9 299.847 79.7599 0.876012
28200 -16146.1 -20012.1 299.367 92.8031 0.877107
28300 -16181.3 -20018.9 297.166 -254.448 0.877583
28400 -16190.4 -20010.9 295.846 204.692 0.879578
28500 -16146 -20057.2 302.863 275.428 0.879898
28600 -16141.9 -19997 298.524 47.0565 0.877773
28700 -16187.5 -20018.2 296.635 16.3355 0.875227
28800 -16248.6 -20080.1 296.693 -154.39 0.873042
28900 -16304.1 -20103.9 294.244 17.9194 0.872144
29000 -16281.5 -20087.1 294.687 -55.6181 0.871489
29100 -16166.1 -20018.5 298.315 94.6101 0.871201
29200 -16113.1 -19960.5 297.93 -292.412 0.870867
29300 -16090.3 -19981.4 301.31 50.106 0.87257
29400 -16158.7 -19998.7 297.356 84.001 0.873845
29500 -16240.7 -20003.2 291.352 162.859 0.873919
29600 -16203.3 -20025.9 296.001 163.622 0.872803
29700 -16163.9 -19999.3 296.997 -384.492 0.870995
29800 -16127.6 -19989.3 299.034 191.773 0.871527
29900 -16120 -19967.7 297.954 -13.1445 0.871172
30000 -16140.2 -20019.5 300.401 36.2205 0.870488
30100 -16234.6 -20038.5 294.557 -135.945 0.869878
30200 -16277.7 -20135 298.699 -69.5858 0.870317
30300 -16303.9 -20089.8 293.171 -198.914 0.871765
30400 -16228.5 -20083.6 298.525 -14.3103 0.874775
30500 -16146.9 -20018.3 299.786 246.611 0.87773
30600 -16149.5 -20028.2 300.352 181.056 0.878483
30700 -16195.1 -20052.5 298.697 77.118 0.877194
30800 -16232.5 -20055.4 296.028 157.692 0.875079
30900 -16223.3 -20036.2 295.253 -3.96346 0.871854
31000 -16207.1 -20082.5 300.09 5.0234 0.868589
31100 -16236.8 -20073 297.056 -277.446 0.86601
31200 -16235.2 -20021.1 293.166 -185.002 0.866066
31300 -16131.9 -19999.4 299.488 125.63 0.867635
31400 -16097.4 -19970.1 299.883 78.7013 0.868309
31500 -16115.7 -19993.2 300.253 55.4623 0.868093
31600 -16188.1 -20017.9 296.566 -268.164 0.867582
31700 -16227.3 -20040.1 295.252 -229.464 0.869409
31800 -16212.7 -20046.2 296.851 74.2587 0.873165
31900 -16198.2 -20056.7 298.793 324.793 0.876076
32000 -16203 -20050.6 297.942 131.922 0.87626
32100 -16212.1 -20032.1 295.802 164.349 0.874661
32200 -16156.9 -20011.4 298.474 8.38678 0.871723
32300 -16076.6 -19967 301.259 -194.612 0.869114
32400 -16075.8 -19958.2 300.639 -50.0528 0.868087
32500 -16176.5 -19998.7 295.977 -206.569 0.868068
32600 -16210.8 -20029 295.664 -24.3373 0.869794
32700 -16187.7 -20038.2 298.175 22.3814 0.871876
32800 -16182.8 -20058.8 300.146 66.0572 0.873567
32900 -16239.7 -20021.1 292.814 -24.8742 0.874576
33000 -16253.7 -20031.8 292.561 -150.525 0.875895
33100 -16145.6 -20012.5 299.437 104 0.878444
33200 -16113.4 -19981 299.49 402.997 0.87994
33300 -16138.5 -20014.7 300.161 163.597 0.878021
33400 -16231.6 -20029.4 294.081 17.4175 0.874199
33500 -16251.7 -20028.8 292.481 -172.035 0.870364
33600 -16196 -20038.8 297.574 -96.9622 0.868289
33700 -16176.2 -20024.4 297.99 -343.835 0.867706
33800 -16161.9 -20020.8 298.816 -43.238 0.869718
33900 -16158.4 -20026.5 299.529 64.2331 0.872481
34000 -16228.5 -20050.7 295.978 -26.1821 0.87473
34100 -16275.2 -20055.3 292.719 81.9109 0.87694
34200 -16198.9 -20042.1 297.601 139.916 0.878427
34300 -16151.3 -20085.8 304.672 208.183 0.878524
34400 -16200.7 -20049.5 298.034 -19.0554 0.876814
34500 -16234.4 -20070.4 297.047 182.899 0.874741
34600 -16236 -20044.8 294.934 -109.349 0.871545
34700 -16119.8 -20010.4 301.276 -190.408 0.869245
34800 -16096.7 -20001.1 302.341 -182.096 0.868893
34900 -16147.5 -20001.5 298.44 -165.9 0.870225
35000 -16199.1 -20043.2 297.668 17.9907 0.873175
35100 -16240 -20078.9 297.274 155.212 0.876022
35200 -16294.4 -20106.2 295.172 -0.549982 0.877502
35300 -16382.9 -20109.1 288.543 71.0533 0.878404
35400 -16305.9 -20143.7 297.181 235.738 0.878695
35500 -16238.8 -20054.8 295.501 123.566 0.876903
35600 -16171.9 -20019.5 297.941 -179.019 0.874087
35700 -16124.4 -19972.2 297.963 -362.473 0.873183
35800 -16096.8 -19974.1 300.237 -83.2473 0.875271
35900 -16154.2 -19993.1 297.264 78.5805 0.878244
36000 -16267.5 -20113.9 297.847 -34.7249 0.880824
36100 -16306.1 -20118.7 295.234 140.305 0.883262
36200 -16275.3 -20122.9 297.944 154.866 0.884334
36300 -16187 -20074.9 301.061 94.4345 0.883603
36400 -16140.9 -20037.1 301.714 224.338 0.881745
36500 -16224.1 -20059.3 296.98 10.7078 0.8784
36600 -16327.3 -20104.1 292.456 -86.6399 0.875226
36700 -16280.2 -20091.4 295.125 -71.6158 0.873298
36800 -16210.1 -20035 296.191 4.60172 0.8721
36900 -16137.6 -19968.4 296.641 -130.546 0.871576
37000 -16093.7 -19958.9 299.301 -4.50768 0.871975
37100 -16099.5 -19978.1 300.348 -151.402 0.872781
37200 -16153.9 -19995.4 297.47 -136.438 0.87468
37300 -16238.3 -20063 296.171 11.1659 0.877421
37400 -16372.6 -20141.2 291.825 -101.864 0.879877
37500 -16384.5 -20193.6 294.961 144.371 0.882372
37600 -16331.4 -20143 295.154 202.884 0.883629
37700 -16268.2 -20139.9 299.802 4.94228 0.883171
37800 -16264.3 -20097 296.792 148.249 0.882184
37900 -16238.9 -20089.4 298.17 -77.4753 0.880482
38000 -16147 -20045 301.847 -62.0401 0.879349
38100 -16060.7 -19982.4 303.682 -66.4745 0.87881
38200 -16113.5 -19979.1 299.338 -59.6218 0.878907
38300 -16176.9 -20042.1 299.308 123.497 0.879332
38400 -16218.1 -20084.6 299.412 173.576 0.878729
38500 -16244.5 -20051.9 294.836 -46.716 0.876634
38600 -16210.5 -20031.4 295.878 -161.45 0.875091
38700 -16157.9 -20021.8 299.207 -64.3571 0.875187
38800 -16168.7 -20090 303.654 44.4669 0.875658
38900 -16237.7 -20068.9 296.674 -144.35 0.875835
39000 -16256.1 -20110 298.425 -116.901 0.877376
39100 -16270 -20102.8 296.8 -50.1549 0.880037
39200 -16302.9 -20123.7 295.871 -27.0045 0.883575
39300 -16333.2 -20138.9 294.701 357.839 0.886983
39400 -16298.8 -20144.3 297.784 227.368 0.887113
39500 -16222.9 -20091.7 299.585 52.0982 0.884955
39600 -16187.2 -20059.5 299.854 -160.309 0.882545
39700 -16209.2 -20042.1 296.808 -8.62752 0.881365
39800 -16269 -20080.1 295.117 189.338 0.880276
39900 -16300.7 -20116.1 295.449 -50.0818 0.877793
40000 -16258.9 -20079.6 295.864 -119.029 0.875665
40100 -16162.8 -20039.1 300.165 34.3543 0.874448
40200 -16146 -20010.9 299.278 -14.6838 0.873292
40300 -16177.2 -19998.1 295.878 -55.1217 0.872176
40400 -16173 -20005.3 296.759 -30.3453 0.871597
40500 -16095.7 -20001.2 302.422 18.0041 0.871469
40600 -16078.6 -19930.9 298.303 -164.577 0.871412
40700 -16081.6 -19961.2 300.424 74.7983 0.872537
40800 -16159.6 -20035.1 300.107 209.586 0.872901
40900 -16239.2 -20040.8 294.379 -116.332 0.871727
41000 -16210.2 -20056.4 297.834 -1.57649 0.871234
41100 -16153.4 -20005.2 298.268 228.594 0.870575
41200 -16087.1 -20016.7 304.293 -203.994 0.868211
41300 -16157.3 -19999.4 297.518 -278.344 0.867144
41400 -16230.1 -20013 292.934 -199.991 0.868876
41500 -16193.4 -20075.1 300.588 101.589 0.873034
41600 -16176.1 -19995.6 295.769 62.3964 0.877362
41700 -16092.7 -20007.3 303.132 222.583 0.88142
41800 -16077.5 -19999.4 303.694 448.632 0.883647
41900 -16195.7 -20016.6 295.879 -7.01455 0.882245
42000 -16209.9 -20055.4 297.781 134.333 0.87984
42100 -16201.1 -20065.3 299.224 160.478 0.875643
42200 -16222.6 -20052.5 296.574 -433.002 0.869843
42300 -16245.3 -20046.8 294.371 -298.139 0.867049
42400 -16191.5 -20043.9 298.314 -115.879 0.867515
42500 -16111.5 -19969.4 298.738 -280.634 0.869743
42600 -16058.3 -19942.7 300.797 85.2816 0.874132
42700 -16095.4 -20018.2 303.763 153.829 0.878257
42800 -16231.6 -20103.3 299.808 245.274 0.880675
42900 -16294.8 -20138.3 297.625 166.387 0.880745
43000 -16331.9 -20138.4 294.761 81.0309 0.879208
43100 -16286.7 -20100.9 295.359 89.6236 0.876754
43200 -16189.8 -20033.8 297.661 108.179 0.873595
43300 -16137.7 -20006.5 299.584 -373.679 0.870134
43400 -16134.1 -19987.6 298.398 -115.805 0.869706
43500 -16173.4 -20013.6 297.373 15.5793 0.870644
43600 -16271.7 -20037.3 291.587 -278.783 0.871768
43700 -16256.8 -20095.6 297.267 -160.716 0.875267
43800 -16135.4 -20011.6 300.158 109.916 0.879533
43900 -16100.3 -20007.5 302.554 186.699 0.882194
44000 -16169.5 -20037.8 299.545 342.65 0.882573
44100 -16239.4 -20101.1 299.034 80.9593 0.880011
44200 -16293.7 -20135.4 297.491 158.023 0.876855
44300 -16339.7 -20164.8 296.197 82.978 0.873147
44400 -16324.3 -20104 292.689 -410.142 0.869982
44500 -16265.4 -20103.9 297.241 -108.864 0.870506
44600 -16246.6 -20087.2 297.402 131.895 0.871977
44700 -16229.8 -20114 300.777 94.0054 0.872083
44800 -16259 -20052.4 293.748 -65.2042 0.871689
44900 -16224.1 -20081.7 298.717 -42.5243 0.871864
45000 -16147.4 -20030.5 300.693 39.8041 0.872277
45100 -16114.4 -19996.7 300.627 -4.52765 0.872506
45200 -16116.2 -19986.3 299.681 -146.927 0.87262
45300 -16184.9 -20043 298.757 18.8451 0.873926
45400 -16272.5 -20077.8 294.665 290.721 0.874925
45500 -16247.8 -20058 295.048 -60.7566 0.873616
45600 -16172.7 -20017.8 297.753 -81.0987 0.872584
45700 -16147.5 -20026.3 300.354 -83.8854 0.87253
45800 -16170.6 -20023.3 298.333 -150.503 0.873318
45900 -16210.5 -20064.1 298.407 11.8042 0.875335
46000 -16338.1 -20142.4 294.594 167.221 0.877512
46100 -16392.4 -20197.9 294.684 128.13 0.878038
46200 -16343.3 -20127.5 293.037 -111.374 0.877429
46300 -16245.5 -20081.5 297.047 -205.25 0.877836
46400 -16196.2 -20054.2 298.748 114.536 0.880224
46500 -16195.9 -20088.3 301.413 247.649 0.881833
46600 -16283.2 -20109.7 296.311 111.088 0.880909
46700 -16337.9 -20141 294.495 -4.4664 0.878647
46800 -16310 -20112.2 294.43 -61.3689 0.876462
46900 -16273.8 -20116 297.526 -48.7204 0.874585
47000 -16239.4 -20083.8 297.696 -204.171 0.873457
47100 -16202.6 -20062.5 298.891 28.42 0.874056
47200 -16170.8 -20067.3 301.73 -153.37 0.874898
47300 -16196.4 -20063.1 299.416 123.569 0.87699
47400 -16278.9 -20111 296.748 273.753 0.878161
47500 -16319.8 -20121.8 294.414 9.02864 0.876738
47600 -16259.4 -20077.8 295.684 -66.1613 0.874858
47700 -16149.5 -19997.4 297.963 17.0366 0.873473
47800 -16117.7 -20012.1 301.564 -106.822 0.871765
47900 -16164 -20008.4 297.696 -132.917 0.870651
48000 -16227.1 -20079.4 298.303 -347.891 0.871062
48100 -16318.1 -20137.6 295.771 19.9369 0.874781
48200 -16377.5 -20215.2 297.178 228.027 0.879507
48300 -16372.5 -20179.4 294.789 204.647 0.882616
48400 -16309.7 -20129.3 295.774 12.0655 0.883813
48500 -16256.6 -20167.5 302.844 191.889 0.884684
48600 -16302.4 -20150.3 297.964 153.254 0.883957
48700 -16338 -20130.3 293.663 -1.30194 0.881565
48800 -16301.3 -20132.8 296.693 -77.8683 0.879028
48900 -16278.2 -20131.2 298.364 -55.4163 0.876888
49000 -16262.6 -20078.4 295.481 113.457 0.874774
49100 -16176.9 -19993 295.507 -215.048 0.872008
49200 -16096.6 -19964 299.477 -24.4301 0.870727
49300 -16105 -19979.7 300.041 -177.2 0.87028
49400 -16152.5 -19995.7 297.606 119.349 0.870765
49500 -16212.2 -20001.8 293.456 3.80687 0.870596
49600 -16220.8 -20031.7 295.097 -192.83 0.870394
49700 -16124.3 -19959.2 296.965 -221.146 0.872195
49800 -16048.5 -19949.1 302.052 251.807 0.875839
49900 -16086.7 -19985.8 301.931 117.71 0.877923
50000 -16169.9 -20002.5 296.78 86.5213 0.878659
50100 -16199.6 -20058.1 298.789 104.353 0.878337
50200 -16223.7 -20064.2 297.39 9.96267 0.87713
50300 -16227.4 -20059.7 296.76 66.9675 0.875574
50400 -16184.1 -20025.1 297.433 -126.487 0.873703
50500 -16110.2 -20031.6 303.658 -22.9563 0.87247
50600 -16140.9 -19975.4 296.933 -265.439 0.871843
50700 -16197 -20034.2 297.14 115.721 0.873471
50800 -16266.7 -20057.8 293.573 123.183 0.874552
50900 -16315.5 -20112.4 294.024 -176.933 0.874518
51000 -16280 -20091 295.11 -52.6295 0.875928
51100 -16185.1 -20079.7 301.584 310.253 0.877712
51200 -16194 -20055.5 299.024 33.2891 0.877163
51300 -16235.1 -20052.5 295.609 -282.519 0.876237
51400 -16250.5 -20080.9 296.608 196.951 0.87726
51500 -16239.2 -20100.3 298.988 -9.81878 0.877149
51600 -16221.3 -20074 298.335 1.80803 0.87666
51700 -16210.8 -20069 298.768 71.0972 0.876087
51800 -16214.8 -20077.2 299.089 66.2468 0.874816
51900 -16263.4 -20059.9 293.987 -137.539 0.873206
52000 -16244.8 -20057.8 295.265 105.723 0.872263
52100 -16148.2 -20011.7 299.175 -27.0184 0.87074
52200 -16113 -19989 300.137 -37.3754 0.869382
52300 -16147.4 -20021.9 300.028 -133.728 0.868491
52400 -16195.5 -20044.5 298.048 -39.8988 0.868728
52500 -16211.4 -20078.5 299.452 17.4766 0.869567
52600 -16239 -20063.4 296.148 -19.8172 0.87003
52700 -16231 -20081.1 298.135 -292.809 0.871156
52800 -16161.5 -20020.4 298.821 -59.8636 0.875038
52900 -16062.1 -19983.9 303.688 450.34 0.879399
53000 -16114.8 -20071.3 306.373 394.068 0.879799
53100 -16210.4 -20032.1 295.939 -103.844 0.876531
53200 -16210.9 -20052.5 297.477 -314.175 0.87424
53300 -16183.4 -20068.7 300.863 -87.3705 0.874588
53400 -16231.2 -20118.1 300.986 -58.1109 0.87608
53500 -16330.2 -20164.9 296.947 89.4143 0.878155
53600 -16352.5 -20156.3 294.549 -70.6916 0.879813
53700 -16305.1 -20169.4 299.239 77.2228 0.881637
53800 -16248.9 -20138.9 301.231 153.764 0.882687
53900 -16232 -20135.6 302.278 -66.1422 0.882628
54000 -16310.2 -20165 298.501 -59.8745 0.882933
54100 -16393.7 -20230.3 297.092 59.7742 0.883851
54200 -16421.7 -20226.5 294.631 104.302 0.884065
54300 -16366.6 -20203.2 297.092 103.321 0.883283
54400 -16264.8 -20155.6 301.29 175.941 0.88127
54500 -16269.9 -20140.9 299.753 -165.409 0.877864
54600 -16292.6 -20094.8 294.428 -78.4684 0.87541
54700 -16229.4 -20051.4 295.963 9.42553 0.873924
54800 -16157 -20013.8 298.657 -175.664 0.87263
54900 -16143.5 -19999.4 298.59 -148.297 0.872471
55000 -16149.2 -20010.4 298.997 -381.926 0.874481
55100 -16214.3 -20058.9 297.708 -29.1247 0.880099
55200 -16320.3 -20169.4 298.059 333.498 0.886117
55300 -16375.9 -20218.7 297.576 162.12 0.889278
55400 -16380.7 -20197.1 295.524 156.788 0.890412
55500 -16322.6 -20152 296.528 429.801 0.889532
55600 -16247.4 -20112 299.263 198.222 0.885265
55700 -16232.1 -20083.6 298.248 -93.0634 0.879594
55800 -16238.8 -20076.5 297.174 -274.104 0.875677
55900 -16219.5 -20058.1 297.246 -177.341 0.87488
56000 -16128.6 -19971.1 297.55 -48.1361 0.875953
56100 -16038.5 -19926.7 301.083 -152.407 0.877678
56200 -16057.1 -19963 302.457 -144.862 0.880222
56300 -16133 -20014.5 300.571 141.67 0.883343
56400 -16190.6 -20033 297.544 504.895 0.884783
56500 -16217.7 -20038.9 295.904 53.6384 0.882098
56600 -16192.3 -20068.3 300.146 -106.754 0.878929
56700 -16165.3 -20078.7 303.038 177.456 0.876805
56800 -16238.5 -20051 295.225 -140.868 0.873985
56900 -16265.5 -20056.3 293.543 -71.4228 0.872242
57000 -16199.8 -20082.9 300.696 -13.1634 0.871351
57100 -16157.2 -19981.4 296.136 -136.035 0.871034
57200 -16039.3 -19969.9 304.375 -108.755 0.872053
57300 -16050.5 -19964.7 303.104 121.73 0.873784
57400 -16128.9 -20015.8 300.986 -16.077 0.874573
57500 -16189.2 -20005.1 295.486 -97.7206 0.875464
57600 -16199.6 -20089 301.177 353.143 0.876561
57700 -16261.8 -20057.8 293.946 49.9976 0.874971
57800 -16335 -20127.4 293.667 -132.065 0.872872
57900 -16362.4 -20128.1 291.603 -181.094 0.872054
58000 -16258.5 -20093.3 296.956 22.8497 0.872894
58100 -16185.8 -20062.8 300.224 91.3774 0.87348
58200 -16170.9 -19975.8 294.637 -77.5919 0.873288
58300 -16099.1 -19995.5 301.727 -69.1249 0.873901
58400 -16082.2 -19973.6 301.332 317.019 0.874728
58500 -16202.3 -20032.9 296.629 70.3335 0.87304
58600 -16252.7 -20084.5 296.724 -276.035 0.870783
58700 -16240 -20078.6 297.247 -145.903 0.870841
58800 -16192.2 -20061.9 299.651 149.277 0.872132
58900 -16141.3 -20027.1 300.898 -108.868 0.872626
59000 -16123.6 -20002.4 300.364 -57.88 0.873883
59100 -16165 -20019.5 298.474 249.038 0.87534
59200 -16248.8 -20075.9 296.356 -15.3781 0.875098
59300 -16279.2 -20086.6 294.826 -92.66 0.874725
59400 -16212.6 -20077.7 299.297 -101.428 0.875219
59500 -16133.7 -20021.8 301.081 136.07 0.876605
59600 -16150.8 -20027.8 300.224 -114.28 0.877334
59700 -16273.5 -20040.7 291.719 13.8457 0.878892
59800 -16347.3 -20164.9 295.618 215.376 0.880497
59900 -16324.7 -20141.1 295.526 -216.697 0.880816
60000 -16268.5 -20141.9 299.943 -72.38 0.882808
60100 -16239.6 -20078.6 297.277 305.121 0.885919
60200 -16153.2 -20061.4 302.64 253.249 0.886948
60300 -16091.4 -19997.8 302.492 241.963 0.884931
60400 -16157.6 -20015.2 298.723 -171.565 0.880479
60500 -16235.8 -20050.7 295.411 -19.5494 0.876744
60600 -16223.7 -20051.3 296.394 -55.0292 0.873167
60700 -16163.8 -19979.1 295.443 -388.084 0.870075
60800 -16082 -19917.3 296.994 -203.807 0.870365
60900 -16047.3 -19909.8 299.096 114.934 0.872725
61000 -16055.2 -19919 299.202 -37.5366 0.874431
61100 -16122.8 -19993.3 299.717 88.6113 0.876449
61200 -16223.8 -20020.3 293.982 16.1489 0.877924
61300 -16191.3 -19982.7 293.597 108.745 0.87899
61400 -16118.3 -19971.2 298.357 -206.293 0.879702
61500 -16073.7 -19953.6 300.444 95.7946 0.881657
61600 -16102.3 -20001.5 301.943 270.198 0.882819
61700 -16227.5 -20061.8 296.914 79.8794 0.881627
61800 -16230.2 -20007.6 292.507 24.2737 0.879271
61900 -16140.1 -19991.4 298.223 -81.8432 0.87657
62000 -16092.4 -19962 299.649 -89.4193 0.87464
62100 -16096.8 -19990.9 301.548 -16.5457 0.873387
62200 -16198.5 -19997.8 294.207 -242.393 0.872525
62300 -16212.9 -20015.5 294.457 -93.8527 0.873677
62400 -16167.7 -20027.3 298.879 -30.9415 0.87636
62500 -16153 -20021.7 299.577 153.378 0.879433
62600 -16208.1 -20079.8 299.814 48.777 0.881624
62700 -16334.7 -20137.4 294.465 -5.15778 0.883399
62800 -16330 -20140.2 295.046 134.619 0.885259
62900 -16273.3 -20125.7 298.313 189.223 0.8862
63000 -16221.4 -20122.4 302.077 240.413 0.885129
63100 -16259.5 -20115.1 298.563 122.098 0.880927
63200 -16360.6 -20103.3 289.823 -329.325 0.874775
63300 -16308.8 -20071.9 291.396 -348.225 0.870496
63400 -16239.6 -20085.8 297.835 -185.515 0.869317
63500 -16203 -20047 297.671 -95.2956 0.870267
63600 -16141.5 -20002.8 298.999 0.745308 0.872389
63700 -16088.7 -19985.4 301.747 -6.37177 0.875132
63800 -16136.4 -20003.6 299.461 167.212 0.877981
63900 -16247.6 -20056.9 294.982 167.057 0.879703
64000 -16239.9 -20070.6 296.63 109.311 0.879836
64100 -16208.7 -20084.7 300.142 -3.96799 0.879024
64200 -16204.3 -20006.4 294.422 77.3406 0.877879
64300 -16108.1 -19974.5 299.401 186.579 0.87561
64400 -16062.9 -19968.3 302.425 53.2283 0.871255
64500 -16109.9 -19955.7 297.799 -480.484 0.866439
64600 -16171.9 -19993 295.892 -425.754 0.865677
64700 -16272.5 -20106.8 296.917 -21.2471 0.869087
64800 -16346.4 -20125 292.596 -1.74136 0.873342
64900 -16297.7 -20114.3 295.539 155.9 0.877217
65000 -16228.7 -20076.6 297.969 194.333 0.87952
65100 -16195 -20084.3 301.175 105.913 0.879616
65200 -16235.6 -20103.6 299.528 -186.45 0.878958
65300 -16287.8 -20125.7 297.194 24.9176 0.879745
65400 -16283.6 -20075.5 293.627 193.672 0.880284
65500 -16215.1 -20051.9 297.106 -57.6819 0.879183
65600 -16142.9 -19966.4 296.072 -138.291 0.878566
65700 -16081.7 -19974.7 301.456 133.616 0.879267
65800 -16118.6 -20038 303.506 516.186 0.878154
65900 -16192.7 -20037.6 297.735 -229.869 0.873363
66000 -16202.3 -20046.4 297.676 -36.3352 0.870027
66100 -16186.8 -20009.9 296.045 -169.927 0.867633
66200 -16103.6 -19965.3 299.036 -69.4286 0.866798
66300 -16041.8 -19939.6 301.825 193.511 0.86646
66400 -16065.8 -19911.5 297.8 -91.0727 0.86455
66500 -16065.7 -19863.2 294.059 -295.163 0.863717
66600 -16006.5 -19918.8 302.954 120.812 0.865152
66700 -16047.8 -19928.7 300.521 -103.39 0.866098
66800 -16085.6 -19941.6 298.598 -275.3 0.86806
66900 -16113.8 -19960.2 297.851 5.98627 0.872235
67000 -16158.2 -20001.5 297.607 178.119 0.876417
67100 -16204.9 -20059.9 298.514 79.4669 0.878871
67200 -16266.1 -20073.6 294.839 -144.192 0.880389
67300 -16274 -20088 295.339 120.219 0.882815
67400 -16177.9 -20031.2 298.381 310.221 0.884152
67500 -16111.8 -20010.7 301.913 308.791 0.882417
67600 -16136.6 -19981.4 297.729 -190.472 0.878342
67700 -16177.3 -20053 300.124 -107.743 0.875791
67800 -16304.4 -20133.2 296.485 -130.674 0.874736
67900 -16322.2 -20112.2 293.48 12.5722 0.874659
68000 -16244.7 -20096.6 298.278 -27.9174 0.874696
68100 -16194.9 -20061.9 299.444 214.029 0.874545
68200 -16186.8 -20054.5 299.497 -238.439 0.873201
68300 -16244.9 -20066.4 295.928 -192.772 0.873859
68400 -16334.3 -20164.7 296.611 179.354 0.876164
68500 -16360.4 -20143.9 292.986 74.5102 0.877042
68600 -16264.3 -20084.1 295.792 73.8904 0.876954
68700 -16190.4 -20023.1 296.793 98.4228 0.876029
68800 -16152.6 -20003.2 298.172 -74.802 0.87447
68900 -16117.1 -19986.4 299.62 -124.771 0.873483
69000 -16096.4 -19967.4 299.762 -27.2665 0.873702
69100 -16131.9 -20035.6 302.284 -9.6289 0.87452
69200 -16235.1 -20029.3 293.81 -12.8261 0.875121
69300 -16235.5 -20090 298.48 -25.4495 0.875881
69400 -16232.8 -20086 298.377 88.3541 0.877014
69500 -16265.4 -20133.1 299.497 -7.06432 0.877591
69600 -16348.6 -20136.3 293.303 -5.82523 0.87777
69700 -16339.2 -20123.5 293.037 -36.6213 0.878198
69800 -16245.5 -20105.4 298.894 261.832 0.878652
69900 -16205.5 -20013.1 294.84 -127.995 0.87728
70000 -16143.9 -19989.5 297.783 -86.976 0.876807
70100 -16113.3 -20029.7 303.278 127.804 0.87702
70200 -16182.2 -20033.7 298.252 -92.4779 0.87625
70300 -16195.4 -20023 296.391 33.6353 0.875991
70400 -16192.8 -20076.1 300.703 346.618 0.875394
70500 -16249.9 -20062.7 295.245 11.6211 0.871607
70600 -16258.6 -20064.1 294.687 -150.42 0.867227
70700 -16144.2 -20016.1 299.826 -161.903 0.864352
70800 -16098.6 -19985.2 300.968 -40.2877 0.86293
70900 -16136.7 -19972.3 297.017 -235.464 0.862422
71000 -16140.2 -19945.9 294.7 -85.4655 0.863909
71100 -16028.1 -19934.6 302.509 175.02 0.865975
71200 -16009 -19908.8 301.986 -107.729 0.866847
71300 -16063.7 -19935 299.78 -171.58 0.868718
71400 -16114.8 -19974.4 298.874 95.5523 0.872265
71500 -16154.9 -20012 298.677 217.939 0.874701
71600 -16201.3 -20048.2 297.885 91.2411 0.875204
71700 -16259.6 -20042.2 292.907 -171.621 0.875064
71800 -16304.4 -20131.5 296.36 137.178 0.875974
71900 -16342.8 -20168.6 296.254 83.9986 0.876082
72000 -16339.7 -20106.9 291.718 -72.8786 0.875169
72100 -16229.1 -20066.6 297.16 41.8481 0.874808
72200 -16169.8 -20035.3 299.323 48.8838 0.874002
72300 -16170.2 -20049.9 300.435 -327.042 0.873137
72400 -16252.2 -20076 296.101 109.988 0.874571
72500 -16284.9 -20073.2 293.349 -184.156 0.876218
72600 -16221.7 -20037.2 295.453 371.536 0.878526
72700 -16186 -20037.5 298.241 48.9182 0.878273
72800 -16184.6 -20056.1 299.788 100.138 0.876769
72900 -16217.1 -20037.7 295.85 -81.2665 0.87461
73000 -16264 -20083.8 295.791 -169.995 0.873111
73100 -16297.6 -20088.5 293.55 -106.205 0.87313
73200 -16234.4 -20027.9 293.754 -166.507 0.874528
73300 -16138.2 -20023 300.828 38.8089 0.87738
73400 -16153 -20053.5 302.045 215.077 0.88011
73500 -16239.7 -20078.4 297.256 177.778 0.88112
73600 -16279 -20118.7 297.328 97.6426 0.880215
73700 -16284.7 -20120.6 297.032 104.185 0.878017
73800 -16222 -20062.7 297.408 -106.327 0.87498
73900 -16110.2 -20014.6 302.342 -20.8204 0.872548
74000 -16122.8 -20009.8 300.993 -138.792 0.870559
74100 -16189.6 -20022 296.768 -165.49 0.869571
74200 -16215.8 -20061.6 297.803 -107.054 0.870031
74300 -16232 -20099.6 299.494 -46.1584 0.872119
74400 -16341.8 -20116.6 292.302 -33.4173 0.874851
74500 -16384 -20201.8 295.636 328.932 0.877635
74600 -16347.4 -20163.3 295.487 113.729 0.878144
74700 -16246.2 -20091.1 297.737 156.2 0.876971
74800 -16194.6 -20041.2 297.87 -52.8195 0.874388
74900 -16178.4 -20037.6 298.841 -129.62 0.871559
75000 -16202 -20089.5 301.03 -201.269 0.869836
75100 -16303.6 -20118.2 295.383 -1.73171 0.869838
75200 -16318.1 -20129.8 295.164 27.7826 0.87021
75300 -16269.2 -20098.7 296.547 39.7958 0.870234
75400 -16211.3 -20035.5 296.13 85.9567 0.869665
75500 -16191.6 -20075.7 300.766 -12.8064 0.868184
75600 -16212.1 -20046 296.877 -185.613 0.866781
75700 -16201.5 -20037.4 297.036 -177.11 0.866901
75800 -16109.5 -20005.9 301.721 200.168 0.868452
75900 -16052.5 -19985.3 304.542 136.551 0.868836
76000 -16129.3 -20014.3 300.846 -43.8678 0.867862
76100 -16186.4 -20044.8 298.777 31.2682 0.866576
76200 -16223.9 -20059.1 296.977 -210.554 0.865316
76300 -16216.8 -20030.1 295.289 163.611 0.865662
76400 -16116.5 -19983 299.41 -53.1837 0.865187
76500 -16057.9 -19950.5 301.428 -260.939 0.864889
76600 -16079 -19917.3 297.221 -288.97 0.867226
76700 -16086.4 -19943.3 298.667 -45.5748 0.872501
76800 -16128.7 -20027.6 301.913 208.091 0.878292
76900 -16251.6 -20083.6 296.734 101.577 0.881938
77000 -16260.7 -20083 295.979 177.725 0.883813
77100 -16241.8 -20136 301.554 175.154 0.884218
77200 -16307.2 -20140 296.794 228.07 0.882716
77300 -16370.9 -20156.3 293.123 -147.567 0.879598
77400 -16308.5 -20111.3 294.478 -30.8812 0.877749
77500 -16192.9 -20049.8 298.668 -32.984 0.876367
77600 -16159.9 -20022.1 299.073 59.7036 0.875091
77700 -16162 -20022.5 298.944 -58.9412 0.873932
77800 -16203.3 -20058.7 298.552 108.227 0.873075
77900 -16294 -20121.1 296.353 -177.341 0.871809
78000 -16329.7 -20108.8 292.644 2.71307 0.871694
78100 -16260.1 -20074.1 295.343 -24.9209 0.872008
78200 -16213.8 -20081.5 299.506 -34.7946 0.872537
78300 -16216.7 -20041.9 296.205 1.25373 0.873151
78400 -16188.4 -20045.8 298.7 14.657 0.873951
78500 -16131.2 -20018.9 301.053 -6.06034 0.874647
78600 -16091.1 -19986.7 301.664 -0.116171 0.875176
78700 -16117.7 -19968.5 298.189 -132.325 0.876083
78800 -16203.4 -20052.6 298.069 134.306 0.877725
78900 -16276.1 -20093.5 295.611 -47.8415 0.878662
79000 -16267.1 -20061.7 293.837 56.0454 0.879698
79100 -16180.3 -20021.5 297.45 305.508 0.880083
79200 -16141.5 -19972.1 296.628 -41.0818 0.878038
79300 -16101.5 -19960 298.785 -137.03 0.875923
79400 -16074.1 -19927.6 298.404 55.4467 0.874606
79500 -16038.3 -19915.5 300.233 -259.063 0.873326
79600 -16000.8 -19907.7 302.534 106.028 0.873941
79700 -16063.3 -19926.6 299.16 -115.832 0.8744
79800 -16151.2 -19985.3 296.9 98.4846 0.875475
79900 -16188.6 -20036.3 297.951 80.201 0.875795
80000 -16202.7 -20027.6 296.184 -28.9624 0.875437
80100 -16133.6 -19998.8 299.303 125.087 0.875336
80200 -16041 -19930.3 301.173 4.05057 0.873936
80300 -16035.5 -19895.9 298.934 -286.077 0.872291
80400 -16075.3 -19932.1 298.656 -86.7707 0.872844
80500 -16181.4 -20016.1 296.942 74.6724 0.874587
80600 -16223.7 -20054.6 296.655 13.5829 0.876142
80700 -16224.9 -20072.7 297.96 67.729 0.877604
80800 -16224.8 -20063.3 297.246 103.897 0.878644
80900 -16214.6 -20055.8 297.448 19.4444 0.878907
81000 -16161.8 -20040.4 300.345 92.0454 0.878818
81100 -16154.4 -20047.3 301.451 289.476 0.877562
81200 -16231 -20058.7 296.401 -419.46 0.874184
81300 -16271.5 -20094.4 296.036 -271.246 0.873668
81400 -16242.2 -20058.2 295.497 -27.1429 0.876178
81500 -16124 -20030.2 302.477 256.942 0.879012
81600 -16121.9 -19995.9 299.99 150.355 0.879899
81700 -16171.9 -20045.1 299.92 166.445 0.878869
81800 -16238.8 -20065.9 296.359 -181.67 0.87648
81900 -16249.3 -20079.6 296.603 -111.806 0.875474
82000 -16244.1 -20103.1 298.832 136.875 0.875434
82100 -16252.7 -20109.8 298.677 246.148 0.873942
82200 -16267 -20044.5 292.513 62.4178 0.870206
82300 -16153.8 -20002 297.983 -397.241 0.866197
82400 -16093.4 -19972.8 300.401 -388.415 0.865675
82500 -16133.1 -19998.9 299.35 -83.8571 0.868935
82600 -16223.7 -20096.2 299.868 -93.1484 0.873405
82700 -16280.4 -20108.3 296.42 5.55688 0.878114
82800 -16280.3 -20132.6 298.305 61.6015 0.88242
82900 -16293.5 -20154 298.945 368.802 0.885167
83000 -16386.3 -20189.1 294.479 278.613 0.884392
83100 -16423 -20203.2 292.72 9.43031 0.881461
83200 -16345.7 -20197 298.228 49.7946 0.878456
83300 -16302.1 -20140.1 297.203 -105.735 0.875788
83400 -16279.1 -20126.4 297.919 -41.4009 0.874285
83500 -16254.5 -20094.3 297.337 -171.643 0.873735
83600 -16176.8 -20072.8 301.689 69.167 0.874709
83700 -16065.8 -19978.7 302.999 -51.833 0.875404
83800 -16088.8 -19993.7 302.381 10.5719 0.876164
83900 -16185.3 -20075 301.203 85.9519 0.876628
84000 -16239.7 -20066 296.296 17.3112 0.876254
84100 -16236.1 -20059.6 296.081 -118.456 0.876109
84200 -16175.2 -20049.3 299.997 107.948 0.876918
84300 -16123.8 -20030.4 302.516 119.026 0.876764
84400 -16176.6 -20023.3 297.876 67.899 0.875261
84500 -16278.5 -20114.6 297.055 -204.901 0.873258
84600 -16308.9 -20093.6 293.069 -105.465 0.873001
84700 -16243.2 -20084 297.415 29.0512 0.873822
84800 -16180.4 -20027 297.865 14.0663 0.874673
84900 -16179.9 -20089.9 302.773 170.208 0.875293
85000 -16241.1 -20083.9 297.577 -80.8394 0.874363
85100 -16264.3 -20110 297.792 -328.212 0.874188
85200 -16285.5 -20107.1 295.93 143.847 0.876698
85300 -16316.1 -20128.7 295.227 94.4959 0.878768
85400 -16310.2 -20165.2 298.516 105.988 0.879669
85500 -16286 -20128.6 297.559 84.247 0.879366
85600 -16238 -20070.8 296.801 83.2268 0.878215
85700 -16144.1 -20022.5 300.323 -92.6839 0.876536
85800 -16121.6 -20017.2 301.66 -163.587 0.875576
85900 -16174.5 -20040.2 299.348 82.2545 0.875731
86000 -16215.4 -20050.3 296.963 -67.4485 0.875718
86100 -16217.8 -20075.7 298.742 -207.033 0.876207
86200 -16235.8 -20092.1 298.618 -167.023 0.878854
86300 -16301.1 -20175.8 300.04 118.327 0.883669
86400 -16410.1 -20250.9 297.423 348.198 0.887708
86500 -16426 -20205 292.63 276.341 0.888592
86600 -16347.7 -20191.2 297.628 254.628 0.886504
86700 -16291.2 -20140 298.037 -133.892 0.881989
86800 -16249 -20070 295.884 -224.591 0.878371
86900 -16176.5 -20059.7 300.703 -32.6582 0.876752
87000 -16159.1 -20036.6 300.263 0.624133 0.875527
87100 -16275.6 -20101.9 296.29 -44.3869 0.874426
87200 -16342.7 -20122.7 292.71 -428.304 0.874135
87300 -16270 -20120.9 298.197 -112.15 0.877493
87400 -16213.3 -20080.7 299.479 340.927 0.882209
87500 -16210.7 -20088.8 300.302 249.083 0.883987
87600 -16300.5 -20151.4 298.202 -9.39721 0.883282
87700 -16398.1 -20237.5 297.307 40.0444 0.882264
87800 -16397.8 -20176.6 292.621 163.394 0.881022
87900 -16310.8 -20132.8 295.956 14.9543 0.878493
88000 -16256.1 -20128.7 299.875 -2.38227 0.875468
88100 -16250.2 -20077.9 296.404 -21.7016 0.872194
88200 -16210.9 -20080.8 299.675 -343.635 0.869591
88300 -16135.4 -20039.7 302.337 -322.214 0.8701
88400 -16086.5 -19966.6 300.46 -86.999 0.873747
88500 -16101.2 -19985 300.747 68.0379 0.878503
88600 -16210.4 -20056.6 297.837 218.061 0.881981
88700 -16268.9 -20118.6 298.111 -0.885511 0.883469
88800 -16302.8 -20152.3 298.089 131.51 0.884427
88900 -16345.9 -20167.5 295.934 261.372 0.88385
89000 -16396.5 -20172.3 292.385 169.818 0.881015
89100 -16370.4 -20169.7 294.206 -20.1152 0.87723
89200 -16270.8 -20132.1 299.004 -20.5897 0.874007
89300 -16219.1 -20055.1 297.046 178.551 0.871092
89400 -16168.5 -20034 299.333 -79.2577 0.867595
89500 -16131.2 -19995.9 299.266 -58.8162 0.865048
89600 -16070.7 -19971.6 302.066 -53.7198 0.863748
89700 -16039.3 -19962.6 303.803 8.00389 0.863057
89800 -16126.2 -19957 296.638 -137.134 0.862506
89900 -16162.4 -19993.9 296.698 -191.129 0.863451
90000 -16145.1 -19991.5 297.846 30.4936 0.865948
90100 -16107.4 -19977.6 299.69 18.9348 0.868128
90200 -16048.5 -19937.5 301.153 -35.4109 0.869868
90300 -16019.7 -19927.7 302.625 102.441 0.871507
90400 -16102.5 -19973.4 299.746 10.4811 0.872228
90500 -16195.1 -20038.9 297.652 -109.429 0.872838
90600 -16212.3 -20043.4 296.662 62.8265 0.874213
90700 -16188.4 -20041.6 298.379 62.8912 0.875389
90800 -16130.5 -20023.2 301.436 212.541 0.875397
90900 -16071.9 -19968.6 301.742 135.492 0.873525
91000 -16083.6 -19930.9 297.914 -36.1438 0.870655
91100 -16143.7 -19971 296.366 -92.1183 0.868127
91200 -16201.1 -20002.7 294.378 -205.439 0.866679
91300 -16188.2 -20010 295.942 -56.9828 0.867122
91400 -16079.7 -19944.3 299.257 -52.4147 0.868497
91500 -16027.7 -19912.8 300.848 71.8953 0.87009
91600 -16068.6 -19943.3 300.041 204.06 0.870716
91700 -16153.5 -19986.6 296.815 -13.3545 0.869913
91800 -16178.1 -20006.8 296.481 -4.11978 0.868912
91900 -16160.4 -20005.9 297.781 -15.5557 0.867901
92000 -16150.9 -20017.9 299.448 -245.202 0.867457
92100 -16173.4 -19997.8 296.147 -237.22 0.869211
92200 -16202 -20014.3 295.211 -9.50743 0.873109
92300 -16179 -20018.8 297.339 311.513 0.876561
92400 -16126.6 -20006.1 300.413 -227.114 0.878034
92500 -16120 -20019.3 301.946 203.447 0.880545
92600 -16217.8 -20044.5 296.326 183.257 0.88125
92700 -16267.7 -20087 295.748 210.754 0.879919
92800 -16247.4 -20042.3 293.867 2.28497 0.877223
92900 -16171.3 -19988.9 295.619 39.0023 0.874623
93000 -16142.9 -19994.3 298.243 -312.176 0.87277
93100 -16123.1 -19960.1 297.125 66.807 0.87334
93200 -16055.7 -19911.4 298.572 183.068 0.873353
93300 -15997.3 -19902.2 302.384 -153.848 0.872046
93400 -16070.7 -19950.5 300.437 71.4914 0.871829
93500 -16181 -20006.5 296.232 66.4995 0.87135
93600 -16174.4 -19990.8 295.522 -130.984 0.870524
93700 -16124 -20013.8 301.213 -1.81771 0.870793
93800 -16117.3 -19975.3 298.747 -9.1433 0.871271
93900 -16144.3 -19992.8 298.016 -161.095 0.871705
94000 -16216.5 -20020.5 294.572 -22.6424 0.8734
94100 -16243.5 -20095.2 298.258 -49.6562 0.875539
94200 -16279.8 -20095.2 295.449 72.8958 0.877749
94300 -16307 -20093.8 293.234 -11.7501 0.879481
94400 -16224 -20063.9 297.351 138.767 0.88091
94500 -16152.6 -20007 298.465 172.719 0.881165
94600 -16133.9 -20011 300.222 82.9951 0.879802
94700 -16173.3 -20050.5 300.237 -172.008 0.877618
94800 -16275.7 -20042.3 291.672 -181.087 0.876705
94900 -16246.7 -20079.2 296.775 -72.4022 0.877798
95000 -16199.9 -20047.7 297.959 221.468 0.879464
95100 -16183.9 -20076.9 301.463 117.157 0.879282
95200 -16236.4 -20044.6 294.89 34.7447 0.877876
95300 -16278.4 -20066.1 293.307 -88.1276 0.876086
95400 -16263.9 -20050.5 293.215 23.1217 0.874914
95500 -16160.9 -19989.3 296.46 -1.38602 0.873761
95600 -16083.2 -19954.7 299.799 29.7269 0.872573
95700 -16054.8 -19923.7 299.599 -170.765 0.871156
95800 -16048 -19880.5 296.769 -206.625 0.871278
95900 -16005.9 -19914.7 302.681 -41.7529 0.873501
96000 -16050.6 -19955.5 302.376 181.018 0.876232
96100 -16171.4 -20038.8 299.479 -21.7985 0.878025
96200 -16250.9 -20148.7 301.832 -95.7135 0.879719
96300 -16318.2 -20094.3 292.403 -162.478 0.882391
96400 -16268.9 -20147.5 300.341 319.9 0.886158
96500 -16262.9 -20139.8 300.215 342.28 0.887201
96600 -16342.5 -20172 296.542 146.308 0.884817
96700 -16444.1 -20192.1 290.225 -257.247 0.881156
96800 -16402.3 -20153.3 290.462 -163.921 0.879692
96900 -16308.5 -20110.1 294.386 -80.7434 0.87982
97000 -16233.8 -20081.8 297.978 -55.9576 0.880868
97100 -16180 -20062.9 300.678 5.11867 0.882892
97200 -16196.1 -20088.8 301.44 184.365 0.884715
97300 -16296.6 -20169.2 299.885 128.896 0.884398
97400 -16352.3 -20135.3 292.944 -226.359 0.883088
97500 -16303.8 -20142.4 297.246 -54.6708 0.883732
97600 -16251.4 -20106.3 298.509 144.896 0.885099
97700 -16215.6 -20081.1 299.334 211.908 0.884865
97800 -16187.1 -20046.8 298.878 99.9499 0.882683
97900 -16136.2 -20068 304.467 153.778 0.879329
98000 -16183.8 -20032.6 298.034 -284.48 0.875415
98100 -16250.6 -20057.7 294.812 -1.0891 0.873939
98200 -16239.5 -20075.3 297.027 -37.2117 0.872754
98300 -16165.7 -20058.1 301.41 -93.0732 0.872069
98400 -16114.7 -19986.5 299.822 -26.6456 0.872351
98500 -16044.8 -19976.4 304.443 -26.1119 0.87304
98600 -16085.8 -19983.3 301.809 -12.4353 0.873847
98700 -16185.8 -20040.6 298.495 37.8824 0.874663
98800 -16235.8 -20096.8 298.98 27.8235 0.875288
98900 -16276.3 -20082 294.702 -159.152 0.875844
99000 -16234.4 -20078.7 297.693 223.946 0.877356
99100 -16122.2 -20017.5 301.636 208.082 0.876918
99200 -16097.7 -19971.1 299.944 -4.62286 0.874552
99300 -16136.4 -20052.4 303.235 97.1353 0.872222
99400 -16215.2 -20077 299.048 -241.311 0.869513
99500 -16230.1 -20034.6 294.609 -74.8384 0.868738
99600 -16175.4 -20042.2 299.428 165.275 0.868793
99700 -16125.1 -19970.8 297.797 18.4219 0.86751
99800 -16033.6 -19956.4 303.766 -81.2054 0.866093
99900 -16012 -19937.1 303.944 -88.4643 0.865568
100000 -16143.4 -19985.8 297.54 -45.3384 0.866003
100100 -16192.9 -20002.4 294.994 38.9306 0.866817
100200 -16154 -20011.4 298.701 -26.6321 0.867096
100300 -16108.2 -19971.1 299.127 10.3392 0.867622
100400 -16082.8 -19963.4 300.498 27.2292 0.868289
100500 -16067.5 -19961.9 301.566 22.5109 0.868502
100600 -16145.5 -20006.6 298.989 131.433 0.868184
100700 -16228.1 -20048.9 295.868 -382.055 0.867344
100800 -16246.5 -20100 298.399 -241.42 0.869796
100900 -16235.2 -20041.7 294.762 -8.74889 0.874368
101000 -16123.7 -20013.5 301.207 227.33 0.878499
101100 -16090.5 -19978.2 301.046 102.374 0.880512
101200 -16142.2 -19990.7 298.014 203.704 0.880927
101300 -16189 -20015.3 296.298 56.1966 0.879643
101400 -16234.5 -20064.6 296.592 -66.9043 0.878046
101500 -16316.1 -20059.5 289.873 16.0758 0.877217
101600 -16249.1 -20065.3 295.506 176.789 0.876084
101700 -16165.1 -20016.1 298.204 -81.3931 0.873891
101800 -16117.1 -19950.4 296.842 74.168 0.87252
101900 -16072.1 -19965.2 301.467 149.791 0.870824
102000 -16128.7 -19994 299.31 -176.074 0.868381
102100 -16223 -20013.7 293.538 -206.753 0.867712
102200 -16196 -20056.6 298.951 -166.979 0.869002
102300 -16179.7 -20060.5 300.515 -125.321 0.871642
102400 -16249.5 -20049.2 294.227 -45.2848 0.875298
102500 -16316.7 -20118.3 294.385 5.48905 0.879194
102600 -16347.3 -20188.7 297.467 117.874 0.882588
102700 -16400.9 -20195.6 293.848 -70.427 0.884753
102800 -16378 -20173.5 293.909 238.134 0.886712
102900 -16268 -20103 296.966 131.442 0.886841
103000 -16208 -20045.1 297.134 376.853 0.885107
103100 -16173.1 -20049.6 300.177 269.142 0.880142
103200 -16177 -20028.7 298.264 -154.214 0.873547
103300 -16221.7 -20061.4 297.326 -182.567 0.869019
103400 -16284.4 -20083.5 294.189 -179.906 0.867126
103500 -16270 -20075 294.64 -262.59 0.867377
103600 -16168.7 -20031.7 299.134 -211.069 0.870024
103700 -16121.3 -19979.9 298.797 -56.89 0.874391
103800 -16139.6 -20070.6 304.402 68.3885 0.87876
103900 -16234.9 -20097.4 299.092 111.217 0.881962
104000 -16245.6 -20081.9 297.064 224.517 0.883507
104100 -16217.7 -20064.6 297.888 368.63 0.882542
104200 -16175 -20048.2 299.921 53.5353 0.878598
104300 -16132.6 -20017.5 300.831 -31.0438 0.874393
104400 -16139.6 -20003.8 299.23 -158.038 0.871256
104500 -16212.1 -20033.4 295.907 -97.3989 0.869842
104600 -16253.5 -20077.8 296.14 -274.934 0.870111
104700 -16243.8 -20080.5 297.098 1.54439 0.872464
104800 -16174 -20041.2 299.463 -120.715 0.87482
104900 -16097.9 -19997.7 301.986 12.4969 0.877798
105000 -16123.4 -19990.3 299.437 342.419 0.880211
105100 -16227 -20074.1 297.907 110.359 0.879545
105200 -16269 -20074.1 294.649 42.4558 0.8775
105300 -16236.2 -20068.2 296.736 69.6143 0.875368
105400 -16177.8 -20033.9 298.599 9.42741 0.872897
105500 -16132.1 -20019 300.991 -212.962 0.87074
105600 -16173.2 -20014.9 297.486 -173.109 0.870626
105700 -16278.5 -20069.7 293.577 -267.242 0.872494
105800 -16274.9 -20096.4 295.925 -25.3342 0.876476
105900 -16195 -20038.8 297.646 143.74 0.880196
106000 -16152.6 -20087.5 304.702 423.192 0.881761
106100 -16217.4 -20095.8 300.328 62.2719 0.879973
106200 -16260.8 -20050.1 293.428 -178.236 0.877714
106300 -16202.4 -20055.6 298.378 -115.591 0.877099
106400 -16165.4 -20059.9 301.58 103.071 0.87742
106500 -16200.2 -20023.9 296.089 -125.667 0.877407
106600 -16206.7 -20095.5 301.129 143.79 0.877918
106700 -16231.1 -20058.5 296.378 86.6772 0.877359
106800 -16224.9 -20055.4 296.615 104.551 0.876002
106900 -16173.5 -20030.8 298.69 -212.532 0.874319
107000 -16079.5 -19970.2 301.28 153.461 0.873777
107100 -15999 -19908.7 302.752 29.9114 0.872377
107200 -15989.4 -19888.9 301.962 20.9164 0.870585
107300 -16084.2 -19953.8 299.641 63.5426 0.868479
107400 -16166.1 -19980.5 295.367 -153.52 0.866078
107500 -16155.9 -19986.3 296.612 -35.3167 0.865001
107600 -16089.3 -19937.7 298.003 -35.3553 0.864488
107700 -16024.4 -19911.1 300.967 -118.473 0.864546
107800 -16011.6 -19888.2 300.183 -71.9828 0.865678
107900 -16079.7 -19942.1 299.087 41.3674 0.867282
108000 -16181.5 -19999.5 295.651 -182.46 0.868918
108100 -16191.7 -20013.3 295.928 -135.426 0.872133
108200 -16145 -20016.8 299.818 322.253 0.87622
108300 -16096.5 -19994 301.808 273.389 0.877542
108400 -16102.2 -19992 301.208 270.391 0.875725
108500 -16192.7 -19993.7 294.333 -142.514 0.871984
108600 -16197.8 -20011.1 295.284 20.4488 0.869518
108700 -16122.2 -19997.2 300.065 -90.274 0.867588
108800 -16048.2 -19941.8 301.508 -108.1 0.866712
108900 -16078.8 -19973.5 301.591 127.098 0.866903
109000 -16227.6 -20064.7 297.134 5.84432 0.86626
109100 -16262.2 -20070.6 294.909 22.2953 0.865453
109200 -16220.9 -20078 298.677 -248.252 0.865081
109300 -16186.1 -20064.6 300.335 -127.633 0.866819
109400 -16196.4 -20037.1 297.409 48.0553 0.869292
109500 -16233.4 -20077.9 297.703 -29.9535 0.871281
109600 -16304.2 -20132.1 296.417 209.388 0.87285
109700 -16344.6 -20141.6 294.031 233.004 0.872337
109800 -16278.2 -20126.3 297.986 -221.658 0.870176
109900 -16173.1 -20056 300.671 -179.311 0.869783
110000 -16177.5 -20080.7 302.248 -124.856 0.871181
110100 -16247.1 -20101.3 298.455 -261.239 0.87411
110200 -16272.2 -20085.3 295.277 236.864 0.878764
110300 -16246.5 -20097.8 298.228 288.763 0.881339
110400 -16212.7 -20041.2 296.466 134.205 0.88094
110500 -16089.8 -20006.4 303.283 200.023 0.878887
110600 -16071.8 -19988 303.255 89.11 0.875276
110700 -16138.8 -19978.3 297.317 -487.361 0.871679
110800 -16161.8 -19990.6 296.483 -279.352 0.872336
110900 -16160.3 -20038.5 300.312 -18.6791 0.875984
111000 -16238.1 -20072.4 296.911 121.768 0.879287
111100 -16304 -20088.4 293.051 -67.8906 0.88132
111200 -16249.9 -20097.8 297.972 33.5809 0.883645
111300 -16195.7 -20075.3 300.422 313.931 0.885197
111400 -16216.6 -20073.6 298.67 124.793 0.883997
111500 -16301 -20109.3 294.9 -148.748 0.881818
111600 -16412.9 -20193.9 292.784 -6.28957 0.88082
111700 -16382 -20177.9 293.937 30.3544 0.879916
111800 -16305.4 -20160.3 298.508 200.051 0.878453
111900 -16283.5 -20146.7 299.152 -187.24 0.875996
112000 -16290.9 -20121.8 296.647 7.86497 0.874928
112100 -16245.2 -20081.9 297.097 44.1344 0.873921
112200 -16130.8 -20035.6 302.373 44.1053 0.872554
112300 -16139.1 -19987.9 298.041 -185.371 0.871246
112400 -16163 -20011.7 298.023 31.9219 0.871216
112500 -16212.1 -20033.8 295.938 1.67295 0.871276
112600 -16281.7 -20060.6 292.621 -218.841 0.871543
112700 -16229 -20028 294.183 139.977 0.873253
112800 -16134.8 -20009.7 300.06 48.0375 0.874234
112900 -16142.8 -20037.9 301.623 -15.505 0.874577
113000 -16230 -20097.4 299.477 108.326 0.874853
113100 -16275.5 -20056.3 292.773 -64.7457 0.874442
113200 -16212.7 -20042.4 296.554 -85.0772 0.874423
113300 -16155.1 -19996.1 297.433 -221.872 0.875376
113400 -16128.8 -20027.7 301.915 22.2452 0.878176
113500 -16194.7 -20083 301.089 268.431 0.881265
113600 -16259.1 -20090.7 296.705 328.1 0.881861
113700 -16254.9 -20071.5 295.545 55.8933 0.879266
113800 -16189.3 -20035.3 297.817 -48.7421 0.875793
113900 -16114.4 -19960.7 297.846 135.811 0.872483
114000 -16080.7 -19976.2 301.653 -235.241 0.868374
114100 -16111 -19971.9 298.976 -257.144 0.865993
114200 -16136.4 -20006.3 299.671 -198.315 0.866242
114300 -16166.2 -20015 298.042 -257.545 0.868735
114400 -16201.2 -20046.6 297.774 53.2344 0.873273
114500 -16282.5 -20099.2 295.553 78.123 0.877727
114600 -16388.8 -20180 293.575 145.336 0.880928
114700 -16391.5 -20199.4 294.867 331.65 0.882182
114800 -16335.8 -20153 295.591 176.795 0.880577
114900 -16284.5 -20107.1 296.007 -95.9914 0.877387
115000 -16248.6 -20097.6 298.045 -41.4058 0.87539
115100 -16213.3 -20065.1 298.265 75.4654 0.874107
115200 -16129.4 -19980.4 298.207 40.0269 0.872568
115300 -16047.5 -19955.9 302.652 248.453 0.870549
115400 -16077.5 -19956 300.331 -99.2196 0.867178
115500 -16141.5 -20006 299.255 -37.4568 0.864738
115600 -16186.8 -20018.8 296.735 -181.742 0.863299
115700 -16186.7 -20027.3 297.402 -67.2569 0.863759
115800 -16169.1 -20022.1 298.367 49.894 0.864615
115900 -16135.5 -19970.9 296.996 -164.574 0.865283
116000 -16019.4 -19963.1 305.387 -84.2488 0.8673
116100 -16025.4 -19933.1 302.597 98.8771 0.869815
116200 -16125 -20024 301.918 67.4037 0.871295
116300 -16178.4 -20008.7 296.601 12.6078 0.871779
116400 -16186.7 -20021.6 296.959 203.272 0.87204
116500 -16176.5 -20045.3 299.584 75.6565 0.87089
116600 -16180.4 -20017.3 297.119 46.3895 0.86874
116700 -16166 -20024.2 298.761 116.902 0.865955
116800 -16154.8 -20009.3 298.479 -192.442 0.862788
116900 -16143.8 -19985.7 297.505 -180.815 0.861528
117000 -16108.3 -19958.2 298.126 -58.3639 0.861964
117100 -16036.3 -19927.3 301.304 -211.088 0.863178
117200 -16033.7 -19942.2 302.661 72.4808 0.86608
117300 -16148.8 -20016.4 299.491 -12.4787 0.86858
117400 -16187.8 -20019.9 296.743 -70.9126 0.871001
117500 -16166.8 -20010.4 297.634 125.262 0.873557
117600 -16146.8 -20032 300.848 205.406 0.874684
117700 -16198.9 -20017.9 295.732 -79.5194 0.874195
117800 -16272.3 -20089.8 295.608 -62.5878 0.873951
117900 -16329.7 -20137.4 294.855 -14.5529 0.874502
118000 -16307.6 -20135.9 296.444 -6.78324 0.875199
118100 -16199.6 -20085.7 300.922 19.3432 0.875839
118200 -16164.8 -20032.4 299.487 239.225 0.876027
118300 -16173.6 -20021.9 297.996 3.95548 0.874278
118400 -16230.4 -20084.4 298.44 99.1924 0.872322
118500 -16327.1 -20124.9 294.08 -192.395 0.870013
118600 -16301.9 -20093.4 293.595 -211.169 0.869328
118700 -16213.3 -20065 298.261 -21.4344 0.870754
118800 -16188.4 -20045.3 298.667 -139.986 0.872457
118900 -16179.8 -20029.6 298.115 -102.867 0.874995
119000 -16154 -20017.4 299.169 41.4053 0.878208
119100 -16118.2 -20013 301.597 228.756 0.880606
119200 -16154.1 -20027.8 299.963 134.266 0.880868
119300 -16236.9 -20047.2 295.055 -112.972 0.880018
119400 -16248.4 -20083.9 297.005 -80.9929 0.880041
119500 -16217.1 -20077.5 298.932 36.2582 0.880858
119600 -16140.1 -20045.8 302.443 103.194 0.881452
119700 -16124.9 -20018.4 301.498 264.906 0.880456
119800 -16204.4 -20020.9 295.536 -87.4942 0.877901
119900 -16250.1 -20070.6 295.846 -106.54 0.876362
120000 -16233.6 -20086.2 298.333 -66.5767 0.87603
120100 -16138.3 -20036.1 301.825 -94.5301 0.876513
120200 -16121.9 -20061.4 305.061 161.906 0.87729
120300 -16235.4 -20123.4 301.076 158.397 0.876799
120400 -16300.8 -20109.7 294.947 -162.563 0.875204
120500 -16281.4 -20117.6 297.064 -182.496 0.875077
120600 -16212.1 -20101.4 301.174 124.96 0.876319
120700 -16194.4 -20060.5 299.376 238.585 0.876562
120800 -16274.6 -20070.2 293.916 29.4455 0.874649
120900 -16321.2 -20066.3 290.008 -388.465 0.872577
121000 -16225.5 -20057.5 296.733 -53.2659 0.873688
121100 -16174.7 -20028.3 298.413 -148.534 0.876175
121200 -16179.3 -20069.9 301.276 142.771 0.879638
121300 -16259.7 -20111.9 298.301 52.1038 0.882048
121400 -16325.5 -20177.2 298.267 73.9826 0.883495
121500 -16355.4 -20183 296.397 174.369 0.884161
121600 -16327.5 -20152.6 296.207 134.901 0.883237
121700 -16288.9 -20150.9 299.058 42.0452 0.880876
121800 -16281.4 -20131.5 298.138 -411.089 0.87874
121900 -16266.4 -20112.9 297.856 -10.4948 0.879814
122000 -16194.4 -20058.2 299.195 173.93 0.881234
122100 -16133.3 -20044 302.827 320.316 0.880989
122200 -16189.2 -20068.8 300.42 71.5296 0.878063
122300 -16268 -20097.2 296.523 -113.88 0.873978
122400 -16270.6 -20088.6 295.65 -300.256 0.87144
122500 -16222.2 -20080.2 298.749 -202.498 0.872021
122600 -16131.5 -20082.1 305.921 182.803 0.874229
122700 -16135.7 -20047.5 302.914 24.0739 0.875083
122800 -16257.7 -20091 296.831 -189.285 0.875595
122900 -16284.2 -20123.1 297.268 -82.6609 0.877512
123000 -16267.1 -20115.8 298.024 227.295 0.879471
123100 -16235.5 -20097.5 299.055 11.2174 0.880074
123200 -16185.8 -20079.7 301.534 323.323 0.879767
123300 -16173.1 -20066.5 301.488 -98.5716 0.877143
123400 -16254.1 -20069.3 295.435 -378.135 0.875694
123500 -16287.2 -20086 294.161 -117.969 0.877571
123600 -16234.3 -20127.2 301.451 203.796 0.880296
123700 -16186.9 -20044.7 298.732 28.6109 0.880916
123800 -16095.5 -20004 302.662 -3.41793 0.881026
123900 -16110 -20041 304.403 326.204 0.880799
124000 -16218.3 -20080.4 299.065 216.026 0.877942
124100 -16258.9 -20050.2 293.578 -284.575 0.874017
124200 -16190 -20025.3 296.992 -320.507 0.873197
124300 -16148.6 -20045.3 301.745 308.396 0.874922
124400 -16185.9 -20036.6 298.182 -61.6637 0.874551
124500 -16204.1 -20030 296.26 -41.539 0.874235
124600 -16181 -20054.3 299.936 -9.39693 0.874477
124700 -16141.7 -20055.5 303.068 75.832 0.874713
124800 -16185 -20016.8 296.715 94.7508 0.874073
124900 -16239.4 -20114.4 300.062 -218.321 0.873113
125000 -16338.1 -20196.6 298.788 -160.992 0.874109
125100 -16385.5 -20184.2 294.157 -84.9319 0.876659
125200 -16326.3 -20118.3 293.642 255.111 0.879695
125300 -16239.8 -20056.8 295.572 218.75 0.880332
125400 -16187.6 -20040.5 298.355 64.978 0.878973
125500 -16154.5 -20009 298.478 57.8977 0.876865
125600 -16125.7 -20005.7 300.453 -198.345 0.874539
125700 -16110 -19983.8 299.968 85.7548 0.873561
125800 -16139.8 -19985.8 297.827 -218.87 0.872643
125900 -16189.5 -19992.7 294.506 29.7918 0.873012
126000 -16172.7 -20014.3 297.473 -129.305 0.873883
126100 -16085.1 -19971.2 300.929 159.078 0.875268
126200 -16044.1 -19929.9 300.899 216.214 0.875086
126300 -16121.3 -19948.8 296.387 -76.0349 0.873515
126400 -16197.9 -20014.9 295.574 -241.256 0.872476
126500 -16187.1 -19996 294.948 46.0288 0.873144
126600 -16141.1 -20011.5 299.705 -67.4185 0.874047
126700 -16123.8 -19975.5 298.264 34.8271 0.875438
126800 -16115.1 -19953.2 297.212 24.0903 0.876777
126900 -16067.7 -19960.5 301.449 148.097 0.877762
127000 -16079.6 -19950.3 299.735 303.374 0.877277
127100 -16145 -19964.4 295.758 65.3661 0.873786
127200 -16175.9 -20007.8 296.724 -514.898 0.869794
127300 -16155.8 -19989.2 296.843 -140.77 0.869791
127400 -16071.4 -19985.6 303.098 -35.7222 0.871821
127500 -16072.1 -19966.7 301.581 31.1633 0.874299
127600 -16163.5 -20005.4 297.503 253.258 0.876367
127700 -16199.6 -20006.2 294.773 151.391 0.876257
127800 -16169.2 -20007.7 297.245 -149.954 0.874823
127900 -16147.2 -20022.6 300.095 24.1366 0.874448
128000 -16167.5 -20020.3 298.351 113.833 0.873908
128100 -16236.2 -20063.5 296.368 131.228 0.871918
128200 -16348 -20118.9 292.005 -244.061 0.868516
128300 -16300.2 -20084.5 293.04 -193.452 0.866738
128400 -16203.2 -20019.3 295.505 -227.182 0.867145
128500 -16134.5 -19986.6 298.292 -1.87247 0.869824
128600 -16090.4 -19959.7 299.619 4.56026 0.873278
128700 -16093.9 -19961.2 299.475 239.414 0.877067
128800 -16196.8 -20048.8 298.282 345.301 0.879156
128900 -16286.6 -20106 295.761 117.204 0.878123
129000 -16277.2 -20091.6 295.366 19.2834 0.875324
129100 -16202.1 -20038.7 297.093 53.5547 0.871939
129200 -16140.1 -19986.5 297.846 -141.997 0.868051
129300 -16118.7 -19967.6 298.038 -217.342 0.865078
129400 -16102 -19937.6 297.019 -113.756 0.864187
129500 -16080.9 -19949.3 299.554 22.4569 0.864677
129600 -16101.9 -19964.8 299.129 -99.3104 0.86523
129700 -16170.2 -19961.5 293.579 -158.324 0.866562
129800 -16143.1 -19957.9 295.401 -135.755 0.869535
129900 -16057.6 -19954 301.726 298.402 0.873498
130000 -16068.5 -19947.4 300.374 57.2337 0.875391
130100 -16121.2 -19976.3 298.528 160.956 0.876329
130200 -16150.2 -20020.4 299.698 112.909 0.875971
130300 -16176.3 -19994.1 295.634 -2.92237 0.874372
130400 -16147.1 -19999 298.278 37.6179 0.872731
130500 -16103.8 -19966.5 299.114 -131.91 0.870906
130600 -16076.6 -19987.6 302.855 -168.862 0.870165
130700 -16125.5 -19967.1 297.477 -6.29841 0.870922
130800 -16178.6 -19983.3 294.626 -255.262 0.872352
130900 -16150.4 -20017 299.409 59.3396 0.875695
131000 -16122.4 -19999.9 300.258 130.323 0.87899
131100 -16177.8 -20017.8 297.355 183.319 0.881214
131200 -16263.9 -20102.8 297.268 28.2129 0.881975
131300 -16288.9 -20095.1 294.74 394.633 0.881811
131400 -16215 -20055 297.356 40.1398 0.878164
131500 -16110.9 -19982.8 299.829 -299.468 0.873442
131600 -16096.8 -19959.7 299.126 -123.334 0.870754
131700 -16118.7 -19974.8 298.606 -150.285 0.869473
131800 -16185.5 -20000.8 295.442 -147.496 0.869482
131900 -16225.1 -20036.6 295.149 -167.723 0.871133
132000 -16228.6 -20068.6 297.354 37.4181 0.874946
132100 -16200.7 -20052.5 298.271 172.014 0.87923
132200 -16176.5 -20097.1 303.591 362.217 0.882095
132300 -16253.9 -20070.5 295.546 198.458 0.88178
132400 -16278.1 -20066.9 293.389 -129.025 0.879594
132500 -16210.4 -20070.5 298.91 112.948 0.877809
132600 -16166.9 -20035 299.531 22.4114 0.875097
132700 -16177.7 -20089.1 302.883 109.563 0.871434
132800 -16236.1 -20070.2 296.896 -209.359 0.866787
132900 -16253.1 -20069.4 295.522 -405.733 0.864055
133000 -16208.6 -20086 300.248 -173.813 0.865075
133100 -16160.4 -20071.4 302.853 -45.7359 0.868208
133200 -16209.1 -20052.2 297.591 50.7413 0.871727
133300 -16293.1 -20115.2 295.972 -20.5361 0.874838
133400 -16307.3 -20156.4 298.058 162.786 0.877662
133500 -16297.2 -20100.4 294.507 129.402 0.878953
133600 -16188.6 -20031.8 297.6 235.912 0.878888
133700 -16117.9 -19991.8 299.979 165.423 0.876598
133800 -16121.1 -19980.8 298.884 45.5401 0.872816
133900 -16186.9 -20044.7 298.737 -69.3303 0.869025
134000 -16262.4 -20053.7 293.586 -164.785 0.866398
134100 -16241.5 -20076.5 296.968 -34.4194 0.865364
134200 -16212.7 -20059.3 297.868 -36.4446 0.864916
134300 -16193.7 -20026.1 296.771 -248.994 0.864971
134400 -16190.2 -20069.7 300.414 -288.516 0.867357
134500 -16223.4 -20046.5 296.053 119.75 0.871719
134600 -16232.9 -20073.8 297.426 131.633 0.874703
134700 -16209.3 -20077.5 299.535 34.3995 0.876067
134800 -16177.2 -20031.1 298.435 118.058 0.876557
134900 -16144.4 -20015.6 299.772 75.5638 0.875842
135000 -16154.9 -20009.7 298.5 -158.07 0.874844
135100 -16215.7 -20036.8 295.889 66.8629 0.875264
135200 -16271.1 -20060.1 293.409 74.2802 0.875167
135300 -16206.1 -20023 295.571 -279.93 0.874741
135400 -16108.4 -20001.5 301.464 71.3684 0.876261
135500 -16137.2 -20001.2 299.214 121.621 0.877356
135600 -16196.5 -20037.9 297.464 59.5725 0.877323
135700 -16234.8 -20064 296.52 -0.274913 0.87673
135800 -16292.7 -20114.8 295.968 41.6155 0.875893
135900 -16365.4 -20130.8 291.579 -136.429 0.875022
136000 -16295.9 -20111.8 295.486 62.3163 0.875152
136100 -16217.4 -20072.3 298.508 10.889 0.874921
136200 -16192.8 -20024.6 296.72 287.026 0.874054
136300 -16159.4 -20011 298.256 -135.672 0.870984
136400 -16073.4 -19957.2 300.746 -178.665 0.868772
136500 -16009.2 -19923.7 303.123 -214.519 0.868689
136600 -16067.7 -19964.1 301.72 -186.33 0.870678
136700 -16132.5 -19969.5 297.121 103.581 0.874311
136800 -16144.8 -20028.1 300.714 128.507 0.877231
136900 -16195.3 -20033 297.173 125.917 0.878501
137000 -16240.7 -20054.7 295.335 -57.2763 0.878736
137100 -16221.8 -20070.1 297.997 60.5305 0.879231
137200 -16146.6 -20032.9 300.935 2.55999 0.879502
137300 -16086.5 -19970.7 300.771 -7.42953 0.879501
137400 -16107.8 -20012.2 302.341 6.05813 0.879701
137500 -16240.1 -20110.7 299.726 118.894 0.879634
137600 -16304.2 -20156 298.271 -235.502 0.878996
137700 -16339 -20149.5 295.071 -23.9089 0.880201
137800 -16303.5 -20141.3 297.188 154.983 0.881744
137900 -16208.5 -20074.6 299.379 -72.5559 0.881929
138000 -16163.5 -20050.2 300.968 52.4833 0.882705
138100 -16192.5 -20080.5 301.067 167.681 0.883088
138200 -16239.4 -20109 299.646 -150.272 0.882025
138300 -16270.1 -20095.7 296.239 183.246 0.881765
138400 -16252.9 -20085.6 296.789 -11.488 0.880289
138500 -16175.8 -20050.1 300.012 13.4148 0.877962
138600 -16076.9 -19997.8 303.619 -91.2839 0.875051
138700 -16084.4 -19951.8 299.475 -202.062 0.872538
138800 -16207.7 -19994.8 293.255 -226.959 0.871586
138900 -16256.6 -20037.6 292.788 -48.4611 0.872898
139000 -16194.5 -20050.1 298.556 -145.212 0.875805
139100 -16152.8 -20041.8 301.15 314.999 0.879898
139200 -16212.6 -20100 301.022 56.3617 0.882321
139300 -16288 -20106.2 295.665 84.9897 0.883764
139400 -16273.6 -20105.8 296.758 47.1937 0.884804
139500 -16234.3 -20121.9 301.044 264.258 0.885039
139600 -16241.8 -20092.2 298.159 31.1235 0.882833
139700 -16315.5 -20118.3 294.475 -206.169 0.880237
139800 -16347.2 -20159.5 295.211 -86.5373 0.879312
139900 -16294.5 -20139.4 297.733 -65.1539 0.879432
140000 -16189.3 -20064.6 300.084 46.9871 0.880278
140100 -16141.4 -19996.2 298.497 223.753 0.880426
140200 -16152.9 -20032.7 300.438 -10.7786 0.878671
140300 -16198.3 -20037.5 297.29 -318.186 0.877172
140400 -16205.3 -20036.4 296.669 53.2569 0.878079
140500 -16194.9 -20055.9 298.987 147.922 0.878706
140600 -16200.1 -20050.4 298.148 -117.82 0.877976
140700 -16196 -20038.8 297.576 -84.8519 0.878413
140800 -16193.1 -20059.8 299.419 121.157 0.879654
140900 -16217 -20034.2 295.592 -52.2175 0.88023
141000 -16218.2 -20109.1 301.295 130.657 0.88093
141100 -16295.3 -20114.7 295.762 -170.622 0.88111
141200 -16336.3 -20139.6 294.512 227.301 0.881836
141300 -16267.8 -20076.3 294.918 144.715 0.880882
141400 -16159.5 -20020.5 298.979 -71.9041 0.878697
141500 -16150.8 -20030 300.389 33.1948 0.87646
141600 -16196.1 -20042.4 297.847 -228.319 0.874107
141700 -16260.5 -20089 296.463 -136.986 0.873538
141800 -16327.9 -20136.7 294.932 -59.3531 0.874465
141900 -16376.9 -20154 292.486 -131.387 0.876199
142000 -16282.9 -20101.2 295.673 66.7932 0.87933
142100 -16176.3 -20041.1 299.281 266.138 0.882135
142200 -16170.6 -20061.5 301.301 304.473 0.882319
142300 -16252.9 -20110.7 298.738 121.572 0.879519
142400 -16312.4 -20116.4 294.57 -67.5898 0.875392
142500 -16278.5 -20077.5 294.181 -56.8748 0.871744
142600 -16212.9 -20047.6 296.947 -320.263 0.8691
142700 -16180.6 -20031.6 298.204 -307.303 0.869321
142800 -16171.1 -20041.1 299.678 -17.0452 0.872535
142900 -16222 -20077 298.521 36.8217 0.876106
143000 -16329.4 -20133.4 294.567 48.8188 0.879081
143100 -16334.3 -20171.5 297.139 330.406 0.881006
143200 -16303 -20124.2 295.9 154.81 0.879898
143300 -16202.6 -20042.6 297.35 210.567 0.87728
143400 -16146.2 -20025 300.358 -113.45 0.873461
143500 -16163.3 -19993.5 296.599 -255.267 0.871271
143600 -16147.9 -19992.7 297.73 -68.8728 0.871739
143700 -16096 -19968.4 299.863 88.2485 0.872338
143800 -16047 -19956.7 302.748 -56.3647 0.872305
143900 -16096.2 -19967.7 299.789 119.013 0.872608
144000 -16190.9 -20013.9 296.041 29.3459 0.87205
144100 -16220.5 -20078.1 298.721 -110.81 0.871483
144200 -16244.7 -20050.8 294.729 -118.669 0.871826
144300 -16184.8 -20041.1 298.615 114.246 0.872901
144400 -16088.7 -19986.3 301.817 95.3523 0.873225
144500 -16109.1 -20012 302.226 137.357 0.872584
144600 -16200.7 -20034.7 296.888 -58.5833 0.870665
144700 -16211.9 -20037.8 296.263 -54.1428 0.869161
144800 -16190.3 -20048.9 298.795 34.9527 0.868339
144900 -16202.6 -20078.2 300.115 -92.3098 0.867401
145000 -16311.9 -20100 293.332 -304.609 0.867624
145100 -16330.4 -20121.2 293.542 -121.761 0.870333
145200 -16263.4 -20085 295.93 58.6566 0.874321
145300 -16201.7 -20020.2 295.688 33.0393 0.878026
145400 -16151.1 -20003.4 298.311 155.628 0.880861
145500 -16136.9 -20030.6 301.517 422.219 0.881593
145600 -16205 -20029.8 296.181 261.052 0.878549
145700 -16249.1 -20039.1 293.485 -256.722 0.873745
145800 -16141.4 -20004.8 299.168 -73.8834 0.871311
145900 -16066.2 -19977 302.834 22.4559 0.870036
146000 -16118.7 -19956.4 297.177 -129.913 0.868937
146100 -16175.2 -20015.1 297.349 119.42 0.868818
146200 -16222 -20042.8 295.873 -84.7844 0.867988
146300 -16265.1 -20070.8 294.697 -155.12 0.868057
146400 -16276.4 -20069.3 293.704 -208.794 0.869683
146500 -16187.4 -20033 297.787 -91.3794 0.872824
146600 -16114.1 -19988.4 300.013 94.0128 0.876616
146700 -16126.3 -20009.4 300.688 185.566 0.879184
146800 -16197.8 -20049.7 298.275 80.9608 0.879939
146900 -16245.1 -20091.1 297.822 44.8012 0.879714
147000 -16249.9 -20090.6 297.415 173.173 0.879051
147100 -16225.9 -20053.4 296.386 -0.75355 0.876976
147200 -16168.8 -20065 301.713 -0.898551 0.874685
147300 -16154.8 -20023.9 299.609 -129.121 0.872792
147400 -16228.5 -20052.9 296.146 -160.576 0.872309
147500 -16277.8 -20074.4 293.998 41.7417 0.873316
147600 -16231.3 -20089.8 298.785 16.3616 0.874051
147700 -16148.4 -19975.4 296.353 9.02322 0.874554
147800 -16051.1 -19935.1 300.768 141.143 0.874757
147900 -16069.8 -19925.4 298.558 43.7505 0.873822
148000 -16101.5 -19951.6 298.141 23.0792 0.872314
148100 -16155.3 -19984.1 296.486 5.33065 0.870545
148200 -16224.5 -19991.8 291.722 -114.362 0.868944
148300 -16175.3 -20015.1 297.34 26.6319 0.868315
148400 -16071.6 -19938.2 299.408 -148.556 0.867846
148500 -16060.5 -19945 300.804 9.97623 0.868443
148600 -16110.4 -19966 298.559 63.0911 0.868964
148700 -16197.5 -20017.8 295.831 -47.2329 0.869079
148800 -16272.3 -20084.8 295.226 -109.192 0.86984
148900 -16303.9 -20079.2 292.34 -73.3352 0.871612
149000 -16248.7 -20089.8 297.44 35.6649 0.874236
149100 -16159.8 -20048.8 301.155 302.97 0.876368
149200 -16157.1 -20032.2 300.08 164.063 0.875807
149300 -16226 -20042.5 295.534 -32.7175 0.873616
149400 -16240.4 -20022.2 292.845 -305.942 0.871842
149500 -16135.6 -19994.5 298.818 -183.197 0.872687
149600 -16103.5 -19989.8 300.939 130.667 0.875428
149700 -16133.8 -19943.6 295.015 93.9384 0.877691
149800 -16124 -20010.5 300.949 307.43 0.879051
149900 -16179.2 -20020.7 297.468 319.923 0.877625
150000 -16259.7 -20033.9 292.261 -67.9161 0.872489
150100 -16201.5 -20012 295.076 -413.562 0.86712
150200 -16126.7 -19947 295.83 -84.7329 0.864896
150300 -16082.1 -19943.6 299.022 -143.155 0.864007
150400 -16082.1 -19959.9 300.281 102.221 0.864185
150500 -16157.8 -19992.8 296.961 53.8352 0.863745
150600 -16246.8 -20065.3 295.692 -208.412 0.86283
150700 -16262.6 -20086.2 296.086 -13.2019 0.863548
150800 -16249.5 -20085.7 297.057 40.1343 0.864783
150900 -16223.9 -20043.6 295.782 -90.0733 0.865522
151000 -16151.6 -20004 298.312 37.5185 0.867233
151100 -16103.6 -19994.1 301.267 235.578 0.868834
151200 -16131.9 -19998.3 299.404 -176.462 0.868738
151300 -16155.9 -19983.2 296.368 34.5479 0.869643
151400 -16141.8 -19983.5 297.484 -205.555 0.871024
151500 -16080.8 -19981.2 302.035 -62.9698 0.874309
151600 -16002.2 -19936.3 304.639 277.752 0.878452
151700 -16050.6 -19967.3 303.296 381.528 0.879924
151800 -16149 -19982.8 296.871 114.655 0.877901
151900 -16164.2 -20019.2 298.512 4.36534 0.874471
152000 -16197.3 -20037.2 297.349 -91.2325 0.870883
152100 -16237.4 -20032.5 293.881 -404.36 0.868849
152200 -16176.9 -20015.2 297.222 -172.897 0.870285
152300 -16074.1 -19935.8 299.038 189.685 0.873168
152400 -16049.4 -19914.3 299.283 53.4522 0.874747
152500 -16075 -19942.4 299.474 157.941 0.875427
152600 -16181.3 -19992.3 295.111 -139.432 0.875188
152700 -16224.1 -20059.5 297 89.9398 0.875632
152800 -16221 -20053.3 296.759 -21.466 0.875602
152900 -16198.9 -20074 300.071 -102.794 0.87565
153000 -16246.5 -20110.1 299.182 -18.8791 0.876518
153100 -16353.8 -20123.8 291.932 -148.614 0.87801
153200 -16297.7 -20101.1 294.523 -65.589 0.88085
153300 -16219.4 -20092.4 299.915 170.429 0.884265
153400 -16191.5 -20029.4 297.188 -3.68207 0.886482
153500 -16150.8 -20016.1 299.318 377.117 0.888113
153600 -16094.2 -19998.1 302.305 71.3532 0.886801
153700 -16087.3 -20038.9 305.994 -7.26032 0.884262
153800 -16205.1 -20029.4 296.141 -82.0286 0.881867
153900 -16221.7 -20060.1 297.229 96.2303 0.879781
154000 -16209 -20049.1 297.363 -186.251 0.876974
154100 -16166.8 -20025.5 298.804 -331.333 0.876033
154200 -16086 -19967.3 300.553 55.3133 0.878064
154300 -16053.3 -19971.1 303.384 224.073 0.879754
154400 -16165.2 -20001.5 297.07 -58.7183 0.879804
154500 -16222.9 -20060.6 297.179 -159.353 0.880281
154600 -16216.3 -20063.1 297.884 -40.4861 0.882391
154700 -16197.6 -20051.3 298.417 414.634 0.884711
154800 -16176.6 -20053.6 300.217 152.402 0.883693
154900 -16156.8 -20003.8 297.901 -47.2312 0.880653
155000 -16130.7 -20009.4 300.347 148.082 0.877285
155100 -16150.1 -20019.3 299.619 -96.32 0.872577
155200 -16210.2 -19993.5 292.968 -270.731 0.868569
155300 -16164.4 -20005.8 297.465 -42.0359 0.866924
155400 -16062.3 -19975.6 303.025 -118.75 0.865854
155500 -16059.5 -19953.8 301.562 -81.6932 0.865878
155600 -16093.4 -19907.6 295.355 39.5666 0.866688
155700 -16072.5 -19946.6 299.999 117.583 0.867141
155800 -16102.5 -19976.8 300.011 67.156 0.866773
155900 -16195.2 -20036.6 297.458 -139.817 0.865659
156000 -16231.5 -20035.7 294.581 -377.5 0.866051
156100 -16205.4 -20052.2 297.877 192.55 0.869354
156200 -16182.1 -20042.7 298.947 159.671 0.871885
156300 -16178.5 -20035 298.628 6.50175 0.872905
156400 -16218.5 -20093.6 300.069 39.3252 0.873683
156500 -16322.6 -20147.7 296.205 21.3551 0.874364
156600 -16353.6 -20166.9 295.289 268.692 0.874316
156700 -16308.2 -20137.2 296.506 -101.46 0.872341
156800 -16212.8 -20107.2 301.567 -146.753 0.870714
156900 -16183.4 -19991.5 294.889 -193.132 0.870566
157000 -16157.3 -20051.9 301.58 163.993 0.872065
157100 -16194.3 -20057.9 299.184 164.373 0.87234
157200 -16231.6 -20066.3 296.943 -166.447 0.871293
157300 -16236.1 -20072.3 297.058 48.249 0.871463
157400 -16210.6 -20010.1 294.213 138.42 0.871082
157500 -16170.1 -20020.9 298.187 -208.237 0.869507
157600 -16159.1 -19990.7 296.711 -89.0452 0.869306
157700 -16116.1 -19984.6 299.561 76.0375 0.870132
157800 -16086.2 -19958.3 299.843 56.7646 0.870482
157900 -16121.7 -19952.9 296.672 -54.1144 0.870389
158000 -16202.1 -20074 299.821 18.7535 0.870562
158100 -16284.8 -20068.5 292.993 -24.0631 0.870793
158200 -16235.5 -20077.2 297.484 91.8606 0.87109
158300 -16181.9 -20004.4 295.998 59.9103 0.870605
158400 -16115 -19972.3 298.697 19.9943 0.869579
158500 -16101.1 -19997.9 301.755 -106.086 0.868556
158600 -16145.7 -20020.6 300.057 -67.242 0.86811
158700 -16197.2 -20028.3 296.665 -192.505 0.868728
158800 -16217.6 -20073.4 298.575 -42.7369 0.871162
158900 -16274 -20120 297.822 33.2441 0.874115
159000 -16354.6 -20104.1 290.346 60.8004 0.876938
159100 -16281.8 -20109.6 296.409 62.4107 0.879238
159200 -16233 -20106.4 299.937 341.988 0.880477
159300 -16226 -20037.3 295.137 -3.39865 0.879022
159400 -16171.9 -20074.6 302.208 -35.1841 0.877218
159500 -16166.2 -19992.2 296.274 -24.0841 0.875998
159600 -16130.9 -19991.1 298.915 -73.3292 0.874762
159700 -16080.5 -19943.7 299.156 -157.268 0.874287
159800 -16065.7 -19956.8 301.307 157.31 0.875177
159900 -16143.7 -19991.7 297.971 32.11 0.874867
160000 -16209.7 -20014.8 294.654 -186.73 0.874145
160100 -16192.4 -20004.6 295.202 60.9659 0.874852
160200 -16144.4 -20045 302.046 145.838 0.875354
160300 -16157.8 -20025.6 299.509 27.2717 0.87447
160400 -16182 -20045.5 299.173 -82.0098 0.873131
160500 -16222.8 -20066.3 297.619 -224.018 0.872744
160600 -16267.4 -20074.4 294.802 -226.232 0.874555
160700 -16268.9 -20093.5 296.16 67.1085 0.87879
160800 -16191 -20078.1 301.003 158.383 0.883201
160900 -16134.3 -20008.6 300.014 480.138 0.885546
161000 -16140.9 -20020 300.383 222.801 0.883605
161100 -16234.5 -20013.9 292.661 -127.234 0.879481
161200 -16249.9 -20050.7 294.323 -149.057 0.876325
161300 -16173.2 -20032.4 298.844 -127.805 0.874953
161400 -16146.2 -20058.9 302.98 39.9015 0.874591
161500 -16186.6 -20038.9 298.307 12.8995 0.87387
161600 -16210.7 -20034.2 296.08 -162.002 0.873384
161700 -16187.1 -20064.5 300.254 137.832 0.87382
161800 -16162 -20001.2 297.293 81.6845 0.873252
161900 -16108.8 -20001.1 301.404 51.7625 0.871662
162000 -16102.3 -19977.2 300.056 162.029 0.869307
162100 -16170.8 -19994.4 296.081 -268.119 0.86588
162200 -16228 -20017 293.402 -424.589 0.864705
162300 -16171.2 -20017.3 297.828 -231.745 0.867742
162400 -16076 -19988.1 302.938 160.65 0.873122
162500 -16112.7 -20023.1 302.809 65.6391 0.877505
162600 -16190 -20029.3 297.303 156.823 0.880492
162700 -16213.7 -20058.8 297.75 40.532 0.882102
162800 -16236.6 -20080.3 297.641 99.0872 0.883182
162900 -16305.6 -20121.9 295.517 206.622 0.883097
163000 -16386.2 -20138.6 290.57 -207.566 0.881529
163100 -16327.2 -20130.1 294.487 81.7957 0.881159
163200 -16246.1 -20091.8 297.796 -165.491 0.880848
163300 -16219 -20053.5 296.933 99.2229 0.881574
163400 -16162.3 -20012.1 298.115 157.685 0.881852
163500 -16101 -20038 304.866 241.386 0.880332
163600 -16180.8 -20036.6 298.578 -66.3287 0.876878
163700 -16214.4 -20044.5 296.589 -208.363 0.874315
163800 -16194.6 -20050.8 298.603 71.1759 0.873544
163900 -16186.8 -20044 298.688 -4.76446 0.872586
164000 -16200.3 -20040.3 297.355 -7.07795 0.871649
164100 -16213.3 -20041.3 296.422 -211.463 0.871119
164200 -16193.8 -20017.5 296.096 -143.702 0.872572
164300 -16108.7 -19986.8 300.303 176.101 0.87493
164400 -16083.1 -19977 301.526 65.1728 0.875734
164500 -16147.4 -19997.1 298.11 114.951 0.875593
164600 -16252.9 -20068.9 295.491 -150.062 0.874852
164700 -16275.9 -20047.4 292.051 -6.79432 0.875074
164800 -16209.6 -20025.8 295.518 18.576 0.875525
164900 -16137.6 -20012.3 300.039 53.726 0.875787
165000 -16127.2 -20005.4 300.317 51.7649 0.875596
165100 -16196.3 -20034 297.182 60.0916 0.874764
165200 -16291.8 -20098.4 294.768 -190.376 0.873628
165300 -16280.6 -20054.6 292.244 -43.9488 0.87406
165400 -16220.1 -20053.3 296.83 38.7784 0.875028
165500 -16166.5 -20011.2 297.72 43.7311 0.875703
165600 -16126 -20002.7 300.195 199.386 0.875861
165700 -16141.1 -19975.8 296.947 24.8816 0.874184
165800 -16203.2 -19996.3 293.725 -244.222 0.87254
165900 -16218 -20020.3 294.433 137.207 0.872498
166000 -16137.1 -19999.3 299.08 -124.402 0.871842
166100 -16069.6 -19944.1 300.023 220.237 0.871709
166200 -16066.8 -19918.9 298.292 -110.485 0.870084
166300 -16096.6 -19967.9 299.783 -236.086 0.869415
166400 -16231.7 -20009.3 292.517 -55.8182 0.870993
166500 -16239.2 -20050.3 295.117 -96.8066 0.873437
166600 -16164.1 -20008.8 297.717 140.352 0.876675
166700 -16108.2 -19975.3 299.451 401.978 0.878227
166800 -16101.3 -20017.4 303.248 197.63 0.876177
166900 -16228.5 -20076.5 297.976 -66.8096 0.872425
167000 -16272.1 -20116.7 297.71 -311.05 0.869592
167100 -16273.4 -20102.8 296.531 -159.941 0.869576
167200 -16244.6 -20119.7 300.076 -95.3993 0.871248
167300 -16224.5 -20070.8 297.849 49.2671 0.873515
167400 -16230.6 -20138.3 302.596 -72.3868 0.875374
167500 -16313.4 -20108.7 293.897 -110.722 0.877557
167600 -16332.5 -20167.6 296.975 -29.2708 0.880601
167700 -16317.7 -20182.9 299.307 73.3473 0.883518
167800 -16308.1 -20176.1 299.519 341.16 0.885096
167900 -16325.4 -20160.4 296.971 22.2417 0.884035
168000 -16328.5 -20169.5 297.435 -85.1214 0.882327
168100 -16311.3 -20173.3 299.06 108.897 0.88133
168200 -16320.8 -20156.1 296.994 90.1017 0.879883
168300 -16317.3 -20156.5 297.297 -262.334 0.878312
168400 -16267 -20118.1 298.212 69.3759 0.878609
168500 -16203.9 -20078.6 300.04 185.325 0.878496
168600 -16187.7 -20047.4 298.877 59.6023 0.8768
168700 -16209.6 -20071.9 299.081 -313.794 0.874962
168800 -16277.6 -20096.9 295.753 -296.723 0.875905
168900 -16325.8 -20171 297.761 119.096 0.879138
169000 -16371.5 -20156.1 293.063 -17.4131 0.881661
169100 -16311.8 -20149.7 297.193 139.277 0.883703
169200 -16213.1 -20078.1 299.292 343.047 0.884086
169300 -16209.8 -20092.3 300.644 98.0838 0.881587
169400 -16259 -20087.3 296.454 -259.799 0.878831
169500 -16303.1 -20124.5 295.915 -7.00376 0.878092
169600 -16373.5 -20128.1 290.747 -76.2617 0.877754
169700 -16328.3 -20132.4 294.573 148.003 0.877858
169800 -16228.5 -20075.9 297.929 -162.174 0.877112
169900 -16184.8 -20034.6 298.114 39.8576 0.877466
170000 -16174.8 -20067.5 301.432 117.474 0.877635
170100 -16265.4 -20100.1 296.942 -106.231 0.877017
170200 -16342.9 -20154.1 295.127 -57.876 0.877182
170300 -16309.8 -20088.8 292.634 22.4815 0.877795
170400 -16231.3 -20075.2 297.657 76.6322 0.878364
170500 -16197.6 -20077 300.405 -33.2654 0.878193
170600 -16235.6 -20109.5 299.983 -32.9535 0.878044
170700 -16324.5 -20136.4 295.179 30.4119 0.878304
170800 -16330.6 -20150.5 295.797 113.315 0.878427
170900 -16301.4 -20124.2 296.019 82.7419 0.877389
171000 -16249.5 -20087.1 297.173 39.8543 0.875323
171100 -16204.3 -20068 299.194 71.8971 0.872808
171200 -16187.9 -20034.5 297.866 -140.17 0.869852
171300 -16178.6 -20060.4 300.599 -249.182 0.868008
171400 -16267.4 -20037.4 291.935 -147.613 0.868372
171500 -16285.7 -20091 294.673 -101.886 0.870508
171600 -16207.9 -20063 298.524 109.3 0.873745
171700 -16147.7 -20019.4 299.815 264.759 0.876116
171800 -16158.8 -20044.8 300.91 242.503 0.876205
171900 -16260.5 -20071.4 295.096 -19.8668 0.873993
172000 -16300.7 -20110.1 294.982 -178.694 0.871431
172100 -16269.3 -20089.3 295.803 -213.941 0.870332
172200 -16237.5 -20078 297.397 213.875 0.87066
172300 -16201.6 -20072.4 299.737 -216.061 0.869892
172400 -16152 -20015.2 299.15 -4.70341 0.870433
172500 -16058.1 -19972.2 303.094 30.5666 0.871468
172600 -16059.3 -19980.2 303.621 -47.6046 0.872477
172700 -16174.1 -20028.1 298.437 -27.2805 0.874137
172800 -16215.7 -20059.2 297.625 -9.90021 0.876726
172900 -16225.8 -20047.2 295.916 254.739 0.879318
173000 -16177.4 -20046.5 299.606 -207.857 0.880517
173100 -16111.4 -20010 301.897 -7.11435 0.883205
173200 -16146 -20045.8 301.987 265.84 0.886232
173300 -16268.8 -20087.4 295.699 269.836 0.887002
173400 -16284 -20118.6 296.932 59.5035 0.885361
173500 -16267.9 -20148.2 300.475 -30.6607 0.882915
173600 -16290.4 -20135.6 297.755 210.19 0.879907
173700 -16362.6 -20152.2 293.448 -293.475 0.875527
173800 -16348.1 -20123.6 292.361 -217.718 0.873641
173900 -16232.2 -20084.3 298.285 65.2255 0.873927
174000 -16185.5 -20017.5 296.728 17.3823 0.873634
174100 -16132.1 -20014.8 300.665 -50.5821 0.873218
174200 -16130.7 -19991 298.929 32.3845 0.872991
174300 -16206.7 -20027 295.825 -277.05 0.872843
174400 -16307.7 -20137.5 296.567 -21.9268 0.875112
174500 -16330.1 -20118.5 293.356 246.432 0.877842
174600 -16286.6 -20133.6 297.903 11.6502 0.878715
174700 -16261.6 -20114.5 298.352 138.934 0.878859
174800 -16262.6 -20085.7 296.048 -228.856 0.878341
174900 -16226.9 -20090.4 299.17 -37.1034 0.87964
175000 -16172 -20057.3 300.862 88.1811 0.881497
175100 -16112.7 -20020.5 302.605 339.13 0.882359
175200 -16110.4 -19991.3 300.518 248.074 0.88025
175300 -16184.4 -20036.4 298.28 -88.753 0.875446
175400 -16254.2 -20068.1 295.331 -184.486 0.870889
175500 -16241.8 -20041.7 294.251 -86.7647 0.867846
175600 -16152.2 -20014.5 299.082 -293.681 0.866132
175700 -16143.2 -20000.6 298.701 -211.48 0.867184
175800 -16145.7 -19993.4 297.946 -110.889 0.870546
175900 -16136.6 -19997.4 298.965 194.816 0.874618
176000 -16169.9 -20044.3 300.015 72.6675 0.876954
176100 -16270.1 -20088.1 295.649 9.66659 0.878063
176200 -16288.8 -20083.2 293.822 52.0876 0.879027
176300 -16218.7 -20072.3 298.408 77.191 0.879586
176400 -16171 -20060.9 301.216 121.822 0.879106
176500 -16196.4 -20073.4 300.22 1.99759 0.877895
176600 -16235.4 -20083.3 297.961 -48.3512 0.876673
176700 -16244.8 -20048.9 294.578 -139.765 0.876066
176800 -16167.8 -20040.9 299.917 -106.245 0.876975
176900 -16091.6 -20003.1 302.893 278.322 0.878181
177000 -16127 -20006.7 300.429 145.836 0.877154
177100 -16164 -20032 299.522 178.079 0.874657
177200 -16188 -20029.6 297.48 -41.9752 0.871043
177300 -16213.6 -20024.1 295.07 -295.743 0.868596
177400 -16185.3 -20046.7 299.012 -133.753 0.869071
177500 -16119.1 -20023.6 302.35 125.529 0.870555
177600 -16140.3 -20009.3 299.6 -16.7207 0.871093
177700 -16245.7 -20061.8 295.505 -105.614 0.871588
177800 -16288.7 -20115.5 296.331 -196.295 0.873157
177900 -16266.1 -20123.8 298.73 -149.356 0.876302
178000 -16263.4 -20123.8 298.931 164.925 0.880099
178100 -16371.8 -20174.7 294.476 220.045 0.882296
178200 -16422.2 -20212.5 293.511 -1.39944 0.882096
178300 -16353.3 -20155.5 294.424 -84.1893 0.881875
178400 -16263.1 -20078.3 295.433 138.083 0.882382
178500 -16211.8 -20070 298.764 175.809 0.881623
178600 -16204.3 -20100.3 301.698 47.8733 0.879172
178700 -16275.5 -20094.9 295.763 -301.068 0.876616
178800 -16332.5 -20151.2 295.701 -17.2525 0.876523
178900 -16404 -20211.1 294.812 22.7556 0.877095
179000 -16482 -20250 291.782 65.5926 0.877398
179100 -16423.9 -20264 297.359 -92.8769 0.877146
179200 -16360.5 -20215.7 298.533 129.149 0.877439
179300 -16337.6 -20165.2 296.395 -48.4836 0.877117
179400 -16307.2 -20157.1 298.123 32.3883 0.876706
179500 -16295.3 -20150.1 298.504 -149.526 0.876499
179600 -16298.5 -20141.4 297.576 171.199 0.877174
179700 -16279.8 -20077.5 294.081 -211.416 0.877142
179800 -16201.9 -20066.8 299.281 -26.4952 0.878504
179900 -16187.1 -20051 299.2 21.691 0.880092
180000 -16214.7 -20101.8 300.998 35.144 0.881702
180100 -16284.4 -20126 297.48 1.7393 0.883261
180200 -16320.2 -20148.1 296.416 73.0435 0.884623
180300 -16302.8 -20131 296.443 297.411 0.885083
180400 -16274.9 -20117.4 297.55 43.6294 0.883108
180500 -16249.3 -20112.3 299.135 37.7605 0.880151
180600 -16236.6 -20099.7 299.139 -347.564 0.877006
180700 -16244.7 -20115.4 299.731 -64.7973 0.876482
180800 -16309 -20131 295.958 -66.4141 0.877348
180900 -16326.7 -20144.5 295.64 71.9682 0.878821
181000 -16267.8 -20119 298.227 58.7068 0.879697
181100 -16181.5 -20072.9 301.334 -101.946 0.880069
181200 -16176.8 -20112.1 304.739 121.957 0.881083
181300 -16302.4 -20181.2 300.359 22.7451 0.881569
181400 -16358.7 -20196.7 297.196 195.585 0.881589
181500 -16383.4 -20209.1 296.246 -33.0188 0.880075
181600 -16350.7 -20176.2 296.233 -59.7691 0.877951
181700 -16262.5 -20101.1 297.244 -70.9574 0.875865
181800 -16196 -20045.2 298.066 -94.7702 0.874109
181900 -16166.9 -20054.1 301.011 -134.391 0.87303
182000 -16209.7 -20074.1 299.251 -7.6425 0.87301
182100 -16270.6 -20107.1 297.087 -275.013 0.873596
182200 -16275.1 -20109.4 296.911 -60.2662 0.87652
182300 -16274.1 -20133.8 298.885 251.522 0.880457
182400 -16285.2 -20093 294.865 229.015 0.882491
182500 -16213.5 -20078.9 299.321 -102.221 0.882437
182600 -16157.4 -20076.1 303.449 81.9744 0.882889
182700 -16223.7 -20089.5 299.354 302.68 0.882554
182800 -16269.5 -20140.2 299.73 -61.1562 0.879493
182900 -16305.9 -20146.1 297.373 -82.8544 0.876506
183000 -16307.4 -20115.6 294.893 -547.517 0.875049
183100 -16210 -20076.2 299.378 -59.7468 0.878127
183200 -16161.9 -20064.3 302.185 499.38 0.881744
183300 -16201.8 -20077.6 300.13 161.134 0.88112
183400 -16248 -20046.3 294.121 -133.619 0.878771
183500 -16219 -20068.4 298.083 -125.455 0.877734
183600 -16135 -20011.8 300.208 73.9343 0.877673
183700 -16006.8 -19938.2 304.437 57.7735 0.877218
183800 -16021.8 -19927.9 302.473 -73.5246 0.876403
183900 -16094.3 -20000.3 302.466 -15.3385 0.875939
184000 -16185 -20045.1 298.909 98.9832 0.875815
184100 -16233.9 -20087.5 298.402 23.3982 0.874928
184200 -16263.4 -20087.9 296.157 29.6094 0.873371
184300 -16284 -20107.1 296.049 3.06408 0.871702
184400 -16259 -20073.8 295.404 51.8314 0.86982
184500 -16157.5 -20015.6 298.759 -461.509 0.868067
184600 -16105.6 -19959.8 298.456 92.4091 0.869767
184700 -16087.3 -19987.7 302.028 -63.9132 0.87161
184800 -16183.5 -20063.9 300.481 -13.1038 0.873656
184900 -16272.1 -20087.2 295.426 -57.6245 0.876039
185000 -16246.6 -20061.1 295.384 -136.156 0.879133
185100 -16173.4 -20062.5 301.157 211.246 0.883145
185200 -16177.8 -20085.7 302.616 457.488 0.88506
185300 -16279.7 -20133.7 298.439 45.3779 0.883088
185400 -16313.2 -20129.1 295.493 66.1016 0.880261
185500 -16271.6 -20087.4 295.481 -168.649 0.877212
185600 -16175.7 -19973.2 294.064 -404.801 0.876102
185700 -16111.3 -19992.7 300.559 247.967 0.878202
185800 -16124.9 -19986.9 299.061 129.328 0.878448
185900 -16189.9 -20052.9 299.134 -98.3075 0.877424
186000 -16276.9 -20090.5 295.312 -222.147 0.877601
186100 -16283.3 -20115.6 296.764 -9.62305 0.879432
186200 -16255.5 -20075.6 295.807 -5.39002 0.881319
186300 -16231.7 -20124.4 301.435 180.879 0.883168
186400 -16277.1 -20140.8 299.185 221.224 0.883106
186500 -16315.8 -20142.4 296.321 -80.0415 0.881178
186600 -16310.9 -20163.7 298.347 -46.6722 0.880026
186700 -16307.7 -20151.1 297.617 27.5621 0.879424
186800 -16301.4 -20155.3 298.431 -2.21572 0.878616
186900 -16285.7 -20154.2 299.562 -36.2552 0.877996
187000 -16288.4 -20159.4 299.751 145.307 0.877592
187100 -16349.2 -20178.4 296.516 -36.6931 0.876144
187200 -16394.9 -20178.1 292.952 -89.975 0.875068
187300 -16312.8 -20138.5 296.249 -57.1685 0.874884
187400 -16236.5 -20109.6 299.915 -7.92477 0.875156
187500 -16254.7 -20136.7 300.606 50.9573 0.875634
187600 -16304.9 -20094.8 293.472 75.9735 0.875405
187700 -16260.6 -20095.9 296.99 -257.56 0.874986
187800 -16147.6 -20044.1 301.726 72.9486 0.87648
187900 -16148.7 -20032.3 300.731 -16.0425 0.877701
188000 -16211 -20104 301.459 -173.524 0.879341
188100 -16291.3 -20144.9 298.41 41.6331 0.882169
188200 -16313.1 -20146.7 296.859 112.774 0.884493
188300 -16305 -20176.2 299.768 267.604 0.885512
188400 -16358.9 -20205.3 297.846 178.492 0.884164
188500 -16454.6 -20249.9 293.892 32.6742 0.881039
188600 -16430.5 -20209.2 292.605 -242.026 0.877971
188700 -16351.7 -20173.9 295.971 -163.837 0.877213
188800 -16307.7 -20168.4 298.958 37.7569 0.877959
188900 -16299.4 -20165.2 299.359 40.0444 0.878397
189000 -16315.8 -20131.9 295.504 -51.1297 0.878571
189100 -16301.4 -20191.1 301.21 131.962 0.879025
189200 -16358.4 -20215.7 298.695 -22.595 0.878631
189300 -16426.9 -20221.1 293.814 -69.1301 0.878215
189400 -16384.2 -20197.5 295.29 -85.2708 0.8785
189500 -16301.2 -20150.1 298.045 -49.8347 0.879516
189600 -16282.3 -20162.6 300.476 113.396 0.880547
189700 -16324 -20166.7 297.564 -38.05 0.880735
189800 -16367.8 -20199 296.674 -13.8178 0.881088
189900 -16397.5 -20190.9 293.751 -43.3625 0.881572
190000 -16365.6 -20175.1 294.995 34.59 0.882289
190100 -16272 -20174.2 302.171 -70.5215 0.882781
190200 -16273.9 -20123.1 298.073 0.139606 0.883738
190300 -16330.6 -20203.5 299.905 292.981 0.884172
190400 -16419.7 -20213.4 293.77 -62.4954 0.88244
190500 -16398.1 -20185.5 293.275 -141.485 0.881066
190600 -16347 -20208.7 299.034 25.9359 0.881106
190700 -16335.8 -20166.8 296.658 91.6252 0.880946
190800 -16308.4 -20170 299.023 52.1409 0.879984
190900 -16260.6 -20125.4 299.275 -225.337 0.878987
191000 -16177.5 -20106.9 304.273 101.581 0.879496
191100 -16220.2 -20079.2 298.822 294.727 0.878906
191200 -16287.1 -20104.3 295.589 -165.916 0.87626
191300 -16286.9 -20131.9 297.744 -198.38 0.874923
191400 -16285.1 -20141.2 298.606 43.0399 0.875415
191500 -16290.4 -20144.1 298.414 5.04186 0.875801
191600 -16285.1 -20117.4 296.761 -196.308 0.876069
191700 -16270.4 -20163.3 301.45 -130.161 0.878223
191800 -16354 -20180.9 296.34 150.232 0.881424
191900 -16429.2 -20219.7 293.517 156.023 0.88332
192000 -16393.1 -20233 297.351 101.804 0.883763
192100 -16356.9 -20179.1 295.973 -9.32998 0.883376
192200 -16318.1 -20163.7 297.788 265.55 0.882567
192300 -16299.1 -20163.6 299.252 -20.9985 0.879792
192400 -16303.5 -20147.6 297.669 -148.481 0.876897
192500 -16297 -20119.6 296.007 -129.566 0.875459
192600 -16244.9 -20143.9 301.924 -39.5407 0.875287
192700 -16208.9 -20057.1 297.988 37.4226 0.87518
192800 -16150.3 -20048.7 301.876 17.1902 0.875089
192900 -16167.8 -20100.6 304.54 334.872 0.874341
193000 -16261 -20048.6 293.293 -137.884 0.870892
193100 -16233.6 -20047.6 295.343 -128.823 0.868422
193200 -16152.4 -20011.7 298.85 -115.328 0.867338
193300 -16119.6 -19981.3 299.036 10.1423 0.867145
193400 -16125.9 -19992.4 299.405 115.343 0.86693
193500 -16175.7 -20047.2 299.79 -101.182 0.865737
193600 -16267.9 -20097 296.517 -245.703 0.865649
193700 -16281.5 -20108.4 296.344 65.7137 0.867617
193800 -16243.3 -20074.9 296.708 34.8026 0.869542
193900 -16185.9 -20070.4 300.8 164.38 0.87123
194000 -16192.7 -20056.3 299.187 50.3784 0.871735
194100 -16268.9 -20121.8 298.356 45.8498 0.871571
194200 -16344.7 -20117.6 292.162 -170.291 0.871044
194300 -16317.2 -20160.9 297.637 -141.664 0.871976
194400 -16288.1 -20139.1 298.202 391.437 0.874201
194500 -16288.2 -20153.4 299.304 59.3795 0.873623
194600 -16297 -20114.2 295.591 -206.443 0.871797
194700 -16256.6 -20096.8 297.373 118.569 0.871486
194800 -16179.1 -20067.5 301.099 39.0466 0.870624
194900 -16048.1 -19975.5 304.119 -23.4702 0.868999
195000 -16021.9 -19987.5 307.078 41.4436 0.867155
195100 -16112.6 -19990.2 300.267 -299.194 0.865252
195200 -16172.3 -20020.1 297.953 -218.794 0.865643
195300 -16201.5 -20041.6 297.358 -157.168 0.868379
195400 -16243.1 -20116.4 299.927 234.235 0.872606
195500 -16345.5 -20141.6 293.959 -30.8045 0.875615
195600 -16333.5 -20143.4 295.021 59.8846 0.878755
195700 -16276.2 -20120.7 297.697 436.201 0.880833
195800 -16261.4 -20138.1 300.193 38.1183 0.87964
195900 -16280.8 -20113 296.748 57.1232 0.877418
196000 -16271.5 -20116.2 297.724 -33.7838 0.874774
196100 -16256.7 -20075.9 295.744 -112.513 0.87231
196200 -16227 -20066.6 297.325 -71.3857 0.870915
196300 -16202.6 -20054.2 298.254 -52.7503 0.870369
196400 -16180.2 -20051.3 299.769 52.6935 0.870231
196500 -16169.4 -20068.1 301.898 -167.563 0.870035
196600 -16252.9 -20109.5 298.641 -199.828 0.871281
196700 -16333.3 -20180.6 297.924 82.359 0.874336
196800 -16372.4 -20184.4 295.191 221.923 0.876737
196900 -16349.3 -20186.8 297.164 -44.4711 0.877423
197000 -16239.2 -20126 300.985 63.8181 0.878241
197100 -16181.6 -20051.8 299.694 -51.7798 0.878705
197200 -16197.6 -20100.3 302.204 226.321 0.879055
197300 -16263.1 -20110.8 297.951 -84.2617 0.877859
197400 -16274.4 -20109.5 296.973 -162.854 0.877237
197500 -16269.3 -20164.1 301.604 88.899 0.877916
197600 -16335.9 -20147.4 295.145 4.90097 0.87811
197700 -16369.5 -20144.9 292.359 13.127 0.878358
197800 -16247.3 -20103.7 298.628 16.1589 0.878513
197900 -16200.3 -20075.2 300.064 -105.93 0.878339
198000 -16227 -20058.2 296.673 7.39954 0.87914
198100 -16238.4 -20089.5 298.211 74.6244 0.880306
198200 -16262.2 -20120.2 298.75 -161.332 0.881225
198300 -16336.5 -20152 295.453 132.567 0.883642
198400 -16376.5 -20191.4 295.409 192.153 0.885471
198500 -16392.4 -20209 295.545 13.5388 0.88571
198600 -16325.9 -20165.3 297.307 -18.3737 0.885477
198700 -16236.7 -20076.9 297.364 72.4371 0.885297
198800 -16182.1 -20066.7 300.811 162.576 0.884491
198900 -16188.7 -20031.7 297.587 278.915 0.881848
199000 -16229.6 -20046.4 295.558 -265.545 0.876836
199100 -16268.5 -20086.3 295.629 -292.763 0.873859
199200 -16275.9 -20109.1 296.832 -87.3035 0.873617
199300 -16254.5 -20099.2 297.719 -58.2275 0.874537
199400 -16183.5 -20044.4 298.975 12.1494 0.876026
199500 -16124.6 -20030 302.42 291.701 0.877161
199600 -16186.5 -20029.2 297.569 51.72 0.876047
199700 -16267.6 -20054.4 293.231 -209.166 0.874285
199800 -16236.1 -20054.8 295.7 -54.4578 0.874188
199900 -16206.5 -20050.8 297.689 161.889 0.874482
200000 -16183.2 -20010.9 296.406 -70.1697 0.873881
200100 -16103 -19984.4 300.559 7.31375 0.873691
200200 -16023.3 -19941.7 303.426 67.0758 0.87334
200300 -16050.4 -19974.9 303.9 -0.599845 0.872474
200400 -16186 -20027.3 297.457 -86.3901 0.871514
200500 -16240.3 -20075.7 296.997 -27.4836 0.87102
200600 -16272.4 -20094.3 295.957 -88.493 0.871349
200700 -16249 -20080.3 296.683 4.2674 0.872248
200800 -16165.1 -20058.8 301.513 -58.3236 0.873124
200900 -16153.8 -20055.1 302.107 25.9823 0.874753
201000 -16227 -20029.2 294.434 45.5962 0.876381
201100 -16228.1 -20056.1 296.425 137.319 0.877826
201200 -16220.8 -20078.2 298.704 30.6275 0.878348
201300 -16230.4 -20093.9 299.172 62.7725 0.878321
201400 -16270.3 -20100.5 296.596 -1.54715 0.877762
201500 -16298.3 -20092.7 293.826 -63.6291 0.87697
201600 -16225.6 -20078.2 298.327 -124.295 0.876938
201700 -16151.6 -20061.7 302.781 124.167 0.877875
201800 -16199.2 -20050.3 298.214 -60.7967 0.878044
201900 -16233.2 -20048.1 295.413 16.6941 0.878527
202000 -16221.4 -20090.5 299.607 89.1106 0.879187
202100 -16233.3 -20111.4 300.312 12.3951 0.878897
202200 -16257.4 -20074.7 295.594 -191.331 0.878476
202300 -16240.5 -20088.5 297.969 99.6258 0.879612
202400 -16214.3 -20043.3 296.501 14.9518 0.880412
202500 -16148.2 -20032.6 300.793 299.062 0.880539
202600 -16042.3 -19972.7 304.355 54.9715 0.878361
202700 -16000.3 -19945.8 305.522 -82.5316 0.875182
202800 -16115 -19958.6 297.63 -57.6303 0.872551
202900 -16146.1 -19998 298.279 -126.869 0.870686
203000 -16164.1 -20016.4 298.305 -235.91 0.87021
203100 -16196.6 -20023.3 296.329 44.1531 0.871334
203200 -16213.1 -20016.7 294.536 -179.204 0.873005
203300 -16144.7 -20007.1 299.088 125.46 0.876046
203400 -16083.8 -19970.3 300.954 236.077 0.877984
203500 -16111.9 -19969.7 298.732 111.903 0.877807
203600 -16197.7 -20000.5 294.475 -40.5251 0.876238
203700 -16267.5 -20027.5 291.161 -275.686 0.875153
203800 -16172.4 -20008.2 297.036 97.9469 0.876445
203900 -16099.6 -19975 300.098 35.6212 0.877426
204000 -16125.9 -20006.2 300.476 124.403 0.877727
204100 -16204.1 -20029 296.182 -38.6515 0.877122
204200 -16229.5 -20014.8 293.118 161.28 0.876401
204300 -16157.5 -20031.7 300 -53.3793 0.874486
204400 -16120.8 -19978.2 298.697 -56.6101 0.872468
204500 -16128.8 -20007 300.318 -192.87 0.871358
204600 -16154.7 -20009.3 298.489 -171.963 0.871754
204700 -16195.6 -20029.8 296.911 64.5418 0.874023
204800 -16248.2 -20064.8 295.541 194.5 0.876065
204900 -16317 -20116.9 294.247 -99.0115 0.876605
205000 -16353.4 -20148.3 293.864 -8.68969 0.877798
205100 -16282.1 -20096.3 295.354 148.946 0.879376
205200 -16198.1 -20118.4 303.574 65.6372 0.879987
205300 -16236.6 -20053.1 295.534 55.4096 0.879658
205400 -16221.1 -20013.1 293.635 -122.513 0.878932
205500 -16118.1 -20005.8 301.049 -85.8608 0.879193
205600 -16122.8 -20018 301.632 262.759 0.879772
205700 -16206.3 -20070.8 299.253 39.2159 0.878404
205800 -16239.9 -20017 292.483 -293.591 0.87636
205900 -16179.6 -20049.6 299.682 -91.671 0.876391
206000 -16162.7 -20026.3 299.182 117.618 0.877702
206100 -16197.3 -20046.1 298.037 175.887 0.878352
206200 -16322 -20115.6 293.76 -10.8336 0.877327
206300 -16354.9 -20155.1 294.271 -86.7091 0.875944
206400 -16309.6 -20149.1 297.317 -120.803 0.875704
206500 -16240.4 -20087.6 297.908 113.933 0.876274
206600 -16190.5 -20062.6 299.843 145.257 0.875877
206700 -16185.7 -20025.9 297.372 -272.634 0.874494
206800 -16173.6 -20043.7 299.681 -207.394 0.875201
206900 -16220.6 -20084 299.167 103.507 0.87795
207000 -16295.5 -20109.6 295.346 -10.2607 0.88049
207100 -16299.9 -20151.9 298.283 226.219 0.882552
207200 -16298.9 -20124.6 296.246 158.76 0.882774
207300 -16258 -20137.2 300.39 45.3624 0.881315
207400 -16126.2 -20019.6 301.491 42.3133 0.87918
207500 -16074.1 -19992 303.392 -80.6128 0.876949
207600 -16144.8 -20003.4 298.792 -110.208 0.875252
207700 -16220.1 -20069.2 298.06 -111.453 0.874496
207800 -16259.5 -20111.7 298.299 -56.6878 0.874905
207900 -16282.1 -20101.4 295.749 49.471 0.875944
208000 -16257.8 -20133.3 300.107 -43.3866 0.876678
208100 -16164.4 -20047.1 300.664 60.4842 0.877781
208200 -16099 -20026.3 304.118 49.9176 0.878547
208300 -16171.8 -20051.9 300.467 135.483 0.878537
208400 -16242.5 -20059 295.539 -57.105 0.877395
208500 -16224.9 -20077.7 298.349 51.081 0.876269
208600 -16230.5 -20093.7 299.147 -38.7671 0.875004
208700 -16303.7 -20076.6 292.154 -119.646 0.873857
208800 -16330.5 -20152.2 295.941 -2.18576 0.873541
208900 -16281.7 -20108.3 296.316 101.645 0.87334
209000 -16183.9 -20026.8 297.578 -98.8324 0.872207
209100 -16119.4 -19986 299.42 -91.106 0.871781
209200 -16113.4 -19978.2 299.28 -56.068 0.872516
209300 -16158.1 -20021.9 299.199 -33.2682 0.873792
209400 -16283.8 -20081.9 294.109 -46.5358 0.875733
209500 -16308 -20130.8 296.024 125.984 0.87813
209600 -16263.3 -20092 296.479 41.8944 0.879922
209700 -16183.8 -20072.8 301.146 129.064 0.881333
209800 -16173.8 -20046.7 299.906 47.8927 0.881675
209900 -16201.5 -20043.9 297.545 234.1 0.880908
210000 -16210.4 -20062.7 298.311 -60.8342 0.878482
210100 -16215.8 -20062.8 297.9 222.502 0.875924
210200 -16223.9 -20073 298.056 -166.698 0.871715
210300 -16243.5 -20095.2 298.261 -409.378 0.868945
210400 -16310.1 -20136.4 296.293 86.4337 0.869556
210500 -16363.1 -20147.2 293.021 -293.592 0.870465
210600 -16292.5 -20132.3 297.337 243.215 0.873181
210700 -16218.6 -20065.5 297.888 29.3703 0.874421
210800 -16186 -20013.5 296.393 72.0359 0.874923
210900 -16140.8 -20014.1 299.934 221.433 0.874601
211000 -16119.4 -19974.4 298.52 -212.35 0.872644
211100 -16091.3 -19989.9 301.899 170.547 0.871661
211200 -16130.3 -19978.8 298.012 -282.785 0.870305
211300 -16186 -20021.8 297.034 -71.2823 0.871006
211400 -16206.4 -20023.7 295.603 47.809 0.872716
211500 -16165.8 -20013.8 297.975 129.252 0.873737
211600 -16073.2 -19971 301.826 -28.7871 0.87369
211700 -16079.6 -19963.7 300.769 161.002 0.873675
211800 -16154.2 -20010.5 298.617 -220.083 0.87286
211900 -16178.1 -20005.6 296.387 105.184 0.873039
212000 -16161 -19978.3 295.599 -17.5443 0.872999
212100 -16102.9 -19965.6 299.11 27.2852 0.872825
212200 -16064.2 -19940 300.125 87.946 0.872325
212300 -16112.2 -19968.9 298.648 -123.312 0.87119
212400 -16226.9 -20004 292.489 -137.406 0.870843
212500 -16205.9 -20059.1 298.373 110.603 0.871765
212600 -16173.5 -20025.6 298.291 98.0648 0.872044
212700 -16136.5 -20028.7 301.399 -167.375 0.871549
212800 -16138.5 -20035 301.728 54.7865 0.872067
212900 -16234.9 -20069 296.898 -27.6694 0.872511
213000 -16268.3 -20038.5 291.951 60.8106 0.873354
213100 -16192.4 -20070.6 300.316 11.027 0.873818
213200 -16190.2 -20069.5 300.402 25.0928 0.874133
213300 -16236.3 -20104.4 299.532 -50.3465 0.874526
213400 -16283 -20118.4 296.998 -0.610675 0.875025
213500 -16290.3 -20103 295.239 -84.2534 0.875849
213600 -16246.7 -20095.5 298.029 265.427 0.877111
213700 -16231.5 -20081.4 298.118 79.6285 0.876527
213800 -16224.1 -20066.2 297.518 35.1159 0.874841
213900 -16153.9 -20032.4 300.339 100.44 0.872497
214000 -16072 -19971 301.925 -154.2 0.869341
214100 -16091.6 -19973.6 300.607 -134.08 0.867322
214200 -16195 -20025.8 296.647 -106.446 0.866788
214300 -16226.2 -20036.5 295.056 -132.613 0.867423
214400 -16189 -20020.5 296.7 36.2479 0.869197
214500 -16136.4 -20017.6 300.543 239.736 0.87064
214600 -16138.9 -20004 299.301 -24.6022 0.870165
214700 -16254.5 -20081.1 296.317 26.2871 0.869555
214800 -16309.1 -20093.7 293.064 -82.0074 0.869322
214900 -16251.9 -20110.4 298.789 268.709 0.869038
215000 -16190 -20029.1 297.285 -429.373 0.867142
215100 -16128.3 -20023.3 301.617 -24.4798 0.868244
215200 -16146.5 -20002.7 298.61 29.2256 0.870173
215300 -16284.4 -20063.1 292.612 76.0002 0.871826
215400 -16307.4 -20141.8 296.916 261.597 0.872763
215500 -16264.1 -20083.7 295.778 -102.035 0.871637
215600 -16170.5 -20030 298.869 -11.4579 0.870741
215700 -16127 -19982.9 298.584 -125.349 0.870335
215800 -16133.3 -20013.6 300.473 -23.1724 0.870975
215900 -16192.4 -20051.1 298.799 257.384 0.871722
216000 -16235.7 -20018.8 292.953 -46.0172 0.87076
216100 -16209.3 -20065.7 298.622 -29.8811 0.869541
216200 -16200.2 -20050.1 298.117 -3.0509 0.868172
216300 -16195.2 -20048.8 298.41 -126.999 0.867093
216400 -16201.6 -20043 297.456 -179.203 0.867276
216500 -16223.6 -20031.3 294.851 -90.7214 0.869084
216600 -16176.1 -19998.7 296.009 -6.13743 0.872355
216700 -16092.4 -19976.8 300.793 219.587 0.875846
216800 -16089.7 -19931 297.452 206.344 0.877646
216900 -16110.7 -19986.3 300.108 260.133 0.877459
217000 -16228.1 -20078.9 298.19 -77.7031 0.875032
217100 -16276.7 -20060.5 292.999 24.9184 0.87274
217200 -16208.3 -20034.2 296.256 -188.888 0.870453
217300 -16132.2 -19996.6 299.238 -32.5885 0.869398
217400 -16114.1 -19986.5 299.863 22.4819 0.86881
217500 -16152.7 -20013.1 298.936 -58.536 0.868161
217600 -16238 -20058.5 295.84 -17.177 0.867935
217700 -16366.1 -20111.5 290.025 -331.568 0.868094
217800 -16367.9 -20143.2 292.351 -99.0563 0.871257
217900 -16303.9 -20127.2 296.068 20.4384 0.876182
218000 -16244.7 -20087.1 297.546 247.879 0.880373
218100 -16185.3 -20062.6 300.24 513.988 0.881875
218200 -16172.6 -20039.9 299.467 274.445 0.878881
218300 -16248.4 -20033.1 293.075 -396.582 0.873898
218400 -16301.3 -20075 292.224 -294.884 0.872289
218500 -16224.1 -20071.1 297.896 -13.7705 0.87365
218600 -16138.4 -20005.3 299.434 -20.4856 0.875312
218700 -16123.8 -19967.7 297.655 67.2586 0.876788
218800 -16116.3 -19995.2 300.37 212.366 0.877567
218900 -16192 -20016.6 296.16 -239.615 0.8771
219000 -16266 -20028.2 291.333 -44.1231 0.878039
219100 -16200.9 -20029.1 296.44 24.0896 0.879787
219200 -16170.1 -20065.1 301.61 104.665 0.881103
219300 -16228.9 -20091.8 299.122 -6.3327 0.881407
219400 -16280.8 -20113.4 296.786 24.2917 0.881867
219500 -16281.2 -20100.4 295.749 6.8284 0.882138
219600 -16239.6 -20061 295.91 106.957 0.881987
219700 -16209.2 -20060 298.19 80.4527 0.880877
219800 -16213.7 -20086.6 299.905 -213.586 0.879383
219900 -16269.8 -20129.6 298.888 -28.583 0.879559
220000 -16346.4 -20137.7 293.584 132.168 0.880043
220100 -16321.6 -20132.1 295.07 46.1788 0.879379
220200 -16277.5 -20121.3 297.651 58.0627 0.878094
220300 -16253.7 -20074 295.827 -145.217 0.876489
220400 -16200.9 -20066.5 299.334 -143.238 0.876082
220500 -16160.5 -20057.9 301.802 215.207 0.876739
220600 -16243.3 -20084.2 297.426 -37.6382 0.875801
220700 -16328.4 -20120.5 293.649 -252.63 0.875095
220800 -16285 -20094.9 295.027 104.224 0.876457
220900 -16201.4 -20061.9 298.944 103.467 0.877288
221000 -16170.7 -20027.6 298.66 91.1756 0.876976
221100 -16185.1 -20046.4 299.003 111.664 0.875565
221200 -16214.5 -20010 293.909 -338.694 0.873663
221300 -16108.1 -19973.6 299.325 -121.224 0.874351
221400 -16061 -19993.5 304.52 55.2206 0.876572
221500 -16144.1 -19999 298.512 65.2925 0.878499
221600 -16202.9 -20008.2 294.67 -108.869 0.880062
221700 -16189.5 -20067 300.263 219.396 0.882188
221800 -16217.8 -20077.5 298.88 502.231 0.882226
221900 -16319.7 -20094.2 292.283 -282.39 0.878364
222000 -16288.8 -20106.4 295.623 -117.633 0.875982
222100 -16230.3 -20093.3 299.133 223.818 0.874786
222200 -16204.5 -20025.8 295.908 -195.853 0.872275
222300 -16162.6 -19987.4 296.173 -143.979 0.8709
222400 -16142.5 -20027.2 300.814 -134.82 0.871228
222500 -16184.5 -20060.8 300.169 49.8426 0.872508
222600 -16241.1 -20032.4 293.587 -42.7997 0.873945
222700 -16215.3 -20058.6 297.609 127.799 0.875685
222800 -16204.2 -20047.3 297.596 217.043 0.875974
222900 -16183.7 -20009.7 296.273 -238.332 0.874852
223000 -16143.6 -20028.5 300.835 19.9313 0.875174
223100 -16167.5 -20037.7 299.693 191.085 0.875526
223200 -16223.5 -20064.6 297.436 46.9345 0.874388
223300 -16239.1 -20089.8 298.181 -106.845 0.872466
223400 -16242.6 -20102.6 298.904 -121.657 0.870624
223500 -16251.4 -20062 295.081 -116.244 0.869436
223600 -16193.2 -19996.8 294.537 -259.388 0.869756
223700 -16091.1 -19950.3 298.843 47.9391 0.872606
223800 -16062.7 -19943.6 300.524 256.17 0.875985
223900 -16101.7 -19955.1 298.391 22.9554 0.87773
224000 -16201.2 -20050.1 298.042 34.0661 0.87916
224100 -16270.3 -20130.9 298.949 -275.654 0.881257
224200 -16288.9 -20122.5 296.858 -15.778 0.885684
224300 -16270.5 -20115 297.709 460.353 0.890143
224400 -16198.1 -20061.9 299.198 357.143 0.890452
224500 -16121.7 -20051.8 304.337 233.486 0.887021
224600 -16172.7 -20024 298.233 98.5639 0.88166
224700 -16208 -20057.1 298.063 71.4094 0.875616
224800 -16218.7 -20061.1 297.541 -293.002 0.870304
224900 -16205.3 -20024.6 295.748 -61.7443 0.868013
225000 -16125.4 -19990.2 299.272 -331.756 0.867562
225100 -16029.2 -19899.4 299.692 -5.73702 0.869631
225200 -16004.6 -19910.5 302.457 157.953 0.871634
225300 -16051.2 -19915.1 299.204 17.1547 0.872137
225400 -16100.5 -19958.6 298.758 19.7991 0.87212
225500 -16144.2 -19941.8 294.07 -39.8999 0.872037
225600 -16101 -19963.7 299.114 60.7213 0.872047
225700 -15995.2 -19902.8 302.589 -309.418 0.872077
225800 -15997 -19918.6 303.676 161.864 0.874248
225900 -16091.5 -19968.4 300.208 181.603 0.875324
226000 -16136.6 -20023.7 301.004 -125.219 0.874767
226100 -16211.1 -20062.8 298.26 44.0868 0.874954
226200 -16268 -20065.2 294.043 -96.1924 0.875184
226300 -16231.7 -20069.2 297.163 -97.821 0.876135
226400 -16152.3 -20055.4 302.242 301.954 0.877597
226500 -16152.2 -19975 296.019 32.8995 0.876869
226600 -16212.6 -20002.4 293.466 -126.062 0.875396
226700 -16212.8 -20042.2 296.533 -279.803 0.87543
226800 -16169 -20049.3 300.476 46.435 0.877861
226900 -16168.6 -20027.6 298.824 15.6696 0.880181
227000 -16219.7 -20058.4 297.252 106.731 0.882296
227100 -16305.1 -20130.5 296.225 141.959 0.883175
227200 -16345.2 -20120.2 292.315 143.4 0.882482
227300 -16272.7 -20119 297.843 184.155 0.880395
227400 -16229.2 -20062.9 296.863 -245.879 0.876934
227500 -16193.4 -20061.5 299.529 17.4221 0.875273
227600 -16211 -20068.4 298.709 35.0038 0.874025
227700 -16266.6 -20075.7 294.961 -123.309 0.872499
227800 -16245 -20039.5 293.833 46.5513 0.871842
227900 -16108.3 -19953.2 297.736 17.8476 0.871332
228000 -16067.8 -19978.7 302.841 53.404 0.870276
228100 -16127.6 -19975.3 297.951 -170.936 0.868821
228200 -16195.1 -20021.9 296.333 -68.9346 0.868716
228300 -16230.2 -20042.9 295.242 -259.723 0.870146
228400 -16173.5 -20032.6 298.836 213.714 0.873249
228500 -16092 -20009.9 303.385 47.1138 0.875031
228600 -16134.1 -20000.1 299.368 100.759 0.875832
228700 -16195.1 -20009.1 295.339 95.0784 0.87574
228800 -16188.4 -19989.6 294.348 108.382 0.874775
228900 -16144.2 -19954.2 295.037 96.7491 0.87265
229000 -16102 -19979.2 300.234 -19.4174 0.869882
229100 -16118.3 -19983.5 299.304 24.1661 0.867267
229200 -16193.4 -20010.6 295.589 -147.373 0.864644
229300 -16267.8 -20081.6 295.327 -289.254 0.863725
229400 -16321.4 -20102.9 292.828 -26.5913 0.865317
229500 -16293.5 -20098.8 294.666 52.5373 0.867131
229600 -16184.4 -20023.5 297.29 -228.574 0.868813
229700 -16129.2 -20034.6 302.422 60.2466 0.872002
229800 -16176 -20037.2 298.999 334.469 0.874331
229900 -16260.9 -20109.5 298.022 290.196 0.87332
230000 -16290.3 -20097.5 294.813 -182.887 0.870246
230100 -16254.1 -20083.5 296.535 -96.6846 0.86863
230200 -16218.7 -20070 298.233 222.386 0.867787
230300 -16191.5 -20015.2 296.095 -154.678 0.866067
230400 -16122.5 -20001 300.334 92.7407 0.865198
230500 -15994.9 -19928.2 304.579 -116.547 0.863937
230600 -15950.4 -19872.1 303.682 -141.845 0.863858
230700 -16015.8 -19918 302.172 -79.934 0.86533
230800 -16060.3 -19881.8 295.924 -24.796 0.867057
230900 -16051.2 -19906.1 298.508 70.661 0.868804
231000 -16052.7 -19935.1 300.637 112.003 0.869881
231100 -16149.6 -19969.3 295.782 -170.89 0.870316
231200 -16197.4 -20014.1 295.547 63.9306 0.871844
231300 -16169.2 -19985.6 295.522 62.0538 0.872977
231400 -16071.7 -19968.5 301.758 49.254 0.873208
231500 -16067.8 -19966 301.859 -143.658 0.87319
231600 -16120 -20000.2 300.469 -187.412 0.874533
231700 -16198.2 -20064.6 299.4 171.073 0.877171
231800 -16257.6 -20084.9 296.369 71.7841 0.878441
231900 -16256.9 -20074.9 295.646 150.386 0.878565
232000 -16199.8 -20037 297.135 -1.74396 0.877554
232100 -16135.3 -19980.1 297.726 69.5346 0.876413
232200 -16120.9 -19988.3 299.479 103.005 0.874811
232300 -16149.7 -20014.1 299.248 116.788 0.872142
232400 -16218.2 -20040.7 295.998 -230.19 0.868888
232500 -16240.8 -20056.9 295.502 -228.774 0.867689
232600 -16159 -20021.2 299.077 -51.3906 0.868603
232700 -16069.3 -19973.4 302.318 -20.2751 0.870253
232800 -16091.7 -19954.9 299.153 30.4383 0.871975
232900 -16140.8 -20025.3 300.805 112.634 0.873125
233000 -16216 -20096.5 300.49 57.8623 0.873258
233100 -16255 -20090.2 296.983 -182.698 0.873096
233200 -16241.1 -20075.9 296.946 69.0331 0.874014
233300 -16189.2 -20041.4 298.301 181.92 0.874376
233400 -16104.3 -19987 300.657 96.5299 0.873254
233500 -16021.3 -19933 302.909 -0.875422 0.871566
233600 -16044.7 -19969.4 303.918 121.565 0.869779
233700 -16159.7 -19931.8 292.099 -274.288 0.867844
233800 -16116.1 -19975.2 298.837 -156.21 0.868332
233900 -16073.2 -19956.5 300.712 57.8433 0.86995
234000 -16087.7 -19970.9 300.702 34.5964 0.870779
234100 -16198.3 -20034.6 297.066 -35.8639 0.871185
234200 -16233 -20053.8 295.867 -107.662 0.872149
234300 -16208.5 -20063.4 298.512 102.957 0.873712
234400 -16178.4 -20054.6 300.163 118.682 0.874364
234500 -16156.9 -20049.6 301.431 -79.832 0.873931
234600 -16216.9 -20076.5 298.876 -15.7834 0.873888
234700 -16306.3 -20102.7 293.976 118.555 0.874092
234800 -16298.1 -20113.4 295.441 135.723 0.873227
234900 -16241.3 -20111.9 299.729 26.3571 0.871021
235000 -16240 -20105.7 299.348 -505.265 0.869491
235100 -16259.6 -20119.6 298.91 8.86969 0.871672
235200 -16255.2 -20034.8 292.676 54.1911 0.874261
235300 -16195.2 -20059.5 299.241 33.7325 0.876391
235400 -16185.9 -20076.6 301.278 164.756 0.877767
235500 -16231.1 -20049.8 295.705 48.5518 0.877507
235600 -16266.7 -20123.9 298.687 -105.572 0.87689
235700 -16385.4 -20185.7 294.282 35.3144 0.877138
235800 -16399.4 -20163.1 291.447 -154.214 0.877439
235900 -16301.8 -20148.6 297.875 -5.98079 0.879049
236000 -16253 -20114.2 298.997 136.747 0.880675
236100 -16245.6 -20122.8 300.236 -33.729 0.880996
236200 -16317.5 -20141 296.077 61.7326 0.88141
236300 -16401.7 -20218.5 295.557 245.25 0.881356
236400 -16396.7 -20184.8 293.338 91.0652 0.879207
236500 -16331.2 -20180.2 298.049 -108.67 0.876002
236600 -16314 -20157.5 297.629 60.7295 0.87341
236700 -16282.6 -20105 295.992 135.431 0.870411
236800 -16204.6 -20032.4 296.409 -86.2985 0.866709
236900 -16128.4 -20029.5 302.086 -262.023 0.864047
237000 -16145 -20014.3 299.624 -93.1559 0.86374
237100 -16177.2 -20009.3 296.745 -331.288 0.864991
237200 -16175.1 -20010 296.956 -81.1811 0.868523
237300 -16118.2 -20024.5 302.49 39.5052 0.872502
237400 -16060.2 -19978.4 303.41 168.658 0.875244
237500 -16128.8 -20016.1 301.013 198.188 0.875869
237600 -16231.8 -20097.2 299.32 -124.87 0.874882
237700 -16262.7 -20056.4 293.771 -38.6398 0.874767
237800 -16221.7 -20103.4 300.584 98.7652 0.875337
237900 -16199.3 -20047.7 298.01 246.42 0.874586
238000 -16141.8 -20006.9 299.3 -202.025 0.872398
238100 -16060.2 -19928.1 299.517 236.81 0.871394
238200 -16020.9 -19901.8 300.525 -60.2672 0.869098
238300 -16056.5 -19915.8 298.845 -200.275 0.86729
238400 -16166.2 -19965.9 294.237 -389.079 0.867811
238500 -16196 -20061.5 299.326 -247.721 0.871798
238600 -16238.8 -20112.2 299.941 285.036 0.877239
238700 -16313.8 -20113.7 294.251 188.562 0.879953
238800 -16315.4 -20139.2 296.1 126.865 0.880422
238900 -16289.7 -20117 296.37 15.0976 0.879812
239000 -16246.1 -20104.2 298.758 -5.18208 0.878821
239100 -16208.4 -20063.3 298.506 -214.923 0.878296
239200 -16123.9 -19960.3 297.074 152.363 0.879261
239300 -16045.3 -19942.8 301.806 -98.115 0.879414
239400 -16079.9 -19971.5 301.352 189.18 0.880006
239500 -16169.3 -20037.4 299.532 95.3457 0.879127
239600 -16219.6 -20064.5 297.735 10.01 0.877209
239700 -16229 -20042.8 295.326 -118.064 0.875424
239800 -16160.6 -20026.4 299.358 -25.0057 0.874442
239900 -16121.7 -20006.9 300.861 172.394 0.873656
240000 -16139.4 -20005.9 299.406 -104.374 0.871581
240100 -16168.4 -20029.3 298.968 10.2243 0.870305
240200 -16198.4 -20036.4 297.199 23.8917 0.869334
240300 -16199.1 -20033.5 296.925 -71.2658 0.867917
240400 -16123.7 -19997.5 299.976 -198.8 0.867497
240500 -16042.2 -19937.4 301.626 -8.21823 0.868773
240600 -16064.6 -19940.7 300.151 -6.28621 0.870297
240700 -16161.2 -20030.1 299.591 -22.5604 0.871848
240800 -16236 -20053 295.578 12.4627 0.873545
240900 -16237.2 -20111.9 300.037 46.4011 0.875379
241000 -16258.8 -20078.4 295.774 98.2823 0.876623
241100 -16230.3 -20067.2 297.118 -300.651 0.877266
241200 -16130.8 -20025.7 301.604 95.6657 0.879935
241300 -16109.4 -19993.6 300.781 99.463 0.882621
241400 -16182.5 -20088.2 302.438 183.857 0.884092
241500 -16270.3 -20123.1 298.345 158.714 0.883933
241600 -16294.8 -20158.3 299.173 141.629 0.882112
241700 -16325.4 -20123 294.069 -31.6047 0.878856
241800 -16279.7 -20097.2 295.612 -284.822 0.876058
241900 -16169.3 -20005.6 297.067 -171.46 0.875534
242000 -16130.7 -20008.2 300.256 -197.003 0.876842
242100 -16148 -20016.3 299.548 36.5511 0.879886
242200 -16228.8 -20041.8 295.264 252.263 0.882842
242300 -16283.4 -20102.5 295.733 -128.972 0.884422
242400 -16258.7 -20099.1 297.384 261.971 0.886399
242500 -16134.3 -20051.9 303.366 376.139 0.886059
242600 -16147.2 -20066.2 303.47 62.8565 0.882216
242700 -16238.5 -20073.3 296.952 -393.591 0.877756
242800 -16261.3 -20093.7 296.768 -42.117 0.87629
242900 -16252.5 -20069.4 295.571 36.3962 0.875668
243000 -16147.3 -20004.5 298.689 -58.754 0.87478
243100 -16076.2 -19935.7 298.865 102.742 0.874035
243200 -16080.6 -19961.7 300.537 -161.363 0.872772
243300 -16148.4 -19972.6 296.13 4.68928 0.872633
243400 -16204 -20025.9 295.953 -61.2106 0.872791
243500 -16246.8 -20048.7 294.408 -173.937 0.873563
243600 -16282.8 -20125.1 297.536 13.9561 0.875853
243700 -16324.9 -20182.8 298.741 328.976 0.878319
243800 -16400.6 -20205.8 294.66 -30.1135 0.878569
243900 -16387.3 -20191.5 294.581 -122.4 0.878544
244000 -16291.8 -20146.9 298.525 153.117 0.879395
244100 -16273 -20126.9 298.431 -25.7909 0.879274
244200 -16271.4 -20117 297.791 89.9607 0.878974
244300 -16266.4 -20123 298.643 46.3069 0.878009
244400 -16276 -20104 296.422 -276.638 0.876703
244500 -16255.8 -20099.4 297.64 -91.1001 0.877573
244600 -16197.4 -20067.5 299.686 191.021 0.879486
244700 -16168.9 -20059.3 301.256 208.797 0.88011
244800 -16229.4 -20053.5 296.125 6.72985 0.878792
244900 -16307 -20106.1 294.184 -237.489 0.87715
245000 -16280.7 -20089.8 294.962 94.1859 0.877063
245100 -16166.9 -20088.4 303.672 406.291 0.876028
245200 -16193.4 -20060.1 299.418 -249.263 0.871692
245300 -16233 -20066.1 296.821 -376.995 0.869088
245400 -16236.3 -20049.2 295.256 -122.987 0.869813
245500 -16148.8 -20004.8 298.59 -10.6732 0.872119
245600 -16081.1 -19992.3 302.87 142.851 0.874487
245700 -16131.6 -19980 298.005 -41.1788 0.875826
245800 -16181.4 -20001.1 295.784 47.0566 0.877442
245900 -16189.9 -20084.7 301.594 149.621 0.878869
246000 -16305.4 -20116.7 295.139 75.3591 0.878793
246100 -16347.6 -20145.5 294.097 123.893 0.877735
246200 -16275.1 -20096.5 295.917 -159.999 0.875816
246300 -16195 -20031.2 297.058 -82.011 0.874925
246400 -16154.3 -20022.5 299.537 20.4135 0.875231
246500 -16168.8 -20056 301.007 -129.041 0.875409
246600 -16265.1 -20046.5 292.816 1.88743 0.876481
246700 -16293.1 -20129.2 297.049 49.9033 0.878045
246800 -16270 -20143.7 299.969 222.979 0.878902
246900 -16224.1 -20083.6 298.865 -8.91389 0.877946
247000 -16191.3 -20078.6 301.015 78.2815 0.876405
247100 -16219.8 -20074.7 298.507 -12.0707 0.874289
247200 -16264 -20071.7 294.854 -18.9988 0.871881
247300 -16250.7 -20098.9 297.991 -140.172 0.8696
247400 -16186.6 -20062.2 300.114 -40.5439 0.868278
247500 -16117.2 -20003.7 300.959 -103.558 0.867459
247600 -16112.4 -19966.1 298.416 -164.191 0.867783
247700 -16176.2 -20026.7 298.168 -234.675 0.870092
247800 -16276.4 -20120.7 297.684 51.3184 0.874553
247900 -16319.7 -20132.9 295.274 343.045 0.879053
248000 -16306.5 -20156.6 298.142 311.014 0.880628
248100 -16238.4 -20093.5 298.531 79.1006 0.878865
248200 -16139.5 -20045.5 302.469 -140.868 0.876489
248300 -16157.2 -20024.7 299.48 142.27 0.874951
248400 -16228.5 -20067.4 297.267 -152.751 0.872507
248500 -16275.6 -20097.7 295.967 49.1345 0.870719
248600 -16267.4 -20075.9 294.911 -240.184 0.869237
248700 -16125.4 -20010.8 300.865 -229.043 0.869774
248800 -16096.8 -19984 301.003 37.936 0.872395
248900 -16164.2 -20017.6 298.392 -203.146 0.875756
249000 -16246.9 -20106.9 298.9 151.729 0.881444
249100 -16318.1 -20185.2 299.448 389.724 0.886669
249200 -16380.8 -20214 296.828 360.682 0.888478
249300 -16392.8 -20212.6 295.792 193.921 0.886604
249400 -16372.3 -20204.6 296.758 -73.5585 0.88284
249500 -16343.8 -20171.9 296.433 -73.1768 0.879556
249600 -16319.4 -20153.7 296.918 -59.8555 0.876667
249700 -16270.6 -20133.6 299.136 -150.939 0.874115
249800 -16244.6 -20097.1 298.323 172.372 0.872478
249900 -16218.9 -20056 297.128 -96.1692 0.869728
250000 -16122.2 -19995.4 299.93 -240.688 0.86783
250100 -16067 -19938.5 299.794 -49.1867 0.868121
250200 -16035.6 -19914.3 300.351 38.6493 0.868809
250300 -16062.5 -19978.2 303.211 1.44433 0.869158
250400 -16181 -20015.2 296.905 -271.175 0.869747
250500 -16229.9 -20085.9 298.597 26.5109 0.872585
250600 -16285.8 -20109.1 296.064 175.9 0.875954
250700 -16314.1 -20137 296.034 260.213 0.87764
250800 -16274.7 -20080.4 294.702 -56.653 0.877185
250900 -16155.7 -20021.4 299.343 101.926 0.87672
251000 -16120.6 -19992 299.784 30.6338 0.875655
251100 -16149.8 -20018.8 299.598 71.1974 0.873995
251200 -16227.5 -20019 293.601 -148.219 0.871409
251300 -16227.6 -20043.5 295.491 -30.9158 0.86963
251400 -16113.2 -20008.8 301.656 -55.6255 0.868396
251500 -16085.6 -19978.3 301.437 -94.2785 0.867457
251600 -16125 -19985.8 298.966 -139.054 0.867783
251700 -16165.9 -20055.5 301.201 43.5713 0.86937
251800 -16233.3 -20108.8 300.102 -3.32059 0.87089
251900 -16264.2 -20072.6 294.907 -189.623 0.872858
252000 -16236.1 -20102.7 299.414 204.671 0.876446
252100 -16220.1 -20077 298.666 206.925 0.878857
252200 -16218.2 -20115.8 301.813 245.272 0.879195
252300 -16308.3 -20115.9 294.848 57.6117 0.877156
252400 -16324.5 -20124.4 294.247 -62.8895 0.874179
252500 -16251 -20092.1 297.439 -139.434 0.871767
252600 -16170.8 -20004.4 296.859 -26.5968 0.870228
252700 -16135.2 -19992 298.656 -171.191 0.869439
252800 -16141.4 -20009.4 299.526 -66.2882 0.86994
252900 -16176.8 -19990.7 295.328 0.441397 0.871281
253000 -16193.8 -20084.1 301.243 31.9362 0.872912
253100 -16291.7 -20107.4 295.477 109.016 0.874195
253200 -16326.5 -20126.5 294.261 62.234 0.874711
253300 -16257.4 -20084.3 296.344 -14.3749 0.874593
253400 -16177.8 -20035.6 298.73 10.7407 0.874312
253500 -16165.4 -20019.7 298.461 113.703 0.873931
253600 -16168.2 -20019.2 298.203 9.3786 0.872619
253700 -16199.6 -20030.6 296.655 -109.911 0.871188
253800 -16266.3 -20043 292.453 42.1139 0.870345
253900 -16247.1 -20059.2 295.193 25.2783 0.86924
254000 -16146.3 -20011.8 299.33 -44.1161 0.867623
254100 -16102.9 -19961.4 298.788 -164.77 0.866369
254200 -16098.7 -19957.1 298.783 -113.074 0.866884
254300 -16152 -20017.6 299.334 -6.76303 0.868592
254400 -16277.4 -20091.2 295.327 -13.1986 0.870573
254500 -16275.7 -20074.6 294.168 171.282 0.872444
254600 -16201.4 -20054.9 298.4 159.799 0.872756
254700 -16152.7 -19999.5 297.883 5.77832 0.871658
254800 -16113.3 -19967.3 298.439 -142.143 0.870401
254900 -16033.8 -19916.2 300.639 -1.98905 0.870514
255000 -15934.3 -19879.5 305.5 373.06 0.870369
255100 -16001.8 -19888.5 300.971 -205.766 0.867364
255200 -16052.2 -19886.4 296.907 -337.983 0.865753
255300 -16070.8 -19937.6 299.423 -155.906 0.867659
255400 -16129.4 -19950.6 295.899 224.429 0.870593
255500 -16187.4 -19946.3 291.069 -180.678 0.872206
255600 -16114.1 -20011.1 301.771 198.682 0.874871
255700 -16068.3 -19955.6 301.021 161.461 0.87592
255800 -16121.1 -19979 298.744 126.58 0.875344
255900 -16222.3 -20035.3 295.264 84.0301 0.873626
256000 -16222.6 -20004.9 292.89 -157.441 0.871197
256100 -16149.7 -19984.2 296.926 -138.575 0.869691
256200 -16115.2 -19972.2 298.674 178.327 0.869411
256300 -16108.7 -19962.3 298.403 127.646 0.867928
256400 -16100.4 -19951.8 298.238 -90.4825 0.865124
256500 -16072.2 -19933.8 299.023 33.0479 0.862939
256600 -16048.2 -19890.3 297.521 14.1892 0.860618
256700 -15993.8 -19849.2 298.546 -398.174 0.858765
256800 -15938.4 -19868.2 304.31 -48.242 0.860105
256900 -16020.4 -19893.3 299.904 -130.923 0.86258
257000 -16114.9 -20020.8 302.456 -33.698 0.86606
257100 -16195.2 -20065.2 299.679 50.8366 0.869698
257200 -16253.2 -20059.1 294.713 134.42 0.872358
257300 -16231.9 -20061.6 296.559 -46.8623 0.87386
257400 -16142 -20026.3 300.782 171.486 0.875279
257500 -16103.5 -20002.6 301.929 93.8724 0.875068
257600 -16147.3 -20010.2 299.135 53.8296 0.873783
257700 -16165.1 -20009.2 297.671 -84.6786 0.872691
257800 -16166.5 -20019.8 298.386 -53.0083 0.872265
257900 -16164.2 -20001.7 297.163 79.8332 0.872207
258000 -16138.9 -20016 300.224 53.9585 0.871685
258100 -16153.3 -19993.9 297.4 -14.1524 0.870858
258200 -16186.6 -20034.8 297.984 47.9875 0.870048
258300 -16234.6 -20061.5 296.339 -121.607 0.869094
258400 -16274.4 -20049.8 292.355 -194.787 0.869503
258500 -16187.6 -20035.6 297.981 89.5291 0.871312
258600 -16119.3 -20000.4 300.532 160.752 0.872111
258700 -16135.8 -19976.2 297.384 -88.1967 0.871769
258800 -16151.3 -20002.2 298.196 -78.1126 0.872404
258900 -16192.2 -20041.3 298.055 154.401 0.873008
259000 -16274.7 -20067.1 293.666 -137.242 0.872714
259100 -16253.7 -20088.1 296.918 9.34294 0.873348
259200 -16182 -20061.2 300.391 68.4551 0.874072
259300 -16114.5 -20000.3 300.9 35.1333 0.874179
259400 -16013.3 -19938.3 303.937 101.673 0.87363
259500 -16030.6 -19937.5 302.532 -8.44541 0.872522
259600 -16141.8 -19999.7 298.742 97.6442 0.8712
259700 -16193.6 -20051 298.704 -141.394 0.869198
259800 -16219.1 -20024.6 294.677 -324.392 0.868616
259900 -16153 -20024.2 299.767 178.725 0.870461
260000 -16113.6 -20007.9 301.559 -96.1344 0.871462
260100 -16190 -20028 297.199 -160.227 0.873183
260200 -16297.8 -20110.6 295.246 189.711 0.875973
260300 -16292.6 -20106 295.298 97.2661 0.877585
260400 -16242.4 -20087.3 297.73 165.359 0.87795
260500 -16181.5 -20050.9 299.628 -38.635 0.877021
260600 -16133.4 -20003.8 299.708 47.791 0.876058
260700 -16054.8 -19935.8 300.529 -54.2082 0.874838
260800 -15983.6 -19912.3 304.217 27.4529 0.873962
260900 -16054.3 -19952.7 301.881 -10.4417 0.873003
261000 -16146.4 -20016.4 299.685 7.32691 0.871802
261100 -16191.3 -20036.5 297.756 -136.502 0.870633
261200 -16223.6 -20070.9 297.92 -181.904 0.870737
261300 -16263.9 -20067 294.497 -118.773 0.872881
261400 -16264.2 -20085 295.868 193.425 0.876324
261500 -16192.4 -20106.9 303.127 177.58 0.877984
261600 -16189.4 -20019.8 296.609 23.7305 0.877867
261700 -16206 -20055.8 298.111 50.0355 0.877385
261800 -16242.4 -20083.3 297.429 -20.1168 0.876386
261900 -16287.5 -20086.6 294.189 -116.476 0.875618
262000 -16264.7 -20082.4 295.63 -18.9701 0.875975
262100 -16174.3 -20070.3 301.684 6.01232 0.876581
262200 -16169.6 -20033.4 299.198 -2.03439 0.877157
262300 -16209.6 -20059.6 298.128 217.549 0.877496
262400 -16333.9 -20134.7 294.32 -72.743 0.875999
262500 -16361.3 -20127.4 291.639 -163.585 0.874865
262600 -16270.2 -20095.7 296.237 54.5352 0.875442
262700 -16225.8 -20116.4 301.274 -38.5535 0.875935
262800 -16247.6 -20083.5 297.035 -14.247 0.876532
262900 -16270.7 -20108.1 297.152 103.923 0.877192
263000 -16327 -20133.9 294.793 41.9534 0.876983
263100 -16346.2 -20161.5 295.44 -73.5184 0.876254
263200 -16290.4 -20133.6 297.602 184.924 0.875824
263300 -16201 -20054.9 298.43 163.868 0.874187
263400 -16156.1 -20038.5 300.637 130.854 0.870608
263500 -16161.6 -19997.4 297.024 -267.87 0.865954
263600 -16160 -20020.1 298.911 -280.462 0.863562
263700 -16229.8 -20039.4 295.001 -219.16 0.863976
263800 -16321.7 -20096.6 292.317 -109.28 0.866693
263900 -16269.6 -20094.4 296.182 199.07 0.870174
264000 -16202.2 -20085.4 300.702 104.223 0.87183
264100 -16197 -20022.8 296.252 -98.3453 0.872633
264200 -16151.6 -20018.6 299.444 145.134 0.873933
264300 -16060.5 -19973.9 303.038 130.104 0.874078
264400 -16055.7 -19959.2 302.276 179.837 0.872781
264500 -16171.3 -20003.8 296.774 -204.422 0.87022
264600 -16200.7 -20039 297.229 -397.748 0.869476
264700 -16187.8 -20028.5 297.415 -175.6 0.872353
264800 -16153 -20028.5 300.103 138.218 0.876684
264900 -16129.1 -20003.5 300.017 16.2367 0.879614
265000 -16134.3 -19998.8 299.247 13.3185 0.882114
265100 -16204.3 -20067.7 299.171 375.923 0.883824
265200 -16288.7 -20119.6 296.651 205.739 0.882272
265300 -16317.6 -20152.8 296.979 104.559 0.878818
265400 -16299.3 -20115.7 295.525 -117.261 0.875331
265500 -16171.6 -20057.6 300.919 -24.2723 0.873315
265600 -16142.5 -20009 299.407 -103.249 0.872047
265700 -16182.6 -20046.7 299.224 -212.093 0.872186
265800 -16246.2 -20067.5 295.901 -65.338 0.873827
265900 -16319.3 -20153 296.869 65.1732 0.875872
266000 -16408.3 -20155.9 290.195 -60.6125 0.87738
266100 -16354.8 -20168.6 295.319 258.556 0.878778
266200 -16316 -20157.3 297.461 155.838 0.878157
266300 -16269.9 -20070.3 294.289 -87.5411 0.876177
266400 -16189.8 -20071.3 300.572 47.767 0.874575
266500 -16195.2 -20055.4 298.916 -79.1506 0.873047
266600 -16201.4 -19991.5 293.488 128.158 0.872117
266700 -16126.7 -19971.7 297.743 176.071 0.870076
266800 -16083.1 -19934.7 298.254 -305.587 0.866988
266900 -16065 -19910.9 297.81 -393.392 0.866436
267000 -16048.9 -19924.6 300.121 28.4189 0.869115
267100 -16112.1 -19963.5 298.241 100.88 0.872183
267200 -16208.7 -20029.3 295.855 -85.4465 0.874539
267300 -16204.9 -20015.2 295.054 215.504 0.876747
267400 -16148.5 -20024.3 300.128 166.747 0.87727
267500 -16152.4 -20019.3 299.44 108.012 0.876006
267600 -16172.1 -20042.7 299.725 -192.639 0.874029
267700 -16197.5 -20058.4 298.975 -145.594 0.873508
267800 -16216 -20038.2 295.979 -25.4631 0.874558
267900 -16195.7 -20043.9 297.989 225.862 0.875615
268000 -16106.8 -19965.8 298.822 0.602451 0.874943
268100 -16014.9 -19907.2 301.406 168.304 0.873817
268200 -16026.7 -19885.7 298.821 -100.653 0.871656
268300 -16092.5 -19960.5 299.517 -434.824 0.870665
268400 -16185.5 -20029.3 297.647 -199.249 0.87326
268500 -16219.8 -20075 298.535 117.927 0.877715
268600 -16238.7 -20079.9 297.448 251.303 0.881055
268700 -16258.5 -20108.7 298.143 40.4701 0.881878
268800 -16324.7 -20115.2 293.516 -188.592 0.882273
268900 -16348.1 -20128.4 292.729 185.212 0.883865
269000 -16255.4 -20118.7 299.16 303.373 0.883763
269100 -16195.4 -20034.9 297.319 87.927 0.881084
269200 -16158.2 -20000.1 297.501 -46.8878 0.877818
269300 -16117.4 -19995.5 300.303 -43.11 0.875832
269400 -16047 -19962.1 303.17 148.749 0.874378
269500 -16013.3 -19920.9 302.589 106.052 0.871904
269600 -16084.2 -19918.4 296.901 -256.779 0.869274
269700 -16155.1 -19984.8 296.558 -44.7333 0.869034
269800 -16193.1 -20060.2 299.453 3.90397 0.869586
269900 -16287.4 -20098.1 295.086 -72.335 0.86999
270000 -16382.6 -20124.8 289.782 48.4239 0.870858
270100 -16330 -20124.8 293.85 72.2221 0.871296
270200 -16254.4 -20082.7 296.449 179.091 0.870718
270300 -16182.2 -20003.4 295.902 -73.5746 0.869071
270400 -16103.5 -19958.9 298.551 -155.939 0.868065
270500 -16085.9 -20001 303.166 52.5798 0.868137
270600 -16144.3 -19971.3 296.35 -294.758 0.868517
270700 -16146.4 -19989.9 297.629 70.0313 0.870989
270800 -16141.6 -20003.1 299.024 151.506 0.873111
270900 -16159.5 -20011.4 298.273 116.91 0.873507
271000 -16240.7 -20044.5 294.553 -46.7144 0.8729
271100 -16319.4 -20141.8 295.996 151.241 0.872369
271200 -16322.3 -20092.5 291.947 -34.1454 0.870866
271300 -16208.3 -20053 297.717 -126.429 0.869587
271400 -16168.1 -20022.6 298.477 -48.4834 0.869369
271500 -16158.9 -20019.3 298.937 -107.02 0.86995
271600 -16157 -19982.2 296.202 159.924 0.87114
271700 -16095.8 -19952.7 298.668 -10.2433 0.871359
271800 -16035.9 -19958.4 303.749 166.638 0.871319
271900 -16081.7 -19897.6 295.493 5.68406 0.869985
272000 -16153.4 -19983.8 296.614 -114.051 0.868383
272100 -16265.6 -20080.4 295.404 -188.75 0.867894
272200 -16281.5 -20104.3 296.027 -18.2806 0.869
272300 -16259.5 -20144.1 300.803 40.3689 0.870616
272400 -16301.6 -20100.5 294.173 41.2195 0.871977
272500 -16357.2 -20152.5 293.897 260.518 0.87278
272600 -16331.6 -20120.1 293.371 -28.748 0.871605
272700 -16233.6 -20096.4 299.125 -51.8428 0.870051
272800 -16200.2 -20058.4 298.769 -127.716 0.869118
272900 -16192.3 -20072.4 300.459 44.3568 0.868937
273000 -16261.3 -20045.2 293.006 -245.899 0.868785
273100 -16295.4 -20080.9 293.136 -88.8473 0.870925
273200 -16199.3 -20060.6 299.003 363.498 0.87409
273300 -16138 -19994.5 298.633 119.475 0.874771
273400 -16133.7 -20015.9 300.626 33.8028 0.873792
273500 -16192 -20050.6 298.796 -103.553 0.872665
273600 -16254 -20055.8 294.4 -23.745 0.872047
273700 -16249 -20076.1 296.35 -180.777 0.871914
273800 -16223.7 -20056 296.756 92.4046 0.873305
273900 -16179.2 -20016.9 297.178 210.476 0.874224
274000 -16123.2 -20020.8 301.818 -150.165 0.873622
274100 -16133.5 -19985.2 298.256 -36.1839 0.873631
274200 -16228.1 -20068.3 297.369 -53.1995 0.874418
274300 -16310.8 -20111.6 294.317 -8.99764 0.875683
274400 -16285.2 -20077.9 293.692 43.9409 0.877144
274500 -16208.7 -20058.7 298.133 -26.51 0.878493
274600 -16190.3 -20044.8 298.48 238.943 0.879585
274700 -16203.2 -20060.5 298.695 97.1309 0.878803
274800 -16236.9 -20019.9 292.943 3.04046 0.876765
274900 -16174.2 -20016 297.499 -172.178 0.874733
275000 -16073.9 -19951.6 300.273 75.7085 0.873952
275100 -16071.2 -19954 300.666 -19.1533 0.872865
275200 -16137.9 -19965.6 296.402 -126.871 0.871813
275300 -16169.8 -19976.2 294.757 -0.935005 0.871883
275400 -16076.7 -19965.4 301.129 -105.714 0.872149
275500 -15993.8 -19912.8 303.47 -21.5393 0.873439
275600 -16048.9 -19917 299.53 -8.62974 0.875091
275700 -16115 -19972.2 298.682 -26.8958 0.8769
275800 -16167.9 -20034.5 299.418 317.378 0.87871
275900 -16220.6 -20031.2 295.082 -112.508 0.878514
276000 -16210.7 -20034.1 296.07 86.1169 0.878666
276100 -16180.3 -20022.6 297.529 -1.03358 0.878281
276200 -16151.3 -20005.2 298.431 43.7491 0.877522
276300 -16126.7 -20012.6 300.914 45.7656 0.876113
276400 -16176 -20017.5 297.471 -245.612 0.874745
276500 -16264.6 -20078.1 295.3 118.163 0.875102
276600 -16275.1 -20108.5 296.844 73.0943 0.874804
276700 -16220.3 -20056.7 297.078 -20.8634 0.873554
276800 -16103.7 -20004.4 302.051 49.5067 0.87212
276900 -16107.2 -19986.6 300.407 -125.388 0.870407
277000 -16156.7 -19980.6 296.105 -126.431 0.869576
277100 -16155.3 -19984.3 296.508 -96.4632 0.869838
277200 -16057.1 -19972.7 303.206 234.641 0.870991
277300 -16004.8 -19932.9 304.177 190.242 0.870279
277400 -16097.9 -19932.1 296.912 -86.8938 0.86723
277500 -16143.3 -19963.4 295.816 -158.16 0.864878
277600 -16121.8 -19962.8 297.433 -313.242 0.864306
277700 -16081.8 -19935.9 298.447 46.7387 0.866118
277800 -16037.4 -19912.4 300.067 155.648 0.868113
277900 -16008 -19900.8 301.444 -36.1905 0.86891
278000 -16053.9 -19942.4 301.115 -48.9313 0.869822
278100 -16147.4 -19951.4 294.565 47.9787 0.871163
278200 -16143.9 -19985.7 297.498 -109.018 0.872496
278300 -16112.7 -19986.2 299.948 120.798 0.874445
278400 -16107.3 -19941.2 296.885 237.192 0.875478
278500 -16086.3 -19973.7 301.029 192.405 0.874292
278600 -16106.7 -19960.3 298.404 -155.474 0.871368
278700 -16169.1 -20009.7 297.405 -97.256 0.86937
278800 -16234.1 -20029.7 293.916 -302.578 0.868938
278900 -16196.3 -20031.4 296.979 -24.6872 0.870853
279000 -16083.3 -19974 301.276 285.59 0.873005
279100 -16092.2 -19990.3 301.85 282.559 0.872726
279200 -16150.5 -19975.9 296.229 -31.2843 0.869913
279300 -16143.8 -19990.6 297.888 20.6197 0.86687
279400 -16124.8 -19979.5 298.491 -232.031 0.863963
279500 -16142.9 -19954.7 295.174 -327.865 0.863552
279600 -16130.7 -19989.5 298.806 93.8929 0.865974
279700 -16119.6 -19982.1 299.097 32.5015 0.867972
279800 -16123.9 -19986.5 299.106 93.1305 0.86947
279900 -16186.5 -20031.1 297.711 145.739 0.869837
280000 -16247.1 -20023.3 292.414 -31.8248 0.868936
280100 -16180.2 -19995.2 295.417 77.8701 0.867989
280200 -16096.4 -19895.1 294.152 -186.675 0.866802
280300 -16040.6 -19897.1 298.634 83.1075 0.866867
280400 -16009.7 -19893.1 300.714 33.4462 0.866423
280500 -16033.5 -19895.4 299.056 -37.4117 0.865547
280600 -16135.2 -19960 296.175 -57.0429 0.865154
280700 -16170.9 -20007.9 297.12 -80.3852 0.865228
280800 -16178.6 -20022 297.622 -9.45888 0.86596
280900 -16179.2 -20024.9 297.793 -133.527 0.867473
281000 -16154.5 -20003.6 298.067 212.173 0.869978
281100 -16045.3 -19983.3 304.944 166.968 0.871165
281200 -16050 -19958.7 302.678 115.365 0.870414
281300 -16142.7 -19970 296.368 -204.7 0.868557
281400 -16154.4 -19987.7 296.834 -200.9 0.868108
281500 -16143.6 -20023.2 300.425 -104.636 0.869791
281600 -16224 -20045.8 295.946 110.635 0.873008
281700 -16315.1 -20105.1 293.486 152.425 0.876108
281800 -16296 -20135.6 297.321 386.228 0.878321
281900 -16271.6 -20101.4 296.563 124.851 0.877206
282000 -16236 -20062.9 296.343 -31.5855 0.874068
282100 -16179.4 -20016.9 297.163 -470.787 0.871576
282200 -16162.6 -20035.6 299.912 120.143 0.872669
282300 -16192.9 -20050.8 298.736 122.805 0.873327
282400 -16244.3 -20076.3 296.739 -195.024 0.872792
282500 -16286.1 -20088.4 294.436 -33.0484 0.873803
282600 -16258.2 -20080 295.945 63.3122 0.875473
282700 -16158.1 -20055.6 301.807 -135.164 0.876846
282800 -16144.8 -20018.8 299.986 122.954 0.879215
282900 -16209.4 -20058.5 298.063 81.4527 0.880877
283000 -16289.8 -20090.5 294.313 -164.285 0.881931
283100 -16273.2 -20081.4 294.894 225.367 0.88402
283200 -16234.5 -20065.9 296.686 224.138 0.884399
283300 -16205.4 -20070.6 299.305 76.1677 0.882465
283400 -16203.2 -20085.1 300.599 -42.8874 0.879608
283500 -16298 -20106.4 294.904 -450.101 0.877622
283600 -16347.1 -20138.6 293.597 -60.3904 0.879168
283700 -16288.7 -20124.5 297.029 256.816 0.881445
283800 -16246.1 -20123.4 300.237 66.5545 0.881757
283900 -16257.3 -20104.7 297.928 -39.9692 0.881362
284000 -16256.8 -20095.5 297.261 131.121 0.881104
284100 -16247.8 -20091.3 297.624 102.768 0.879783
284200 -16235.1 -20083.9 298.037 -172.78 0.877462
284300 -16226.2 -20082.6 298.622 -248.777 0.876445
284400 -16213.9 -20041.6 296.399 -76.0599 0.877743
284500 -16170.9 -20081.6 302.825 213.6 0.879951
284600 -16220.8 -20067.5 297.87 -135.961 0.881158
284700 -16270.4 -20079.5 294.964 149.609 0.882769
284800 -16257.1 -20089.5 296.767 162.439 0.883365
284900 -16166.4 -20052.5 300.926 115.108 0.882506
285000 -16126 -20023.4 301.803 2.1245 0.880414
285100 -16192.5 -20052.2 298.877 165.623 0.87736
285200 -16260.2 -20066.7 294.762 -84.2488 0.872454
285300 -16246.3 -20041.4 293.872 -258.399 0.867799
285400 -16167.5 -19979.8 295.206 -217.149 0.865388
285500 -16098 -19989.4 301.336 36.3919 0.864824
285600 -16111.3 -19950.6 297.302 -273.448 0.864351
285700 -16141.2 -19977.6 297.077 -158.291 0.866166
285800 -16216.1 -20056.4 297.375 -168.324 0.870509
285900 -16298.8 -20130.8 296.735 97.8213 0.876626
286000 -16333.8 -20156.9 296.044 327.355 0.881788
286100 -16325.9 -20154.1 296.445 207.186 0.884011
286200 -16220.1 -20081.5 299.016 293.214 0.883638
286300 -16137.6 -19986.7 298.056 59.1321 0.880793
286400 -16090.8 -19946.3 298.558 -187.816 0.877965
286500 -16093.5 -19983.8 301.251 172.999 0.876533
286600 -16194.9 -19984.7 293.465 23.2324 0.874282
286700 -16219.6 -20025.6 294.718 -173.488 0.872335
286800 -16194.8 -20040.7 297.815 -69.5628 0.871993
286900 -16184.1 -20027.2 297.592 -47.0275 0.872394
287000 -16147.3 -19966.6 295.755 -70.126 0.873386
287100 -16062.4 -19964.5 302.165 70.0113 0.874639
287200 -16077.2 -19962.7 300.879 252.185 0.874753
287300 -16124.5 -19977.7 298.377 -40.2406 0.87333
287400 -16143.6 -19987 297.623 19.8041 0.871871
287500 -16130.6 -19973.4 297.572 -120.464 0.870667
287600 -16095.2 -19970.3 300.073 26.2185 0.870436
287700 -16084.7 -19962.7 300.304 -21.2528 0.870235
287800 -16140.2 -20005.9 299.339 -70.5941 0.870403
287900 -16223.2 -20038.5 295.438 -195.337 0.871172
288000 -16234.8 -20074.3 297.317 -30.8448 0.873513
288100 -16218.8 -20060 297.446 136.973 0.876149
288200 -16155.3 -19982.9 296.394 25.2651 0.87766
288300 -16083.9 -20010.9 304.091 218.779 0.878375
288400 -16150.7 -20005.2 298.482 65.985 0.877216
288500 -16209.4 -20048.8 297.309 -38.8136 0.875334
288600 -16239 -20093.7 298.494 -147.988 0.873975
288700 -16281.7 -20070.5 293.384 -44.1611 0.874218
288800 -16209.9 -20049.7 297.336 198.309 0.874621
288900 -16113.4 -19989 300.108 83.8733 0.873169
289000 -16095 -19979.4 300.793 -196.263 0.8712
289100 -16148.5 -20015.1 299.413 -45.3504 0.870759
289200 -16239.3 -20056 295.545 -70.0234 0.870902
289300 -16243.9 -20049.9 294.72 -274.636 0.87209
289400 -16191.9 -20053.8 299.046 27.2255 0.875423
289500 -16181.7 -20044.9 299.153 43.5437 0.878997
289600 -16199.8 -20062.1 299.085 289.607 0.881992
289700 -16224.4 -20092.2 299.507 288.023 0.882
289800 -16260.7 -20073.5 295.246 113.787 0.879203
289900 -16206.4 -20019.5 295.269 -143.125 0.875875
290000 -16084.6 -19988.4 302.289 186.558 0.873297
290100 -16114.4 -19960.2 297.8 -220.34 0.870332
290200 -16140.8 -19935.4 293.833 -387.392 0.869631
290300 -16074.2 -19952.2 300.297 -41.2797 0.872097
290400 -16036.5 -19939.1 302.202 98.3724 0.87451
290500 -16132.4 -19989 298.642 58.2022 0.875736
290600 -16212.4 -20066.9 298.473 -171.802 0.87661
290700 -16253.9 -20086.6 296.789 -14.8907 0.87838
290800 -16271.5 -20120.8 298.079 147.455 0.879864
290900 -16277.5 -20122.2 297.719 202.805 0.879773
291000 -16277.9 -20082.3 294.595 -227.01 0.87829
291100 -16202.2 -20055.3 298.366 -72.0977 0.878799
291200 -16135.7 -20022.8 301.002 75.1327 0.880064
291300 -16144.5 -20015.7 299.766 102.768 0.880356
291400 -16248.4 -20127.9 300.408 -14.1747 0.8797
291500 -16335.6 -20131.4 293.928 -21.7735 0.879125
291600 -16294.2 -20146.4 298.295 108.725 0.878755
291700 -16255.7 -20102.4 297.875 -22.4069 0.877672
291800 -16201.5 -20049.5 297.979 -317.004 0.876988
291900 -16103.4 -19998.5 301.619 -56.3687 0.878666
292000 -16106.5 -19994 301.039 252.356 0.881006
292100 -16157.7 -20039.5 300.587 -1.12261 0.881507
292200 -16208.8 -20089.3 300.491 -3.47339 0.881668
292300 -16271.9 -20112.9 297.433 98.6675 0.881657
292400 -16282.3 -20098.3 295.5 20.0722 0.8811
292500 -16248.8 -20082.9 296.901 87.5566 0.880088
292600 -16206.5 -20034.9 296.454 -44.8018 0.878158
292700 -16172.4 -20016.8 297.696 -103.32 0.876688
292800 -16179.9 -20045.3 299.324 -5.12737 0.876207
292900 -16204.8 -20037.8 296.811 -78.6131 0.875991
293000 -16177.6 -19995.4 295.632 -93.0935 0.876401
293100 -16068.7 -19981.3 302.982 166.102 0.877226
293200 -16090.9 -19993.6 302.208 -100.305 0.877302
293300 -16156.6 -19965.5 294.941 -56.7256 0.878079
293400 -16142.5 -19989.6 297.903 48.9153 0.879459
293500 -16130.6 -20025.1 301.574 71.1608 0.880567
293600 -16220.2 -20000.5 292.732 -47.3216 0.881315
293700 -16314.6 -20134.5 295.793 17.6623 0.882473
293800 -16385.4 -20130.9 290.044 -10.0255 0.883813
293900 -16271.3 -20070.9 294.23 232.973 0.885252
294000 -16178 -20072.6 301.583 196.322 0.884487
294100 -16190.1 -20012.7 296.008 -137.429 0.88174
294200 -16175 -20016.8 297.495 -117.497 0.879677
294300 -16144.5 -20027.2 300.655 31.104 0.878503
294400 -16163 -20006.7 297.641 228.13 0.876521
294500 -16198.7 -19988.5 293.47 -309.79 0.87279
294600 -16145.6 -19973.2 296.4 -156.195 0.870889
294700 -16043.2 -19900.3 298.678 -303.14 0.87124
294800 -16028.9 -19958.4 304.283 259.715 0.873852
294900 -16113.8 -19969.5 298.574 100.146 0.874719
295000 -16151 -19984.4 296.841 -30.3965 0.874477
295100 -16143.2 -19986 297.572 -101.102 0.874617
295200 -16117.1 -19997.2 300.456 272.39 0.875373
295300 -16101.3 -19957.7 298.622 169.366 0.873768
295400 -16091.8 -19950.6 298.814 0.584921 0.870489
295500 -16110.1 -19967.7 298.716 -210.557 0.867236
295600 -16158.8 -19977.4 295.699 -210.53 0.865799
295700 -16181.3 -19986.9 294.685 -69.8611 0.866592
295800 -16116.1 -20004.1 301.074 54.0045 0.868042
295900 -16052.5 -19934.1 300.582 39.9319 0.869173
296000 -16002.9 -19877.5 300.034 108.157 0.869861
296100 -15943.6 -19848.9 302.415 -9.53792 0.869699
296200 -15950 -19859.4 302.731 -18.8887 0.869404
296300 -16066 -19928.4 299.086 12.3173 0.869156
296400 -16114.6 -19952.7 297.214 86.4381 0.868671
296500 -16114.9 -19938.2 296.065 -259.972 0.867837
296600 -16054.9 -19942 301.001 -58.2016 0.868936
296700 -15998.2 -19882 300.743 27.1023 0.870853
296800 -15984.6 -19881.8 301.789 276.496 0.872603
296900 -16074.2 -19923.6 298.083 222.316 0.872077
297000 -16139.1 -19943.2 294.572 -68.3097 0.869118
297100 -16106.2 -19929.8 296.086 -303.142 0.8669
297200 -16019.7 -19890.8 299.766 -99.1226 0.867159
297300 -15996.8 -19857.1 298.923 -114.032 0.868875
297400 -15987.6 -19809.9 295.981 156.055 0.871431
297500 -15971.7 -19865.5 301.522 77.3236 0.873021
297600 -16030.3 -19883.7 298.396 115.296 0.873504
297700 -16093.3 -19895.5 294.424 -276.841 0.873548
297800 -16084.3 -19923.4 297.289 95.4867 0.875588
297900 -16081.3 -19945 299.189 -2.46919 0.877816
298000 -16106.8 -19954.2 297.925 311.88 0.879591
298100 -16166.4 -20014.9 298.012 184.62 0.878791
298200 -16231.3 -19982.1 290.446 -190.743 0.876175
298300 -16144.6 -19997.8 298.381 -43.9408 0.874255
298400 -16081.6 -19934.5 298.356 -114.576 0.872883
298500 -16079.3 -19958.4 300.376 178.817 0.872053
298600 -16138.6 -19982.5 297.657 -12.8058 0.869649
298700 -16182.5 -19944 291.281 -188.319 0.866834
298800 -16100 -19932.4 296.771 -60.9872 0.865095
298900 -16062.6 -19907.3 297.716 -253.659 0.864039
299000 -16030.4 -19858.9 296.466 -199.44 0.865475
299100 -15977 -19877.8 302.062 346.039 0.868771
299200 -16008.2 -19860.1 298.281 85.2942 0.869697
299300 -16120.7 -19947.8 296.352 -261.004 0.869758
299400 -16170.7 -20005.1 296.922 -256.372 0.872141
299500 -16169.6 -20023.9 298.465 138.471 0.87722
299600 -16189.2 -20050.8 299.026 219.899 0.881193
299700 -16299.3 -20084.3 293.097 73.6488 0.883025
299800 -16314.1 -20109.3 293.881 95.131 0.883995
299900 -16256.9 -20075.9 295.727 -2.35969 0.884175
300000 -16220.1 -20073.3 298.381 157.467 0.883922
300100 -16207.1 -20026.4 295.749 79.5916 0.882354
300200 -16133.3 -19958.1 296.174 165.303 0.879977
300300 -16055.6 -19905.6 298.126 103.847 0.875883
300400 -16031.9 -19893.4 299.019 -282.6 0.871289
300500 -16047.9 -19907.4 298.867 -143.497 0.869341
300600 -16104.8 -19876.4 292.061 -135.25 0.869125
300700 -16071.6 -19906.5 296.957 55.6154 0.869993
300800 -15971.6 -19827.7 298.596 -37.5737 0.870484
300900 -15937.2 -19853 303.227 -55.4645 0.871389
301000 -16018.5 -19915.3 301.75 -22.332 0.872843
301100 -16094.2 -19987.5 301.48 -107.987 0.874478
301200 -16171.2 -20034.2 299.133 -203.534 0.877446
301300 -16237.8 -20081.2 297.613 233.052 0.881532
301400 -16277.5 -20085.1 294.845 222.024 0.883534
301500 -16226.2 -20088.5 299.08 375.266 0.882853
301600 -16127 -20044.8 303.378 11.6754 0.879231
301700 -16115.5 -19942.7 296.369 28.157 0.875341
301800 -16054.9 -19898.6 297.64 -60.5503 0.872119
301900 -15948.3 -19855.1 302.534 191.878 0.869564
302000 -15976.8 -19867.4 301.269 -203.619 0.866376
302100 -16075.2 -19937.9 299.114 -219.018 0.865018
302200 -16137 -19975 297.197 -39.7079 0.86582
302300 -16149.8 -19982 296.75 -34.5162 0.867101
302400 -16097.8 -19935.4 297.166 21.6935 0.868497
302500 -15996 -19929.6 304.602 102.191 0.869614
302600 -16026.5 -19917.7 301.321 -15.9653 0.869964
302700 -16080 -19959.8 300.438 151.047 0.87005
302800 -16138 -19970.5 296.774 -121.108 0.869127
302900 -16137.6 -19947.7 295.036 -314.864 0.869339
303000 -16082.4 -19996.3 303.082 -86.8445 0.872329
303100 -16137.7 -19997.3 298.875 0.522608 0.876391
303200 -16204.2 -20046.6 297.539 306.87 0.879721
303300 -16217.6 -20060.2 297.555 18.0405 0.880547
303400 -16223.9 -20068 297.667 130.981 0.880638
303500 -16213.1 -20057.1 297.662 269.106 0.879301
303600 -16196.9 -20118.6 303.679 -187.396 0.876017
303700 -16287.5 -20090.8 294.51 -196.429 0.874248
303800 -16302.8 -20102.1 294.204 -74.3023 0.87463
303900 -16236.1 -20080.1 297.667 64.5038 0.875597
304000 -16199.5 -20058.5 298.823 -42.1189 0.876197
304100 -16205.7 -20079 299.93 49.7582 0.876894
304200 -16232.6 -20084.4 298.267 -43.0736 0.877431
304300 -16261.1 -20096.9 297.032 220.153 0.877868
304400 -16305.2 -20136.7 296.696 -121.756 0.876873
304500 -16409.3 -20198.9 293.452 182.071 0.876288
304600 -16418.6 -20215.6 294.027 -106.259 0.874806
304700 -16325.5 -20136.6 295.116 129.24 0.873543
304800 -16235.6 -20067.7 296.743 -127.027 0.871633
304900 -16195 -20063.6 299.569 -158.329 0.870693
305000 -16190 -20024.8 296.954 154.626 0.870866
305100 -16141.8 -20019.3 300.259 -122.157 0.870204
305200 -16078.8 -19997.1 303.414 -98.6231 0.870149
305300 -16140.7 -20009.6 299.597 45.0574 0.871127
305400 -16215.7 -20035.3 295.775 38.2478 0.872124
305500 -16235.7 -20121.9 300.931 48.8375 0.872657
305600 -16297.2 -20125.8 296.466 -10.3662 0.872768
305700 -16299.6 -20107 294.828 7.10475 0.872846
305800 -16179.8 -20042.9 299.15 56.3772 0.872811
305900 -16123.7 -20033.8 302.786 192.119 0.872156
306000 -16190 -20031.3 297.456 -43.1873 0.869488
306100 -16239.3 -20068 296.475 -230.336 0.866632
306200 -16227.5 -20026.9 294.215 -243.519 0.865735
306300 -16117.1 -20032.2 303.169 -318.791 0.867463
306400 -16114.3 -20016 302.132 180.176 0.872431
306500 -16196.1 -20107.5 302.887 246.66 0.876978
306600 -16286 -20173.2 301.011 332.419 0.879034
306700 -16364 -20222.8 298.808 -134.217 0.878517
306800 -16422.3 -20244.5 295.976 28.1364 0.878746
306900 -16421.1 -20242 295.877 59.8854 0.878808
307000 -16320.4 -20168.9 298.016 -121.639 0.878514
307100 -16239.1 -20101 299.054 540.988 0.878349
307200 -16232.1 -20064.2 296.745 -92.877 0.873964
307300 -16200.4 -20059.5 298.839 -341.008 0.870016
307400 -16142.8 -20008.9 299.374 122.335 0.868947
307500 -16049.9 -19950.2 302.02 73.6101 0.867346
307600 -16041.7 -19956.3 303.125 -16.8457 0.864997
307700 -16167.2 -20024 298.657 108.263 0.862625
307800 -16201.7 -20024.3 296.012 -491.903 0.860177
307900 -16170 -20048.2 300.31 -122.509 0.861289
308000 -16187 -20040.8 298.43 -230.385 0.864653
308100 -16231 -20045.7 295.396 153.774 0.869288
308200 -16245.3 -20104 298.802 183.765 0.872456
308300 -16310.7 -20104.2 293.754 26.5228 0.873858
308400 -16310.9 -20135.9 296.192 -55.5637 0.874882
308500 -16229.3 -20108.3 300.375 222.782 0.875945
308600 -16162.6 -20011.9 298.075 101.919 0.875364
308700 -16104.5 -20022.6 303.401 -57.6163 0.873881
308800 -16105.8 -19982 300.156 56.5374 0.872601
308900 -16190 -20024.1 296.899 -276.915 0.871452
309000 -16247.1 -20062.8 295.47 -64.3571 0.872466
309100 -16246.9 -20090.4 297.62 27.3742 0.874363
309200 -16190 -20028.8 297.259 90.5171 0.875914
309300 -16088.9 -19971.8 300.68 136.366 0.876452
309400 -16078.1 -19966.5 301.101 155.334 0.875546
309500 -16141.3 -19995.2 298.428 68.5758 0.873155
309600 -16185.5 -20025.4 297.345 15.0627 0.870158
309700 -16191.8 -20047 298.531 -77.6055 0.867361
309800 -16205.6 -20071.4 299.353 -142.652 0.865245
309900 -16249.6 -20047.5 294.097 -297.649 0.864786
310000 -16253.2 -20083.1 296.57 -153.367 0.867039
310100 -16175.1 -20034.2 298.834 -122.072 0.870886
310200 -16106.4 -20003.9 301.807 207.653 0.875083
310300 -16138.6 -20046.1 302.586 38.0773 0.877416
310400 -16239 -20091.4 298.318 37.8287 0.878891
310500 -16275.8 -20120.1 297.685 122.039 0.879714
310600 -16275.9 -20062.6 293.225 197.784 0.879084
310700 -16189.8 -20072 300.624 143.05 0.87692
310800 -16162.2 -19994.1 296.725 -154.12 0.87407
310900 -16133.2 -19969.2 297.046 124.849 0.872687
311000 -16111.4 -20001.3 301.221 -60.69 0.870991
311100 -16130.1 -19954.6 296.157 -166.68 0.86973
311200 -16127.6 -20025.8 301.867 27.7092 0.870188
311300 -16195.9 -20027.9 296.731 -119.797 0.870779
311400 -16224.9 -20037.7 295.255 -83.1791 0.872126
311500 -16198.7 -20058.9 298.921 -99.3442 0.874398
311600 -16195.7 -20038.8 297.595 172.889 0.877078
311700 -16180.2 -20017.9 297.173 95.3805 0.878193
311800 -16067.9 -19964.2 301.712 245.616 0.877906
311900 -16021.8 -19924.4 302.207 175.536 0.875589
312000 -16078.1 -19932.8 298.493 -11.3302 0.871625
312100 -16131.4 -19950.7 295.752 -308.227 0.868325
312200 -16153.8 -20002 297.989 -16.6603 0.867713
312300 -16218.9 -20006.9 293.334 74.9852 0.867572
312400 -16238.8 -20020.4 292.833 -249.195 0.867181
312500 -16142.3 -19998.7 298.631 13.3312 0.868435
312600 -16110.8 -20004.2 301.493 -80.8245 0.869965
312700 -16167.1 -20002.6 297.004 -50.6458 0.872378
312800 -16201.8 -20051.7 298.124 86.0637 0.875188
312900 -16248.2 -20072.1 296.11 -21.4477 0.876994
313000 -16353.4 -20145.8 293.663 163.07 0.878541
313100 -16365 -20149.2 293.031 -11.8101 0.879131
313200 -16260.5 -20059.2 294.155 150.887 0.8794
313300 -16192 -20052.1 298.912 31.5705 0.878533
313400 -16178.3 -20058.4 300.467 54.1428 0.876996
313500 -16219.8 -20003 292.96 -1.32958 0.875016
313600 -16168.1 -19982.9 295.402 33.5834 0.873085
313700 -16082 -19956.7 300.036 109.368 0.87056
313800 -16083.9 -19919.8 297.041 -177.866 0.867464
313900 -16066.9 -19915.7 298.038 -208.578 0.866011
314000 -16005.9 -19899.1 301.476 2.96145 0.866254
314100 -15943.3 -19838.6 301.637 -143.088 0.867214
314200 -15937.9 -19861.6 303.83 57.4287 0.869056
314300 -16052.4 -19888.9 297.081 14.8828 0.870668
314400 -16097.2 -19979.5 300.631 49.4448 0.872026
314500 -16167.1 -20000.9 296.876 20.1494 0.872665
314600 -16188.7 -19984 293.895 -169.557 0.873394
314700 -16115.8 -19941.8 296.272 62.4147 0.875511
314800 -16070.3 -19963.5 301.472 56.9441 0.877424
314900 -16111.9 -19996 300.766 -183.026 0.878892
315000 -16190.9 -20038.1 297.913 -64.2813 0.88184
315100 -16239.1 -20083.8 297.716 269.957 0.885253
315200 -16274.9 -20106.9 296.74 88.3113 0.886471
315300 -16292.5 -20105.8 295.284 36.6431 0.886519
315400 -16252.6 -20139.3 300.969 250.985 0.885938
315500 -16235.2 -20092.6 298.697 14.4542 0.883517
315600 -16229.9 -20086.6 298.652 312.114 0.880042
315700 -16247.6 -20072.9 296.215 -167.23 0.874827
315800 -16219 -20044.6 296.241 -10.1305 0.87104
315900 -16120.4 -19944.6 296.131 -48.6396 0.868235
316000 -16039.2 -19907.4 299.539 -275.612 0.866853
316100 -16036.6 -19891.5 298.506 181.499 0.867506
316200 -16056.7 -19911.6 298.506 -260.754 0.867277
316300 -16119.2 -19965.2 297.821 -210.781 0.8688
316400 -16224.5 -20032.9 294.91 -163.829 0.872408
316500 -16233.5 -20075.3 297.493 171.451 0.876499
316600 -16199.6 -20035.1 297.005 25.8324 0.878773
316700 -16092.2 -19986.4 301.557 339.182 0.879646
316800 -16060.7 -19951.4 301.287 62.5722 0.878036
316900 -16107.8 -19981.5 299.961 36.9709 0.875804
317000 -16153.6 -19975.2 295.928 -84.7205 0.873785
317100 -16147.7 -19984.6 297.115 -55.9037 0.872811
317200 -16131.5 -20006.8 300.091 60.2672 0.872173
317300 -16148.4 -19994.8 297.855 123.016 0.870929
317400 -16204.7 -20037.5 296.8 94.818 0.868643
317500 -16319.4 -20072 290.591 -447.788 0.866304
317600 -16285 -20055.2 291.955 7.73198 0.867466
317700 -16220.6 -20068.5 297.97 131.631 0.868875
317800 -16176.9 -20018.2 297.454 74.9827 0.868918
317900 -16113.2 -19949 297.029 -81.5491 0.868571
318000 -16032.6 -19937.8 302.403 194.114 0.868355
318100 -16035.6 -19902.3 299.415 51.0599 0.866721
318200 -16063.2 -19928.1 299.284 -213.421 0.864925
318300 -16084.5 -19927.5 297.583 -126.803 0.864877
318400 -16095 -19942.2 297.909 -16.9202 0.866257
318500 -16125.3 -19970.9 297.793 18.1668 0.867762
318600 -16186.1 -19977.3 293.576 -15.7834 0.868875
318700 -16167.5 -19992.8 296.217 21.0996 0.870161
318800 -16085.2 -19980.5 301.636 244.22 0.871222
318900 -16072.2 -19932.8 298.956 -54.4066 0.870346
319000 -16127.7 -19939.3 295.161 -126.111 0.869558
319100 -16189.1 -19962.7 292.211 -96.1506 0.869998
319200 -16141.6 -19983.6 297.509 -6.74403 0.871506
319300 -16062.2 -19947.3 300.849 277.491 0.872883
319400 -16062.3 -19914.6 298.308 190.58 0.871842
319500 -16099.3 -19947.6 297.995 -250.344 0.869231
319600 -16200.8 -20032.7 296.726 -184.566 0.868583
319700 -16267.7 -20089.8 295.966 29.5463 0.869642
319800 -16259.5 -20047.3 293.313 70.5945 0.870377
319900 -16160.6 -20018.1 298.714 20.8794 0.87079
320000 -16120 -19978.3 298.771 45.0148 0.871153
320100 -16121.7 -19997.8 300.152 127.476 0.870936
320200 -16198.6 -20014.5 295.492 45.0646 0.869525
320300 -16270.7 -20077.1 294.754 -34.4395 0.86708
320400 -16242.6 -20043.8 294.35 -228.063 0.864744
320500 -16097.6 -19963 299.325 -217.887 0.864212
320600 -16068.6 -19944.9 300.169 29.3074 0.865603
320700 -16100.2 -19947.5 297.923 26.9875 0.867276
320800 -16147.9 -19970.3 295.993 -136.474 0.86927
320900 -16188.3 -20061.8 299.944 10.5014 0.872974
321000 -16287.4 -20126 297.248 280.177 0.87707
321100 -16338.4 -20154.5 295.505 217.097 0.878931
321200 -16318.6 -20149.2 296.625 178.991 0.878577
321300 -16268.2 -20124.7 298.633 153.484 0.876331
321400 -16170.7 -20033.6 299.128 28.2627 0.872279
321500 -16059.6 -19961.1 302.12 -158.704 0.868014
321600 -16080 -19976.2 301.701 -221.479 0.865222
321700 -16146.1 -19981.2 296.975 -333.074 0.864638
321800 -16190.6 -20045.3 298.493 -290.018 0.867437
321900 -16265.8 -20108.1 297.53 177.132 0.87274
322000 -16338.2 -20140.7 294.448 304.301 0.876402
322100 -16339.7 -20174.5 296.95 347.343 0.876667
322200 -16314.4 -20150.8 297.072 -46.1919 0.873975
322300 -16301.2 -20124.7 296.079 -7.63 0.871452
322400 -16241.9 -20036.1 293.815 -84.0543 0.869633
322500 -16140.6 -19996.3 298.575 -149.97 0.868754
322600 -16104.9 -19962.5 298.722 -84.415 0.869191
322700 -16119.5 -20016.9 301.801 -17.6022 0.870669
322800 -16227 -20053.3 296.297 89.0619 0.872009
322900 -16266.4 -20096.3 296.574 -4.80362 0.872422
323000 -16239.6 -20054.3 295.394 -84.5853 0.872832
323100 -16165.1 -20025.9 298.966 87.5604 0.874073
323200 -16114.2 -19999.6 300.872 114.733 0.874449
323300 -16130 -19991.5 299.014 88.1984 0.873525
323400 -16160.3 -20044.6 300.781 -69.8641 0.872227
323500 -16212.7 -20011.8 294.187 141.878 0.871124
323600 -16190.4 -20031.2 297.418 -64.9524 0.869105
323700 -16076.4 -19952 300.118 -93.4765 0.867574
323800 -16019.1 -19918.7 301.971 -169.637 0.867093
323900 -16050.2 -19901.8 298.258 -231.576 0.868289
324000 -16092.6 -19960.1 299.482 194.837 0.871095
324100 -16172.4 -19992 295.78 -62.4071 0.873132
324200 -16237.3 -20091.7 298.476 203.172 0.875009
324300 -16375 -20165 293.481 186.014 0.875152
324400 -16397.9 -20191.1 293.73 -0.97395 0.873452
324500 -16320 -20120.5 294.295 -220.586 0.871814
324600 -16222.5 -20053.1 296.634 131.711 0.871868
324700 -16169.9 -20031.3 299.017 -27.2838 0.871271
324800 -16157.4 -20011.1 298.421 -96.8912 0.870737
324900 -16161.1 -20000 297.267 19.7187 0.870962
325000 -16131.8 -19964.8 296.819 4.6249 0.871196
325100 -16059.5 -19952.2 301.438 115.985 0.871319
325200 -16050.4 -19932.2 300.592 75.1815 0.870278
325300 -16137.4 -19959.7 295.983 -73.1965 0.86845
325400 -16195.2 -20014 295.711 -171.923 0.867085
325500 -16188.6 -20047.9 298.848 -223.811 0.867224
325600 -16182.6 -20003 295.836 37.3428 0.869589
325700 -16169.2 -20030.3 298.993 95.7064 0.873002
325800 -16184.9 -20042.7 298.734 297.762 0.876444
325900 -16193.8 -19967.1 292.191 120.311 0.877958
326000 -16073.6 -19954.5 300.526 39.1781 0.878479
326100 -16051.4 -19952.9 302.113 87.083 0.878491
326200 -16123 -19971.5 298.011 130.377 0.877433
326300 -16182.5 -20040.7 298.767 28.5146 0.875027
326400 -16211.3 -20028.3 295.567 -100.8 0.871904
326500 -16178.4 -20013.9 297.009 -23.5124 0.869414
326600 -16044.4 -19918.3 299.983 -92.7307 0.867238
326700 -15990.9 -19831.7 297.415 -232.528 0.865979
326800 -15979.2 -19865 300.902 -45.4128 0.866854
326900 -16031.8 -19879.8 297.972 -105.792 0.868574
327000 -16134 -19976.2 297.527 128.971 0.871026
327100 -16181.7 -20003.3 295.923 -110.668 0.873004
327200 -16161 -20001.8 297.421 378.221 0.875122
327300 -16134.5 -20004.2 299.654 121.818 0.874305
327400 -16149.4 -19986.6 297.139 -92.4365 0.872093
327500 -16213.7 -20013.8 294.265 -124.946 0.870703
327600 -16225.8 -20038.8 295.266 -80.6632 0.870367
327700 -16150 -19996.2 297.833 -169.833 0.871314
327800 -16078 -19952.5 300.028 126.223 0.873486
327900 -16071.3 -19966 301.592 95.0441 0.874733
328000 -16132.8 -19999.1 299.394 200.004 0.874909
328100 -16160.2 -20013.2 298.363 129.28 0.873216
328200 -16170.8 -20026.3 298.559 -30.7382 0.870208
328300 -16190.3 -20038.5 297.986 -214.61 0.867302
328400 -16245.3 -20046.9 294.382 -103.387 0.866096
328500 -16259.7 -20054.5 293.85 -41.8608 0.865934
328600 -16159.6 -20010.1 298.164 -168.932 0.86638
328700 -16091.7 -19949.9 298.766 49.174 0.868504
328800 -16089.5 -19967.6 300.303 184.427 0.870451
328900 -16151.1 -19993.5 297.538 15.4614 0.871031
329000 -16258 -20100.1 297.515 26.6224 0.871323
329100 -16312.7 -20102.8 293.492 311.093 0.870969
329200 -16265.9 -20086.6 295.863 79.7927 0.867724
329300 -16178.8 -19968.6 293.463 -306.278 0.863428
329400 -16089 -19955.5 299.409 -115.446 0.861259
329500 -16066.6 -19907.9 297.455 -267.224 0.860475
329600 -16073.6 -19992.4 303.46 -158.539 0.862306
329700 -16189.7 -20030.7 297.435 -113.37 0.866137
329800 -16237.3 -20072.4 296.975 222.559 0.871036
329900 -16232 -20050.4 295.686 299.627 0.874144
330000 -16170.1 -20062.4 301.399 10.0747 0.874502
330100 -16127.3 -20017.9 301.272 -14.5663 0.87463
330200 -16157.4 -20018.7 299.004 139.788 0.874639
330300 -16243.3 -20044.2 294.321 -99.8718 0.873583
330400 -16250.7 -20088.3 297.167 -49.1589 0.873072
330500 -16192.8 -20052.4 298.873 -185.998 0.873223
330600 -16103.2 -20013.2 302.777 -166.292 0.875174
330700 -16101.8 -19992.3 301.268 235.205 0.878533
330800 -16242.2 -20123.3 300.534 158.723 0.880448
330900 -16315.2 -20139.9 296.17 283.416 0.880303
331000 -16318.3 -20134.1 295.482 -52.2892 0.877637
331100 -16239.8 -20058 295.669 -20.5061 0.875088
331200 -16167.5 -20060.9 301.494 -151.574 0.872801
331300 -16182.1 -20019.3 297.135 -176.093 0.871568
331400 -16191.1 -20032.2 297.446 -15.1811 0.872026
331500 -16210.5 -20049.6 297.284 28.7215 0.872824
331600 -16235.2 -20067.5 296.762 -83.5932 0.873889
331700 -16244.5 -20098.7 298.45 168.642 0.875702
331800 -16255.2 -20072 295.556 -3.81118 0.876221
331900 -16205.2 -20053.1 297.963 -89.7723 0.876908
332000 -16111 -19976.8 299.356 120.689 0.878398
332100 -16077.9 -19978.7 302.067 416.063 0.878822
332200 -16145.8 -20050.8 302.39 -74.2201 0.875731
332300 -16197.1 -20016.3 295.743 -201.107 0.872304
332400 -16172.2 -20016.2 297.67 -137.608 0.870531
332500 -16129.3 -20006.7 300.25 -128.702 0.869912
332600 -16102.1 -19951.7 298.102 -156.507 0.870574
332700 -16053.1 -19967.9 303.15 38.7822 0.872835
332800 -16097.9 -19970.2 299.857 160.151 0.875164
332900 -16204.7 -20066.7 299.065 43.4605 0.876382
333000 -16249.7 -20058.1 294.909 2.47369 0.877084
333100 -16205.8 -20057.3 298.251 -22.8233 0.877838
333200 -16159 -20020.6 299.026 73.551 0.878676
333300 -16167.8 -20048.3 300.486 258.913 0.878692
333400 -16297.7 -20116 295.673 -280.832 0.876881
333500 -16327.6 -20120.9 293.738 -174.277 0.877181
333600 -16256.8 -20130.3 299.954 134.325 0.879318
333700 -16221.9 -20086.3 299.249 123.119 0.880429
333800 -16234.4 -20104.5 299.682 181.708 0.880345
333900 -16324.9 -20114.4 293.441 75.498 0.878379
334000 -16339.7 -20146.9 294.807 8.65059 0.875374
334100 -16253.1 -20123 299.673 -22.803 0.872175
334200 -16163.9 -20029.5 299.336 -274.591 0.869196
334300 -16137.6 -19983.5 297.812 -131.572 0.868349
334400 -16125.6 -19953.4 296.409 -209.762 0.869272
334500 -16090.1 -19970.5 300.482 134.396 0.871893
334600 -16099.7 -19975.5 300.129 44.2427 0.873803
334700 -16209 -20041.4 296.761 -72.17 0.875423
334800 -16268.6 -20121.8 298.379 73.0279 0.877625
334900 -16290.6 -20109.7 295.741 280.046 0.87895
335000 -16243 -20082.4 297.311 150.591 0.877717
335100 -16135.3 -20017 300.583 72.0354 0.874985
335200 -16117.7 -19990 299.851 -151.263 0.871591
335300 -16146.3 -20039.5 301.475 -90.7318 0.869205
335400 -16205.4 -20039 296.859 -212.673 0.868021
335500 -16214 -20053.7 297.333 -442.978 0.869167
335600 -16200 -20033.9 296.885 -119.846 0.874319
335700 -16157.2 -19991.7 296.93 130.149 0.880837
335800 -16037.5 -19981.7 305.421 441.885 0.885098
335900 -16037.1 -19955.1 303.401 264.08 0.884947
336000 -16106.9 -19964.3 298.7 312.288 0.882127
336100 -16177.7 -20059.2 300.567 103.922 0.877831
336200 -16230.2 -20016.2 293.178 40.4228 0.873641
336300 -16180.8 -20010.3 296.541 -183.234 0.870404
336400 -16128.3 -19963.8 297.006 -296.081 0.869914
336500 -16097.5 -19936.7 297.294 0.215252 0.871703
336600 -16088 -19970.3 300.623 214.711 0.873197
336700 -16132 -19985.9 298.431 -11.5588 0.872907
336800 -16210.9 -20010.2 294.205 -176.521 0.872423
336900 -16310.5 -20042 288.955 56.4044 0.873478
337000 -16269.4 -20074 294.618 96.7901 0.874482
337100 -16141.6 -19962.9 295.905 65.5604 0.874334
337200 -16078.5 -19960.5 300.606 -132.118 0.873768
337300 -16096 -19976.3 300.476 -37.3865 0.874301
337400 -16188 -20065.4 300.253 280.334 0.87483
337500 -16257.1 -20068.4 295.131 -58.4508 0.873398
337600 -16238.7 -20064.3 296.237 -100.532 0.87222
337700 -16181.9 -20010.8 296.5 -101.114 0.871893
337800 -16111.6 -19977.3 299.35 14.5656 0.87245
337900 -16117.9 -20002.7 300.818 202.302 0.872761
338000 -16144 -19957 295.258 -130.509 0.87162
338100 -16103.4 -19961.5 298.757 36.5227 0.871126
338200 -16032.2 -19907.3 300.079 -113.25 0.870697
338300 -15938.7 -19831.2 301.423 149.629 0.870922
338400 -15868.2 -19788 303.529 -94.0873 0.870265
338500 -15852.8 -19761.4 302.664 -187.324 0.870249
338600 -15965.3 -19857.2 301.372 130.525 0.871904
338700 -16064.5 -19908.5 297.662 -103.374 0.872963
338800 -16100.6 -19943.6 297.589 -39.3494 0.87476
338900 -16133.5 -19992.2 298.802 136.837 0.877263
339000 -16222 -20042.1 295.818 47.6888 0.879008
339100 -16261.4 -20066.7 294.669 149.673 0.88015
339200 -16196.1 -19990 293.786 -52.4866 0.880261
339300 -16109.4 -19958.2 298.042 -25.1171 0.880648
339400 -16111.1 -19990.1 300.376 277.341 0.880949
339500 -16175.5 -20014 297.237 179.823 0.878816
339600 -16228.1 -20082.3 298.457 -351.277 0.874906
339700 -16292.9 -20085.7 293.695 -92.1948 0.873295
339800 -16275.1 -20095.3 295.824 -42.6685 0.872935
339900 -16156.5 -20027.4 299.752 -29.8001 0.872889
340000 -16124.5 -19967.1 297.561 -267.402 0.873587
340100 -16101.5 -19947.3 297.804 -51.974 0.876836
340200 -16081.4 -19986.4 302.389 220.529 0.880972
340300 -16186.8 -20026.2 297.311 285.817 0.883416
340400 -16255.7 -20090.3 296.933 258.931 0.882847
340500 -16262.3 -20110.6 297.997 55.8159 0.879534
340600 -16260.6 -20073 295.224 -213.687 0.875881
340700 -16174.3 -20018.8 297.696 109.758 0.873838
340800 -16107.7 -19998.5 301.285 87.6918 0.871155
340900 -16135.2 -19983 297.958 -201.763 0.867573
341000 -16189.4 -20017.8 296.461 -449.187 0.866387
341100 -16254.3 -20024.7 291.962 -100.471 0.869028
341200 -16220.5 -20043.7 296.053 107.582 0.872649
341300 -16131.4 -20033.3 302.149 141.196 0.875126
341400 -16130.6 -19943.6 295.263 -78.1554 0.876359
341500 -16088 -19984.4 301.723 84.8367 0.878047
341600 -16033.6 -19916.2 300.651 191.899 0.878525
341700 -16011.6 -19954.6 305.333 78.3454 0.877205
341800 -16123.9 -19983.2 298.856 76.0327 0.875321
341900 -16191.5 -20029.8 297.227 -156.133 0.87336
342000 -16203.4 -20029.7 296.294 -12.1467 0.872748
342100 -16169.4 -20061.7 301.405 5.5357 0.872479
342200 -16171.1 -20048.3 300.231 30.9836 0.872097
342300 -16251.7 -20027.2 292.368 -83.6436 0.871627
342400 -16245.5 -20080.9 296.999 -241.816 0.872114
342500 -16154.4 -20029.5 300.077 -80.8389 0.874475
342600 -16103.2 -20036.6 304.589 -69.5473 0.877287
342700 -16164.8 -20030.8 299.366 50.4887 0.87992
342800 -16195.6 -20036.5 297.424 74.6611 0.881716
342900 -16193.2 -20027.6 296.921 -58.9172 0.882912
343000 -16164.8 -20055.6 301.291 271.808 0.883862
343100 -16196.6 -20050.3 298.415 -11.3387 0.88268
343200 -16270.8 -20052.2 292.817 -168.327 0.881682
343300 -16239.5 -20101.6 299.068 208.735 0.881722
343400 -16139.2 -20012.4 299.922 -24.4836 0.880382
343500 -16068.7 -20014.1 305.519 25.0147 0.879064
343600 -16127.1 -20004.7 300.262 -29.0795 0.877478
343700 -16142.2 -19967 296.178 -195.139 0.876274
343800 -16126.1 -20000.3 299.999 242.79 0.876581
343900 -16164.6 -20010.3 297.801 62.6155 0.875338
344000 -16249.6 -20064.7 295.428 -136.626 0.87327
344100 -16307 -20131.8 296.174 -218.319 0.872544
344200 -16343.9 -20161.1 295.593 -67.93 0.873985
344300 -16390.1 -20155.7 291.592 -3.73139 0.876225
344400 -16312.6 -20108.4 293.931 -68.5743 0.878504
344500 -16215.8 -20063.4 297.943 173.385 0.881094
344600 -16179.7 -20051.2 299.792 157.721 0.882516
344700 -16209.4 -20076.4 299.447 218.509 0.882184
344800 -16292.3 -20108.6 295.52 -139.43 0.879972
344900 -16324.1 -20090.7 291.669 -113.962 0.878708
345000 -16206.2 -20085.1 300.369 188.328 0.878376
345100 -16171.3 -20059 301.048 -152.8 0.876819
345200 -16227.4 -20063.4 297.045 -194.984 0.876278
345300 -16255.1 -20046.3 293.572 172.367 0.877412
345400 -16178.5 -20040.1 299.025 209.938 0.877418
345500 -16112.2 -19985.4 299.93 -9.63767 0.875453
345600 -16117.2 -19997.6 300.476 -57.9699 0.87315
345700 -16149.4 -20008.5 298.836 -28.0312 0.871346
345800 -16178.5 -20038.1 298.868 23.4191 0.869678
345900 -16240.8 -20041.5 294.312 -34.188 0.86777
346000 -16302.1 -20083.3 292.798 -144.179 0.866208
346100 -16286.5 -20092.9 294.75 -357.535 0.866195
346200 -16184 -20037.1 298.375 -232.528 0.869595
346300 -16135.1 -20056.5 303.663 133.899 0.875557
346400 -16202.4 -20059.9 298.711 384.709 0.880415
346500 -16258.9 -20094.1 296.983 97.2299 0.881858
346600 -16263.9 -20130.7 299.43 98.6998 0.881938
346700 -16300.7 -20137.9 297.136 176.361 0.881075
346800 -16352.7 -20135.4 292.914 153.451 0.878414
346900 -16316.2 -20098.4 292.878 0.558863 0.87452
347000 -16187.5 -19994.7 294.815 206.436 0.87081
347100 -16110 -19971.7 299.035 -20.9242 0.866259
347200 -16065.2 -19921.1 298.581 -170.436 0.862517
347300 -16025.9 -19905.4 300.415 -250.225 0.861417
347400 -16026 -19903.1 300.232 187.614 0.862053
347500 -16113.4 -19964.8 298.232 -106.429 0.861592
347600 -16197.5 -20005.4 294.865 -125.069 0.861991
347700 -16185.7 -20020.6 296.957 1.36292 0.86351
347800 -16132.4 -19972.7 297.373 179.543 0.864517
347900 -16036.4 -19926.7 301.253 86.0726 0.864013
348000 -15955 -19883.3 304.194 -59.3685 0.862926
348100 -16047.5 -19903.3 298.581 -73.2744 0.862036
348200 -16137.1 -19929.7 293.682 -318.491 0.862362
348300 -16082.8 -19927.4 297.715 -191.349 0.865661
348400 -16022.5 -19897.2 300.042 300.923 0.869994
348500 -16010.7 -19896.6 300.911 88.7382 0.871758
348600 -16101.6 -19948.3 297.874 -60.6189 0.872458
348700 -16166.9 -19994.2 296.371 15.6171 0.873457
348800 -16159 -19989.1 296.59 122.678 0.874216
348900 -16112.8 -19964.9 298.288 178.336 0.873813
349000 -16016.3 -19902.6 300.938 -100.633 0.872025
349100 -15915.5 -19830.6 303.167 227.837 0.870522
349200 -15941.1 -19865.2 303.866 299.817 0.867145
349300 -15995.8 -19853.4 298.721 -235.243 0.861868
349400 -16042.2 -19881.1 297.267 -383.164 0.859081
349500 -16072.7 -19861.9 293.419 -35.4906 0.859788
349600 -15989 -19823 296.892 -323.137 0.861584
349700 -15930.3 -19848.4 303.398 181.281 0.865136
349800 -16004.8 -19903 301.864 4.60919 0.867707
349900 -16095.5 -19981.5 300.915 -23.2429 0.869409
350000 -16158.6 -19984.9 296.29 -1.83667 0.870937
350100 -16167.5 -20000.9 296.84 -52.1781 0.872422
350200 -16129.2 -19988.3 298.835 226.819 0.873902
350300 -16029.2 -19915.8 300.968 52.4651 0.873604
350400 -15971.6 -19840 299.554 -32.9711 0.872549
350500 -15983.8 -19830.9 297.909 -5.1511 0.871882
350600 -16044 -19861.1 295.578 -25.6715 0.871304
350700 -16148.7 -19938.5 293.466 261.641 0.870757
350800 -16167 -19994.4 296.379 119.232 0.868158
350900 -16109.6 -19967.9 298.773 -347.65 0.864645
351000 -16008.8 -19918.5 302.749 -74.6907 0.863955
351100 -15997.5 -19882.8 300.857 123.783 0.864342
351200 -16124.3 -19953.7 296.533 -279.9 0.864275
351300 -16198.9 -20054.5 298.561 -41.9901 0.866136
351400 -16207.1 -20035.2 296.441 -32.9634 0.86852
351500 -16183.5 -20032.2 298.025 -65.3265 0.871222
351600 -16134.2 -20002.5 299.544 103.059 0.874315
351700 -16095.2 -20004.3 302.712 234.64 0.876429
351800 -16175.5 -20026.5 298.203 73.4517 0.876356
351900 -16255 -20069.4 295.378 103.673 0.875347
352000 -16249.5 -20087.4 297.187 240.843 0.873328
352100 -16190.8 -20008.9 295.653 -48.4317 0.869238
352200 -16080.5 -19924.3 297.648 -128.712 0.86554
352300 -16057.7 -19939.5 300.591 -223.332 0.863661
352400 -16107.4 -19963 298.561 -121.243 0.864008
352500 -16180.9 -20029.4 298.013 -162.021 0.865883
352600 -16216.2 -20051.4 296.988 54.8884 0.868704
352700 -16226 -20064.5 297.241 107.695 0.870859
352800 -16236.7 -20071.7 296.968 -177.457 0.872248
352900 -16211.7 -20008.5 294.004 77.9773 0.874481
353000 -16120.9 -20001.6 300.51 211.979 0.876062
353100 -16108.9 -19981.7 299.89 132.645 0.875632
353200 -16149.7 -19951.9 294.434 -51.4885 0.874087
353300 -16141.4 -20019.4 300.298 126.433 0.872816
353400 -16127.1 -19978.4 298.228 41.7876 0.870646
353500 -16110.8 -19970.9 298.908 60.3331 0.867944
353600 -16111.4 -19964.7 298.382 -146.128 0.865156
353700 -16138.7 -19978.2 297.316 -400.296 0.864438
353800 -16188 -20022.1 296.9 93.0937 0.866896
353900 -16253.5 -20092.5 297.273 4.79307 0.868744
354000 -16334.6 -20140.9 294.746 52.5786 0.870193
354100 -16326.6 -20110.4 292.996 -100.324 0.871438
354200 -16209 -20094 300.834 69.0959 0.873073
354300 -16220.6 -20090.1 299.639 45.7845 0.87415
354400 -16265 -20085.4 295.84 -133.946 0.874939
354500 -16268.8 -20120.3 298.252 275.458 0.876264
354600 -16262.8 -20093.5 296.633 248.238 0.875325
354700 -16209.8 -20083.1 299.93 -16.8541 0.872304
354800 -16155 -20036.6 300.577 -9.83384 0.868972
354900 -16131.6 -20016.2 300.814 -121.864 0.865989
355000 -16178.9 -20004.6 296.249 -198.086 0.864394
355100 -16238.1 -20038.4 294.281 38.7136 0.864412
355200 -16197.7 -20024.1 296.301 -64.5628 0.864666
355300 -16096.5 -19986.1 301.198 -188.067 0.865631
355400 -16081.2 -19958.9 300.281 100.143 0.867874
355500 -16116.2 -19980.6 299.247 79.6682 0.869618
355600 -16161.8 -20019.8 298.742 426.389 0.870176
355700 -16190 -20029 297.272 180.462 0.867037
355800 -16183.4 -20016.6 296.823 -143.748 0.861995
355900 -16144.6 -19965.7 295.887 -296.825 0.858637
356000 -16063.4 -19919.7 298.612 -111.74 0.858309
356100 -16020.6 -19904.5 300.76 -26.7721 0.859199
356200 -16049.4 -19948.9 301.961 -153.712 0.86045
356300 -16129.3 -19991.3 299.06 55.4051 0.862655
356400 -16179.3 -19987.5 294.893 -40.8296 0.864632
356500 -16155.9 -20009.7 298.429 162.317 0.866581
356600 -16106.1 -19986.5 300.483 243.648 0.866901
356700 -16032.9 -19947.2 303.107 -172.341 0.865572
356800 -16043.6 -19948.8 302.407 134.031 0.864815
356900 -16140.1 -19941.7 294.378 -251.726 0.863541
357000 -16135.8 -19973.4 297.164 -279.399 0.864671
357100 -16104.1 -19961.4 298.692 -133.576 0.86824
357200 -16095.7 -19983.7 301.075 207.937 0.87251
357300 -16189.5 -20025.9 297.073 180.413 0.874972
357400 -16264.6 -20081.4 295.564 129.923 0.875246
357500 -16256.1 -20094.9 297.261 5.21973 0.874372
357600 -16179.1 -20034.7 298.563 71.9881 0.873184
357700 -16121.1 -19981 298.896 21.1667 0.871554
357800 -16104.2 -19959.8 298.567 29.6127 0.869989
357900 -16084.5 -19961.9 300.252 -102.118 0.868667
358000 -16077.6 -19930.6 298.357 -53.1376 0.868138
358100 -16073.1 -19902.4 296.522 -320.808 0.868559
358200 -16030.5 -19897.2 299.426 203.232 0.871179
358300 -16012.5 -19907.4 301.608 185.438 0.872239
358400 -16086.1 -19918.9 296.797 -144.773 0.871645
358500 -16161.1 -19996.1 296.963 -50.1272 0.872012
358600 -16193.4 -19992.8 294.212 -232.799 0.873237
358700 -16115 -20034.9 303.544 108.079 0.876192
358800 -16018.2 -19969.8 305.993 315.911 0.878116
358900 -16086.1 -19985.4 301.949 71.4862 0.877091
359000 -16147.5 -20023.3 300.128 -99.1417 0.875377
359100 -16207 -20047.7 297.41 -60.0759 0.874506
359200 -16227 -19998.6 292.059 -68.3336 0.874497
359300 -16137.4 -20004.5 299.452 209.07 0.874859
359400 -16114.4 -19983.9 299.643 -157.621 0.873772
359500 -16125 -19962.9 297.189 -105.606 0.873963
359600 -16112.4 -19979.5 299.452 285.953 0.874617
359700 -16093.8 -19960.6 299.431 81.1498 0.873055
359800 -16109.5 -19971.7 299.074 -203.486 0.871003
359900 -16156.4 -19977.2 295.871 -60.7855 0.870446
360000 -16177.2 -19996.7 295.772 -29.2875 0.870718
360100 -16116.7 -19977.3 298.945 -315.534 0.871721
360200 -16048.1 -19971.2 303.794 233.724 0.874604
360300 -16124.4 -20017.9 301.493 155.821 0.875934
360400 -16197.6 -20038 297.39 29.741 0.875504
360500 -16224.5 -20112.1 301.038 -43.4771 0.874919
360600 -16291.3 -20086.4 293.88 -73.1557 0.874744
360700 -16281.2 -20119.5 297.223 -156.437 0.875234
360800 -16192.9 -20051.9 298.825 -11.9056 0.876876
360900 -16109.4 -19990.9 300.57 129.931 0.878368
361000 -16112.3 -20007.5 301.63 110.616 0.878524
361100 -16169.4 -20055.3 300.909 -53.3327 0.877757
361200 -16227 -20075.2 297.989 105.251 0.877089
361300 -16262.3 -20110.8 298.01 -395.083 0.876618
361400 -16293.3 -20116.1 296.024 52.2769 0.87869
361500 -16295.5 -20108 295.224 117.402 0.880726
361600 -16226.4 -20081.5 298.526 204.703 0.881287
361700 -16156 -20030 299.985 -43.1739 0.88019
361800 -16136.6 -20044.2 302.587 14.8525 0.879142
361900 -16231.7 -20086.2 298.474 93.7187 0.877967
362000 -16297.9 -20144.3 297.851 77.7475 0.876302
362100 -16298.6 -20092.3 293.768 -14.7974 0.874104
362200 -16222.4 -20059.7 297.144 -130.838 0.872145
362300 -16170.2 -20074.8 302.355 -189.587 0.871665
362400 -16200.7 -20043.1 297.538 62.8872 0.872651
362500 -16218.6 -20063.9 297.763 -59.7178 0.873173
362600 -16232.4 -20084.2 298.265 83.9844 0.874091
362700 -16289.2 -20098.3 294.959 -15.2141 0.874517
362800 -16321.6 -20084.9 291.417 11.5732 0.874964
362900 -16225.2 -20060.1 296.957 302.912 0.87493
363000 -16167.4 -20034.7 299.462 61.3041 0.872266
363100 -16161.1 -20023.6 299.097 -83.3073 0.868908
363200 -16202.3 -20030.1 296.411 -310.613 0.866718
363300 -16273.6 -20056 292.894 -268.084 0.867446
363400 -16248.5 -20045.8 294.046 29.2758 0.870783
363500 -16132.6 -20023.2 301.275 63.8798 0.873923
363600 -16128.4 -19995.7 299.473 -114.548 0.876274
363700 -16177 -20025.3 298 291.334 0.878929
363800 -16245.5 -20061.4 295.487 345.248 0.878723
363900 -16317.1 -20119.3 294.432 -119.085 0.876034
364000 -16396.6 -20153.2 290.896 -71.737 0.874286
364100 -16351.1 -20149.3 294.117 -108.653 0.873468
364200 -16256.1 -20098 297.503 -225.512 0.873906
364300 -16211.7 -20047.4 297.017 17.0495 0.876166
364400 -16160.9 -20028.8 299.517 174.064 0.877964
364500 -16115.2 -19988 299.896 166.827 0.877917
364600 -16047.4 -19977.7 304.345 326.06 0.876103
364700 -16065.7 -19956.5 301.294 17.3199 0.872106
364800 -16161.5 -19987.2 296.248 -227.565 0.868524
364900 -16172.9 -19984.2 295.136 36.354 0.867203
365000 -16128.2 -19993.5 299.314 257.863 0.865849
365100 -16084.9 -19962.7 300.279 -186.407 0.862984
365200 -16010 -19909.3 301.952 -209.823 0.861794
365300 -15995.7 -19884.3 301.115 39.8029 0.862445
365400 -16060.4 -19869.9 294.99 -73.4006 0.863082
365500 -16082.7 -19915.5 296.795 -247.66 0.864604
365600 -16050.9 -19923.8 299.908 107.715 0.867837
365700 -16024.2 -19934.3 302.787 88.8779 0.870353
365800 -16103.9 -19958.3 298.469 -113.265 0.871969
365900 -16175.5 -20007.2 296.709 237.252 0.873964
366000 -16186.1 -20001.5 295.45 73.4099 0.874339
366100 -16122.7 -19961.4 297.261 -78.5998 0.874015
366200 -16023.2 -19916.3 301.461 229.857 0.873933
366300 -16035.9 -19916.6 300.509 39.9106 0.872099
366400 -16096.5 -19972.1 300.108 60.02 0.869408
366500 -16176.8 -20010.5 296.87 -105.464 0.866378
366600 -16193.5 -20013.7 295.821 -261.119 0.8645
366700 -16166.3 -20017.4 298.216 40.0735 0.86471
366800 -16147.9 -19990.4 297.548 49.9486 0.865153
366900 -16080 -19975.7 301.665 166.268 0.864954
367000 -15981.3 -19917.3 304.79 49.1698 0.863031
367100 -16032.8 -19903.8 299.754 -121.496 0.860749
367200 -16090.5 -19923 296.771 -213.485 0.8598
367300 -16107.3 -20007.9 302.052 -36.2638 0.860636
367400 -16176.9 -20020 297.594 -194.054 0.862325
367500 -16212.1 -20064.4 298.307 69.1888 0.86544
367600 -16225.3 -20063 297.174 20.3393 0.868239
367700 -16212 -20053.8 297.494 20.4099 0.87078
367800 -16155 -20019.2 299.229 101.039 0.872901
367900 -16043.8 -19979.8 304.784 106.626 0.873871
368000 -16070 -19946.7 300.191 21.7286 0.873767
368100 -16126.1 -20031.5 302.419 -60.8139 0.873739
368200 -16183.3 -20020.4 297.135 99.8091 0.874169
368300 -16200.5 -20029.4 296.493 251.682 0.873463
368400 -16179.6 -20021.3 297.486 -174.873 0.870801
368500 -16077 -19948.4 299.786 -324.966 0.869706
368600 -16020.5 -19910.7 301.245 -105.965 0.871765
368700 -16051.6 -19915.8 299.23 -80.6286 0.874866
368800 -16129.2 -19984.1 298.51 46.6783 0.878232
368900 -16195.9 -19980.5 293.064 131.887 0.880889
369000 -16161.7 -20020.4 298.801 360.271 0.881648
369100 -16147.5 -19971 296.079 -34.9769 0.879729
369200 -16111.2 -19987.4 300.157 136.035 0.877846
369300 -16057.6 -19922.6 299.285 -18.3521 0.875346
369400 -15965.6 -19819 298.393 -115.016 0.873245
369500 -15899 -19834.5 304.745 37.5992 0.872715
369600 -15970.5 -19895.6 303.946 253.11 0.871693
369700 -16033.7 -19847.2 295.296 -204.937 0.869075
369800 -16009.5 -19884.3 300.054 -171.826 0.868286
369900 -16021.5 -19889.8 299.543 -4.62921 0.869211
370000 -16100.6 -19943.6 297.587 82.2051 0.870119
370100 -16179.4 -20007.5 296.434 -138.156 0.870554
370200 -16199.4 -20054.7 298.544 -202.778 0.872354
370300 -16208.7 -20052.4 297.648 196.417 0.875362
370400 -16194.6 -20031.5 297.116 -111.063 0.876763
370500 -16182.5 -20049 299.403 271.669 0.878289
370600 -16221.5 -20084.4 299.124 194.25 0.877504
370700 -16338.6 -20091 290.571 -244.722 0.875359
370800 -16323.5 -20112.2 293.384 -113.785 0.875302
370900 -16257.6 -20099.3 297.481 -62.9924 0.876604
371000 -16214.3 -20066.9 298.329 248.677 0.877877
371100 -16186.7 -19997.4 295.083 255.802 0.877148
371200 -16086.7 -19963.8 300.229 116.712 0.874036
371300 -16051 -19943.2 301.399 -79.0761 0.869811
371400 -16089.2 -19961 299.815 30.9397 0.866247
371500 -16153.3 -19998.8 297.778 -225.234 0.863456
371600 -16186.6 -19983.9 294.05 -37.1404 0.862628
371700 -16136.1 -19988.6 298.32 -89.4253 0.862643
371800 -16084.5 -19969.3 300.823 -264.785 0.863684
371900 -16116.1 -20029 302.997 -3.90106 0.866683
372000 -16240.1 -20038.7 294.145 173.154 0.869551
372100 -16238.7 -20034.2 293.906 24.0383 0.87078
372200 -16147.7 -20004.8 298.678 86.715 0.871264
372300 -16091.8 -19960.7 299.595 -14.3264 0.871274
372400 -16087.1 -19984.8 301.823 152.87 0.870993
372500 -16187.3 -20027.7 297.381 -214.959 0.869717
372600 -16237.4 -20069.3 296.722 -92.4474 0.870369
372700 -16235.5 -20083 297.938 -26.7821 0.871994
372800 -16198.1 -20046.3 297.985 18.76 0.873659
372900 -16113.9 -20033.4 303.516 254.074 0.874867
373000 -16137.5 -19980.4 297.58 -4.49467 0.873971
373100 -16244 -20055.3 295.131 -260.477 0.87326
373200 -16299 -20099.4 294.29 -78.8756 0.874762
373300 -16264.4 -20096.6 296.748 104.461 0.876945
373400 -16235.7 -20077.3 297.483 -196.504 0.878821
373500 -16210.4 -20043.8 296.849 94.7264 0.882013
373600 -16192.9 -20090.4 301.806 388.398 0.884051
373700 -16256.8 -20079 295.969 226.605 0.882528
373800 -16372.6 -20158.8 293.188 42.7969 0.878864
373900 -16382.7 -20158.3 292.371 -75.415 0.875
374000 -16319.5 -20109.7 293.495 5.20763 0.871756
374100 -16222.2 -20011.8 293.454 -363.014 0.869514
374200 -16132.3 -19992.8 298.937 -13.3612 0.870263
374300 -16112.8 -19996.2 300.717 168.234 0.871224
374400 -16166.8 -20001.8 296.966 -25.2721 0.870838
374500 -16248.3 -20088.9 297.4 104.202 0.870471
374600 -16323.9 -20130.7 294.784 113.812 0.869356
374700 -16314.2 -20092.9 292.613 -61.9663 0.867265
374800 -16260.2 -20084.8 296.168 -117.844 0.865617
374900 -16212.9 -20049.7 297.105 -234.961 0.86563
375000 -16151.9 -20020.3 299.555 101.56 0.867331
375100 -16138.6 -20020.3 300.582 227.18 0.868011
375200 -16229.9 -20089.7 298.89 -71.1433 0.867048
375300 -16317.1 -20093.9 292.456 -238.822 0.866816
375400 -16266.8 -20081.1 295.369 -35.3035 0.868738
375500 -16202.6 -20065.8 299.153 199.249 0.870689
375600 -16183.1 -20065.1 300.607 -211.855 0.87127
375700 -16232.5 -20034.1 294.38 -72.2489 0.873575
375800 -16303.9 -20074.1 291.952 149.083 0.876514
375900 -16259 -20098.6 297.327 62.2305 0.878225
376000 -16159.9 -20038.2 300.318 165.876 0.879086
376100 -16135.9 -20011.6 300.122 51.8271 0.878492
376200 -16176.1 -20031.1 298.515 -132.249 0.877424
376300 -16287.7 -20088.6 294.33 52.5845 0.877214
376400 -16320 -20137.9 295.648 33.0698 0.876896
376500 -16283.5 -20103.6 295.814 -52.8745 0.876254
376600 -16244.5 -20079.7 296.979 60.668 0.875877
376700 -16203.8 -20033.3 296.547 -89.4269 0.875237
376800 -16153.8 -20022.4 299.571 -113.741 0.875127
376900 -16156.6 -20018.2 299.028 -30.382 0.876124
377000 -16172.9 -20023 298.137 2.38168 0.877668
377100 -16188.3 -20037.7 298.08 169.54 0.879151
377200 -16251 -20102.9 298.276 221.076 0.878988
377300 -16352.9 -20134.4 292.826 -82.5626 0.876849
377400 -16324.8 -20132.8 294.873 19.6874 0.875174
377500 -16257.8 -20093.1 296.989 -191.39 0.873517
377600 -16203.1 -20034.4 296.679 -115.658 0.873228
377700 -16171.9 -20011 297.286 103.128 0.874185
377800 -16146.4 -19981.6 296.984 -151.551 0.874703
377900 -16077.5 -19962.6 300.845 -160.489 0.876569
378000 -15984 -19942.4 306.519 310.81 0.879905
378100 -16061.3 -19942 300.513 347.988 0.880672
378200 -16153.9 -19992 297.204 -142.753 0.878381
378300 -16169.7 -19996.9 296.37 -140.381 0.877017
378400 -16170 -20049.2 300.395 165.494 0.876687
378500 -16204.8 -20040.4 297.02 -145.281 0.875046
378600 -16264.7 -20071.9 294.811 -261.274 0.874568
378700 -16277.8 -20095.7 295.642 49.0301 0.876453
378800 -16215.8 -20091.3 300.103 72.0078 0.878459
378900 -16166.2 -20058.2 301.377 193.898 0.879732
379000 -16216 -20051.4 296.995 -10.0207 0.879541
379100 -16294.7 -20098.4 294.543 -120.745 0.879251
379200 -16350 -20144.9 293.86 168.654 0.879536
379300 -16376.2 -20166.5 293.5 -79.3739 0.879006
379400 -16301.6 -20141.4 297.343 200.532 0.878507
379500 -16210.7 -20041.3 296.625 -146.833 0.876593
379600 -16154.4 -20036.6 300.627 50.3022 0.875126
379700 -16170.7 -20026.3 298.566 -211.365 0.87368
379800 -16211.3 -20033.4 295.971 -125.446 0.873786
379900 -16246.4 -20086.5 297.361 -22.9166 0.875354
380000 -16321.9 -20164.8 297.578 34.9639 0.87742
380100 -16379.5 -20188.2 294.929 -178.252 0.879712
380200 -16367.1 -20181.5 295.371 124.167 0.883459
380300 -16278.5 -20168.6 301.235 94.7189 0.886746
380400 -16262.6 -20108.4 297.803 69.4301 0.889345
380500 -16250.4 -20115.6 299.308 398.824 0.89078
380600 -16264.8 -20151.9 301.004 288.206 0.888592
380700 -16376.8 -20200.6 296.096 -171.024 0.883868
380800 -16406.6 -20202.7 293.955 -54.7657 0.880402
380900 -16333.4 -20145.1 295.161 166.377 0.877339
381000 -16238.1 -20064.2 296.277 -337.812 0.87354
381100 -16166.1 -19997 296.651 -323.707 0.872796
381200 -16116.4 -19971.8 298.552 153.651 0.87496
381300 -16103.3 -20001.1 301.83 313.899 0.875667
381400 -16203.3 -20013.1 295.017 -95.7341 0.87394
381500 -16240.6 -20038.6 294.098 -157.083 0.872946
381600 -16207.2 -20048.7 297.468 -143.531 0.873519
381700 -16167.3 -20040.5 299.923 -132.984 0.875635
381800 -16154.2 -20038.9 300.82 161.654 0.8784
381900 -16240.6 -20043.2 294.46 -136.177 0.879978
382000 -16281.2 -20090.8 294.997 138.351 0.882198
382100 -16240.2 -20111.4 299.768 201.013 0.883339
382200 -16192.6 -20084.3 301.358 174.626 0.882341
382300 -16163.6 -20013.5 298.122 -68.8871 0.879953
382400 -16141.2 -20049.5 302.64 1.66379 0.878161
382500 -16216.6 -20086.3 299.657 -66.3284 0.876814
382600 -16295.6 -20111.8 295.515 -92.7889 0.875976
382700 -16290.8 -20114.6 296.107 -152.121 0.87619
382800 -16231.7 -20089.3 298.717 -4.48248 0.877544
382900 -16133.1 -20043 302.764 -10.9757 0.879134
383000 -16059.1 -19990.2 304.41 262.96 0.880318
383100 -16113.3 -19996.2 300.675 199.262 0.879245
383200 -16162.6 -20042.7 300.46 110.313 0.876419
383300 -16218.4 -20068.2 298.113 -75.4713 0.873302
383400 -16270.2 -20093.6 296.068 -138.431 0.871486
383500 -16259.2 -20048.9 293.456 -239.745 0.871691
383600 -16153 -20049.5 301.73 -154.441 0.873784
383700 -16149.4 -20012.5 299.146 -368.832 0.877298
383800 -16194 -20076.3 300.624 128.677 0.882689
383900 -16269.2 -20095.2 296.274 203.121 0.886119
384000 -16281 -20103.7 296.016 93.0493 0.887072
384100 -16258 -20111.1 298.364 126.671 0.886936
384200 -16245.1 -20087.7 297.559 165.518 0.885555
384300 -16229.4 -20088.3 298.819 129.095 0.882859
384400 -16204.7 -20053.9 298.068 119.205 0.87906
384500 -16142.3 -20000.1 298.731 -219.641 0.874805
384600 -16084.9 -19972 300.997 -107.173 0.87266
384700 -16109.7 -19979.7 299.679 -50.7128 0.87181
384800 -16201.3 -19987 293.154 -174.4 0.871773
384900 -16198.6 -20000.3 294.388 -38.0891 0.873122
385000 -16086.8 -19945.5 298.797 90.1043 0.874572
385100 -16065.5 -19956.6 301.31 -169.481 0.875729
385200 -16110.7 -19957.4 297.877 278.21 0.87758
385300 -16141.6 -19943.6 294.41 27.7828 0.877277
385400 -16095.7 -19992.8 301.776 75.5316 0.876116
385500 -16086.1 -19958.7 299.876 27.6764 0.874658
385600 -16181.7 -20023 297.452 -67.4392 0.873116
385700 -16246.5 -20020.3 292.229 -158.711 0.872456
385800 -16178.3 -19967.3 293.406 -36.9792 0.873274
385900 -16109.1 -19962.4 298.387 136.13 0.874249
386000 -16087.8 -19941.2 298.398 87.9031 0.874119
386100 -16073.1 -19941.7 299.567 210.183 0.872774
386200 -16096.7 -19955.8 298.836 -236.373 0.869998
386300 -16176.7 -19977.5 294.323 -147.699 0.869042
386400 -16204.8 -20034.5 296.556 161.328 0.869478
386500 -16162.6 -19990.5 296.418 -38.127 0.868754
386600 -16048.1 -19921.7 299.962 -206.399 0.868404
386700 -16025.4 -19908.4 300.683 -149.814 0.869842
386800 -16071.4 -19917.9 297.86 -193.063 0.872973
386900 -16153.7 -20004.6 298.195 236.65 0.877575
387000 -16253 -20052.8 294.24 106.834 0.880299
387100 -16241.3 -20037.5 293.965 165.761 0.881507
387200 -16176 -20020.2 297.682 245.373 0.880926
387300 -16116.2 -19981.1 299.285 11.4473 0.87824
387400 -16085.7 -19939.6 298.429 -13.3837 0.875485
387500 -16046.9 -19910.1 299.147 -159.242 0.873316
387600 -15975.9 -19917.6 305.227 111.849 0.872428
387700 -16035.7 -19911.7 300.137 -89.3619 0.87121
387800 -16125.7 -19975.4 298.108 -362.045 0.871142
387900 -16159 -20006.6 297.942 26.5736 0.874018
388000 -16173 -20024.3 298.232 135.242 0.876482
388100 -16217.8 -20055.6 297.185 51.2501 0.877378
388200 -16301.1 -20097 293.941 88.0389 0.877544
388300 -16309.3 -20149.6 297.379 -192.054 0.877386
388400 -16277.9 -20099.2 295.908 227.779 0.878138
388500 -16176 -20060.1 300.774 203.788 0.877234
388600 -16151.5 -20030.6 300.382 -121.596 0.874839
388700 -16202.8 -20050.3 297.935 -46.4015 0.873294
388800 -16300.9 -20117.5 295.548 114.289 0.872178
388900 -16337.8 -20147.3 294.994 -59.5807 0.870684
389000 -16310.4 -20113 294.462 -3.01992 0.869433
389100 -16267.5 -20081.3 295.326 -186.871 0.86852
389200 -16197.6 -20035.6 297.2 -166.123 0.869332
389300 -16136.1 -20021.1 300.845 3.18528 0.871666
389400 -16152.3 -20034.4 300.619 90.8183 0.874155
389500 -16256.2 -20085.1 296.493 124.857 0.875491
389600 -16301.7 -20138.4 297.106 34.9422 0.875425
389700 -16304 -20158.5 298.477 -57.9654 0.875071
389800 -16311.8 -20128.8 295.576 -206.417 0.87566
389900 -16249.5 -20111.3 299.04 189.133 0.877481
390000 -16156.5 -20029.5 299.91 42.5847 0.877975
390100 -16144.7 -20036.8 301.387 -48.497 0.877955
390200 -16192.6 -20017.8 296.202 87.1326 0.878175
390300 -16198.8 -20039.3 297.393 61.6813 0.877722
390400 -16193.1 -20019.7 296.319 3.55171 0.876743
390500 -16162.3 -20026.9 299.262 -109.375 0.875624
390600 -16159.9 -20019.7 298.887 88.8004 0.875427
390700 -16199.9 -20024.8 296.193 44.9338 0.874636
390800 -16230.2 -20024.8 293.843 -213.866 0.873531
390900 -16166.9 -19997.3 296.617 -103.245 0.874497
391000 -16069.3 -19956.8 301.03 157.842 0.876496
391100 -16078.2 -19993.3 303.167 157.782 0.876969
391200 -16164.2 -20001.1 297.119 108.648 0.87575
391300 -16182.8 -20015.2 296.764 -39.9555 0.873395
391400 -16153.7 -19993.6 297.349 -178.635 0.870745
391500 -16092.6 -19966.1 299.948 -85.5029 0.869248
391600 -15994.9 -19919.5 303.901 -69.3696 0.868502
391700 -16003.1 -19932.6 304.286 40.7941 0.867917
391800 -16136.7 -19975.2 297.24 -202.431 0.867431
391900 -16180.3 -20044.3 299.218 -126.856 0.86886
392000 -16228.6 -20033.4 294.629 11.0769 0.871928
392100 -16217.9 -20098.6 300.511 278.844 0.875303
392200 -16230 -20051.6 295.93 272.075 0.876316
392300 -16249.4 -20096.4 297.9 -33.4183 0.874789
392400 -16272.6 -20094.4 295.95 -167.202 0.873255
392500 -16237.8 -20030.6 293.7 -272.455 0.873434
392600 -16125.7 -19956.5 296.642 60.7122 0.876044
392700 -16069.5 -19946.7 300.235 196.139 0.87852
392800 -16084.8 -19990.4 302.433 125.745 0.879271
392900 -16193.1 -20063.8 299.732 -133.52 0.878997
393000 -16237.9 -20043.7 294.708 -17.3327 0.879674
393100 -16206.4 -20070.6 299.232 321.926 0.880438
393200 -16187.8 -20045.6 298.728 59.4403 0.878444
393300 -16169.7 -20033.9 299.232 -119.428 0.875423
393400 -16140.6 -20007.3 299.423 -25.6481 0.87335
393500 -16139.1 -20012.2 299.913 38.3302 0.871166
393600 -16191 -19991.7 294.318 -334.885 0.869168
393700 -16182 -19998 295.496 -25.568 0.869791
393800 -16099.6 -20004 302.34 99.1984 0.871147
393900 -16108 -19976.2 299.542 60.6653 0.871515
394000 -16224.7 -20047.3 296.01 57.6313 0.871138
394100 -16295.3 -20132.3 297.123 5.23514 0.870318
394200 -16303.3 -20140.7 297.155 -161.66 0.869506
394300 -16273.2 -20111.3 297.211 -156.063 0.870084
394400 -16176.5 -20059.8 300.71 311.479 0.871786
394500 -16131 -20021.8 301.29 -74.8228 0.871552
394600 -16175.9 -20036.2 298.929 -81.7288 0.871522
394700 -16211.7 -20048.3 297.091 -117.718 0.872421
394800 -16232.2 -20127.3 301.624 233.822 0.874354
394900 -16282.8 -20086.7 294.554 60.986 0.874808
395000 -16243.4 -20051.2 294.859 -301.398 0.874647
395100 -16146.1 -19992.4 297.844 -37.3895 0.877038
395200 -16135.1 -20049.1 303.08 248.373 0.880182
395300 -16216.9 -20067.3 298.155 156.706 0.881634
395400 -16258.7 -20096.2 297.159 -19.8823 0.881557
395500 -16259.3 -20082.7 296.069 516.252 0.88044
395600 -16192.5 -20066.6 299.996 -243.291 0.875744
395700 -16088 -19946.2 298.766 -66.3466 0.871984
395800 -16051.8 -19913.5 299.034 -130.713 0.869784
395900 -16065.3 -19958 301.433 -260.725 0.869016
396000 -16113.1 -19990.2 300.231 -192.044 0.870372
396100 -16144.4 -19991.3 297.885 224.328 0.873371
396200 -16169.9 -20032.1 299.077 -67.6925 0.875126
396300 -16213.4 -20059.8 297.849 24.4572 0.876803
396400 -16282.8 -20114.5 296.712 244.798 0.878065
396500 -16368.8 -20147.7 292.629 -23.664 0.877534
396600 -16344.9 -20155.7 295.101 -208.089 0.877017
396700 -16280.6 -20093.2 295.233 -82.321 0.878365
396800 -16250.6 -20131.1 300.487 274.043 0.880417
396900 -16284.9 -20146.3 299.016 220.649 0.880001
397000 -16346.6 -20132.3 293.148 -33.409 0.877574
397100 -16299.6 -20092.4 293.706 -143.878 0.875488
397200 -16193.8 -20041.3 297.931 -330.608 0.874922
397300 -16166.5 -20027.8 299.006 -95.2328 0.877159
397400 -16171.4 -20031 298.876 213.575 0.880338
397500 -16215.7 -20079 299.153 199.635 0.881702
397600 -16316.5 -20147.2 296.636 165.682 0.88107
397700 -16349.1 -20149.5 294.287 115.182 0.878903
397800 -16312.9 -20162.2 298.076 147.917 0.875311
397900 -16279 -20104.7 296.249 -344.207 0.871025
398000 -16243.7 -20090.3 297.864 -161.033 0.869736
398100 -16230.7 -20045 295.363 121.708 0.87004
398200 -16181.7 -20018.9 297.14 -171.891 0.869717
398300 -16114.3 -19992.9 300.343 -121.209 0.870662
398400 -16098.6 -19989.2 301.276 178.792 0.872537
398500 -16212.3 -20012.9 294.302 -16.6278 0.872923
398600 -16270.9 -20067.7 294.007 119.221 0.873101
398700 -16205.5 -20016.6 295.118 -99.2038 0.872615
398800 -16124 -19966.9 297.583 -284.769 0.873011
398900 -16086.4 -19958.2 299.815 -62.4375 0.875519
399000 -16109.5 -20005.7 301.714 165.074 0.878126
399100 -16223.7 -20081.1 298.697 -126.079 0.879268
399200 -16262.3 -20113.3 298.206 136.73 0.880475
399300 -16281.9 -20130.1 297.99 -97.8074 0.880885
399400 -16323 -20185.8 299.117 193.586 0.881327
399500 -16397 -20185.9 293.394 44.4541 0.880591
399600 -16388.8 -20198.3 294.995 -39.768 0.87948
399700 -16261.5 -20112.5 298.205 44.8961 0.878606
399800 -16216.7 -20094.9 300.313 169.454 0.877448
399900 -16234.1 -20072.1 297.199 -212.141 0.875336
400000 -16231.4 -20065 296.857 -25.118 0.874712
400100 -16185.4 -20044.3 298.815 281.39 0.874288
400200 -16109.8 -19995.9 300.923 -62.3534 0.87188
400300 -16096.2 -19999.8 302.273 -326.341 0.870107
400400 -16196.5 -20009.3 295.246 -148.33 0.871173
400500 -16235.8 -20059.8 296.111 27.5524 0.873764
400600 -16227.1 -20072.2 297.754 166.335 0.87595
400700 -16214 -20059.9 297.813 38.2307 0.876651
400800 -16186.7 -20028.8 297.518 84.4671 0.876742
400900 -16052.5 -19964.3 302.91 176.246 0.875789
401000 -16033.6 -19936.5 302.233 -12.424 0.873514
401100 -16117 -19996.7 300.432 -3.1222 0.871237
401200 -16184.2 -19998.7 295.38 -294.589 0.869586
401300 -16181.5 -20020.9 297.306 -121.45 0.870359
401400 -16130.1 -19988.8 298.805 236.085 0.872065
401500 -16031.1 -19945.2 303.093 33.7496 0.872151
401600 -16041 -19902.5 299.016 -49.4473 0.871608
401700 -16161.1 -19975.4 295.364 -47.893 0.871379
401800 -16228.6 -20053.1 296.162 -220.476 0.87208
401900 -16210.2 -20011.4 294.353 -4.53056 0.874446
402000 -16132 -19980 297.978 -15.0903 0.877232
402100 -16098.4 -19980.1 300.582 169.417 0.879895
402200 -16140.4 -20011.3 299.744 177.58 0.880962
402300 -16193.6 -20037.8 297.683 150.046 0.880104
402400 -16208.8 -20067.9 298.839 204.513 0.8776
402500 -16218 -20046.7 296.482 -21.1441 0.873709
402600 -16183.9 -20011.8 296.418 -59.2635 0.870164
402700 -16075.9 -19942 299.372 -124.852 0.86785
402800 -16021.4 -19892.2 299.742 -147.923 0.866952
402900 -16025.2 -19877.2 298.282 -12.453 0.86729
403000 -16027.3 -19883.6 298.612 -33.7648 0.867882
403100 -16074.9 -19920.1 297.759 -95.0793 0.868829
403200 -16157.2 -19936.9 292.68 -192.73 0.870617
403300 -16131.2 -19995.8 299.254 133.836 0.873319
403400 -16106.1 -19978.2 299.839 74.2001 0.874842
403500 -16133.7 -19965.4 296.715 49.4981 0.875642
403600 -16166 -20006.2 297.375 -56.4055 0.875803
403700 -16183.1 -20019.2 297.054 -30.7125 0.876074
403800 -16193 -20047 298.443 -91.8093 0.876881
403900 -16229.6 -20049.9 295.827 20.2648 0.878452
404000 -16263.4 -20101.3 297.197 231.164 0.879612
404100 -16292.3 -20111.4 295.729 98.5317 0.87875
404200 -16268.7 -20098.1 296.533 86.1294 0.876817
404300 -16181.2 -20050.5 299.621 -294.385 0.874489
404400 -16115.6 -19969.7 298.445 -97.3681 0.874556
404500 -16099.2 -20002.2 302.228 -13.1011 0.87583
404600 -16210.1 -20064.8 298.49 -50.2043 0.877219
404700 -16280.1 -20105.4 296.217 138.579 0.878849
404800 -16252 -20073.1 295.885 80.492 0.879433
404900 -16172.1 -20043 299.748 334.331 0.87864
405000 -16148.7 -20013.5 299.272 -113.227 0.875502
405100 -16172.6 -20011.7 297.282 77.7196 0.872648
405200 -16236.8 -20052.3 295.463 -144.607 0.869702
405300 -16286.5 -20058.2 292.064 -147.305 0.868122
405400 -16215.3 -20068.2 298.356 23.2689 0.868153
405500 -16150.8 -19989 297.216 115.536 0.86794
405600 -16107.2 -19959.9 298.335 45.6014 0.86659
405700 -16095.6 -19937.1 297.47 -216.502 0.865101
405800 -16080.8 -19938.9 298.758 -79.7404 0.865356
405900 -16097.2 -19991.5 301.567 246.322 0.866206
406000 -16223.4 -20066.7 297.608 79.8098 0.86522
406100 -16256 -20048.6 293.686 -60.0269 0.86325
406200 -16182 -20016.3 296.914 -78.7627 0.861675
406300 -16115.2 -19966.7 298.243 -49.3407 0.860697
406400 -16080.3 -19933.5 298.381 -142.956 0.860518
406500 -16055.4 -19941.7 300.936 -287.109 0.861994
406600 -16122.2 -19933.8 295.161 32.2249 0.865839
406700 -16192.2 -20004 295.167 218.715 0.869722
406800 -16205.1 -20041.2 297.052 351.664 0.871221
406900 -16151.6 -19986.9 296.988 16.3766 0.869654
407000 -16057.5 -19965 302.587 -181.991 0.867923
407100 -16063.8 -19905.3 297.469 -188.718 0.867869
407200 -16081.1 -19937.4 298.618 -20.5321 0.869444
407300 -16156.8 -19924.1 291.727 -60.7679 0.871516
407400 -16152.8 -19972.1 295.751 93.2025 0.873856
407500 -16070.5 -19962.2 301.358 177.286 0.875396
407600 -16080.4 -19983.4 302.237 234.531 0.875191
407700 -16157.2 -19987.6 296.616 -56.865 0.872783
407800 -16165.5 -19979.2 295.32 -185.415 0.870739
407900 -16131.2 -20005.7 300.028 -59.1068 0.870439
408000 -16143.6 -19984.2 297.408 -1.73839 0.87119
408100 -16171.4 -19983 295.155 -231.804 0.872407
408200 -16112.4 -19971.8 298.855 223.474 0.874841
408300 -16052.8 -19952.7 301.995 464.124 0.875158
408400 -16104.7 -19957.8 298.367 -113.594 0.871792
408500 -16162 -19984.6 296.01 -247.47 0.869095
408600 -16193.3 -20007.7 295.369 -59.196 0.868687
408700 -16233.2 -20014.4 292.807 -221.773 0.869234
408800 -16180.8 -20024 297.602 119.905 0.871311
408900 -16105.4 -19978.2 299.894 -51.2959 0.873089
409000 -16091.1 -19973.1 300.606 -47.5357 0.875189
409100 -16172.6 -20019.1 297.861 109.224 0.877689
409200 -16259.3 -20069.8 295.067 337.524 0.878902
409300 -16244.8 -20073.1 296.453 -14.7871 0.877294
409400 -16219.3 -20138.3 303.472 99.7888 0.874972
409500 -16292.1 -20130.6 297.238 -378.688 0.872431
409600 -16333.1 -20153.1 295.807 -63.4064 0.873132
409700 -16306.5 -20101.6 293.877 71.0894 0.874859
409800 -16231.8 -20068.9 297.133 -52.7439 0.875879
409900 -16175.9 -20019.1 297.602 94.5531 0.877435
410000 -16149.8 -20032.6 300.666 282.578 0.877925
410100 -16178.8 -20019 297.369 -162.699 0.876105
410200 -16286.8 -20080.9 293.797 -28.6339 0.87526
410300 -16326.8 -20070.1 289.868 15.3847 0.874629
410400 -16238.5 -20092 298.405 66.4233 0.873952
410500 -16209.3 -20043.8 296.923 40.5954 0.872778
410600 -16176.2 -20006.9 296.632 -79.4809 0.87115
410700 -16078 -19939.3 299.007 -112.816 0.870388
410800 -16052.7 -19990 304.89 -33.5438 0.870652
410900 -16126.8 -20000.5 299.965 27.1134 0.871286
411000 -16202.5 -20066 299.169 -96.7816 0.871817
411100 -16265.5 -20125.5 298.906 123.465 0.872871
411200 -16308 -20114.1 294.727 2.26393 0.873471
411300 -16261.6 -20067.6 294.722 33.8568 0.873689
411400 -16186.4 -20020.8 296.924 152.208 0.873227
411500 -16159.5 -20001.8 297.532 -67.016 0.871518
411600 -16126.7 -19975.2 298.016 -93.737 0.870113
411700 -16081.6 -19939.6 298.748 -262.351 0.869826
411800 -16028.3 -19960.7 304.506 21.1823 0.871618
411900 -16119 -20006.3 301.012 240.588 0.873852
412000 -16197.3 -20025.2 296.423 -61.1253 0.874496
412100 -16181.9 -19998 295.502 -52.4405 0.87523
412200 -16105.6 -19958.8 298.376 57.5653 0.876904
412300 -16063.6 -19985.6 303.707 287.191 0.878179
412400 -16135.4 -19995.1 298.873 162.857 0.87654
412500 -16190.6 -20044.9 298.463 -156.733 0.87327
412600 -16202.5 -20048.6 297.824 -165.248 0.87123
412700 -16206.7 -20068.5 299.046 -139.304 0.870837
412800 -16253.1 -20073 295.797 51.4446 0.871421
412900 -16281.9 -20045.4 291.434 -48.9475 0.871796
413000 -16185.2 -20078.4 301.477 -59.5978 0.872839
413100 -16167.3 -20043 300.119 117.153 0.874235
413200 -16194.7 -20027.4 296.793 -91.212 0.874763
413300 -16178.6 -19993.2 295.389 35.9216 0.876037
413400 -16068.1 -19934.5 299.398 248.85 0.877132
413500 -15989.3 -19922.2 304.547 148.855 0.875993
413600 -16057.1 -19944.9 301.057 -85.3948 0.873387
413700 -16137.3 -19966.5 296.519 -119.141 0.871387
413800 -16171.4 -20018.1 297.873 87.0984 0.87021
413900 -16215.3 -20037.8 296.003 -212.987 0.868627
414000 -16235.8 -20041.1 294.668 -117.37 0.868925
414100 -16159.6 -20005.2 297.782 171.133 0.870344
414200 -16078.1 -19944.3 299.384 70.2222 0.870286
414300 -16044 -19898.5 298.477 -62.6149 0.869578
414400 -16032.1 -19932.4 302.021 -108.42 0.869145
414500 -16150 -19988 297.2 41.5497 0.869706
414600 -16225.3 -20068.1 297.572 199.331 0.870025
414700 -16241.1 -20065.6 296.153 -18.3607 0.868599
414800 -16188.6 -20014.2 296.234 -94.1031 0.867087
414900 -16098.4 -19986.2 301.057 -118.09 0.866445
415000 -16097.9 -19936.5 297.247 78.7285 0.866732
415100 -16091.4 -19941.3 298.119 23.0094 0.866502
415200 -16066 -19908 297.512 -75.3317 0.866039
415300 -15961.8 -19880.4 303.438 -17.8332 0.865944
415400 -15953.4 -19851.1 301.819 -347.273 0.866736
415500 -16046.5 -19914.6 299.526 42.8203 0.870417
415600 -16112.9 -19989 300.153 285.012 0.87423
415700 -16170.6 -20029.7 298.838 179.256 0.87553
415800 -16214.7 -20056.1 297.461 -71.8599 0.875331
415900 -16252.9 -20118.2 299.315 93.3334 0.875134
416000 -16348.3 -20082.6 289.172 -133.144 0.87445
416100 -16302.1 -20111.5 294.982 -34.0135 0.874725
416200 -16250 -20083.4 296.842 35.5154 0.875529
416300 -16213.4 -20039.8 296.3 80.7258 0.876141
416400 -16147.9 -20025.9 300.301 -18.2317 0.876271
416500 -16119.8 -19985 299.311 190.233 0.876073
416600 -16135.8 -19965.3 296.545 10.3109 0.874311
416700 -16149.2 -19964.3 295.428 -10.1304 0.872137
416800 -16105.7 -19961.9 298.605 -223.447 0.870123
416900 -16043.5 -19902.3 298.807 -131.552 0.870255
417000 -16012.7 -19948.8 304.796 355.404 0.871214
417100 -16118.1 -19956.6 297.238 -70.5516 0.869535
417200 -16157.1 -19996.9 297.344 -284.375 0.868299
417300 -16159.6 -20012.2 298.33 41.0433 0.869471
417400 -16184.6 -20024.9 297.381 -98.951 0.870764
417500 -16228 -20009 292.783 -124.986 0.872899
417600 -16189.1 -20035 297.813 106.316 0.876174
417700 -16119 -20027.3 302.643 108.04 0.878769
417800 -16151 -20011.1 298.912 296.195 0.879956
417900 -16254.1 -20075.2 295.888 94.734 0.878353
418000 -16309.3 -20108.6 294.2 -171.988 0.875886
418100 -16279.3 -20066.7 293.281 10.7276 0.874771
418200 -16204.9 -20027.9 296.038 203.96 0.873512
418300 -16147.6 -20022.3 300.036 -247.619 0.871122
418400 -16129.6 -19980.5 298.203 -128.086 0.870463
418500 -16121.1 -19980.7 298.871 150.364 0.87101
418600 -16159.5 -19996 297.08 -101.281 0.870653
418700 -16212.5 -20033.4 295.879 -133.406 0.870909
418800 -16220.4 -20034.1 295.324 -61.0947 0.87248
418900 -16145.9 -20018.5 299.875 40.3895 0.874704
419000 -16082.3 -19955.1 299.897 6.28572 0.876999
419100 -16096.7 -19971.2 300.025 299.53 0.878983
419200 -16219.3 -19995.3 292.402 141.607 0.878253
419300 -16216.9 -19993.3 292.431 -67.2393 0.876181
419400 -16138.5 -19983 297.706 -61.4885 0.87434
419500 -16105.7 -19994 301.095 -91.2153 0.873194
419600 -16155.9 -20002.4 297.859 106.248 0.872704
419700 -16213.8 -20008.3 293.831 -473.294 0.871991
419800 -16156 -20038.3 300.631 143.991 0.87474
419900 -16052.2 -19996.6 305.441 190.174 0.877159
420000 -16101.5 -19971.1 299.645 -0.0659651 0.877907
420100 -16150.6 -19982.4 296.721 23.6773 0.878601
420200 -16160.7 -20002.2 297.465 86.9068 0.879123
420300 -16155.5 -20002.8 297.925 -44.0109 0.879171
420400 -16143.3 -20011.4 299.533 18.9492 0.87943
420500 -16139.4 -20004.3 299.284 186.882 0.879392
420600 -16154.4 -19992.9 297.238 -207.966 0.878068
420700 -16188.8 -20047.5 298.803 3.31323 0.877742
420800 -16239.8 -20057.1 295.602 -132.429 0.878047
420900 -16240.4 -20076.4 297.047 11.7879 0.879415
421000 -16186.9 -20032.5 297.795 109.827 0.88094
421100 -16105.4 -20019.3 303.078 195.164 0.881334
421200 -16138.6 -20019.8 300.544 9.61213 0.880126
421300 -16224.9 -20044 295.743 91.5481 0.878279
421400 -16244.2 -20062.1 295.646 -123.359 0.875752
421500 -16207.3 -20022.3 295.415 -75.9371 0.874059
421600 -16160.8 -20050.2 301.178 37.7002 0.872904
421700 -16175.3 -19995.9 295.854 -52.6788 0.871582
421800 -16138.6 -19971 296.77 -108.882 0.870699
421900 -16030.1 -19938 302.615 36.5493 0.870857
422000 -16057.9 -19955.7 301.829 10.9885 0.870742
422100 -16136.4 -19965 296.474 -478.941 0.870969
422200 -16152 -20000.8 298.036 153.265 0.874986
422300 -16173.7 -20050.3 300.185 544.569 0.877945
422400 -16293.9 -20102.6 294.931 40.4549 0.876535
422500 -16329.7 -20126.7 294.023 -2.44724 0.874026
422600 -16268.8 -20086.1 295.598 -63.7886 0.871393
422700 -16197.1 -20044.2 297.91 -308.844 0.869798
422800 -16171.8 -20058.8 300.992 83.5775 0.870704
422900 -16207.8 -20020.1 295.213 79.5433 0.871114
423000 -16214.4 -20039.8 296.223 -6.66003 0.870645
423100 -16134.6 -19999.1 299.255 -124.628 0.870505
423200 -16084.7 -19995.7 302.851 6.81704 0.871306
423300 -16149 -20022.1 299.917 174.932 0.871988
423400 -16226.4 -20046.8 295.838 64.6754 0.871306
423500 -16225.7 -20074 298 134.987 0.869541
423600 -16192.4 -20029.2 297.106 15.3963 0.866432
423700 -16094.2 -20004.8 302.819 3.62652 0.862509
423800 -16053.2 -19939.4 300.934 -405.695 0.858986
423900 -16128.9 -19950.1 295.902 -247.464 0.858823
424000 -16190.1 -20008.5 295.683 -326.373 0.861663
424100 -16177.7 -20025 297.916 274.85 0.867137
424200 -16132.9 -19998.4 299.328 152.121 0.870572
424300 -16076.2 -19983 302.527 106.545 0.871788
424400 -16104 -19982.8 300.354 -192.245 0.872475
424500 -16211.7 -20046.5 296.952 -53.3706 0.874581
424600 -16245.8 -20047.5 294.384 282.279 0.876787
424700 -16211.3 -20072.8 299.025 63.9206 0.876814
424800 -16161.8 -20009.9 297.981 99.2418 0.87589
424900 -16040.7 -19939.1 301.87 52.0031 0.874189
425000 -16034.1 -19962.9 304.23 -77.1607 0.872354
425100 -16122.2 -20004.6 300.639 -112.821 0.871483
425200 -16168.3 -20006.1 297.184 29.9978 0.871421
425300 -16165.5 -19984.9 295.762 90.8335 0.870899
425400 -16100.4 -19961.6 298.998 -11.8738 0.869963
425500 -16024.4 -19940 303.208 12.6627 0.869359
425600 -16080.8 -19941.2 298.936 29.7725 0.868637
425700 -16179.5 -19993.9 295.376 -187.77 0.868013
425800 -16184.9 -20040.9 298.596 -67.7834 0.868954
425900 -16205.6 -20069.6 299.218 -116.795 0.870605
426000 -16265 -20072.6 294.845 -39.1975 0.873047
426100 -16304.9 -20131.6 296.325 92.4788 0.875448
426200 -16338.9 -20141.9 294.493 85.6158 0.876987
426300 -16335.9 -20189.6 298.414 293.491 0.87711
426400 -16309.4 -20127.4 295.656 -81.8109 0.874953
426500 -16205.4 -20032.1 296.321 -163.346 0.873634
426600 -16143.8 -20003.6 298.891 116.507 0.873842
426700 -16127.7 -20005.6 300.283 148.639 0.873125
426800 -16174.7 -20024 298.078 44.5403 0.871052
426900 -16269.3 -20040.9 292.061 -150.392 0.868697
427000 -16242.4 -20054.9 295.223 -152.884 0.867857
427100 -16185 -20000.4 295.449 -164.458 0.868699
427200 -16160.9 -20033.5 299.878 -60.3108 0.870988
427300 -16184.8 -20052.5 299.504 258.344 0.873609
427400 -16269.8 -20088.3 295.686 49.8883 0.874161
427500 -16307.4 -20110.4 294.491 -39.6825 0.873905
427600 -16262.4 -20088.6 296.287 0.192988 0.873934
427700 -16225.4 -20053.6 296.441 119.947 0.873779
427800 -16196.1 -20053.7 298.716 -52.684 0.872768
427900 -16182 -20022.3 297.38 -116.453 0.872224
428000 -16146.4 -19994.1 297.953 319.815 0.872328
428100 -16053.1 -19957.7 302.356 -54.8657 0.87013
428200 -16040.5 -19930 301.186 -333.398 0.868257
428300 -16130.3 -19974.5 297.679 -49.4058 0.869218
428400 -16188.4 -20001 295.232 58.8145 0.87096
428500 -16165.1 -20007.3 297.527 131.533 0.87201
428600 -16144.8 -20016.4 299.803 90.0616 0.872069
428700 -16168 -20001.1 296.821 39.5733 0.870869
428800 -16194 -19971.4 292.504 -229.051 0.869435
428900 -16128.4 -19987.5 298.839 -61.8259 0.870258
429000 -16059.3 -19925.4 299.377 45.4089 0.871884
429100 -16059.6 -19955.9 301.72 205.933 0.872998
429200 -16153.2 -19953.5 294.281 33.4567 0.872335
429300 -16182.7 -20024.2 297.471 -39.9123 0.871005
429400 -16180.1 -20019.2 297.284 -274.898 0.870521
429500 -16166.9 -19999.9 296.814 -111.822 0.87228
429600 -16140.9 -20008.2 299.466 139.57 0.875238
429700 -16152.1 -20028.9 300.2 296.83 0.876709
429800 -16257.2 -20055.6 294.136 -78.3148 0.876002
429900 -16278.8 -20073.3 293.836 83.4622 0.875381
430000 -16200.5 -20019.8 295.748 11.2145 0.874256
430100 -16149.4 -20015.8 299.402 -55.5625 0.872991
430200 -16157.7 -20005.9 297.988 154.902 0.871711
430300 -16172 -20001.9 296.572 -209.004 0.869576
430400 -16155.4 -20026.4 299.757 -243.122 0.869188
430500 -16146.9 -20010.1 299.152 -100.925 0.871142
430600 -16165 -19995.8 296.641 -13.42 0.874384
430700 -16195.6 -20046.2 298.176 422.547 0.877243
430800 -16212.3 -19980.5 291.793 34.8652 0.876764
430900 -16125.1 -20021.6 301.73 101.272 0.875386
431000 -16108.6 -19982.3 299.968 -46.908 0.873372
431100 -16157.2 -19987.7 296.616 -220.433 0.87174
431200 -16278.2 -20086.4 294.888 -157.465 0.871954
431300 -16324.9 -20112 293.259 67.5345 0.87361
431400 -16273.7 -20100.1 296.3 -153.76 0.875452
431500 -16223.1 -20078.1 298.517 156.921 0.878341
431600 -16198.6 -20048.6 298.13 320.599 0.87973
431700 -16182.3 -20039.7 298.708 -90.1481 0.878456
431800 -16181.7 -20038 298.613 91.3577 0.877273
431900 -16204.3 -20066.9 299.099 -199.196 0.875957
432000 -16241.4 -20064.2 296.024 -30.3234 0.875751
432100 -16240.7 -20056.4 295.473 135.573 0.876025
432200 -16166.3 -20006.3 297.357 109.409 0.875207
432300 -16078.2 -19935.6 298.701 -141.196 0.873436
432400 -16064.6 -19954.9 301.255 91.7288 0.872405
432500 -16112.3 -19964.2 298.276 -330.174 0.871168
432600 -16165.7 -20012.1 297.848 -27.2139 0.872376
432700 -16196.3 -20057.2 298.977 249.267 0.874277
432800 -16204.4 -20047.1 297.57 -22.8386 0.874466
432900 -16195.5 -20037.5 297.506 -115.018 0.874682
433000 -16162.8 -20014.8 298.285 50.4932 0.876062
433100 -16107.4 -19999 301.348 206.006 0.877323
433200 -16093.4 -19969.8 300.173 46.8076 0.877034
433300 -16174.1 -20012.3 297.216 -3.77817 0.876004
433400 -16240.9 -20026.6 293.153 -89.002 0.874818
433500 -16189.7 -20017.3 296.396 -26.4732 0.874256
433600 -16139.9 -20028.3 301.106 14.8676 0.87406
433700 -16160.8 -20015.4 298.48 -8.00481 0.873553
433800 -16182.5 -20025.6 297.599 67.545 0.872802
433900 -16199.4 -20034 296.937 0.504772 0.871522
434000 -16264.2 -20096.9 296.788 -309.251 0.870574
434100 -16327.2 -20091.8 291.51 -46.8114 0.872047
434200 -16260.3 -20091.1 296.641 35.0683 0.87475
434300 -16193 -20054.3 299.006 87.7499 0.87722
434400 -16189 -20034.9 297.813 111.546 0.878989
434500 -16178.2 -20003.2 296.191 380.918 0.879478
434600 -16065.1 -19918 298.354 121.624 0.876689
434700 -15999.5 -19892.8 301.483 -243.786 0.872378
434800 -16034.5 -19903.8 299.621 -61.7187 0.869814
434900 -16115.9 -19964 297.984 -64.2976 0.868131
435000 -16147.5 -19942.8 293.888 -290.57 0.867199
435100 -16111.7 -19958.9 297.913 -79.4161 0.868993
435200 -16092.3 -19951.8 298.861 -67.7385 0.8718
435300 -16111.2 -19983.6 299.861 -154.478 0.875266
435400 -16205.9 -20034.9 296.501 143.53 0.879963
435500 -16301.5 -20127.9 296.302 379.17 0.883089
435600 -16293 -20082.3 293.426 41.9873 0.882881
435700 -16216.4 -20081.9 299.33 20.6662 0.881975
435800 -16190.4 -20057.7 299.469 123.368 0.880757
435900 -16224.1 -20081.2 298.68 52.8699 0.878661
436000 -16328 -20134.5 294.761 -39.648 0.876374
436100 -16370.2 -20122.3 290.55 -116.865 0.874689
436200 -16292.2 -20096.5 294.593 18.6485 0.873952
436300 -16232.1 -20077.9 297.801 130.125 0.87313
436400 -16188.9 -20038.1 298.067 -56.0925 0.87159
436500 -16126.4 -19976.6 298.149 -66.1581 0.870492
436600 -16044.5 -19972.5 304.171 60.9954 0.870022
436700 -16088.6 -19921.4 296.794 -125.78 0.86912
436800 -16208.2 -19996.9 293.382 -139.429 0.869313
436900 -16200.6 -20014.6 295.34 24.0926 0.870888
437000 -16148.7 -19979.7 296.659 -93.4189 0.87253
437100 -16100.9 -19999.9 301.923 186.191 0.874279
437200 -16128.3 -19973 297.713 -8.36651 0.874698
437300 -16197.8 -20051.5 298.416 -206.075 0.875167
437400 -16332.3 -20113.9 292.833 -27.3959 0.8771
437500 -16320.8 -20151.5 296.638 -36.5432 0.879538
437600 -16265.5 -20114.8 298.072 157.541 0.881601
437700 -16200.6 -20069.8 299.619 196.555 0.882111
437800 -16166.8 -20040.8 299.989 124.453 0.880705
437900 -16180.9 -20038.2 298.692 17.7249 0.878447
438000 -16253.3 -20063.5 295.045 -115.44 0.876613
438100 -16270.7 -20084.4 295.319 -21.3133 0.875712
438200 -16204.8 -20072.4 299.492 66.3298 0.875188
438300 -16146.8 -20003.1 298.62 -45.1058 0.874525
438400 -16065.7 -19980.3 303.138 -122.531 0.874334
438500 -16020.4 -19955.1 304.687 56.012 0.875025
438600 -16124.1 -19971.7 297.944 -29.08 0.87539
438700 -16188.3 -20061.8 299.949 40.2897 0.87577
438800 -16227.7 -20072.1 297.693 136.729 0.875571
438900 -16246.3 -20057.8 295.145 -19.1088 0.874324
439000 -16193.9 -20024.8 296.651 66.2552 0.873156
439100 -16092.5 -19965.5 299.91 -161.544 0.871968
439200 -16071.7 -19952.5 300.507 22.7646 0.872021
439300 -16134.4 -20022.8 301.101 159.857 0.871669
439400 -16200.4 -19978.3 292.543 -176.459 0.87024
439500 -16150.5 -19993.5 297.581 -47.2163 0.870281
439600 -16116.8 -19997.4 300.497 -4.69474 0.871072
439700 -16131.2 -19963.2 296.732 -77.6876 0.871753
439800 -16113.7 -19960.2 297.853 170.652 0.872834
439900 -16067.7 -19962.3 301.579 -14.5806 0.872885
440000 -16096.9 -19966.6 299.66 -61.1272 0.87281
440100 -16177.1 -20002.5 296.225 -78.0726 0.873282
440200 -16214.1 -20060.6 297.858 56.1846 0.874461
440300 -16264.6 -20059.8 293.884 5.90913 0.875273
440400 -16315.4 -20063.9 290.275 -42.3031 0.876092
440500 -16236.9 -20076.7 297.337 190.199 0.877266
440600 -16161.5 -19990.9 296.536 146.167 0.87658
440700 -16098.4 -19932.2 296.873 -92.4924 0.874526
440800 -16036.1 -19899.3 299.146 -151.061 0.873398
440900 -16030.7 -19934 302.258 111.576 0.873281
441000 -16087.5 -19946.9 298.858 -6.08843 0.872375
441100 -16122.4 -19966.3 297.651 14.1983 0.871386
441200 -16116.6 -19957 297.384 -374.788 0.870851
441300 -16084.5 -19950.9 299.406 -110.435 0.873323
441400 -16082 -19962.9 300.52 34.5136 0.877288
441500 -16157 -19996 297.279 153.456 0.880746
441600 -16220.1 -20025.7 294.691 255.645 0.882662
441700 -16207.8 -20050.6 297.574 181.424 0.882182
441800 -16138.4 -19994.7 298.617 -29.8714 0.880002
441900 -16035.9 -19934.5 301.895 123.947 0.87767
442000 -16049.3 -19954.3 302.388 39.972 0.874642
442100 -16118.2 -19965 297.881 -125.211 0.871387
442200 -16143 -19998.1 298.517 -81.0155 0.869189
442300 -16151.6 -19943.8 293.646 -311.223 0.86845
442400 -16070.8 -19946 300.079 96.9269 0.870095
442500 -16020.2 -19892.4 299.847 156.291 0.871082
442600 -16023.5 -19852.9 296.538 40.4464 0.870581
442700 -16009.9 -19889.3 300.411 -86.447 0.869774
442800 -16042.5 -19884.2 297.49 56.8238 0.869404
442900 -16146.1 -19981.4 296.985 -27.3451 0.868833
443000 -16217.7 -20033.4 295.478 19.4385 0.868337
443100 -16191.3 -19998.6 294.82 -112.191 0.86786
443200 -16115.9 -19956.1 297.366 -107.182 0.868412
443300 -16082 -19962 300.456 -69.8456 0.870122
443400 -16107.2 -19963 298.579 276.71 0.872175
443500 -16153.7 -19982.6 296.497 7.27735 0.872394
443600 -16186.7 -20035.6 298.045 -10.229 0.87237
443700 -16273.9 -20063.6 293.46 -70.1847 0.872308
443800 -16306.4 -20101.1 293.847 -159.787 0.872874
443900 -16227.2 -20068.8 297.472 266.549 0.874748
444000 -16170.8 -20045.3 300.03 -240.46 0.875301
444100 -16176.1 -20058.8 300.663 245.99 0.877099
444200 -16230.3 -20063.9 296.862 89.5562 0.8774
444300 -16248.8 -20066.8 295.648 13.4962 0.87661
444400 -16240.9 -20094.9 298.441 -48.6686 0.875507
444500 -16218.1 -20017.4 294.203 -284.198 0.87466
444600 -16136.1 -19977.6 297.473 62.0538 0.876061
444700 -16079.5 -19956.7 300.236 -24.362 0.877928
444800 -16093.5 -19970.9 300.258 191.571 0.880003
444900 -16181.2 -19992.4 295.126 161.844 0.880938
445000 -16250.8 -20060.5 295.007 60.9633 0.880401
445100 -16324 -20127.4 294.517 84.9281 0.878653
445200 -16362.2 -20119.6 290.962 -183 0.876159
445300 -16258.2 -20057.3 294.185 -370.219 0.875406
445400 -16154.8 -19982.8 296.431 -129.052 0.878175
445500 -16097.9 -19986.1 301.082 283.343 0.882292
445600 -16135.4 -20032.1 301.743 231.891 0.884159
445700 -16230.5 -20080.6 298.139 105.083 0.883565
445800 -16271.9 -20128.6 298.646 232.905 0.881734
445900 -16290.7 -20090.3 294.229 50.6541 0.877794
446000 -16206 -20031.8 296.258 -207.427 0.873389
446100 -16109.2 -19978.6 299.632 -179.015 0.870885
446200 -16104.2 -19938.4 296.905 68.9677 0.87017
446300 -16076 -19910 296.89 -84.0589 0.869437
446400 -16005.6 -19928.4 303.765 -317.556 0.869454
446500 -16056.3 -19931.8 300.102 -261.124 0.872277
446600 -16144.9 -19981.3 297.075 32.7352 0.877294
446700 -16155.4 -19999.7 297.693 -2.33388 0.882004
446800 -16155.8 -20024 299.541 204.498 0.885796
446900 -16209 -20027.3 295.676 154.775 0.887187
447000 -16282.4 -20101.7 295.753 47.1661 0.887051
447100 -16343.5 -20140 293.99 286.739 0.886103
447200 -16366 -20169.9 294.554 -279.34 0.883474
447300 -16281.5 -20118.7 297.133 35.5623 0.882682
447400 -16188.3 -20027.9 297.33 58.7345 0.882241
447500 -16145.8 -20028 300.619 72.276 0.881324
447600 -16173.5 -20010.3 297.107 85.3526 0.879809
447700 -16229.6 -20033.6 294.568 -37.6693 0.877683
447800 -16274 -20060 293.167 -29.2634 0.875976
447900 -16237.7 -20074.3 297.088 -41.6312 0.874814
448000 -16159.3 -20036.8 300.262 49.6686 0.873806
448100 -16115.4 -19969.8 298.467 -24.2152 0.872746
448200 -16072.2 -19998.6 304.047 141.693 0.871694
448300 -16146.8 -19992.6 297.804 -36.4912 0.86943
448400 -16220.4 -20032.2 295.173 -233.311 0.867684
448500 -16205.1 -20009.9 294.625 -149.788 0.868148
448600 -16116.3 -20025 302.677 19.4753 0.87015
448700 -16109.4 -19992.7 300.705 63.4974 0.87177
448800 -16148 -19977.7 296.558 56.4355 0.872655
448900 -16154.7 -20020.4 299.344 53.9877 0.873175
449000 -16173.7 -20034.1 298.935 -134.247 0.873568
449100 -16205.9 -20061.7 298.58 -110.045 0.87502
449200 -16228 -20089.1 298.988 -0.799429 0.877414
449300 -16244.5 -20116.7 299.849 140.106 0.879893
449400 -16283 -20114.1 296.665 -51.9167 0.881279
449500 -16300.9 -20150.7 298.113 233.113 0.88268
449600 -16326.9 -20172.4 297.775 51.2837 0.882147
449700 -16398 -20173.4 292.348 -84.7997 0.880879
449800 -16372.4 -20185.4 295.264 -75.301 0.880795
449900 -16270.9 -20136.4 299.335 185.123 0.880986
450000 -16252.1 -20130.7 300.343 101.648 0.879409
450100 -16284 -20116.4 296.764 -148.218 0.876967
450200 -16274.1 -20090.6 295.542 -67.5186 0.875638
450300 -16158.5 -20082.5 303.865 100.926 0.874675
450400 -16155.5 -20037.5 300.604 71.3678 0.872965
450500 -16216.4 -20075.8 298.861 -120.85 0.870258
450600 -16256.8 -20077 295.826 -218.787 0.868303
450700 -16245.5 -20051.1 294.694 -116.732 0.868434
450800 -16195.8 -20032.1 297.07 -146.071 0.869878
450900 -16164.5 -20028.7 299.228 -57.6784 0.873264
451000 -16191.4 -20087.4 301.691 120.685 0.877927
451100 -16265.8 -20078.2 295.22 186.82 0.882295
451200 -16267.4 -20144.5 300.229 394.831 0.884735
451300 -16291.2 -20095.3 294.571 112.456 0.883869
451400 -16247.4 -20071.8 296.144 162.788 0.881268
451500 -16151.6 -20071.7 303.555 -141.022 0.877267
451600 -16160.6 -20004.8 297.675 -324.97 0.874387
451700 -16171.9 -20034.4 299.1 -122.519 0.874415
451800 -16189.9 -20006 295.51 -133.594 0.876131
451900 -16141.5 -20018.7 300.233 276.003 0.878363
452000 -16088.2 -20006.4 303.404 40.3927 0.878697
452100 -16173.3 -20032.2 298.816 120.334 0.878397
452200 -16236.9 -20065.7 296.492 -36.6727 0.877215
452300 -16235.6 -20094.1 298.791 16.8222 0.875678
452400 -16237.2 -20045.6 294.912 22.1498 0.874132
452500 -16149.5 -20019.8 299.701 -92.7076 0.872413
452600 -16078.2 -19935.7 298.714 -398.302 0.871824
452700 -16063.3 -19963.2 301.991 188.024 0.874436
452800 -16148.3 -20027.6 300.395 209.426 0.875893
452900 -16223.6 -20054 296.612 -311.561 0.87579
453000 -16215 -20063.8 298.038 105.043 0.878084
453100 -16191.3 -20051.5 298.921 309.909 0.879957
453200 -16176.8 -20042.2 299.315 33.8167 0.879096
453300 -16198.9 -20037.8 297.273 -80.6612 0.877503
453400 -16243.2 -20065.2 295.968 159.272 0.87611
453500 -16265.1 -20067.5 294.444 -312.208 0.873808
453600 -16194.5 -20065.8 299.781 29.0235 0.87347
453700 -16134.6 -20028.6 301.533 61.8012 0.873002
453800 -16169.7 -20042.9 299.93 -186.681 0.872008
453900 -16299.1 -20117.2 295.654 -168.37 0.872797
454000 -16298.7 -20096.7 294.106 120.677 0.875142
454100 -16221 -20040.3 295.755 441.645 0.876656
454200 -16144.4 -19984.6 297.371 108.653 0.874437
454300 -16103.9 -19979.9 300.149 -139.875 0.870649
454400 -16125.9 -19981.6 298.574 22.2284 0.867586
454500 -16178.7 -19991.3 295.236 -226.351 0.864683
454600 -16236.4 -20024.8 293.359 -318.634 0.863771
454700 -16266.8 -20076.3 294.99 -111.645 0.8658
454800 -16235.6 -20079 297.618 43.9693 0.869249
454900 -16155.7 -20003.2 297.941 43.2397 0.872593
455000 -16100.8 -20002.6 302.139 262.518 0.875193
455100 -16153.2 -20034.9 300.585 116.203 0.875335
455200 -16198.9 -19998 294.187 -122.818 0.874242
455300 -16161.3 -20007 297.799 -60.8108 0.874148
455400 -16146.1 -20019.5 299.942 -8.91575 0.874812
455500 -16203.9 -20059.8 298.585 -134.106 0.87574
455600 -16303.8 -20086.4 292.911 -124.518 0.877894
455700 -16288.6 -20134.2 297.791 62.5189 0.881227
455800 -16279.1 -20140.9 299.044 407.255 0.883669
455900 -16308.8 -20164.8 298.593 253.853 0.882497
456000 -16410.9 -20197.2 293.201 -51.1509 0.878981
456100 -16464.9 -20200.5 289.276 -143.625 0.87578
456200 -16373.6 -20143.6 291.928 -128.63 0.874257
456300 -16286.4 -20102 295.463 -153.481 0.874195
456400 -16197.3 -20050.6 298.383 56.6286 0.875316
456500 -16163.6 -20086.3 303.766 131.134 0.876035
456600 -16240.3 -20088.2 297.963 103.944 0.875447
456700 -16303.6 -20121.5 295.645 -11.951 0.873931
456800 -16279.9 -20057.7 292.538 -184.915 0.872612
456900 -16221.4 -20082.5 298.987 -56.6368 0.872795
457000 -16209 -20042.9 296.884 -88.31 0.873931
457100 -16170.6 -20038.1 299.483 182.498 0.875575
457200 -16133.2 -20008.6 300.098 29.1891 0.875791
457300 -16090.8 -19981.7 301.294 27.8083 0.87539
457400 -16111 -19992.3 300.552 -106.109 0.87486
457500 -16199.1 -20045.4 297.848 -236.046 0.87569
457600 -16260.1 -20078.5 295.677 251.459 0.878255
457700 -16263 -20099.9 297.109 -34.0812 0.879117
457800 -16190.3 -20031.1 297.413 -34.4312 0.880051
457900 -16082 -19992.9 302.847 241.521 0.881278
458000 -16110.8 -19964.4 298.415 -51.4358 0.880555
458100 -16149.9 -19997.4 297.931 -215.496 0.880078
458200 -16206.2 -20047.1 297.425 161.684 0.881404
458300 -16315.7 -20122.2 294.758 145.279 0.881883
458400 -16339.4 -20128.5 293.411 -64.7974 0.880923
458500 -16282.6 -20088.4 294.707 -39.953 0.879981
458600 -16219 -20058 297.282 75.7618 0.879292
458700 -16186.4 -20026.4 297.357 53.7185 0.877845
458800 -16149.3 -20001.5 298.294 -2.79077 0.875426
458900 -16071.4 -19954.6 300.699 39.9599 0.872369
459000 -15992.6 -19900.7 302.632 -74.073 0.868358
459100 -16008.8 -19844.3 297.006 -281.159 0.865001
459200 -16038.8 -19887.5 298.029 -88.0756 0.863688
459300 -16113.8 -19900.9 293.262 -431.785 0.863859
459400 -16118.5 -19979.6 298.99 -261.816 0.868131
459500 -16136 -20008.9 299.903 -52.2215 0.875414
459600 -16225.2 -20062.4 297.139 260.814 0.882356
459700 -16278.4 -20079.1 294.318 214.413 0.886094
459800 -16236.8 -20058.2 295.913 190.826 0.886988
459900 -16204.7 -20075.5 299.744 -91.9379 0.886242
460000 -16211.9 -20057.4 297.78 125.871 0.886027
460100 -16195 -20018.4 296.068 378.899 0.884508
460200 -16110.4 -19983.6 299.921 63.8475 0.880073
460300 -16030.5 -19900.7 299.694 5.56843 0.875534
460400 -15969.6 -19840.2 299.72 -120.915 0.871766
460500 -15844.9 -19811.3 307.141 -114.978 0.869576
460600 -15854.5 -19797.3 305.315 -99.8546 0.868801
460700 -15949.8 -19817 299.462 -101.007 0.868862
460800 -16008.9 -19897 301.078 -140.721 0.870063
460900 -16099.4 -19939.3 297.351 -47.0116 0.872611
461000 -16136.6 -19960.2 296.086 60.4988 0.875388
461100 -16103.2 -19949.9 297.874 51.4613 0.877286
461200 -16010.6 -19898.4 301.059 -1.09944 0.878569
461300 -15943.9 -19877.5 304.599 184.328 0.879599
461400 -16031 -19899.2 299.535 66.8862 0.879179
461500 -16124.3 -19998.6 300.016 219.757 0.877797
461600 -16164.8 -20004.9 297.36 -82.2794 0.874818
461700 -16177.4 -20008.5 296.663 -23.5873 0.872228
461800 -16152.4 -19992 297.327 17.2138 0.870088
461900 -16074.9 -19934.9 298.9 -121.928 0.868275
462000 -16004.1 -19879.7 300.114 -70.1396 0.867576
462100 -16017.6 -19927.9 302.8 -11.7643 0.8676
462200 -16117.5 -19918.2 294.308 -148.353 0.868137
462300 -16121.2 -19982 298.963 -44.5547 0.869858
462400 -16133 -19963.2 296.601 -45.545 0.872059
462500 -16125.5 -19977.2 298.263 -57.3231 0.874654
462600 -16085.8 -19980.1 301.561 251.551 0.877058
462700 -16108.9 -19963.7 298.498 103.654 0.877466
462800 -16194.8 -20030 296.984 -93.2927 0.876925
462900 -16239.2 -20035 293.934 42.3259 0.876943
463000 -16192 -20041.3 298.074 -73.4801 0.876837
463100 -16091.4 -19986.7 301.638 -34.3955 0.877388
463200 -16016.1 -19935.7 303.519 212.487 0.878116
463300 -16053.2 -19952.9 301.971 142.932 0.87697
463400 -16114.2 -20003.3 301.156 -103.416 0.874413
463500 -16197.5 -20031 296.856 -250.283 0.873104
463600 -16222.6 -20058.5 297.037 -32.4414 0.874041
463700 -16196.5 -20035.3 297.262 128.048 0.875091
463800 -16107.1 -20023.3 303.25 152.492 0.875069
463900 -16087.5 -19977.1 301.196 41.0232 0.873692
464000 -16192.3 -20043.4 298.217 -286.974 0.872351
464100 -16252.3 -20054.5 294.424 -120.102 0.873303
464200 -16207.8 -20052.2 297.696 -136.392 0.875799
464300 -16148.6 -20038.9 301.256 11.2603 0.879148
464400 -16151.5 -20016.4 299.288 93.3429 0.881833
464500 -16259.7 -20121.6 299.05 -46.2831 0.883531
464600 -16352.1 -20201.2 298.058 147.233 0.884873
464700 -16387.8 -20185.7 294.093 -4.87031 0.88518
464800 -16334.1 -20176.1 297.509 120.875 0.885072
464900 -16252 -20096.7 297.719 188.725 0.883822
465000 -16212.7 -20068.9 298.608 -3.80839 0.881502
465100 -16216.9 -20091.2 300.012 160.612 0.878944
465200 -16245.6 -20071.6 296.275 -19.2442 0.875719
465300 -16235 -20083.1 297.984 -237.328 0.873389
465400 -16142.3 -20036.4 301.542 -257.18 0.873465
465500 -16073.9 -19966.8 301.446 -1.8809 0.875725
465600 -16114.4 -19987.5 299.919 128.291 0.877778
465700 -16210.8 -20041.1 296.604 292.582 0.878356
465800 -16225.4 -20057.5 296.742 85.9518 0.876313
465900 -16208.9 -20058.9 298.131 -47.7821 0.873493
466000 -16167.6 -19998 296.614 -228.329 0.871624
466100 -16059.1 -19946.7 301.043 155.691 0.871518
466200 -16048.8 -19932.3 300.73 -59.8923 0.870853
466300 -16089.8 -19958.4 299.574 -209.255 0.870663
466400 -16128 -19961.6 296.859 -168.727 0.87238
466500 -16136.9 -20011.6 300.042 445.781 0.874834
466600 -16156.3 -19962.4 294.729 48.1309 0.874117
466700 -16137 -19981.1 297.67 -73.394 0.87239
466800 -16126.6 -19981.1 298.48 -158.096 0.871381
466900 -16124 -19952.1 296.431 -225.261 0.872094
467000 -16082.4 -19973.2 301.288 -33.9375 0.874983
467100 -16061.7 -19996.5 304.699 99.2149 0.878169
467200 -16172.8 -19983.3 295.073 114.38 0.88024
467300 -16194.5 -20045 298.172 181.574 0.880952
467400 -16201.6 -20046.4 297.72 182.153 0.87993
467500 -16229.4 -20064.7 296.988 52.3966 0.877302
467600 -16271.3 -20078.2 294.793 -297.589 0.874632
467700 -16260.5 -20092.4 296.73 -43.7257 0.87433
467800 -16190.4 -20027.1 297.099 -23.5678 0.874972
467900 -16122.2 -20019.2 301.769 133.35 0.8756
468000 -16148.7 -20028 300.394 91.2493 0.874967
468100 -16231.8 -20064 296.747 99.2163 0.873261
468200 -16278.7 -20100.8 295.962 -112.953 0.871031
468300 -16261.5 -20074.2 295.245 -194.723 0.869852
468400 -16207.6 -20058.3 298.185 -34.2333 0.870627
468500 -16165.7 -20048 300.625 -118.868 0.871883
468600 -16193.1 -20015.1 295.962 -60.5262 0.87398
468700 -16274 -20064.7 293.536 124.848 0.87649
468800 -16328 -20137.8 295.017 -80.3305 0.877806
468900 -16294.5 -20074.1 292.678 -9.46142 0.879424
469000 -16173.3 -20020.7 297.926 191.202 0.880786
469100 -16138.5 -20014.7 300.162 129.813 0.880459
469200 -16169.2 -20019.5 298.153 -321.566 0.879359
469300 -16221.8 -20049.2 296.377 206.05 0.88031
469400 -16274.4 -20081 294.774 75.7622 0.879897
469500 -16330.2 -20125.5 293.888 20.7292 0.878903
469600 -16319.9 -20151.5 296.703 -97.9925 0.87825
469700 -16245.9 -20135 301.155 169.673 0.877999
469800 -16202 -20072 299.683 127.18 0.876313
469900 -16176.1 -20054.6 300.34 -220.637 0.873942
470000 -16174.4 -20012.8 297.231 -25.1136 0.873523
470100 -16183.4 -20070.3 300.989 25.0916 0.873624
470200 -16252.3 -20065 295.24 -22.4656 0.873532
470300 -16270.3 -20064.2 293.785 7.88698 0.873712
470400 -16176.2 -20033.1 298.66 6.38236 0.873898
470500 -16118.5 -20005.3 300.983 -59.2759 0.873997
470600 -16129.7 -20009.6 300.448 -24.3765 0.874423
470700 -16193.2 -20086.2 301.461 321.891 0.874581
470800 -16250.2 -20060.5 295.054 -137.864 0.872556
470900 -16240.6 -20081 297.392 191.754 0.871181
471000 -16202.5 -20006 294.531 -12.5327 0.868489
471100 -16094.2 -19957.7 299.177 -291.598 0.865906
471200 -16077.6 -19936.9 298.849 -332.461 0.866278
471300 -16091.6 -19935.5 297.661 -5.50108 0.869444
471400 -16112.1 -19976.3 299.23 200.34 0.872741
471500 -16203.3 -20055.1 298.273 250.209 0.874111
471600 -16291 -20129.9 297.271 89.1554 0.872984
471700 -16303.5 -20097.2 293.772 -317.275 0.871472
471800 -16236.5 -20129.3 301.445 -107.685 0.872554
471900 -16232.8 -20111.9 300.379 50.8479 0.874815
472000 -16354.4 -20150.5 293.957 -19.5919 0.876583
472100 -16391.3 -20185.1 293.774 105.472 0.877992
472200 -16330.2 -20179.8 298.099 140.691 0.878497
472300 -16269.2 -20081.1 295.18 -150.242 0.87799
472400 -16190.8 -20057.4 299.416 114.772 0.878612
472500 -16169.2 -20044.2 300.062 267.123 0.878218
472600 -16183.1 -20017.4 296.913 60.0942 0.875469
472700 -16181.5 -20015.3 296.875 -54.5522 0.872199
472800 -16154.2 -19981.1 296.339 -191.991 0.870103
472900 -16126.8 -19976.9 298.14 -79.6753 0.869921
473000 -16126.5 -19999.4 299.9 196.99 0.870154
473100 -16155.8 -19966.2 295.062 -276.958 0.869434
473200 -16139.1 -20001.6 299.091 217.725 0.870147
473300 -16088.7 -19990.1 302.108 -68.2988 0.869738
473400 -16115.7 -20019.3 302.281 89.3809 0.869606
473500 -16211.7 -20014.9 294.508 -77.427 0.869012
473600 -16207.2 -20023.1 295.487 51.6185 0.868725
473700 -16148.3 -20025.7 300.257 -277.471 0.868844
473800 -16096.6 -19976.5 300.446 169.706 0.870534
473900 -16005 -19922.3 303.339 58.5685 0.871029
474000 -15989 -19867.3 300.324 -128.08 0.870995
474100 -16068.9 -19925.3 298.627 -147.545 0.872331
474200 -16160.5 -20030.2 299.654 -80.8998 0.875048
474300 -16189.5 -20021.4 296.731 159.682 0.877959
474400 -16173.9 -20033.5 298.869 103.912 0.87951
474500 -16185.1 -20038.4 298.38 427.081 0.879315
474600 -16252.4 -20059.9 294.839 -54.5698 0.87595
474700 -16296.8 -20080 292.955 -264.448 0.872979
474800 -16222.9 -20057.2 296.915 31.0387 0.8722
474900 -16138.1 -19996.9 298.812 -166.239 0.87198
475000 -16118.5 -19975.9 298.7 126.648 0.87286
475100 -16115.4 -19974.9 298.864 197.717 0.872664
475200 -16143 -20026.7 300.734 -34.1119 0.870551
475300 -16240.2 -20023.8 292.988 -328.671 0.869069
475400 -16229.3 -20074.5 297.76 -154.893 0.870428
475500 -16192 -20071.4 300.403 163.753 0.873179
475600 -16225.9 -20051.9 296.272 196.93 0.874528
475700 -16295.2 -20092.3 294.031 -84.6062 0.874161
475800 -16303.3 -20130.8 296.388 134.768 0.874084
475900 -16260.7 -20141.7 300.53 -57.0859 0.873497
476000 -16204.8 -20050.7 297.811 123.223 0.872814
476100 -16119.3 -19982.6 299.154 -144.535 0.871424
476200 -16064 -19942.7 300.357 -240.057 0.871238
476300 -16097 -19982.4 300.87 -30.373 0.873192
476400 -16209 -20009.6 294.302 53.9544 0.875815
476500 -16209.8 -20046.3 297.085 -24.8615 0.877946
476600 -16192 -20051.2 298.837 56.5491 0.880234
476700 -16183.7 -20032.7 298.05 134.352 0.881929
476800 -16158.7 -20037.9 300.389 88.7218 0.882407
476900 -16199.5 -20056.1 298.633 273.656 0.881955
477000 -16284.3 -20101.1 295.561 52.1534 0.87904
477100 -16282.6 -20082.3 294.235 12.3859 0.875096
477200 -16200.3 -20095.2 301.604 -116.423 0.871192
477300 -16197.2 -20074 300.201 -21.6665 0.868229
477400 -16208.7 -20024.3 295.47 -227.788 0.866144
477500 -16163.5 -19985.4 295.951 -247.432 0.865987
477600 -16095.5 -19996 302.042 204.722 0.867745
477700 -16127.4 -20006.4 300.374 242.57 0.867874
477800 -16175.3 -20003.4 296.428 -211.688 0.866253
477900 -16152.2 -19963.9 295.162 -93.7866 0.866221
478000 -16100.8 -19969.7 299.596 -21.3644 0.867225
478100 -16089.8 -19961.5 299.813 63.3874 0.86826
478200 -16156.3 -19997.8 297.474 -148.708 0.868986
478300 -16247 -20029.2 292.883 -157.301 0.870683
478400 -16211.1 -20049.5 297.23 105.713 0.873757
478500 -16156.3 -20040.8 300.795 210.012 0.875851
478600 -16178.4 -20016.4 297.204 153.038 0.875753
478700 -16284.3 -20108.1 296.104 107.797 0.874087
478800 -16339.3 -20098.7 291.116 -144.035 0.871808
478900 -16266.2 -20123 298.65 -67.0547 0.870881
479000 -16238.5 -20069.1 296.623 -30.379 0.870734
479100 -16195.9 -19997.8 294.405 -65.8596 0.870977
479200 -16130.1 -19984 298.434 24.3195 0.871603
479300 -16128.6 -20011 300.638 -61.5934 0.872294
479400 -16174.5 -19980.7 294.738 69.2278 0.873348
479500 -16133.5 -19955.6 295.973 52.6713 0.873747
479600 -16026.9 -19931.2 302.336 170.704 0.873168
479700 -16039.6 -19918.1 300.335 -174.458 0.871539
479800 -16097.6 -19961.3 299.185 41.193 0.871074
479900 -16164.4 -19977.6 295.284 -435.896 0.871206
480000 -16159.7 -19999.4 297.339 116.523 0.874495
480100 -16133.6 -20015.5 300.599 266.695 0.877138
480200 -16196.9 -20028.4 296.697 40.0411 0.877341
480300 -16263.5 -20076.5 295.268 -103.015 0.877013
480400 -16273.7 -20139.6 299.357 -82.7831 0.877556
480500 -16282.1 -20095.2 295.268 135.97 0.878604
480600 -16250.5 -20136.2 300.897 120.255 0.878352
480700 -16233.7 -20073.3 297.322 123.104 0.876951
480800 -16195.4 -20055.4 298.906 -90.3234 0.874771
480900 -16142.1 -20020.5 300.326 238.909 0.872902
481000 -16119.6 -19963.1 297.627 -89.4731 0.869865
481100 -16050.1 -19920.7 299.719 -80.2887 0.867496
481200 -15991.2 -19907.2 303.242 7.59754 0.866084
481300 -16051.5 -19914.8 299.157 -46.6836 0.864818
481400 -16151.8 -19954.2 294.438 -226.666 0.864308
481500 -16138.7 -19965.9 296.365 -325.017 0.866027
481600 -16103.1 -19954.5 298.242 62.7293 0.87014
481700 -16063.9 -19923.5 298.874 103.154 0.873453
481800 -16006.5 -19941.8 304.738 261.627 0.875031
481900 -16071.6 -19924.9 298.382 119.4 0.874127
482000 -16156.9 -19985.3 296.459 -123.609 0.872206
482100 -16171.2 -20008.7 297.162 -121.056 0.871758
482200 -16193.6 -20077.1 300.721 19.3385 0.872243
482300 -16308.6 -20106 294.055 -27.9008 0.872825
482400 -16315.6 -20108.2 293.679 -18.6034 0.873686
482500 -16234.8 -20056.2 295.912 7.44917 0.874577
482600 -16181.1 -20034.2 298.365 241.695 0.874826
482700 -16168.8 -20038.5 299.658 -91.4198 0.873615
482800 -16199.3 -20021.8 295.993 108.682 0.872883
482900 -16275 -20116.7 297.484 63.3073 0.871141
483000 -16369.9 -20145 292.331 -186.671 0.869064
483100 -16333.6 -20127.3 293.776 -120.413 0.868656
483200 -16254.2 -20058.4 294.582 -49.7757 0.869324
483300 -16196.2 -20065.1 299.594 -59.874 0.870603
483400 -16184.1 -20050.2 299.376 -78.3386 0.872527
483500 -16228.1 -20047.2 295.736 35.5206 0.875125
483600 -16300.6 -20110.2 295.001 220.943 0.877331
483700 -16358.5 -20156 294.063 80.1416 0.877743
483800 -16321.8 -20138.5 295.552 -43.4702 0.877282
483900 -16210.1 -20087.6 300.263 247.586 0.876555
484000 -16188.4 -20032.1 297.641 -130.804 0.874178
484100 -16169.2 -20042.4 299.926 -118.438 0.872498
484200 -16187.4 -20044.9 298.714 -157.392 0.872397
484300 -16275.6 -20082.8 294.813 -53.6569 0.873631
484400 -16307.5 -20108.4 294.331 97.891 0.875524
484500 -16234.8 -20079.3 297.704 116.712 0.876856
484600 -16144 -20030.3 300.94 42.4795 0.876858
484700 -16151.7 -20012.8 298.992 47.3115 0.876286
484800 -16185.4 -20022.1 297.1 -30.5156 0.875154
484900 -16240.2 -20082.5 297.533 -95.9843 0.874261
485000 -16345.3 -20130.9 293.144 12.9849 0.874299
485100 -16348.5 -20132 292.977 76.0225 0.874192
485200 -16259 -20073.4 295.376 -71.8711 0.873469
485300 -16216.7 -20069.6 298.354 -18.2667 0.873292
485400 -16203.8 -20026.7 296.031 -104.862 0.873547
485500 -16142.2 -20021.7 300.408 86.591 0.874575
485600 -16109.4 -19992.4 300.686 226.073 0.875193
485700 -16155.4 -19973.2 295.634 51.6721 0.873578
485800 -16253.2 -20076.8 296.087 9.87977 0.870672
485900 -16304.9 -20100.3 293.897 -288.881 0.867322
486000 -16240.3 -20032.3 293.64 -93.5221 0.865852
486100 -16149 -19965.9 295.566 122.835 0.865166
486200 -16102.1 -19956.5 298.47 -160.461 0.86379
486300 -16062.5 -19921.7 298.841 -218.82 0.863726
486400 -16055.1 -19962.4 302.564 -83.8069 0.865836
486500 -16158.1 -19967.7 295 -82.5401 0.869121
486600 -16187.4 -20024.4 297.122 46.5022 0.872974
486700 -16181.9 -20040.5 298.795 71.3584 0.87686
486800 -16208.4 -20061.4 298.363 470.262 0.879518
486900 -16328 -20159.2 296.677 135.215 0.878169
487000 -16366.4 -20146.3 292.7 -52.8102 0.87541
487100 -16287.1 -20126 297.271 60.2033 0.872877
487200 -16221.5 -20082.2 298.963 42.4757 0.869861
487300 -16195.3 -20072 300.201 -124.26 0.866933
487400 -16237.2 -20066.9 296.556 -127.046 0.865185
487500 -16345.2 -20126.8 292.825 -251.052 0.865016
487600 -16346.9 -20129.9 292.944 -5.85959 0.866956
487700 -16258.3 -20081.1 296.023 58.3514 0.869029
487800 -16211.4 -20032.3 295.879 129.708 0.870404
487900 -16152.8 -19998.7 297.811 100.017 0.870371
488000 -16092.8 -19981.7 301.143 92.3558 0.869189
488100 -16117.5 -19986.4 299.595 -3.4688 0.867276
488200 -16224.7 -20069.9 297.763 -315.221 0.866046
488300 -16268.7 -20088.8 295.811 -217.922 0.867516
488400 -16236 -20037.1 294.344 -120.18 0.870877
488500 -16170.9 -20040.1 299.619 278.237 0.875162
488600 -16177.7 -20062.4 300.82 358.367 0.876801
488700 -16233.6 -20069.9 297.071 62.5973 0.874944
488800 -16301 -20127.2 296.284 -171.061 0.872844
488900 -16441.1 -20227.3 293.191 -102.211 0.872351
489000 -16430 -20228.4 294.13 -220.759 0.873198
489100 -16338.8 -20169.5 296.633 -24.2596 0.875553
489200 -16276.5 -20125 298.008 23.1339 0.877979
489300 -16251.3 -20123.9 299.88 97.3376 0.879752
489400 -16281.1 -20131.5 298.157 3.05544 0.880635
489500 -16385.4 -20181.7 293.97 68.9949 0.881223
489600 -16413.9 -20193.8 292.706 380.355 0.880837
489700 -16326.8 -20143.7 295.571 38.7332 0.877524
489800 -16257.1 -20062.3 294.659 -153.593 0.874001
489900 -16179.5 -20000.3 295.867 -188.056 0.872421
490000 -16100.9 -19996.5 301.656 -190.666 0.872749
490100 -16128.3 -20003 300.039 17.3423 0.874692
490200 -16198.9 -20052.2 298.389 160.566 0.876339
490300 -16232.9 -20045.1 295.202 139.002 0.876418
490400 -16210.7 -20041.6 296.652 39.952 0.87517
490500 -16184.5 -20027 297.545 -27.0929 0.873758
490600 -16158.1 -20007.2 298.057 -66.0169 0.87258
490700 -16123.5 -20007.3 300.75 -119.4 0.87211
490800 -16119.8 -20044 303.878 65.326 0.872627
490900 -16221.3 -20045 296.096 -255.584 0.873035
491000 -16250.8 -20059.1 294.901 152.479 0.875225
491100 -16200.6 -20080.1 300.412 93.0173 0.87672
491200 -16185.9 -20056.3 299.706 36.5204 0.877108
491300 -16254.2 -20083.7 296.54 -49.9468 0.877009
491400 -16328.3 -20117.1 293.392 -178.022 0.87736
491500 -16286.1 -20079.4 293.746 -19.9976 0.879359
491600 -16178.6 -20053 300.013 257.49 0.881402
491700 -16185.2 -20049.6 299.246 139.619 0.881359
491800 -16240.4 -20108.5 299.53 197.577 0.879835
491900 -16320.7 -20115.5 293.854 76.623 0.876437
492000 -16300.1 -20094.9 293.858 -77.6616 0.872177
492100 -16226.4 -20034.9 294.913 -348.503 0.86915
492200 -16174.6 -20026.6 298.283 -261.536 0.869228
492300 -16162.3 -20033.5 299.773 71.6735 0.871581
492400 -16200.1 -20017.7 295.622 97.9047 0.873695
492500 -16233.6 -20084.7 298.214 79.5336 0.874708
492600 -16297.3 -20066.4 291.863 -3.1402 0.874726
492700 -16254.2 -20063.2 294.952 -43.8903 0.875073
492800 -16159.8 -20022.2 299.089 262.007 0.875325
492900 -16138.6 -19985.2 297.871 122.559 0.873326
493000 -16145.5 -20018.6 299.916 -63.6575 0.870273
493100 -16209.2 -19976.5 291.727 -506.213 0.868246
493200 -16194.9 -19971.1 292.419 8.1318 0.870237
493300 -16080.9 -19965.7 300.826 87.662 0.872772
493400 -16095.6 -19988.7 301.472 144.152 0.874127
493500 -16170.5 -20010.9 297.389 -44.6282 0.874219
493600 -16217.3 -20055.3 297.195 158.72 0.874285
493700 -16250.8 -20072.6 295.945 168.892 0.873018
493800 -16264.2 -20054.5 293.502 -173.754 0.870616
493900 -16181.3 -20032.3 298.206 6.67558 0.869687
494000 -16113.5 -19989.7 300.155 -113.028 0.869314
494100 -16104.9 -19967 299.067 -64.2631 0.869686
494200 -16137.5 -19947.1 295.004 -45.8138 0.870763
494300 -16135.3 -19942.7 294.835 18.7381 0.872015
494400 -16041.7 -19911.4 299.655 129.133 0.872592
494500 -16011.1 -19902.4 301.329 47.3647 0.872234
494600 -16066.6 -19896.1 296.545 -109.895 0.871611
494700 -16106.5 -19920.9 295.37 -159.671 0.871978
494800 -16063.8 -19959.9 301.694 -6.27226 0.873669
494900 -16006 -19862 298.593 128.844 0.875108
495000 -15968.5 -19845.7 300.232 336.599 0.875021
495100 -15981 -19861.1 300.467 0.892444 0.872378
495200 -16058.8 -19861.6 294.473 -270.246 0.869782
495300 -16081.5 -19913.6 296.739 -88.1238 0.869994
495400 -16092.7 -19970.9 300.313 256.072 0.870733
495500 -16168.2 -19977.6 294.991 -115.643 0.869839
495600 -16194.5 -19979.1 293.065 -271.313 0.869952
495700 -16097.1 -19914.5 295.607 246.369 0.871501
495800 -16053.5 -19952.6 301.929 71.4692 0.871728
495900 -16093 -19912 295.727 -163.915 0.871336
496000 -16096.2 -19949.6 298.394 79.7065 0.871908
496100 -16096.7 -19938.9 297.523 219.636 0.871719
496200 -16106 -19967.1 298.986 99.3341 0.869718
496300 -16135 -19950.8 295.48 -162.934 0.866891
496400 -16104.5 -19937.9 296.846 -211.823 0.865498
496500 -16043.1 -19941.8 301.906 -87.1868 0.866092
496600 -16069.6 -19908.3 297.255 -42.8297 0.867464
496700 -16154.5 -19960.1 294.688 -136.516 0.8695
496800 -16225.8 -20055 296.517 144.194 0.87251
496900 -16271.1 -20101.3 296.597 301.219 0.874129
497000 -16340.6 -20053 287.472 -119.829 0.873404
497100 -16249.4 -20054.1 294.62 -171.957 0.873708
497200 -16172.2 -20037.4 299.306 27.9423 0.875569
497300 -16147 -19970.9 296.105 310.842 0.876795
497400 -16086.1 -19968.5 300.639 169.534 0.875516
497500 -16066.7 -19949.8 300.695 -29.2605 0.872463
497600 -16145.2 -19957.1 295.174 -114.17 0.869684
497700 -16218.7 -20016.7 294.095 -13.1016 0.86792
497800 -16181.5 -19994 295.222 -85.9009 0.866385
497900 -16063.8 -19952.8 301.151 -97.6894 0.865686
498000 -16053.2 -19894.1 297.423 -222.925 0.86615
498100 -16040.8 -19886 297.759 -116.777 0.868831
498200 -16024.8 -19934.3 302.739 196.427 0.872232
498300 -16128.6 -19964.6 297.044 -132.918 0.874216
498400 -16178.7 -20002.8 296.125 110.357 0.876484
498500 -16174.8 -20033.5 298.808 47.4313 0.877895
498600 -16167 -19995.2 296.444 94.3914 0.878666
498700 -16085 -19986.2 302.096 239.611 0.878247
498800 -16051.1 -19919.2 299.536 173.701 0.87588
498900 -16083.7 -19935 298.227 91.8489 0.872283
499000 -16183.9 -20035.9 298.29 -271.789 0.86908
499100 -16255.5 -20063.6 294.885 -238.602 0.868625
499200 -16238.9 -20090.4 298.245 -35.1307 0.870238
499300 -16208.6 -20053.1 297.702 70.1674 0.872054
499400 -16127.5 -20048.9 303.665 -51.6532 0.873157
499500 -16065.9 -19948.9 300.687 -79.1795 0.874545
499600 -16089.4 -20021.6 304.501 287.916 0.876013
499700 -16220.4 -20032.7 295.21 154.532 0.874953
499800 -16197.9 -19994.1 293.967 -241.585 0.872594
499900 -16107.7 -19948.9 297.45 -200.742 0.872435
500000 -16047 -19946.8 301.983 217.091 0.873965
500100 -16088.2 -19972.7 300.8 120.469 0.873909
500200 -16169.5 -19993.5 296.119 -151.694 0.872765
500300 -16160.6 -19995 296.926 -98.7465 0.872805
500400 -16145.4 -20028.3 300.683 -54.537 0.873993
500500 -16196.2 -20022.2 296.271 30.6695 0.875382
500600 -16280.8 -20041.6 291.224 110.175 0.876445
500700 -16303.5 -20106.1 294.459 -11.4466 0.876793
500800 -16211.5 -20072.1 298.952 -112.575 0.877139
500900 -16142.6 -20029.7 300.999 240.893 0.878057
501000 -16175.7 -20058.8 300.696 229.547 0.877015
501100 -16267 -20107.4 297.383 -17.1899 0.87398
501200 -16283.4 -20085.3 294.408 -118.038 0.871124
501300 -16226.2 -20047 295.867 -144.943 0.869453
501400 -16159.1 -20020.4 299.005 -173.586 0.869104
501500 -16144.9 -19998.8 298.433 -173.936 0.870638
501600 -16161.2 -20037.7 300.183 43.1094 0.873752
501700 -16267.4 -20074.3 294.792 46.5739 0.876387
501800 -16329.9 -20117.2 293.276 78.8512 0.878315
501900 -16284.2 -20120.1 297.033 70.1259 0.879438
502000 -16226.6 -20076.6 298.129 119.541 0.879799
502100 -16197.5 -20090.1 301.422 39.2454 0.879294
502200 -16264.1 -20067.3 294.505 -41.5922 0.878151
502300 -16361.4 -20093.5 288.998 -217.934 0.87768
502400 -16303.4 -20117.5 295.353 174.416 0.878866
502500 -16245.7 -20113.5 299.506 90.1116 0.878692
502600 -16246.9 -20050.2 294.513 -145.251 0.877693
502700 -16182.5 -20040.9 298.781 -38.0868 0.877963
502800 -16138.6 -20037.3 301.9 57.3861 0.878775
502900 -16171.3 -20007.7 297.073 149.382 0.878816
503000 -16214.8 -20054.3 297.314 40.7364 0.877449
503100 -16343.5 -20118.4 292.314 32.8532 0.875909
503200 -16340.2 -20158.7 295.691 -45.414 0.874062
503300 -16255 -20070 295.418 -258.909 0.872991
503400 -16180 -20034.7 298.492 217.725 0.873974
503500 -16166.4 -20022.9 298.63 60.1482 0.873389
503600 -16166.6 -19994 296.379 -82.2997 0.872037
503700 -16073.8 -19950.5 300.192 -85.1668 0.871587
503800 -16005.4 -19928 303.754 268.002 0.871768
503900 -16059.9 -19922.8 299.128 56.9325 0.869848
504000 -16102.9 -19952.3 298.085 -156.547 0.867306
504100 -16118.3 -19959.9 297.478 -250.943 0.866649
504200 -16111.2 -19929.8 295.699 -143.198 0.86817
504300 -16045.1 -19942.6 301.814 51.4593 0.8707
504400 -15967.2 -19904 304.851 73.0621 0.872887
504500 -15937.8 -19820.4 300.647 31.4895 0.874272
504600 -15987.6 -19878 301.259 97.116 0.874932
504700 -16089.5 -19929.5 297.36 -38.3667 0.874803
504800 -16129.2 -19960.7 296.691 64.8077 0.874764
504900 -16143.2 -20005.5 299.077 169.943 0.874202
505000 -16194.1 -20004.7 295.074 -102.516 0.872447
505100 -16264.8 -20078.6 295.334 -3.23087 0.871297
505200 -16308.7 -20104.5 293.926 -279.943 0.87103
505300 -16248.7 -20074.9 296.282 -89.473 0.872953
505400 -16160.3 -20040 300.431 236.623 0.875504
505500 -16162.4 -20042.9 300.495 296.825 0.875824
505600 -16212.9 -20028.1 295.429 -8.41607 0.873484
505700 -16278.6 -20110.7 296.745 -225.161 0.871448
505800 -16374.3 -20138 291.446 -358.332 0.871905
505900 -16333.6 -20130.5 294.013 55.4003 0.874951
506000 -16259.8 -20131 299.774 -96.3109 0.877775
506100 -16255 -20070.1 295.427 128.303 0.880664
506200 -16203.4 -20054.2 298.191 181.896 0.882123
506300 -16136.8 -20010.5 299.97 240.06 0.881474
506400 -16092.8 -19964.5 299.811 77.5255 0.878949
506500 -16019.8 -19967 305.66 67.6065 0.875976
506600 -16062.7 -19935 299.856 49.902 0.872726
506700 -16137 -19957.5 295.844 -218.87 0.869738
506800 -16153.4 -20041.9 301.115 -136.4 0.86897
506900 -16241.4 -20075.3 296.882 -26.0252 0.869543
507000 -16296.2 -20099.1 294.479 94.9658 0.870271
507100 -16249 -20027 292.553 -199.802 0.870682
507200 -16165.6 -20056.3 301.282 64.4444 0.8724
507300 -16191.2 -20078 300.982 -13.0686 0.87377
507400 -16254.9 -20066.1 295.125 -24.2159 0.875074
507500 -16237.4 -20068.9 296.699 58.3267 0.876525
507600 -16190.3 -20044.7 298.467 104.327 0.877516
507700 -16177.5 -20056.7 300.39 242.74 0.87718
507800 -16189.4 -20012.8 296.071 -227.237 0.875204
507900 -16160.7 -20014.7 298.435 -31.1905 0.874553
508000 -16127.9 -19997.8 299.671 63.7589 0.874561
508100 -16141.7 -20023.3 300.578 14.8104 0.874285
508200 -16240 -20056.2 295.513 -132.339 0.87386
508300 -16283.1 -20116.8 296.867 132.4 0.874112
508400 -16285 -20098 295.264 58.636 0.87367
508500 -16196.7 -20077 300.479 112.777 0.872373
508600 -16139.3 -20045.6 302.487 -155.264 0.87007
508700 -16191.6 -20035 297.621 -173.884 0.868851
508800 -16244.4 -20092.7 298.001 -94.2442 0.869539
508900 -16330.3 -20155.1 296.183 301.816 0.870756
509000 -16416.8 -20192.7 292.385 -257.8 0.870135
509100 -16382.7 -20166.8 293.024 138.931 0.870871
509200 -16304.3 -20102.4 294.112 -80.4324 0.871327
509300 -16212.5 -20060.9 298.002 55.0847 0.871998
509400 -16183.5 -20077.1 301.511 94.4271 0.872051
509500 -16245 -20075.8 296.644 -155.842 0.871816
509600 -16283.1 -20104.1 295.88 -16.3298 0.872752
509700 -16234.8 -20072.9 297.21 -79.629 0.874063
509800 -16100.7 -19963.1 299.087 287.478 0.875988
509900 -16079.9 -19956 300.145 -63.3569 0.876348
510000 -16104.7 -19958.7 298.44 -1.51569 0.876677
510100 -16159.6 -20008 298.009 210.465 0.876759
510200 -16253.8 -20036.2 292.9 -201.203 0.875316
510300 -16248.1 -20095.8 297.952 -149.345 0.875277
510400 -16226.4 -20083.3 298.663 176.819 0.876655
510500 -16210.1 -20056.6 297.856 -28.4478 0.876876
510600 -16109.6 -19995.7 300.925 236.66 0.876816
510700 -16037.6 -19970.8 304.572 90.1959 0.875023
510800 -16120.2 -20004 300.744 -46.4033 0.871747
510900 -16197.4 -20028.7 296.682 -30.235 0.868669
511000 -16216.9 -20046.3 296.536 -238.403 0.866065
511100 -16194.8 -20037.4 297.55 -106.742 0.865326
511200 -16114.1 -20031.2 303.33 -138.371 0.866063
511300 -16093.1 -19945.8 298.333 -257.946 0.868324
511400 -16125.2 -20021.2 301.695 139.96 0.872572
511500 -16230.6 -20033.1 294.455 145.473 0.875893
511600 -16250.2 -20102.3 298.288 137.916 0.877516
511700 -16253.2 -20089.8 297.085 -36.2285 0.87804
511800 -16232.2 -20108.9 300.194 101.442 0.87877
511900 -16226 -20084.3 298.771 158.351 0.878446
512000 -16246.2 -20082.5 297.075 -72.4935 0.87679
512100 -16257.7 -20106.8 298.06 158.309 0.875193
512200 -16307.8 -20152.2 297.695 -195.83 0.872782
512300 -16356.4 -20102.3 290.071 -287.292 0.872105
512400 -16262.2 -20131.6 299.636 205.818 0.873686
512500 -16238.4 -20075.1 297.099 -44.5216 0.874052
512600 -16218 -20041.3 296.059 -124.337 0.874844
512700 -16145.7 -20004.1 298.782 131.719 0.876602
512800 -16085.6 -19984 301.877 -42.7466 0.877318
512900 -16115.8 -19990.2 300.021 -82.5305 0.878214
513000 -16249.2 -20077.4 296.444 206.636 0.879749
513100 -16283.6 -20124 297.393 68.1359 0.879814
513200 -16290.8 -20104 295.285 -178.366 0.879218
513300 -16226 -20093.5 299.488 125.315 0.879679
513400 -16169 -20048.4 300.405 213.699 0.879456
513500 -16164.3 -19994.2 296.569 142.724 0.87697
513600 -16065.5 -19950 300.799 -116.825 0.872839
513700 -16003.1 -19916.5 303.039 191.951 0.869023
513800 -16062.7 -19896.8 296.896 -132.07 0.863724
513900 -16083.2 -19857.4 292.262 -504.256 0.86015
514000 -16036.1 -19936.4 302.025 -263.974 0.86119
514100 -16057.1 -19903.1 297.826 -83.524 0.864702
514200 -16069.4 -19925.7 298.611 215.754 0.868482
514300 -16113 -19972.1 298.833 39.5435 0.870314
514400 -16215.3 -20019.2 294.558 118.485 0.871164
514500 -16243.7 -20105.4 299.039 38.88 0.870978
514600 -16257.7 -20069.5 295.173 -86.6364 0.870686
514700 -16224.6 -20052.7 296.44 -6.3625 0.870938
514800 -16200.7 -20081.4 300.506 149.742 0.871045
514900 -16222.5 -20052 296.538 67.4114 0.869974
515000 -16221.3 -20061.3 297.356 -140.089 0.868641
515100 -16145 -20036.8 301.366 -8.57343 0.868535
515200 -16084.1 -19999.6 303.197 -17.0059 0.868744
515300 -16152.1 -20045.5 301.489 -52.8336 0.869082
515400 -16246.6 -20070.9 296.139 60.4217 0.869599
515500 -16235.4 -20088.7 298.389 -166.926 0.869999
515600 -16223.9 -20078.4 298.48 -93.5658 0.871468
515700 -16244.3 -20081.9 297.173 -10.8219 0.873892
515800 -16270.2 -20092.5 295.981 -4.99538 0.876501
515900 -16288.1 -20148.1 298.907 193.199 0.87878
516000 -16316.5 -20122.2 294.694 -59.0442 0.879522
516100 -16279 -20118.3 297.302 154.535 0.880051
516200 -16202.3 -20096.3 301.538 159.654 0.879367
516300 -16199.9 -20065.4 299.327 -160.834 0.877503
516400 -16295.6 -20147.3 298.26 -71.9415 0.876749
516500 -16381.2 -20214 296.797 -137.552 0.876973
516600 -16404.9 -20229.6 296.176 50.9299 0.878268
516700 -16375 -20180 294.645 113.171 0.879243
516800 -16260 -20101.5 297.469 166.413 0.878907
516900 -16221.2 -20086.4 299.309 -47.3588 0.877173
517000 -16211 -20042.9 296.728 -35.8455 0.875665
517100 -16174.2 -20059.5 300.865 -12.9011 0.874893
517200 -16131.8 -19990.2 298.779 154.815 0.873868
517300 -16079.2 -19968.2 301.147 -97.7923 0.871646
517400 -16058 -19899.6 297.481 -46.5622 0.869972
517500 -16034.3 -19929.1 301.594 -157.499 0.869115
517600 -16083.1 -19938.7 298.564 -133.848 0.869753
517700 -16162.6 -20005.1 297.546 -25.9255 0.871776
517800 -16216.5 -20067.7 298.221 88.6531 0.874132
517900 -16278.5 -20108.3 296.563 12.8152 0.875719
518000 -16290.8 -20103.7 295.257 -17.873 0.877213
518100 -16171.9 -20039.6 299.497 287.044 0.878645
518200 -16100.3 -20010.7 302.803 184.3 0.877511
518300 -16158.9 -20015.5 298.645 77.7783 0.874247
518400 -16241.3 -20107.1 299.352 -320.491 0.870686
518500 -16296.9 -20104.4 294.844 -272.753 0.869872
518600 -16278.1 -20119.5 297.464 -34.6087 0.871949
518700 -16238.9 -20122.3 300.719 75.4842 0.874614
518800 -16267.5 -20106.3 297.262 125.112 0.876402
518900 -16311.1 -20089.5 292.585 -41.1216 0.877068
519000 -16244.8 -20089 297.675 114.504 0.877748
519100 -16178 -20049.4 299.784 -58.9112 0.87753
519200 -16174.7 -20031.3 298.637 -28.2145 0.877643
519300 -16204.6 -20034.1 296.539 -58.9098 0.878397
519400 -16276 -20105.1 296.508 -84.0578 0.879679
519500 -16328.5 -20114.4 293.167 -41.3077 0.881729
519600 -16269.9 -20124.7 298.504 380.933 0.883682
519700 -16189.9 -20085 301.615 3.11466 0.882787
519800 -16217.3 -20158.9 305.222 9.74533 0.881345
519900 -16298.6 -20126.6 296.423 -45.7019 0.879992
520000 -16277.7 -20121.1 297.612 -47.9406 0.878938
520100 -16235.7 -20100.3 299.262 51.2854 0.878091
520200 -16230.6 -20114.2 300.729 -53.7443 0.876964
520300 -16301.3 -20132.2 296.654 55.7439 0.876241
520400 -16369.6 -20202 296.765 -129.631 0.875457
520500 -16383.1 -20178.7 293.919 -162.002 0.875547
520600 -16256.7 -20127.6 299.747 134.453 0.877012
520700 -16216.8 -20068.1 298.23 33.5231 0.877757
520800 -16225.3 -20093.8 299.561 91.7345 0.877758
520900 -16258.4 -20073 295.392 33.1598 0.877031
521000 -16264 -20088.6 296.165 -80.3493 0.876002
521100 -16199.6 -20076.9 300.237 -101.098 0.875719
521200 -16153.9 -20065 302.861 86.0812 0.876155
521300 -16219.8 -20021.3 294.37 -58.8319 0.876122
521400 -16263.3 -20073.2 295.026 -129.233 0.87678
521500 -16223 -20038.6 295.469 126.677 0.878554
521600 -16119.2 -20005.1 300.908 -14.9114 0.879598
521700 -16124.2 -20044.9 303.605 105.762 0.880531
521800 -16218.7 -20064.9 297.831 82.7575 0.880697
521900 -16268.4 -20115.9 297.939 8.15745 0.879988
522000 -16292.8 -20127.1 296.921 -105.315 0.879319
522100 -16287.1 -20125.7 297.245 -110.452 0.879636
522200 -16203.1 -20074.5 299.791 81.4063 0.88068
522300 -16137.4 -20030.4 301.457 69.3289 0.881288
522400 -16181.7 -20078.7 301.764 35.2409 0.881324
522500 -16274.2 -20089.7 295.456 -126.206 0.881083
522600 -16285.7 -20148.4 299.116 151.107 0.881703
522700 -16302.2 -20115.4 295.282 -136.604 0.88155
522800 -16242.2 -20098.4 298.609 19.9149 0.8821
522900 -16150.3 -20047.6 301.786 347.586 0.882231
523000 -16169.3 -20043.2 299.981 -114.961 0.879785
523100 -16222.7 -20091.3 299.568 -79.2669 0.877918
523200 -16263.1 -20096 296.806 -72.3615 0.876937
523300 -16247.4 -20071.1 296.098 -167.108 0.876919
523400 -16220.9 -20117.9 301.766 -11.0284 0.878201
523500 -16277.9 -20133.7 298.58 -40.8511 0.879912
523600 -16331.2 -20147.1 295.482 191.016 0.88179
523700 -16322.9 -20162.6 297.337 276.516 0.881852
523800 -16316.5 -20176.1 298.874 -228.206 0.879831
523900 -16324.5 -20157.6 296.819 -102.932 0.879138
524000 -16278.7 -20128 298.074 53.0353 0.879709
524100 -16198.4 -20086.4 301.069 198.154 0.879954
524200 -16171.5 -20020.5 298.052 43.1339 0.878287
524300 -16115.7 -19992.4 300.195 -184.942 0.87615
524400 -16028.2 -19927.5 301.949 2.37409 0.875241
524500 -16041.9 -19961.2 303.493 -103.36 0.874696
524600 -16152.5 -20010.1 298.717 -98.7437 0.875046
524700 -16188.6 -20043.1 298.476 33.5751 0.876307
524800 -16223.5 -20065.6 297.521 68.8709 0.877603
524900 -16261.6 -20072.6 295.107 25.164 0.878268
525000 -16256 -20114.3 298.769 2.49344 0.878695
525100 -16234.5 -20098.6 299.221 65.4617 0.879278
525200 -16218.7 -20076.1 298.696 152.515 0.879108
525300 -16204.2 -20044.2 297.354 26.4195 0.877592
525400 -16184.3 -20059.2 300.06 7.82711 0.875405
525500 -16182.3 -20008.3 296.265 -1.72775 0.872846
525600 -16123.5 -19988.8 299.313 -83.4384 0.869911
525700 -16069.3 -19957.3 301.077 -16.4116 0.867177
525800 -16105.4 -19946 297.4 -114.987 0.864633
525900 -16204.7 -20013.7 294.95 -317.13 0.863263
526000 -16266.3 -20072.4 294.732 -315.049 0.865132
526100 -16253 -20108.8 298.577 53.1118 0.869928
526200 -16186.4 -20061.1 300.046 144.229 0.874662
526300 -16089 -19993.4 302.339 286.731 0.877646
526400 -16108.4 -19983.5 300.067 97.7716 0.878072
526500 -16198.9 -20070.5 299.804 62.3615 0.877228
526600 -16260 -20077.7 295.626 -267.368 0.876214
526700 -16245.5 -20103.4 298.743 117.181 0.876929
526800 -16210.9 -20006.8 293.941 -158.875 0.877191
526900 -16100.5 -19976.3 300.125 90.9382 0.878416
527000 -16089 -19977.1 301.077 63.4176 0.879305
527100 -16140.3 -19990.7 298.163 -45.5608 0.879691
527200 -16206.7 -20057.6 298.198 147.622 0.880038
527300 -16281.7 -20099.9 295.663 192.399 0.878997
527400 -16291.6 -20076.8 293.108 -110.377 0.876615
527500 -16251 -20097.8 297.882 -193.468 0.874913
527600 -16232.4 -20044.9 295.223 -6.41938 0.87478
527700 -16167.9 -20047.7 300.443 -159.606 0.875296
527800 -16151.2 -20014.2 299.138 152.445 0.87671
527900 -16159.1 -20002 297.577 -114.393 0.877249
528000 -16164 -20045.5 300.568 92.2863 0.878467
528100 -16255.8 -20085.6 296.571 -66.1302 0.879431
528200 -16303.1 -20136 296.803 123.355 0.880628
528300 -16304.7 -20142.4 297.177 21.2206 0.881129
528400 -16254.6 -20113.3 298.801 284.16 0.880727
528500 -16162.7 -20055.6 301.452 -7.74769 0.878074
528600 -16149.6 -20034.7 300.842 -277.265 0.875433
528700 -16232 -20050.1 295.658 -93.8014 0.875193
528800 -16295 -20095.1 294.269 -33.1305 0.876035
528900 -16271.1 -20112.2 297.44 236.938 0.876832
529000 -16251.5 -20095.6 297.675 -66.5098 0.876134
529100 -16227.5 -20059.6 296.742 -52.5174 0.875597
529200 -16188.1 -20057.7 299.65 280.414 0.875213
529300 -16223.3 -20071.6 297.999 107.002 0.872464
529400 -16322.7 -20032.1 287.239 -477.789 0.868801
529500 -16263.3 -20062.1 294.164 -196.52 0.869104
529600 -16189.7 -20025.8 297.057 -238.813 0.872143
529700 -16145.6 -20023.2 300.265 258.154 0.876809
529800 -16174.4 -20059.8 300.872 293.61 0.879234
529900 -16276.7 -20078.3 294.384 -120.792 0.879091
530000 -16278.7 -20078.4 294.238 112.502 0.879397
530100 -16233.3 -20073.1 297.338 279.42 0.878547
530200 -16191.5 -20064.8 299.937 -5.71915 0.875558
530300 -16199.6 -20030.4 296.644 32.8351 0.872393
530400 -16237.9 -20021.9 293.012 -241.376 0.869656
530500 -16192.7 -20042.4 298.109 -335.894 0.869357
530600 -16116 -19980.5 299.251 -61.0135 0.871966
530700 -16082.1 -19964.5 300.638 187.35 0.874962
530800 -16130.3 -19985.2 298.504 -116.382 0.876445
530900 -16242.2 -20054.3 295.19 63.2632 0.878222
531000 -16270.5 -20125.7 298.531 181.761 0.87933
531100 -16260.3 -20054.9 293.837 -64.6898 0.878803
531200 -16180.1 -20053.8 299.965 -60.982 0.878638
531300 -16162.4 -20118.8 306.367 218.39 0.879026
531400 -16221.4 -20052.6 296.672 -3.29085 0.877797
531500 -16220.8 -20027.9 294.81 -58.4813 0.876577
531600 -16148.8 -20011.9 299.148 156.497 0.875877
531700 -16092.6 -19953.3 298.957 48.8653 0.874084
531800 -16080.3 -19969.8 301.188 112.027 0.871784
531900 -16185.5 -19988.9 294.521 -25.5359 0.869023
532000 -16247.6 -20051.9 294.593 -321.228 0.867254
532100 -16207.6 -20021.9 295.36 -214.206 0.868547
532200 -16147.6 -20022.5 300.061 246.172 0.870927
532300 -16150 -20014.9 299.289 44.0599 0.871311
532400 -16170.3 -20023 298.344 113.417 0.87074
532500 -16198.9 -20062.1 299.15 3.40276 0.869484
532600 -16272.2 -20097 296.179 -176.122 0.868548
532700 -16391.7 -20130.1 289.49 -61.4815 0.869068
532800 -16385 -20155.1 291.939 -131.486 0.870667
532900 -16260.8 -20088.3 296.389 70.8706 0.872893
533000 -16197.2 -20016.7 295.773 -156.537 0.874891
533100 -16123.6 -20021.1 301.81 104.626 0.877768
533200 -16137 -19997.8 298.965 -18.6456 0.879934
533300 -16221 -20105.2 300.774 135.199 0.881776
533400 -16304.7 -20141 297.071 28.4992 0.882612
533500 -16329.7 -20185.1 298.547 213.648 0.88274
533600 -16353.6 -20163.8 295.041 123.236 0.880965
533700 -16298.1 -20104.3 294.738 -86.9248 0.878037
533800 -16184.8 -20044.5 298.882 145.872 0.875512
533900 -16171.4 -20060.5 301.157 -210.921 0.872438
534000 -16246.9 -20130.4 300.723 -336.839 0.871406
534100 -16327.1 -20121.1 293.794 -97.3295 0.873411
534200 -16293.7 -20123.1 296.53 -80.5495 0.876678
534300 -16235.7 -20091.2 298.558 135.775 0.880242
534400 -16217.5 -20070.5 298.36 185.308 0.882438
534500 -16201.8 -20030.1 296.452 27.2516 0.882582
534600 -16075.2 -19998.1 303.779 286.82 0.882076
534700 -16055.9 -19975.9 303.55 137.341 0.879298
534800 -16134.3 -19960.3 296.271 -216.354 0.87557
534900 -16156.1 -19987.1 296.656 -342.679 0.874456
535000 -16116.5 -19959.5 297.588 -23.3487 0.876339
535100 -16020.7 -19949.1 304.197 291.556 0.878176
535200 -16049.9 -19949.2 301.948 159.47 0.877305
535300 -16141.6 -19958 295.526 -106.453 0.875129
535400 -16134.8 -19988.2 298.395 -174.583 0.874239
535500 -16140.8 -20015.6 300.05 -3.29604 0.874846
535600 -16208.8 -20058.6 298.113 -69.903 0.875604
535700 -16294.8 -20098.4 294.54 -122.223 0.877003
535800 -16284.7 -20081.7 294.021 229.546 0.879187
535900 -16242.4 -20103.3 298.972 263.726 0.879332
536000 -16231.9 -20060.7 296.486 47.7406 0.876974
536100 -16184.2 -20010.6 296.3 -189.996 0.874483
536200 -16090.2 -19986.6 301.727 -203.81 0.873744
536300 -16083.5 -19995.3 302.915 -79.2182 0.875034
536400 -16139.3 -20018.4 300.387 -151.713 0.877359
536500 -16203.4 -20059.8 298.622 98.7607 0.880594
536600 -16253.7 -20072.3 295.694 151.786 0.882745
536700 -16258.7 -20102.5 297.649 193.212 0.883263
536800 -16225.9 -20121.1 301.626 272.006 0.881808
536900 -16219.2 -20075.2 298.595 21.7946 0.877933
537000 -16252.4 -20075.2 296.025 -361.237 0.874691
537100 -16255.1 -20078.4 296.058 -124.647 0.874619
537200 -16180.3 -20039.3 298.827 73.9125 0.875674
537300 -16118.8 -20015.7 301.766 -70.121 0.876246
537400 -16159 -20035.2 300.155 23.3794 0.877162
537500 -16249.2 -20080.3 296.664 133.006 0.877745
537600 -16268.6 -20070.1 294.377 -175.276 0.877511
537700 -16231.1 -20109.5 300.326 200.018 0.878312
537800 -16237.7 -20105.8 299.531 81.0844 0.877809
537900 -16311.1 -20129.8 295.705 12.2785 0.876102
538000 -16356.2 -20128.2 292.091 -320.513 0.874833
538100 -16268.6 -20103.4 296.956 -20.8848 0.876194
538200 -16216.3 -20061.2 297.731 277.364 0.877796
538300 -16205.8 -20063.2 298.7 118.709 0.877097
538400 -16198.2 -20013.7 295.457 -18.6996 0.875008
538500 -16135.1 -20018.7 300.724 119.278 0.873014
538600 -16067.9 -19944.1 300.161 34.0071 0.870124
538700 -16025.9 -19888.3 299.088 -227.765 0.866894
538800 -15958.8 -19871.3 302.968 -190.741 0.866071
538900 -15966.1 -19882.8 303.294 -58.005 0.867097
539000 -16072.9 -19933.8 298.973 -130.259 0.868894
539100 -16125.3 -19944 295.701 160.79 0.871603
539200 -16131.1 -20010.1 300.371 -109.8 0.873331
539300 -16188.8 -20004.7 295.488 -110.021 0.875651
539400 -16269.3 -20065.6 293.965 210.854 0.878736
539500 -16291.3 -20104.4 295.272 211.665 0.880073
539600 -16240.9 -20087.9 297.897 4.07626 0.87959
539700 -16173.3 -20051.3 300.3 39.8122 0.87868
539800 -16163.8 -20042.4 300.341 22.5417 0.877473
539900 -16218.1 -20063.1 297.74 311.97 0.875483
540000 -16289.1 -20050.8 291.29 -304.62 0.871437
540100 -16222.3 -20031.2 294.945 -186.747 0.869795
540200 -16148.5 -19934.9 293.204 -150.687 0.870223
540300 -16080.7 -19981 302.025 -57.4545 0.871913
540400 -16118.7 -20004 300.864 2.7046 0.874473
540500 -16200.5 -20024.1 296.085 238.32 0.876694
540600 -16193.4 -20001.3 294.871 145.796 0.876677
540700 -16135.7 -20005 299.619 58.4098 0.875422
540800 -16139.7 -20030.5 301.291 242.885 0.873107
540900 -16170.3 -19992.3 295.964 -219.868 0.869125
541000 -16157.3 -20011.2 298.427 -273.215 0.867249
541100 -16155.3 -20004.2 298.045 -82.3995 0.867876
541200 -16164.4 -19999.4 296.964 -197.071 0.869728
541300 -16166 -20041.7 300.118 -3.67178 0.872986
541400 -16203.1 -20040.1 297.125 178.642 0.876025
541500 -16246.5 -20069 295.998 283.472 0.877204
541600 -16258 -20068.7 295.088 -108.359 0.876201
541700 -16175.1 -20058.8 300.74 -48.9446 0.875801
541800 -16129.7 -20025.7 301.689 262.152 0.875517
541900 -16203.2 -20042.5 297.3 -42.3239 0.873416
542000 -16270.7 -20077.4 294.775 -141.87 0.871728
542100 -16255.7 -20075.4 295.782 18.8189 0.871153
542200 -16199.4 -20027.6 296.445 -11.6472 0.870864
542300 -16135.6 -19972.5 297.117 -13.2632 0.870586
542400 -16097.2 -19983.2 300.915 47.6423 0.870432
542500 -16119.6 -19985.4 299.35 -33.5324 0.87008
542600 -16136.5 -19965.4 296.498 -29.0975 0.86979
542700 -16124.6 -19972.7 297.982 -99.8652 0.870096
542800 -16116.1 -19968.6 298.318 -156.289 0.8713
542900 -16093.5 -19949.9 298.622 153.28 0.873372
543000 -16034.1 -19916.8 300.66 -47.1784 0.874544
543100 -16017.5 -19915.4 301.845 140.367 0.875536
543200 -16100.5 -19958.2 298.724 113.289 0.875326
543300 -16169.6 -19987.1 295.613 34.2944 0.874068
543400 -16168.9 -20027.2 298.772 -103.061 0.87295
543500 -16173.7 -20017.7 297.66 53.5029 0.872515
543600 -16173.7 -20015.8 297.515 10.7609 0.871773
543700 -16166.4 -20026.1 298.879 -229.201 0.871386
543800 -16169.8 -20024.3 298.475 -145.711 0.87267
543900 -16203.3 -20033.5 296.595 6.10007 0.875259
544000 -16242.9 -20111.5 299.571 193.987 0.877129
544100 -16330.6 -20123.2 293.68 -4.37235 0.877359
544200 -16332.5 -20151.1 295.695 -68.6212 0.877588
544300 -16243.7 -20110.3 299.415 255.557 0.877721
544400 -16181.2 -20043.3 299.066 -30.2038 0.876354
544500 -16187.9 -20057.1 299.615 96.0997 0.874944
544600 -16219.6 -20053.7 296.9 -18.7917 0.873101
544700 -16201.8 -19982 292.723 -102.922 0.871437
544800 -16084.3 -19929.4 297.752 -82.3901 0.870808
544900 -16051.8 -19947.7 301.68 -64.969 0.871022
545000 -16112.9 -19979.8 299.433 -21.3566 0.871819
545100 -16187.5 -20021.8 296.912 162.455 0.872744
545200 -16211.1 -20034 296.032 -27.8377 0.872345
545300 -16177.4 -19998.2 295.873 -70.4366 0.872239
545400 -16067.9 -19978.9 302.854 111.404 0.872656
545500 -16054.2 -19917.3 299.144 114.51 0.871899
545600 -16085.1 -19972.3 301.013 -29.2746 0.870073
545700 -16165.4 -20008.1 297.564 -179.814 0.868656
545800 -16213.7 -20007.6 293.783 -145.544 0.869097
545900 -16173.8 -20033.4 298.87 -148.497 0.871029
546000 -16153.9 -20037.6 300.736 189.714 0.873865
546100 -16184.4 -20056.9 299.875 -28.4749 0.875735
546200 -16212.4 -20053.6 297.441 191.369 0.877247
546300 -16204.5 -20004.9 294.287 96.485 0.877269
546400 -16115.5 -20006.3 301.289 66.3766 0.876368
546500 -16081.9 -19955.3 299.937 -4.20755 0.874496
546600 -16096.5 -19948.6 298.294 -422.629 0.873122
546700 -16100.4 -19952.2 298.272 -25.6858 0.875056
546800 -16114.4 -19981.9 299.49 -37.7525 0.877925
546900 -16185.2 -20060.9 300.116 103.161 0.881267
547000 -16273.8 -20090.2 295.534 190.927 0.883474
547100 -16263.7 -20072.8 294.961 139.055 0.883652
547200 -16222.4 -20073.7 298.23 27.0489 0.882627
547300 -16173.5 -20027.1 298.401 28.5885 0.881237
547400 -16093.7 -20009.2 303.195 80.7968 0.879424
547500 -16023.5 -19914.3 301.293 -144.96 0.877233
547600 -15969.6 -19878.1 302.661 -127.853 0.876362
547700 -16021 -19884.6 299.184 -111.568 0.876485
547800 -16096.7 -19928.1 296.691 -87.3737 0.877908
547900 -16136.8 -20016.1 300.402 212.908 0.880127
548000 -16206.6 -20067.7 298.984 65.7808 0.880615
548100 -16245 -20093 297.972 69.1316 0.879895
548200 -16242.5 -20056.9 295.369 -123.867 0.878816
548300 -16196.8 -20052.4 298.56 103.408 0.878662
548400 -16150.7 -20043.5 301.439 96.7725 0.877697
548500 -16182.4 -20045.9 299.18 -19.7605 0.875599
548600 -16277 -20057 292.705 -160.844 0.873135
548700 -16251.2 -20030.9 292.685 -135.184 0.871807
548800 -16149.1 -19980.5 296.692 49.8136 0.871525
548900 -16116.2 -20012.4 301.706 57.752 0.87075
549000 -16172.3 -20017.4 297.752 -302.087 0.869834
549100 -16225.4 -20034 294.93 -59.9924 0.871227
549200 -16210.9 -20084 299.916 -19.6713 0.874107
549300 -16164.8 -20060.7 301.678 206.003 0.87741
549400 -16164.5 -20047.6 300.696 211.138 0.879065
549500 -16230.8 -20043.8 295.265 -266.7 0.879209
549600 -16248.7 -20084.3 297.019 188.776 0.881005
549700 -16221.5 -20052.2 296.638 59.2562 0.881938
549800 -16124.5 -20009.5 300.838 19.8238 0.88191
549900 -16093 -19986.1 301.467 -103.949 0.882149
550000 -16161.7 -20018.8 298.675 249.993 0.882719
550100 -16238.1 -20051.5 295.293 -109.115 0.881572
550200 -16235.8 -20081.6 297.807 284.232 0.880569
550300 -16238 -20085.7 297.951 -37.7399 0.877349
550400 -16236.9 -20064.1 296.369 -136.167 0.873901
550500 -16162.5 -20049.3 300.981 83.5091 0.871416
550600 -16088.1 -19959.7 299.799 -96.506 0.868359
550700 -16025.9 -19917.3 301.331 -210.139 0.866037
550800 -15964.3 -19887.9 303.828 6.77666 0.86546
550900 -16017.8 -19906.6 301.135 -56.3769 0.86498
551000 -16113.2 -19925.5 295.207 -322.494 0.865211
551100 -16133.2 -19996.2 299.14 -168.44 0.868648
551200 -16180.5 -20013.3 296.801 -18.9183 0.874013
551300 -16243.2 -20049.3 294.73 321.635 0.878967
551400 -16276.2 -20079.5 294.513 300.801 0.880973
551500 -16266.6 -20089 295.991 188.725 0.879804
551600 -16179.4 -20025.9 297.862 67.2065 0.87704
551700 -16121.9 -20012.6 301.276 82.3272 0.873909
551800 -16142.9 -19977.3 296.915 -238.698 0.870845
551900 -16185.3 -19992.9 294.848 72.8515 0.869631
552000 -16182.9 -19950.5 291.75 -39.7029 0.868473
552100 -16077.5 -19937.6 298.917 -256.013 0.868033
552200 -16033.2 -19931.1 301.837 206.253 0.86926
552300 -16089.8 -19945.1 298.541 46.1516 0.869053
552400 -16152 -19972.1 295.816 -152.989 0.868435
552500 -16140.3 -19962.8 295.998 -207.423 0.86926
552600 -16108.8 -19963.3 298.474 5.40016 0.871654
552700 -16103.3 -19939.8 297.084 99.9166 0.874097
552800 -16085.6 -19934.4 298.034 92.0562 0.875478
552900 -16062.4 -19890.4 296.422 -31.6326 0.875771
553000 -15989.8 -19884.5 301.593 49.5276 0.876249
553100 -15928.5 -19866.2 304.918 165.034 0.876265
553200 -16042.6 -19903 298.934 56.8206 0.8746
553300 -16103.5 -19912.8 294.976 -179.654 0.87269
553400 -16062.8 -19899.9 297.135 -45.9246 0.872422
553500 -16001.5 -19895.8 301.563 203.054 0.872307
553600 -16022.5 -19882.6 298.912 -109.86 0.870804
553700 -16126.8 -19964.8 297.202 -148.743 0.870006
553800 -16191.8 -20014.6 296.028 -12.927 0.870816
553900 -16180.3 -20006.8 296.312 114.603 0.871731
554000 -16138.3 -20009.3 299.752 -136.075 0.872035
554100 -16118.3 -19996.3 300.301 237.344 0.872808
554200 -16172.1 -19984.4 295.216 26.648 0.871887
554300 -16202.9 -20022.4 295.766 52.6482 0.870452
554400 -16166 -20014.7 298.03 -213.833 0.868698
554500 -16093.4 -19975.5 300.611 -2.55579 0.868533
554600 -16051.4 -19945.2 301.518 -66.672 0.868906
554700 -16107 -19936.1 296.516 -123.966 0.869977
554800 -16188.7 -19990.3 294.381 -54.1746 0.872281
554900 -16187.6 -20019.4 296.72 217.881 0.87469
555000 -16119.2 -20000.3 300.541 30.0115 0.875719
555100 -16041.8 -19959.7 303.388 -15.9428 0.876439
555200 -16088.6 -19958 299.63 85.3739 0.876899
555300 -16208.8 -20052.3 297.631 122.979 0.87661
555400 -16231.3 -20055 296.088 -59.2267 0.875119
555500 -16196.2 -20060.1 299.202 -133.768 0.87412
555600 -16161.2 -20016.1 298.508 -13.7115 0.874454
555700 -16119 -20017.8 301.915 164.855 0.8748
555800 -16152.6 -20013.6 298.975 -112.917 0.87402
555900 -16224 -20044.7 295.863 -109.725 0.87407
556000 -16254.1 -20110.1 298.589 57.5027 0.875072
556100 -16337.6 -20137.1 294.221 -21.9669 0.875784
556200 -16399.5 -20177.3 292.54 -127.032 0.877044
556300 -16308.3 -20137.1 296.489 182.237 0.879244
556400 -16231.3 -20140.5 302.711 442.78 0.879734
556500 -16278.3 -20098 295.783 -11.8208 0.876134
556600 -16292.2 -20131.1 297.272 -214.222 0.872202
556700 -16270.1 -20103.9 296.879 19.1494 0.869995
556800 -16177.6 -20034.6 298.668 -101.378 0.868013
556900 -16117.6 -20034.2 303.283 -71.4523 0.867039
557000 -16179.5 -20074.4 301.603 79.303 0.866564
557100 -16256.9 -20100.6 297.647 -162.535 0.865669
557200 -16269.3 -20104.3 296.962 -91.1126 0.866061
557300 -16242.4 -20094.4 298.28 -120.757 0.867687
557400 -16164.8 -20014.6 298.113 -8.50663 0.870349
557500 -16085.7 -20021.5 304.775 293.578 0.872979
557600 -16137.1 -20046.4 302.72 -101.349 0.873674
557700 -16207.5 -20066.2 298.809 119.288 0.8746
557800 -16254.6 -20121.1 299.405 2.27921 0.875159
557900 -16316.6 -20160.7 297.671 87.2214 0.875342
558000 -16371.3 -20188.4 295.587 -99.7525 0.874778
558100 -16375.8 -20175.5 294.233 -27.6447 0.874812
558200 -16271.2 -20132.1 298.975 -65.7081 0.87536
558300 -16216.2 -20130 303.064 137.759 0.876899
558400 -16276.4 -20115.2 297.267 168.576 0.877561
558500 -16308.5 -20101.5 293.717 -46.1811 0.876254
558600 -16231.9 -20086.1 298.456 207.228 0.874574
558700 -16152.6 -20048.1 301.654 -148.542 0.871281
558800 -16157 -19991.6 296.937 -103.128 0.868132
558900 -16157 -20022.3 299.313 -361.283 0.866368
559000 -16184.9 -20029.4 297.702 -5.06899 0.867569
559100 -16250.5 -20078.8 296.455 -69.9425 0.869374
559200 -16326.2 -20133.2 294.798 31.1453 0.87191
559300 -16317.9 -20102.6 293.078 125.745 0.874407
559400 -16182.8 -20036 298.376 6.80782 0.875857
559500 -16147.1 -20031.3 300.775 209.659 0.876844
559600 -16188 -19985 294.02 119.392 0.87626
559700 -16162.7 -20018.9 298.61 102.244 0.874314
559800 -16099.6 -19981.1 300.566 -88.6819 0.871303
559900 -16089.2 -20004 303.144 -116.691 0.868925
560000 -16202.8 -20017.5 295.401 -90.1604 0.867456
560100 -16228.3 -20031.2 294.477 -197.186 0.867091
560200 -16153.7 -19986.8 296.818 -106.32 0.868573
560300 -16100.4 -19988.6 301.091 143.82 0.871164
560400 -16125.2 -20009 300.744 210.702 0.872549
560500 -16182.6 -20029.6 297.891 -126.346 0.872253
560600 -16210 -20062.7 298.337 71.3087 0.872753
560700 -16222.1 -20063.3 297.445 2.16144 0.872857
560800 -16209.7 -20033.9 296.129 -176.88 0.872862
560900 -16126.6 -20006.9 300.478 19.0248 0.874427
561000 -16065.4 -19984.5 303.476 86.6018 0.876246
561100 -16122.2 -19992.5 299.703 -83.3952 0.877686
561200 -16166.4 -20014.7 297.996 119.679 0.879535
561300 -16182.4 -20057.8 300.094 149.477 0.880676
561400 -16231.4 -20039.3 294.869 35.7156 0.8804
561500 -16233.6 -20088.3 298.493 -15.2398 0.879583
561600 -16202.9 -20048.8 297.811 20.8889 0.87871
561700 -16131.2 -20005.9 300.047 -10.4316 0.877587
561800 -16069.1 -19951.6 300.643 302.506 0.875895
561900 -16075.4 -19941 299.341 -172.752 0.871599
562000 -16162.7 -19945.3 292.91 -487.896 0.868243
562100 -16189.7 -19997.6 294.866 -240.665 0.869203
562200 -16091.1 -19934.6 297.629 -67.6845 0.873206
562300 -16023.4 -19943.1 303.529 321.185 0.877682
562400 -16092 -19967.9 300.133 297.612 0.879215
562500 -16177 -20061.6 300.81 32.2883 0.878148
562600 -16244.1 -20077.5 296.845 34.0151 0.876331
562700 -16253.5 -20059.9 294.753 155.883 0.873977
562800 -16186.5 -20037.4 298.196 -264.065 0.870782
562900 -16125.2 -19965.1 297.341 -95.0756 0.869599
563000 -16114 -19994.6 300.498 19.1501 0.869371
563100 -16151.8 -20025.8 299.99 -99.3601 0.869343
563200 -16232.1 -20095.6 299.175 104.721 0.870037
563300 -16288.7 -20093.5 294.625 -38.8175 0.870149
563400 -16260 -20078.7 295.707 -163.243 0.870517
563500 -16214.8 -20087.7 299.903 -26.7113 0.872449
563600 -16217.7 -20073.9 298.606 208.267 0.874698
563700 -16232.2 -20082.8 298.176 -108.395 0.875408
563800 -16240 -20088.9 298.043 281.823 0.876333
563900 -16245.4 -20094.1 298.03 101.893 0.875334
564000 -16243.6 -20089.8 297.84 -148.41 0.872952
564100 -16218.6 -20057.5 297.263 -45.0917 0.871419
564200 -16127.9 -20024.5 301.736 -73.6325 0.87075
564300 -16074 -19993.6 303.523 -48.7813 0.870618
564400 -16157.7 -20006.2 298.014 -51.7439 0.87098
564500 -16211.6 -20008.5 294.014 -29.6983 0.87193
564600 -16182.5 -20063 300.488 62.0314 0.873452
564700 -16207.9 -20068.3 298.931 -71.4834 0.875563
564800 -16265.1 -20051.7 293.221 146.665 0.878732
564900 -16215.5 -20080.3 299.276 -34.7787 0.881635
565000 -16113.7 -20037.5 303.843 141.947 0.885257
565100 -16149 -20043.5 301.573 460.557 0.88781
565200 -16226.6 -20090.4 299.2 202.78 0.886389
565300 -16254 -20093.3 297.299 -57.4482 0.882566
565400 -16267.5 -20118.5 298.206 -228.053 0.879049
565500 -16279.8 -20105.9 296.281 35.9921 0.877244
565600 -16250 -20076.3 296.297 -155.117 0.875788
565700 -16151 -19996.8 297.809 -173.634 0.875673
565800 -16091.4 -19996.3 302.382 -13.5454 0.877047
565900 -16150.9 -20040.5 301.196 -24.4509 0.878757
566000 -16227.5 -20096.9 299.638 234.296 0.88075
566100 -16283.7 -20152.1 299.555 243.45 0.88063
566200 -16331.7 -20137.8 294.723 -104.776 0.878343
566300 -16298.8 -20123.7 296.181 17.7018 0.876408
566400 -16198 -20048.4 298.161 -98.2551 0.874739
566500 -16126.8 -20003.8 300.218 -64.9472 0.873681
566600 -16154.8 -20010.5 298.575 51.7584 0.873142
566700 -16201.9 -20051.4 298.088 93.541 0.872217
566800 -16251 -20071 295.805 -113.466 0.870476
566900 -16283.5 -20095.3 295.175 -169.711 0.869746
567000 -16254.6 -20112.4 298.735 -240.03 0.870682
567100 -16194.4 -20086.7 301.402 172.105 0.873704
567200 -16175.5 -20019.5 297.665 120.042 0.876081
567300 -16167.1 -20062.8 301.668 153.025 0.876949
567400 -16243.7 -20048.3 294.616 138.75 0.876423
567500 -16276.1 -20084.3 294.899 -10.7941 0.874366
567600 -16196 -20038.7 297.566 -194.025 0.872171
567700 -16112.9 -19966 298.367 -42.3952 0.871662
567800 -16094.9 -19969.7 300.052 47.3892 0.871678
567900 -16120.9 -19966.5 297.787 -24.0724 0.871336
568000 -16186.9 -20011 296.124 97.225 0.870992
568100 -16286.9 -20066.5 292.683 -24.3414 0.869751
568200 -16294.3 -20115.7 295.913 -367.124 0.868799
568300 -16173.7 -20088.8 303.17 101.824 0.870731
568400 -16154.6 -20063.9 302.719 300.852 0.872312
568500 -16202.8 -20024.2 295.916 -183.52 0.871526
568600 -16204.3 -20044.5 297.372 -148.697 0.872065
568700 -16180.1 -20061.1 300.531 -38.024 0.874376
568800 -16167.2 -20074.3 302.553 304.302 0.876938
568900 -16239.3 -20044.2 294.635 128.336 0.877005
569000 -16268.4 -20099.2 296.644 -114.061 0.875952
569100 -16268.3 -20139.7 299.788 -29.8162 0.875666
569200 -16306.2 -20121.9 295.471 -151.258 0.875858
569300 -16337.3 -20140.9 294.536 96.7106 0.877407
569400 -16292.2 -20139 297.876 234.62 0.878379
569500 -16203.8 -20075.2 299.788 19.5868 0.877326
569600 -16162 -20045.3 300.706 -100.748 0.875861
569700 -16191.8 -20048.3 298.638 64.1896 0.874949
569800 -16293.9 -20049.7 290.84 -7.27653 0.873316
569900 -16334.1 -20096.6 291.358 -63.471 0.871865
570000 -16258 -20106.5 298.011 156.963 0.870754
570100 -16234.1 -20097 299.134 -31.922 0.868371
570200 -16240.2 -20079.4 297.291 -284.122 0.866243
570300 -16239.9 -20093.6 298.418 -25.3853 0.866356
570400 -16221.7 -20093.2 299.791 -68.8399 0.86716
570500 -16241.8 -20092.4 298.175 86.5313 0.868246
570600 -16290.5 -20096.4 294.718 -199.093 0.869487
570700 -16283.9 -20130.1 297.838 75.5333 0.872154
570800 -16231.7 -20122.9 301.313 -44.6829 0.874483
570900 -16214.6 -20072.2 298.719 157.32 0.876922
571000 -16201.1 -20033.1 296.735 -39.6815 0.878376
571100 -16142.5 -20004.1 299.032 79.8025 0.879849
571200 -16084 -19959.4 300.09 181.748 0.880708
571300 -16076.2 -19965.8 301.195 204.05 0.879805
571400 -16173.3 -20008.3 296.972 -6.09282 0.876888
571500 -16244.6 -20079.4 296.957 -185.755 0.873777
571600 -16260.3 -20060.3 294.261 -158.222 0.872376
571700 -16186.3 -20040.1 298.422 22.8749 0.872493
571800 -16126.3 -20020.6 301.564 6.72604 0.872568
571900 -16156.6 -20012.4 298.583 -159.57 0.872735
572000 -16192.4 -20026.9 296.934 -273.852 0.874587
572100 -16208.6 -20033.7 296.199 97.3918 0.878785
572200 -16204.9 -20098 301.472 147.369 0.882668
572300 -16261.1 -20114.2 298.374 133.951 0.884944
572400 -16332 -20142.8 295.093 204.173 0.885645
572500 -16342.6 -20158.9 295.519 79.1727 0.884578
572600 -16255.7 -20118.8 299.149 -164.921 0.88288
572700 -16189.1 -20078.2 301.152 -126.612 0.88246
572800 -16222.4 -20102 300.42 79.2701 0.883382
572900 -16276.8 -20103 296.286 331.776 0.883408
573000 -16274.1 -20099.4 296.217 -143.743 0.880754
573100 -16248.7 -20088.4 297.329 -177.561 0.879009
573200 -16228.2 -20086.1 298.742 -14.7965 0.878835
573300 -16232.1 -20080.9 298.033 91.0083 0.878928
573400 -16241.6 -20087.3 297.792 -84.1097 0.878599
573500 -16241.2 -20104.3 299.139 42.0816 0.878659
573600 -16314.6 -20145.3 296.631 -107.562 0.878583
573700 -16398.9 -20196.1 294.035 -134.851 0.879438
573800 -16363.1 -20168.3 294.654 237.11 0.8816
573900 -16270.6 -20129.7 298.832 123.786 0.88234
574000 -16223.1 -20075.2 298.292 66.5458 0.88139
574100 -16190.2 -20019.1 296.495 65.2368 0.879648
574200 -16108.2 -20051.3 305.337 -62.6239 0.87714
574300 -16122.3 -19983.9 299.028 -45.4655 0.874318
574400 -16236.4 -20055.2 295.714 -265.456 0.872181
574500 -16250.2 -20047.1 294.017 69.1234 0.87196
574600 -16173.1 -20009.8 297.094 -191.409 0.871764
574700 -16114.2 -19983.9 299.651 -34.7038 0.872983
574800 -16122.5 -20003.4 300.521 198.952 0.874812
574900 -16176.7 -20001.8 296.197 -63.1379 0.87533
575000 -16185.5 -20053.1 299.488 173.942 0.876042
575100 -16214.7 -20130.5 303.226 -6.17478 0.875568
575200 -16270.2 -20128.6 298.778 -98.1972 0.87463
575300 -16297.5 -20102.5 294.647 120.09 0.874677
575400 -16242 -20087.6 297.789 117.171 0.873393
575500 -16172 -20039.2 299.463 -262.15 0.871052
575600 -16157.7 -20028 299.701 3.48276 0.870747
575700 -16191.3 -20037.5 297.837 120.511 0.870411
575800 -16314.7 -20069.3 290.742 -226.056 0.86937
575900 -16357 -20144 293.25 -120.333 0.870234
576000 -16286 -20068.8 292.923 84.4246 0.872413
576100 -16205.9 -20033.4 296.383 153.605 0.874187
576200 -16142.3 -19973.8 296.696 61.5883 0.87442
576300 -16099.4 -20001.2 302.147 34.8877 0.874045
576400 -16129.7 -19957.8 296.435 36.5136 0.873083
576500 -16192.2 -20014.1 295.957 -25.7376 0.871541
576600 -16293.5 -20117.9 296.146 -162.746 0.870513
576700 -16324.4 -20133.4 294.953 -31.0998 0.870802
576800 -16272.2 -20113.1 297.429 -29.9641 0.871469
576900 -16163.7 -20041.9 300.313 -273.015 0.872856
577000 -16149.3 -20052.6 302.252 -7.79009 0.876758
577100 -16213 -20085.2 299.848 225.791 0.881119
577200 -16281.9 -20134.3 298.31 295.832 0.883402
577300 -16319.9 -20147.9 296.428 104.727 0.883063
577400 -16315 -20133.4 295.684 101.432 0.88132
577500 -16202.9 -20064.1 299 -131.848 0.878964
577600 -16139.9 -20035.5 301.663 -8.99641 0.8774
577700 -16179.4 -20019.2 297.337 23.2687 0.87609
577800 -16236 -20112.2 300.153 -64.0809 0.874685
577900 -16321 -20124.9 294.555 -63.8003 0.873527
578000 -16318.5 -20145.6 296.356 -211.34 0.873577
578100 -16287.2 -20134.3 297.902 -85.238 0.875405
578200 -16266.8 -20100.8 296.889 253.272 0.877834
578300 -16249.6 -20125.4 300.134 104.182 0.878498
578400 -16267.3 -20121 298.419 24.3652 0.877572
578500 -16281.3 -20114.4 296.822 -97.7717 0.876517
578600 -16256.4 -20096.8 297.385 99.0135 0.876098
578700 -16168.1 -20058.2 301.235 87.3475 0.87505
578800 -16066.7 -20013.1 305.594 -92.7217 0.873006
578900 -16099.6 -19938.1 297.233 -200.068 0.871407
579000 -16196.7 -20023.3 296.314 -183.172 0.871981
579100 -16317 -20106.7 293.462 212.298 0.874229
579200 -16297.2 -20115.4 295.672 -125.848 0.875504
579300 -16230.8 -20101.6 299.742 24.9228 0.877816
579400 -16211.1 -20093.4 300.631 -32.4792 0.880827
579500 -16292.3 -20150.6 298.77 114.8 0.884712
579600 -16391.1 -20202.1 295.106 372.52 0.888334
579700 -16377.8 -20210.5 296.791 314.85 0.889169
579800 -16346.6 -20208.4 299.045 362.969 0.886369
579900 -16320.3 -20157.3 297.128 -280.329 0.879635
580000 -16217.6 -20069.8 298.296 -302.61 0.874765
580100 -16143.4 -20026 300.652 -210.006 0.873075
580200 -16148.5 -20005 298.629 -162.127 0.873472
580300 -16177.1 -20035.9 298.811 46.555 0.875248
580400 -16287.2 -20133.5 297.842 39.9823 0.87678
580500 -16373.6 -20177.1 294.532 97.7586 0.877971
580600 -16334 -20167.5 296.852 -10.5431 0.878447
580700 -16267.7 -20108.5 297.415 227.687 0.878399
580800 -16219.3 -20128.8 302.735 41.7536 0.876726
580900 -16268.5 -20073.9 294.676 -85.6951 0.874257
581000 -16377 -20140.1 291.404 -361.848 0.872956
581100 -16397.1 -20187 293.472 -91.956 0.875001
581200 -16267.4 -20121.1 298.412 160.548 0.87806
581300 -16231.7 -20124.9 301.477 176.102 0.87965
581400 -16281.4 -20134.9 298.402 -158.619 0.879766
581500 -16334.2 -20119.4 293.111 -150.914 0.881098
581600 -16289 -20195 302.464 286.183 0.883692
581700 -16245.1 -20138.6 301.492 492.994 0.883259
581800 -16269.3 -20112 297.565 -149.082 0.878966
581900 -16307 -20123.1 295.499 139.783 0.875193
582000 -16280.7 -20096.5 295.485 -46.0443 0.871016
582100 -16181.6 -20023.4 297.497 -103.592 0.867369
582200 -16112.4 -19957 297.71 -315.191 0.86532
582300 -16089.9 -19973.1 300.699 -106.151 0.866203
582400 -16134.3 -20002.1 299.51 201.289 0.867993
582500 -16213.9 -20018.5 294.613 -135.722 0.868407
582600 -16210.6 -20013.2 294.457 -235.06 0.869745
582700 -16187.8 -20076.6 301.133 197.061 0.872753
582800 -16218.1 -20042.6 296.152 72.5209 0.874633
582900 -16236.6 -20064.6 296.421 144.171 0.87537
583000 -16200.7 -20043.7 297.591 -131.11 0.874823
583100 -16109 -19978 299.6 -113.145 0.875315
583200 -16084.7 -19993.1 302.652 42.2152 0.876954
583300 -16163.4 -20051.3 301.065 63.5482 0.87829
583400 -16233 -20068.8 297.024 -84.3305 0.879174
583500 -16240.1 -20096 298.583 93.1863 0.880505
583600 -16246.5 -20070.5 296.117 -117.701 0.881364
583700 -16209.3 -20058.6 298.075 3.25922 0.883013
583800 -16127.1 -20044.5 303.349 142.338 0.884796
583900 -16162.1 -20046.7 300.803 110.709 0.88536
584000 -16249.5 -20102.3 298.351 -61.459 0.884948
584100 -16274.4 -20102.5 296.432 2.44691 0.884852
584200 -16248.7 -20066.4 295.632 59.2168 0.884761
584300 -16169 -20042.6 299.952 36.6731 0.883994
584400 -16147.1 -20004.2 298.678 51.2031 0.882716
584500 -16155.5 -20012.2 298.65 -128.211 0.881251
584600 -16165.2 -20034.2 299.598 -68.695 0.880568
584700 -16192.3 -20038.2 297.81 -11.5301 0.880411
584800 -16208.9 -20026.2 295.601 -125.588 0.880665
584900 -16121.9 -20034.1 302.944 -106.264 0.882277
585000 -16083.6 -19988.6 302.39 187.857 0.885083
585100 -16158 -20022 299.206 22.2314 0.886932
585200 -16206.1 -20053.5 297.931 103.492 0.888441
585300 -16222.1 -20059 297.115 139.419 0.889388
585400 -16211.4 -20044.6 296.822 266.381 0.88884
585500 -16144.5 -20016.4 299.822 53.3365 0.8855
585600 -16024.9 -19959.6 304.692 -25.9644 0.880755
585700 -16044.5 -19980.3 304.78 36.5794 0.875753
585800 -16122 -19990.1 299.536 -457.6 0.871034
585900 -16178.1 -20037.8 298.881 -120.78 0.870043
586000 -16242.1 -20090.9 298.03 -111.34 0.870684
586100 -16295.6 -20110.3 295.39 117.803 0.872063
586200 -16295.9 -20110 295.352 -66.79 0.872994
586300 -16185.6 -20060.5 300.063 40.3617 0.874216
586400 -16127.4 -20003.2 300.129 235.073 0.874909
586500 -16134.4 -19990 298.559 -127.171 0.873709
586600 -16180.4 -20002.9 296.001 42.6348 0.87316
586700 -16250.7 -20079.4 296.477 79.0322 0.872372
586800 -16326.3 -20115.4 293.413 -299.906 0.871243
586900 -16280.9 -20062.8 292.854 -114.52 0.872485
587000 -16191.6 -20052.7 298.985 136.113 0.875113
587100 -16169.7 -20021.1 298.238 306.065 0.876381
587200 -16159.3 -20041.4 300.611 218.992 0.87488
587300 -16216.7 -20020.4 294.544 31.9204 0.871084
587400 -16234.7 -20044.5 295.017 -156.117 0.867066
587500 -16168.4 -19992.3 296.112 -144.856 0.864815
587600 -16070.2 -19952.5 300.625 -166.986 0.864088
587700 -16077.1 -19973.1 301.687 -46.6204 0.864705
587800 -16155.8 -19970.8 295.422 -224.11 0.866151
587900 -16184.1 -20038.6 298.472 -318.035 0.869971
588000 -16205.8 -20060.4 298.481 181.058 0.875856
588100 -16266.3 -20047.7 292.818 239.118 0.880043
588200 -16360.1 -20154 293.786 160.585 0.881486
588300 -16381.8 -20172.7 293.548 -101.045 0.881236
588400 -16298.5 -20144.2 297.795 -14.1897 0.881652
588500 -16221 -20060 297.279 120.67 0.882126
588600 -16198 -20077.3 300.401 72.2955 0.881442
588700 -16234.7 -20090.4 298.567 73.578 0.880097
588800 -16292.1 -20083.1 293.561 -43.5217 0.878377
588900 -16278.1 -20100.9 296.017 -56.5163 0.876988
589000 -16175.8 -20028.3 298.321 -158.549 0.876321
589100 -16116.8 -20011.8 301.615 131.807 0.876706
589200 -16145.1 -19975.7 296.626 73.7111 0.876553
589300 -16200.2 -20038.4 297.211 76.797 0.875403
589400 -16284.4 -20092 294.84 -257.15 0.874015
589500 -16344.9 -20136 293.569 -6.97873 0.874273
589600 -16295.6 -20113.6 295.647 -177.409 0.875331
589700 -16182.2 -20047.3 299.296 24.5027 0.877902
589800 -16164 -20058.4 301.573 -8.43513 0.880463
589900 -16217.1 -20044 296.345 246.923 0.882726
590000 -16283.2 -20114 296.642 -74.7863 0.883078
590100 -16372.5 -20160.6 293.341 -196.292 0.884061
590200 -16398.8 -20201.6 294.471 112.392 0.886779
590300 -16320.2 -20199.2 300.373 397.177 0.888235
590400 -16247.9 -20085.1 297.137 166.95 0.886017
590500 -16179.3 -20037.5 298.76 -141.758 0.882287
590600 -16123 -19974 298.207 -53.3963 0.879747
590700 -16061.4 -19984.2 303.766 -90.816 0.877932
590800 -16139.2 -20002.9 299.196 -259.819 0.877409
590900 -16237.8 -20045.6 294.862 36.4776 0.879144
591000 -16222.8 -20047.9 296.203 -2.11314 0.880843
591100 -16156.8 -20047.1 301.25 236.956 0.881786
591200 -16162.1 -20034.9 299.898 171.101 0.88097
591300 -16262.6 -20099.1 297.082 60.4698 0.878452
591400 -16336.2 -20159.2 296.036 -88.293 0.875228
591500 -16328 -20156.4 296.456 -314.418 0.87332
591600 -16293 -20137.7 297.717 -89.1728 0.874113
591700 -16242.1 -20119 300.207 -52.9107 0.87628
591800 -16170.2 -20111.5 305.196 320.659 0.87828
591900 -16203.3 -20054.2 298.2 -68.0211 0.87764
592000 -16282.2 -20083.2 294.328 -69.4667 0.877225
592100 -16271.8 -20108.8 297.123 -139.058 0.877717
592200 -16200 -20081.3 300.552 12.8891 0.879349
592300 -16123.9 -20049.7 304.001 239.496 0.880184
592400 -16168.7 -20022 298.387 -76.7241 0.879207
592500 -16267.6 -20056.1 293.371 63.4572 0.878508
592600 -16250.9 -20084.7 296.879 -18.8438 0.877891
592700 -16192.7 -20077.7 300.839 -58.3935 0.877585
592800 -16158.3 -20070.1 302.912 34.1521 0.877584
592900 -16240.2 -20083.1 297.579 -40.5252 0.877519
593000 -16316.1 -20145.3 296.518 125.428 0.877677
593100 -16338 -20178 297.35 190.655 0.876575
593200 -16324.5 -20112.5 293.325 -332.616 0.874473
593300 -16213.3 -20102.5 301.157 -6.78007 0.874865
593400 -16206 -20082.9 300.214 23.6974 0.875479
593500 -16248.4 -20062 295.311 -133.9 0.876129
593600 -16240 -20080.2 297.372 332.275 0.877515
593700 -16140.6 -20042.6 302.156 -34.537 0.876453
593800 -16104.7 -19981.2 300.181 -207.815 0.875635
593900 -16145.6 -19992.2 297.864 71.3288 0.876241
594000 -16250.9 -20055.6 294.616 -70.5825 0.876774
594100 -16301.5 -20112.6 295.117 -65.8215 0.878026
594200 -16271 -20107.1 297.058 96.0904 0.87971
594300 -16246.9 -20122.4 300.102 279.292 0.880251
594400 -16270.4 -20122.5 298.292 -219.389 0.878764
594500 -16268 -20082.8 295.405 -290.28 0.879001
594600 -16228.5 -20102.5 299.99 362.006 0.881393
594700 -16218.1 -20059.3 297.449 97.707 0.881326
594800 -16168.1 -20030.1 299.056 201.464 0.879588
594900 -16071.7 -19983.9 302.943 139.773 0.87576
595000 -16092.1 -19946.1 298.436 -8.28213 0.870707
595100 -16138.1 -19944.2 294.731 -307.214 0.866541
595200 -16087.6 -19912.1 296.149 -43.8065 0.864974
595300 -15987.2 -19873.4 300.934 -165.241 0.864478
595400 -16002.4 -19896.2 301.518 -193.627 0.865641
595500 -16072.7 -19940.2 299.481 -65.6235 0.868184
595600 -16122.5 -19976.1 298.407 119.923 0.871002
595700 -16153.3 -19989.9 297.091 137.007 0.87263
595800 -16154.3 -20000.3 297.814 -108.888 0.87281
595900 -16117.6 -19961.3 297.644 53.7099 0.873561
596000 -15981.8 -19884.8 302.232 149.767 0.87376
596100 -15985.7 -19894.5 302.686 153.109 0.872597
596200 -16079.9 -19956.6 300.198 -222.967 0.870671
596300 -16154.4 -20045.3 301.295 23.3259 0.870266
596400 -16232.2 -20037 294.631 -266.339 0.870659
596500 -16205.5 -20009.1 294.533 21.3997 0.87247
596600 -16139 -19970.6 296.707 -37.1666 0.874481
596700 -16108.3 -19994.9 300.968 45.2829 0.876793
596800 -16143.1 -20009.1 299.37 -12.7276 0.878437
596900 -16235.5 -20047.7 295.197 -31.9477 0.879924
597000 -16316.5 -20101.9 293.124 9.49423 0.881821
597100 -16345.7 -20153.2 294.84 196.472 0.883396
597200 -16321.6 -20139.4 295.636 107.556 0.882947
597300 -16237.1 -20066.1 296.498 285.855 0.881405
597400 -16161.7 -20032.5 299.737 136.969 0.877616
597500 -16122.8 -19980.5 298.73 -284.245 0.872715
597600 -16103.5 -19972.5 299.602 -133.775 0.870426
597700 -16154.8 -20004 298.068 -134.637 0.869966
597800 -16252.2 -20067.7 295.458 -13.373 0.870747
597900 -16262.7 -20054.4 293.618 -64.3618 0.871849
598000 -16188.2 -20071.4 300.7 37.9294 0.873292
598100 -16180 -20060.7 300.506 114.92 0.874337
598200 -16210.3 -20067.2 298.669 214.734 0.87408
598300 -16227.3 -20045.1 295.636 59.4119 0.871836
598400 -16183.8 -20032.4 298.022 -322.891 0.869354
598500 -16081.3 -19987.9 302.515 -48.3816 0.869578
598600 -16003.5 -19945.5 305.254 84.198 0.870506
598700 -16104 -19970.7 299.418 -136.689 0.870916
598800 -16163.9 -19995.9 296.736 -125.275 0.872446
598900 -16170.2 -20018.5 297.996 196.245 0.874885
599000 -16183 -20018.5 297.006 265.659 0.875762
599100 -16166.1 -19997.5 296.688 112.579 0.87411
599200 -16083.4 -19950 299.419 -200.159 0.871534
599300 -16032.5 -19917.6 300.851 32.6027 0.870327
599400 -16069.9 -19932.4 299.095 17.1795 0.869173
599500 -16176.1 -20000.9 296.177 -130.186 0.867921
599600 -16241.3 -20028.6 293.28 -76.8738 0.867797
599700 -16203.8 -20034.2 296.61 -176.911 0.868701
599800 -16154 -20040.9 300.985 -112.911 0.871205
599900 -16177.9 -20033.3 298.55 97.1907 0.874822
600000 -16244.1 -20055.1 295.108 198.229 0.877674
600100 -16294.4 -20123.9 296.545 391.058 0.878178
600200 -16376.9 -20141.8 291.536 -182.536 0.875662
600300 -16334.3 -20118 292.99 162.701 0.874015
600400 -16232.9 -20037.1 294.578 -16.6972 0.871429
600500 -16156.4 -19973.3 295.568 -107.518 0.868904
600600 -16080.5 -19951.9 299.789 -103.135 0.867701
600700 -16064 -19934.4 299.711 9.81144 0.867084
600800 -16079.9 -19876.2 293.976 -282.583 0.867001
600900 -15992.7 -19902.9 302.785 57.6237 0.869084
601000 -15979.3 -19924.5 305.499 160.951 0.870811
601100 -16084.6 -19981.8 301.784 94.2981 0.871042
601200 -16164.1 -20032.6 299.557 178.056 0.869941
601300 -16219.6 -20029.1 294.988 -145.208 0.867799
601400 -16194.5 -20012.1 295.623 -70.382 0.866925
601500 -16104.6 -19992.9 301.099 -341.002 0.867221
601600 -16093.5 -19998.7 302.401 110.978 0.869836
601700 -16145.6 -20006.6 298.984 66.033 0.871561
601800 -16167 -20028.7 299.04 -56.9687 0.872325
601900 -16212.7 -20078.3 299.332 37.9199 0.873384
602000 -16287.2 -20120.7 296.856 174.636 0.873871
602100 -16309.6 -20117 294.834 -78.242 0.873145
602200 -16254.7 -20072 295.6 -305.982 0.873344
602300 -16214 -20072.1 298.757 91.9881 0.875688
602400 -16220.5 -20106.5 300.914 276.918 0.877008
602500 -16292 -20125.3 296.835 211.378 0.875493
602600 -16324.1 -20125 294.327 -298.116 0.872838
602700 -16258.1 -20089.8 296.705 44.009 0.872473
602800 -16178 -20046 299.523 5.0341 0.872119
602900 -16184.9 -20045.4 298.946 -35.3717 0.871701
603000 -16191 -20004.1 295.269 -90.7295 0.87218
603100 -16148.2 -20054.5 302.491 195.494 0.872876
603200 -16208.8 -20053.3 297.706 -48.2342 0.87196
603300 -16295.5 -20079.6 293.03 -427.319 0.871874
603400 -16251.2 -20040 293.389 12.2623 0.87513
603500 -16175 -20019.5 297.704 184.718 0.878576
603600 -16150.1 -20016 299.359 239.095 0.879849
603700 -16166 -20040.2 300.001 -7.26481 0.879081
603800 -16264.6 -20102.7 297.207 -97.094 0.87816
603900 -16335.2 -20144.5 294.978 209.53 0.877684
604000 -16301.5 -20068.9 291.732 -135.831 0.876368
604100 -16214.5 -20084.4 299.672 -172.244 0.875773
604200 -16212.2 -20075.5 299.159 -18.4197 0.876762
604300 -16257.5 -20110.2 298.337 42.5393 0.878302
604400 -16332.5 -20133.8 294.356 200.572 0.879116
604500 -16363 -20166.7 294.541 84.2925 0.878326
604600 -16284.4 -20139.4 298.516 12.1619 0.876419
604700 -16191.2 -20035.5 297.693 138.27 0.873997
604800 -16139.3 -19975.5 297.058 -262.103 0.871294
604900 -16075.7 -19962.1 300.949 -12.609 0.870685
605000 -16077.6 -19970.8 301.471 118.72 0.870231
605100 -16195.5 -19974.8 292.661 -367.006 0.869292
605200 -16198.1 -20070.1 299.833 -4.04329 0.870926
605300 -16222.6 -20067 297.7 101.64 0.872813
605400 -16254.3 -20076.6 295.98 -7.66334 0.874076
605500 -16257.8 -20107.3 298.091 98.4142 0.875204
605600 -16243.7 -20071.7 296.428 126.336 0.875093
605700 -16184.2 -20038.7 298.471 -129.855 0.874243
605800 -16126.8 -19992.4 299.338 13.0847 0.874237
605900 -16118.5 -19979.7 298.999 -61.4307 0.874448
606000 -16136.6 -19999.3 299.112 58.6718 0.874801
606100 -16212.7 -20058.1 297.773 79.293 0.874676
606200 -16299 -20139.1 297.36 14.2762 0.873919
606300 -16335.1 -20148.8 295.315 -46.4434 0.873272
606400 -16293.6 -20137.5 297.656 67.5546 0.873042
606500 -16180.7 -20094.9 303.102 125.922 0.87205
606600 -16161.8 -20079.2 303.35 -68.2733 0.870305
606700 -16201.4 -20034.2 296.797 -39.2 0.869146
606800 -16214.8 -20102.4 301.044 -143.931 0.868776
606900 -16285.9 -20113.4 296.387 88.6361 0.869334
607000 -16316.1 -20100.1 293.02 -138.087 0.869474
607100 -16216.1 -20034.5 295.683 -141.489 0.870812
607200 -16144.5 -20009.3 299.273 222.974 0.873105
607300 -16157.4 -20033.8 300.174 172.32 0.873525
607400 -16215.1 -20046.2 296.667 -97.8036 0.872428
607500 -16265.4 -20070.4 294.647 -151.568 0.87217
607600 -16246.5 -20064 295.611 -39.7631 0.873236
607700 -16140.9 -20039.1 301.857 150.059 0.874307
607800 -16137.9 -19999 298.996 -221.379 0.87491
607900 -16169.8 -20044.1 300.01 252.719 0.876753
608000 -16222.2 -20056.6 296.923 61.0495 0.876572
608100 -16257.1 -20060.7 294.537 -211.262 0.875737
608200 -16234.4 -20058.2 296.104 -36.9634 0.87655
608300 -16163.6 -20072 302.649 71.2066 0.878026
608400 -16181.3 -20005.2 296.108 238.336 0.878594
608500 -16190 -20031.1 297.436 -35.0702 0.877095
608600 -16160.6 -20032 299.788 -110.781 0.875696
608700 -16162.2 -20030.6 299.553 -0.995553 0.875328
608800 -16205.6 -20013.4 294.862 -199.703 0.87539
608900 -16229.1 -20073.4 297.691 -85.498 0.877197
609000 -16236.4 -20093.7 298.69 256.552 0.879567
609100 -16290.5 -20109.5 295.724 -72.3522 0.879875
609200 -16319.4 -20108 293.378 -69.1685 0.880684
609300 -16238.5 -20115.4 300.212 165.8 0.882116
609400 -16190.3 -20078.8 301.11 163.642 0.882087
609500 -16225.8 -20052.9 296.354 -126.655 0.880692
609600 -16336 -20112.3 292.422 -21.134 0.880034
609700 -16356.9 -20162 294.648 44.9872 0.879617
609800 -16264 -20087.2 296.056 -45.7909 0.879094
609900 -16185.7 -20038.7 298.358 -98.1599 0.878925
610000 -16166 -20008.4 297.544 -178.988 0.879806
610100 -16132 -20023 301.302 122.595 0.882122
610200 -16173.3 -20010.6 297.143 159.201 0.883472
610300 -16266.8 -20092.6 296.254 192.89 0.88314
610400 -16306 -20099.5 293.752 38.9687 0.881113
610500 -16231.7 -20031.2 294.22 -44.6105 0.87865
610600 -16147.4 -19985.3 297.198 -226.109 0.876805
610700 -16140.6 -20044.3 302.289 21.6551 0.876631
610800 -16225.3 -20070.6 297.759 -272.774 0.876968
610900 -16254.9 -20047.4 293.678 -94.2813 0.879563
611000 -16195.9 -20047.7 298.266 297.245 0.882971
611100 -16140.2 -20014.1 299.979 179.498 0.884025
611200 -16127.2 -20037.6 302.813 300.665 0.882935
611300 -16248.3 -20046.1 294.086 -5.34652 0.879344
611400 -16261.7 -20052.5 293.548 59.6061 0.87524
611500 -16173.8 -20001.1 296.366 -171.834 0.871019
611600 -16101.3 -19958.7 298.697 -311.464 0.86865
611700 -16098.5 -19995.2 301.744 -194.827 0.869407
611800 -16175.5 -20010.2 296.945 -90.175 0.871956
611900 -16206.2 -20018.1 295.176 -211.382 0.875296
612000 -16193.6 -20051.6 298.75 254.261 0.879788
612100 -16197.2 -20066.1 299.593 169.164 0.881793
612200 -16226.1 -20045.8 295.784 136.572 0.881573
612300 -16224.9 -20075.3 298.16 128.485 0.880391
612400 -16164.1 -20056.6 301.423 61.7818 0.878092
612500 -16133.5 -20003.7 299.695 -346.05 0.876041
612600 -16155 -20013.1 298.753 -46.424 0.87687
612700 -16219.6 -20005.3 293.151 -121.074 0.878572
612800 -16184 -20040.1 298.604 137.9 0.880679
612900 -16114.7 -20038.2 303.82 282.596 0.881261
613000 -16188.8 -20006.5 295.626 -28.7516 0.879558
613100 -16274.4 -20079.9 294.689 -78.6037 0.878081
613200 -16269.2 -20133.1 299.201 -3.30872 0.877327
613300 -16274.6 -20090.5 295.487 -45.725 0.876903
613400 -16201.6 -20072.9 299.782 165.431 0.876667
613500 -16111.1 -20017.3 302.482 -14.3288 0.875122
613600 -16144.6 -20008.2 299.182 -205.52 0.873658
613700 -16215.2 -20056 297.416 60.5966 0.873946
613800 -16251.7 -20075.9 296.127 35.1794 0.873967
613900 -16223.5 -20005.3 292.849 -289.4 0.874023
614000 -16176.8 -20034.9 298.755 191.969 0.876038
614100 -16164.3 -20035.8 299.792 -32.3926 0.877145
614200 -16221 -20098.8 300.287 49.5391 0.878008
614300 -16319.6 -20114.5 293.859 -30.6358 0.878498
614400 -16316.9 -20172.8 298.592 112.91 0.879255
614500 -16298.4 -20121.4 296.037 41.1501 0.87908
614600 -16203.3 -20066.5 299.146 -294.978 0.878638
614700 -16139.8 -20020 300.473 103.339 0.88046
614800 -16164 -20054.3 301.254 475.394 0.881226
614900 -16227.4 -20089.5 299.071 25.8484 0.878042
615000 -16272.8 -20065.3 293.675 -92.1318 0.874182
615100 -16225.5 -20070 297.708 -70.986 0.871123
615200 -16181 -20053.1 299.842 -36.8469 0.868602
615300 -16179.7 -19983.7 294.564 -300.973 0.866933
615400 -16126.7 -19970.6 297.662 -110.059 0.867922
615500 -16092.7 -19987.8 301.621 -143.426 0.870497
615600 -16156.7 -19992.3 297.016 -57.0126 0.874147
615700 -16245.2 -20024.1 292.62 -10.2133 0.87837
615800 -16223.7 -20061.7 297.195 247.384 0.882121
615900 -16221.8 -20095.7 299.982 249.675 0.883229
616000 -16256.4 -20068.8 295.218 158.563 0.881911
616100 -16242 -20076.9 296.955 -22.8539 0.879675
616200 -16153.7 -20046.7 301.456 27.8113 0.877779
616300 -16108 -19991.8 300.75 -88.1084 0.875891
616400 -16129.1 -19955.9 296.335 -207.301 0.875192
616500 -16191.2 -20044.8 298.408 -14.5492 0.876505
616600 -16265.9 -20073.4 294.84 71.8601 0.877663
616700 -16246.9 -20058.4 295.154 -224.066 0.878357
616800 -16161.8 -20058.4 301.738 45.5953 0.880578
616900 -16144.8 -20004.6 298.891 123.965 0.882376
617000 -16174.6 -20029.9 298.539 -100.986 0.882918
617100 -16310.9 -20106.5 293.915 140.411 0.883829
617200 -16348.2 -20132.7 293.062 53.5631 0.883791
617300 -16272.4 -20111.7 297.295 96.2602 0.883087
617400 -16213.5 -20067.8 298.462 136.278 0.881443
617500 -16179.1 -20016.7 297.166 79.2041 0.878633
617600 -16102.6 -19963.4 298.963 -253.776 0.875856
617700 -16000.9 -19901.7 302.065 -180.85 0.875261
617800 -16010.9 -19886.8 300.132 175.888 0.876058
617900 -16054.5 -19921.7 299.466 -97.6133 0.875648
618000 -16118.8 -19974 298.535 -2.85513 0.875833
618100 -16158.9 -20008.9 298.132 -79.4469 0.876402
618200 -16176.8 -20043.9 299.454 -51.1335 0.877577
618300 -16203.6 -20040.2 297.093 -197.548 0.879532
618400 -16234 -20099.2 299.306 166.337 0.882742
618500 -16338.4 -20113.6 292.336 190.761 0.884559
618600 -16336.6 -20118.1 292.822 66.1332 0.884613
618700 -16265.6 -20114 298.011 167.826 0.883837
618800 -16247 -20117.6 299.731 108.289 0.881542
618900 -16267 -20107.3 297.377 -92.7455 0.878402
619000 -16311.9 -20128.8 295.566 97.4123 0.875919
619100 -16357.8 -20116.2 291.032 0.704445 0.873139
619200 -16280.1 -20062.1 292.868 -407.001 0.871086
619300 -16162.9 -19980.5 295.621 -137.564 0.872204
619400 -16104.9 -20000.4 301.653 117.744 0.874636
619500 -16138.6 -20014.8 300.154 169.343 0.875859
619600 -16222.4 -20050.5 296.427 -33.3686 0.875498
619700 -16235.8 -20015.3 292.666 -92.4269 0.875319
619800 -16164.1 -20024.1 298.902 -89.4569 0.876206
619900 -16146.1 -19981.3 296.984 116.007 0.877392
620000 -16126.2 -19996.5 299.704 -38.4867 0.877655
620100 -16143.9 -20007.2 299.159 182.725 0.877653
620200 -16241.8 -20070.5 296.48 -161.941 0.876749
620300 -16303.2 -20104.9 294.391 -149.001 0.877132
620400 -16272.6 -20111.1 297.242 323.968 0.878303
620500 -16254.5 -20112.2 298.725 225.09 0.876876
620600 -16252.8 -20090.3 297.162 -81.8279 0.873627
620700 -16235.1 -20049.6 295.375 -212.581 0.871683
620800 -16201.5 -20046 297.704 -185.318 0.871752
620900 -16191 -20044.3 298.38 24.1896 0.873261
621000 -16207 -20063.5 298.634 -19.9636 0.875048
621100 -16287.2 -20124.5 297.146 -11.463 0.87674
621200 -16381.1 -20187.6 294.763 -116.287 0.878507
621300 -16361.8 -20145.1 292.964 134.62 0.880912
621400 -16284.1 -20132 297.965 49.4887 0.882262
621500 -16259.5 -20121.8 299.088 10.0836 0.882922
621600 -16276.2 -20135.5 298.846 84.6816 0.883284
621700 -16340.8 -20154.3 295.303 98.6235 0.882861
621800 -16417.5 -20181.2 291.441 -125.434 0.881858
621900 -16387.3 -20180.9 293.763 180.527 0.881553
622000 -16276.7 -20164.1 301.028 95.151 0.879784
622100 -16264.1 -20080.5 295.531 -306.622 0.877486
622200 -16206.5 -20072.7 299.384 215.298 0.877266
622300 -16151.6 -20002.6 298.206 -2.8759 0.875704
622400 -16058.7 -19944.5 300.902 -268.998 0.873958
622500 -16011.4 -19923.1 302.907 -55.9903 0.874621
622600 -16055.5 -19930.9 300.098 -8.52655 0.876162
622700 -16099.4 -19977.8 300.333 79.768 0.877542
622800 -16156.9 -20017.1 298.918 -55.0769 0.878451
622900 -16210.1 -20084.8 300.043 264.862 0.879366
623000 -16256.8 -20078.5 295.934 -189.337 0.878547
623100 -16242.3 -20073.8 296.694 31.1657 0.878997
623200 -16220.7 -20093.1 299.867 169.726 0.879375
623300 -16253.9 -20123.3 299.637 -318.209 0.878638
623400 -16362.3 -20135.8 292.209 -40.5093 0.880199
623500 -16377 -20138.2 291.257 174.761 0.882468
623600 -16311.3 -20115.5 294.578 220.657 0.882908
623700 -16255.5 -20102.6 297.9 43.3977 0.881375
623800 -16199.8 -20056.5 298.647 56.4937 0.87914
623900 -16148.9 -20003.7 298.5 -181.055 0.876586
624000 -16084.9 -19955.9 299.757 30.9931 0.875355
624100 -15995.5 -19910.8 303.18 -9.86259 0.874005
624200 -16039.1 -19925.3 300.934 -110.206 0.872616
624300 -16137.6 -19984.2 297.866 -181.409 0.872267
624400 -16168 -20040.7 299.887 -87.1317 0.873665
624500 -16228.4 -20065.3 297.112 -82.3672 0.876386
624600 -16258.7 -20042.5 293.003 -38.981 0.880385
624700 -16171.1 -20039.7 299.565 248.107 0.884936
624800 -16130.4 -20002.9 299.871 198.225 0.887549
624900 -16149 -20035.9 300.983 131.363 0.888473
625000 -16226.5 -20131.5 302.386 414.995 0.88752
625100 -16308.4 -20142.3 296.889 -64.7133 0.882759
625200 -16320.1 -20152.4 296.759 -195.605 0.878097
625300 -16277 -20102.5 296.231 -114.995 0.875155
625400 -16183 -20034.3 298.23 29.9846 0.873284
625500 -16144.2 -20028.9 300.815 -170.563 0.871541
625600 -16166.4 -20030.9 299.255 -124.511 0.871083
625700 -16201.6 -20050.4 298.036 11.2021 0.871843
625800 -16216 -20058.5 297.546 -120.109 0.872998
625900 -16222.1 -20057.6 297.006 301.381 0.874697
626000 -16236.3 -20073.7 297.156 -152.225 0.874475
626100 -16232.7 -20047.9 295.436 -161.168 0.875306
626200 -16164.3 -20026.9 299.102 216.498 0.877694
626300 -16131.3 -20007.2 300.132 288.506 0.878445
626400 -16152.5 -19959.3 294.784 -212.224 0.87684
626500 -16104.1 -19964.3 298.92 64.6391 0.87635
626600 -16027.8 -19918.5 301.285 318.338 0.875001
626700 -16049.4 -19926 300.19 -264.981 0.871178
626800 -16149.5 -19973.4 296.11 -62.6423 0.868592
626900 -16194 -19993.5 294.215 -21.0505 0.866325
627000 -16169.3 -20025.7 298.62 -198.324 0.864506
627100 -16153.6 -19983.3 296.559 89.3243 0.863985
627200 -16100.2 -19985 300.82 63.8791 0.862651
627300 -16049.4 -19977.9 304.204 -191.805 0.860787
627400 -16120.9 -19969.6 298.032 -176.282 0.860485
627500 -16200.2 -20006 294.705 -37.8021 0.861713
627600 -16188.7 -20038 298.076 -182.563 0.864208
627700 -16161.4 -20065.6 302.321 70.6103 0.868484
627800 -16250.4 -20051 294.306 103.416 0.872622
627900 -16301.5 -20122.3 295.874 20.7348 0.875771
628000 -16281.7 -20141.3 298.873 -19.4508 0.878613
628100 -16224.2 -20093.9 299.662 267.638 0.881345
628200 -16134.7 -20066.6 304.467 268.521 0.881514
628300 -16182.6 -20070.4 301.058 60.5766 0.879154
628400 -16262.9 -20092 296.513 -193.791 0.876414
628500 -16264 -20100.6 297.096 -243.159 0.875535
628600 -16235.2 -20078.6 297.615 47.6219 0.876653
628700 -16177.9 -20076.3 301.879 107.088 0.877773
628800 -16122.6 -20038.6 303.241 287.344 0.877611
628900 -16138.9 -19972.3 296.843 -34.5288 0.875013
629000 -16195.2 -20048.5 298.385 122.076 0.872228
629100 -16264.4 -20039.4 292.323 -210.404 0.869063
629200 -16211.2 -20020.6 294.986 -275.341 0.867982
629300 -16118.6 -20028.6 302.78 13.4602 0.869214
629400 -16165.2 -20040.7 300.102 -78.4306 0.87037
629500 -16231.6 -20043.4 295.175 -186.283 0.872508
629600 -16234.7 -20100.4 299.345 215.471 0.875624
629700 -16241.7 -20061.4 295.786 193.532 0.876609
629800 -16207.9 -20048 297.359 110.939 0.875701
629900 -16133.6 -19996.3 299.115 -170.975 0.874339
630000 -16082.3 -19975.2 301.452 79.3279 0.874144
630100 -16124.5 -20007 300.648 -21.0668 0.873617
630200 -16232.5 -20034.8 294.438 -137.884 0.87346
630300 -16215.5 -20056.5 297.433 -129.37 0.874482
630400 -16193.7 -20082.8 301.159 99.7856 0.876133
630500 -16253.4 -20114.7 299.006 105.673 0.8768
630600 -16366.7 -20188.1 295.921 -13.015 0.876567
630700 -16398.3 -20234.8 297.086 -66.6679 0.876422
630800 -16377.1 -20205.8 296.481 8.17189 0.876954
630900 -16319.7 -20211.3 301.351 65.0452 0.877446
631000 -16289 -20147.7 298.8 -39.6476 0.877334
631100 -16228.7 -20094.5 299.352 169.286 0.877398
631200 -16176.6 -20065.8 301.16 355.89 0.875666
631300 -16189.4 -20059.5 299.682 -210.441 0.871641
631400 -16276.8 -20086.8 295.032 -137.462 0.869184
631500 -16307.6 -20106.7 294.183 -55.2059 0.868095
631600 -16244.3 -20076.8 296.776 -188.463 0.867951
631700 -16163.2 -20005.4 297.531 20.1126 0.869316
631800 -16159.7 -20053.7 301.531 163.534 0.870613
631900 -16211.4 -20017.6 294.743 23.9943 0.870388
632000 -16215.5 -20062.3 297.882 -126.387 0.870001
632100 -16208.3 -20069.1 298.964 9.46358 0.870676
632200 -16231.2 -20086.2 298.512 -68.8598 0.871643
632300 -16282.8 -20081 294.12 41.0387 0.872955
632400 -16274.2 -20109.7 297.005 84.2996 0.873768
632500 -16206.9 -20095 301.078 7.50717 0.873892
632600 -16156.8 -20046.6 301.216 -17.574 0.874035
632700 -16187.3 -20058.2 299.748 56.0544 0.874251
632800 -16288.4 -20107.1 295.708 -117.707 0.874041
632900 -16320.4 -20152.5 296.743 -153.609 0.875035
633000 -16298.8 -20121.6 296.018 99.7946 0.877308
633100 -16180.8 -20054.3 299.948 150.712 0.878935
633200 -16140.2 -20027.7 301.031 91.3417 0.87926
633300 -16178.7 -20017.4 297.256 71.4869 0.878508
633400 -16222.9 -20082.9 298.904 -84.7101 0.877221
633500 -16329.7 -20126 293.968 -193.289 0.87664
633600 -16362.8 -20176.8 295.34 -148.367 0.877903
633700 -16329.2 -20156.1 296.34 86.0638 0.880605
633800 -16285.2 -20113.3 296.438 282.173 0.882467
633900 -16247.7 -20110.8 299.146 64.1906 0.881886
634000 -16250.6 -20106.1 298.554 74.2818 0.880283
634100 -16259.2 -20072.3 295.275 -11.9026 0.87808
634200 -16176.2 -20051.9 300.125 84.0968 0.875648
634300 -16117.4 -19993.7 300.165 -156.977 0.872983
634400 -16110.9 -19968.3 298.701 -14.7724 0.871538
634500 -16137.1 -19982.1 297.74 -28.611 0.870391
634600 -16204.9 -20021.7 295.556 8.85943 0.869371
634700 -16252.7 -20063.8 295.111 -259.449 0.868673
634800 -16218.9 -20069 298.136 -36.9342 0.869871
634900 -16123.6 -20030.9 302.563 153.567 0.871591
635000 -16133.8 -20040.8 302.544 -4.37742 0.872131
635100 -16222.2 -20039 295.559 -87.7212 0.872829
635200 -16222.2 -20082.9 298.957 97.503 0.874102
635300 -16238.5 -20097 298.782 -0.884601 0.874558
635400 -16293.1 -20127.4 296.913 -22.5825 0.874945
635500 -16368.9 -20171 294.419 -213.503 0.87594
635600 -16446.2 -20235.2 293.399 15.3094 0.878515
635700 -16481.7 -20259.9 292.572 324.719 0.881128
635800 -16387.8 -20238.8 298.205 294.624 0.880891
635900 -16319.5 -20185.6 299.372 -148.832 0.877792
636000 -16312.8 -20149 297.065 -23.6186 0.875652
636100 -16272.7 -20081.4 294.925 24.5522 0.874112
636200 -16150.1 -20013.7 299.181 -183.096 0.872501
636300 -16131.1 -20021.7 301.271 -64.4786 0.872305
636400 -16193.7 -20030.6 297.113 -178.209 0.873199
636500 -16244.9 -20075.6 296.63 12.9161 0.875496
636600 -16264.1 -20099.5 296.996 -56.0761 0.87818
636700 -16249.7 -20125.2 300.1 51.9478 0.881028
636800 -16271 -20120.9 298.123 283.056 0.883432
636900 -16321.1 -20142 295.877 253.205 0.883323
637000 -16333.3 -20140.6 294.823 -80.5725 0.880927
637100 -16248.4 -20103.6 298.531 87.2262 0.878802
637200 -16179.9 -20034.8 298.507 -89.4393 0.87623
637300 -16145.6 -19981.9 297.068 -144.38 0.874386
637400 -16116.5 -20000.5 300.763 -213.647 0.874127
637500 -16153.5 -19981.9 296.461 -42.0431 0.875759
637600 -16279.8 -20080.3 294.298 127.134 0.877779
637700 -16318.7 -20099 292.733 105.029 0.878672
637800 -16248.2 -20118.3 299.687 180.026 0.878346
637900 -16219.9 -20080.8 298.97 -42.4899 0.876522
638000 -16215.9 -20049 296.823 -64.8393 0.875041
638100 -16145 -20032.1 301.003 62.487 0.874162
638200 -16037.4 -19940 302.199 -168.767 0.872963
638300 -16037.3 -19915.7 300.33 155.413 0.872755
638400 -16117.4 -19970.5 298.37 -105.067 0.871847
638500 -16160.3 -19966.7 294.754 -31.8069 0.871529
638600 -16143.2 -19990.8 297.941 -25.6049 0.871764
638700 -16134.8 -20008.8 299.986 -111.046 0.872361
638800 -16192.9 -20054.5 299.03 55.8072 0.873799
638900 -16285.4 -20097.8 295.219 49.8765 0.874837
639000 -16288.9 -20135.5 297.862 -67.8703 0.875685
639100 -16277.2 -20100.8 296.084 -177.718 0.87709
639200 -16204.5 -20043.9 297.31 226.201 0.879798
639300 -16123.3 -20017.6 301.562 23.5363 0.881391
639400 -16140.4 -20011.3 299.75 -91.5268 0.88242
639500 -16194.6 -20075.4 300.517 329.092 0.883917
639600 -16282.8 -20135.5 298.337 122.316 0.882929
639700 -16321.3 -20152.2 296.647 -55.8604 0.880434
639800 -16296.7 -20113 295.517 -147.775 0.878219
639900 -16224.1 -20063.4 297.301 174.209 0.877015
640000 -16173.4 -20037.9 299.254 108.042 0.874346
640100 -16157.1 -19959.5 294.443 -187.501 0.870386
640200 -16100.9 -19959.8 298.82 -92.3621 0.867813
640300 -16076.8 -19924.7 297.963 -88.357 0.86599
640400 -16055.9 -19909 298.372 -270.586 0.865134
640500 -15980.1 -19896.6 303.281 -65.5264 0.86698
640600 -15957.8 -19899 305.194 151.494 0.869608
640700 -16071 -19916.1 297.747 -142.011 0.871427
640800 -16105.3 -19948.4 297.591 -41.4384 0.874275
640900 -16122.3 -20014.1 301.367 166.365 0.877576
641000 -16215.3 -20032.1 295.555 130.985 0.879776
641100 -16238.2 -20052.7 295.384 69.7895 0.880694
641200 -16220.3 -20103.8 300.722 29.7374 0.880909
641300 -16239.7 -20041.4 294.388 99.5743 0.880608
641400 -16147.3 -19998.9 298.256 128.087 0.879427
641500 -16069.2 -19963.3 301.542 64.2144 0.876848
641600 -16091.1 -19925.2 296.892 -258.181 0.873415
641700 -16123.3 -19984 298.951 -84.428 0.871889
641800 -16200.8 -20021.4 295.855 -96.6949 0.871669
641900 -16242.6 -20048 294.673 21.871 0.872205
642000 -16175.4 -20029.6 298.451 -117.628 0.872892
642100 -16110.8 -20068.9 306.497 190.157 0.874235
642200 -16196.5 -20034 297.159 7.26739 0.874345
642300 -16222.8 -20056 296.829 -16.0176 0.874207
642400 -16225.5 -20092.3 299.43 -87.7879 0.874488
642500 -16296.4 -20129.6 296.831 174.51 0.875236
642600 -16385.1 -20197.6 295.224 -188.845 0.875129
642700 -16376.3 -20158.2 292.855 -124.101 0.876616
642800 -16290.3 -20133.3 297.591 171.586 0.879708
642900 -16263.8 -20128.5 299.26 274.789 0.881409
643000 -16281.8 -20153.7 299.828 47.0587 0.880792
643100 -16346.1 -20139.9 293.776 -32.8826 0.879509
643200 -16339.5 -20137.3 294.089 -113.446 0.878438
643300 -16213.4 -20059.6 297.837 40.7472 0.878042
643400 -16172.7 -20054.4 300.585 -29.6847 0.877749
643500 -16215.1 -20098.1 300.685 141.662 0.87724
643600 -16293.8 -20099.2 294.673 -227.087 0.875908
643700 -16280.1 -20105.2 296.199 45.7505 0.875962
643800 -16236.8 -20095.6 298.809 85.5888 0.875874
643900 -16228.4 -20065.3 297.114 -50.3292 0.875113
644000 -16208.6 -20033.2 296.159 -191.514 0.874756
644100 -16184.2 -20032.1 297.969 87.5557 0.875978
644200 -16164.2 -20011.1 297.892 211.88 0.87687
644300 -16131.1 -20021.8 301.282 -47.2655 0.875811
644400 -16129 -20028.9 301.99 -237.357 0.874998
644500 -16219.4 -20060.9 297.468 71.9969 0.876133
644600 -16287.5 -20121.4 296.886 71.0909 0.876975
644700 -16311.9 -20120.9 294.959 163.448 0.876846
644800 -16249 -20109.8 298.963 -8.32261 0.875511
644900 -16149.8 -20011.8 299.059 -40.5004 0.873961
645000 -16134 -20007.1 299.921 -149.93 0.872768
645100 -16141.1 -19974.9 296.879 -93.7807 0.872973
645200 -16140.6 -20027.7 300.999 117.147 0.873916
645300 -16238.2 -20032.1 293.783 -26.5864 0.874072
645400 -16322.7 -20145.6 296.031 -79.539 0.874575
645500 -16318.5 -20120.6 294.417 96.9881 0.875474
645600 -16244.7 -20056.7 295.193 -2.71806 0.87587
645700 -16193.9 -20074.5 300.504 62.1143 0.876286
645800 -16221.6 -20107.9 300.937 84.9855 0.875942
645900 -16307.7 -20136.9 296.512 49.642 0.874655
646000 -16328.1 -20126.7 294.146 -377.443 0.873367
646100 -16262.8 -20084.5 295.936 -143.936 0.875139
646200 -16210 -20063.3 298.386 269.547 0.878585
646300 -16198.8 -20047.9 298.057 160.644 0.880024
646400 -16195 -20044.9 298.12 -70.95 0.880016
646500 -16208.1 -20051.6 297.627 196.616 0.880103
646600 -16252 -20061.7 295.002 -52.8612 0.87892
646700 -16250.4 -20108.4 298.75 -71.1065 0.877746
646800 -16238.1 -20088.1 298.131 15.2514 0.877214
646900 -16221.9 -20086.2 299.231 -24.3165 0.87656
647000 -16239.6 -20073.2 296.862 -103.327 0.876185
647100 -16238.9 -20047.6 294.934 60.4933 0.876755
647200 -16163.2 -20055.3 301.384 168.208 0.876815
647300 -16148.4 -20020.4 299.832 -22.559 0.875325
647400 -16213.1 -20049.1 297.048 -161.077 0.873816
647500 -16316.9 -20087.2 291.958 -143.155 0.873855
647600 -16295.8 -20108.2 295.219 72.9467 0.875113
647700 -16242.4 -20071.5 296.512 74.3995 0.876051
647800 -16197.7 -20018.3 295.857 99.0209 0.876159
647900 -16149.6 -20020.9 299.778 -32.31 0.87535
648000 -16151 -20013.8 299.123 17.8529 0.874824
648100 -16223.6 -20047.6 296.113 20.0711 0.874079
648200 -16332.6 -20111 292.588 -102.95 0.873124
648300 -16314.7 -20134.2 295.765 -190.432 0.873289
648400 -16246.6 -20106.9 298.924 1.90816 0.875124
648500 -16219.2 -20114.8 301.663 88.4468 0.877205
648600 -16249.6 -20103.8 298.455 114.375 0.878276
648700 -16273.6 -20148.2 300.031 -94.4667 0.878724
648800 -16322.7 -20157 296.914 -44.4465 0.879826
648900 -16362.9 -20181.7 295.714 -82.9103 0.881525
649000 -16410.4 -20202.5 293.647 124.244 0.883896
649100 -16398.5 -20187.3 293.39 260.029 0.885326
649200 -16305.7 -20158.4 298.341 260.813 0.884302
649300 -16245.3 -20103.9 298.793 -157.055 0.881026
649400 -16216.3 -20084.4 299.53 -180.478 0.878634
649500 -16213.2 -20064.7 298.247 -182.912 0.877918
649600 -16214.4 -20074.5 298.909 148.611 0.878879
649700 -16256 -20112.8 298.649 -96.3338 0.879299
649800 -16321.7 -20149.8 296.433 -38.1517 0.880199
649900 -16360.5 -20161.8 294.358 37.153 0.881549
650000 -16311.6 -20165.9 298.457 -50.0801 0.882891
650100 -16208.5 -20098.3 301.214 321.651 0.884064
650200 -16212.4 -20105.9 301.498 130.666 0.882645
650300 -16284.4 -20183.9 301.963 18.9482 0.879557
650400 -16343.4 -20161 295.617 -48.6418 0.876193
650500 -16320.1 -20133.3 295.279 -293.607 0.873605
650600 -16233.7 -20047.6 295.339 -137.695 0.873455
650700 -16169.3 -20059.7 301.26 17.5498 0.874765
650800 -16197.9 -20069.6 299.81 168.309 0.875828
650900 -16260.1 -20105.2 297.749 -168.229 0.876124
651000 -16311.7 -20138.9 296.363 164.957 0.877323
651100 -16313.1 -20128 295.41 -205.207 0.877602
651200 -16188.7 -20104 303.18 -10.3866 0.879361
651300 -16158.4 -20051.5 301.463 188.06 0.881671
651400 -16223.4 -20074 298.174 225.889 0.882309
651500 -16298.4 -20127.5 296.504 -148.698 0.881206
651600 -16306.5 -20120.9 295.375 -57.5372 0.880678
651700 -16256.6 -20100.2 297.63 64.5146 0.88058
651800 -16223.6 -20076.8 298.38 86.2985 0.879825
651900 -16224.5 -20077.6 298.371 -149.838 0.878191
652000 -16233.9 -20091.1 298.691 -162.445 0.877231
652100 -16270 -20117 297.902 -40.0149 0.877795
652200 -16358.1 -20166.9 294.936 86.1338 0.879018
652300 -16396.5 -20199.5 294.488 -34.0493 0.879874
652400 -16330.9 -20195.6 299.265 84.5387 0.880996
652500 -16236.8 -20102.2 299.328 32.9646 0.881624
652600 -16111.3 -20025.9 303.131 227.003 0.881625
652700 -16058.2 -20021.4 306.894 387.356 0.879062
652800 -16133.1 -19970.8 297.18 -338.742 0.873315
652900 -16176.2 -20031.9 298.57 -256.469 0.870043
653000 -16221.7 -20021.3 294.233 -198.809 0.86967
653100 -16213.5 -20074.8 299.001 -134.361 0.871488
653200 -16168.7 -20021.2 298.322 105.433 0.874495
653300 -16092.2 -19993.4 302.095 366.937 0.876043
653400 -16079.3 -19964.8 300.878 40.3237 0.874451
653500 -16170 -19988.6 295.699 -61.6169 0.872349
653600 -16235.4 -20060.3 296.183 -187.325 0.871226
653700 -16228.6 -20025 293.982 -196.305 0.871755
653800 -16179.3 -20017.5 297.212 29.1531 0.873958
653900 -16149.2 -19976.8 296.392 22.3974 0.876371
654000 -16113.4 -20005.4 301.385 128.378 0.877963
654100 -16153.6 -19996.3 297.558 34.4599 0.878454
654200 -16266.6 -20064.6 294.109 -51.7115 0.878753
654300 -16286.7 -20121.1 296.92 -104.612 0.879676
654400 -16266.2 -20125.6 298.857 228.825 0.880924
654500 -16266.3 -20120 298.414 84.0736 0.880352
654600 -16306.5 -20105.7 294.193 -23.5341 0.87899
654700 -16369.1 -20157.9 293.393 -118.204 0.878001
654800 -16333.6 -20132.3 294.154 -58.2019 0.877871
654900 -16234.5 -20087 298.322 -106.168 0.878437
655000 -16201.2 -20070.8 299.646 40.9816 0.880047
655100 -16218.7 -20083 299.237 173.123 0.881394
655200 -16313.2 -20129.3 295.499 165.215 0.881319
655300 -16375.1 -20180.4 294.669 -45.787 0.879649
655400 -16354.3 -20177.2 296.031 -93.6801 0.878076
655500 -16308 -20146.9 297.271 -46.0116 0.877221
655600 -16294.8 -20161.8 299.452 -151.352 0.876982
655700 -16306.8 -20142.6 297.024 89.2779 0.877856
655800 -16288.2 -20127.6 297.309 -49.862 0.878521
655900 -16208.4 -20098.1 301.2 295.05 0.879211
656000 -16153.9 -20020.1 299.387 153.475 0.87752
656100 -16112.8 -20001.7 301.146 155.772 0.873477
656200 -16053.9 -19934.9 300.531 -86.8856 0.867455
656300 -16018.2 -19887.3 299.608 -456.352 0.862352
656400 -16012.7 -19879.3 299.415 -346.154 0.861473
656500 -16049.8 -19876.8 296.345 -133.213 0.863885
656600 -16095.7 -19944.9 298.064 -48.3489 0.867697
656700 -16170.8 -19995.6 296.18 -58.7016 0.871981
656800 -16218.4 -20020.8 294.439 21.495 0.876437
656900 -16168.3 -20047.2 300.366 441.13 0.879403
657000 -16090.9 -19998.1 302.562 273.02 0.8784
657100 -16116.9 -20013.3 301.722 119.594 0.875301
657200 -16233.3 -20042.7 294.981 80.2759 0.871478
657300 -16228.8 -20024.5 293.92 -230.849 0.8676
657400 -16143.9 -19965.2 295.905 -105.329 0.866348
657500 -16092.9 -19971.3 300.33 -71.5788 0.866736
657600 -16109.7 -19956.8 297.91 -39.6827 0.867627
657700 -16144.2 -19988 297.653 -10.8439 0.868814
657800 -16234.9 -20043.8 294.948 -112.566 0.870027
657900 -16305.4 -20122.3 295.566 9.14893 0.87209
658000 -16318.5 -20141 295.994 230.314 0.873788
658100 -16239.3 -20047.9 294.924 63.242 0.873542
658200 -16135 -19982.7 297.955 -103.832 0.872714
658300 -16091.2 -19957.9 299.421 161.258 0.872559
658400 -16087.9 -19986.8 301.918 -157.732 0.871681
658500 -16176.8 -20000 296.053 -27.1513 0.871488
658600 -16222.6 -20059.5 297.117 -12.8427 0.871796
658700 -16213.1 -20033.9 295.866 -45.9479 0.872236
658800 -16176.6 -20048.2 299.806 57.8467 0.873224
658900 -16129.3 -19992 299.111 -63.2587 0.873809
659000 -16061.2 -19976.7 303.206 -135.821 0.875075
659100 -16126.2 -20063.3 304.877 337.316 0.877168
659200 -16228.4 -20034.2 294.704 247.269 0.876407
659300 -16225.4 -20073.7 297.993 -37.3356 0.873335
659400 -16205.7 -20061 298.533 -303.957 0.870544
659500 -16177.7 -20037.1 298.857 -179.204 0.870296
659600 -16121.1 -19982.3 298.996 -6.17881 0.872106
659700 -16076.5 -20010.5 304.637 200.931 0.873919
659800 -16171.7 -20021.3 298.098 25.8681 0.873954
659900 -16206.1 -20026.5 295.84 1.46684 0.873439
660000 -16192.7 -20070.4 300.271 251.73 0.87267
660100 -16242.9 -20101.8 298.821 23.8436 0.869881
660200 -16329.5 -20101.7 292.105 -265.047 0.866792
660300 -16299.9 -20103.8 294.561 -23.0736 0.865644
660400 -16241.7 -20058.3 295.539 -119.626 0.865277
660500 -16196.9 -20043.6 297.877 6.34372 0.86572
660600 -16150.6 -19999.4 298.037 -28.1902 0.866489
660700 -16106.7 -20010.9 302.322 118.954 0.867318
660800 -16161.7 -20011.8 298.134 -231.827 0.867701
660900 -16261.6 -20060.5 294.172 -61.093 0.870014
661000 -16257.5 -20070.1 295.229 157.16 0.87342
661100 -16212.9 -20075.7 299.118 153.641 0.876079
661200 -16206.6 -20061 298.474 121.306 0.877551
661300 -16221.2 -20094.2 299.908 117.971 0.877664
661400 -16245.6 -20098.2 298.327 55.9225 0.876471
661500 -16255.9 -20085.2 296.531 -9.35795 0.8747
661600 -16226.4 -20023.8 294.06 -1.90251 0.872542
661700 -16149.1 -20026.1 300.221 -121.612 0.870063
661800 -16125.8 -19951.8 296.269 -35.6934 0.868228
661900 -16103.5 -19957.1 298.406 -102.983 0.866765
662000 -16098.8 -19971.2 299.864 -220.851 0.866252
662100 -16168.9 -19973 294.58 -183.865 0.867665
662200 -16259.6 -20073.9 295.361 -196.017 0.871547
662300 -16287.5 -20132.6 297.748 269.525 0.87728
662400 -16331.3 -20176.3 297.745 460.963 0.880576
662500 -16425.3 -20195 291.917 84.3321 0.879784
662600 -16397.2 -20186.4 293.42 44.3291 0.877741
662700 -16308.3 -20159.2 298.203 11.5046 0.8752
662800 -16269.6 -20100.4 296.646 -142.496 0.872859
662900 -16242.2 -20110.4 299.539 96.3257 0.871706
663000 -16238.8 -20075.9 297.137 -16.5488 0.870005
663100 -16207 -20075.5 299.563 -245.251 0.868614
663200 -16161.6 -20010.3 298.029 73.288 0.869036
663300 -16097.1 -19967.7 299.724 -178.103 0.86944
663400 -16046.1 -19934.2 301.078 -175.138 0.871263
663500 -16068 -19955.2 301.01 29.0995 0.874664
663600 -16192.4 -20037.1 297.712 241.605 0.877648
663700 -16252.8 -20101.1 297.993 229.515 0.878495
663800 -16279.8 -20098.6 295.714 -104.712 0.877423
663900 -16219.3 -20007.3 293.33 75.9534 0.876783
664000 -16119.9 -20000.1 300.472 240.918 0.875468
664100 -16123.9 -19965 297.441 -234.057 0.872547
664200 -16124.6 -19943.6 295.727 -93.7209 0.871245
664300 -16043.4 -19905.8 299.087 -64.6803 0.871081
664400 -15994.6 -19921.7 304.093 266.072 0.871128
664500 -16065 -19917.5 298.319 -22.1799 0.869348
664600 -16099.6 -19958.7 298.829 -227.708 0.867757
664700 -16134.5 -19980 297.779 -108.434 0.868046
664800 -16167 -19979.1 295.197 -272.915 0.869744
664900 -16136.5 -19989.6 298.37 -38.1486 0.873657
665000 -16067.1 -19950.1 300.682 -14.7586 0.878323
665100 -16048.6 -19933.6 300.84 189.931 0.882548
665200 -16123.4 -20001.3 300.292 196.955 0.884731
665300 -16224.1 -20088.3 299.234 199.408 0.884772
665400 -16272.6 -20104.9 296.754 135.848 0.882975
665500 -16275.9 -20123.6 297.954 171.126 0.880162
665600 -16245.2 -20080 296.947 1.85058 0.876675
665700 -16143 -20030.4 301.027 19.6975 0.873885
665800 -16102.4 -19956.2 298.423 -117.949 0.871802
665900 -16078.9 -19951.6 299.884 -133.147 0.87104
666000 -16101.5 -20018 303.275 155.637 0.871356
666100 -16235 -20066 296.656 -106.43 0.871022
666200 -16250.1 -20071.7 295.93 -169.658 0.871594
666300 -16204 -20072.8 299.58 -148.317 0.873543
666400 -16181.5 -20032 298.161 52.1121 0.876456
666500 -16143.4 -20050.3 302.534 116.451 0.878992
666600 -16181.1 -20095 303.082 173.933 0.880204
666700 -16291.2 -20112.3 295.888 115.036 0.879495
666800 -16312.7 -20144.9 296.75 141.178 0.877572
666900 -16297.3 -20132.4 296.979 -93.3333 0.874886
667000 -16208.3 -20046.1 297.183 -108.26 0.872946
667100 -16139.9 -20036.3 301.72 -76.2082 0.872393
667200 -16173.8 -20023.5 298.105 -34.0644 0.872417
667300 -16205.4 -20029 296.092 10.1226 0.872744
667400 -16194.7 -20042.7 297.974 69.6312 0.872998
667500 -16138.2 -19984.3 297.826 -130.084 0.87291
667600 -16080.4 -20011 304.374 -6.03186 0.873892
667700 -16156.1 -20034.7 300.342 93.3626 0.874877
667800 -16228.3 -20066.8 297.237 -41.1609 0.875138
667900 -16249.8 -20102.8 298.354 -53.2296 0.875759
668000 -16275.3 -20088.9 295.305 80.141 0.876875
668100 -16233.4 -20100.6 299.454 62.0807 0.877269
668200 -16147.3 -20013.7 299.398 90.3991 0.876844
668300 -16103.3 -20007.7 302.337 -155.398 0.875946
668400 -16175.6 -20045.9 299.702 99.8036 0.875938
668500 -16277.9 -20113.6 297.021 -113.4 0.875527
668600 -16288.9 -20126.6 297.181 18.4135 0.875624
668700 -16273.5 -20107.3 296.875 -97.8449 0.876147
668800 -16215.9 -20107.2 301.33 217.521 0.877219
668900 -16170.3 -20042.3 299.832 119.921 0.876407
669000 -16154.2 -19995 297.421 155.113 0.873948
669100 -16105 -19975.3 299.701 -139.238 0.870163
669200 -16066.8 -19972.8 302.465 -31.5333 0.866534
669300 -16130.7 -19959 296.449 -437.366 0.863512
669400 -16189.5 -20050.2 298.957 -101.308 0.864094
669500 -16240 -20064.5 296.154 117.866 0.866094
669600 -16244.1 -20038.8 293.847 -120.308 0.867564
669700 -16109.5 -20027.3 303.379 157.292 0.869785
669800 -16106.9 -19963.9 298.67 125.713 0.871241
669900 -16137.9 -19944.8 294.789 43.7848 0.871454
670000 -16093.1 -19934.1 297.429 182.783 0.870804
670100 -16006.4 -19919.4 303.011 0.0297431 0.868625
670200 -16019.3 -19905.1 300.901 -139.828 0.865827
670300 -16084.7 -19908.6 296.107 -5.4614 0.863667
670400 -16100.6 -19954.4 298.42 -27.0065 0.861755
670500 -16103.6 -19959.9 298.622 -190.754 0.860102
670600 -16128.7 -19962.4 296.86 -115.965 0.859954
670700 -16153 -19968 295.414 -106.098 0.861195
670800 -16088.2 -19917.1 296.492 -154.341 0.863715
670900 -16003.9 -19934.2 304.348 9.90199 0.867902
671000 -16063.4 -19959.9 301.731 186.954 0.872441
671100 -16153.1 -20037.8 300.811 254.088 0.875261
671200 -16217.2 -20079.6 299.092 274.633 0.875713
671300 -16279.4 -20121.2 297.495 132.74 0.873472
671400 -16309.2 -20101.2 293.638 -362.894 0.870317
671500 -16225.7 -20082.2 298.637 -11.5199 0.869917
671600 -16150.9 -20016.9 299.373 17.6532 0.870062
671700 -16148.6 -20008.4 298.882 -12.273 0.869972
671800 -16165 -20013.6 298.018 291.549 0.869591
671900 -16208.5 -20054.8 297.841 -156.369 0.867187
672000 -16289.1 -20071.3 292.875 -215.305 0.865884
672100 -16286.2 -20094.7 294.914 0.599252 0.86668
672200 -16169.6 -20034.5 299.278 172.248 0.86766
672300 -16126.1 -20000.3 300.008 -101.867 0.867232
672400 -16142 -19983.8 297.499 -267.606 0.867518
672500 -16160.3 -19995.1 296.951 -10.0678 0.870206
672600 -16149.9 -19998.2 297.995 186.672 0.873117
672700 -16127 -20023.6 301.743 -8.02149 0.874592
672800 -16189 -20056.4 299.475 84.7818 0.875731
672900 -16288.2 -20126.2 297.2 -39.2198 0.876326
673000 -16310.1 -20100.9 293.546 -35.2606 0.877375
673100 -16240.8 -20075.1 296.917 149.907 0.878548
673200 -16187.8 -20021.8 296.891 84.0762 0.878486
673300 -16150.9 -19986.7 297.03 -65.4591 0.877661
673400 -16118 -19988.7 299.728 46.6735 0.877278
673500 -16144.2 -19998.4 298.452 122.916 0.876429
673600 -16270.2 -20071 294.32 -268.869 0.874681
673700 -16303.2 -20132.4 296.519 -192.173 0.875007
673800 -16276 -20102.6 296.318 -120.419 0.87758
673900 -16204.2 -20089.1 300.828 240.407 0.881156
674000 -16169 -20073 302.306 26.0817 0.883217
674100 -16257.1 -20090 296.806 188.878 0.884325
674200 -16347.9 -20172.8 296.187 173.571 0.883853
674300 -16361.2 -20170.8 295.004 74.6958 0.88165
674400 -16293 -20144.9 298.273 -32.4332 0.878743
674500 -16205.8 -20089.6 300.747 117.45 0.875772
674600 -16185.9 -20006.2 295.835 -315.717 0.872126
674700 -16156.8 -19999.6 297.573 -167.391 0.871053
674800 -16147 -20032 300.843 -5.39924 0.871766
674900 -16191 -20020 296.503 -64.2896 0.872619
675000 -16261.9 -20065.1 294.499 53.2106 0.874166
675100 -16328 -20099.8 292.077 -103.881 0.875433
675200 -16258.3 -20093.9 297.014 142.473 0.877378
675300 -16155.5 -20013.6 298.76 152.161 0.878183
675400 -16135.7 -20021.5 300.897 71.4329 0.877364
675500 -16190.2 -20013.7 296.071 46.3602 0.875963
675600 -16243.4 -20075.2 296.716 -182.75 0.874228
675700 -16303.8 -20093.9 293.486 -23.6679 0.873745
675800 -16341.8 -20123.5 292.839 -173.259 0.873911
675900 -16259.8 -20122.8 299.14 173.042 0.87511
676000 -16207.2 -20067.1 298.895 -93.0485 0.875538
676100 -16205.4 -20058 298.329 -172.93 0.876898
676200 -16202.1 -20013.6 295.149 173.458 0.880127
676300 -16108 -20014.3 302.489 267.47 0.882293
676400 -16092.8 -19987.6 301.602 201.361 0.882159
676500 -16179 -20026.9 297.969 215.414 0.879651
676600 -16233.8 -20081.2 297.926 -157.833 0.874576
676700 -16248 -20060.5 295.223 -62.7729 0.869942
676800 -16205.3 -20020.8 295.46 -280.848 0.86653
676900 -16126 -19964.1 297.205 -315.241 0.865854
677000 -16098.5 -19942.5 297.667 -1.08503 0.867893
677100 -16086.3 -19971.4 300.843 62.3596 0.870377
677200 -16137.4 -19977.4 297.359 258.464 0.871975
677300 -16215.6 -20052.7 297.124 12.0304 0.871391
677400 -16270.2 -20084.9 295.399 -149.588 0.870764
677500 -16284.2 -20120.5 297.069 150.595 0.871039
677600 -16280.2 -20108.5 296.448 54.5464 0.870286
677700 -16230.7 -20085.7 298.523 -140.748 0.868806
677800 -16176.1 -20035.9 298.891 -114.638 0.868498
677900 -16150.7 -20025.5 300.046 25.4645 0.869542
678000 -16173.2 -20020.5 297.921 49.7319 0.87061
678100 -16253.8 -20104.4 298.176 -195.277 0.871397
678200 -16325.5 -20122.5 294.03 -45.386 0.873887
678300 -16313.8 -20191 300.233 327.408 0.877105
678400 -16310.3 -20113.7 294.518 237.388 0.877534
678500 -16213.7 -20073.7 298.911 76.3661 0.875543
678600 -16159.8 -20086.6 304.08 49.8084 0.872283
678700 -16224.6 -20023.7 294.193 -126.45 0.868328
678800 -16212.9 -20052.2 297.305 -52.7737 0.864974
678900 -16160.7 -20029.4 299.573 -361.337 0.862606
679000 -16103.1 -20006.8 302.284 -209.538 0.863401
679100 -16053.2 -19945.2 301.384 -90.4846 0.86656
679200 -16086.5 -19973.3 300.981 50.249 0.870834
679300 -16189.8 -20048.8 298.828 241.407 0.874706
679400 -16255.2 -20120.1 299.286 212.788 0.87638
679500 -16307.9 -20139.3 296.69 5.74172 0.87608
679600 -16308.6 -20128.4 295.789 -216.799 0.875767
679700 -16229.6 -20137 302.576 278.864 0.876719
679800 -16133.3 -20020.6 301.016 61.0053 0.875832
679900 -16031.6 -19941 302.731 110.561 0.873877
680000 -16032.7 -19888 298.535 -216.285 0.871144
680100 -16091.5 -19959.2 299.499 -222.058 0.86993
680200 -16222.3 -20062.9 297.405 32.8544 0.870691
680300 -16239 -20048.6 294.997 -140.03 0.871906
680400 -16191 -20067.8 300.2 -45.0219 0.87463
680500 -16185.7 -20059.6 299.982 282.544 0.878036
680600 -16250.1 -20029.3 292.641 2.45682 0.879536
680700 -16236.5 -20079.2 297.563 119.56 0.880523
680800 -16137.6 -20008.9 299.773 291.095 0.880414
680900 -16103.3 -20005.8 302.199 -26.2595 0.877862
681000 -16158.7 -19972.3 295.314 -23.0978 0.874472
681100 -16180.1 -19996.5 295.528 -410.704 0.871563
681200 -16079.7 -19992.3 302.97 -26.5743 0.871666
681300 -16057.9 -19958.9 302.077 -29.9044 0.872415
681400 -16143.2 -19999.1 298.585 -208.52 0.873939
681500 -16206 -20071.4 299.323 9.16862 0.877538
681600 -16258.7 -20122.5 299.194 126.261 0.881559
681700 -16299.6 -20164.5 299.286 136.928 0.884573
681800 -16330.4 -20170.2 297.343 55.0643 0.886513
681900 -16335.2 -20201 299.356 277.078 0.887551
682000 -16354.9 -20180.3 296.224 83.7828 0.886204
682100 -16325 -20143.6 295.696 107.378 0.88375
682200 -16190.3 -20069.3 300.38 68.7327 0.880226
682300 -16163.5 -20028 299.256 0.957313 0.875679
682400 -16160.6 -19988.3 296.408 -201.976 0.871196
682500 -16126.4 -19987.2 298.962 -230.182 0.8688
682600 -16099.2 -20000.4 302.097 -175.666 0.86896
682700 -16148.6 -20002.1 298.402 -41.4876 0.870744
682800 -16241.3 -20086.3 297.747 -43.5682 0.872882
682900 -16287 -20121.6 296.935 39.5957 0.875336
683000 -16305.9 -20147 297.443 319.606 0.877129
683100 -16330.4 -20136.3 294.718 -12.4552 0.876211
683200 -16303.5 -20114.9 295.14 -165.273 0.875117
683300 -16215.1 -20076.1 298.978 -82.4771 0.875711
683400 -16165.4 -20038.2 299.893 31.3004 0.876968
683500 -16143.2 -19992 298.032 3.14494 0.877974
683600 -16088.6 -19931.5 297.579 105.83 0.878599
683700 -15988.3 -19892.9 302.352 263.483 0.878206
683800 -16002.5 -19912.3 302.765 152.07 0.875709
683900 -16077.2 -19905.3 296.438 -157.573 0.872121
684000 -16085.3 -19938.3 298.357 -306.184 0.87073
684100 -16099.9 -19976.3 300.175 89.1145 0.871863
684200 -16199.2 -20025.9 296.327 -178.231 0.872685
684300 -16239.4 -20055.5 295.501 -28.4071 0.874447
684400 -16219 -20043 296.116 186.792 0.876103
684500 -16176.1 -20041.3 299.307 121.942 0.875923
684600 -16127.4 -19979.3 298.274 -94.8762 0.874928
684700 -16027 -19938.3 302.876 183.061 0.874406
684800 -15998.8 -19900 302.093 -113.426 0.872771
684900 -16067.6 -19924.8 298.688 -136.583 0.872177
685000 -16112.5 -19970.5 298.747 53.2163 0.872779
685100 -16138.4 -20027.7 301.173 -17.4259 0.873224
685200 -16203.2 -20050.4 297.916 98.2538 0.873493
685300 -16240.2 -20078.4 297.217 -120.206 0.873269
685400 -16232.5 -20065.2 296.79 -22.9192 0.873816
685500 -16200.5 -20029.8 296.526 -29.7072 0.874608
685600 -16080.9 -19949.2 299.547 51.0794 0.875455
685700 -16012.2 -19881.2 299.599 -195.693 0.876317
685800 -16034.7 -19893.5 298.817 84.6015 0.878873
685900 -16094.7 -19968.8 299.994 0.70198 0.881185
686000 -16190.5 -20038.1 297.944 198.703 0.882793
686100 -16237 -20082.2 297.754 9.00389 0.882877
686200 -16237.1 -20049 295.179 -129.81 0.883007
686300 -16174 -20069 301.61 193.877 0.883865
686400 -16144.3 -19997.4 298.362 113.428 0.883018
686500 -16110.2 -19981 299.735 48.0756 0.880988
686600 -16090.5 -19934.1 297.633 211.159 0.878121
686700 -16049.7 -19865 295.446 -231.247 0.873778
686800 -15961.1 -19835.8 300.042 -371.102 0.871438
686900 -15946.2 -19835.2 301.148 22.7396 0.872335
687000 -16024.1 -19886.9 299.117 -68.0072 0.873784
687100 -16104.6 -19951.3 297.869 -219.289 0.875992
687200 -16120.7 -19967.1 297.845 18.4041 0.879856
687300 -16135.6 -20022 300.945 459.49 0.883114
687400 -16221.6 -20037.8 295.515 306 0.882044
687500 -16260 -20064.7 294.62 -146.755 0.878477
687600 -16232.2 -20085.9 298.414 -32.2128 0.876331
687700 -16220.1 -20071.3 298.219 -115.489 0.87503
687800 -16208.7 -20035.4 296.329 17.7737 0.874749
687900 -16183.1 -20041.8 298.805 -93.6352 0.874767
688000 -16186.7 -20061.8 300.073 30.4628 0.875085
688100 -16283.5 -20084 294.292 -225.199 0.875721
688200 -16322.6 -20098.3 292.377 -115.268 0.878052
688300 -16271.3 -20101 296.556 138.544 0.880915
688400 -16255.2 -20107.7 298.327 238.474 0.882007
688500 -16247.6 -20094.1 297.862 120.93 0.880674
688600 -16186.9 -20025.3 297.231 -21.6757 0.878445
688700 -16099.8 -20014.6 303.141 -171.357 0.877051
688800 -16123.8 -20002.2 300.328 64.7832 0.877001
688900 -16180.9 -19997.7 295.559 27.691 0.876608
689000 -16182.9 -20024.3 297.461 42.7857 0.876051
689100 -16175.4 -20018.3 297.582 -56.1743 0.875178
689200 -16147.3 -19979.3 296.731 -150.28 0.874938
689300 -16063 -19957.4 301.561 94.4085 0.875815
689400 -16033.6 -19924.3 301.278 54.3097 0.876081
689500 -16141.2 -19965.7 296.154 96.7907 0.875539
689600 -16199.7 -19997.6 294.09 132.137 0.87385
689700 -16135.3 -19952.6 295.6 -93.7317 0.871474
689800 -16059.2 -19910.3 298.214 -93.7544 0.869647
689900 -16023.4 -19882.7 298.85 24.5245 0.868685
690000 -16009.8 -19840.4 296.628 -93.2055 0.86787
690100 -15932.3 -19833.2 302.065 -4.79671 0.867855
690200 -15878.8 -19800.6 303.685 72.911 0.867834
690300 -15950.5 -19792.8 297.537 -143.434 0.867351
690400 -16001.1 -19871.5 299.711 66.4788 0.867946
690500 -16035 -19881.3 297.84 -36.5957 0.868061
690600 -16041.9 -19879.2 297.147 -15.4866 0.868609
690700 -16047.2 -19937.6 301.256 100.553 0.869209
690800 -16106.5 -19921.6 295.428 -219.203 0.869208
690900 -16148.1 -19973.2 296.198 -141.03 0.871073
691000 -16209.9 -20018.1 294.89 -21.9293 0.874722
691100 -16242.5 -20064.3 295.945 196.954 0.878711
691200 -16211.4 -20025 295.308 69.102 0.881088
691300 -16133.1 -20043.2 302.787 85.2629 0.882861
691400 -16154.4 -20045 301.271 259.433 0.88342
691500 -16238.4 -20051.2 295.25 -13.5018 0.881618
691600 -16256.7 -20107.3 298.178 -100.229 0.879777
691700 -16240.8 -20040.8 294.258 31.9394 0.878802
691800 -16175.2 -20015.8 297.398 111.951 0.87751
691900 -16142.4 -20027.1 300.819 -102.258 0.875222
692000 -16164.6 -20012.9 297.998 -214.256 0.873703
692100 -16177.2 -20019.2 297.51 -112.426 0.87421
692200 -16172.2 -20029.1 298.662 6.49261 0.875948
692300 -16186.4 -20079.6 301.471 31.5311 0.878032
692400 -16229.7 -20080.2 298.163 238.691 0.879927
692500 -16242.3 -20091.6 298.079 89.7625 0.879903
692600 -16249.9 -20077 296.351 34.867 0.878703
692700 -16209.2 -20029.9 295.855 -60.9757 0.877075
692800 -16117.5 -19996.4 300.367 -69.7354 0.875287
692900 -16108.5 -20001.6 301.465 27.65 0.873793
693000 -16176 -20031.8 298.578 -136.143 0.871936
693100 -16219.6 -20057.4 297.18 -380.663 0.871253
693200 -16210.7 -20047.8 297.131 -93.7551 0.873972
693300 -16189.7 -20024.9 296.982 159.679 0.878331
693400 -16136.6 -20023.5 300.984 294.574 0.881655
693500 -16113.1 -20034.1 303.626 232.953 0.882389
693600 -16227.6 -20072.8 297.753 23.176 0.880901
693700 -16279.4 -20092.1 295.239 -70.5757 0.878922
693800 -16248.5 -20071.2 296.02 11.4179 0.877278
693900 -16165.3 -20008.9 297.635 -3.74091 0.875682
694000 -16128.1 -19987.1 298.83 -220.496 0.874235
694100 -16125.2 -19950.1 296.185 -86.568 0.874417
694200 -16091.4 -19958.5 299.452 171.389 0.875451
694300 -16062.4 -19961.8 301.957 149.922 0.875233
694400 -16123.8 -19994 299.692 -26.9163 0.873545
694500 -16210.5 -20013.3 294.474 -301.101 0.872309
694600 -16200.3 -20053.9 298.405 68.2611 0.873117
694700 -16181 -20055.2 300.001 -29.6695 0.874034
694800 -16236.6 -20074.1 297.164 184.907 0.874983
694900 -16316 -20133.7 295.627 -47.8843 0.874537
695000 -16342.9 -20173.2 296.605 148.346 0.873939
695100 -16334.1 -20136.6 294.452 -50.2735 0.872224
695200 -16230.2 -20104.1 299.98 -176.221 0.870732
695300 -16180 -20072.7 301.434 9.66553 0.870552
695400 -16226 -20089.4 299.161 -94.8881 0.870775
695500 -16322.3 -20167.1 297.722 11.196 0.871851
695600 -16343.8 -20144.4 294.308 -107.837 0.873195
695700 -16290.9 -20139.9 298.056 -253.268 0.876218
695800 -16251.6 -20123.8 299.852 306.547 0.881261
695900 -16264.7 -20123.5 298.81 144.134 0.884323
696000 -16371.4 -20214.6 297.599 251.4 0.885502
696100 -16436.3 -20239.9 294.536 118.069 0.884353
696200 -16406.8 -20242.6 297.027 148.558 0.881841
696300 -16327.4 -20165.2 297.185 -57.1723 0.877795
696400 -16233.7 -20056.9 296.054 -344.283 0.874556
696500 -16185.8 -20027.7 297.501 -54.6677 0.874172
696600 -16161 -20022.5 299.015 -101.27 0.874766
696700 -16167.3 -20006.2 297.27 254.878 0.875923
696800 -16194.8 -20044.6 298.11 -40.517 0.875441
696900 -16264.2 -20108.8 297.715 -135.675 0.874938
697000 -16332 -20139.5 294.839 -150.363 0.876028
697100 -16313.2 -20132 295.715 159.258 0.878056
697200 -16206.3 -20072.8 299.409 169.034 0.878818
697300 -16161.2 -20058.5 301.79 -46.6637 0.878269
697400 -16214.6 -20119.6 302.39 51.995 0.877724
697500 -16297.5 -20132.7 296.989 24.7329 0.876798
697600 -16313.2 -20140.3 296.36 -65.5962 0.875511
697700 -16275.5 -20124.6 298.06 -207.429 0.875095
697800 -16191.6 -20094.1 302.196 327.458 0.875743
697900 -16199.6 -20081.8 300.625 -83.4572 0.874166
698000 -16327.3 -20139.7 295.217 -166.871 0.872443
698100 -16344.4 -20160.5 295.508 -79.9767 0.872165
698200 -16285.7 -20130.6 297.733 13.9008 0.872679
698300 -16215.6 -20069 298.393 38.0835 0.873434
698400 -16147.6 -20025.8 300.31 141.523 0.873783
698500 -16124.9 -20012.3 301.026 21.2786 0.873034
698600 -16199.2 -20040.9 297.486 -88.6519 0.871828
698700 -16262.8 -20067.5 294.621 -125.743 0.871025
698800 -16256.9 -20086 296.504 57.5314 0.871321
698900 -16195.2 -20068.2 299.909 -72.1517 0.871589
699000 -16148.8 -20053.8 302.395 -136.32 0.872472
699100 -16231.2 -20077.5 297.839 -151.023 0.875023
699200 -16329.3 -20196.3 299.443 188.893 0.879067
699300 -16353.1 -20152.5 294.214 168.02 0.881724
699400 -16298.1 -20148.3 298.146 -91.2304 0.8831
699500 -16244.5 -20124.3 300.434 318.494 0.884794
699600 -16245.8 -20093.5 297.954 55.3306 0.8839
699700 -16315 -20118.6 294.53 -172.682 0.882367
699800 -16349.5 -20162.4 295.251 -7.10308 0.882317
699900 -16323.4 -20187.2 299.2 170.308 0.88233
700000 -16275.7 -20131.3 298.56 199.5 0.880482
700100 -16186.8 -20059.9 299.923 -104.97 0.876735
700200 -16161 -20082.5 303.663 87.5253 0.873331
700300 -16229.2 -20023.3 293.795 -180.908 0.869689
700400 -16219.7 -20050.5 296.647 -164.843 0.86756
700500 -16199.4 -20065.5 299.376 -296.66 0.867347
700600 -16232.5 -20117.8 300.865 -173.165 0.869741
700700 -16315.9 -20114.9 294.174 2.65386 0.873902
700800 -16316.3 -20152.3 297.046 45.6327 0.878182
700900 -16292 -20109.3 295.592 77.2194 0.881688
701000 -16251 -20068.9 295.643 101.15 0.884129
701100 -16236.6 -20120.1 300.725 118.867 0.885315
701200 -16260.2 -20068.3 294.883 2.52621 0.885317
701300 -16225.2 -20100.8 300.109 157.7 0.885119
701400 -16163.8 -20051.1 301.019 193.944 0.883446
701500 -16110 -19982 299.836 -83.2782 0.880466
701600 -16082.9 -19981.3 301.88 72.3356 0.878215
701700 -16162.4 -19980.1 295.625 -82.2391 0.876036
701800 -16230.3 -20082.3 298.279 -326.435 0.874977
701900 -16310.6 -20106.1 293.906 -27.6777 0.87647
702000 -16406.2 -20150.9 289.976 90.4218 0.878332
702100 -16419.8 -20175.8 290.856 -47.7757 0.879358
702200 -16295.3 -20113.6 295.671 0.54988 0.880555
702300 -16227.2 -20063.6 297.073 212.185 0.881369
702400 -16170.6 -20069.9 301.947 140.19 0.880193
702500 -16189.8 -20034.4 297.712 -102.437 0.87797
702600 -16269.2 -20116.6 297.928 13.5525 0.876551
702700 -16353.9 -20129.9 292.395 45.3626 0.87532
702800 -16323.7 -20132.4 294.933 -98.4575 0.874027
702900 -16279.9 -20099.2 295.745 -45.0934 0.873546
703000 -16228.8 -20077 297.989 30.5844 0.873585
703100 -16182.8 -20058.4 300.113 117.009 0.873179
703200 -16178.4 -20030.7 298.308 -138.867 0.872285
703300 -16238.2 -20061.7 296.075 15.3132 0.872317
703400 -16295.4 -20109.8 295.37 26.7025 0.87223
703500 -16292.2 -20101.1 294.948 -148.509 0.872228
703600 -16190.3 -20041.2 298.199 6.04364 0.873319
703700 -16142.8 -20024.5 300.588 48.2326 0.874395
703800 -16165.2 -20022.2 298.669 158.335 0.874803
703900 -16237.9 -20121 300.694 -36.4533 0.874005
704000 -16323.5 -20119.1 293.923 -102.629 0.873325
704100 -16295.9 -20120.8 296.185 -66.4853 0.873893
704200 -16243.8 -20119.6 300.134 225.191 0.874799
704300 -16236.8 -20075.1 297.222 -138.923 0.873915
704400 -16216.2 -20038 295.95 -218.388 0.874489
704500 -16125.9 -20027.3 302.114 186.07 0.877093
704600 -16126.4 -20023.4 301.767 -20.6373 0.878514
704700 -16213.2 -20035.1 295.958 -11.9227 0.879904
704800 -16254.3 -20107.4 298.366 -91.7759 0.882044
704900 -16264 -20111.8 297.954 202.392 0.885404
705000 -16275.6 -20122.1 297.857 340.906 0.887746
705100 -16284.8 -20140.9 298.605 128.049 0.887068
705200 -16292.8 -20115.7 296.029 61.8511 0.884647
705300 -16254.4 -20083.5 296.509 30.1014 0.880886
705400 -16186.2 -20038.5 298.308 -71.7035 0.876156
705500 -16146.7 -19965.4 295.704 -283.55 0.871887
705600 -16126.1 -19993.3 299.464 -141.484 0.869923
705700 -16129.8 -19973.8 297.66 -119.6 0.869577
705800 -16128.8 -19994.3 299.335 -129.224 0.870239
705900 -16181.7 -20014.4 296.787 -274.186 0.872581
706000 -16264.5 -20081.4 295.57 124.365 0.877473
706100 -16301.7 -20152.7 298.206 98.744 0.88156
706200 -16358.6 -20169 295.062 176.272 0.884278
706300 -16441.6 -20243.8 294.422 141.964 0.885337
706400 -16476.1 -20231.1 290.773 -122.166 0.885163
706500 -16359.9 -20203.1 297.596 54.7723 0.885648
706600 -16314.3 -20162 297.948 191.93 0.885729
706700 -16298.9 -20144 297.744 2.89356 0.884337
706800 -16275 -20151.4 300.179 200.401 0.882409
706900 -16265.6 -20118.6 298.361 67.5409 0.878879
707000 -16270.2 -20106 297.033 -33.3126 0.874834
707100 -16266.4 -20085.9 295.766 -179.379 0.871429
707200 -16181.4 -20021 297.325 -298.991 0.870042
707300 -16115.8 -19975.9 298.914 15.7104 0.871257
707400 -16112.8 -19994.2 300.559 128.965 0.872568
707500 -16186.5 -20041.7 298.531 87.3435 0.872557
707600 -16279.8 -20098.4 295.697 -187.978 0.871903
707700 -16278.6 -20121.4 297.576 -110.339 0.872745
707800 -16270.7 -20141.6 299.749 118.489 0.8744
707900 -16300.5 -20105 294.609 68.4983 0.875008
708000 -16313.1 -20133.2 295.809 76.2106 0.874736
708100 -16262 -20110.7 298.027 -31.8079 0.873919
708200 -16197.4 -20082.3 300.828 -49.5735 0.873311
708300 -16192.6 -20013.1 295.846 -16.1497 0.873283
708400 -16154.1 -20030.5 300.174 5.882 0.873603
708500 -16079.5 -19964.9 300.874 -22.3987 0.873867
708600 -16054.1 -19940.2 300.922 75.3598 0.874113
708700 -16125.5 -19977.8 298.304 -44.5348 0.873796
708800 -16235.2 -20072.4 297.141 -74.3369 0.873802
708900 -16262.6 -20086.8 296.128 -158.998 0.874652
709000 -16235.7 -20081.3 297.792 210.628 0.876525
709100 -16199.5 -20071.7 299.848 127.378 0.876904
709200 -16170.2 -20052.7 300.646 -21.2741 0.875856
709300 -16177.6 -20084.3 302.518 15.6571 0.874904
709400 -16256.6 -20040.8 293.034 -179.27 0.874294
709500 -16218.3 -20063.9 297.792 -165.224 0.875415
709600 -16168.5 -20053.5 300.84 161.325 0.877437
709700 -16199.6 -20045.2 297.792 -191.314 0.878194
709800 -16315.9 -20082.7 291.681 103.336 0.879976
709900 -16308 -20124.6 295.545 230.457 0.880912
710000 -16260.7 -20129 299.545 149.699 0.879615
710100 -16237 -20099.2 299.077 -133.346 0.877319
710200 -16168.7 -20049.4 300.507 32.7144 0.876208
710300 -16081 -19959.8 300.355 -21.3142 0.875211
710400 -16063.6 -19966.1 302.199 21.9864 0.874379
710500 -16157.4 -20014.4 298.673 -140.411 0.873875
710600 -16209.3 -20022.1 295.252 -105.242 0.874647
710700 -16186.1 -20037.2 298.212 -36.0912 0.876423
710800 -16156.1 -20028.4 299.853 26.5431 0.878226
710900 -16121.4 -19982.6 299.003 319.284 0.879383
711000 -16077.5 -19981.9 302.341 -72.5643 0.878198
711100 -16103.5 -19946.2 297.563 -176.515 0.877355
711200 -16170.9 -20026.9 298.595 -88.2864 0.878195
711300 -16256.5 -20081.3 296.178 36.5417 0.879857
711400 -16295.2 -20082.1 293.24 223.288 0.881057
711500 -16245.6 -20069.4 296.102 -192.211 0.880811
711600 -16224.3 -20087.2 299.128 99.6406 0.881542
711700 -16241.9 -20069.5 296.392 183.948 0.881567
711800 -16221.5 -20050.3 296.485 -291.917 0.880496
711900 -16121 -19980.6 298.876 61.4254 0.88124
712000 -16094.2 -20005.9 302.908 248.651 0.881718
712100 -16157.9 -20058.8 302.073 -25.6343 0.880059
712200 -16234.4 -20088.1 298.409 -26.9848 0.877972
712300 -16268.9 -20112.5 297.63 -91.0439 0.876601
712400 -16266.9 -20079 295.197 19.736 0.875936
712500 -16177.7 -20043.4 299.343 40.0449 0.87513
712600 -16094.2 -19992.9 301.898 66.2978 0.873951
712700 -16123.4 -20016.4 301.454 -170.659 0.872263
712800 -16170.5 -20008.3 297.188 -153.137 0.871892
712900 -16204 -20088.6 300.812 -66.1256 0.873162
713000 -16280.6 -20089.8 294.964 -12.5393 0.875155
713100 -16289.8 -20118.4 296.47 48.2904 0.877287
713200 -16266.5 -20075.2 294.931 -17.0708 0.879284
713300 -16239 -20116.9 300.286 75.9937 0.881662
713400 -16264.3 -20112.8 298.013 -61.1323 0.883467
713500 -16315.2 -20118.6 294.518 162.59 0.885549
713600 -16301.8 -20152.7 298.198 352.565 0.886268
713700 -16233.3 -20119.7 300.95 32.4198 0.883917
713800 -16193 -20072.8 300.437 -68.8449 0.880866
713900 -16196.1 -20063.7 299.496 53.54 0.877888
714000 -16264.2 -20081.3 295.586 -0.987714 0.874541
714100 -16324 -20166.3 297.538 -262.203 0.871156
714200 -16382.2 -20178.3 293.954 -227.022 0.869832
714300 -16402.2 -20198.3 293.96 -81.6751 0.871041
714400 -16304.6 -20150.9 297.845 -58.4054 0.873297
714500 -16227.6 -20112.3 300.823 57.7225 0.876304
714600 -16242.3 -20120.3 300.299 172.491 0.878834
714700 -16321.6 -20149.5 296.413 18.7577 0.880227
714800 -16364.9 -20181.4 295.528 105.134 0.881572
714900 -16352.4 -20181.9 296.543 177.613 0.881981
715000 -16325.3 -20149.7 296.149 22.2685 0.880439
715100 -16273.1 -20084.3 295.122 -200.542 0.878258
715200 -16195.8 -20069.1 299.935 -19.2235 0.877373
715300 -16180.7 -20058.3 300.265 -189.55 0.877035
715400 -16227.7 -20085.9 298.761 -64.4539 0.878379
715500 -16271.8 -20080.7 294.941 100.406 0.880889
715600 -16267 -20136.7 299.653 295.031 0.882746
715700 -16288.9 -20120.3 296.686 69.4777 0.882055
715800 -16274.4 -20090.8 295.525 114.237 0.880308
715900 -16189.4 -20057.7 299.546 47.2022 0.877188
716000 -16148.8 -20033.7 300.828 -166.982 0.873192
716100 -16167.7 -19992.8 296.199 -511.945 0.871104
716200 -16159.1 -20022.3 299.148 -27.1168 0.873146
716300 -16134.9 -19993.3 298.775 80.6909 0.876131
716400 -16116.2 -20003.6 301.025 316.386 0.878071
716500 -16165.9 -20046.8 300.517 -129.77 0.877655
716600 -16257.4 -20089.1 296.71 -148.519 0.878229
716700 -16289.1 -20123.5 296.921 -36.1621 0.880077
716800 -16297.2 -20175.4 300.315 2.3802 0.882374
716900 -16384.3 -20186 294.386 -66.2851 0.884985
717000 -16419 -20215.1 293.952 83.1223 0.888244
717100 -16357.5 -20205.1 297.946 350.416 0.890542
717200 -16303.7 -20164.4 298.955 25.3922 0.890119
717300 -16286.9 -20141.9 298.519 77.0532 0.888961
717400 -16282.8 -20128 297.752 99.1723 0.886845
717500 -16287.3 -20138.3 298.204 72.2575 0.883851
717600 -16284.2 -20087.5 294.512 -118.257 0.880257
717700 -16193.9 -20058.6 299.267 -306.98 0.877733
717800 -16144.2 -20037.7 301.501 -44.9276 0.877879
717900 -16181.8 -20039.5 298.724 28.9117 0.878837
718000 -16221.8 -20073 298.223 -154.183 0.879607
718100 -16248.7 -20080.2 296.699 20.4382 0.88171
718200 -16240.6 -20082.1 297.474 277.535 0.883736
718300 -16236.6 -20106.4 299.662 236.675 0.883123
718400 -16272.2 -20113.2 297.434 -77.6445 0.880255
718500 -16328.1 -20134.6 294.762 -88.3569 0.877738
718600 -16341.9 -20133.4 293.603 -6.03877 0.876027
718700 -16260.7 -20089.8 296.51 -42.5493 0.874786
718800 -16169.9 -20034.4 299.256 -133.844 0.874169
718900 -16156.3 -20042 300.895 -59.5959 0.874676
719000 -16224.3 -20086.4 299.069 -166.732 0.875965
719100 -16307.2 -20128.1 295.872 69.6597 0.878602
719200 -16317.9 -20137.3 295.756 72.9642 0.881071
719300 -16291.5 -20138.9 297.924 111.677 0.882558
719400 -16266.4 -20128.6 299.068 121.293 0.883008
719500 -16301.4 -20185.5 300.774 256.722 0.882233
719600 -16416.9 -20189 292.096 -81.3602 0.879201
719700 -16373.6 -20149.4 292.387 -122.949 0.876172
719800 -16288.1 -20114.3 296.284 -130.964 0.874433
719900 -16213.3 -20062.4 298.066 -6.82686 0.874013
720000 -16180.6 -20056.6 300.144 -99.0496 0.873881
720100 -16205.1 -20045.5 297.389 -7.83593 0.874478
720200 -16256.9 -20077.1 295.826 43.929 0.875403
720300 -16349.9 -20140 293.495 212.004 0.875797
720400 -16356 -20165.1 294.957 38.5264 0.874422
720500 -16261.1 -20080 295.725 -207.119 0.872458
720600 -16201.3 -20077.2 300.131 -124.811 0.872051
720700 -16216.2 -20069.8 298.407 -14.1262 0.87281
720800 -16244.6 -20067.1 295.997 -51.1367 0.874203
720900 -16243.7 -20098.5 298.505 195.988 0.876026
721000 -16209.3 -20056.5 297.915 123.434 0.876231
721100 -16158.2 -20047.2 301.143 -44.2442 0.875273
721200 -16156.5 -20001.4 297.732 -243.552 0.874927
721300 -16176.2 -20044.2 299.519 21.8735 0.876443
721400 -16256.1 -20086.5 296.608 147.097 0.878234
721500 -16313.8 -20134 295.824 66.9253 0.879139
721600 -16285.9 -20095.7 295.018 236.592 0.878921
721700 -16180.5 -20043.5 299.133 -28.3361 0.876518
721800 -16162.8 -20054.8 301.383 -274.361 0.874294
721900 -16211.8 -20066.4 298.485 -52.2359 0.874348
722000 -16275.4 -20145.5 299.679 207.916 0.874732
722100 -16345.6 -20146 294.293 -16.854 0.87355
722200 -16329.9 -20127.8 294.097 -251.52 0.872379
722300 -16278.3 -20119.4 297.441 -109.537 0.873263
722400 -16230.1 -20040.8 295.086 108.708 0.875507
722500 -16156.1 -20033 300.207 16.4119 0.8773
722600 -16146 -20054.7 302.674 47.1181 0.878802
722700 -16196.9 -20030.1 296.827 17.1684 0.880084
722800 -16185.6 -20023.2 297.17 98.5377 0.881063
722900 -16171.2 -20069.3 301.856 -13.1909 0.881161
723000 -16247.1 -20067.6 295.844 -31.6004 0.881275
723100 -16291.6 -20105.9 295.364 106.378 0.881713
723200 -16275.1 -20130.3 298.531 -63.4583 0.881619
723300 -16266.3 -20110.4 297.677 15.0577 0.881589
723400 -16256.7 -20087.4 296.635 48.1457 0.881521
723500 -16217.3 -20072.2 298.508 85.5573 0.881015
723600 -16189.9 -20084.4 301.579 -13.0302 0.879708
723700 -16240.9 -20050.4 294.993 -8.65581 0.878235
723800 -16303.7 -20119 295.445 -163.152 0.876836
723900 -16308.9 -20127.2 295.679 -200.078 0.876799
724000 -16220.9 -20069.3 298.008 188.135 0.878426
724100 -16156.4 -20063.7 302.56 51.2341 0.878971
724200 -16203.7 -20043.6 297.346 -0.752281 0.878576
724300 -16263.3 -20102.1 297.26 -182.656 0.878618
724400 -16353.1 -20198.5 297.772 23.6653 0.880353
724500 -16453.3 -20252 294.156 -38.5183 0.882002
724600 -16431.3 -20237.3 294.717 -27.9376 0.884159
724700 -16370.5 -20209.6 297.289 247.974 0.886698
724800 -16318.7 -20177.9 298.844 156.957 0.887184
724900 -16260 -20093 296.816 105.652 0.886114
725000 -16142.8 -20023.1 300.479 153.695 0.883703
725100 -16122.4 -19990.3 299.518 105.664 0.879595
725200 -16160 -20015.1 298.521 -278.617 0.874703
725300 -16197.8 -20018.1 295.833 -320.345 0.872479
725400 -16181.2 -20046.5 299.31 -6.02407 0.873271
725500 -16173.6 -20058.8 300.86 -148.029 0.874672
725600 -16224.3 -20029 294.621 2.10236 0.877151
725700 -16238 -20099.4 299.008 107.591 0.879798
725800 -16264.3 -20109 297.72 202.009 0.881048
725900 -16330.1 -20134.1 294.565 50.2318 0.880576
726000 -16351 -20158.2 294.815 -159.311 0.879803
726100 -16275.9 -20129.4 298.403 74.3384 0.879926
726200 -16203.7 -20099.5 301.673 11.727 0.879959
726300 -16222.7 -20059.3 297.094 -51.5806 0.879925
726400 -16198 -20029.4 296.692 13.3229 0.880036
726500 -16087 -20014.7 304.148 15.2708 0.880151
726600 -16096 -19955.9 298.895 68.5912 0.87986
726700 -16130.6 -19975.7 297.749 5.67405 0.878899
726800 -16180.2 -20037.1 298.662 14.9309 0.877908
726900 -16317.2 -20117.9 294.308 -305.137 0.877067
727000 -16327.6 -20159.5 296.723 5.74814 0.87848
727100 -16285.4 -20112.2 296.33 389.669 0.88019
727200 -16211 -20085.4 300.022 -13.9026 0.878945
727300 -16170.6 -20061.3 301.278 139.172 0.876783
727400 -16210.2 -20024.5 295.367 -3.88881 0.873477
727500 -16284.6 -20074.2 293.453 -488.781 0.870541
727600 -16244.2 -20063.9 295.782 -24.2938 0.871398
727700 -16156.1 -20057 302.067 130.873 0.873111
727800 -16163 -20052.5 301.187 -123.921 0.873973
727900 -16203.3 -20040.9 297.17 -0.437252 0.875727
728000 -16209.1 -20054.7 297.784 156.219 0.877584
728100 -16213.6 -20077.2 299.184 184.577 0.877893
728200 -16261.3 -20068.9 294.844 -120.263 0.876682
728300 -16350.2 -20167.9 295.625 -28.217 0.876146
728400 -16395.6 -20163.9 291.805 -69.3166 0.876059
728500 -16308.1 -20129.8 295.936 -51.738 0.876797
728600 -16244.8 -20119.7 300.06 199.67 0.87813
728700 -16249.9 -20069.1 295.743 227.761 0.877642
728800 -16212.7 -20064 298.227 116.27 0.874495
728900 -16143.1 -20052.1 302.694 -317.762 0.869666
729000 -16150.7 -20000.4 298.104 -277.67 0.866455
729100 -16229.4 -20017.6 293.343 -294.223 0.86598
729200 -16244 -20043.8 294.245 -179.839 0.868599
729300 -16163.9 -20062.2 301.863 192.695 0.873053
729400 -16159.5 -20053.9 301.566 435.282 0.875785
729500 -16279.2 -20091.9 295.241 -39.6168 0.874971
729600 -16304.7 -20102.6 294.093 37.8443 0.873708
729700 -16253.1 -20063.5 295.063 -155.42 0.872617
729800 -16158.3 -19986.6 296.446 -167.648 0.872867
729900 -16118.6 -20004.3 300.896 158.219 0.874153
730000 -16159.9 -19998.1 297.215 92.2634 0.874566
730100 -16213.5 -20066 298.322 127.083 0.873937
730200 -16304.8 -20112.3 294.842 -98.8648 0.872344
730300 -16368.9 -20134.1 291.559 -283.719 0.87162
730400 -16279.2 -20076.5 294.046 -143.94 0.87342
730500 -16181.8 -20068.7 300.99 108.038 0.876921
730600 -16188.6 -20039.3 298.179 68.5486 0.879746
730700 -16207.2 -20030.9 296.092 101.145 0.881803
730800 -16174.8 -20030 298.533 -35.1723 0.883082
730900 -16126.5 -20017 301.265 234.645 0.884212
731000 -16154.4 -20035.8 300.564 342.869 0.88319
731100 -16265.1 -20078.9 295.327 -83.8915 0.879151
731200 -16269.1 -20057.4 293.354 -48.7395 0.875215
731300 -16193.9 -20030.8 297.118 26.3972 0.872043
731400 -16143.8 -19998.8 298.523 17.2273 0.868817
731500 -16131.7 -19985.3 298.405 -51.0296 0.86562
731600 -16136.6 -19962.3 296.246 -54.0184 0.863075
731700 -16064.6 -19933 299.551 -54.8474 0.86146
731800 -15977.8 -19889.7 302.921 -216.951 0.860824
731900 -16021.3 -19879.4 298.758 -119.573 0.862111
732000 -16087.4 -19925.2 297.18 -28.8008 0.864502
732100 -16126.3 -19974.8 298.014 -54.5928 0.866953
732200 -16212.5 -20010 294.057 216.155 0.868965
732300 -16311.3 -20074.5 291.408 -11.9217 0.869084
732400 -16255.1 -20036.9 292.851 -22.0338 0.869098
732500 -16167.1 -19996.9 296.562 92.0335 0.869436
732600 -16120.9 -19962.3 297.464 53.4953 0.868778
732700 -16083.3 -19978 301.588 -301.16 0.868229
732800 -16121.1 -19973.7 298.334 24.3712 0.869753
732900 -16223 -20022.1 294.183 32.3821 0.871165
733000 -16244 -20079.9 297.036 97.9606 0.872079
733100 -16227.9 -20074.6 297.874 -54.8577 0.872212
733200 -16146.8 -20031.7 300.834 229.141 0.872471
733300 -16055.3 -19946.2 301.294 2.92364 0.871198
733400 -16061.9 -19960.2 301.875 -235.718 0.869917
733500 -16159 -19985.9 296.345 -136.157 0.87077
733600 -16183.5 -20006 296.004 -28.7296 0.872798
733700 -16159.2 -20022.5 299.153 -264.066 0.875555
733800 -16142.1 -20006.2 299.224 328.01 0.879638
733900 -16136 -19992.9 298.665 292.457 0.880808
734000 -16170.8 -20043.6 299.898 5.91383 0.879298
734100 -16250.7 -20083.2 296.772 -156.899 0.877931
734200 -16301.9 -20111.9 295.035 -59.2519 0.877968
734300 -16270.3 -20111.2 297.424 59.3324 0.878336
734400 -16170.3 -20046 300.124 54.7397 0.87849
734500 -16099.4 -19933.3 296.882 129.701 0.877853
734600 -16066.2 -19940.7 300.028 -61.4191 0.876133
734700 -16096.3 -19981.9 300.886 137.217 0.874716
734800 -16164.2 -20000 297.036 -165.66 0.872413
734900 -16190.9 -20017.3 296.307 -321.504 0.87154
735000 -16155.5 -20004 298.016 18.1075 0.873545
735100 -16045.9 -19962 303.248 164.676 0.875662
735200 -16032.1 -19906.9 300.052 135.696 0.876051
735300 -16102.1 -19953.2 298.215 -104.053 0.875564
735400 -16195.7 -20038.3 297.554 17.054 0.875843
735500 -16224.4 -20078.1 298.414 223.68 0.87574
735600 -16242.6 -20108.5 299.364 68.4912 0.873612
735700 -16297.4 -20129.7 296.757 98.3768 0.87059
735800 -16335.3 -20112.9 292.521 -179.471 0.867049
735900 -16218.9 -20030.5 295.156 -52.5398 0.864771
736000 -16153 -20055.2 302.17 -99.5961 0.863475
736100 -16194.8 -20023.3 296.462 -256.939 0.863117
736200 -16223.5 -20033.3 295.017 -211.101 0.865241
736300 -16170.2 -20015.2 297.746 13.7348 0.869282
736400 -16090.4 -19985.5 301.622 122.634 0.873138
736500 -16096.7 -19971.8 300.071 100.355 0.875641
736600 -16183.1 -19988.4 294.665 65.4663 0.877024
736700 -16286.8 -20088.9 294.422 88.3866 0.877766
736800 -16349.9 -20154.1 294.582 75.2146 0.877525
736900 -16440 -20189.5 290.347 -3.06688 0.876682
737000 -16390.4 -20160.7 291.956 167.489 0.875562
737100 -16272.7 -20086.2 295.303 -160.392 0.873478
737200 -16186 -20025 297.272 -154.631 0.872542
737300 -16123 -20001.3 300.316 75.0484 0.87301
737400 -16139.7 -20028.1 301.101 56.0003 0.873173
737500 -16235 -20065.8 296.643 -131.144 0.872653
737600 -16257.8 -20048.2 293.511 -213.223 0.873618
737700 -16219.1 -20065.4 297.842 121.323 0.876198
737800 -16197.7 -20051 298.382 -65.8705 0.878233
737900 -16185 -20059.6 300.034 209.383 0.880352
738000 -16229.1 -20049.5 295.835 299.596 0.880263
738100 -16286.8 -20074.6 293.316 103.646 0.877603
738200 -16238.4 -20041.8 294.524 -222.518 0.874247
738300 -16123.8 -19955.3 296.699 -200.024 0.87305
738400 -16099 -19976.2 300.236 107.357 0.873505
738500 -16139.5 -20003 299.171 21.9454 0.873393
738600 -16226.7 -20058.6 296.724 40.9695 0.872889
738700 -16241.5 -19995.1 290.659 -293.435 0.872446
738800 -16168.5 -20002.6 296.897 56.4269 0.874074
738900 -16140 -19987.1 297.899 39.312 0.875459
739000 -16110.6 -19965.1 298.477 21.0298 0.876215
739100 -16057.8 -19934.2 300.178 87.1202 0.876522
739200 -16001.3 -19940.7 305.052 -34.003 0.876216
739300 -16089 -19986.6 301.816 111.464 0.875816
739400 -16179.2 -20014.6 296.997 -128.229 0.874907
739500 -16206.9 -20034.9 296.427 135.036 0.8748
739600 -16193.5 -20008.9 295.451 -129.007 0.874108
739700 -16099.7 -19973.1 299.937 -143.085 0.874266
739800 -16064.5 -19985.6 303.639 156.792 0.875479
739900 -16134.3 -20003.3 299.603 119.545 0.875411
740000 -16155.9 -19975.9 295.81 -154.65 0.874403
740100 -16126.7 -19988.2 299.02 -85.4263 0.874687
740200 -16113.2 -19985.1 299.825 204.843 0.87556
740300 -16165.3 -20009.1 297.647 -62.0943 0.875152
740400 -16256.6 -20070.2 295.306 46.7746 0.874848
740500 -16276.6 -20081.7 294.649 -111.48 0.874363
740600 -16192.5 -20023.9 296.693 94.5277 0.874607
740700 -16117.3 -20005.2 301.062 -11.2585 0.874474
740800 -16143.7 -19997.6 298.432 174.942 0.874005
740900 -16178.6 -19998 295.757 -34.5844 0.872293
741000 -16150.9 -19980.9 296.579 -296.142 0.870775
741100 -16043.8 -19935.2 301.337 62.5157 0.87153
741200 -16027.5 -19892.8 299.321 -33.5607 0.872358
741300 -16050.6 -19894.1 297.622 15.3577 0.873198
741400 -16105.2 -19945.1 297.347 76.3763 0.874006
741500 -16218.8 -19997.9 292.637 -33.8345 0.874414
741600 -16204.4 -19998.8 293.819 313.044 0.874483
741700 -16126.9 -19953.1 296.283 -53.9953 0.872139
741800 -16081.7 -19936.7 298.513 -63.4019 0.869661
741900 -16082.8 -19955.3 299.87 -3.34941 0.867526
742000 -16114 -19942.2 296.448 -245.892 0.865365
742100 -16135.8 -19957 295.902 -71.0031 0.865072
742200 -16147.8 -19958.5 295.089 -18.605 0.866047
742300 -16093.9 -19945.2 298.225 -53.7532 0.867494
742400 -16036.6 -19934 301.796 -5.7293 0.869631
742500 -16069.6 -19928.9 298.847 130.828 0.872256
742600 -16176.7 -20022.8 297.824 162.463 0.874039
742700 -16230.6 -20027.4 294.012 75.7968 0.874583
742800 -16202.8 -20051.2 298.005 171.581 0.874176
742900 -16178.1 -20029.6 298.243 90.7869 0.871845
743000 -16117.8 -19948.5 296.637 -272.369 0.868505
743100 -15994.7 -19867.8 299.919 66.7364 0.866703
743200 -15987 -19862.2 300.08 -87.6903 0.864475
743300 -16021.1 -19863.8 297.569 -131.144 0.862805
743400 -16068 -19873.2 294.66 93.4908 0.86227
743500 -16116.3 -19943.7 296.381 -188.488 0.861459
743600 -16165.4 -19978 295.232 -207.002 0.862175
743700 -16189 -19988.1 294.185 -11.766 0.864824
743800 -16108.8 -19952.4 297.636 163.063 0.867896
743900 -16040.1 -19914.9 300.049 281.312 0.869272
744000 -16068.5 -19960.1 301.352 -24.2113 0.868376
744100 -16146.3 -19967 295.86 -185.215 0.867547
744200 -16151.3 -19988.3 297.128 -304.896 0.868656
744300 -16152.4 -20033.1 300.507 7.8865 0.872412
744400 -16180.5 -20005.9 296.223 10.2874 0.876456
744500 -16190.3 -20045.1 298.497 184.872 0.880099
744600 -16271 -20077 294.721 391.758 0.881967
744700 -16340.3 -20132.3 293.635 101.002 0.880333
744800 -16295.2 -20091.7 293.981 -133.293 0.87768
744900 -16204 -20070.1 299.373 -251.127 0.876397
745000 -16198.6 -20061.6 299.136 -29.4725 0.877204
745100 -16217.4 -20029.4 295.188 131.429 0.878447
745200 -16161.8 -20037.8 300.142 7.74398 0.878706
745300 -16081.2 -19968.7 301.03 149.733 0.878582
745400 -16057.5 -19917.9 298.932 92.0389 0.877294
745500 -16063.8 -19927.8 299.213 92.3964 0.874809
745600 -16106.3 -19976 299.654 -300.083 0.871898
745700 -16185.1 -20004.3 295.743 -44.3595 0.871286
745800 -16217.7 -20024.5 294.782 -45.7248 0.871664
745900 -16177.6 -20056.5 300.366 8.39842 0.872499
746000 -16089.2 -19969.2 300.459 -2.70526 0.873198
746100 -16026.3 -19959.5 304.579 31.0411 0.87404
746200 -16116.9 -19983.8 299.436 -99.197 0.874555
746300 -16194.5 -20044.7 298.144 -33.5933 0.875754
746400 -16219.5 -20066.4 297.887 57.2604 0.877559
746500 -16247.7 -20090.9 297.603 -88.2949 0.879003
746600 -16294.7 -20133.7 297.281 125.643 0.880943
746700 -16374.5 -20199.9 296.224 168.082 0.88193
746800 -16432.8 -20196.8 291.471 7.18592 0.881333
746900 -16338.5 -20135.9 294.055 42.3507 0.880323
747000 -16252.1 -20047 293.859 88.0371 0.878937
747100 -16165.1 -20032.6 299.489 -61.6856 0.876511
747200 -16128 -19997.7 299.655 113.663 0.873772
747300 -16136.3 -19980.6 297.685 -97.1522 0.869542
747400 -16145.6 -19972.2 296.317 -501.121 0.865417
747500 -16102.4 -19947.1 297.718 -387.843 0.865348
747600 -16018.2 -19902.4 300.774 -127.518 0.869627
747700 -16027.2 -19944.3 303.325 228.601 0.875642
747800 -16108.1 -19937.5 296.539 249.419 0.880022
747900 -16124 -19992.4 299.554 12.838 0.882111
748000 -16157.3 -20025.9 299.566 190.967 0.88331
748100 -16241.4 -20069.1 296.407 -90.3639 0.88335
748200 -16278.6 -20079.8 294.348 89.713 0.883665
748300 -16261.5 -20132.1 299.725 77.4143 0.88338
748400 -16272 -20082.7 295.093 -28.8552 0.882443
748500 -16216 -20065.4 298.079 -48.8146 0.881555
748600 -16144.4 -20026.9 300.645 158.035 0.880698
748700 -16149.8 -20034.7 300.835 -130.242 0.879015
748800 -16185.2 -20050.9 299.349 93.4533 0.878025
748900 -16217.8 -20072 298.458 -65.6599 0.876409
749000 -16247.5 -20049.5 294.415 -201.191 0.875431
749100 -16182.9 -20025.3 297.544 -131.171 0.876328
749200 -16102.9 -19989 300.926 192.555 0.878341
749300 -16102.9 -19958.6 298.569 104.251 0.878988
749400 -16130.5 -20006.2 300.122 212.321 0.878278
749500 -16195.2 -20071.6 300.174 -6.79928 0.875882
749600 -16226.4 -20035.6 294.971 -246.221 0.872869
749700 -16180.4 -20031.9 298.244 -47.8744 0.871573
749800 -16145 -20001.9 298.666 -72.8499 0.871007
749900 -16134.6 -19979.7 297.752 -262.2 0.87164
750000 -16062.9 -19951.1 301.085 -118.052 0.874898
750100 -16014.6 -19980.8 307.131 212.876 0.879701
750200 -16129.5 -20045.8 303.262 349.46 0.883222
750300 -16231.1 -20093.2 299.064 45.8549 0.883862
750400 -16293.9 -20137.2 297.613 162.119 0.88339
750500 -16345.8 -20196.2 298.162 -33.9355 0.881693
750600 -16377.5 -20127.4 290.373 -10.8848 0.879694
750700 -16273.2 -20084 295.094 -27.2272 0.877522
750800 -16199.1 -20043.4 297.687 -86.7656 0.875617
750900 -16171.9 -20049.8 300.287 -147.412 0.874533
751000 -16196.4 -20048 298.252 -43.4674 0.874565
751100 -16266.3 -20055.3 293.402 -237.634 0.875555
751200 -16270.3 -20090.7 295.838 36.7162 0.878715
751300 -16173.2 -20090.9 303.379 382.708 0.881946
751400 -16155.4 -20045.3 301.221 135.724 0.881836
751500 -16246.2 -20048 294.396 -35.7204 0.880177
751600 -16294.3 -20133.2 297.266 -104.468 0.878952
751700 -16297 -20140.3 297.608 17.4521 0.878253
751800 -16295.3 -20145.1 298.116 128.187 0.877324
751900 -16294.3 -20140.1 297.803 -27.629 0.875365
752000 -16278.3 -20106.1 296.407 -82.071 0.873498
752100 -16198.6 -20105.1 302.502 95.9491 0.872229
752200 -16169.9 -20032.6 299.115 -69.7441 0.870184
752300 -16212.2 -20064.6 298.321 -244.992 0.868785
752400 -16315.3 -20130.6 295.441 -246.071 0.869685
752500 -16339.7 -20126.4 293.229 -81.4605 0.873054
752600 -16271.4 -20100.9 296.537 122.375 0.877226
752700 -16236.5 -20118.7 300.625 110.003 0.880198
752800 -16266.7 -20135.5 299.581 15.565 0.882131
752900 -16312.7 -20108.1 293.903 254.077 0.883503
753000 -16284 -20153.4 299.632 232.47 0.882679
753100 -16201 -20148 305.641 -77.2156 0.879746
753200 -16248.3 -20098.5 298.139 -162.729 0.877331
753300 -16339.7 -20169.2 296.544 -249.329 0.876755
753400 -16343.7 -20144.6 294.325 93.3134 0.878184
753500 -16300.7 -20140.2 297.318 18.9272 0.879399
753600 -16259.1 -20099 297.349 33.8225 0.880154
753700 -16228 -20102 299.987 46.8633 0.880627
753800 -16238.7 -20067.7 296.5 338.238 0.880267
753900 -16186.2 -20061.3 300.075 -74.6667 0.877282
754000 -16075.8 -19992.7 303.304 -96.4168 0.874326
754100 -16115 -19998.7 300.736 -412.567 0.873066
754200 -16210.2 -20057.1 297.894 -120.145 0.87538
754300 -16250.2 -20090.3 297.365 190.113 0.878723
754400 -16263.3 -20115.1 298.267 18.1578 0.880629
754500 -16300.6 -20149.4 298.035 155.391 0.88169
754600 -16402.9 -20189.5 293.218 35.5701 0.881483
754700 -16406.3 -20233 296.33 79.3222 0.881013
754800 -16348.7 -20195.4 297.875 163.268 0.879359
754900 -16270.4 -20118.2 297.962 -296.542 0.877193
755000 -16187 -20096 302.698 299.467 0.876693
755100 -16208.7 -20071.6 299.128 -113.739 0.874319
755200 -16238 -20092.5 298.476 -332.014 0.873168
755300 -16279.1 -20100.5 295.914 -20.6814 0.87487
755400 -16322.4 -20139.2 295.558 145.237 0.876911
755500 -16349.9 -20170.5 295.851 -72.5468 0.877606
755600 -16346.6 -20194.7 297.987 -129.754 0.878653
755700 -16332.4 -20200.2 299.508 73.6771 0.88053
755800 -16337.9 -20154.7 295.564 -18.3743 0.881749
755900 -16286.3 -20105.7 295.762 40.6921 0.882758
756000 -16185.6 -20051 299.321 112.456 0.883276
756100 -16166.5 -20037 299.715 251.101 0.882373
756200 -16205.8 -20090.5 300.814 -80.795 0.880039
756300 -16324.2 -20160.5 297.064 124.168 0.878118
756400 -16343.2 -20181 297.19 132.507 0.875536
756500 -16330.2 -20163.6 296.847 -216.119 0.872667
756600 -16262.5 -20057.6 293.877 -280.5 0.871882
756700 -16156.7 -20026.5 299.662 -22.0995 0.873455
756800 -16162.8 -20062 301.935 192.757 0.8751
756900 -16252.3 -20110.2 298.736 64.2926 0.875001
757000 -16306.9 -20121.6 295.393 42.2372 0.874078
757100 -16285.2 -20118.8 296.858 -111.585 0.873163
757200 -16217.6 -20070.4 298.343 -56.2556 0.87338
757300 -16113.2 -20030.9 303.374 300.359 0.873648
757400 -16092 -19964.6 299.881 -107.546 0.871831
757500 -16216.9 -20046.7 296.569 -236.455 0.870826
757600 -16282.1 -20100.7 295.694 -47.1316 0.871835
757700 -16278.7 -20118.9 297.37 168.725 0.873256
757800 -16240.9 -20076.3 296.996 157.439 0.873228
757900 -16150.9 -20042.6 301.36 -57.5798 0.871723
758000 -16122.9 -20010.3 301.026 -147.853 0.870543
758100 -16207.6 -20062.5 298.508 -315.778 0.871269
758200 -16293.9 -20117.9 296.117 76.8824 0.874639
758300 -16290 -20153.5 299.174 -2.55422 0.877547
758400 -16290.5 -20101.8 295.129 68.587 0.880245
758500 -16215 -20066.1 298.215 306.475 0.882084
758600 -16144 -20041.5 301.811 268.522 0.8811
758700 -16165.2 -20009.7 297.699 -150.934 0.878068
758800 -16178.4 -20038.3 298.896 57.4664 0.87586
758900 -16246.6 -20071 296.147 -95.5817 0.873893
759000 -16364.7 -20150.7 293.169 127.624 0.872364
759100 -16330.6 -20140.3 295.008 -305.589 0.870444
759200 -16245.7 -20081.3 297.015 53.1183 0.870631
759300 -16204.1 -20082.9 300.363 -12.5453 0.871091
759400 -16202 -20041.3 297.302 -82.181 0.871423
759500 -16168.5 -20019.3 298.187 -38.8778 0.87214
759600 -16071.3 -19976.8 302.425 -18.2267 0.873442
759700 -16049 -19961.2 302.947 288.947 0.874641
759800 -16140 -19961.8 295.942 -69.9727 0.87377
759900 -16154 -19973.4 295.761 -56.4972 0.873105
760000 -16117.2 -19956.6 297.306 -44.2353 0.873255
760100 -16065.1 -19959.8 301.59 123.047 0.87363
760200 -16107.6 -19982.6 300.069 238.866 0.872452
760300 -16232.7 -20040 294.828 -236.618 0.86974
760400 -16216.3 -20011.9 293.916 -72.3336 0.868772
760500 -16125.7 -19980.7 298.518 -78.0689 0.868895
760600 -16090.9 -19975.5 300.813 -168.909 0.869788
760700 -16123.1 -19958.4 296.996 95.8233 0.871795
760800 -16185.5 -20037 298.247 232.332 0.87308
760900 -16308 -20114.7 294.775 -130.327 0.872587
761000 -16322.2 -20161.3 297.288 256.051 0.872589
761100 -16280.8 -20086.3 294.684 -67.2071 0.870811
761200 -16171.1 -20012 297.423 -505.297 0.869773
761300 -16125.1 -19976.3 298.225 90.0774 0.872823
761400 -16118.2 -19997.1 300.364 -64.5048 0.875797
761500 -16184.8 -20025.4 297.401 104.043 0.878886
761600 -16264.2 -20096.4 296.747 496.029 0.880628
761700 -16304.5 -20126.8 295.981 124.452 0.878065
761800 -16269.6 -20077.4 294.857 -149.416 0.874347
761900 -16132.1 -20021.3 301.162 105.175 0.871962
762000 -16142.6 -19988.8 297.838 -181.431 0.869614
762100 -16156.3 -19956.2 294.252 -170.426 0.868854
762200 -16087.9 -19950.7 299.116 -119 0.869801
762300 -16039.1 -19919.9 300.515 267.914 0.871326
762400 -16058.6 -19930.7 299.84 84.2595 0.8709
762500 -16181.6 -20037.1 298.554 -141.387 0.869692
762600 -16222.1 -20017.7 293.916 -256.296 0.869884
762700 -16163.4 -20035.3 299.821 104.174 0.871953
762800 -16147.7 -20010.4 299.112 281.55 0.873203
762900 -16188.4 -20036.8 298.001 -72.0464 0.872298
763000 -16284.5 -20077.3 293.694 -166.807 0.871723
763100 -16282 -20076 293.791 -123.013 0.872775
763200 -16199.9 -20060.3 298.937 207.652 0.874681
763300 -16179.7 -20025.8 297.826 47.0565 0.874881
763400 -16177.5 -20050.5 299.915 -123.531 0.874395
763500 -16234.4 -20082.3 297.968 147.303 0.874758
763600 -16321.2 -20097.2 292.396 83.1177 0.873981
763700 -16293.9 -20111.9 295.655 -504.48 0.873204
763800 -16273.7 -20156.2 300.649 -150.54 0.876524
763900 -16304.1 -20142.3 297.21 319.844 0.881025
764000 -16308.4 -20120.1 295.167 241.576 0.882468
764100 -16218.6 -20092.6 299.985 38.0169 0.881579
764200 -16154.4 -20068.5 303.086 168.875 0.880018
764300 -16194.1 -20044 298.119 103.31 0.877181
764400 -16218.7 -20085.3 299.412 38.3778 0.873813
764500 -16244.7 -20084.4 297.332 -196.85 0.870765
764600 -16242.5 -20069.8 296.374 -432.734 0.870191
764700 -16173.2 -20034.4 299.003 -153.983 0.873329
764800 -16058 -19994.7 304.843 161.286 0.877216
764900 -16096.5 -19979.1 300.656 165.692 0.879376
765000 -16163.8 -20021.2 298.701 144.878 0.879586
765100 -16215.4 -20078.4 299.134 -9.60706 0.878473
765200 -16256.2 -20073.7 295.617 -170.823 0.877558
765300 -16229.2 -20059.3 296.588 -89.169 0.878161
765400 -16102.8 -20033.3 304.361 95.447 0.879422
765500 -16131.5 -20025.6 301.551 79.092 0.87996
765600 -16217.8 -20060.4 297.557 45.8127 0.879709
765700 -16246 -20091.8 297.81 -10.227 0.878934
765800 -16257.3 -20093.2 297.037 -1.855 0.878294
765900 -16285.5 -20121 297.004 -120.23 0.878031
766000 -16324 -20096 292.086 -198.852 0.878816
766100 -16250.5 -20133.8 300.703 176.817 0.881115
766200 -16213.3 -20082.9 299.645 62.0879 0.882125
766300 -16232.1 -20095.3 299.15 297.869 0.881975
766400 -16345.5 -20170.5 296.199 23.4924 0.87955
766500 -16364 -20115.9 290.536 -53.5603 0.876387
766600 -16262.4 -20089.7 296.377 -229.358 0.874115
766700 -16192 -20055.8 299.2 -32.0529 0.873852
766800 -16175.9 -20041 299.296 191.24 0.873949
766900 -16205.6 -20055.5 298.12 71.1906 0.872125
767000 -16285.5 -20067.5 292.868 -157.688 0.869744
767100 -16288.2 -20103.5 295.446 -141.095 0.869005
767200 -16193.1 -20067.6 300.026 -187.124 0.869797
767300 -16115.9 -19962.6 297.873 -183.675 0.872427
767400 -16082.1 -19937 298.51 158.873 0.876712
767500 -16097.7 -20011.1 303.038 404.083 0.879305
767600 -16167.9 -19995.3 296.379 193.153 0.878216
767700 -16176.4 -20019.5 297.599 -195.002 0.875499
767800 -16159.7 -20010.2 298.166 77.1603 0.873858
767900 -16114.8 -19942.2 296.381 131.898 0.871881
768000 -15996.5 -19909.2 302.987 -264.045 0.869593
768100 -16012.4 -19905.3 301.457 -208.353 0.869317
768200 -16099 -19971.3 299.857 -27.6725 0.871008
768300 -16143.6 -19956.4 295.252 66.7777 0.873025
768400 -16121.4 -19982.8 299.009 47.762 0.874296
768500 -16116.3 -19978.7 299.089 -256.369 0.875385
768600 -16188.4 -20048.4 298.905 90.1189 0.877733
768700 -16278.8 -20064.1 293.123 25.7168 0.879366
768800 -16238.3 -20037.6 294.202 -55.615 0.880609
768900 -16160.2 -20045.5 300.866 -58.5474 0.882106
769000 -16179.7 -20071.8 301.387 225.043 0.883603
769100 -16247 -20069.7 296.015 220.961 0.882978
769200 -16249.7 -20055.8 294.725 -14.7013 0.880575
769300 -16201.7 -20041.2 297.312 68.1726 0.878141
769400 -16185.9 -20041.4 298.561 131.804 0.875428
769500 -16188.1 -19999.9 295.172 -167.961 0.872526
769600 -16109.1 -19960.8 298.265 -236.155 0.871422
769700 -16031.7 -19936.6 302.377 38.1013 0.872311
769800 -16052.6 -19899.5 297.89 90.408 0.872943
769900 -16096.3 -19984.6 301.093 -117.729 0.872854
770000 -16187.6 -20031.8 297.674 37.6286 0.873684
770100 -16211.3 -20039.5 296.441 2.2537 0.874334
770200 -16191.9 -20037 297.751 -170.944 0.875006
770300 -16166.8 -20022.8 298.592 49.6995 0.876964
770400 -16090.5 -19989.4 301.914 114.196 0.878629
770500 -16052.3 -19933.4 300.533 129.867 0.879335
770600 -16097.6 -19942.6 297.74 12.1063 0.878809
770700 -16190.4 -20007.1 295.548 -173.925 0.878004
770800 -16249.5 -20056.8 294.826 -138.435 0.878749
770900 -16233.9 -20087.3 298.393 139.879 0.88071
771000 -16160.5 -20062.3 302.139 111.513 0.881775
771100 -16085.1 -19978.3 301.473 119.305 0.881588
771200 -16112.5 -20015.7 302.252 180.537 0.880004
771300 -16206.7 -20000.4 293.767 -41.124 0.876866
771400 -16194.3 -20016.4 295.969 -74.5555 0.873925
771500 -16143.2 -20007.2 299.21 -153.05 0.871758
771600 -16110.3 -19945.5 296.983 -9.12396 0.871056
771700 -16015.5 -19938.3 303.763 -26.368 0.870746
771800 -15977.5 -19893.3 303.23 -294.431 0.870786
771900 -16059.8 -19933.4 299.961 -60.7935 0.873403
772000 -16118.7 -19970.6 298.278 137.527 0.876629
772100 -16151.7 -20013.4 299.031 66.0359 0.878937
772200 -16201 -20025.1 296.126 112.106 0.880463
772300 -16203.8 -19991.3 293.288 -72.4939 0.881098
772400 -16070.1 -19979.2 302.704 176.036 0.881904
772500 -16079.3 -19958.3 300.375 319.707 0.880862
772600 -16153.2 -19986 296.796 68.2664 0.877159
772700 -16194.3 -20035.9 297.474 -167.146 0.872763
772800 -16225 -20033.4 294.912 -290.199 0.870042
772900 -16228.1 -20012.5 293.055 -257.742 0.870318
773000 -16131 -19995.6 299.261 -141.762 0.873132
773100 -16071.7 -19947.7 300.14 195.527 0.876426
773200 -16092.4 -19987.4 301.611 6.61849 0.878054
773300 -16189.4 -20005.9 295.538 -198.061 0.879578
773400 -16203.6 -20022.8 295.745 168.12 0.882008
773500 -16175 -20042.6 299.486 278.173 0.88253
773600 -16163.5 -20013.1 298.095 -13.8141 0.880789
773700 -16165.8 -20034.9 299.611 27.025 0.879189
773800 -16224.8 -20053 296.439 -112.77 0.877877
773900 -16260.5 -20048.9 293.361 -139.16 0.877647
774000 -16205.1 -20047.2 297.519 -136.359 0.878931
774100 -16130 -20041 302.852 187.847 0.881235
774200 -16153.4 -20020.3 299.435 322.227 0.881348
774300 -16216.4 -20035.2 295.715 25.8789 0.87862
774400 -16262.6 -20078.2 295.471 -221.073 0.876187
774500 -16338.2 -20109 291.993 86.6634 0.875579
774600 -16312.4 -20138.6 296.286 -4.15548 0.874355
774700 -16223.4 -20043 295.775 -306.615 0.873529
774800 -16159.6 -20080.1 303.584 59.7931 0.875285
774900 -16206.1 -20022.6 295.541 71.1075 0.876641
775000 -16209.5 -20044.4 296.958 -111.988 0.877542
775100 -16141.6 -20027.5 300.908 229.138 0.878819
775200 -16036 -19950.2 303.102 244.492 0.878115
775300 -16056.7 -19927.3 299.725 -24.6187 0.87545
775400 -16099.5 -19926.4 296.338 -170.24 0.873056
775500 -16094.1 -19922 296.423 -112.508 0.872243
775600 -16061.6 -19900.2 297.245 -131.412 0.872597
775700 -16042.1 -19942.2 302.014 -11.7782 0.874212
775800 -16131.6 -19996.1 299.249 48.5433 0.875921
775900 -16207.9 -20039.5 296.703 20.4307 0.877043
776000 -16212.1 -20091.9 300.432 -81.4271 0.878199
776100 -16266.1 -20105.1 297.274 -86.6511 0.880032
776200 -16321.5 -20118.7 294.039 59.6699 0.882241
776300 -16278.2 -20129.3 298.217 90.5993 0.884272
776400 -16173.5 -20063.8 301.251 384.335 0.884921
776500 -16156.7 -20031.6 300.061 235.979 0.882057
776600 -16189.8 -20035.4 297.789 -151.714 0.877407
776700 -16209.8 -20062 298.294 -87.6353 0.874178
776800 -16212.6 -20038.3 296.246 -107.916 0.87265
776900 -16186.5 -20034.7 297.997 -33.8266 0.872199
777000 -16160.8 -20044.2 300.719 -20.2837 0.871976
777100 -16196.7 -20013 295.517 -173.66 0.872178
777200 -16249.1 -20042.5 293.743 -186.172 0.873997
777300 -16217.2 -20054.5 297.147 20.9905 0.877006
777400 -16136.3 -20045.1 302.681 169.481 0.879289
777500 -16161.3 -20027.3 299.368 201.622 0.879723
777600 -16245.3 -20074.4 296.505 21.383 0.878313
777700 -16282.1 -20103.4 295.908 -14.9333 0.87677
777800 -16265.1 -20059.9 293.855 -120.916 0.875698
777900 -16221.8 -20103.7 300.602 -9.06055 0.875627
778000 -16225.6 -20079.1 298.4 106.289 0.875783
778100 -16279.2 -20130 298.193 -70.8301 0.875351
778200 -16344.9 -20140.2 293.899 -46.9411 0.875292
778300 -16313.3 -20159 297.792 -46.6187 0.875857
778400 -16193.4 -20069.2 300.13 -29.1049 0.876868
778500 -16135 -20054 303.471 154.96 0.877813
778600 -16194.9 -20043.5 298.025 100.961 0.877283
778700 -16230.3 -20045.4 295.427 -6.18992 0.875919
778800 -16190.4 -20051.9 299.024 127.81 0.87442
778900 -16157.9 -20065.5 302.589 -42.0207 0.871935
779000 -16269.8 -20064.6 293.851 -211.086 0.869869
779100 -16296.3 -20103.4 294.806 99.9586 0.869255
779200 -16244.6 -20107.7 299.14 -172.181 0.868609
779300 -16205.3 -20084.9 300.418 -41.2018 0.869248
779400 -16181.8 -20062 300.469 -49.3599 0.870381
779500 -16209.6 -20097.1 301.033 2.51367 0.87207
779600 -16304.7 -20127.3 296.009 13.4372 0.874008
779700 -16328.8 -20151.8 296.043 177.677 0.87558
779800 -16277.2 -20131.3 298.448 70.351 0.875493
779900 -16198.8 -20111.1 302.959 5.01568 0.874495
780000 -16235.7 -20075.2 297.316 -31.5103 0.873457
780100 -16346.4 -20132.1 293.151 -193.156 0.872919
780200 -16330.6 -20144.4 295.324 -1.22198 0.873901
780300 -16263 -20109.1 297.832 -147.065 0.875632
780400 -16222.4 -20082.6 298.913 39.8581 0.878766
780500 -16221.3 -20094 299.893 351.769 0.881587
780600 -16243.5 -20084.5 297.439 215.453 0.881386
780700 -16249.3 -20078.1 296.484 147.569 0.878626
780800 -16176.5 -20053 300.179 -321.542 0.874618
780900 -16083.3 -19996.9 303.051 -85.6135 0.872761
781000 -16122.3 -20033.6 302.879 118.352 0.87193
781100 -16188.5 -20047.2 298.802 142.258 0.87002
781200 -16218.9 -20062 297.589 -173.827 0.866663
781300 -16232.6 -20090.3 298.733 -189.919 0.864476
781400 -16271.9 -20088.9 295.57 105.212 0.86364
781500 -16324.3 -20112.2 293.318 -167.05 0.862334
781600 -16291 -20096.8 294.714 -1.43589 0.862092
781700 -16179.9 -20018.5 297.251 -216.942 0.862245
781800 -16122.5 -19970.9 298.004 -325.966 0.8647
781900 -16109.4 -20017.3 302.613 250.419 0.870818
782000 -16203.7 -20074.8 299.767 314.404 0.876092
782100 -16271.6 -20130.9 298.849 405.281 0.878345
782200 -16310.1 -20159.9 298.116 152.349 0.87716
782300 -16340.5 -20147 294.761 -164.661 0.874245
782400 -16290 -20146.5 298.63 -248.613 0.872349
782500 -16185.1 -20060.6 300.1 77.8733 0.872395
782600 -16152.8 -19988 296.988 155.014 0.872027
782700 -16147.8 -20033.7 300.908 5.72378 0.870465
782800 -16242.7 -20043.4 294.311 -167.228 0.868634
782900 -16309.3 -20087 292.533 -80.8916 0.868091
783000 -16273.4 -20094.6 295.9 -114.666 0.868718
783100 -16228.2 -20081.4 298.377 -9.06571 0.870423
783200 -16214 -20092.3 300.318 0.131799 0.872618
783300 -16264.2 -20101.2 297.116 197.396 0.87484
783400 -16389.7 -20184.6 293.863 165.074 0.875353
783500 -16394.4 -20169.7 292.34 -53.7603 0.874009
783600 -16322.5 -20155.6 296.816 -135.183 0.873169
783700 -16267.3 -20103.2 297.035 -14.5197 0.873708
783800 -16207.3 -20058.6 298.228 194.338 0.874144
783900 -16165.9 -20025.8 298.901 52.4839 0.872989
784000 -16157.9 -20023.9 299.371 51.1921 0.87094
784100 -16241.7 -20093.5 298.27 -228.722 0.868355
784200 -16353.1 -20157.6 294.609 43.6518 0.867181
784300 -16338.6 -20138.1 294.221 -216.158 0.866301
784400 -16248.5 -20117.9 299.631 -211.354 0.867227
784500 -16222.6 -20127 302.342 8.29371 0.870139
784600 -16302.1 -20153.2 298.213 94.9046 0.873466
784700 -16354.6 -20176.5 295.957 70.4327 0.876375
784800 -16334.1 -20163.8 296.559 183.581 0.878393
784900 -16283.5 -20105.1 295.929 113.229 0.878909
785000 -16218.8 -20076.1 298.694 96.7342 0.878069
785100 -16198.3 -20048.5 298.147 -25.7725 0.876323
785200 -16209.3 -20086.9 300.271 -64.1571 0.874807
785300 -16249.9 -20083.6 296.866 -151.635 0.873943
785400 -16269.6 -20107.1 297.162 -231.856 0.874675
785500 -16294.7 -20117 295.986 -50.3737 0.87764
785600 -16301.6 -20120.4 295.719 236.938 0.8808
785700 -16245.4 -20101.2 298.582 297.643 0.881953
785800 -16184 -20037.5 298.399 160.214 0.880274
785900 -16117.7 -20003.8 300.93 -280.033 0.877197
786000 -16101 -20004.4 302.266 148.909 0.876144
786100 -16219.8 -20027.2 294.836 -115.921 0.874649
786200 -16238.8 -20057.1 295.678 17.537 0.873647
786300 -16187.3 -20042.9 298.565 67.3322 0.872579
786400 -16123.7 -19964.8 297.44 -82.7944 0.870848
786500 -16026.5 -19922.4 301.687 2.98082 0.869807
786600 -16010.3 -19868.3 298.753 0.26177 0.86898
786700 -16017.4 -19863.6 297.83 -255.859 0.868301
786800 -16020.9 -19894.9 299.993 -47.9874 0.869705
786900 -16079.9 -19942.1 299.074 183.87 0.871869
787000 -16191.1 -20049.3 298.764 255.363 0.872295
787100 -16229.4 -20069 297.321 -278.555 0.870695
787200 -16229.7 -20065 296.988 -70.0557 0.870979
787300 -16200.7 -20090.6 301.224 -36.8697 0.872497
787400 -16209.6 -20054.8 297.759 196.707 0.873953
787500 -16265.3 -20076.6 295.138 31.0775 0.873942
787600 -16294.5 -20114.5 295.812 -5.57598 0.873561
787700 -16262.3 -20080.8 295.69 -200.941 0.873514
787800 -16153.6 -20019.8 299.381 -60.0207 0.875115
787900 -16126.2 -20017.1 301.295 237.299 0.877447
788000 -16188.6 -20069.8 300.546 193.534 0.877954
788100 -16260.4 -20079.6 295.742 227.2 0.876253
788200 -16249.9 -20048.5 294.149 -100.072 0.872249
788300 -16195.7 -20100.7 302.388 -296.485 0.86868
788400 -16209.9 -20020.2 295.05 -87.3563 0.867555
788500 -16178.1 -20012 296.88 -81.3349 0.867517
788600 -16042.8 -19928.8 300.913 -159.46 0.868338
788700 -16017.5 -19933.2 303.216 -41.4795 0.870901
788800 -16110.9 -20006.8 301.686 439.78 0.873803
788900 -16205.9 -20060.7 298.503 314.506 0.87309
789000 -16262.3 -20099.1 297.111 -230.25 0.869316
789100 -16261 -20038.1 292.48 -192.673 0.866956
789200 -16152.5 -19993.4 297.428 -104.998 0.866807
789300 -16101.1 -19951.1 298.136 -53.4586 0.867332
789400 -16079 -19952.2 299.925 -52.1808 0.868543
789500 -16117.9 -20012.3 301.569 -12.877 0.870535
789600 -16212.9 -20015.3 294.448 -32.3245 0.873128
789700 -16211.9 -20088.5 300.189 388.028 0.875754
789800 -16241.6 -20068.9 296.368 -115.558 0.875822
789900 -16266 -20075.6 294.995 142.811 0.875834
790000 -16198.9 -20075.8 300.209 31.276 0.874859
790100 -16142.8 -20028 300.851 54.7049 0.873062
790200 -16162.9 -20008.6 297.8 -252.963 0.871226
790300 -16228.5 -20051.1 296.005 137.404 0.87094
790400 -16304.1 -20101.1 294.023 -112.378 0.869732
790500 -16320 -20099.2 292.644 -192.075 0.869151
790600 -16198.5 -20015.9 295.601 35.8068 0.870562
790700 -16122.2 -19977.2 298.522 376.716 0.871689
790800 -16103.5 -19979.3 300.121 -89.6256 0.869789
790900 -16157.2 -20027.1 299.671 -163.979 0.867893
791000 -16231.9 -20039.4 294.837 -123.207 0.867458
791100 -16225.2 -20065 297.338 -70.2882 0.868372
791200 -16213.2 -20076.2 299.139 -67.814 0.870398
791300 -16233.6 -20073.4 297.339 180.689 0.872852
791400 -16273 -20079.7 294.779 3.20465 0.874071
791500 -16251 -20101.1 298.133 247.551 0.874855
791600 -16212.3 -20060.9 298.019 252.279 0.87359
791700 -16146.9 -20029.4 300.645 -30.3572 0.869883
791800 -16101 -19975.3 300.012 170.938 0.865762
791900 -16117.2 -19958.8 297.473 -223.848 0.860982
792000 -16175 -19997 295.96 -187.358 0.85821
792100 -16207.4 -20020.1 295.237 -126.08 0.857491
792200 -16165.7 -19991.2 296.227 -367.236 0.858589
792300 -16058.6 -19905.6 297.892 -251.817 0.862946
792400 -16019.4 -19907.2 301.059 160.864 0.868779
792500 -16050.8 -19907.2 298.626 119.869 0.872764
792600 -16132.9 -19996.7 299.194 164.759 0.874739
792700 -16199.5 -20015.2 295.474 76.2527 0.874887
792800 -16195.3 -20045.9 298.176 72.5661 0.874268
792900 -16182.5 -19990.9 294.907 74.4152 0.873137
793000 -16102.8 -19999.9 301.777 30.2704 0.871311
793100 -16076.7 -19967.6 301.293 -13.7544 0.869423
793200 -16187.8 -20011.7 296.109 -69.8177 0.867988
793300 -16263.1 -20062.7 294.226 -241.246 0.867351
793400 -16216.8 -20046.3 296.54 -50.398 0.868694
793500 -16159.4 -20048.4 301.144 144.535 0.870351
793600 -16193.6 -20047.9 298.46 25.1236 0.871042
793700 -16225.9 -20068.7 297.571 40.0171 0.871435
793800 -16229.5 -20056.3 296.332 -71.4377 0.871747
793900 -16197.1 -20020.4 296.061 -62.8583 0.872587
794000 -16150 -20046.3 301.718 59.6673 0.873655
794100 -16185.3 -20059 299.967 155.538 0.874153
794200 -16228.4 -20076.3 297.971 180.969 0.873015
794300 -16229.1 -20033.5 294.599 -244.322 0.870556
794400 -16173.9 -20059.5 300.889 -245.339 0.870212
794500 -16174.8 -20047.6 299.897 22.8249 0.871966
794600 -16276.7 -20110.6 296.885 -97.7166 0.874123
794700 -16345.8 -20164.4 295.695 168.697 0.876707
794800 -16327.9 -20144.6 295.549 226.528 0.877884
794900 -16254.7 -20084.4 296.557 83.1435 0.876939
795000 -16189 -20029.3 297.374 -128.865 0.875096
795100 -16165 -20047.7 300.663 106.861 0.874189
795200 -16188.7 -20024.4 297.023 166.502 0.872561
795300 -16233.4 -20069.2 297.024 -211.775 0.869669
795400 -16322.8 -20085 291.335 -347.725 0.868627
795500 -16294.8 -20134 297.293 24.4006 0.870739
795600 -16235.8 -20136.4 302.048 114.501 0.872919
795700 -16279.2 -20144.1 299.288 -28.0525 0.873921
795800 -16405.7 -20189.5 292.998 89.9162 0.874834
795900 -16384.5 -20189.5 294.644 46.6799 0.874976
796000 -16297.3 -20126.4 296.511 -91.0276 0.874761
796100 -16239.1 -20113.3 299.999 19.5474 0.875122
796200 -16251.3 -20117.7 299.392 111.432 0.875413
796300 -16319.7 -20123.1 294.519 -99.025 0.875033
796400 -16388.6 -20167.4 292.613 -85.2796 0.875308
796500 -16387.2 -20186.6 294.212 3.98646 0.876346
796600 -16277.3 -20091.6 295.359 209.371 0.876964
796700 -16198.4 -20078.8 300.48 -179.171 0.87655
796800 -16195.3 -20055.8 298.938 148.148 0.876947
796900 -16239.7 -20065.8 296.274 -114.474 0.876457
797000 -16281.7 -20081.5 294.241 -105.024 0.876912
797100 -16263.1 -20089.8 296.32 13.5394 0.878315
797200 -16179.4 -20078.4 301.927 -112.768 0.879876
797300 -16179.7 -20069.7 301.227 149.911 0.882025
797400 -16271.5 -20090.5 295.73 65.4065 0.882896
797500 -16310.1 -20144.5 296.926 238.731 0.882742
797600 -16303.9 -20123.9 295.81 203.202 0.880314
797700 -16265.8 -20104.8 297.273 -11.6209 0.876259
797800 -16233.3 -20093.6 298.927 -16.9801 0.872768
797900 -16222.8 -20050.2 296.38 -264.244 0.87027
798000 -16135.3 -20003.4 299.526 -249.452 0.870351
798100 -16043.5 -19941.2 301.829 -62.8819 0.872666
798200 -16090.1 -20037.2 305.648 234.719 0.874695
798300 -16193.3 -20020.4 296.358 -298.215 0.875369
798400 -16206.6 -20054.3 297.951 -2.44116 0.877824
798500 -16196.9 -20049.6 298.341 64.2425 0.880144
798600 -16194.3 -20068.5 300.007 48.5378 0.881571
798700 -16269.6 -20116.6 297.896 57.068 0.882329
798800 -16340.2 -20115.5 292.343 147.617 0.882397
798900 -16286.3 -20109 296.019 -29.965 0.881489
799000 -16240.8 -20106.7 299.357 111.474 0.880606
799100 -16254.8 -20132.1 300.242 80.1513 0.87867
799200 -16297.2 -20088.6 293.597 -103.504 0.876303
799300 -16244 -20085.1 297.444 -251.987 0.875458
799400 -16143.7 -20050.6 302.536 154.109 0.876217
799500 -16189.5 -20092.3 302.221 -25.9731 0.876229
799600 -16259.4 -20066.6 294.816 -22.5682 0.876079
799700 -16244.3 -20059.7 295.455 -54.2911 0.87617
799800 -16163.8 -20049.4 300.881 161.349 0.876551
799900 -16129.5 -20010.9 300.562 113.334 0.875611
800000 -16185.3 -19994.4 294.963 -19.832 0.873495
800100 -16320 -20108.4 293.355 -321.108 0.872134
800200 -16316.5 -20109.3 293.697 -98.5438 0.873442
800300 -16223 -20070.9 297.967 -136.427 0.876055
800400 -16187.1 -20072.7 300.881 311.676 0.879206
800500 -16225.9 -20079 298.365 -41.7324 0.880253
800600 -16307.4 -20162.4 298.512 -122.247 0.881524
800700 -16370.3 -20144.3 292.25 196.3 0.883446
800800 -16332.9 -20141.4 294.915 162.858 0.88385
800900 -16259.5 -20092 296.778 35.4016 0.883003
801000 -16200.9 -20087.5 300.958 251.613 0.881093
801100 -16225.6 -20079.9 298.463 -241.95 0.877501
801200 -16246.8 -20047 294.278 -64.9112 0.875567
801300 -16142.8 -20064.8 303.7 13.6192 0.87446
801400 -16051.3 -19930.9 300.42 36.9248 0.873179
801500 -16060.1 -19968.3 302.632 -92.3514 0.871993
801600 -16118 -19973.9 298.584 -31.3709 0.871434
801700 -16152.8 -19990.8 297.197 -171.118 0.871192
801800 -16149.9 -19974.7 296.184 -87.0068 0.872558
801900 -16073.9 -19993.2 303.499 183.787 0.874777
802000 -16062.5 -19947.6 300.847 24.9872 0.875588
802100 -16161.6 -20014.2 298.332 34.7822 0.875796
802200 -16259.1 -20123.2 299.228 174.743 0.875424
802300 -16292.4 -20086.8 293.822 -161.352 0.873919
802400 -16227.3 -20067.6 297.378 -26.4559 0.873515
802500 -16192.5 -20109.4 303.304 15.3173 0.873524
802600 -16247.3 -20102.5 298.528 32.6322 0.873536
802700 -16287.1 -20130.2 297.595 -98.9428 0.873228
802800 -16287.9 -20115 296.357 -127.978 0.873713
802900 -16234 -20083.6 298.097 67.9532 0.875794
803000 -16107.1 -20019.9 302.988 65.7738 0.877564
803100 -16099.9 -20012.5 302.977 239.26 0.878518
803200 -16160.5 -20006.1 297.789 87.7121 0.877345
803300 -16207.2 -20069.3 299.067 -115.161 0.875031
803400 -16245.8 -20040.8 293.871 -131.39 0.873426
803500 -16167.6 -19991.9 296.144 -154.839 0.873208
803600 -16086.7 -20018 304.428 152.393 0.874296
803700 -16170.9 -20028.1 298.679 -53.5875 0.874619
803800 -16215.8 -20012.4 293.993 -66.2524 0.875035
803900 -16156.8 -19975.4 295.691 202.647 0.875916
804000 -16073.4 -19965.2 301.365 -53.6973 0.875713
804100 -16089.8 -19985.3 301.653 5.55729 0.875461
804200 -16157.7 -20043.1 300.87 93.1872 0.875201
804300 -16204.2 -20037.8 296.856 68.7359 0.873949
804400 -16204 -20017.3 295.286 -210.554 0.872032
804500 -16125.9 -19951.8 296.262 -74.0502 0.871512
804600 -16034.1 -19905.5 299.791 -3.47273 0.871954
804700 -16046.2 -19919.8 299.961 -29.3491 0.872468
804800 -16117.2 -20002.1 300.828 -78.5349 0.873417
804900 -16195.9 -20034.7 297.259 110.893 0.875187
805000 -16209.3 -20012.1 294.471 127.041 0.87606
805100 -16156.1 -19994.6 297.242 -29.6705 0.875925
805200 -16106.6 -19992.2 300.887 71.279 0.875871
805300 -16130.6 -20035.6 302.394 -285.692 0.875759
805400 -16181.1 -20038.1 298.671 -71.4996 0.877843
805500 -16240.6 -20112.1 299.79 338.275 0.880689
805600 -16318.1 -20123.6 294.681 -42.6155 0.881315
805700 -16314.6 -20148.3 296.873 3.23349 0.881756
805800 -16281.8 -20129.8 297.977 148.02 0.882143
805900 -16266.6 -20114.1 297.936 53.3789 0.881206
806000 -16268.4 -20131.1 299.114 -229.565 0.879842
806100 -16283.8 -20112.3 296.469 70.7092 0.880129
806200 -16261 -20107.4 297.854 102.288 0.880033
806300 -16241.9 -20103.5 299.025 -96.3331 0.879219
806400 -16260.7 -20110.7 298.132 18.4348 0.878985
806500 -16297.7 -20103.3 294.687 262.985 0.878212
806600 -16283.7 -20136.6 298.354 -58.6072 0.875318
806700 -16247.9 -20116.5 299.569 -13.3701 0.872208
806800 -16216.7 -20037.2 295.847 -210.507 0.869436
806900 -16136.8 -20039.5 302.211 -205.411 0.868654
807000 -16118.9 -20004.6 300.888 -241.412 0.870166
807100 -16208.8 -20021.9 295.271 -66.8696 0.874014
807200 -16282.6 -20085.8 294.504 184.437 0.878485
807300 -16263.4 -20072.2 294.933 -25.0713 0.881607
807400 -16241.8 -20122.7 300.523 43.1245 0.884534
807500 -16260.9 -20097.4 297.08 206.413 0.886604
807600 -16279.3 -20104.8 296.233 187.488 0.886744
807700 -16276.5 -20095.3 295.719 10.0886 0.885293
807800 -16188.9 -20014.1 296.209 31.9163 0.883393
807900 -16098.3 -19964 299.35 -107.866 0.881615
808000 -16069.4 -19929.3 298.895 217.328 0.880382
808100 -16091.7 -19959.3 299.487 -109.327 0.877809
808200 -16195.3 -19992.1 294.011 -329.48 0.876429
808300 -16208.6 -20028.3 295.779 -1.82689 0.877678
808400 -16184.1 -20021.3 297.14 2.77696 0.879395
808500 -16162.4 -19987.9 296.228 152.226 0.880614
808600 -16120 -19975.8 298.574 14.127 0.88067
808700 -16109.3 -19974.8 299.329 34.4624 0.88043
808800 -16126 -19985.7 298.882 82.4152 0.87989
808900 -16138.2 -19994.2 298.591 -14.0033 0.878729
809000 -16149.5 -20001.8 298.308 -34.1989 0.877471
809100 -16170.6 -20022.7 298.292 -49.4423 0.876897
809200 -16227.2 -20081.1 298.428 -24.5036 0.876778
809300 -16318.5 -20107.7 293.419 -192.606 0.877269
809400 -16316.4 -20146.3 296.578 41.163 0.879118
809500 -16264.2 -20087 296.023 103.361 0.880249
809600 -16217.2 -20015.4 294.12 181.868 0.88026
809700 -16166.1 -20019.4 298.387 58.3301 0.878933
809800 -16153.4 -20047.6 301.549 -90.72 0.877342
809900 -16226.6 -20060.4 296.881 -37.7937 0.876576
810000 -16284.4 -20099.3 295.41 -11.4103 0.876323
810100 -16252.1 -20064.8 295.24 -98.781 0.87628
810200 -16124 -20046.9 303.777 127.924 0.876967
810300 -16141.6 -19979.7 297.205 163.137 0.876637
810400 -16144.1 -19959.6 295.457 19.4749 0.874738
810500 -16073.4 -19943.7 299.697 -15.8377 0.872645
810600 -15989 -19833.8 297.726 -242.02 0.871178
810700 -15932.4 -19852.4 303.55 -26.8575 0.871835
810800 -15970.2 -19856.9 300.968 69.4235 0.872739
810900 -16007.8 -19865.3 298.707 -198.738 0.87346
811000 -16059.1 -19948 301.138 94.4405 0.87553
811100 -16148.8 -19968.9 295.811 119.301 0.876664
811200 -16154.6 -19974.6 295.801 -106.316 0.876748
811300 -16122.1 -19983.5 299.012 56.6699 0.877647
811400 -16132.9 -19997.6 299.266 -25.8584 0.878221
811500 -16242.1 -20064.6 295.998 -128.768 0.878888
811600 -16320.4 -20102.6 292.88 52.7796 0.880621
811700 -16261.2 -20062 294.32 373.438 0.881697
811800 -16176.1 -20030.3 298.451 105.351 0.87979
811900 -16147.3 -20017.1 299.663 -33.9343 0.876445
812000 -16172.9 -20028.6 298.57 -199.726 0.873684
812100 -16256.7 -20071.7 295.417 -85.0023 0.872869
812200 -16337.8 -20113.6 292.387 10.5341 0.873058
812300 -16283 -20093.1 295.041 -113.245 0.873313
812400 -16169.7 -20025.9 298.609 14.2468 0.874606
812500 -16158.7 -20025 299.391 207.852 0.875446
812600 -16186.7 -20035.4 298.031 -47.6139 0.874615
812700 -16233.3 -20065.8 296.773 24.8212 0.873961
812800 -16277.7 -20077.2 294.223 -256.545 0.873679
812900 -16221.3 -20035.2 295.334 2.63086 0.875222
813000 -16131 -20033.9 302.229 254.223 0.876628
813100 -16165.5 -20048 300.647 149.316 0.875741
813200 -16249 -20093.6 297.704 -180.036 0.873721
813300 -16285.6 -20110.9 296.218 -92.3521 0.873274
813400 -16265.8 -20094.1 296.447 138.766 0.873505
813500 -16220.7 -20049.8 296.511 28.308 0.872862
813600 -16169.5 -20022.9 298.392 -76.3834 0.872136
813700 -16160.1 -20015 298.51 -2.86708 0.871981
813800 -16154 -20004.1 298.135 -151.37 0.872046
813900 -16160.9 -20037.8 300.211 154.429 0.872978
814000 -16239 -20035.4 293.977 73.3086 0.872904
814100 -16277.5 -20090.9 295.297 -140.86 0.87254
814200 -16230 -20086.1 298.604 -134.851 0.873345
814300 -16132.1 -20033 302.075 -24.539 0.874998
814400 -16146.3 -20040.9 301.581 226.637 0.876479
814500 -16236.9 -20078.8 297.508 63.1712 0.876157
814600 -16279.1 -20114 296.96 -183.503 0.875266
814700 -16264 -20088.5 296.155 -118.312 0.875865
814800 -16207.3 -20060.9 298.404 -17.7118 0.877665
814900 -16158.8 -19999.9 297.437 205.368 0.87912
815000 -16083.1 -20030.2 305.648 179.562 0.878621
815100 -16005.5 -19976.4 307.487 96.9093 0.876419
815200 -16093.1 -19964.5 299.784 -167.566 0.873846
815300 -16179.7 -20027.9 297.989 -169.629 0.873107
815400 -16203 -20033.3 296.607 -11.9772 0.873971
815500 -16211.5 -20078.1 299.416 53.242 0.874989
815600 -16283.4 -20097.7 295.362 -45.7343 0.875524
815700 -16353.9 -20152.3 294.132 -70.6421 0.876363
815800 -16374.9 -20166.5 293.605 -80.4976 0.877783
815900 -16277.6 -20137.9 298.929 235.533 0.879567
816000 -16214.2 -20086.9 299.886 125.679 0.879425
816100 -16215.7 -20061 297.768 197.811 0.8776
816200 -16231 -20055.6 296.164 -40.1118 0.874353
816300 -16217.2 -20039.7 295.995 -75.1239 0.87157
816400 -16135.4 -19997.3 299.053 -172.683 0.869768
816500 -16078.5 -19970.8 301.402 22.2909 0.869275
816600 -16112.5 -19978.6 299.377 47.5764 0.868849
816700 -16210.8 -20013.3 294.452 -300.384 0.868595
816800 -16224.6 -20040.5 295.485 19.8471 0.870469
816900 -16195.2 -20050.9 298.569 -67.6184 0.872567
817000 -16189.8 -20036.7 297.885 133.408 0.874952
817100 -16195.8 -20051.7 298.584 80.0768 0.876317
817200 -16211.8 -20048.1 297.07 -191.505 0.876927
817300 -16256.2 -20135.6 300.402 -23.7826 0.879187
817400 -16330.8 -20130.8 294.256 178.123 0.881616
817500 -16308 -20109.7 294.388 -62.9203 0.882692
817600 -16215.3 -20089 299.966 99.4056 0.883996
817700 -16188.8 -20031 297.531 65.4688 0.884611
817800 -16186.5 -20060.1 299.952 156.246 0.884325
817900 -16215.1 -20050.2 296.98 47.3845 0.882869
818000 -16260.9 -20092.9 296.736 169.418 0.880344
818100 -16355 -20139.8 293.079 -346.535 0.876926
818200 -16345.9 -20148.8 294.481 -160.15 0.876282
818300 -16259 -20133 299.992 -139.839 0.877703
818400 -16243.1 -20131.6 301.112 269.643 0.87995
818500 -16265.4 -20046.5 292.798 -28.0029 0.88031
818600 -16233 -20118.6 300.889 233.494 0.88037
818700 -16242 -20081.9 297.345 -37.1624 0.878521
818800 -16232 -20054 295.962 -289.687 0.877043
818900 -16180.7 -20046.3 299.344 168.508 0.877767
819000 -16086.2 -19996.3 302.784 -38.2041 0.87752
819100 -16000.2 -19929.3 304.257 -58.9831 0.877327
819200 -16058.3 -19964.5 302.479 -70.9492 0.877909
819300 -16140.8 -20016.6 300.129 81.1065 0.878834
819400 -16206.4 -20100.8 301.566 145.788 0.879215
819500 -16287 -20116.2 296.52 152.779 0.878352
819600 -16312 -20128.1 295.508 -138.568 0.875928
819700 -16271.9 -20117.5 297.784 -91.764 0.874414
819800 -16160 -20031.1 299.761 -209.014 0.87392
819900 -16118.9 -19993.3 300.019 -181.621 0.875456
820000 -16150.6 -20050.5 301.994 7.01987 0.87915
820100 -16218.2 -20076.7 298.794 293.807 0.882657
820200 -16252.6 -20094.9 297.533 302.238 0.883822
820300 -16263 -20100.6 297.167 92.6352 0.88225
820400 -16224.9 -20059.1 296.908 19.2499 0.879082
820500 -16120.1 -20011.5 301.334 -36.4122 0.875612
820600 -16083.8 -19941.5 298.723 -173.81 0.872594
820700 -16079.4 -19932.5 298.371 -256.873 0.871263
820800 -16084.3 -19942.9 298.798 -49.7114 0.872269
820900 -16108.1 -19983.2 300.076 -46.7818 0.874071
821000 -16167.3 -20011.8 297.697 55.571 0.876352
821100 -16226.2 -20076.7 298.171 38.4851 0.87862
821200 -16328.7 -20122.3 293.761 323.959 0.87992
821300 -16430.9 -20186.8 290.843 -126.315 0.878716
821400 -16373 -20148.1 292.329 -20.7959 0.878118
821500 -16283.9 -20089.8 294.718 -20.5864 0.87782
821600 -16184.9 -20001.1 295.511 -56.3837 0.877789
821700 -16122.7 -20012.9 301.248 171.834 0.878026
821800 -16151.3 -19999.5 297.991 -149.761 0.877337
821900 -16217.1 -20082.7 299.342 219.143 0.877316
822000 -16307.2 -20073.7 291.661 51.2259 0.875163
822100 -16279.9 -20061.6 292.842 -146.915 0.872066
822200 -16216.2 -20042.9 296.326 -316.037 0.870225
822300 -16162.4 -19994.7 296.756 -235.459 0.871319
822400 -16104.1 -19977.3 299.922 82.9123 0.874893
822500 -16101.5 -19986.9 300.867 29.0527 0.878476
822600 -16208.6 -20006.4 294.094 201.271 0.881645
822700 -16252.6 -20079.4 296.337 290.665 0.882752
822800 -16241.7 -20100.8 298.831 -162.147 0.88166
822900 -16271.5 -20127.9 298.631 -110.373 0.881534
823000 -16381.3 -20149.1 291.771 22.6119 0.882839
823100 -16366.8 -20148.2 292.818 171.481 0.883723
823200 -16297 -20146.9 298.118 193.071 0.882784
823300 -16275 -20129.9 298.509 -58.027 0.880338
823400 -16277.7 -20147.8 299.684 21.2227 0.877676
823500 -16354.6 -20167.3 295.245 -212.082 0.875112
823600 -16405.3 -20175.6 291.958 78.2511 0.874026
823700 -16335 -20162.6 296.396 -148.314 0.872831
823800 -16266.5 -20076.8 295.055 -120.238 0.87258
823900 -16211.6 -20052.2 297.403 -98.7599 0.873946
824000 -16175.5 -20036.3 298.961 223.349 0.875998
824100 -16165.5 -20006.9 297.46 173.231 0.876279
824200 -16105.6 -19999.2 301.511 -42.4244 0.87498
824300 -16055.9 -19932.9 300.22 -4.6251 0.87357
824400 -16068.5 -19932 299.171 -187.861 0.872472
824500 -16158.5 -20029.7 299.767 -63.6859 0.872728
824600 -16245.2 -20070.6 296.223 -40.7661 0.873872
824700 -16248.6 -20055.6 294.799 120.971 0.875624
824800 -16174.5 -20027.6 298.364 115.88 0.876494
824900 -16114.8 -20010.5 301.671 -115.649 0.876685
825000 -16140.1 -20042.9 302.217 238.803 0.877136
825100 -16185.3 -20032.1 297.884 -51.6304 0.875879
825200 -16206.3 -20046.4 297.362 -279.71 0.874889
825300 -16218.4 -20081.5 299.147 -74.6434 0.87655
825400 -16269 -20074.3 294.665 243.95 0.879279
825500 -16285 -20059.2 292.257 77.3303 0.880092
825600 -16180.1 -20051.8 299.812 14.1294 0.879997
825700 -16159.4 -20037.6 300.318 -16.4008 0.879871
825800 -16205.8 -20055.2 298.081 0.273138 0.879759
825900 -16257.1 -20096.1 297.274 -8.27144 0.879644
826000 -16329.5 -20106 292.443 -49.0751 0.879624
826100 -16387.7 -20178.2 293.521 -120.129 0.880294
826200 -16316.1 -20162.2 297.83 157.195 0.881718
826300 -16234.7 -20099.1 299.244 212.005 0.881841
826400 -16234.9 -20118.7 300.753 -40.7288 0.880271
826500 -16278 -20129.9 298.278 -36.0062 0.878795
826600 -16323.5 -20149.7 296.291 44.2633 0.87763
826700 -16310 -20123 295.262 -159.274 0.876208
826800 -16167.9 -20068.5 302.048 -246.786 0.876061
826900 -16161 -20029.3 299.543 -38.5852 0.878254
827000 -16211.3 -20053 297.49 165.881 0.88103
827100 -16244.6 -20066.4 295.941 -82.3293 0.882758
827200 -16223.6 -20060 297.071 160.32 0.884631
827300 -16151.1 -20053.9 302.216 263.59 0.885141
827400 -16149.2 -20044.1 301.608 96.7503 0.883247
827500 -16245.7 -20058.6 295.255 -130.223 0.880414
827600 -16267.5 -20084.1 295.545 6.7131 0.87839
827700 -16249.1 -20125.6 300.188 -163.732 0.876569
827800 -16265.7 -20113.8 297.981 -282.929 0.876522
827900 -16269.6 -20091.6 295.963 -24.4629 0.878993
828000 -16222.8 -20050 296.362 183.694 0.881782
828100 -16166.1 -20068.7 302.198 288.803 0.883067
828200 -16191.7 -20067.5 300.128 166.429 0.881535
828300 -16204.9 -20051.8 297.885 -86.0245 0.878198
828400 -16194.5 -20026.2 296.709 -104.817 0.875507
828500 -16141.8 -19989.4 297.942 -85.3122 0.873868
828600 -16063.1 -19976.9 303.067 54.5462 0.873148
828700 -16089.3 -19944.4 298.52 305.448 0.871472
828800 -16198.9 -19994 293.883 -183.578 0.867714
828900 -16218 -20030.4 295.221 -107.743 0.865287
829000 -16180.6 -19994.1 295.301 -236.819 0.864319
829100 -16124.9 -19963.8 297.273 -238.09 0.865607
829200 -16074.5 -19943.6 299.605 32.7156 0.868671
829300 -16045.2 -19909.2 299.218 1.39183 0.871549
829400 -16091.7 -19983.9 301.392 78.2771 0.874299
829500 -16200.6 -19984.5 293.007 -7.51235 0.876424
829600 -16167.7 -20023.5 298.576 -94.8786 0.87845
829700 -16132 -19998.8 299.43 132.986 0.880683
829800 -16121.2 -19975.7 298.476 223.601 0.881498
829900 -16077 -19916.9 297.347 -79.206 0.880541
830000 -15997.8 -19901.9 302.315 173.619 0.87987
830100 -16009.2 -19877.6 299.556 125.957 0.878114
830200 -16089.9 -19927.5 297.167 -51.1763 0.875496
830300 -16182.6 -20021.2 297.247 182.142 0.873274
830400 -16242 -20030.7 293.384 -310.756 0.870409
830500 -16203.9 -19973.2 291.88 -141.017 0.870138
830600 -16119.3 -19980.2 298.974 43.1229 0.871485
830700 -16085.8 -19975 301.162 -64.9684 0.872532
830800 -16125.9 -19945.4 295.773 3.90291 0.873688
830900 -16153.1 -19952 294.172 9.48946 0.874857
831000 -16088.7 -19960.5 299.815 -62.3255 0.876122
831100 -16028.2 -19934.8 302.506 -51.4252 0.877659
831200 -16081.7 -19957.6 300.141 46.6069 0.879293
831300 -16191.1 -20037.7 297.866 234.916 0.880429
831400 -16206.9 -20032.4 296.228 -45.4417 0.880023
831500 -16168.3 -20015.3 297.897 164.28 0.879278
831600 -16116.4 -19999.9 300.719 -139.183 0.877546
831700 -16075.3 -19983.2 302.612 16.5735 0.876418
831800 -16126 -19991.7 299.348 -88.1065 0.875561
831900 -16206.9 -20001.2 293.816 -98.5954 0.875742
832000 -16174.4 -20001.5 296.353 115.872 0.876596
832100 -16096.8 -19957.6 298.972 -194.882 0.876783
832200 -16063.9 -19940.8 300.217 -74.7131 0.878608
832300 -16091.9 -19990.4 301.882 78.5122 0.881223
832400 -16141.9 -20025.5 300.726 22.5913 0.883214
832500 -16202.2 -20079 300.2 -174.997 0.885236
832600 -16284 -20150.4 299.396 94.0151 0.888407
832700 -16346 -20160.2 295.357 116.141 0.890865
832800 -16344.7 -20163.4 295.701 456.45 0.891556
832900 -16255 -20116.2 298.993 270.022 0.888469
833000 -16185.5 -20074 301.111 42.0174 0.882906
833100 -16199.3 -20055.1 298.58 -11.9231 0.877585
833200 -16209.8 -20023.2 295.298 -146.435 0.873544
833300 -16127.4 -20009.5 300.611 -39.4448 0.87173
833400 -16039 -19968.3 304.273 -21.0057 0.870686
833500 -16068.1 -19889.4 295.911 -117.321 0.870064
833600 -16068 -19930 299.062 -144.361 0.870879
833700 -16073.9 -19936.4 299.096 -261.623 0.873017
833800 -16098.9 -19973.6 300.046 417.971 0.876197
833900 -16139.6 -20024.4 300.828 193.489 0.876121
834000 -16180.8 -20014.4 296.858 -177.415 0.874252
834100 -16198.4 -20058.4 298.904 -67.6938 0.873622
834200 -16263.2 -20083.5 295.829 -79.4618 0.873832
834300 -16335.6 -20100.4 291.533 -205.248 0.875166
834400 -16269.4 -20092.4 296.044 34.1132 0.878049
834500 -16188.9 -20042.1 298.38 73.3278 0.880668
834600 -16165.6 -20011.5 297.818 163.993 0.882281
834700 -16161.1 -20032.2 299.758 191.029 0.88241
834800 -16218.2 -20064.5 297.847 212.309 0.880533
834900 -16313.3 -20141.9 296.471 -29.2752 0.877066
835000 -16346.7 -20167.9 295.902 -184.913 0.874055
835100 -16310.4 -20098.2 293.318 -32.1613 0.87258
835200 -16228.1 -20063.2 296.971 -114.792 0.87198
835300 -16208 -20068.3 298.925 219.743 0.871858
835400 -16207 -20025.4 295.681 -72.4554 0.870394
835500 -16148.7 -20027.4 300.355 -139.806 0.869413
835600 -16128.9 -20036.8 302.619 43.0954 0.869454
835700 -16234 -20067.9 296.885 69.1094 0.869262
835800 -16254.5 -20064.6 295.037 -180.71 0.868774
835900 -16202.3 -20049.7 297.934 -210.857 0.869727
836000 -16171.6 -20075.8 302.322 -100.785 0.872777
836100 -16250.9 -20094.9 297.664 154.704 0.87656
836200 -16339.3 -20148.6 294.981 -84.9429 0.879443
836300 -16313.9 -20097 292.943 149.539 0.882303
836400 -16233.1 -20105.9 299.891 236.557 0.883813
836500 -16220.3 -20072.6 298.303 240.668 0.88281
836600 -16238.3 -20085.9 297.942 36.7482 0.879779
836700 -16274.4 -20091.5 295.584 31.1573 0.876517
836800 -16292.2 -20076.3 293.026 -126.05 0.873444
836900 -16203.8 -20014.9 295.12 -38.1981 0.871924
837000 -16119.6 -19990.4 299.738 -30.6875 0.871363
837100 -16110.7 -20003.5 301.445 -101.112 0.870986
837200 -16184.9 -20012.5 296.396 -1.8405 0.871506
837300 -16232.3 -20044 295.162 201.258 0.871882
837400 -16207.6 -20066.4 298.816 -37.6762 0.870736
837500 -16184.6 -20040.5 298.579 39.8498 0.869644
837600 -16140.4 -20000.4 298.904 -81.9049 0.868567
837700 -16110.2 -20013.4 302.252 -240.899 0.868269
837800 -16154.1 -19966.4 295.209 -115.107 0.869992
837900 -16174.4 -20018.9 297.703 95.2996 0.872942
838000 -16206.1 -20065.9 298.887 204.789 0.874819
838100 -16279.5 -20100 295.851 117.709 0.874607
838200 -16342.3 -20125.6 292.964 -199.364 0.873445
838300 -16284.7 -20079.1 293.819 -303.151 0.874226
838400 -16171.8 -20009.7 297.191 243.211 0.87736
838500 -16148.7 -20038.1 301.182 205.384 0.878567
838600 -16199.9 -20033.5 296.859 67.3889 0.877603
838700 -16225.6 -20014.7 293.414 -75.0148 0.876139
838800 -16140.5 -20007 299.407 85.2514 0.875238
838900 -16091.6 -19988.5 301.759 335.39 0.873586
839000 -16112.2 -19944.8 296.78 -24.6915 0.869148
839100 -16095.6 -19925.1 296.541 -270.551 0.865037
839200 -16068.7 -19936.3 299.487 -118.844 0.863556
839300 -16087.3 -19963.1 300.121 -226.711 0.8637
839400 -16211.4 -20045.6 296.903 -123.854 0.865929
839500 -16273.6 -20117.2 297.631 219.159 0.868998
839600 -16280.5 -20080.7 294.277 151.488 0.870283
839700 -16194.8 -20033.7 297.264 43.7993 0.869834
839800 -16122.5 -19969.1 297.867 30.5248 0.868856
839900 -16101.2 -19945.8 297.708 11.8086 0.867502
840000 -16094.6 -19965.9 299.777 -385.953 0.866742
840100 -16136.8 -19970.7 296.876 11.4109 0.869046
840200 -16233.3 -20062.5 296.52 129.812 0.871452
840300 -16291.5 -20120.4 296.492 111.018 0.87245
840400 -16309.3 -20127.2 295.644 -181.02 0.872735
840500 -16256.4 -20098 297.48 68.2147 0.874269
840600 -16150.5 -20025.3 300.048 111.344 0.875528
840700 -16136.8 -20016.7 300.449 241.152 0.875241
840800 -16202.7 -20061.1 298.777 -56.9454 0.872943
840900 -16280.4 -20095 295.391 -88.5171 0.871005
841000 -16282.2 -20100.3 295.657 -297.595 0.870365
841100 -16256.5 -20114.1 298.717 -198.508 0.872271
841200 -16253.9 -20111.3 298.705 -43.6903 0.876172
841300 -16296 -20148 298.291 178.748 0.880437
841400 -16407.4 -20201.4 293.794 257.756 0.882972
841500 -16438.4 -20246.8 294.909 23.1318 0.882916
841600 -16394.7 -20183.9 293.423 16.2783 0.882405
841700 -16348.7 -20211.4 299.106 293.794 0.881673
841800 -16331.2 -20158.7 296.388 98.0485 0.878407
841900 -16268.3 -20108.9 297.401 -230.394 0.874615
842000 -16161.3 -20017.6 298.623 33.2202 0.872759
842100 -16121.5 -19969 297.93 160.255 0.870811
842200 -16120.5 -20012.7 301.396 -31.2944 0.867911
842300 -16203.8 -20058.9 298.521 -221.228 0.865835
842400 -16244.5 -20040.8 293.971 -260.834 0.865856
842500 -16197.3 -20041.5 297.679 -34.3863 0.86808
842600 -16160.8 -20014.4 298.414 26.305 0.870661
842700 -16155.1 -20026.7 299.798 138.389 0.872627
842800 -16251.5 -20074.6 296.053 65.538 0.873112
842900 -16309.3 -20088 292.609 -370.293 0.873407
843000 -16238.3 -20072 296.872 129.333 0.876278
843100 -16162 -20018.6 298.639 -91.5884 0.878427
843200 -16154.6 -20068.1 303.048 117.122 0.880493
843300 -16220.5 -20045.7 296.209 145.9 0.881303
843400 -16220 -20039.1 295.738 47.5608 0.880986
843500 -16185.6 -20030.3 297.722 28.3843 0.880188
843600 -16159.3 -20012.4 298.369 92.6982 0.879126
843700 -16122.5 -20021.8 301.951 119.333 0.877486
843800 -16092.3 -19957.6 299.312 50.5988 0.874599
843900 -16079.8 -19937.6 298.73 -37.156 0.871391
844000 -16077.6 -19954 300.17 -164.25 0.868799
844100 -16146.4 -19969.7 296.063 -255.216 0.868062
844200 -16192 -20008.9 295.565 -169.72 0.869989
844300 -16158.2 -20019.9 299.038 -7.6891 0.873271
844400 -16066.8 -19963.8 301.775 -52.8667 0.876607
844500 -16006.8 -19908.3 302.114 257.711 0.879886
844600 -16071.9 -19971.3 301.955 269.345 0.880751
844700 -16184.7 -20041.7 298.67 -65.8112 0.879164
844800 -16227.3 -20068.2 297.424 -154.795 0.878083
844900 -16259.6 -20074.3 295.395 21.1896 0.878386
845000 -16216.8 -20037.3 295.841 57.6534 0.878729
845100 -16130.1 -20012.6 300.641 147.246 0.878292
845200 -16129.9 -19995.9 299.369 -128.139 0.87674
845300 -16165.3 -20023 298.723 142.715 0.875939
845400 -16248.8 -20027.8 292.626 -87.3487 0.874203
845500 -16327.7 -20080.8 290.624 -187.626 0.873079
845600 -16302.1 -20086.3 293.032 121.187 0.873525
845700 -16184 -20044.4 298.938 -59.144 0.873212
845800 -16144.2 -20000 298.575 -106.715 0.873273
845900 -16137.4 -19983.4 297.821 203.062 0.874139
846000 -16145.8 -20002.8 298.672 -19.7777 0.873711
846100 -16186.2 -20038.5 298.309 -180.18 0.873213
846200 -16268.1 -20077.2 294.958 -102.263 0.874425
846300 -16276.8 -20058.9 292.866 -7.50469 0.87702
846400 -16175.4 -20010.2 296.951 257.28 0.87941
846500 -16129.6 -19994 299.247 65.9293 0.879845
846600 -16152.5 -20028.1 300.107 131.852 0.879338
846700 -16226.2 -20065.2 297.276 32.3619 0.877674
846800 -16263.8 -20072.7 294.949 -124.311 0.875387
846900 -16207.1 -20033.1 296.268 -44.8623 0.873952
847000 -16078 -19962 300.76 -112.261 0.87326
847100 -16076.9 -19974.8 301.834 40.9231 0.87326
847200 -16165.3 -20022.8 298.709 9.2779 0.873079
847300 -16220.9 -20047 296.278 -89.6672 0.872866
847400 -16225.6 -20085.4 298.888 54.4473 0.873367
847500 -16276.2 -20096.6 295.839 182.434 0.873406
847600 -16348.5 -20096.5 290.231 -127.66 0.872057
847700 -16264.1 -20094.5 296.605 41.4554 0.871147
847800 -16201.2 -20064.3 299.14 21.3478 0.869842
847900 -16184.1 -20006.1 295.96 -173.113 0.86818
848000 -16121.2 -19989.8 299.569 -2.52309 0.867692
848100 -16082.2 -19958 300.127 -43.3926 0.867621
848200 -16079.8 -19931.2 298.238 -151.584 0.868056
848300 -16102.4 -19985.4 300.687 9.4148 0.869878
848400 -16191.6 -20043.8 298.3 -108.785 0.87219
848500 -16258.1 -20075.3 295.595 -134.053 0.875849
848600 -16260.7 -20118.5 298.73 367.799 0.880488
848700 -16274.2 -20136.8 299.104 -7.40285 0.882608
848800 -16336.2 -20141.8 294.689 99.6136 0.883844
848900 -16363.2 -20142.8 292.677 -25.934 0.884329
849000 -16272.7 -20107.4 296.945 -7.21065 0.885025
849100 -16209 -20096.7 301.047 278.222 0.885579
849200 -16238.5 -20099.1 298.949 112.781 0.883941
849300 -16276.2 -20069.7 293.749 -12.6821 0.880669
849400 -16200.6 -20001.2 294.307 -49.2012 0.877567
849500 -16087.6 -19958.3 299.736 78.9278 0.875097
849600 -16082 -19957.6 300.111 -62.6783 0.872167
849700 -16136.8 -19985 297.986 -369.303 0.869892
849800 -16197.6 -20020.8 296.051 -337.345 0.871194
849900 -16236.3 -20073.6 297.148 207.436 0.875304
850000 -16323.9 -20106.1 292.875 -48.1239 0.878128
850100 -16349.8 -20141.8 293.639 120.789 0.880605
850200 -16256.2 -20118.4 299.071 109.059 0.882152
850300 -16210.9 -20084.9 299.99 -57.3647 0.882359
850400 -16217.1 -20056.8 297.331 128.089 0.882653
850500 -16223.3 -20098.4 300.069 283.288 0.881873
850600 -16302.5 -20131.1 296.472 -147.515 0.878874
850700 -16385.6 -20145.7 291.167 -194.857 0.877134
850800 -16332.5 -20142.9 295.056 -171.057 0.87754
850900 -16273.4 -20102.1 296.48 118.286 0.879258
851000 -16220.3 -20086 299.349 132.338 0.879977
851100 -16202.4 -20078.9 300.181 -51.3389 0.879357
851200 -16270.9 -20077.4 294.755 -118.163 0.879345
851300 -16363.2 -20118.4 290.787 171.915 0.880428
851400 -16312.2 -20165.4 298.375 53.7478 0.880042
851500 -16231.1 -20070.4 297.294 50.2926 0.878736
851600 -16204 -20020.7 295.55 36.6578 0.876995
851700 -16151.9 -19985.6 296.87 -298.791 0.875607
851800 -16075.1 -19944.3 299.619 -127.222 0.876539
851900 -16043 -19904.8 299.046 137.65 0.878601
852000 -16066 -19938.3 299.855 -43.8615 0.879909
852100 -16176.1 -20028.1 298.29 106.006 0.881106
852200 -16261.8 -20105.7 297.653 231.012 0.881101
852300 -16286.2 -20101.4 295.434 -108.712 0.879256
852400 -16240.5 -20072.7 296.746 -89.1677 0.878538
852500 -16138.3 -20010.5 299.855 287.716 0.878164
852600 -16131.1 -20020.6 301.192 -6.59067 0.87601
852700 -16183.1 -20053.4 299.7 -159.493 0.874234
852800 -16214.9 -20040 296.198 -90.6127 0.874057
852900 -16202.6 -20050.8 297.989 -153.886 0.875063
853000 -16196.4 -20072.1 300.114 46.3752 0.876855
853100 -16281 -20131.6 298.175 59.3973 0.878054
853200 -16354 -20129.6 292.368 70.3953 0.878636
853300 -16278 -20075.2 294.043 -31.3529 0.878529
853400 -16179.7 -20028.8 298.064 -326.384 0.878939
853500 -16135.2 -20014.4 300.392 107.521 0.881682
853600 -16147.5 -19983.5 297.046 31.7584 0.883859
853700 -16186.9 -20046.7 298.886 213.05 0.885103
853800 -16294.4 -20124 296.552 5.78006 0.884796
853900 -16335.3 -20152.3 295.573 25.1792 0.883989
854000 -16288.3 -20073.8 293.131 -335.857 0.883538
854100 -16196.2 -20082.4 300.934 104.338 0.885538
854200 -16203.7 -20066.6 299.13 396.638 0.886554
854300 -16234.5 -20045.6 295.119 196.245 0.884128
854400 -16209.9 -20044.2 296.917 -300.349 0.880373
854500 -16105.4 -19994.1 301.13 -9.38969 0.878813
854600 -16091.2 -20004.2 303.01 135.63 0.877714
854700 -16161.8 -20008.4 297.864 19.1442 0.875539
854800 -16170.7 -19960.3 293.449 -329.158 0.873559
854900 -16125.1 -20012.3 301.004 -234.432 0.874596
855000 -16141.7 -20023.2 300.567 41.7488 0.877712
855100 -16241.3 -20088.3 297.891 236.419 0.880185
855200 -16293.8 -20125.6 296.717 -22.5824 0.8806
855300 -16266.4 -20093.6 296.363 -65.6816 0.880975
855400 -16216.9 -20095.5 300.339 255.379 0.881739
855500 -16233.9 -20111.6 300.274 251.548 0.880172
855600 -16352.5 -20169.6 295.582 -213.155 0.876762
855700 -16375.2 -20160.2 293.095 -56.4127 0.874971
855800 -16295.6 -20077.1 292.821 -46.5637 0.874258
855900 -16215.3 -20056.3 297.434 64.7817 0.873829
856000 -16181.5 -20039.9 298.782 -217.507 0.873476
856100 -16159 -20025.3 299.388 -63.8544 0.874615
856200 -16144.5 -20005.5 298.983 -145.141 0.876676
856300 -16151.3 -20043.7 301.415 168.909 0.879447
856400 -16233.2 -20061.7 296.47 49.0528 0.880669
856500 -16300.5 -20145.2 297.72 53.8388 0.881166
856600 -16329.9 -20130.8 294.325 121.753 0.880803
856700 -16248 -20072.6 296.163 54.369 0.879673
856800 -16132.6 -20004.3 299.812 60.1197 0.878216
856900 -16138.3 -20010.5 299.846 13.6387 0.876668
857000 -16207.9 -20061.6 298.414 109.511 0.875075
857100 -16265.2 -20080.8 295.466 -450.581 0.873619
857200 -16245.8 -20070.9 296.204 181.017 0.875175
857300 -16143.4 -20052.1 302.672 133.953 0.875632
857400 -16095.9 -19987.5 301.349 215.638 0.874429
857500 -16130.3 -19964.1 296.872 -114.313 0.871916
857600 -16232.6 -20026.9 293.813 -253.246 0.870781
857700 -16316.6 -20102.5 293.161 54.7939 0.871816
857800 -16272.2 -20118.8 297.869 126.318 0.872461
857900 -16205.7 -20064.5 298.812 -46.1423 0.871688
858000 -16143.5 -19977.1 296.857 -224.467 0.87151
858100 -16023.4 -19894.3 299.747 -42.2541 0.873495
858200 -15997.4 -19927 304.293 243.708 0.875732
858300 -16089.3 -19957 299.499 49.159 0.875942
858400 -16159.9 -20005.8 297.805 239.201 0.875056
858500 -16217.4 -20062.7 297.765 81.5341 0.872269
858600 -16252.7 -20025.2 292.125 -304.273 0.868987
858700 -16156.3 -20005.8 298.095 -204.003 0.868433
858800 -16107.6 -19944.7 297.129 -71.332 0.869873
858900 -16078.3 -19928.2 298.121 119.361 0.872001
859000 -16052.4 -19945.6 301.479 77.9108 0.873238
859100 -16121 -19991.5 299.716 -146.825 0.873627
859200 -16214.4 -20038.2 296.1 -167.403 0.875333
859300 -16231.1 -20072.8 297.485 16.2482 0.878625
859400 -16228.5 -20069.9 297.461 198.988 0.881684
859500 -16179.1 -20061.6 300.645 262.138 0.882794
859600 -16107.4 -19972.3 299.288 201.335 0.880947
859700 -16041.5 -19909.8 299.551 49.4257 0.877343
859800 -15986.6 -19866.5 300.44 -48.819 0.873656
859900 -15955.2 -19864.5 302.727 -348.345 0.871187
860000 -16016.8 -19870.8 298.44 33.2462 0.871602
860100 -16091.4 -19917.7 296.293 80.9562 0.872065
860200 -16111.3 -19961.3 298.132 -185.813 0.872033
860300 -16159.4 -19995.9 297.08 -240.176 0.87371
860400 -16245.3 -20031.9 293.223 46.8625 0.877016
860500 -16249.9 -20085.5 297.008 19.3936 0.87996
860600 -16155.7 -20047.1 301.333 421.887 0.881654
860700 -16088.6 -19970 300.568 83.6689 0.879926
860800 -16112.8 -20013 302.02 -129.908 0.877532
860900 -16233.5 -20025 293.599 65.3165 0.876125
861000 -16231.1 -20068.2 297.134 -20.3812 0.874756
861100 -16204.8 -20081.1 300.168 -26.4969 0.873692
861200 -16218.6 -20033.6 295.42 -59.0895 0.873085
861300 -16180.7 -19999.4 295.704 -4.99016 0.872934
861400 -16084.9 -20003.4 303.436 -169.608 0.87312
861500 -16116.6 -19994 300.252 -86.9238 0.874871
861600 -16181.6 -20022.1 297.395 191.229 0.876949
861700 -16203.9 -20027.9 296.113 -124.128 0.877792
861800 -16192.1 -20061.5 299.628 132.536 0.879183
861900 -16208.3 -20073.4 299.298 53.7645 0.879747
862000 -16223.9 -20061.9 297.202 1.18702 0.879566
862100 -16227.4 -20081.7 298.463 7.42318 0.879349
862200 -16232 -20074.7 297.561 -211.85 0.879253
862300 -16211.3 -20039.6 296.448 168.047 0.880678
862400 -16105.7 -19996.8 301.312 112.41 0.88128
862500 -16056.8 -19947 301.243 142.544 0.88023
862600 -16101.1 -19947.7 297.869 -221.636 0.878332
862700 -16182.2 -20031.6 298.081 65.5508 0.877709
862800 -16291.5 -20084.8 293.736 -63.6271 0.877045
862900 -16302.5 -20127.4 296.183 167.308 0.876453
863000 -16276.4 -20090.6 295.354 16.6362 0.874705
863100 -16196.7 -20012.4 295.477 -154.964 0.872726
863200 -16122 -19984.6 299.104 -205.624 0.872246
863300 -16122.6 -19996.4 299.968 147.348 0.873297
863400 -16165.2 -20009 297.647 86.1615 0.873225
863500 -16243.9 -20047.2 294.513 -264.668 0.872799
863600 -16334 -20135 294.339 35.3499 0.874437
863700 -16329.4 -20144.6 295.438 29.4888 0.876175
863800 -16199.8 -20073 299.927 193.21 0.877165
863900 -16143.4 -19992.2 298.033 0.957158 0.876701
864000 -16123.6 -19974.3 298.185 -12.9875 0.875876
864100 -16118 -19988.8 299.737 -241.259 0.875664
864200 -16179 -20027.6 298.023 180.196 0.877191
864300 -16277.9 -20105.6 296.401 280.834 0.877232
864400 -16305.9 -20132.9 296.346 -329.18 0.875362
864500 -16280.8 -20126 297.756 73.7393 0.875451
864600 -16191.1 -20107.3 303.255 292.131 0.875139
864700 -16144.9 -20047.8 302.227 125.176 0.872044
864800 -16218.2 -20046.1 296.417 -254.163 0.867751
864900 -16287.1 -20067.2 292.715 -299.466 0.865718
865000 -16258.8 -20105.1 297.842 -58.741 0.866531
865100 -16248.3 -20069.3 295.886 60.0699 0.868152
865200 -16204.7 -20019.8 295.429 -41.252 0.869532
865300 -16126.2 -20036.9 302.825 262.077 0.870814
865400 -16156.3 -20041 300.818 99.3808 0.869768
865500 -16201.6 -20038.5 297.112 -22.9885 0.867567
865600 -16204.2 -20030.6 296.301 -19.9973 0.865683
865700 -16159.5 -20004.8 297.762 -138.169 0.864133
865800 -16048.3 -19920.4 299.842 -62.7824 0.863669
865900 -15995.5 -19927.9 304.509 26.4215 0.863897
866000 -16054.7 -19894.4 297.332 -218.799 0.864339
866100 -16094 -19948.5 298.476 -75.8811 0.866449
866200 -16142.9 -19990.6 297.952 -50.2043 0.869676
866300 -16242.9 -20058.4 295.464 10.1064 0.873594
866400 -16297.6 -20103.9 294.746 347.059 0.877179
866500 -16276 -20126 298.126 274.928 0.877622
866600 -16261 -20087.4 296.301 90.0194 0.875231
866700 -16229.8 -20060.1 296.604 6.45602 0.871997
866800 -16181.7 -20006.8 296.207 -5.2689 0.868814
866900 -16141.9 -19993.5 298.25 -136.976 0.866261
867000 -16148.7 -20021.3 299.882 -207.989 0.865346
867100 -16192.9 -20042.2 298.075 -64.73 0.866363
867200 -16243 -20042.1 294.185 59.3888 0.867587
867300 -16265.5 -20061.9 293.979 -7.70883 0.868274
867400 -16193.8 -20037.1 297.612 -183.664 0.869282
867500 -16128.2 -20062.6 304.667 110.484 0.87107
867600 -16202.8 -20067.8 299.296 5.87759 0.871816
867700 -16249.3 -20055.5 294.737 -11.2246 0.872268
867800 -16214.1 -20058.5 297.695 -50.6818 0.87291
867900 -16166.9 -20049.9 300.685 84.4026 0.873709
868000 -16164.3 -20055.4 301.31 -1.33996 0.873676
868100 -16272.9 -20107.1 296.905 130.911 0.873244
868200 -16334 -20130.4 293.975 -24.0824 0.872247
868300 -16290 -20127.5 297.161 -429.075 0.871939
868400 -16216.9 -20068.4 298.251 -55.6081 0.874765
868500 -16169.4 -20040.3 299.744 166.648 0.878203
868600 -16166.5 -20026.8 298.928 -11.7359 0.880366
868700 -16243.1 -20065.9 296.025 408.892 0.881696
868800 -16344.8 -20162.8 295.653 -35.5797 0.879988
868900 -16344.7 -20123.1 292.589 -99.6452 0.878282
869000 -16249.3 -20097.6 297.994 96.0827 0.877368
869100 -16194.8 -20055.3 298.944 16.593 0.875796
869200 -16189.2 -20036.8 297.938 -40.469 0.874272
869300 -16202.1 -20050.9 298.033 -94.3329 0.873355
869400 -16223 -20027.5 294.603 -221.077 0.873302
869500 -16184.2 -20019.7 297 42.4795 0.875202
869600 -16109.8 -19980.7 299.748 112.389 0.876928
869700 -16093.5 -19983.2 301.201 -53.1128 0.877569
869800 -16184.9 -20047.5 299.104 54.9399 0.878531
869900 -16264.3 -20078.6 295.361 -172.72 0.879187
870000 -16255.4 -20099.9 297.706 396.006 0.880486
870100 -16229.1 -20092.2 299.141 49.4813 0.879044
870200 -16172.6 -20020.9 298 -92.2005 0.876589
870300 -16075.7 -19963.8 301.082 -26.8944 0.875096
870400 -16061.4 -19938.9 300.263 14.2669 0.873974
870500 -16139 -20000 298.985 -282.34 0.873208
870600 -16241.6 -20072.6 296.657 173.552 0.874403
870700 -16251.6 -20082.6 296.658 -147.241 0.874891
870800 -16220.4 -20072.8 298.314 -20.6021 0.87605
870900 -16171.3 -20050.3 300.377 -76.4728 0.8778
871000 -16136.3 -20063.3 304.093 302.07 0.879578
871100 -16218 -20077.7 298.874 307.675 0.878617
871200 -16304.6 -20126 295.918 -19.6232 0.875071
871300 -16304.6 -20119.5 295.41 -72.5874 0.871762
871400 -16220.4 -20019.8 294.208 -340.465 0.869844
871500 -16128.5 -19988.4 298.9 -5.93418 0.870724
871600 -16122.7 -19973.7 298.203 86.0563 0.871953
871700 -16148.3 -20008.9 298.944 -29.8243 0.872205
871800 -16219.7 -20042.8 296.047 -158.114 0.872811
871900 -16273.5 -20070.6 294.03 20.2087 0.874684
872000 -16209.9 -20050.8 297.419 53.2061 0.876259
872100 -16110.3 -19986.6 300.164 49.0129 0.877009
872200 -16101.1 -19974 299.904 119.372 0.877149
872300 -16143.9 -19974.5 296.628 82.1506 0.876309
872400 -16205.3 -19993.6 293.354 74.0307 0.874569
872500 -16199.5 -19990.5 293.561 -173.105 0.872603
872600 -16093.1 -19957.4 299.239 -220.819 0.87254
872700 -16061 -19976.7 303.218 -192.937 0.874649
872800 -16136.8 -20011.9 300.071 83.4401 0.877959
872900 -16208 -20035.9 296.418 120.757 0.880287
873000 -16205.5 -20050.3 297.724 4.59482 0.881532
873100 -16188 -20056.8 299.587 91.5728 0.882414
873200 -16211.7 -20066.6 298.505 39.4048 0.882417
873300 -16321.7 -20147.5 296.253 219.96 0.881662
873400 -16348.6 -20114.8 291.644 -38.4811 0.879259
873500 -16262.2 -20076 295.322 -196.633 0.877427
873600 -16201.7 -20060.4 298.8 32.4551 0.877194
873700 -16191.8 -20054 299.072 -177.815 0.877236
873800 -16211.9 -20072.5 298.949 82.1291 0.878324
873900 -16314.1 -20150.7 297.096 -40.7315 0.879076
874000 -16372.9 -20139.3 291.66 42.8115 0.880106
874100 -16299.7 -20113.8 295.353 49.2061 0.880763
874200 -16227.4 -20057.6 296.599 -41.9839 0.880835
874300 -16179.1 -20038.7 298.874 -48.8242 0.881413
874400 -16161.1 -20039 300.294 90.6155 0.882232
874500 -16230.6 -20079.6 298.058 60.5778 0.882443
874600 -16333.8 -20140.8 294.802 118.244 0.882005
874700 -16319.6 -20132.2 295.232 -24.4169 0.880491
874800 -16249.8 -20079.2 296.536 -121.926 0.878953
874900 -16186.1 -20021.1 296.966 28.6837 0.878493
875000 -16169.7 -20033.7 299.21 143.365 0.877911
875100 -16180.1 -20043.4 299.161 -158.647 0.876138
875200 -16227.2 -20047.3 295.809 -179.446 0.875584
875300 -16302.1 -20075.9 292.223 -124.329 0.876985
875400 -16314.8 -20113 294.117 74.5809 0.879651
875500 -16218.1 -20083 299.283 110.338 0.881847
875600 -16160.6 -20013.5 298.356 31.078 0.883429
875700 -16142.1 -20013.6 299.794 90.0513 0.884889
875800 -16178.3 -20014.4 297.056 189.713 0.885374
875900 -16279.5 -20087.5 294.879 -6.29975 0.884161
876000 -16306.9 -20098.3 293.59 -167.349 0.882653
876100 -16231 -20095 299.213 -65.0765 0.882315
876200 -16190.4 -20061.1 299.735 298.519 0.882189
876300 -16189.1 -20015.9 296.331 -120.913 0.87955
876400 -16174.5 -20039.7 299.306 30.6738 0.876554
876500 -16176.6 -19996.2 295.773 -96.7961 0.873213
876600 -16149.6 -19990.7 297.44 -118.98 0.870373
876700 -16110.4 -19933.6 296.049 -176.395 0.868725
876800 -16072 -19970.6 301.895 55.2853 0.868288
876900 -16099.9 -19969 299.605 -164.193 0.8679
877000 -16131.1 -19994.4 299.155 -160.026 0.868919
877100 -16166.7 -20031.4 299.267 -156.709 0.871569
877200 -16206.2 -20030.4 296.133 168.806 0.875618
877300 -16220.2 -20071.9 298.258 91.0383 0.878753
877400 -16259.7 -20109.9 298.145 87.6579 0.88063
877500 -16343.4 -20147.3 294.558 -36.6814 0.881631
877600 -16361.3 -20165.5 294.584 -71.7606 0.883144
877700 -16272.5 -20134.7 299.071 298.96 0.884959
877800 -16198.8 -20106.5 302.598 198.92 0.884328
877900 -16225.3 -20109.1 300.747 133.966 0.881602
878000 -16254.8 -20073 295.663 -104.113 0.877641
878100 -16231.6 -20086 298.469 -47.0298 0.874461
878200 -16180.3 -20028.9 298.021 30.6115 0.871969
878300 -16076.2 -19975.8 301.964 -276.938 0.869726
878400 -16077.4 -19957 300.424 -92.0106 0.869853
878500 -16126.5 -19986.1 298.873 75.9578 0.870925
878600 -16160.6 -20012.9 298.307 47.3458 0.871251
878700 -16181.1 -20035.2 298.448 -130.209 0.871376
878800 -16186.1 -20009 296.03 -220.236 0.872686
878900 -16144.6 -20003 298.779 -10.0297 0.875932
879000 -16093.6 -20007.7 303.092 206.645 0.879232
879100 -16140.9 -20027.1 300.931 62.8808 0.880391
879200 -16250.1 -20090.7 297.397 89.564 0.880744
879300 -16301.1 -20140.5 297.306 268.969 0.87987
879400 -16308.1 -20083.9 292.386 -121.282 0.877015
879500 -16202.5 -20036.7 296.899 -130.364 0.875528
879600 -16147.3 -19994.8 297.937 -132.457 0.875726
879700 -16133.2 -20023.6 301.262 169.088 0.876565
879800 -16182.3 -20019.7 297.159 -99.779 0.876143
879900 -16264.4 -20057.7 293.742 -195.017 0.876553
880000 -16297.8 -20097 294.195 -54.4761 0.878852
880100 -16178.9 -20003.4 296.156 361.861 0.88095
880200 -16107 -19997.7 301.276 210.432 0.880085
880300 -16137.2 -19991.7 298.476 -180.07 0.877453
880400 -16196.2 -20024.7 296.47 -6.85659 0.876341
880500 -16235.8 -20033.6 294.083 95.4589 0.875807
880600 -16168.7 -20060 301.328 247.295 0.873925
880700 -16099.7 -19960.2 298.941 -122.801 0.870508
880800 -16068.1 -19936.1 299.523 -108.425 0.868471
880900 -16001.9 -19895.7 301.526 -49.5632 0.867806
881000 -15961.2 -19903.2 305.255 107.797 0.867527
881100 -16051.3 -19869.4 295.658 -78.6003 0.866555
881200 -16077.4 -19925.6 297.988 -233.981 0.866398
881300 -16085.1 -19929.3 297.68 -89.3057 0.868363
881400 -16113.3 -19970.7 298.702 206.641 0.870807
881500 -16205.5 -20032.5 296.347 185.947 0.871261
881600 -16241.6 -20006.5 291.537 -94.6776 0.870182
881700 -16164.8 -20033.2 299.557 -31.8769 0.869913
881800 -16124 -19987.3 299.156 -36.0025 0.869975
881900 -16115.8 -19946.9 296.668 120.536 0.869908
882000 -16109.1 -20003.7 301.582 -109.991 0.86946
882100 -16172 -20005 296.817 -11.769 0.869744
882200 -16239.4 -20054.1 295.394 -140.73 0.870338
882300 -16365.1 -20084.2 288 -19.7205 0.872016
882400 -16330.6 -20125.5 293.857 190.589 0.873887
882500 -16232.5 -20088.7 298.615 -1.57068 0.874223
882600 -16183.3 -20040.4 298.674 -8.04949 0.874283
882700 -16151.7 -20001.4 298.106 182.673 0.874396
882800 -16099.3 -19982.2 300.675 41.6996 0.873063
882900 -16024.3 -19917.6 301.483 -188.281 0.871247
883000 -16004.4 -19890.2 300.902 -102.691 0.870915
883100 -16090.2 -19929.5 297.297 -35.8364 0.871564
883200 -16154 -19948.1 293.801 -200.408 0.873148
883300 -16125.3 -19991.4 299.374 227.844 0.876189
883400 -16125.6 -19992.8 299.462 244.623 0.877291
883500 -16232.6 -20035.1 294.446 36.2008 0.876129
883600 -16265.9 -20041.9 292.4 88.4815 0.874411
883700 -16195.5 -20052.1 298.637 -108.887 0.872189
883800 -16148.6 -19993.6 297.742 -103.793 0.870803
883900 -16121.3 -19979.3 298.752 29.5762 0.870211
884000 -16101 -19937.2 297.06 -80.8831 0.869504
884100 -15991.9 -19932.5 305.145 54.4244 0.869381
884200 -15964.1 -19876.2 302.941 -151.719 0.869023
884300 -16047.1 -19927.5 300.485 -110.9 0.869956
884400 -16119.8 -19948.6 296.491 -0.775715 0.872128
884500 -16117.1 -19965.4 298 20.4041 0.874411
884600 -16111.1 -19961.8 298.183 239.767 0.876326
884700 -16138.5 -19972.7 296.903 -3.57963 0.876432
884800 -16197.4 -20034.2 297.103 -8.00511 0.876435
884900 -16249.8 -20015 291.563 -116.88 0.876763
885000 -16168 -19995.2 296.367 126.537 0.877759
885100 -16112.8 -19995.5 300.663 164.916 0.877899
885200 -16148.2 -20011.4 299.153 -176.457 0.876538
885300 -16202.8 -20020.6 295.64 -332.458 0.876933
885400 -16194.9 -20040 297.744 261.543 0.879895
885500 -16112.8 -20043.8 304.402 315.44 0.880926
885600 -16112.7 -19985.5 299.894 182.346 0.878844
885700 -16183.6 -20001.2 295.616 -109.61 0.8748
885800 -16232 -20065.3 296.831 -175.332 0.871517
885900 -16322.6 -20099.9 292.493 -34.727 0.869713
886000 -16374.2 -20165 293.544 60.1527 0.868286
886100 -16286.7 -20077.3 293.527 -244.566 0.866568
886200 -16170.8 -20019.8 298.049 -56.6646 0.866782
886300 -16135 -20016.1 300.535 80.2835 0.867746
886400 -16159.8 -20008.6 298.04 -175.266 0.868191
886500 -16217.4 -20041.4 296.113 -63.2571 0.87043
886600 -16272.9 -20090.4 295.611 38.8488 0.874079
886700 -16320.9 -20094.7 292.233 84.9151 0.878497
886800 -16247.7 -20089.7 297.513 453.452 0.88289
886900 -16171.5 -20073.8 302.173 389.606 0.883587
887000 -16198.9 -20041.6 297.569 9.87236 0.880311
887100 -16236 -20056.1 295.812 -189.18 0.876009
887200 -16234 -20002.3 291.8 -313.362 0.87281
887300 -16110.5 -19937.9 296.382 -11.26 0.872014
887400 -16033.6 -19901.6 299.524 -141.673 0.871841
887500 -16002.8 -19869.6 299.427 132.436 0.872672
887600 -16025.3 -19943.2 303.393 -46.5394 0.87281
887700 -16133.4 -19969.4 297.045 -137.929 0.87339
887800 -16172.6 -20031.8 298.841 66.0893 0.875362
887900 -16215.4 -20042.8 296.376 -101.51 0.877203
888000 -16241.3 -20092.6 298.23 100.378 0.87986
888100 -16291.5 -20087.7 293.963 71.2248 0.882156
888200 -16327.9 -20167.2 297.303 151.357 0.883671
888300 -16317.3 -20107 293.465 141.329 0.883817
888400 -16211.8 -20071.3 298.868 177.39 0.882383
888500 -16163.5 -20000.5 297.12 226.788 0.878796
888600 -16122.4 -19963 297.394 -307.562 0.87365
888700 -16046.2 -19914.3 299.533 -158.34 0.870984
888800 -15989.1 -19891.3 302.172 113.714 0.869908
888900 -16081.5 -19964.4 300.674 -166.978 0.868425
889000 -16184.4 -19979.8 293.905 -235.703 0.868211
889100 -16158.4 -20002.8 297.695 9.31082 0.870238
889200 -16107.3 -19966.8 298.866 18.7876 0.872501
889300 -16062.6 -19957.7 301.628 59.7976 0.87442
889400 -16088.6 -19933.4 297.726 106.692 0.875674
889500 -16186.1 -20009.6 296.073 -150.139 0.87617
889600 -16237.4 -20032.9 293.911 -59.1396 0.878034
889700 -16200.1 -20062.6 299.093 223.986 0.880269
889800 -16158.9 -20018.4 298.864 214.083 0.880428
889900 -16048.3 -19969.2 303.616 279.949 0.878433
890000 -16004.8 -19951.9 305.65 127.905 0.873723
890100 -16099.9 -19957 298.68 -236.914 0.868056
890200 -16153 -19977.9 296.189 -322.926 0.865282
890300 -16152.4 -20012 298.867 84.6323 0.865288
890400 -16114 -19906.8 293.702 -269.708 0.865528
890500 -15994.9 -19873.2 300.315 -151.189 0.867693
890600 -15967 -19844.3 300.236 11.0416 0.870919
890700 -16009 -19888.7 300.426 95.2371 0.87377
890800 -16110.6 -19976 299.322 201.724 0.875303
890900 -16161.6 -20020.7 298.835 199.426 0.874816
891000 -16193.7 -20039.3 297.788 -58.7065 0.872688
891100 -16231.8 -20045.2 295.298 -72.3132 0.871218
891200 -16240.3 -20061 295.855 -219.251 0.870973
891300 -16174.2 -20053.8 300.418 188.099 0.871901
891400 -16131.1 -20035.2 302.324 35.6827 0.87181
891500 -16191.2 -20033.4 297.523 -12.4733 0.871088
891600 -16281.9 -20122.4 297.392 -8.6135 0.870282
891700 -16322.1 -20121 294.171 -162.145 0.869844
891800 -16280.1 -20090.1 295.031 -124.6 0.870938
891900 -16231.3 -20109.7 300.326 315.88 0.872973
892000 -16259.6 -20116.8 298.692 49.7762 0.872546
892100 -16293.2 -20104 295.095 -150.545 0.87134
892200 -16224 -20097.5 299.951 -61.726 0.871581
892300 -16105.8 -20013.3 302.58 -0.475316 0.872628
892400 -16113.3 -19999.8 300.954 -74.8004 0.873649
892500 -16191 -20062.5 299.794 -64.7744 0.875477
892600 -16253.3 -20095.5 297.528 247.775 0.877588
892700 -16256.7 -20075.7 295.728 61.8322 0.877841
892800 -16219.7 -20095.8 300.147 108.253 0.877055
892900 -16218.6 -20026.1 294.837 -193.284 0.875543
893000 -16145 -20024.3 300.394 16.3732 0.875383
893100 -16088.9 -19992.2 302.262 214.216 0.875121
893200 -16156.9 -20014.3 298.7 -37.085 0.873014
893300 -16216.9 -20031.7 295.399 -455.207 0.871667
893400 -16203.1 -20044.4 297.453 -100.069 0.874149
893500 -16168.7 -20049.8 300.535 146.14 0.877814
893600 -16137.1 -20047.6 302.811 134.619 0.88033
893700 -16183.8 -20040 298.607 177.5 0.881492
893800 -16262 -20105.4 297.614 159.635 0.880811
893900 -16318 -20123.3 294.666 -156.728 0.878774
894000 -16288 -20102.1 295.35 -248.385 0.878134
894100 -16173.3 -20020.7 297.928 69.5583 0.879562
894200 -16139.7 -20007.8 299.532 80.8013 0.88071
894300 -16171.3 -20054.1 300.669 27.9339 0.881204
894400 -16261.2 -20091.5 296.606 233.972 0.881168
894500 -16294.6 -20140.8 297.831 -62.8193 0.879408
894600 -16298.7 -20131.5 296.798 56.7771 0.877356
894700 -16269.2 -20111.9 297.561 -95.6502 0.874814
894800 -16153.1 -20055.9 302.217 -105.21 0.872703
894900 -16082.2 -19995 302.993 -143.46 0.871599
895000 -16126.3 -20008.9 300.655 2.2668 0.871569
895100 -16186.9 -20056.3 299.633 30.118 0.87173
895200 -16238.7 -20059.7 295.886 -88.8108 0.87174
895300 -16219.4 -20021.6 294.422 -89.0796 0.872706
895400 -16124.4 -19992.1 299.494 441.606 0.87424
895500 -16115.5 -20005.6 301.231 -41.924 0.872703
895600 -16177.6 -20058.7 300.538 -226.325 0.870853
895700 -16258.5 -20101 297.548 -158.278 0.870654
895800 -16291.6 -20131.9 297.379 -130.084 0.872138
895900 -16296 -20144.5 298.014 273.335 0.874909
896000 -16286.6 -20115.3 296.485 317.489 0.875525
896100 -16231.2 -20081.5 298.15 95.9655 0.87308
896200 -16163.6 -20016.1 298.321 -142.524 0.869456
896300 -16109 -19975.5 299.409 -332.658 0.867266
896400 -16057.2 -19930.9 299.968 -108.259 0.868041
896500 -16002.8 -19945.8 305.333 158.026 0.870026
896600 -16072.7 -19916.3 297.631 -60.8103 0.870952
896700 -16155.6 -20025.6 299.677 -17.5707 0.872144
896800 -16219.3 -20058.9 297.325 -37.2675 0.873774
896900 -16252.1 -20112.6 298.943 -50.1971 0.875824
897000 -16292 -20143.9 298.274 243.476 0.87803
897100 -16406.3 -20184.6 292.578 141.916 0.878218
897200 -16439.7 -20226.2 293.216 76.1094 0.876809
897300 -16362.6 -20191.8 296.513 -145.719 0.874813
897400 -16306.2 -20135.7 296.541 -346.128 0.874267
897500 -16258.4 -20103 297.711 116.427 0.876617
897600 -16215 -20061.4 297.85 115.963 0.878466
897700 -16189.4 -20067.3 300.289 212.917 0.878658
897800 -16200.2 -20034.8 296.943 -0.821807 0.877201
897900 -16189.2 -20013.9 296.171 -132.155 0.875676
898000 -16154.9 -20030.4 300.103 194.808 0.874779
898100 -16141.7 -19981.8 297.359 -138.331 0.872665
898200 -16100.5 -20020.4 303.541 -2.22297 0.871118
898300 -16144.9 -19974.4 296.538 -98.2701 0.870025
898400 -16201.1 -20011.2 295.032 -103.146 0.869806
898500 -16202.4 -20055.5 298.371 -140.25 0.870802
898600 -16163.2 -20045.3 300.616 -11.9277 0.873027
898700 -16128.1 -20016.5 301.106 242.338 0.875499
898800 -16173 -20045.9 299.902 189.203 0.876117
898900 -16275.5 -20107.6 296.742 41.0507 0.874957
899000 -16299.9 -20134.1 296.9 -170.061 0.873287
899100 -16287.1 -20141 298.435 -15.8564 0.872672
899200 -16250.5 -20093 297.55 267.41 0.872078
899300 -16143.1 -19986.1 297.59 -208.468 0.869276
899400 -16069.4 -19956.4 300.994 -299.703 0.867594
899500 -16088 -19964.9 300.216 -100.561 0.868623
899600 -16173.7 -20018.2 297.704 146.887 0.870898
899700 -16230.4 -20062.5 296.744 113.17 0.872473
899800 -16230.9 -20063.9 296.815 96.4193 0.87269
899900 -16210.2 -20062.3 298.294 -159.339 0.87216
900000 -16183.5 -20025.8 297.528 49.2669 0.872635
900100 -16093.4 -19974.6 300.543 114.9 0.872942
900200 -16001.8 -19897.3 301.655 235.953 0.871885
900300 -16012.2 -19864.4 298.295 -249.89 0.869147
900400 -16045.3 -19920.3 300.065 -55.2989 0.867846
900500 -16173.9 -19990.4 295.539 -278.673 0.867721
900600 -16221.9 -20058.9 297.124 -86.587 0.870171
900700 -16201.6 -20027.2 296.239 25.3632 0.873691
900800 -16132.7 -20026.3 301.504 77.684 0.876961
900900 -16132 -20025 301.458 376.082 0.879095
901000 -16240.1 -20025 293.09 101.51 0.878221
901100 -16256.9 -20115 298.757 -103.969 0.876238
901200 -16257.7 -20089.8 296.74 -257.863 0.875316
901300 -16238.6 -20122.7 300.768 56.8145 0.876297
901400 -16264.2 -20087.7 296.079 -64.7275 0.877358
901500 -16319.1 -20130.7 295.157 88.8178 0.878848
901600 -16320.4 -20147.8 296.378 28.8298 0.879705
901700 -16255.4 -20113.9 298.785 -2.55419 0.880219
901800 -16200.8 -20134.2 304.589 94.3118 0.880683
901900 -16290.1 -20134.9 297.724 11.2206 0.880491
902000 -16347.5 -20171.6 296.127 66.2806 0.879821
902100 -16328.8 -20140.5 295.157 -102.702 0.878629
902200 -16251.5 -20086.2 296.948 -100.064 0.878207
902300 -16188.2 -20040.6 298.311 -113.609 0.878966
902400 -16185.3 -20069.3 300.768 161.015 0.880898
902500 -16237.7 -20086.6 298.04 237.749 0.881504
902600 -16257 -20057.2 294.273 -156.107 0.879987
902700 -16225.9 -20067 297.442 106.82 0.879268
902800 -16217.1 -20062.2 297.756 -54.1412 0.87794
902900 -16213 -20061.9 298.043 -24.6522 0.876637
903000 -16182.4 -20049 299.418 -67.765 0.875481
903100 -16100.6 -19979.8 300.394 -52.9538 0.874631
903200 -16036.4 -19921.6 300.854 123.671 0.874017
903300 -16023 -19892.7 299.654 -41.793 0.8721
903400 -16102.3 -19940.5 297.212 -532.253 0.870915
903500 -16176.6 -19982.4 294.706 144.032 0.873881
903600 -16155.1 -19994.5 297.308 113.046 0.876775
903700 -16105.3 -20015.8 302.812 262.64 0.878348
903800 -16133.8 -19992.9 298.837 -93.5793 0.877969
903900 -16235.4 -20064.7 296.526 -167.666 0.878256
904000 -16268.2 -20067.1 294.176 13.2056 0.880032
904100 -16214.5 -20079.2 299.262 94.2951 0.882018
904200 -16144.7 -20024.5 300.437 123.559 0.883184
904300 -16066.9 -19997 304.332 320.852 0.882886
904400 -16051.8 -19979.7 304.161 168.097 0.879599
904500 -16154.8 -19993.8 297.277 -271.273 0.874798
904600 -16196.7 -20031.2 296.931 -301.043 0.872596
904700 -16198.7 -20054.6 298.59 -5.90155 0.87295
904800 -16209.9 -20040.8 296.649 -121.309 0.87377
904900 -16221.2 -20048.7 296.385 -42.949 0.875725
905000 -16202.3 -20073 299.732 224.645 0.877834
905100 -16227.6 -20100.5 299.903 33.1492 0.878319
905200 -16322.2 -20168.9 297.871 129.369 0.878057
905300 -16365.5 -20171.6 294.73 -84.3468 0.876884
905400 -16331.6 -20188 298.623 -46.7775 0.876134
905500 -16303.9 -20148.9 297.743 -27.7271 0.87594
905600 -16216.3 -20136.3 303.546 -57.8547 0.876162
905700 -16181.7 -20084 302.179 79.9219 0.876735
905800 -16247.6 -20066.5 295.725 63.4823 0.876785
905900 -16290.5 -20152.5 299.058 114.569 0.875957
906000 -16393.5 -20172.6 292.64 -164.573 0.873981
906100 -16416.4 -20187.5 292.018 -330.139 0.873616
906200 -16312.4 -20194.6 300.622 199.4 0.87614
906300 -16302.7 -20173.9 299.773 23.3361 0.877647
906400 -16332.5 -20154 295.924 34.1306 0.878599
906500 -16338.4 -20193.5 298.52 198.792 0.879142
906600 -16330.6 -20160.2 296.545 108.246 0.878014
906700 -16279.7 -20153.9 300.008 -6.12532 0.875615
906800 -16207.7 -20036.8 296.515 -85.8591 0.872673
906900 -16112.9 -19969.9 298.671 -396.503 0.870591
907000 -16094.1 -20000.8 302.52 -18.4391 0.87177
907100 -16154.5 -20033.8 300.401 -61.0691 0.874105
907200 -16211.3 -20082 299.729 82.5881 0.877427
907300 -16249.3 -20107.7 298.785 72.9379 0.880486
907400 -16287 -20115.4 296.452 236.17 0.882642
907500 -16301.6 -20139.1 297.167 194.713 0.883259
907600 -16310.5 -20163.4 298.349 213.782 0.881817
907700 -16322.6 -20138.8 295.513 -71.9713 0.877939
907800 -16277.1 -20103 296.26 -159.319 0.87387
907900 -16192.7 -20060.3 299.494 -184.45 0.871124
908000 -16159.9 -20046.2 300.941 -150.906 0.869877
908100 -16203 -20022.7 295.78 -382.615 0.870409
908200 -16281.9 -20046.5 291.521 -62.4629 0.87453
908300 -16288 -20137.3 298.075 461.134 0.879473
908400 -16239 -20084.2 297.75 207.894 0.880657
908500 -16160.8 -20041.4 300.494 41.9262 0.879458
908600 -16133.1 -20015.4 300.628 -135.136 0.878113
908700 -16189.1 -20035 297.807 35.5048 0.877542
908800 -16297.9 -20116.3 295.682 -67.0927 0.877165
908900 -16310.6 -20117.1 294.754 -50.5339 0.877238
909000 -16240.7 -20078.2 297.16 75.4363 0.877519
909100 -16183.2 -20031.9 298.022 37.3189 0.877346
909200 -16161.9 -19992.8 296.65 51.8125 0.876687
909300 -16139.5 -19997.6 298.76 -39.5963 0.87559
909400 -16136.4 -19996.8 298.934 0.116433 0.874566
909500 -16191.9 -20025 296.82 -68.5718 0.87378
909600 -16273.5 -20077 294.532 -57.9992 0.873105
909700 -16262.1 -20064.2 294.426 -337.173 0.873091
909800 -16158.7 -20006 297.923 -38.5598 0.876586
909900 -16125.8 -20032.9 302.549 444.289 0.882043
910000 -16193.8 -20071.1 300.246 362.4 0.884799
910100 -16252.5 -20064.7 295.206 -4.49788 0.884306
910200 -16232.3 -20057.2 296.185 -191.283 0.883467
910300 -16174.5 -20059.2 300.82 53.2921 0.884292
910400 -16117.3 -20011.8 301.579 -1.92784 0.885274
910500 -16053.6 -19956 302.187 118.092 0.885851
910600 -16062.5 -19974.5 302.932 254.236 0.885268
910700 -16178.6 -20043.7 299.292 72.6926 0.882317
910800 -16221.1 -20041.3 295.821 -136.357 0.87828
910900 -16205.8 -20044.1 297.221 -105.051 0.875357
911000 -16151.2 -20023.9 299.885 -148.497 0.873811
911100 -16099.8 -20023.5 303.831 22.827 0.873591
911200 -16179.5 -20006 296.311 -66.609 0.873379
911300 -16269.4 -20110.7 297.453 -238.536 0.873947
911400 -16287.6 -20106.1 295.683 -145.214 0.876684
911500 -16255.3 -20107.8 298.317 178.987 0.880753
911600 -16227 -20113.6 300.969 308.386 0.88305
911700 -16290.8 -20108.9 295.659 168.576 0.882356
911800 -16381.3 -20160.2 292.617 -32.343 0.880121
911900 -16326.7 -20133.3 294.772 -64.2482 0.878109
912000 -16244.9 -20104.4 298.865 3.77847 0.876682
912100 -16221.3 -20069.3 297.98 -41.3856 0.875314
912200 -16188.6 -19997.5 294.953 40.7609 0.87419
912300 -16073.7 -19972.9 301.943 -152.145 0.873151
912400 -16070.1 -19962.3 301.399 -32.9625 0.873252
912500 -16142.8 -20010.7 299.513 -20.3089 0.874033
912600 -16212.8 -20055.4 297.557 203.199 0.874867
912700 -16233.5 -20064.9 296.692 -269.109 0.874463
912800 -16194.9 -20050 298.523 -30.8674 0.87574
912900 -16093 -19992.5 301.962 188.381 0.877532
913000 -15999.6 -19951.5 306.016 150.692 0.877891
913100 -16077 -19973.7 301.742 -83.8981 0.876947
913200 -16150.4 -19997.8 297.929 -183.757 0.876541
913300 -16169.5 -20018.7 298.074 -110.973 0.878039
913400 -16201.1 -20071.8 299.736 16.954 0.880714
913500 -16276.5 -20110.2 296.868 171.094 0.883217
913600 -16330.1 -20163.2 296.825 -44.8932 0.884766
913700 -16379.5 -20189.9 295.061 297.222 0.886114
913800 -16464 -20211.9 290.221 -141.627 0.8857
913900 -16414.5 -20215.3 294.319 111.093 0.885709
914000 -16309.3 -20143.9 296.943 37.495 0.885116
914100 -16275.8 -20134.8 298.829 127.891 0.88359
914200 -16248.8 -20076.2 296.38 -98.6941 0.880705
914300 -16167 -20028.4 299.013 -199.76 0.878336
914400 -16096.4 -19997.7 302.103 -218.03 0.877863
914500 -16113.9 -19999.2 300.865 113.202 0.878944
914600 -16163 -20048.5 300.88 -79.8106 0.879621
914700 -16204.4 -20042.2 297.185 -30.3897 0.880938
914800 -16221.5 -20082.3 298.966 84.4813 0.882741
914900 -16270.5 -20111.2 297.411 247.975 0.884104
915000 -16356.1 -20164 294.87 118.281 0.883464
915100 -16374.3 -20193.1 295.711 -53.4288 0.881576
915200 -16261.4 -20123.7 299.076 125.298 0.879381
915300 -16178.2 -20058.1 300.444 -245.708 0.876471
915400 -16174.5 -20001.8 296.372 56.4903 0.875074
915500 -16149.7 -20049.7 302.004 228.353 0.872982
915600 -16212 -20023.3 295.14 -154.716 0.869134
915700 -16276.5 -20072.7 293.959 -315.236 0.866636
915800 -16224.3 -20036.5 295.2 -248.642 0.867032
915900 -16117.5 -20010.8 301.48 -198.083 0.870255
916000 -16140.6 -20036.5 301.686 209.585 0.874792
916100 -16224 -20080.4 298.626 95.7658 0.877582
916200 -16268.5 -20075.4 294.787 79.6106 0.879202
916300 -16244.3 -20084.7 297.389 14.0614 0.88013
916400 -16150.8 -20021.1 299.707 139.44 0.880637
916500 -16056.3 -19954.7 301.878 224.543 0.879788
916600 -16069.9 -19945.2 300.086 7.11523 0.877028
916700 -16118.1 -19979.6 299.019 -135.101 0.874078
916800 -16176.6 -19999.1 295.997 -381.859 0.872945
916900 -16193.4 -20023.5 296.59 61.5086 0.874753
917000 -16101 -20002.4 302.115 112.882 0.876379
917100 -16038.4 -19958.4 303.546 278.985 0.876647
917200 -16117 -19978.6 299.03 44.578 0.874613
917300 -16171.8 -20002.1 296.602 -35.8952 0.87184
917400 -16157.9 -19979 295.894 -193.358 0.86982
917500 -16109.3 -20001.1 301.362 -117.453 0.869664
917600 -16113.8 -20002.9 301.154 -205.126 0.870858
917700 -16218.3 -20036.5 295.666 55.6201 0.873815
917800 -16258.4 -20074.8 295.527 191.433 0.876096
917900 -16238.7 -20108.2 299.638 -213.092 0.87697
918000 -16218.7 -20113.3 301.583 -132.619 0.879125
918100 -16291.3 -20139.1 297.956 39.248 0.882518
918200 -16374.7 -20185.5 295.098 293.985 0.88523
918300 -16369.9 -20196.9 296.346 254.736 0.884928
918400 -16297.1 -20159.6 299.093 39.4802 0.882442
918500 -16224.1 -20082.1 298.746 -204.449 0.88023
918600 -16199.4 -20035.5 297.054 33.8834 0.879738
918700 -16207.1 -20108.6 302.121 135.664 0.879289
918800 -16286.2 -20136.4 298.147 -126.687 0.878075
918900 -16325.3 -20124.6 294.205 -116.404 0.878022
919000 -16282.6 -20152.4 299.66 88.391 0.878801
919100 -16269.3 -20126.9 298.718 -108.297 0.87896
919200 -16325.3 -20133.7 294.91 116.572 0.879578
919300 -16381.3 -20170.6 293.428 -135.757 0.879808
919400 -16332.5 -20156 296.076 -88.0293 0.881139
919500 -16242.1 -20112 299.678 269.637 0.882827
919600 -16235.3 -20127.2 301.372 233.234 0.882115
919700 -16287.5 -20126 297.235 30.7618 0.879297
919800 -16309.3 -20109.6 294.282 -136.931 0.876187
919900 -16261.9 -20070.4 294.918 -355.024 0.874798
920000 -16229.3 -20093.9 299.259 89.4662 0.876447
920100 -16228.2 -20063.1 296.961 92.1444 0.877496
920200 -16232.9 -20112 300.383 -6.74315 0.877494
920300 -16298.6 -20099.5 294.324 18.2376 0.877725
920400 -16313 -20136.5 296.073 4.89699 0.877824
920500 -16220.8 -20073.9 298.375 -7.56158 0.877722
920600 -16151.3 -20068.1 303.306 1.74797 0.877593
920700 -16203.1 -20047.5 297.693 -40.0708 0.87747
920800 -16247.4 -20079.5 296.743 -120.157 0.878141
920900 -16245 -20084.4 297.305 58.4027 0.879717
921000 -16157.6 -20055.8 301.862 177.606 0.880635
921100 -16083.5 -19981.9 301.879 92.4464 0.880039
921200 -16121.8 -20006 300.776 -35.366 0.87861
921300 -16218.5 -20054.8 297.074 83.2485 0.877067
921400 -16239.4 -20048.8 294.985 -58.9534 0.874727
921500 -16201.5 -20042.5 297.436 -214.028 0.873245
921600 -16157.1 -20027.8 299.731 161.249 0.873215
921700 -16165.3 -20030.2 299.285 -162.178 0.872346
921800 -16276.8 -20042.7 291.619 -136.26 0.87247
921900 -16266.5 -20040.5 292.246 148.473 0.873843
922000 -16177.5 -20055.8 300.319 -5.85747 0.874623
922100 -16186.2 -20059.3 299.925 -146.182 0.875339
922200 -16219.9 -20067.4 297.934 112.219 0.877047
922300 -16260.8 -20082.9 295.972 90.704 0.878287
922400 -16349.3 -20116.4 291.71 -1.7447 0.879029
922500 -16340.4 -20148.2 294.866 127.196 0.879745
922600 -16233.8 -20123.9 301.239 377.105 0.879065
922700 -16206.4 -20042 297.016 145.954 0.874442
922800 -16175.7 -20013.2 297.157 -420.084 0.867964
922900 -16130.8 -20020.5 301.203 -194.287 0.864755
923000 -16096.8 -19950.9 298.453 -249.971 0.864056
923100 -16051.6 -19935 300.712 -18.2627 0.865389
923200 -16054.7 -19926.1 299.782 -134.918 0.86751
923300 -16107.4 -19929.5 295.967 184.311 0.87045
923400 -16151.5 -19955.6 294.572 100.778 0.872041
923500 -16132.7 -19974.9 297.524 -88.2655 0.872676
923600 -16040.2 -19922.1 300.603 -14.6937 0.873911
923700 -16025.8 -19964.4 304.988 -15.0781 0.875524
923800 -16130.1 -20019.7 301.196 151.659 0.877046
923900 -16185.3 -20028.2 297.583 -112.499 0.87763
924000 -16217.9 -20078.9 298.98 138.911 0.878672
924100 -16280.3 -20108.1 296.41 180.775 0.878722
924200 -16324.4 -20102.3 292.546 33.1605 0.877053
924300 -16227.1 -20084.1 298.677 88.7612 0.87452
924400 -16162.9 -20029.1 299.385 -52.699 0.871363
924500 -16163.1 -19989 296.263 -255.613 0.869155
924600 -16118.1 -19979.4 299.006 -58.3995 0.868937
924700 -16043.2 -19938.7 301.655 -31.2104 0.869496
924800 -16016.9 -19957.3 305.133 -103.785 0.870474
924900 -16137.4 -19959.6 295.982 -198.508 0.872552
925000 -16161.3 -20004.2 297.582 39.5113 0.876242
925100 -16171.6 -20039 299.482 251.698 0.879695
925200 -16241.5 -20060.3 295.709 -55.3322 0.881122
925300 -16275 -20058.1 292.941 -55.5924 0.882634
925400 -16164.9 -20043.9 300.376 337.45 0.884502
925500 -16120.7 -20010.1 301.18 176.647 0.883318
925600 -16147.3 -19972.6 296.215 -64.0666 0.880281
925700 -16143.7 -19972.5 296.489 67.6347 0.877759
925800 -16056.7 -19918 299.003 -116.51 0.875085
925900 -15980.2 -19892.8 302.979 -212.41 0.873565
926000 -16038 -19939.8 302.144 22.0727 0.873774
926100 -16117.7 -19993.7 300.143 -23.5797 0.874148
926200 -16173.8 -20045.2 299.785 124.031 0.874446
926300 -16232.6 -20027.5 293.864 -62.6418 0.873833
926400 -16203.4 -20035.1 296.707 -234.842 0.874042
926500 -16136.5 -20043.4 302.536 142.003 0.87616
926600 -16156.6 -20034.5 300.295 141.367 0.877035
926700 -16180.9 -20009.4 296.466 -16.9643 0.876795
926800 -16169.9 -20003.5 296.864 252.073 0.876352
926900 -16108.4 -19952.9 297.702 -121.402 0.873873
927000 -16048.3 -19983.4 304.722 -117.178 0.872039
927100 -16106.2 -19952.4 297.835 -119.299 0.8717
927200 -16141.6 -19982.1 297.395 148.111 0.87219
927300 -16144.9 -19989.5 297.71 -79.2825 0.871703
927400 -16129.2 -19964.3 296.973 -75.6047 0.871733
927500 -16067 -19970.9 302.302 153.49 0.872479
927600 -16050.8 -20004.6 306.175 203.377 0.871673
927700 -16176.6 -20001.6 296.19 -468.696 0.869383
927800 -16189.9 -20035 297.756 -119.016 0.870686
927900 -16180.4 -20064 300.731 70.5366 0.873985
928000 -16227.5 -20064.6 297.135 257.014 0.876929
928100 -16316 -20144.1 296.433 280.002 0.877879
928200 -16354.4 -20144.8 293.509 -91.6864 0.876006
928300 -16283.1 -20119.4 297.064 -210.939 0.87452
928400 -16227.9 -20072.9 297.744 232.068 0.874634
928500 -16221.6 -20061 297.312 210.27 0.872493
928600 -16192.7 -20036.8 297.672 -156.147 0.86777
928700 -16142.8 -20023.4 300.502 -235.71 0.863554
928800 -16087.8 -19926.4 297.243 -363.514 0.861228
928900 -15995.5 -19888.7 301.477 -166.683 0.862399
929000 -16002.4 -19926 303.829 -84.2734 0.865688
929100 -16113.3 -20015.8 302.189 290.812 0.869307
929200 -16182.6 -20030.8 297.989 -20.8213 0.871224
929300 -16221.2 -20068.4 297.914 202.13 0.872656
929400 -16241.8 -20057.8 295.493 -124.298 0.872726
929500 -16220.9 -20079.5 298.795 -57.847 0.873569
929600 -16168.3 -20037.4 299.608 31.8944 0.874929
929700 -16115.9 -20007.7 301.373 -89.9176 0.876314
929800 -16148.6 -20029.1 300.495 71.4311 0.878804
929900 -16259.1 -20097.1 297.199 289.292 0.88051
930000 -16273 -20066.7 293.772 118.291 0.879301
930100 -16213.9 -20060.6 297.873 -1.48438 0.876679
930200 -16177.2 -20032.7 298.553 -179.255 0.874307
930300 -16145.5 -20003.3 298.739 35.7675 0.873341
930400 -16048.8 -19932.3 300.726 -131.043 0.872614
930500 -15974.7 -19913.8 305.034 -146.038 0.872956
930600 -16060.2 -19953.8 301.507 5.67597 0.874578
930700 -16135 -19997.5 299.093 -132.622 0.87661
930800 -16189.2 -20056.8 299.485 -30.6044 0.87959
930900 -16261.4 -20092.6 296.677 173.887 0.882831
931000 -16292.9 -20132.8 297.35 157.477 0.884872
931100 -16285.2 -20092.5 294.821 316.063 0.884936
931200 -16161.6 -20029.2 299.494 189.514 0.882149
931300 -16096.5 -19978.4 300.599 -305.866 0.877954
931400 -16135.2 -20004.8 299.648 -87.53 0.876045
931500 -16209 -20036.8 296.408 222.74 0.874992
931600 -16250.5 -20062.4 295.178 -181.642 0.872713
931700 -16210.7 -20042 296.684 -142.284 0.871878
931800 -16098.8 -19976.5 300.274 -13.2081 0.8724
931900 -16084.1 -19974.1 301.22 -24.7289 0.873093
932000 -16142.1 -19992.2 298.137 98.473 0.873863
932100 -16197.4 -20026.8 296.537 108.916 0.87372
932200 -16205.3 -20054.2 298.046 -55.7483 0.872807
932300 -16205.5 -20049 297.627 -126.719 0.87258
932400 -16206.3 -20074.2 299.514 -1.26989 0.87335
932500 -16239 -20055.8 295.559 -333.319 0.874482
932600 -16284.6 -20108.5 296.103 -17.0776 0.877893
932700 -16314.3 -20111.2 294.019 36.729 0.881218
932800 -16261.4 -20099.6 297.214 222.741 0.883248
932900 -16185.4 -20071.5 300.926 149.18 0.883212
933000 -16175.7 -20032.4 298.648 -117.675 0.882188
933100 -16248.2 -20121.3 299.916 130.01 0.882053
933200 -16356 -20183.2 296.364 100.428 0.880738
933300 -16360.4 -20176.7 295.523 -164.368 0.878964
933400 -16298.3 -20145.9 297.95 19.387 0.878499
933500 -16217.1 -20078.5 299.013 35.1406 0.878155
933600 -16183.5 -20051.6 299.538 -117.412 0.877845
933700 -16188.1 -20058.5 299.71 136.044 0.878025
933800 -16211.4 -20082.4 299.753 250.795 0.877026
933900 -16263.8 -20126.9 299.142 -86.1098 0.874154
934000 -16308.1 -20092.9 293.083 -308.558 0.872131
934100 -16256.7 -20090.8 296.893 -84.0724 0.872963
934200 -16215.1 -20052 297.113 -200.137 0.87502
934300 -16204.6 -20099.8 301.628 82.1349 0.878366
934400 -16264.1 -20106.8 297.565 198.421 0.880837
934500 -16303.6 -20080.2 292.444 56.7206 0.881374
934600 -16248.1 -20123.5 300.098 -39.974 0.881256
934700 -16230.2 -20063.1 296.801 -106.419 0.881638
934800 -16220.1 -20070.9 298.195 212.785 0.882743
934900 -16223.3 -20099 300.114 189.576 0.881859
935000 -16273.7 -20093.6 295.798 30.7854 0.879329
935100 -16323.6 -20137.3 295.312 -42.3952 0.876629
935200 -16349.1 -20154.7 294.694 -168.348 0.874614
935300 -16294.8 -20147.4 298.335 -166.924 0.87435
935400 -16227.6 -20127.9 302.018 17.3636 0.875409
935500 -16250.5 -20098.9 298.006 21.7269 0.876448
935600 -16338.2 -20164.1 296.267 51.5894 0.877178
935700 -16417.7 -20215.6 294.094 25.474 0.877364
935800 -16386.8 -20166 292.653 -78.408 0.877361
935900 -16324.3 -20168.4 297.67 63.5406 0.877831
936000 -16295 -20126.5 296.696 -103.353 0.878254
936100 -16253.4 -20137.6 300.774 86.3186 0.879142
936200 -16250.5 -20103.4 298.351 116.265 0.879291
936300 -16299.6 -20122.9 296.058 -170.611 0.878811
936400 -16344.9 -20158.3 295.297 -74.5906 0.879568
936500 -16324 -20163.7 297.335 176.928 0.880801
936600 -16243.3 -20128.9 300.891 191.083 0.880555
936700 -16203.8 -20086.4 300.653 134.7 0.878431
936800 -16270.7 -20111.2 297.391 -250.795 0.875476
936900 -16363.8 -20162.7 294.173 -271.463 0.874786
937000 -16327.9 -20122.3 293.82 -63.9813 0.876735
937100 -16248 -20084.5 297.082 270.232 0.879028
937200 -16211.1 -20057.3 297.84 152.247 0.878769
937300 -16167.7 -19988.2 295.842 -18.2425 0.876962
937400 -16094.1 -19993.1 301.926 78.7157 0.875303
937500 -16114.5 -20012.7 301.856 -123.166 0.873673
937600 -16158.4 -20045.9 301.034 -90.3362 0.873179
937700 -16214.4 -20038.6 296.131 -38.8726 0.873587
937800 -16245.6 -20090.2 297.716 12.5664 0.874313
937900 -16274.4 -20086.6 295.198 -123.724 0.874937
938000 -16247.9 -20099.3 298.236 49.8571 0.876338
938100 -16180.9 -20043.8 299.131 287.026 0.876991
938200 -16138.1 -20022 300.759 21.9955 0.875449
938300 -16131.8 -19995.4 299.181 -58.6258 0.87346
938400 -16178.9 -20010.4 296.692 -150.451 0.872176
938500 -16256.5 -20087.4 296.647 -1.87999 0.872654
938600 -16301.7 -20115.3 295.31 37.5729 0.873346
938700 -16254.9 -20061.6 294.775 -182.869 0.873609
938800 -16133.4 -19987.3 298.427 -109.496 0.875078
938900 -16111.9 -19978 299.38 65.1724 0.877806
939000 -16147.1 -20048.3 302.096 198.944 0.879924
939100 -16250.6 -20077.7 296.358 192.352 0.879894
939200 -16271.2 -20101.2 296.584 -69.7627 0.87812
939300 -16228.9 -20045.3 295.526 -132.433 0.877067
939400 -16138.1 -19983.4 297.761 63.4045 0.877106
939500 -16100.9 -19960.5 298.872 170.353 0.876656
939600 -16103.4 -19972.1 299.576 -59.7191 0.874878
939700 -16139.6 -19961.6 295.959 43.7144 0.873222
939800 -16172.1 -19981.7 294.998 -144.525 0.871917
939900 -16140.7 -19991 298.15 29.0335 0.871611
940000 -16085.5 -19983.6 301.856 203.5 0.870894
940100 -16100.4 -19935.2 296.957 -216.034 0.868853
940200 -16119.9 -19925.8 294.711 -132.917 0.868589
940300 -16058.9 -19910.5 298.251 101.091 0.869626
940400 -16009.3 -19938.5 304.262 38.2128 0.870054
940500 -16084.8 -19988.7 302.306 -12.5591 0.869893
940600 -16166.6 -20021.4 298.506 15.2929 0.869774
940700 -16194.7 -20029.8 296.976 -21.506 0.869741
940800 -16187.9 -20010.4 295.996 187.314 0.869437
940900 -16094.8 -19919 296.13 -109.316 0.867804
941000 -16021.5 -19925.6 302.324 -39.8467 0.866836
941100 -16074.2 -19950.5 300.166 -5.50453 0.866597
941200 -16128.9 -19966.3 297.151 -98.625 0.866628
941300 -16165.6 -20025.5 298.896 68.3008 0.867184
941400 -16225.3 -20030.3 294.643 -334.211 0.867785
941500 -16225 -20065 297.352 -37.6721 0.870926
941600 -16162.9 -20011.9 298.057 142.301 0.874368
941700 -16087.6 -19970.7 300.69 109.19 0.876193
941800 -16092.1 -19995.8 302.289 106.891 0.876765
941900 -16185.2 -20032 297.879 -1.28987 0.876269
942000 -16216.3 -20038 295.94 -68.8338 0.875785
942100 -16210.4 -20042.9 296.779 210.492 0.875587
942200 -16144.8 -20006.7 299.051 49.2331 0.873909
942300 -16044.8 -19957.1 302.954 -153.031 0.872081
942400 -16073 -19956.1 300.685 -103.751 0.87182
942500 -16118.1 -19963.7 297.788 -94.445 0.872658
942600 -16126.6 -19947.3 295.861 -124.553 0.874243
942700 -16068.2 -19947.1 300.364 -93.3849 0.876797
942800 -15969.9 -19874.8 302.383 338.356 0.879534
942900 -15958.8 -19884.6 304 241.861 0.879299
943000 -16087.7 -19950.5 299.126 30.9658 0.876786
943100 -16146 -19990.5 297.7 -167.851 0.874351
943200 -16164.2 -20008.2 297.662 -241.476 0.873566
943300 -16156.3 -19998.9 297.561 -170.187 0.87504
943400 -16152.5 -20037.9 300.868 125.284 0.87795
943500 -16226.5 -20055.8 296.525 196.158 0.879578
943600 -16297.4 -20101.9 294.607 113.479 0.879303
943700 -16282.1 -20079.9 294.09 -74.5721 0.878139
943800 -16157.4 -20036.2 300.363 81.8236 0.877268
943900 -16142.2 -20001.3 298.836 110.436 0.875824
944000 -16159.6 -19996.6 297.116 -79.5743 0.873807
944100 -16175.8 -20030.9 298.53 113.899 0.872274
944200 -16219.5 -20017.5 294.099 -20.1047 0.869888
944300 -16203.3 -20017.7 295.372 -338.81 0.867784
944400 -16097.8 -19928.3 296.618 -200.131 0.868915
944500 -16037.5 -19933.9 301.721 78.1318 0.871848
944600 -16081.7 -19966.6 300.833 -27.266 0.874297
944700 -16168.4 -19999 296.632 -54.6564 0.877012
944800 -16180.6 -20017.9 297.146 48.6087 0.879731
944900 -16174.3 -20024.4 298.143 245.625 0.881697
945000 -16160.4 -20012.1 298.26 32.3233 0.88169
945100 -16095.7 -19986.1 301.262 188.368 0.880839
945200 -16055.4 -19949.8 301.568 72.5082 0.878633
945300 -16109.3 -19970.7 299.019 -129.807 0.875715
945400 -16195.6 -20033.9 297.221 -33.4751 0.874073
945500 -16233.8 -20084.3 298.166 139.072 0.872748
945600 -16235.9 -20026.9 293.561 -250.549 0.870531
945700 -16178.9 -20012.2 296.831 -126.973 0.870456
945800 -16154.5 -19990.4 297.036 -39.9534 0.871877
945900 -16127.4 -19980.5 298.369 -106.996 0.873735
946000 -16095.3 -19979.7 300.793 -70.7861 0.876522
946100 -16118.5 -19975.8 298.688 192.418 0.879517
946200 -16213.7 -20052 297.216 -6.07774 0.881051
946300 -16277.4 -20104.7 296.371 56.4519 0.882364
946400 -16279 -20084 294.642 371.537 0.882798
946500 -16185.2 -20078.5 301.485 221.769 0.880125
946600 -16123.4 -19974.4 298.2 -194.673 0.875716
946700 -16119 -19990.2 299.775 36.9942 0.872743
946800 -16126.6 -19949.7 296.052 -116.967 0.87008
946900 -16112.1 -19998.5 300.946 102.799 0.868111
947000 -16182.9 -20009.7 296.33 -344.382 0.865978
947100 -16269.3 -20063.1 293.777 -194.364 0.866585
947200 -16233 -20013.1 292.713 -83.6887 0.869775
947300 -16145 -20020.1 300.075 148.895 0.873239
947400 -16144.3 -20005.5 298.995 112.717 0.875076
947500 -16177.9 -20014.1 297.059 103.18 0.875873
947600 -16230.3 -20075.3 297.744 -175.188 0.875841
947700 -16318.6 -20080.2 291.281 -162.862 0.877279
947800 -16290.2 -20093.9 294.551 320.637 0.879845
947900 -16196 -20051.2 298.534 187.022 0.879823
948000 -16178.2 -20023.7 297.785 58.7945 0.877841
948100 -16152.8 -19989.5 297.097 -251.729 0.875629
948200 -16099 -20004 302.383 118.592 0.875209
948300 -16114.8 -19988.6 299.968 -71.6427 0.874274
948400 -16210.3 -19996.3 293.173 -241.546 0.874102
948500 -16212.4 -20056.8 297.698 -46.468 0.876056
948600 -16170.3 -20010.8 297.4 71.8428 0.878612
948700 -16050.9 -19954.8 302.305 24.1855 0.880545
948800 -16050.1 -19963.2 303.008 31.6965 0.882135
948900 -16132.6 -19992.5 298.9 285.303 0.883281
949000 -16180.6 -20039.5 298.813 -31.1706 0.88212
949100 -16205.8 -20047.9 297.518 -78.0656 0.880761
949200 -16231.3 -20085.1 298.425 38.0838 0.880268
949300 -16320.9 -20069 290.24 0.0996813 0.879307
949400 -16306.5 -20114 294.84 -235.898 0.878699
949500 -16224.1 -20079.5 298.548 285.022 0.879425
949600 -16197.7 -20023.3 296.244 3.5629 0.878313
949700 -16159.6 -19999.5 297.344 -30.6955 0.876732
949800 -16106.8 -19984.7 300.288 -32.1473 0.875309
949900 -16031 -19948.1 303.321 89.0978 0.873923
950000 -15965 -19891.6 304.055 -144.477 0.871939
950100 -16045.5 -19943.1 301.812 -290.023 0.871039
950200 -16136.5 -19975 297.232 -89.5322 0.872914
950300 -16162.6 -20026.8 299.226 255.04 0.875993
950400 -16214.9 -20049.8 296.958 133.503 0.877392
950500 -16285.7 -20084.9 294.2 -96.57 0.87748
950600 -16298.8 -20102.4 294.534 43.1894 0.878192
950700 -16201.1 -20117.6 303.276 186.427 0.878825
950800 -16199.2 -20067.8 299.57 78.4895 0.877739
950900 -16273.3 -20115.2 297.503 -139.958 0.875675
951000 -16363.8 -20131.4 291.749 -104.779 0.874437
951100 -16315.9 -20084.1 291.801 -105.714 0.873933
951200 -16227.6 -20062.3 296.949 -229.557 0.874841
951300 -16183 -20063.4 300.483 21.3664 0.877821
951400 -16207 -20077.6 299.73 112.36 0.881245
951500 -16302.5 -20132.8 296.602 316.291 0.883701
951600 -16348.6 -20191.9 297.609 4.6313 0.883854
951700 -16347.4 -20171.8 296.143 88.1139 0.8832
951800 -16316.2 -20164.4 297.988 -78.9563 0.881719
951900 -16252.9 -20097.8 297.732 101.118 0.88065
952000 -16140.3 -20059.7 303.505 40.2795 0.879018
952100 -16155.4 -20041.1 300.891 -231.556 0.877302
952200 -16211.5 -20080.6 299.606 81.2547 0.877007
952300 -16255.4 -20050.6 293.883 -80.9272 0.876379
952400 -16206.5 -20038.9 296.766 5.66083 0.876297
952500 -16138.6 -20017.7 300.382 20.7119 0.876317
952600 -16134.5 -20007 299.87 -69.4189 0.876151
952700 -16157.5 -19988.4 296.643 135.389 0.876278
952800 -16168.9 -20019.9 298.203 205.168 0.875295
952900 -16187.8 -20012.9 296.199 34.1373 0.872269
953000 -16189.4 -20005 295.47 -196.967 0.868705
953100 -16120 -19968.6 298.023 -144.274 0.866824
953200 -16056.3 -19956.9 302.043 -62.6042 0.866532
953300 -16093.9 -19963.9 299.672 15.8593 0.866658
953400 -16185.6 -19999.9 295.366 -200.737 0.866885
953500 -16207.5 -20014.9 294.836 -209.012 0.869194
953600 -16191.8 -20071.1 300.398 101.657 0.873552
953700 -16235.9 -20103.6 299.502 215.572 0.877082
953800 -16290.7 -20110.6 295.796 120.281 0.878584
953900 -16277.6 -20100.5 296.032 -83.6349 0.879038
954000 -16160.7 -20044.2 300.721 134.126 0.879915
954100 -16123.9 -20045.6 303.681 18.3689 0.87995
954200 -16182 -20023.1 297.433 -173.197 0.879785
954300 -16218 -20065 297.895 73.3396 0.881042
954400 -16249 -20071.5 295.995 42.2287 0.882161
954500 -16301 -20117.3 295.518 32.6465 0.882723
954600 -16333.9 -20118.3 293.049 -21.6275 0.882824
954700 -16261.3 -20112.9 298.256 239.977 0.882909
954800 -16187.2 -20057.7 299.715 135.847 0.880827
954900 -16189.1 -20059.2 299.683 -7.53007 0.876554
955000 -16230.3 -20048.5 295.67 -296.421 0.872126
955100 -16266.9 -20043.5 292.448 -298.451 0.87008
955200 -16228.3 -20059.3 296.657 -187.872 0.871005
955300 -16141.5 -20020.3 300.358 102.166 0.873726
955400 -16120.6 -19987.9 299.472 7.70354 0.87637
955500 -16161.9 -20027 299.303 264.953 0.878957
955600 -16267.2 -20070.1 294.48 -82.0162 0.879822
955700 -16295.9 -20112.4 295.539 83.1435 0.881078
955800 -16253.2 -20069.8 295.539 94.6109 0.882086
955900 -16202.2 -20072.5 299.706 138.253 0.882176
956000 -16211.3 -20081.7 299.712 25.1983 0.880822
956100 -16232.8 -20059.6 296.334 -65.5831 0.878749
956200 -16204.9 -20042.5 297.168 12.0844 0.876981
956300 -16106.2 -19986.4 300.461 -323.999 0.875538
956400 -16029 -19989.7 306.699 25.6809 0.876314
956500 -16086.1 -19970.8 300.813 -221.208 0.87782
956600 -16135.3 -19981.5 297.836 -97.04 0.881344
956700 -16177.4 -20021.6 297.678 399.214 0.885753
956800 -16237.6 -20081.7 297.671 246.03 0.886894
956900 -16327.9 -20143.4 295.46 54.321 0.885478
957000 -16369.6 -20148.8 292.645 -31.8111 0.883462
957100 -16260.3 -20098.1 297.184 281.47 0.881242
957200 -16175.7 -20023.7 297.978 -188.144 0.877261
957300 -16137.6 -20005.5 299.517 -320.127 0.874848
957400 -16111.9 -19985 299.917 131.477 0.875008
957500 -16147.2 -20030.9 300.734 6.10044 0.874471
957600 -16248.8 -20073.3 296.151 -382.432 0.874126
957700 -16263.9 -20082 295.663 78.0885 0.87669
957800 -16223.6 -20076 298.309 139.318 0.878905
957900 -16172.6 -20049.7 300.223 -228.808 0.880107
958000 -16083.1 -20063.8 308.255 164.358 0.882874
958100 -16155.3 -20039.8 300.798 161.271 0.884462
958200 -16254.7 -20147 301.406 -3.80952 0.88452
958300 -16315.3 -20119 294.539 191.276 0.884463
958400 -16284.8 -20116.5 296.712 -116.315 0.883081
958500 -16219.5 -20113.4 301.531 143.936 0.881949
958600 -16243.6 -20117.2 299.955 -32.9522 0.880011
958700 -16368 -20187.3 295.755 -122.824 0.878121
958800 -16387.1 -20183.2 293.955 -320.152 0.877673
958900 -16324.7 -20152 296.37 79.845 0.879654
959000 -16255.4 -20082 296.312 45.7903 0.881628
959100 -16210.6 -20079.4 299.585 203.784 0.882866
959200 -16221.1 -20075.9 298.502 10.7742 0.882418
959300 -16227.2 -20055.1 296.412 -73.5317 0.881792
959400 -16150.4 -20012.2 299.046 306.031 0.881094
959500 -16084.3 -20025.8 305.215 54.9196 0.877669
959600 -16154.9 -19993.6 297.253 -195.986 0.873703
959700 -16193.7 -20051.9 298.764 -47.7667 0.871325
959800 -16246.8 -20113.5 299.42 -112.309 0.869521
959900 -16341.5 -20107.4 291.613 -250.665 0.868703
960000 -16318.7 -20112 293.737 -273.005 0.870391
960100 -16284.3 -20138.6 298.46 103.954 0.874845
960200 -16265.1 -20086.1 295.886 63.975 0.878923
960300 -16199.3 -20078.4 300.389 43.2377 0.882347
960400 -16147.9 -20045.3 301.8 65.4486 0.885465
960500 -16181.8 -20071 301.16 466.197 0.887237
960600 -16296.6 -20094.3 294.075 -44.3442 0.885414
960700 -16281.1 -20072.2 293.572 -201.381 0.883506
960800 -16187.6 -20037.2 298.098 74.5122 0.883249
960900 -16159 -20063.9 302.38 -190.473 0.883041
961000 -16218.7 -20060.1 297.461 12.2137 0.884206
961100 -16270.9 -20143.7 299.889 231.162 0.885282
961200 -16298 -20099.8 294.397 137.482 0.884325
961300 -16261.3 -20100.1 297.261 -147.27 0.882213
961400 -16229.2 -20084.3 298.525 11.5781 0.880749
961500 -16233.4 -20104.7 299.774 42.8181 0.879622
961600 -16329.7 -20096.5 291.688 108.037 0.878024
961700 -16343.5 -20121.9 292.59 -202.085 0.875942
961800 -16261.2 -20097.1 297.035 146.28 0.87519
961900 -16221.3 -20054.3 296.812 -112.166 0.873647
962000 -16188 -20065.4 300.254 -71.2764 0.872745
962100 -16197.9 -20062.8 299.282 -93.3234 0.872342
962200 -16291.9 -20105.5 295.311 -123.149 0.873185
962300 -16338.3 -20127.3 293.407 337.023 0.874757
962400 -16282.9 -20120.4 297.156 184.717 0.873532
962500 -16236.7 -20061.9 296.205 56.929 0.870237
962600 -16194.8 -20017.3 295.999 -440.81 0.866688
962700 -16145.1 -20022.1 300.219 -437.704 0.867058
962800 -16142.5 -19992.1 298.1 119.815 0.871392
962900 -16175.3 -20016.9 297.479 320.562 0.875002
963000 -16254.8 -20088.1 296.831 -82.5721 0.875995
963100 -16308.7 -20121 295.206 91.6238 0.87697
963200 -16282.4 -20092 295.001 254.475 0.876923
963300 -16164.5 -20028 299.172 -15.6936 0.875061
963400 -16125.6 -20005.2 300.426 52.8968 0.872914
963500 -16149.5 -19990 297.395 -4.1715 0.870395
963600 -16188.1 -19998.7 295.073 -195.627 0.867967
963700 -16209.2 -20056.3 297.903 -138.455 0.86739
963800 -16234.8 -20069.2 296.926 -30.1274 0.868219
963900 -16260.9 -20076.2 295.447 -240.976 0.869778
964000 -16220 -20066.6 297.866 158.967 0.872993
964100 -16147.1 -20030.8 300.737 26.7981 0.875167
964200 -16119.4 -19987.6 299.536 222.262 0.876429
964300 -16120 -19966.4 297.846 221.39 0.875687
964400 -16128.8 -19992.1 299.158 -90.5341 0.873202
964500 -16156.7 -19971.1 295.373 -132.328 0.871424
964600 -16143.1 -20010.1 299.442 11.8648 0.870893
964700 -16155.2 -20023.4 299.542 119.533 0.870413
964800 -16236.1 -20051.2 295.423 65.8108 0.868996
964900 -16263.7 -20029.1 291.576 -31.1495 0.867134
965000 -16161.3 -19998.3 297.12 -82.3947 0.865815
965100 -16111.6 -19966.3 298.49 -129.086 0.865318
965200 -16092 -19920.3 296.447 -230.719 0.866252
965300 -16034.7 -19906.8 299.838 121.814 0.868864
965400 -16011.3 -19923.7 302.964 117.56 0.870419
965500 -16116.8 -19954.6 297.181 121.143 0.870506
965600 -16180.7 -19997.9 295.59 -400.946 0.870229
965700 -16162.3 -20013.6 298.227 70.8853 0.872655
965800 -16121.8 -19969.7 297.969 246.824 0.874636
965900 -16029.9 -19944.3 303.114 174.42 0.87397
966000 -16001.9 -19913.2 302.876 -51.8517 0.871967
966100 -16113.6 -19975.5 299.049 -8.12879 0.87045
966200 -16166.5 -19992.8 296.291 -101.044 0.869354
966300 -16139.7 -19962.4 296.008 -59.188 0.869293
966400 -16072.8 -19936.1 299.159 35.7572 0.869881
966500 -16018.1 -19913.7 301.657 246.338 0.869708
966600 -16042.7 -19929.6 300.984 9.08784 0.867695
966700 -16164.9 -19975.3 295.063 -207.988 0.865809
966800 -16192.5 -20023.7 296.679 -111.332 0.865734
966900 -16161 -19958.1 294.035 29.6189 0.866712
967000 -16055.6 -19906.6 298.213 -59.9129 0.867782
967100 -16023.2 -19921.1 301.838 30.3293 0.869204
967200 -16084.7 -19963.9 300.39 -161.358 0.870433
967300 -16144 -19956.9 295.253 -88.5741 0.872842
967400 -16142.6 -20022.7 300.463 376.992 0.875538
967500 -16189.1 -20040 298.198 104.936 0.875114
967600 -16231.7 -20020.4 293.381 2.67418 0.873436
967700 -16192.9 -20055.4 299.099 -153.587 0.872229
967800 -16182.2 -20043.6 299.007 11.5323 0.872176
967900 -16187 -19996.7 295.007 -16.7946 0.872347
968000 -16123 -19931.6 294.928 248.746 0.872361
968100 -16038.8 -19949.8 302.857 10.5513 0.870273
968200 -16071.8 -19927.3 298.557 -177.781 0.868125
968300 -16125 -19955.1 296.592 -63.4832 0.867729
968400 -16160.9 -19993.2 296.757 188.519 0.86785
968500 -16250.8 -20032.7 292.849 -140.991 0.866863
968600 -16284.8 -20057.1 292.108 -539.982 0.867437
968700 -16190.2 -20045.6 298.547 -31.918 0.871865
968800 -16142.7 -19988.5 297.805 461.67 0.875378
968900 -16124.9 -19984.6 298.877 53.0158 0.874855
969000 -16139.7 -19979.9 297.372 21.0045 0.873801
969100 -16213.7 -20042.9 296.514 52.2628 0.872719
969200 -16295.9 -20096.9 294.335 23.6032 0.871413
969300 -16294.9 -20108.6 295.317 -4.77738 0.870117
969400 -16189.8 -20060.4 299.72 38.3787 0.868913
969500 -16131.7 -19962.3 296.626 -151.252 0.868023
969600 -16098.7 -19969.2 299.71 -59.7154 0.868383
969700 -16100.5 -19954.7 298.454 217.487 0.868861
969800 -16169.1 -20013.7 297.713 -166.898 0.867982
969900 -16260 -20023.3 291.419 -60.131 0.868155
970000 -16207.9 -20026.2 295.67 -181.074 0.869501
970100 -16145.5 -20004.4 298.818 294.874 0.871657
970200 -16138.7 -20001.4 299.116 55.4326 0.871608
970300 -16154.6 -19973.6 295.724 -102.036 0.87106
970400 -16092.2 -19955.2 299.135 176.12 0.871023
970500 -15996.3 -19913.8 303.362 37.9501 0.869661
970600 -16029.5 -19883.4 298.433 -30.0403 0.86773
970700 -16095.6 -19944.6 298.052 -257.849 0.866633
970800 -16166.8 -19995.6 296.492 -180.474 0.867713
970900 -16186.7 -20001.4 295.394 -70.3561 0.870567
971000 -16066.4 -19950.9 300.8 195.512 0.873889
971100 -15988.5 -19928.2 305.073 73.2723 0.875525
971200 -16083.4 -19948.1 299.265 293.283 0.875972
971300 -16159.1 -19998.6 297.314 -48.8228 0.874297
971400 -16179.9 -19978.6 294.156 -117.524 0.872621
971500 -16104.3 -19944.4 297.361 -14.4416 0.872199
971600 -16040.8 -19972.4 304.449 63.9031 0.871913
971700 -16101.3 -19988.3 300.992 -195.86 0.871235
971800 -16165.4 -20043.8 300.325 77.3671 0.871788
971900 -16233.5 -20073.1 297.326 -111.144 0.872299
972000 -16253.6 -20067.4 295.323 -120.745 0.873833
972100 -16215.3 -20090 300.045 179.657 0.876219
972200 -16219.2 -20077.1 298.739 313.772 0.876761
972300 -16317 -20065 290.232 -84.0005 0.874965
972400 -16278.1 -20055.3 292.492 -59.9969 0.873469
972500 -16182.6 -20041.3 298.805 -23.0849 0.87253
972600 -16138.2 -19986 297.958 -145.623 0.871948
972700 -16100 -19972.9 299.906 -60.6777 0.872781
972800 -16104.6 -19978.1 299.948 31.606 0.874416
972900 -16184.6 -20014.8 296.592 18.3492 0.87555
973000 -16254.9 -20062 294.812 139.843 0.876357
973100 -16239.2 -20051.3 295.195 250.21 0.876002
973200 -16144.4 -20038.9 301.575 -91.9726 0.87357
973300 -16110.4 -19965.6 298.532 -257.363 0.87179
973400 -16111.5 -19964 298.326 -85.45 0.872065
973500 -16117.5 -19998 300.49 -128.758 0.873617
973600 -16181.6 -20055.6 299.985 -45.1304 0.876675
973700 -16242.1 -20065.5 296.071 188.713 0.880442
973800 -16250.7 -20118.6 299.516 229.913 0.88282
973900 -16275.9 -20123.6 297.95 95.6787 0.883164
974000 -16305.1 -20099.7 293.843 236.137 0.882172
974100 -16274.4 -20106.3 296.721 12.1601 0.879019
974200 -16180.9 -20015.1 296.906 -1.15617 0.875038
974300 -16106.3 -19989.1 300.665 50.5084 0.870721
974400 -16115.8 -20007.6 301.363 -300.382 0.866228
974500 -16204.7 -20020.8 295.501 -252.288 0.864162
974600 -16227.9 -20052.3 296.146 -219.817 0.865051
974700 -16197 -20023 296.277 -85.7448 0.867943
974800 -16163 -20015.9 298.357 -11.585 0.871774
974900 -16156.4 -20020 299.183 86.4865 0.875511
975000 -16168.7 -20013.4 297.718 78.9254 0.878271
975100 -16176.6 -20023 297.853 24.7157 0.880099
975200 -16182 -20081.6 301.971 134.671 0.881191
975300 -16220.2 -20061 297.414 65.7095 0.881093
975400 -16239.4 -20077.1 297.175 92.3707 0.880316
975500 -16238.3 -20091.1 298.351 4.85877 0.878943
975600 -16241.9 -20068.3 296.301 -102.868 0.877693
975700 -16197.2 -20054.6 298.704 25.3789 0.877383
975800 -16136.3 -20033.1 301.754 147.601 0.876837
975900 -16157.6 -20066.9 302.721 -26.5237 0.875297
976000 -16274.2 -20082.5 294.903 52.6662 0.873622
976100 -16262.5 -20057.8 293.889 -221.456 0.872183
976200 -16182.6 -20038.9 298.615 -0.0696949 0.872809
976300 -16151.4 -20038.3 300.982 116.868 0.873502
976400 -16174.4 -20006.4 296.741 -66.0753 0.872999
976500 -16242.5 -20080.5 297.198 -101.474 0.872996
976600 -16328.9 -20124.5 293.917 76.1172 0.873852
976700 -16305.5 -20141.3 297.025 -75.6323 0.874213
976800 -16229.1 -20061.4 296.764 -120.133 0.875197
976900 -16134.2 -20000.7 299.404 -74.4254 0.877222
977000 -16134.7 -20028 301.484 233.134 0.879198
977100 -16193.6 -20022.5 296.499 47.5194 0.879398
977200 -16219.3 -20056.8 297.163 26.2057 0.879
977300 -16194.8 -20022.1 296.368 -46.8125 0.878483
977400 -16076.9 -19978.8 302.152 40.5919 0.878149
977500 -16077.3 -20004.6 304.111 -10.9772 0.877412
977600 -16171.7 -20033.3 299.024 -183.331 0.877168
977700 -16226.8 -20082.3 298.554 162.295 0.878269
977800 -16264.2 -20097.8 296.854 -97.1302 0.878402
977900 -16289.6 -20138.1 298.018 -65.5245 0.879092
978000 -16363.8 -20145.7 292.852 -21.1673 0.880415
978100 -16359.4 -20149.8 293.509 57.9433 0.881896
978200 -16268.2 -20114.2 297.822 148.718 0.882898
978300 -16227.2 -20093 299.355 363.665 0.88212
978400 -16235.5 -20087.5 298.283 -103.799 0.878514
978500 -16239.2 -20049 295.021 -340.481 0.875696
978600 -16124.3 -20007.7 300.715 -286.648 0.87626
978700 -16063.9 -19952.1 301.087 167.277 0.879101
978800 -16114 -20005 301.299 354.121 0.880555
978900 -16194.5 -20011.3 295.559 -120.38 0.87922
979000 -16186 -20030.1 297.674 -70.7731 0.87845
979100 -16167.3 -20024.4 298.68 223.366 0.878125
979200 -16191.6 -20041.6 298.13 110.746 0.875933
979300 -16281.5 -20077.3 293.936 -229.214 0.872962
979400 -16290.4 -20056.4 291.623 -267.894 0.871928
979500 -16185.7 -20027.4 297.487 0.99648 0.873211
979600 -16146.2 -20003 298.657 -67.7898 0.875058
979700 -16159.2 -20009.8 298.175 180.288 0.877337
979800 -16186.3 -20021.8 297.004 176.675 0.878031
979900 -16218.6 -20038.6 295.807 -185.878 0.877397
980000 -16240.9 -20063.6 296.016 57.5576 0.877787
980100 -16202.3 -20029.8 296.394 89.598 0.877882
980200 -16109.2 -19965.3 298.602 112.64 0.877043
980300 -16067.9 -19977.3 302.723 -317.568 0.875663
980400 -16125.4 -20001.6 300.161 -98.3066 0.876732
980500 -16190.2 -20066.3 300.149 259.186 0.878828
980600 -16230 -20089 298.822 87.8956 0.87875
980700 -16253.5 -20067.8 295.362 -30.0143 0.877679
980800 -16202.2 -20032.8 296.626 222.726 0.876321
980900 -16099.6 -19994.5 301.606 -144.963 0.873611
981000 -16091.9 -19940.2 297.994 -249.407 0.872011
981100 -16088.5 -19955.3 299.436 -36.4316 0.872504
981200 -16126.9 -19988.5 299.035 232.045 0.873192
981300 -16234 -19997 291.392 -187.562 0.87248
981400 -16217.1 -20059 297.504 30.0963 0.87301
981500 -16214.2 -20096.8 300.649 -83.772 0.873711
981600 -16255 -20061.5 294.758 -69.443 0.874996
981700 -16234.7 -20105.3 299.725 99.3019 0.876882
981800 -16184.3 -20026.4 297.513 185.055 0.878057
981900 -16093.7 -19968.9 300.082 -61.7442 0.877879
982000 -16068.7 -19989.1 303.578 151.488 0.877653
982100 -16161.2 -20040.5 300.402 -34.7949 0.87633
982200 -16218.8 -20054.9 297.055 -34.1941 0.874977
982300 -16227 -20087 298.899 147.214 0.873687
982400 -16257.1 -20087.7 296.623 -33.8443 0.87103
982500 -16274.8 -20067.2 293.669 -260.639 0.868419
982600 -16185.1 -20067.1 300.606 -119.726 0.8678
982700 -16150.7 -20068.3 303.366 73.3702 0.868526
982800 -16233.1 -20078 297.737 111.512 0.868875
982900 -16253 -20035.5 292.903 -61.6277 0.868155
983000 -16204.4 -20064.9 298.94 -54.7821 0.867684
983100 -16171.3 -20015.9 297.71 -96.328 0.867946
983200 -16108.5 -19996.1 301.04 52.5696 0.869189
983300 -16037 -19964.9 304.166 226.591 0.869903
983400 -16104.2 -19993.2 301.15 101.098 0.868652
983500 -16219.4 -20069 298.096 -285.394 0.866356
983600 -16246.1 -20052.9 294.786 -62.6882 0.865916
983700 -16203.7 -20059.6 298.59 -244.661 0.86699
983800 -16147.9 -20045.4 301.804 50.0868 0.87011
983900 -16180.8 -20041.8 298.983 143.768 0.873338
984000 -16293 -20139.8 297.886 82.3445 0.8754
984100 -16323.4 -20101 292.524 -44.0928 0.876397
984200 -16260.2 -20119.5 298.849 5.67982 0.87773
984300 -16226.3 -20063.9 297.167 319.732 0.87874
984400 -16214.6 -20084 299.631 -29.6198 0.877369
984500 -16230.4 -20077.9 297.932 65.2352 0.875837
984600 -16245.5 -20094.4 298.047 166.663 0.873584
984700 -16235.3 -20041.9 294.769 -260.001 0.870134
984800 -16182.8 -20033.6 298.187 -175.512 0.868693
984900 -16166.8 -20058.6 301.369 149.925 0.868691
985000 -16211.7 -20037.7 296.278 103.874 0.867615
985100 -16231.9 -20089.7 298.736 -150.262 0.865875
985200 -16248.8 -20100.4 298.254 -93.9557 0.865244
985300 -16253.5 -20088.7 296.983 -161.901 0.865827
985400 -16234.3 -20079.7 297.778 -173.757 0.868088
985500 -16194.4 -20070.2 300.129 258.93 0.871601
985600 -16186.2 -20054.8 299.569 54.2717 0.873336
985700 -16245.7 -20080 296.913 40.2123 0.874181
985800 -16323.2 -20116.4 293.735 -101.102 0.874913
985900 -16291.2 -20107 295.48 -146.727 0.876623
986000 -16193.8 -20074.9 300.537 204.033 0.879325
986100 -16202.5 -20113.9 302.882 173.925 0.880276
986200 -16267.9 -20113.9 297.82 92.0721 0.879439
986300 -16307.5 -20126.2 295.712 -1.55922 0.877761
986400 -16271.7 -20102.7 296.652 -144.374 0.876137
986500 -16161.9 -20069.8 302.613 -22.2953 0.875638
986600 -16155.2 -20046 301.295 139.661 0.875249
986700 -16196 -20053.5 298.708 -61.8078 0.874048
986800 -16227.5 -20095.6 299.533 -64.2519 0.872931
986900 -16254.8 -20056.6 294.394 -207 0.87264
987000 -16208.5 -20063.7 298.533 127.918 0.873867
987100 -16077.3 -19986.9 302.746 242.793 0.874005
987200 -16044.2 -19932.5 301.092 -106.998 0.87233
987300 -16093.9 -19937.5 297.629 -42.0796 0.870959
987400 -16122.1 -19948.6 296.314 -188.167 0.87012
987500 -16093.6 -19962.4 299.586 -47.4064 0.870658
987600 -16044.9 -19969.6 303.917 121.517 0.871956
987700 -16109.9 -20010.5 302.047 35.541 0.872552
987800 -16200.8 -20006.2 294.671 13.5589 0.872823
987900 -16192.6 -20010.6 295.654 -36.3913 0.873233
988000 -16119.3 -19983.7 299.243 95.0953 0.87377
988100 -16076.4 -19977.3 302.074 -16.9802 0.873837
988200 -16130.5 -19980.1 298.097 -29.2541 0.873863
988300 -16256.3 -20063.6 294.821 8.44309 0.873986
988400 -16300.7 -20092.6 293.636 62.2121 0.874013
988500 -16239.2 -20046.5 294.821 -79.6091 0.873732
988600 -16152 -19992.8 297.417 -54.5986 0.874023
988700 -16104.3 -20016.9 302.979 209.422 0.874732
988800 -16157.2 -20009.4 298.302 -160.1 0.874054
988900 -16216.9 -20035 295.656 53.4825 0.873951
989000 -16219.8 -20046.2 296.303 -130.158 0.87405
989100 -16201.8 -20047.9 297.821 -9.64636 0.875161
989200 -16207.7 -20099.2 301.343 -36.589 0.876567
989300 -16269 -20077.3 294.902 -93.2544 0.878564
989400 -16279.7 -20112.3 296.789 59.7338 0.881781
989500 -16190.2 -20066.3 300.147 339.557 0.884194
989600 -16133.5 -20034.6 302.087 146.967 0.883899
989700 -16200.7 -20064.9 299.225 178.306 0.881795
989800 -16266.9 -20077.6 295.081 -9.42272 0.877935
989900 -16244.1 -20040.6 293.984 46.9082 0.873653
990000 -16178.4 -19989.7 295.136 -48.0859 0.869187
990100 -16130.4 -19966.3 297.036 -129.504 0.865364
990200 -16081.4 -19920.4 297.277 -121.462 0.863064
990300 -16008 -19851.3 297.608 -107.378 0.862039
990400 -15949.9 -19859.2 302.719 -141.102 0.862294
990500 -15981.8 -19887.5 302.446 -143.265 0.863881
990600 -16033.8 -19892.3 298.784 -27.8932 0.866584
990700 -16094.3 -19980 300.89 -11.2912 0.869621
990800 -16184.7 -20047.3 299.104 23.9527 0.872553
990900 -16245.8 -20085.5 297.325 151.592 0.874595
991000 -16258.4 -20102.6 297.684 -46.5009 0.875445
991100 -16250.7 -20093.7 297.592 128.835 0.876403
991200 -16230.1 -20069.2 297.286 201.078 0.876056
991300 -16146 -19993.4 297.922 84.1848 0.873838
991400 -16082.3 -19979.7 301.805 -0.0461402 0.871149
991500 -16116.7 -19975.6 298.815 -115.91 0.868744
991600 -16187 -19994.9 294.871 -16.8466 0.867553
991700 -16174.8 -19987.2 295.217 -294.201 0.867269
991800 -16043.9 -19947.9 302.309 -65.0735 0.869232
991900 -16042.4 -19949.4 302.538 167.419 0.871718
992000 -16122.5 -19971.9 298.087 207.088 0.872414
992100 -16166.8 -20000.3 296.854 110.694 0.870959
992200 -16168.2 -19990.1 295.956 -263.976 0.869117
992300 -16081.2 -19967.8 300.964 -75.6834 0.869355
992400 -16024.8 -19946 303.643 5.84325 0.870288
992500 -16087.5 -19927.3 297.34 -57.9639 0.871168
992600 -16117.4 -19956.5 297.279 -39.1315 0.87263
992700 -16110.3 -19930 295.781 -57.638 0.874516
992800 -16083.9 -19913.2 296.529 50.754 0.876683
992900 -16061.2 -19933.3 299.84 53.9116 0.878363
993000 -16089.7 -19961.2 299.796 2.08578 0.879535
993100 -16150.9 -19990.9 297.354 87.4257 0.880584
993200 -16199.9 -20050 298.14 223.978 0.880682
993300 -16222.8 -20036 295.284 61.7511 0.878756
993400 -16188.7 -20007.6 295.72 -84.4769 0.87602
993500 -16128.2 -19962 296.87 -2.73946 0.874028
993600 -16067.3 -19967.6 302.024 -30.3686 0.872388
993700 -16093.6 -19972.9 300.4 -96.37 0.871054
993800 -16210.2 -20032.5 295.984 -213.485 0.870778
993900 -16235.6 -20034.3 294.159 -166.569 0.872814
994000 -16175.4 -20033.3 298.741 188.841 0.87616
994100 -16129.4 -20002.6 299.924 218.088 0.877884
994200 -16163.7 -20053.2 301.192 176.64 0.877318
994300 -16282 -20103.8 295.942 137.763 0.874829
994400 -16290.9 -20084.4 293.751 -34.2065 0.871234
994500 -16213.8 -20039.2 296.224 -180.531 0.8683
994600 -16140 -19946.4 294.751 -242.369 0.867005
994700 -16061.9 -19876 295.346 -198.783 0.868173
994800 -15995.3 -19849.1 298.42 221.211 0.870919
994900 -15984.6 -19858.9 300.007 33.6653 0.872082
995000 -16030.2 -19872.6 297.541 76.8702 0.872496
995100 -16138.7 -19959.8 295.89 -27.829 0.872361
995200 -16187.9 -19967 292.64 -46.1945 0.872546
995300 -16121.4 -19941.9 295.843 190.188 0.872778
995400 -16060.6 -19920 298.86 -7.30652 0.871423
995500 -16042.7 -19915.3 299.884 -191.02 0.870042
995600 -16091.3 -19930.7 297.307 -224.356 0.870483
995700 -16192.3 -20008.9 295.545 -195.127 0.873332
995800 -16228.1 -20022.7 293.845 261.173 0.877606
995900 -16197.1 -20056.9 298.892 94.5888 0.880076
996000 -16212.7 -20069 298.619 160.661 0.881014
996100 -16239.8 -20070.8 296.661 42.6776 0.880409
996200 -16244.6 -20079.9 296.99 43.648 0.879419
996300 -16203.1 -20032.9 296.562 -52.497 0.87834
996400 -16111.9 -20017.5 302.438 165.19 0.877213
996500 -16111.3 -19974.3 299.13 43.3191 0.874983
996600 -16181 -20006.2 296.213 -331.747 0.872899
996700 -16274.7 -20094.3 295.774 73.28 0.873105
996800 -16343.4 -20084.8 289.718 98.8808 0.872813
996900 -16254.4 -20054.7 294.276 -232.854 0.872164
997000 -16130.1 -19974 297.658 50.8708 0.873391
997100 -16075.7 -19953.4 300.276 88.5762 0.874452
997200 -16092 -19968 300.143 275.994 0.874133
997300 -16166.8 -19990.2 296.065 -215.686 0.871978
997400 -16210.1 -20046.6 297.083 -102.736 0.871418
997500 -16215.8 -20015.6 294.24 61.1899 0.871919
997600 -16104.3 -19966.4 299.067 -81.4673 0.872289
997700 -16055.5 -19968.1 302.978 266.249 0.872752
997800 -16128.6 -19979.1 298.171 59.5816 0.871186
997900 -16175.3 -19983.5 294.89 -169.774 0.869353
998000 -16144.3 -20011.3 299.448 -31.483 0.869132
998100 -16142.5 -20002.7 298.919 -172.673 0.869471
998200 -16251.6 -20030.4 292.617 -154.898 0.871082
998300 -16296.4 -20098 294.384 -106.099 0.874179
998400 -16240.1 -20097.5 298.699 200.8 0.877556
998500 -16160.1 -20019.4 298.843 34.7421 0.879116
998600 -16101.2 -19984.9 300.74 125.535 0.879653
998700 -16072 -19961.5 301.194 132.655 0.879171
998800 -16110.8 -19988.7 300.289 36.9472 0.877745
998900 -16196.8 -20036.9 297.361 -24.0886 0.875906
999000 -16259.7 -20072.1 295.22 -209.497 0.874719
999100 -16252.8 -20082.3 296.545 -18.4409 0.875266
999200 -16176.7 -20039.6 299.128 57.9195 0.876032
999300 -16107.3 -20011.7 302.346 289.448 0.875949
999400 -16155.4 -20001 297.792 -154.243 0.873983
999500 -16253.9 -20037.6 292.997 -208.895 0.873182
999600 -16234.7 -20060.5 296.26 -6.8173 0.874129
999700 -16188.8 -20034.2 297.767 -136.983 0.875332
999800 -16151.4 -20036.4 300.838 319.073 0.877357
999900 -16187.4 -20024.9 297.162 38.1904 0.877167
1000000 -16281.8 -20082.4 294.3 -145.957 0.87615
