# Radius 	finiterdf__wat_wat	rdf__wat_wat	finiterdf__wat_met	rdf__wat_met	finiterdf__met_met	rdf__met_met	
0.00806641 0	0	0	0	0	0	
0.0241992 0	0	0	0	0	0	
0.040332 0	0	0	0	0	0	
0.0564648 0	0	0	0	0	0	
0.0725977 0	0	0	0	0	0	
0.0887305 0	0	0	0	0	0	
0.104863 0	0	0	0	0	0	
0.120996 0	0	0	0	0	0	
0.137129 0	0	0	0	0	0	
0.153262 0	0	0	0	0	0	
0.169395 0	0	0	0	0	0	
0.185527 0	0	0	0	0	0	
0.20166 0	0	0	0	0	0	
0.217793 0	0	0	0	0	0	
0.233926 0	0	0	0	0	0	
0.250059 0	0	0	0	0	0	
0.266191 0	0	0	0	0	0	
0.282324 0	0	0	0	0	0	
0.298457 0	0	0	0	0	0	
0.31459 0	0	0	0	0	0	
0.330723 0	0	0	0	0	0	
0.346855 0	0	0	0	0	0	
0.362988 0	0	0	0	0	0	
0.379121 0	0	0	0	0	0	
0.395254 0	0	0	0	0	0	
0.411387 0	0	0	0	0	0	
0.427519 0	0	0	0	0	0	
0.443652 0	0	0	0	0	0	
0.459785 0	0	0	0	0	0	
0.475918 0	0	0	0	0	0	
0.492051 0	0	0	0	0	0	
0.508184 0	0	0	0	0	0	
0.524316 0	0	0	0	0	0	
0.540449 0	0	0	0	0	0	
0.556582 0	0	0	0	0	0	
0.572715 0	0	0	0	0	0	
0.588848 0	0	0	0	0	0	
0.60498 0	0	0	0	0	0	
0.621113 0	0	0	0	0	0	
0.637246 0	0	0	0	0	0	
0.653379 0	0	0	0	0	0	
0.669512 0	0	0	0	0	0	
0.685644 0	0	0	0	0	0	
0.701777 0	0	0	0	0	0	
0.71791 0	0	0	0	0	0	
0.734043 0	0	0	0	0	0	
0.750176 0	0	0	0	0	0	
0.766309 0	0	0	0	0	0	
0.782441 0	0	0	0	0	0	
0.798574 0	0	0	0	0	0	
0.814707 0	0	0	0	0	0	
0.83084 0	0	0	0	0	0	
0.846973 0	0	0	0	0	0	
0.863105 0	0	0	0	0	0	
0.879238 0	0	0	0	0	0	
0.895371 0	0	0	0	0	0	
0.911504 0	0	0	0	0	0	
0.927637 0	0	0	0	0	0	
0.943769 0	0	0	0	0	0	
0.959902 0	0	0	0	0	0	
0.976035 0	0	0	0	0	0	
0.992168 0	0	0	0	0	0	
1.0083 0	0	0	0	0	0	
1.02443 0	0	0	0	0	0	
1.04057 0	0	0	0	0	0	
1.0567 0	0	0	0	0	0	
1.07283 0	0	0	0	0	0	
1.08896 0	0	0	0	0	0	
1.1051 0	0	0	0	0	0	
1.12123 0	0	0	0	0	0	
1.13736 0	0	0	0	0	0	
1.1535 0	0	0	0	0	0	
1.16963 0	0	0	0	0	0	
1.18576 0	0	0	0	0	0	
1.20189 0	0	0	0	0	0	
1.21803 0	0	0	0	0	0	
1.23416 0	0	0	0	0	0	
1.25029 0	0	0	0	0	0	
1.26643 0	0	0	0	0	0	
1.28256 0	0	0	0	0	0	
1.29869 0	0	0	0	0	0	
1.31482 0	0	0	0	0	0	
1.33096 0	0	0	0	0	0	
1.34709 0	0	0	0	0	0	
1.36322 0	0	0	0	0	0	
1.37936 0	0	0	0	0	0	
1.39549 0	0	0	0	0	0	
1.41162 0	0	0	0	0	0	
1.42775 0	0	0	0	0	0	
1.44389 0	0	0	0	0	0	
1.46002 0	0	0	0	0	0	
1.47615 0	0	0	0	0	0	
1.49229 0	0	0	0	0	0	
1.50842 0	0	0	0	0	0	
1.52455 0	0	0	0	0	0	
1.54068 0	0	0	0	0	0	
1.55682 0	0	0	0	0	0	
1.57295 0	0	0	0	0	0	
1.58908 0	0	0	0	0	0	
1.60521 0	0	0	0	0	0	
1.62135 0	0	0	0	0	0	
1.63748 0	0	0	0	0	0	
1.65361 0	0	0	0	0	0	
1.66975 0	0	0	0	0	0	
1.68588 0	0	0	0	0	0	
1.70201 0	0	0	0	0	0	
1.71814 0	0	0	0	0	0	
1.73428 0	0	0	0	0	0	
1.75041 0	0	0	0	0	0	
1.76654 0	0	0	0	0	0	
1.78268 0	0	0	0	0	0	
1.79881 0	0	0	0	0	0	
1.81494 0	0	0	0	0	0	
1.83107 0	0	0	0	0	0	
1.84721 0	0	0	0	0	0	
1.86334 0	0	0	0	0	0	
1.87947 0	0	0	0	0	0	
1.89561 0	0	0	0	0	0	
1.91174 0	0	0	0	0	0	
1.92787 0	0	0	0	0	0	
1.944 0	0	0	0	0	0	
1.96014 0	0	0	0	0	0	
1.97627 0	0	0	0	0	0	
1.9924 0	0	0	0	0	0	
2.00853 0	0	0	0	0	0	
2.02467 0	0	0	0	0	0	
2.0408 0	0	0	0	0	0	
2.05693 0	0	0	0	0	0	
2.07307 0	0	0	0	0	0	
2.0892 0	0	0	0	0	0	
2.10533 0	0	0	0	0	0	
2.12146 0	0	0	0	0	0	
2.1376 0	0	0	0	0	0	
2.15373 0	0	0	0	0	0	
2.16986 0	0	0	0	0	0	
2.186 0	0	0	0	0	0	
2.20213 0	0	0	0	0	0	
2.21826 0	0	0	0	0	0	
2.23439 0	0	0	0	0	0	
2.25053 0	0	0	0	0	0	
2.26666 0	0	0	0	0	0	
2.28279 0	0	0	0	0	0	
2.29893 0	0	0	0	0	0	
2.31506 0	0	0	0	5.24646e-06	5.24881e-06	
2.33119 0	0	1.7247e-06	1.72373e-06	2.06964e-05	2.07054e-05	
2.34732 0	0	1.27581e-05	1.27507e-05	9.01569e-05	9.01951e-05	
2.36346 6.71172e-06	6.71449e-06	6.62782e-05	6.62393e-05	0.000394314	0.000394476	
2.37959 3.31051e-05	3.31184e-05	0.00026153	0.000261373	0.00116199	0.00116245	
2.39572 0.000225359	0.000225447	0.000931648	0.000931078	0.00348327	0.00348462	
2.41186 0.000836246	0.00083656	0.00307026	0.00306835	0.00886679	0.00887012	
2.42799 0.00283324	0.00283427	0.00825727	0.00825201	0.0202175	0.0202248	
2.44412 0.00811332	0.00811616	0.0204692	0.0204559	0.0421199	0.0421347	
2.46025 0.0222209	0.0222284	0.0451649	0.045135	0.0799456	0.0799728	
2.47639 0.0513934	0.0514102	0.08972	0.0896595	0.139869	0.139914	
2.49252 0.107575	0.107609	0.165753	0.16564	0.228464	0.228537	
2.50865 0.207561	0.207624	0.282212	0.282016	0.349058	0.349166	
2.52478 0.365185	0.365292	0.44708	0.446766	0.505697	0.50585	
2.54092 0.602169	0.602343	0.668588	0.668116	0.693437	0.693644	
2.55705 0.920893	0.921158	0.94472	0.944051	0.905512	0.905781	
2.57318 1.33089	1.33128	1.26414	1.26325	1.13308	1.13342	
2.58932 1.82014	1.82069	1.61753	1.61641	1.36597	1.36638	
2.60545 2.36364	2.3644	1.98797	1.98662	1.59104	1.59154	
2.62158 2.94541	2.94645	2.35386	2.35231	1.79473	1.79531	
2.63771 3.5333	3.53468	2.69542	2.6937	1.97097	1.97164	
2.65385 4.08526	4.08704	2.99673	2.99492	2.10837	2.10912	
2.66998 4.57923	4.58147	3.24479	3.24294	2.2123	2.21312	
2.68611 4.98495	4.98771	3.43094	3.4291	2.2706	2.2715	
2.70225 5.30055	5.30383	3.55008	3.54832	2.28916	2.2901	
2.71838 5.50438	5.50819	3.61136	3.60972	2.27586	2.27684	
2.73451 5.61074	5.61503	3.60693	3.60545	2.22911	2.23012	
2.75064 5.61808	5.6228	3.55635	3.55504	2.15685	2.15787	
2.76678 5.53879	5.54385	3.45976	3.45862	2.07144	2.07246	
2.78291 5.38879	5.3941	3.33048	3.32951	1.96155	1.96254	
2.79904 5.18303	5.1885	3.17266	3.17185	1.84769	1.84865	
2.81518 4.93202	4.93756	2.99547	2.99481	1.72748	1.7284	
2.83131 4.65964	4.66517	2.81032	2.80978	1.60712	1.60799	
2.84744 4.36885	4.37429	2.61837	2.61794	1.48885	1.48967	
2.86357 4.06874	4.07402	2.43162	2.43129	1.37403	1.37479	
2.87971 3.77413	3.77922	2.2462	2.24595	1.26385	1.26456	
2.89584 3.48343	3.48828	2.07115	2.07095	1.1566	1.15725	
2.91197 3.2096	3.21419	1.90611	1.90596	1.06171	1.06231	
2.92811 2.95259	2.95692	1.7475	1.74739	0.971926	0.972476	
2.94424 2.70915	2.71322	1.60726	1.60717	0.890509	0.891011	
2.96037 2.48867	2.49247	1.4758	1.47573	0.817849	0.818307	
2.9765 2.28428	2.28782	1.35464	1.35458	0.752593	0.753012	
2.99264 2.10343	2.10675	1.24549	1.24545	0.690809	0.691188	
3.00877 1.9348	1.93788	1.14878	1.14874	0.63814	0.638486	
3.0249 1.78818	1.79106	1.06094	1.06091	0.590781	0.591097	
3.04103 1.6547	1.65738	0.983139	0.983109	0.548624	0.548912	
3.05717 1.53787	1.54038	0.913111	0.913081	0.512322	0.512586	
3.0733 1.43331	1.43566	0.852919	0.852888	0.479624	0.479866	
3.08943 1.33934	1.34155	0.798005	0.797973	0.450234	0.450457	
3.10557 1.25708	1.25916	0.748502	0.748468	0.426631	0.426837	
3.1217 1.18709	1.18905	0.708952	0.708916	0.404834	0.405024	
3.13783 1.12773	1.1296	0.672094	0.672055	0.386881	0.387058	
3.15396 1.0717	1.07348	0.639094	0.639052	0.37301	0.373176	
3.1701 1.02391	1.02561	0.6119	0.611854	0.357731	0.357885	
3.18623 0.981719	0.983349	0.588878	0.588829	0.34853	0.348675	
3.20236 0.94681	0.948382	0.567365	0.567312	0.340642	0.340779	
3.2185 0.914316	0.915832	0.550636	0.550579	0.334041	0.33417	
3.23463 0.888743	0.890214	0.536203	0.536143	0.328754	0.328876	
3.25076 0.865978	0.867409	0.524258	0.524193	0.32551	0.325626	
3.26689 0.8465	0.847896	0.51338	0.513311	0.322864	0.322974	
3.28303 0.82973	0.831095	0.506771	0.506697	0.320789	0.320893	
3.29916 0.816075	0.817414	0.499795	0.499717	0.321462	0.321561	
3.31529 0.805728	0.807047	0.495299	0.495216	0.32251	0.322605	
3.33143 0.79537	0.796667	0.49242	0.492331	0.3243	0.32439	
3.34756 0.786085	0.787364	0.490739	0.490644	0.326729	0.326815	
3.36369 0.781221	0.782488	0.489792	0.489691	0.330174	0.330255	
3.37982 0.775208	0.77646	0.490021	0.489914	0.336138	0.336215	
3.39596 0.774011	0.775257	0.491052	0.490939	0.340258	0.34033	
3.41209 0.769386	0.770621	0.493387	0.493266	0.345956	0.346024	
3.42822 0.767556	0.768783	0.496562	0.496435	0.352624	0.352687	
3.44436 0.767041	0.768262	0.500572	0.500437	0.358415	0.358473	
3.46049 0.766283	0.767499	0.505183	0.505041	0.367431	0.367485	
3.47662 0.767871	0.769085	0.510437	0.510287	0.3763	0.37635	
3.49275 0.76906	0.770271	0.517057	0.516898	0.384063	0.384107	
3.50889 0.771297	0.772507	0.523297	0.52313	0.392331	0.392371	
3.52502 0.774021	0.775231	0.529768	0.529592	0.402693	0.402727	
3.54115 0.774606	0.775812	0.538558	0.538373	0.412635	0.412663	
3.55728 0.777868	0.779074	0.546122	0.545927	0.422979	0.423002	
3.57342 0.782869	0.784078	0.553416	0.553212	0.433862	0.433878	
3.58955 0.784941	0.786149	0.562353	0.562139	0.445355	0.445364	
3.60568 0.79015	0.791361	0.570781	0.570557	0.457643	0.457646	
3.62182 0.794525	0.795738	0.581561	0.581326	0.469096	0.469092	
3.63795 0.799109	0.800325	0.590415	0.590169	0.482499	0.482487	
3.65408 0.803277	0.804495	0.601094	0.600837	0.494226	0.494207	
3.67021 0.807472	0.808692	0.611132	0.610864	0.507303	0.507277	
3.68635 0.812727	0.81395	0.62224	0.621961	0.521548	0.521514	
3.70248 0.818944	0.820172	0.63315	0.632859	0.535028	0.534986	
3.71861 0.823914	0.825145	0.644347	0.644044	0.548898	0.548847	
3.73475 0.830478	0.831715	0.654556	0.654241	0.562156	0.562097	
3.75088 0.835018	0.836257	0.666209	0.665882	0.578041	0.577973	
3.76701 0.842685	0.843933	0.67847	0.67813	0.592438	0.592361	
3.78314 0.849299	0.850553	0.689751	0.689399	0.607918	0.607831	
3.79928 0.855765	0.857024	0.702181	0.701816	0.623156	0.62306	
3.81541 0.861263	0.862526	0.713851	0.713473	0.638896	0.63879	
3.83154 0.86787	0.86914	0.726872	0.726481	0.653691	0.653576	
3.84768 0.874711	0.875987	0.739628	0.739225	0.66945	0.669325	
3.86381 0.88209	0.883374	0.750926	0.75051	0.684829	0.684694	
3.87994 0.889271	0.890562	0.76318	0.762752	0.700204	0.700059	
3.89607 0.896771	0.89807	0.77706	0.776619	0.717322	0.717168	
3.91221 0.905286	0.906595	0.787793	0.78734	0.733475	0.73331	
3.92834 0.911701	0.913016	0.800423	0.799958	0.749597	0.749423	
3.94447 0.91889	0.920213	0.812952	0.812474	0.765983	0.765799	
3.96061 0.928783	0.930118	0.825697	0.825207	0.781085	0.780892	
3.97674 0.934598	0.935939	0.838157	0.837654	0.797412	0.797209	
3.99287 0.943403	0.944755	0.848944	0.848431	0.813464	0.813251	
4.009 0.949795	0.951155	0.861782	0.861256	0.830227	0.830005	
4.02514 0.958844	0.960215	0.875194	0.874657	0.844825	0.844595	
4.04127 0.968018	0.969401	0.886167	0.885619	0.861283	0.861044	
4.0574 0.975258	0.976651	0.897404	0.896847	0.877836	0.877589	
4.07353 0.982432	0.983835	0.910117	0.909549	0.893893	0.893638	
4.08967 0.990863	0.992277	0.92179	0.921212	0.910624	0.910361	
4.1058 0.997834	0.999259	0.933704	0.933116	0.925363	0.925094	
4.12193 1.00551	1.00695	0.944712	0.944115	0.939266	0.93899	
4.13807 1.01391	1.01536	0.956332	0.955726	0.955247	0.954965	
4.1542 1.02176	1.02322	0.967813	0.967199	0.971383	0.971095	
4.17033 1.03003	1.0315	0.979156	0.978534	0.986218	0.985925	
4.18646 1.03627	1.03775	0.991068	0.990438	1.00047	1.00017	
4.2026 1.0451	1.0466	1.00031	0.999672	1.01545	1.01515	
4.21873 1.0524	1.05391	1.01172	1.01108	1.03117	1.03087	
4.23486 1.05894	1.06047	1.02051	1.01986	1.04447	1.04416	
4.251 1.06697	1.06851	1.03181	1.03116	1.05965	1.05935	
4.26713 1.07165	1.0732	1.04161	1.04096	1.07288	1.07257	
4.28326 1.08018	1.08174	1.05191	1.05125	1.08718	1.08687	
4.29939 1.08551	1.08709	1.06077	1.0601	1.10022	1.09991	
4.31553 1.09311	1.0947	1.07037	1.0697	1.11336	1.11305	
4.33166 1.09799	1.09959	1.0796	1.07893	1.12678	1.12647	
4.34779 1.1026	1.10421	1.08836	1.08769	1.13953	1.13923	
4.36393 1.10979	1.11141	1.09648	1.0958	1.15215	1.15185	
4.38006 1.11437	1.11601	1.10491	1.10424	1.16512	1.16483	
4.39619 1.11813	1.11978	1.1135	1.11283	1.17633	1.17605	
4.41232 1.12345	1.12512	1.12058	1.11991	1.19077	1.19048	
4.42846 1.12684	1.12852	1.12877	1.1281	1.19898	1.19871	
4.44459 1.13154	1.13323	1.13595	1.13528	1.20878	1.20851	
4.46072 1.1344	1.1361	1.14124	1.14058	1.21983	1.21957	
4.47686 1.13935	1.14107	1.14854	1.14787	1.23046	1.23022	
4.49299 1.14137	1.1431	1.1554	1.15474	1.23771	1.23747	
4.50912 1.1455	1.14724	1.16019	1.15953	1.24642	1.24619	
4.52525 1.14903	1.15078	1.1659	1.16525	1.25458	1.25437	
4.54139 1.15094	1.1527	1.16986	1.16922	1.26199	1.26179	
4.55752 1.15277	1.15454	1.17359	1.17295	1.26944	1.26926	
4.57365 1.15403	1.15581	1.17804	1.17741	1.27708	1.27691	
4.58978 1.15494	1.15673	1.18127	1.18065	1.27941	1.27925	
4.60592 1.15722	1.15902	1.18371	1.1831	1.28501	1.28488	
4.62205 1.15908	1.16089	1.18541	1.18481	1.28999	1.28986	
4.63818 1.1591	1.16092	1.18794	1.18734	1.29298	1.29287	
4.65432 1.15874	1.16057	1.18919	1.1886	1.29735	1.29726	
4.67045 1.15933	1.16117	1.18866	1.18809	1.29952	1.29945	
4.68658 1.16073	1.16259	1.18942	1.18885	1.30144	1.30139	
4.70271 1.16004	1.1619	1.18896	1.18841	1.30294	1.30291	
4.71885 1.15988	1.16175	1.18774	1.1872	1.30439	1.30438	
4.73498 1.15885	1.16073	1.18541	1.18489	1.30416	1.30416	
4.75111 1.15731	1.15919	1.18456	1.18404	1.30282	1.30284	
4.76725 1.15644	1.15833	1.18228	1.18178	1.30219	1.30223	
4.78338 1.15658	1.15848	1.17958	1.17909	1.2999	1.29996	
4.79951 1.15437	1.15628	1.17595	1.17547	1.29921	1.2993	
4.81564 1.15173	1.15364	1.17304	1.17257	1.29726	1.29737	
4.83178 1.15023	1.15214	1.16917	1.16871	1.29443	1.29455	
4.84791 1.14836	1.15028	1.16565	1.1652	1.29229	1.29243	
4.86404 1.14597	1.14789	1.16113	1.16069	1.2867	1.28686	
4.88018 1.14483	1.14677	1.15451	1.15408	1.28244	1.28261	
4.89631 1.1405	1.14243	1.15123	1.15081	1.27896	1.27915	
4.91244 1.1375	1.13944	1.1458	1.14539	1.27393	1.27414	
4.92857 1.13298	1.13491	1.14053	1.14013	1.27013	1.27036	
4.94471 1.12922	1.13116	1.1343	1.13392	1.26516	1.26541	
4.96084 1.1268	1.12875	1.12807	1.12769	1.25849	1.25875	
4.97697 1.12198	1.12392	1.12247	1.1221	1.25487	1.25515	
4.99311 1.11712	1.11906	1.11651	1.11615	1.24895	1.24924	
5.00924 1.11399	1.11593	1.1097	1.10935	1.24291	1.24321	
5.02537 1.109	1.11094	1.10334	1.103	1.23775	1.23807	
5.0415 1.10396	1.10589	1.09645	1.09612	1.23077	1.23111	
5.05764 1.09842	1.10035	1.08843	1.0881	1.2244	1.22475	
5.07377 1.09295	1.09488	1.08141	1.08109	1.21869	1.21906	
5.0899 1.08716	1.08909	1.07435	1.07404	1.21133	1.21171	
5.10603 1.08268	1.0846	1.06704	1.06673	1.20485	1.20524	
5.12217 1.07529	1.07721	1.0591	1.0588	1.19823	1.19863	
5.1383 1.06779	1.06969	1.05171	1.05141	1.1907	1.19111	
5.15443 1.06242	1.06432	1.04445	1.04416	1.18373	1.18415	
5.17057 1.05496	1.05684	1.03686	1.03658	1.17662	1.17705	
5.1867 1.04957	1.05146	1.02996	1.02968	1.16944	1.16987	
5.20283 1.04106	1.04293	1.02103	1.02075	1.16314	1.16358	
5.21896 1.03432	1.03618	1.01319	1.01292	1.15438	1.15483	
5.2351 1.02748	1.02933	1.00536	1.00509	1.14791	1.14837	
5.25123 1.01921	1.02105	0.997437	0.997165	1.14037	1.14083	
5.26736 1.01091	1.01273	0.989243	0.988974	1.13276	1.13323	
5.2835 1.00223	1.00403	0.981024	0.980755	1.12473	1.12521	
5.29963 0.994815	0.996607	0.97289	0.972622	1.11778	1.11826	
5.31576 0.986727	0.988504	0.964538	0.96427	1.11029	1.11078	
5.33189 0.978005	0.979765	0.957092	0.956824	1.10232	1.10281	
5.34803 0.970259	0.972003	0.948406	0.948137	1.09502	1.09552	
5.36416 0.961214	0.96294	0.941164	0.940894	1.08784	1.08834	
5.38029 0.953896	0.955606	0.932838	0.932567	1.08057	1.08107	
5.39643 0.945783	0.947476	0.924696	0.924423	1.07251	1.07301	
5.41256 0.93805	0.939725	0.917801	0.917524	1.06473	1.06523	
5.42869 0.929992	0.931648	0.910781	0.910502	1.05918	1.05968	
5.44482 0.923014	0.924654	0.903652	0.90337	1.0516	1.0521	
5.46096 0.915496	0.917117	0.896642	0.896355	1.04517	1.04568	
5.47709 0.90705	0.908651	0.89052	0.890229	1.03835	1.03885	
5.49322 0.900793	0.902377	0.884141	0.883846	1.03183	1.03233	
5.50936 0.894727	0.896295	0.877921	0.87762	1.02537	1.02587	
5.52549 0.888585	0.890136	0.872083	0.871777	1.02052	1.02101	
5.54162 0.882909	0.884443	0.866225	0.865914	1.01333	1.01383	
5.55775 0.878212	0.879731	0.861894	0.861576	1.00829	1.00878	
5.57389 0.873439	0.874943	0.856893	0.856569	1.00362	1.00411	
5.59002 0.86881	0.870297	0.853641	0.853309	0.997684	0.998172	
5.60615 0.864672	0.866145	0.84958	0.849242	0.992897	0.993382	
5.62228 0.861383	0.862842	0.845868	0.845522	0.987119	0.9876	
5.63842 0.858638	0.860084	0.842141	0.841787	0.982713	0.983191	
5.65455 0.855344	0.856776	0.839032	0.838671	0.978877	0.979352	
5.67068 0.85443	0.855853	0.836665	0.836295	0.975355	0.975826	
5.68682 0.852427	0.853837	0.834999	0.834621	0.971919	0.972387	
5.70295 0.851283	0.852682	0.833611	0.833223	0.967697	0.968161	
5.71908 0.85051	0.851899	0.831569	0.831172	0.963651	0.96411	
5.73521 0.849972	0.851352	0.831031	0.830625	0.960101	0.960556	
5.75135 0.850736	0.852107	0.830004	0.829588	0.958	0.958451	
5.76748 0.850506	0.851868	0.829933	0.829507	0.954988	0.955434	
5.78361 0.851772	0.853128	0.829712	0.829276	0.953672	0.954115	
5.79975 0.853936	0.855286	0.830878	0.830431	0.950358	0.950796	
5.81588 0.854545	0.855887	0.831052	0.830595	0.948857	0.949291	
5.83201 0.857195	0.858532	0.83168	0.831213	0.947308	0.947737	
5.84814 0.859457	0.860789	0.832844	0.832365	0.944429	0.944853	
5.86428 0.862461	0.863789	0.833374	0.832885	0.943415	0.943835	
5.88041 0.864702	0.866025	0.835249	0.834748	0.943049	0.943465	
5.89654 0.86764	0.868958	0.837192	0.83668	0.941061	0.941472	
5.91268 0.871316	0.872632	0.84012	0.839596	0.940159	0.940565	
5.92881 0.875336	0.87665	0.841895	0.84136	0.938986	0.939387	
5.94494 0.879713	0.881025	0.843857	0.843311	0.937338	0.937734	
5.96107 0.883415	0.884725	0.846567	0.846009	0.937933	0.938325	
5.97721 0.887485	0.888793	0.849939	0.849369	0.937606	0.937994	
5.99334 0.891534	0.892841	0.85274	0.852158	0.937691	0.938074	
6.00947 0.896625	0.897932	0.855737	0.855143	0.93655	0.936928	
6.0256 0.901399	0.902707	0.85879	0.858185	0.937838	0.938211	
6.04174 0.906481	0.907789	0.861631	0.861014	0.937517	0.937886	
6.05787 0.910839	0.912148	0.865787	0.865158	0.935895	0.936259	
6.074 0.915889	0.917199	0.868765	0.868125	0.937472	0.937832	
6.09014 0.921245	0.922556	0.872662	0.87201	0.93833	0.938685	
6.10627 0.926358	0.927671	0.876827	0.876164	0.939375	0.939726	
6.1224 0.931035	0.932349	0.880761	0.880086	0.939042	0.939389	
6.13853 0.936986	0.938304	0.884966	0.884279	0.938016	0.938357	
6.15467 0.941446	0.942766	0.888042	0.887345	0.940162	0.9405	
6.1708 0.946887	0.948211	0.892497	0.891788	0.941748	0.942081	
6.18693 0.952335	0.953663	0.897273	0.896553	0.942576	0.942906	
6.20307 0.957775	0.959107	0.901206	0.900476	0.943112	0.943437	
6.2192 0.963329	0.964666	0.905371	0.90463	0.944118	0.944439	
6.23533 0.969003	0.970345	0.910062	0.909309	0.94588	0.946198	
6.25146 0.974332	0.97568	0.914898	0.914135	0.94718	0.947494	
6.2676 0.978519	0.979871	0.918741	0.917969	0.948181	0.948492	
6.28373 0.985161	0.986521	0.923077	0.922295	0.949257	0.949564	
6.29986 0.990318	0.991684	0.928265	0.927472	0.950769	0.951072	
6.316 0.995095	0.996467	0.932105	0.931304	0.952467	0.952766	
6.33213 1.00054	1.00192	0.937105	0.936294	0.954009	0.954306	
6.34826 1.00613	1.00752	0.941217	0.940399	0.954832	0.955125	
6.36439 1.0118	1.0132	0.945526	0.944699	0.956757	0.957046	
6.38053 1.01573	1.01714	0.95069	0.949854	0.958831	0.959118	
6.39666 1.02172	1.02314	0.95473	0.953886	0.96072	0.961004	
6.41279 1.02634	1.02777	0.959121	0.95827	0.961553	0.961834	
6.42893 1.03082	1.03225	0.963803	0.962945	0.963167	0.963446	
6.44506 1.03603	1.03747	0.968201	0.967336	0.964714	0.96499	
6.46119 1.04114	1.04259	0.972888	0.972016	0.966787	0.967061	
6.47732 1.04484	1.0463	0.977036	0.976159	0.968668	0.968939	
6.49346 1.04993	1.0514	0.980996	0.980114	0.970595	0.970865	
6.50959 1.05385	1.05533	0.984776	0.983888	0.972032	0.972299	
6.52572 1.05691	1.05841	0.989048	0.988156	0.974263	0.974529	
6.54185 1.06159	1.0631	0.992613	0.991716	0.975554	0.975818	
6.55799 1.06509	1.06661	0.99607	0.99517	0.978032	0.978294	
6.57412 1.06963	1.07117	1.00101	1.0001	0.978796	0.979057	
6.59025 1.07316	1.07471	1.00445	1.00354	0.980669	0.980928	
6.60639 1.07672	1.07828	1.00833	1.00742	0.982701	0.982959	
6.62252 1.07954	1.08111	1.01156	1.01065	0.984096	0.984353	
6.63865 1.08326	1.08485	1.01485	1.01394	0.985941	0.986198	
6.65478 1.08543	1.08703	1.01873	1.01781	0.987885	0.988141	
6.67092 1.08822	1.08983	1.02176	1.02084	0.98945	0.989705	
6.68705 1.09024	1.09187	1.02427	1.02335	0.990598	0.990853	
6.70318 1.09181	1.09345	1.02727	1.02636	0.991254	0.991508	
6.71932 1.09458	1.09623	1.03052	1.02961	0.992632	0.992886	
6.73545 1.09697	1.09864	1.03291	1.03199	0.993658	0.993912	
6.75158 1.09808	1.09976	1.03546	1.03455	0.995668	0.995922	
6.76771 1.09943	1.10112	1.0372	1.03629	0.996907	0.997161	
6.78385 1.10063	1.10234	1.04017	1.03926	0.998107	0.998361	
6.79998 1.10163	1.10335	1.0416	1.0407	0.99968	0.999934	
6.81611 1.10231	1.10404	1.04344	1.04253	1.00066	1.00092	
6.83225 1.10288	1.10463	1.04595	1.04505	1.00173	1.00198	
6.84838 1.10419	1.10595	1.04727	1.04637	1.00186	1.00212	
6.86451 1.10447	1.10624	1.04889	1.048	1.0024	1.00266	
6.88064 1.10407	1.10585	1.05001	1.04912	1.00442	1.00467	
6.89678 1.10447	1.10626	1.05085	1.04996	1.0045	1.00475	
6.91291 1.10427	1.10608	1.05277	1.05189	1.00475	1.00501	
6.92904 1.10328	1.10509	1.05387	1.05299	1.00581	1.00607	
6.94518 1.1026	1.10443	1.0544	1.05353	1.00568	1.00593	
6.96131 1.10145	1.10329	1.0552	1.05433	1.00722	1.00748	
6.97744 1.10058	1.10243	1.05556	1.0547	1.0075	1.00776	
6.99357 1.09841	1.10026	1.05623	1.05538	1.00752	1.00778	
7.00971 1.09764	1.0995	1.05637	1.05552	1.00765	1.00791	
7.02584 1.09721	1.09909	1.0569	1.05605	1.00919	1.00946	
7.04197 1.095	1.09688	1.05681	1.05598	1.00854	1.0088	
7.0581 1.09255	1.09444	1.05704	1.05621	1.00864	1.00891	
7.07424 1.09033	1.09223	1.05699	1.05617	1.00908	1.00935	
7.09037 1.08872	1.09063	1.0563	1.05548	1.00932	1.00959	
7.1065 1.08614	1.08806	1.05653	1.05572	1.00923	1.0095	
7.12264 1.08503	1.08695	1.05542	1.05462	1.00947	1.00974	
7.13877 1.08192	1.08385	1.0554	1.05461	1.00922	1.00949	
7.1549 1.07929	1.08122	1.0548	1.05401	1.00865	1.00892	
7.17103 1.07704	1.07898	1.05396	1.05318	1.00885	1.00913	
7.18717 1.07437	1.07631	1.05337	1.05259	1.00889	1.00917	
7.2033 1.07187	1.07382	1.05316	1.05239	1.00899	1.00926	
7.21943 1.06896	1.07091	1.05206	1.0513	1.00874	1.00902	
7.23557 1.06639	1.06834	1.05093	1.05018	1.00822	1.00849	
7.2517 1.06308	1.06504	1.04993	1.04918	1.00802	1.0083	
7.26783 1.06001	1.06196	1.04877	1.04803	1.00819	1.00847	
7.28396 1.05621	1.05816	1.048	1.04726	1.00814	1.00842	
7.3001 1.0546	1.05656	1.04689	1.04616	1.00732	1.0076	
7.31623 1.0509	1.05286	1.04549	1.04477	1.00747	1.00775	
7.33236 1.0482	1.05016	1.04489	1.04417	1.00689	1.00717	
7.3485 1.04376	1.04572	1.04279	1.04208	1.00581	1.0061	
7.36463 1.04159	1.04355	1.04169	1.04099	1.00524	1.00553	
7.38076 1.03897	1.04093	1.04043	1.03973	1.00539	1.00567	
7.39689 1.03558	1.03754	1.03938	1.03868	1.0045	1.00478	
7.41303 1.0325	1.03446	1.03809	1.03741	1.00475	1.00504	
7.42916 1.02984	1.0318	1.03627	1.03559	1.00405	1.00433	
7.44529 1.02613	1.02808	1.03537	1.03469	1.00346	1.00375	
7.46143 1.02389	1.02584	1.0344	1.03372	1.00343	1.00372	
7.47756 1.0205	1.02245	1.03242	1.03175	1.00274	1.00302	
7.49369 1.01716	1.01911	1.03084	1.03017	1.00249	1.00277	
7.50982 1.01566	1.01761	1.03023	1.02957	1.00236	1.00265	
7.52596 1.01148	1.01342	1.02819	1.02754	1.00188	1.00217	
7.54209 1.00883	1.01076	1.0276	1.02695	1.00151	1.00179	
7.55822 1.00659	1.00852	1.02538	1.02474	1.0007	1.00098	
7.57435 1.00315	1.00508	1.02509	1.02445	1.00074	1.00103	
7.59049 1.00063	1.00255	1.02352	1.02288	0.99981	1.0001	
7.60662 0.998768	1.00068	1.0219	1.02127	0.999944	1.00023	
7.62275 0.995882	0.997791	1.0207	1.02007	1.00006	1.00035	
7.63889 0.993609	0.995514	1.01951	1.01888	0.998887	0.999174	
7.65502 0.991518	0.993417	1.01767	1.01704	0.999446	0.999733	
7.67115 0.989566	0.991461	1.01741	1.01679	0.998923	0.999209	
7.68728 0.986143	0.98803	1.01565	1.01503	0.998375	0.998662	
7.70342 0.98457	0.986452	1.01566	1.01504	0.998897	0.999184	
7.71955 0.981833	0.983707	1.01378	1.01316	0.997717	0.998003	
7.73568 0.980231	0.9821	1.01254	1.01193	0.997452	0.997738	
7.75182 0.97892	0.980784	1.01164	1.01103	0.997977	0.998263	
7.76795 0.977144	0.979002	1.01063	1.01002	0.997935	0.998221	
7.78408 0.975446	0.977298	1.00938	1.00877	0.998088	0.998373	
7.80021 0.974058	0.975904	1.00888	1.00828	0.99764	0.997925	
7.81635 0.972073	0.973912	1.00814	1.00754	0.997702	0.997986	
7.83248 0.971566	0.973401	1.00779	1.00719	0.997479	0.997763	
7.84861 0.968837	0.970663	1.00668	1.00608	0.998428	0.998712	
7.86475 0.968665	0.970487	1.00523	1.00463	0.997786	0.99807	
7.88088 0.967153	0.968968	1.00518	1.00458	0.9978	0.998083	
7.89701 0.965706	0.967513	1.00423	1.00364	0.997773	0.998056	
7.91314 0.965024	0.966826	1.00286	1.00226	0.997704	0.997987	
7.92928 0.96392	0.965715	1.00281	1.00222	0.998183	0.998466	
7.94541 0.964266	0.966057	1.00196	1.00137	0.998511	0.998794	
7.96154 0.962325	0.964109	1.00189	1.00129	0.998076	0.998358	
7.97768 0.962149	0.963926	1.00109	1.0005	0.998759	0.999042	
7.99381 0.961475	0.963246	1.00103	1.00044	0.998637	0.99892	
8.00994 0.961064	0.96283	0.999731	0.999137	0.999288	0.999571	
8.02607 0.959754	0.961513	0.999516	0.998922	0.999311	0.999594	
8.04221 0.960409	0.962164	0.999605	0.99901	0.998725	0.999007	
8.05834 0.95998	0.961728	0.99912	0.998526	1.0003	1.00058	
8.07447 0.959035	0.960777	0.998437	0.997843	1.00004	1.00032	
8.0906 0.959406	0.961143	0.998661	0.998067	0.999549	0.999831	
8.10674 0.959496	0.961227	0.998113	0.997519	1.00042	1.0007	
8.12287 0.959189	0.960914	0.997411	0.996816	1.00102	1.0013	
8.139 0.958985	0.960705	0.997686	0.997091	1.00199	1.00228	
8.15514 0.959729	0.961444	0.997181	0.996585	1.00136	1.00164	
8.17127 0.959617	0.961327	0.997281	0.996685	1.00226	1.00254	
8.1874 0.960357	0.962063	0.997075	0.996479	1.0028	1.00308	
8.20353 0.96073	0.962431	0.99739	0.996793	1.00302	1.00331	
8.21967 0.960477	0.962172	0.996428	0.995831	1.00308	1.00337	
8.2358 0.961171	0.962863	0.996974	0.996376	1.00282	1.00311	
8.25193 0.961381	0.963068	0.996718	0.99612	1.00443	1.00472	
8.26807 0.961015	0.962696	0.997051	0.996452	1.00433	1.00461	
8.2842 0.962517	0.964195	0.996698	0.996098	1.00484	1.00513	
8.30033 0.963284	0.964958	0.996912	0.996312	1.00478	1.00507	
8.31646 0.963602	0.965272	0.997205	0.996604	1.0053	1.0056	
8.3326 0.964077	0.965742	0.996884	0.996283	1.00597	1.00627	
8.34873 0.965293	0.966955	0.996806	0.996205	1.00625	1.00655	
8.36486 0.966007	0.967666	0.996441	0.995839	1.00639	1.00668	
8.381 0.966089	0.967743	0.997044	0.996441	1.00678	1.00708	
8.39713 0.967306	0.968958	0.997188	0.996585	1.00728	1.00757	
8.41326 0.967646	0.969293	0.997223	0.996619	1.00796	1.00826	
8.42939 0.968725	0.970371	0.997474	0.99687	1.00804	1.00834	
8.44553 0.970112	0.971756	0.997501	0.996896	1.00799	1.00829	
8.46166 0.970474	0.972114	0.997648	0.997043	1.00811	1.00842	
8.47779 0.970874	0.97251	0.997607	0.997001	1.00927	1.00957	
8.49393 0.972249	0.973884	0.997639	0.997032	1.00909	1.0094	
8.51006 0.973621	0.975254	0.998015	0.997408	1.00925	1.00956	
8.52619 0.973481	0.975109	0.997658	0.99705	1.0094	1.00971	
8.54232 0.974938	0.976566	0.998116	0.997507	1.01042	1.01073	
8.55846 0.975698	0.977323	0.998311	0.997703	1.01051	1.01082	
8.57459 0.975872	0.977494	0.998391	0.997782	1.01075	1.01106	
8.59072 0.978001	0.979623	0.998246	0.997636	1.01068	1.01099	
8.60685 0.978194	0.979813	0.998346	0.997736	1.01132	1.01164	
8.62299 0.97932	0.980938	0.998218	0.997608	1.0113	1.01162	
8.63912 0.980148	0.981764	0.998923	0.998312	1.01113	1.01146	
8.65525 0.980973	0.982588	0.998741	0.99813	1.0114	1.01173	
8.67139 0.98188	0.983494	0.999365	0.998753	1.01146	1.01179	
8.68752 0.983087	0.9847	0.999073	0.998462	1.0119	1.01223	
8.70365 0.983476	0.985088	0.998914	0.998302	1.01143	1.01176	
8.71978 0.98405	0.98566	0.998868	0.998256	1.0123	1.01263	
8.73592 0.985225	0.986835	0.99905	0.998437	1.0119	1.01223	
8.75205 0.985628	0.987236	0.998726	0.998113	1.01259	1.01292	
8.76818 0.987205	0.988815	0.999401	0.998787	1.01215	1.01249	
8.78432 0.987537	0.989145	0.999737	0.999123	1.01243	1.01277	
8.80045 0.988427	0.990034	0.999818	0.999204	1.01286	1.0132	
8.81658 0.989364	0.990972	0.999778	0.999164	1.0129	1.01324	
8.83271 0.989903	0.991511	0.999806	0.999192	1.01268	1.01303	
8.84885 0.990551	0.992158	1.00004	0.999424	1.0122	1.01255	
8.86498 0.991061	0.992667	0.999606	0.998992	1.01271	1.01306	
8.88111 0.991599	0.993205	0.999583	0.998969	1.01296	1.01331	
8.89725 0.992784	0.994391	1.00009	0.999477	1.01325	1.01361	
8.91338 0.993249	0.994856	0.999605	0.99899	1.01223	1.01259	
8.92951 0.993923	0.995531	0.999471	0.998857	1.01254	1.01291	
8.94564 0.994482	0.99609	0.999339	0.998724	1.01179	1.01215	
8.96178 0.994932	0.996539	0.999763	0.999147	1.01256	1.01293	
8.97791 0.995401	0.997009	0.999633	0.999018	1.01125	1.01162	
8.99404 0.996162	0.99777	0.999638	0.999022	1.01179	1.01216	
9.01018 0.995993	0.9976	0.99955	0.998934	1.01153	1.0119	
9.02631 0.996901	0.99851	1.0001	0.999484	1.0115	1.01188	
9.04244 0.997465	0.999075	0.999919	0.999303	1.01108	1.01146	
9.05857 0.99769	0.9993	0.999274	0.998658	1.01099	1.01137	
9.07471 0.997858	0.999468	0.999437	0.998821	1.00999	1.01037	
9.09084 0.998614	1.00023	0.998885	0.998269	1.01089	1.01127	
9.10697 0.999307	1.00092	0.998746	0.99813	1.00992	1.0103	
9.1231 0.999403	1.00102	0.998964	0.998347	1.0096	1.00999	
9.13924 0.999199	1.00081	0.998763	0.998146	1.00942	1.00981	
9.15537 0.999686	1.0013	0.998405	0.997787	1.00946	1.00985	
9.1715 0.999336	1.00095	0.998975	0.998357	1.00877	1.00916	
9.18764 1.00028	1.0019	0.998521	0.997903	1.00861	1.009	
9.20377 1.00092	1.00254	0.998274	0.997656	1.00819	1.00858	
9.2199 1.0005	1.00211	0.998018	0.997399	1.00791	1.0083	
9.23603 1.00072	1.00234	0.998173	0.997553	1.0076	1.008	
9.25217 1.0002	1.00182	0.998083	0.997463	1.00666	1.00706	
9.2683 1.00061	1.00223	0.997727	0.997107	1.00649	1.00688	
9.28443 1.00109	1.00271	0.997302	0.996681	1.00629	1.00669	
9.30057 1.00111	1.00273	0.997514	0.996893	1.00554	1.00594	
9.3167 1.00112	1.00274	0.997026	0.996404	1.00563	1.00604	
9.33283 1.00131	1.00294	0.996902	0.99628	1.00541	1.00582	
9.34896 1.00136	1.00298	0.996716	0.996093	1.00396	1.00436	
9.3651 1.00061	1.00223	0.996531	0.995907	1.00442	1.00483	
9.38123 1.00143	1.00305	0.995791	0.995167	1.00347	1.00387	
9.39736 1.00082	1.00244	0.996136	0.995511	1.00321	1.00362	
9.4135 1.00071	1.00233	0.995967	0.995341	1.00255	1.00296	
9.42963 1.00064	1.00226	0.995762	0.995135	1.00173	1.00213	
9.44576 1.00049	1.00211	0.995503	0.994876	1.00179	1.0022	
9.46189 1.00082	1.00244	0.995445	0.994816	1.00168	1.00209	
9.47803 1.00085	1.00248	0.995468	0.994839	1.00075	1.00115	
9.49416 1.00127	1.0029	0.994759	0.994129	1.0006	1.00101	
9.51029 1.00082	1.00245	0.994731	0.994099	1.00009	1.0005	
9.52643 1.00041	1.00203	0.994422	0.99379	0.998925	0.999331	
9.54256 1.00014	1.00177	0.994495	0.993861	0.999081	0.999487	
9.55869 1.00016	1.00179	0.994209	0.993574	0.998545	0.998951	
9.57482 1.00036	1.00199	0.994086	0.99345	0.998076	0.998481	
9.59096 1.00027	1.0019	0.994168	0.993531	0.997311	0.997715	
9.60709 0.999932	1.00156	0.993876	0.993237	0.996464	0.996867	
9.62322 1.00004	1.00167	0.993667	0.993027	0.996547	0.996949	
9.63935 0.999921	1.00155	0.993479	0.992838	0.996307	0.996709	
9.65549 0.999297	1.00092	0.993025	0.992383	0.995772	0.996173	
9.67162 0.999069	1.0007	0.992804	0.99216	0.995083	0.995483	
9.68775 0.99897	1.0006	0.99296	0.992314	0.994341	0.99474	
9.70389 0.99901	1.00064	0.992497	0.99185	0.994	0.994397	
9.72002 0.999046	1.00067	0.992323	0.991674	0.994401	0.994797	
9.73615 0.998507	1.00013	0.992535	0.991885	0.993338	0.993733	
9.75228 0.998288	0.999913	0.992452	0.9918	0.992827	0.99322	
9.76842 0.998508	1.00013	0.992025	0.991371	0.992568	0.992959	
9.78455 0.998189	0.999814	0.992527	0.991871	0.992417	0.992806	
9.80068 0.997775	0.9994	0.992162	0.991505	0.99198	0.992368	
9.81682 0.998173	0.999799	0.992148	0.991488	0.99116	0.991546	
9.83295 0.997898	0.999523	0.992136	0.991475	0.99157	0.991954	
9.84908 0.998237	0.999862	0.991988	0.991325	0.991008	0.99139	
9.86521 0.997931	0.999556	0.992158	0.991493	0.991005	0.991385	
9.88135 0.997879	0.999504	0.991804	0.991138	0.990576	0.990954	
9.89748 0.997348	0.998971	0.991867	0.991198	0.990788	0.991164	
9.91361 0.997526	0.999149	0.991705	0.991035	0.99013	0.990504	
9.92975 0.996911	0.998533	0.991614	0.990942	0.989938	0.99031	
9.94588 0.997616	0.999239	0.992052	0.991377	0.989757	0.990127	
9.96201 0.997561	0.999184	0.991881	0.991205	0.989693	0.99006	
9.97814 0.99691	0.998531	0.992111	0.991432	0.989054	0.989419	
9.99428 0.997429	0.999051	0.992352	0.991672	0.989133	0.989496	
10.0104 0.997434	0.999056	0.992194	0.991512	0.988565	0.988925	
10.0265 0.997316	0.998938	0.992335	0.991651	0.988583	0.988941	
10.0427 0.997337	0.998958	0.992817	0.992131	0.988891	0.989246	
10.0588 0.997466	0.999088	0.992774	0.992086	0.988662	0.989015	
10.0749 0.997587	0.999208	0.993094	0.992404	0.988311	0.988661	
10.0911 0.997317	0.998938	0.993056	0.992365	0.988193	0.98854	
10.1072 0.997336	0.998957	0.993268	0.992575	0.987969	0.988314	
10.1233 0.997778	0.999399	0.993146	0.992451	0.988061	0.988403	
10.1395 0.997808	0.999429	0.994063	0.993366	0.987746	0.988085	
10.1556 0.997827	0.999448	0.993935	0.993236	0.987777	0.988114	
10.1717 0.997416	0.999036	0.994398	0.993697	0.988072	0.988406	
10.1879 0.998113	0.999734	0.994251	0.993549	0.988286	0.988617	
10.204 0.99775	0.99937	0.994292	0.993588	0.988233	0.988561	
10.2201 0.998328	0.999949	0.995316	0.994611	0.988162	0.988488	
10.2363 0.998215	0.999836	0.995152	0.994446	0.988158	0.988481	
10.2524 0.998019	0.999639	0.995367	0.994659	0.988089	0.98841	
10.2685 0.998614	1.00024	0.995706	0.994997	0.988973	0.989292	
10.2847 0.998654	1.00028	0.995745	0.995034	0.988399	0.988714	
10.3008 0.998199	0.99982	0.996513	0.995801	0.989327	0.98964	
10.3169 0.998574	1.0002	0.996152	0.995439	0.987939	0.988249	
10.3331 0.99902	1.00064	0.997206	0.996491	0.988727	0.989035	
10.3492 0.998916	1.00054	0.997117	0.996402	0.988789	0.989095	
10.3653 0.999628	1.00125	0.997496	0.99678	0.98905	0.989353	
10.3815 0.999156	1.00078	0.997982	0.997265	0.989436	0.989737	
10.3976 0.998812	1.00043	0.998391	0.997673	0.989027	0.989325	
10.4137 0.999111	1.00073	0.998482	0.997764	0.989232	0.989528	
10.4299 0.999473	1.0011	0.998434	0.997715	0.990093	0.990386	
10.446 0.999685	1.00131	0.998917	0.998197	0.990133	0.990424	
10.4621 0.999859	1.00148	0.999522	0.998801	0.99039	0.990679	
10.4783 0.999913	1.00154	0.999862	0.999141	0.991002	0.991289	
10.4944 0.999736	1.00136	1.00005	0.999332	0.990535	0.99082	
10.5105 1.00035	1.00198	1.00069	0.999966	0.990732	0.991014	
10.5267 1.00049	1.00212	1.00054	0.999821	0.991038	0.991318	
10.5428 1.00086	1.00249	1.00084	1.00012	0.991241	0.99152	
10.5589 1.0003	1.00193	1.0012	1.00048	0.991909	0.992185	
10.5751 1.00056	1.00219	1.00175	1.00103	0.991519	0.991793	
10.5912 1.00059	1.00222	1.00199	1.00127	0.992458	0.992731	
10.6073 1.00089	1.00252	1.00244	1.00171	0.992425	0.992696	
10.6235 1.00099	1.00263	1.00284	1.00212	0.993057	0.993327	
10.6396 1.00097	1.00261	1.00347	1.00275	0.993118	0.993386	
10.6557 1.00133	1.00296	1.00347	1.00275	0.993135	0.993401	
10.6719 1.00127	1.0029	1.00349	1.00277	0.993739	0.994004	
10.688 1.00147	1.00311	1.00403	1.00331	0.993482	0.993745	
10.7041 1.00174	1.00337	1.0036	1.00288	0.994405	0.994667	
10.7203 1.00159	1.00323	1.00464	1.00392	0.994325	0.994585	
10.7364 1.0016	1.00324	1.00503	1.00431	0.994445	0.994704	
10.7525 1.00164	1.00328	1.00479	1.00407	0.995349	0.995607	
10.7687 1.00226	1.0039	1.00545	1.00474	0.995761	0.996019	
10.7848 1.00177	1.00342	1.00543	1.00472	0.995507	0.995763	
10.8009 1.00189	1.00353	1.00583	1.00511	0.995759	0.996015	
10.817 1.00149	1.00314	1.00604	1.00533	0.996285	0.996539	
10.8332 1.00191	1.00356	1.00633	1.00562	0.996284	0.996537	
10.8493 1.00147	1.00312	1.00673	1.00602	0.996957	0.99721	
10.8654 1.00165	1.0033	1.00714	1.00643	0.997169	0.997421	
10.8816 1.00204	1.00369	1.00748	1.00678	0.997372	0.997623	
10.8977 1.00207	1.00372	1.00733	1.00663	0.997636	0.997887	
10.9138 1.00244	1.00409	1.00767	1.00697	0.997681	0.997932	
10.93 1.00137	1.00302	1.00736	1.00666	0.998011	0.998262	
10.9461 1.00134	1.00299	1.00801	1.00731	0.998798	0.999048	
10.9622 1.00157	1.00322	1.00807	1.00737	0.998836	0.999086	
10.9784 1.002	1.00365	1.00844	1.00774	0.998502	0.998752	
10.9945 1.00211	1.00376	1.00828	1.00759	0.999373	0.999622	
11.0106 1.00149	1.00315	1.0084	1.00771	0.999421	0.999671	
11.0268 1.00142	1.00308	1.00828	1.00759	0.999564	0.999814	
11.0429 1.00108	1.00273	1.00867	1.00798	0.999745	0.999995	
11.059 1.00156	1.00321	1.00883	1.00815	1.00034	1.00059	
11.0752 1.00107	1.00273	1.00876	1.00807	1.00014	1.00039	
11.0913 1.0007	1.00236	1.00865	1.00797	1.0007	1.00095	
11.1074 1.00102	1.00268	1.00932	1.00864	1.00084	1.00109	
11.1236 1.00082	1.00248	1.00902	1.00835	1.00121	1.00146	
11.1397 1.00098	1.00264	1.00929	1.00862	1.00102	1.00127	
11.1558 1.00094	1.0026	1.0095	1.00883	1.0014	1.00165	
11.172 1.00059	1.00225	1.00892	1.00825	1.00132	1.00157	
11.1881 1.00031	1.00197	1.00878	1.00811	1.00151	1.00176	
11.2042 0.999685	1.00135	1.00868	1.00802	1.00206	1.00231	
11.2204 0.999622	1.00128	1.00952	1.00886	1.00203	1.00228	
11.2365 0.999768	1.00143	1.00925	1.00859	1.00219	1.00244	
11.2526 0.999566	1.00123	1.00926	1.0086	1.00251	1.00277	
11.2688 0.999494	1.00116	1.00912	1.00846	1.00278	1.00303	
11.2849 0.999408	1.00107	1.00922	1.00857	1.00283	1.00309	
11.301 0.999201	1.00086	1.00925	1.0086	1.00264	1.0029	
11.3172 0.998942	1.0006	1.00885	1.0082	1.00306	1.00332	
11.3333 0.998354	1.00001	1.00883	1.00819	1.00298	1.00324	
11.3494 0.998752	1.00041	1.00908	1.00844	1.00337	1.00363	
11.3656 0.998501	1.00016	1.00884	1.0082	1.00364	1.0039	
11.3817 0.998193	0.999853	1.00885	1.00822	1.00363	1.00389	
11.3978 0.997684	0.999343	1.00881	1.00818	1.00329	1.00355	
11.414 0.997759	0.999418	1.00859	1.00796	1.00392	1.00419	
11.4301 0.997639	0.999297	1.00874	1.00812	1.00385	1.00412	
11.4462 0.99741	0.999068	1.00822	1.0076	1.00382	1.00409	
11.4624 0.997263	0.998921	1.00852	1.0079	1.00429	1.00456	
11.4785 0.997258	0.998915	1.00774	1.00712	1.00416	1.00443	
11.4946 0.996813	0.998469	1.0079	1.00728	1.004	1.00427	
11.5108 0.996739	0.998394	1.00772	1.0071	1.00427	1.00455	
11.5269 0.9966	0.998254	1.00756	1.00694	1.0041	1.00438	
11.543 0.996051	0.997704	1.00755	1.00694	1.0045	1.00478	
11.5592 0.996061	0.997713	1.00755	1.00694	1.00451	1.00479	
11.5753 0.99626	0.997912	1.00756	1.00696	1.00401	1.00429	
11.5914 0.995285	0.996934	1.00681	1.0062	1.004	1.00428	
11.6076 0.995463	0.997111	1.00692	1.00631	1.004	1.00428	
11.6237 0.994995	0.996642	1.00692	1.00631	1.00412	1.0044	
11.6398 0.995086	0.996732	1.00658	1.00598	1.00397	1.00426	
11.656 0.994539	0.996183	1.0063	1.0057	1.00404	1.00433	
11.6721 0.994465	0.996107	1.00617	1.00557	1.00407	1.00436	
11.6882 0.994508	0.996149	1.00626	1.00566	1.00435	1.00464	
11.7044 0.994412	0.996052	1.00577	1.00517	1.00428	1.00457	
11.7205 0.994144	0.995783	1.00611	1.00552	1.00416	1.00445	
11.7366 0.993649	0.995285	1.00526	1.00467	1.00405	1.00435	
11.7528 0.99347	0.995104	1.00486	1.00427	1.00429	1.00458	
11.7689 0.993242	0.994874	1.00491	1.00432	1.00384	1.00414	
11.785 0.993328	0.994958	1.00466	1.00408	1.0037	1.004	
11.8012 0.993508	0.995138	1.00463	1.00405	1.00379	1.00409	
11.8173 0.992881	0.994507	1.00447	1.00389	1.00404	1.00434	
11.8334 0.992295	0.993919	1.00398	1.0034	1.00325	1.00355	
11.8495 0.992448	0.99407	1.00411	1.00353	1.00352	1.00382	
11.8657 0.992575	0.994195	1.00389	1.00331	1.0034	1.00371	
11.8818 0.992393	0.994012	1.00349	1.00291	1.00327	1.00358	
11.8979 0.992224	0.99384	1.00353	1.00296	1.00368	1.00398	
11.9141 0.992511	0.994125	1.00335	1.00277	1.00355	1.00386	
11.9302 0.991943	0.993554	1.00282	1.00224	1.00329	1.0036	
11.9463 0.991651	0.993259	1.00309	1.00252	1.00352	1.00383	
11.9625 0.991759	0.993366	1.0027	1.00213	1.00316	1.00347	
11.9786 0.991656	0.993261	1.00256	1.00199	1.00344	1.00376	
11.9947 0.991366	0.992967	1.002	1.00143	1.00293	1.00324	
12.0109 0.991401	0.993001	1.00225	1.00168	1.00296	1.00328	
12.027 0.990976	0.992572	1.00213	1.00156	1.00294	1.00326	
12.0431 0.991739	0.993335	1.00167	1.0011	1.00273	1.00305	
12.0593 0.991049	0.992641	1.00172	1.00115	1.0028	1.00312	
12.0754 0.990564	0.992152	1.00138	1.00081	1.00235	1.00267	
12.0915 0.991096	0.992683	1.00183	1.00126	1.00256	1.00288	
12.1077 0.99109	0.992674	1.00108	1.00051	1.00265	1.00297	
12.1238 0.990729	0.99231	1.00014	0.999577	1.00252	1.00285	
12.1399 0.99126	0.992839	1.00101	1.00044	1.00267	1.00299	
12.1561 0.990484	0.99206	1.00038	0.999814	1.00194	1.00226	
12.1722 0.990865	0.992439	1.00057	0.999999	1.00203	1.00235	
12.1883 0.990845	0.992416	1.00028	0.999712	1.00192	1.00225	
12.2045 0.990925	0.992493	1.00015	0.99958	1.00148	1.0018	
12.2206 0.990817	0.992382	0.999944	0.999376	1.00176	1.00209	
12.2367 0.990944	0.992507	0.999971	0.999403	1.00122	1.00154	
12.2529 0.990692	0.992253	0.999532	0.998965	1.00143	1.00176	
12.269 0.991238	0.992797	0.999619	0.99905	1.00111	1.00144	
12.2851 0.990663	0.992218	0.999388	0.99882	1.00112	1.00145	
12.3013 0.991111	0.992664	0.999403	0.998834	1.00113	1.00145	
12.3174 0.991355	0.992906	0.999401	0.998831	1.00102	1.00135	
12.3335 0.990919	0.992466	0.999052	0.998483	1.00127	1.0016	
12.3497 0.991001	0.992546	0.999599	0.999029	1.00129	1.00162	
12.3658 0.991194	0.992737	0.999119	0.998548	1.00068	1.00102	
12.3819 0.991204	0.992744	0.998836	0.998265	1.00031	1.00064	
12.3981 0.991343	0.992881	0.998699	0.998127	1.00053	1.00086	
12.4142 0.991623	0.993159	0.998776	0.998204	1.00075	1.00108	
12.4303 0.991515	0.993048	0.99838	0.997807	1.00045	1.00078	
12.4465 0.991323	0.992853	0.998567	0.997993	1.00069	1.00102	
12.4626 0.99139	0.992918	0.998856	0.998281	1.00028	1.00062	
12.4787 0.991827	0.993353	0.99838	0.997804	1.00022	1.00056	
12.4949 0.991614	0.993138	0.998517	0.997941	1.00039	1.00072	
12.511 0.991522	0.993043	0.998423	0.997847	1.00012	1.00045	
12.5271 0.991948	0.993468	0.99843	0.997852	1.00027	1.0006	
12.5433 0.991484	0.993	0.9981	0.997522	1.00015	1.00049	
12.5594 0.992025	0.993539	0.998295	0.997716	0.999739	1.00007	
12.5755 0.99221	0.993723	0.998184	0.997604	0.999831	1.00016	
12.5917 0.991982	0.993492	0.998366	0.997785	0.999932	1.00027	
12.6078 0.99246	0.993968	0.998266	0.997684	0.999743	1.00008	
12.6239 0.992627	0.994133	0.998142	0.99756	0.999312	0.999645	
12.6401 0.992665	0.994169	0.998268	0.997685	0.999652	0.999985	
12.6562 0.992825	0.994327	0.998323	0.997738	0.999595	0.999928	
12.6723 0.992632	0.994132	0.998239	0.997654	0.999623	0.999956	
12.6885 0.99269	0.994188	0.998328	0.997741	0.999495	0.999828	
12.7046 0.993093	0.994589	0.998343	0.997756	0.999466	0.999799	
12.7207 0.993389	0.994884	0.998085	0.997497	0.99922	0.999552	
12.7369 0.993383	0.994876	0.998114	0.997525	0.999655	0.999988	
12.753 0.993733	0.995225	0.998103	0.997514	0.999233	0.999566	
12.7691 0.993604	0.995093	0.998027	0.997436	0.999233	0.999565	
12.7853 0.993531	0.995019	0.998137	0.997546	0.999179	0.999511	
12.8014 0.993651	0.995136	0.998202	0.997609	0.999284	0.999616	
12.8175 0.994009	0.995493	0.998102	0.997508	0.998915	0.999247	
12.8337 0.993965	0.995448	0.998136	0.997542	0.999195	0.999526	
12.8498 0.994295	0.995776	0.998377	0.997782	0.998851	0.999182	
12.8659 0.994566	0.996046	0.998204	0.997608	0.998908	0.999238	
12.882 0.994673	0.996152	0.998156	0.997559	0.998836	0.999167	
12.8982 0.994711	0.996189	0.998096	0.997498	0.998454	0.998784	
12.9143 0.995061	0.996538	0.998233	0.997634	0.998805	0.999134	
12.9304 0.995045	0.99652	0.998633	0.998033	0.998858	0.999187	
12.9466 0.994695	0.996168	0.998684	0.998083	0.998783	0.999112	
12.9627 0.995016	0.996488	0.998824	0.998222	0.998641	0.99897	
12.9788 0.995016	0.996487	0.998587	0.997985	0.998657	0.998986	
12.995 0.995144	0.996614	0.998792	0.998189	0.998618	0.998945	
13.0111 0.995786	0.997256	0.999019	0.998415	0.998047	0.998374	
13.0272 0.996028	0.997497	0.999073	0.998469	0.998663	0.99899	
13.0434 0.995961	0.997429	0.999086	0.998481	0.998961	0.999287	
13.0595 0.995877	0.997343	0.999209	0.998604	0.999253	0.99958	
13.0756 0.99644	0.997907	0.999003	0.998397	0.998404	0.998729	
13.0918 0.996478	0.997944	0.999011	0.998404	0.998627	0.998952	
13.1079 0.996066	0.99753	0.998959	0.998351	0.998833	0.999158	
13.124 0.996228	0.997692	0.999149	0.99854	0.998771	0.999096	
13.1402 0.996603	0.998067	0.999404	0.998795	0.998221	0.998544	
13.1563 0.996868	0.998331	0.999118	0.998508	0.99836	0.998683	
13.1724 0.996968	0.998431	0.999367	0.998757	0.998724	0.999047	
13.1886 0.996818	0.99828	0.999555	0.998944	0.998092	0.998415	
13.2047 0.996988	0.998449	0.999253	0.998642	0.998289	0.998611	
13.2208 0.997296	0.998757	0.999377	0.998766	0.998196	0.998517	
13.237 0.9974	0.998861	0.999799	0.999186	0.998225	0.998546	
13.2531 0.997525	0.998986	0.999582	0.998969	0.997854	0.998174	
13.2692 0.997876	0.999337	0.999836	0.999223	0.998257	0.998576	
13.2854 0.997652	0.999112	0.999678	0.999065	0.997872	0.99819	
13.3015 0.997552	0.999011	0.999887	0.999273	0.997983	0.9983	
13.3176 0.997881	0.99934	0.999959	0.999345	0.998457	0.998774	
13.3338 0.997807	0.999267	0.999983	0.999369	0.998457	0.998774	
13.3499 0.997803	0.999262	0.999979	0.999364	0.998359	0.998675	
13.366 0.997881	0.99934	1.0001	0.99948	0.997798	0.998113	
13.3822 0.99783	0.999288	1.00019	0.999575	0.998278	0.998592	
13.3983 0.998379	0.999838	0.999849	0.999233	0.998337	0.998651	
13.4144 0.997913	0.999371	1.00028	0.999669	0.998207	0.99852	
13.4306 0.998039	0.999497	1.00041	0.999794	0.997951	0.998264	
13.4467 0.998426	0.999885	1.00037	0.999755	0.997768	0.99808	
13.4628 0.998646	1.0001	1.00085	1.00023	0.998131	0.998442	
13.479 0.998388	0.999847	1.00021	0.999598	0.99819	0.9985	
13.4951 0.998667	1.00013	1.00047	0.99985	0.997879	0.998189	
13.5112 0.998375	0.999833	1.00054	0.999923	0.997937	0.998246	
13.5274 0.998375	0.999834	1.0011	1.00049	0.998197	0.998505	
13.5435 0.998315	0.999773	1.00086	1.00025	0.997777	0.998084	
13.5596 0.998549	1.00001	1.00072	1.0001	0.998066	0.998372	
13.5758 0.998465	0.999923	1.00094	1.00033	0.997882	0.998188	
13.5919 0.998663	1.00012	1.00101	1.0004	0.998017	0.998323	
13.608 0.998456	0.999915	1.00072	1.00011	0.998151	0.998456	
13.6242 0.998723	1.00018	1.00105	1.00043	0.9979	0.998204	
13.6403 0.998789	1.00025	1.00087	1.00026	0.997958	0.998261	
13.6564 0.998789	1.00025	1.00099	1.00037	0.998091	0.998393	
13.6726 0.998805	1.00026	1.00096	1.00034	0.998011	0.998312	
13.6887 0.998543	1	1.00142	1.0008	0.998135	0.998436	
13.7048 0.998577	1.00004	1.00153	1.00092	0.997848	0.998148	
13.721 0.998824	1.00028	1.00126	1.00064	0.998257	0.998556	
13.7371 0.999061	1.00052	1.00124	1.00062	0.998012	0.99831	
13.7532 0.998677	1.00014	1.00122	1.00061	0.998192	0.99849	
13.7694 0.998782	1.00024	1.00142	1.00081	0.998077	0.998374	
13.7855 0.998653	1.00011	1.00162	1.001	0.997643	0.997939	
13.8016 0.999067	1.00053	1.00154	1.00092	0.997471	0.997766	
13.8178 0.998449	0.999909	1.00154	1.00092	0.997968	0.998263	
13.8339 0.99859	1.00005	1.00176	1.00115	0.998035	0.998328	
13.85 0.998699	1.00016	1.00166	1.00104	0.998074	0.998366	
13.8662 0.99906	1.00052	1.00167	1.00106	0.997878	0.99817	
13.8823 0.998666	1.00013	1.00172	1.00111	0.998058	0.998349	
13.8984 0.998847	1.00031	1.00164	1.00103	0.998093	0.998384	
13.9145 0.999266	1.00073	1.00182	1.00121	0.997674	0.997963	
13.9307 0.998587	1.00005	1.00199	1.00138	0.997847	0.998135	
13.9468 0.998908	1.00037	1.00177	1.00116	0.997915	0.998203	
13.9629 0.998807	1.00027	1.00164	1.00103	0.998088	0.998374	
13.9791 0.99884	1.0003	1.00177	1.00117	0.998156	0.998442	
13.9952 0.998396	0.999857	1.00195	1.00135	0.998073	0.998358	
14.0113 0.998902	1.00036	1.00215	1.00155	0.998247	0.998531	
14.0275 0.998675	1.00014	1.00188	1.00128	0.998294	0.998578	
14.0436 0.998718	1.00018	1.00183	1.00122	0.998117	0.9984	
14.0597 0.998613	1.00007	1.00208	1.00148	0.998029	0.998312	
14.0759 0.998547	1.00001	1.00182	1.00122	0.998058	0.998339	
14.092 0.998097	0.999558	1.00219	1.00158	0.998051	0.998332	
14.1081 0.998295	0.999756	1.00219	1.00158	0.998176	0.998456	
14.1243 0.998015	0.999475	1.00204	1.00144	0.998187	0.998466	
14.1404 0.998255	0.999715	1.00205	1.00145	0.997985	0.998263	
14.1565 0.998222	0.999683	1.00233	1.00173	0.99774	0.998017	
14.1727 0.998311	0.999772	1.00231	1.00171	0.998021	0.998298	
14.1888 0.998005	0.999465	1.0022	1.0016	0.998427	0.998703	
14.2049 0.998071	0.999531	1.00209	1.00149	0.998302	0.998578	
14.2211 0.998022	0.999481	1.00217	1.00158	0.998551	0.998826	
14.2372 0.997839	0.999297	1.00219	1.00159	0.998377	0.998652	
14.2533 0.998212	0.999671	1.00224	1.00165	0.99815	0.998423	
14.2695 0.997882	0.99934	1.00243	1.00184	0.998405	0.998677	
14.2856 0.997979	0.999437	1.00193	1.00133	0.99797	0.998242	
14.3017 0.997981	0.999439	1.00229	1.0017	0.998504	0.998775	
14.3179 0.998035	0.999493	1.00208	1.00149	0.998494	0.998765	
14.334 0.99776	0.999217	1.00218	1.00159	0.99838	0.998649	
14.3501 0.998141	0.999598	1.00227	1.00168	0.998538	0.998807	
14.3663 0.997304	0.998759	1.00223	1.00164	0.998399	0.998667	
14.3824 0.997589	0.999044	1.00228	1.00169	0.998547	0.998815	
14.3985 0.997487	0.998941	1.00218	1.00159	0.9988	0.999068	
14.4147 0.997565	0.999019	1.00241	1.00182	0.998667	0.998935	
14.4308 0.997719	0.999173	1.0024	1.00181	0.998869	0.999135	
14.4469 0.997819	0.999272	1.00241	1.00183	0.998684	0.99895	
14.4631 0.997448	0.9989	1.00214	1.00155	0.998396	0.998661	
14.4792 0.997116	0.998567	1.00205	1.00146	0.998601	0.998865	
14.4953 0.997161	0.998612	1.00246	1.00187	0.998847	0.999112	
14.5115 0.997486	0.998936	1.00256	1.00198	0.998596	0.99886	
14.5276 0.997112	0.998561	1.00214	1.00156	0.999295	0.999559	
14.5437 0.997383	0.998832	1.00258	1.002	0.998896	0.999159	
14.5599 0.997496	0.998945	1.00231	1.00173	0.998883	0.999146	
14.576 0.997185	0.998632	1.00194	1.00137	0.998995	0.999257	
14.5921 0.997361	0.998808	1.00241	1.00183	0.998999	0.999261	
14.6083 0.996854	0.9983	1.00233	1.00175	0.999356	0.999618	
14.6244 0.997073	0.998518	1.00235	1.00177	0.999215	0.999477	
14.6405 0.997388	0.998833	1.00235	1.00178	0.999095	0.999356	
14.6567 0.997461	0.998905	1.00241	1.00184	0.999339	0.999601	
14.6728 0.997142	0.998585	1.00239	1.00182	0.999218	0.999479	
14.6889 0.997072	0.998514	1.00246	1.00189	0.999044	0.999305	
14.7051 0.997009	0.99845	1.00226	1.00169	0.999282	0.999542	
14.7212 0.997155	0.998595	1.0025	1.00193	0.999064	0.999323	
14.7373 0.996766	0.998206	1.0025	1.00193	0.999452	0.999712	
14.7535 0.997254	0.998693	1.00252	1.00195	0.999563	0.999823	
14.7696 0.996926	0.998364	1.00215	1.00158	0.999122	0.999381	
14.7857 0.996882	0.998319	1.00213	1.00157	0.999435	0.999694	
14.8019 0.996826	0.998262	1.00233	1.00177	0.999819	1.00008	
14.818 0.996674	0.998109	1.00231	1.00174	1.00002	1.00028	
14.8341 0.996503	0.997936	1.00218	1.00162	0.999737	0.999996	
14.8503 0.996684	0.998116	1.00209	1.00153	0.999791	1.00005	
14.8664 0.996913	0.998345	1.00245	1.00189	0.999583	0.999842	
14.8825 0.996755	0.998186	1.0022	1.00164	0.999182	0.999441	
14.8987 0.996942	0.998372	1.00236	1.0018	0.999644	0.999903	
14.9148 0.996849	0.998278	1.00213	1.00157	1.00011	1.00037	
14.9309 0.996656	0.998084	1.00189	1.00133	0.999748	1.00001	
14.947 0.997096	0.998523	1.00242	1.00186	1.00006	1.00032	
14.9632 0.996684	0.99811	1.00219	1.00164	0.999787	1.00005	
14.9793 0.99655	0.997974	1.00219	1.00164	1.00001	1.00027	
14.9954 0.996931	0.998355	1.00215	1.0016	1.00004	1.0003	
15.0116 0.996912	0.998335	1.00225	1.0017	0.999887	1.00015	
15.0277 0.996615	0.998037	1.00198	1.00143	1	1.00026	
15.0438 0.996607	0.998027	1.00221	1.00165	0.99979	1.00005	
15.06 0.996482	0.997901	1.00206	1.00151	1.00008	1.00034	
15.0761 0.996658	0.998077	1.00172	1.00117	1.00028	1.00055	
15.0922 0.996817	0.998234	1.0022	1.00166	1.00008	1.00034	
15.1084 0.99647	0.997886	1.00227	1.00172	0.999809	1.00007	
15.1245 0.996827	0.998243	1.00205	1.00151	0.9998	1.00006	
15.1406 0.996399	0.997812	1.00219	1.00164	1.00035	1.00061	
15.1568 0.996652	0.998064	1.00201	1.00146	1.00001	1.00027	
15.1729 0.996876	0.998287	1.00213	1.00159	1.00024	1.0005	
15.189 0.996665	0.998075	1.00174	1.0012	1.00041	1.00067	
15.2052 0.996542	0.997951	1.00185	1.00131	1.0003	1.00056	
15.2213 0.996588	0.997996	1.0017	1.00116	1.00045	1.00071	
15.2374 0.996496	0.997903	1.00186	1.00132	0.999806	1.00007	
15.2536 0.996567	0.997973	1.00203	1.00149	1.00031	1.00057	
15.2697 0.996576	0.99798	1.00217	1.00163	1.00076	1.00102	
15.2858 0.996418	0.997821	1.00178	1.00124	1.00002	1.00028	
15.302 0.996726	0.998128	1.00189	1.00135	1.00034	1.0006	
15.3181 0.996276	0.997677	1.00173	1.00119	1.00036	1.00063	
15.3342 0.996362	0.997761	1.00191	1.00138	1.00066	1.00093	
15.3504 0.996441	0.997839	1.00169	1.00116	1.00032	1.00058	
15.3665 0.996633	0.99803	1.00167	1.00114	1.00068	1.00095	
15.3826 0.996567	0.997963	1.00165	1.00111	1.00044	1.00071	
15.3988 0.996715	0.99811	1.00203	1.00149	1.00022	1.00049	
15.4149 0.996199	0.997592	1.0015	1.00097	1.00024	1.0005	
15.431 0.996567	0.997959	1.00161	1.00108	1.00047	1.00073	
15.4472 0.996162	0.997552	1.00182	1.00129	1.00001	1.00027	
15.4633 0.99642	0.997809	1.00166	1.00113	1.00067	1.00094	
15.4794 0.996202	0.997589	1.00156	1.00103	1.00025	1.00052	
15.4956 0.996383	0.997769	1.00165	1.00112	1.00068	1.00095	
15.5117 0.996554	0.997938	1.00147	1.00094	1.00038	1.00065	
15.5278 0.996177	0.99756	1.0015	1.00097	1.00036	1.00063	
15.544 0.996415	0.997797	1.00148	1.00095	1.00035	1.00062	
15.5601 0.996208	0.997588	1.00156	1.00103	1.0004	1.00067	
15.5762 0.996282	0.99766	1.00122	1.0007	1.00056	1.00083	
15.5924 0.996256	0.997633	1.00136	1.00083	1.00045	1.00072	
15.6085 0.996335	0.997711	1.00132	1.00079	1.0007	1.00097	
15.6246 0.996633	0.998008	1.00119	1.00066	1.00023	1.0005	
15.6408 0.996309	0.997682	1.00128	1.00076	1.00039	1.00066	
15.6569 0.996522	0.997894	1.00137	1.00085	1.00066	1.00094	
15.673 0.996083	0.997453	1.00133	1.00081	1.00051	1.00079	
15.6892 0.996408	0.997777	1.00129	1.00077	1.00043	1.00071	
15.7053 0.996556	0.997924	1.00097	1.00045	1.00031	1.00058	
15.7214 0.996612	0.997979	1.00109	1.00057	1.00044	1.00071	
15.7376 0.996576	0.997941	1.00114	1.00062	1.00082	1.0011	
15.7537 0.996786	0.998151	1.00083	1.00031	1.0007	1.00097	
15.7698 0.996624	0.997987	1.00112	1.0006	1.00049	1.00077	
15.786 0.996744	0.998105	1.00111	1.00059	1.00031	1.00059	
15.8021 0.9965	0.99786	1.00092	1.0004	1.00041	1.00069	
15.8182 0.996785	0.998144	1.00107	1.00055	1.0004	1.00068	
15.8344 0.996305	0.997662	1.00094	1.00042	1.00017	1.00045	
15.8505 0.996647	0.998003	1.00097	1.00045	1.0004	1.00068	
15.8666 0.996714	0.998069	1.00082	1.0003	1.00023	1.00051	
15.8828 0.996931	0.998286	1.00075	1.00023	1.00019	1.00047	
15.8989 0.99676	0.998113	1.00075	1.00023	1.00041	1.00069	
15.915 0.99661	0.997962	1.00104	1.00052	0.999926	1.00021	
15.9312 0.996848	0.998199	1.00071	1.00019	1.00017	1.00045	
15.9473 0.996743	0.998092	1.00084	1.00033	1.00026	1.00054	
15.9634 0.996624	0.997972	1.00056	1.00005	1.00049	1.00077	
15.9795 0.996372	0.997718	1.00067	1.00015	1.00043	1.00071	
15.9957 0.996718	0.998063	1.00072	1.0002	1.00017	1.00046	
16.0118 0.996587	0.99793	1.00076	1.00025	0.999889	1.00017	
16.0279 0.997094	0.998437	1.00097	1.00046	1.00017	1.00045	
16.0441 0.996398	0.997738	1.00055	1.00003	1.00032	1.0006	
16.0602 0.996813	0.998153	1.00067	1.00015	1.00006	1.00034	
16.0763 0.996824	0.998162	1.00058	1.00006	1.00002	1.00031	
16.0925 0.996849	0.998186	1.00056	1.00005	0.999748	1.00003	
16.1086 0.996808	0.998144	1.00036	0.999845	0.999954	1.00024	
16.1247 0.997072	0.998407	1.00052	1.00001	0.999929	1.00021	
16.1409 0.996649	0.997983	1.00037	0.999853	0.999841	1.00013	
16.157 0.997075	0.998408	1.00043	0.999911	0.999925	1.00021	
16.1731 0.996758	0.998089	1.00065	1.00013	0.999774	1.00006	
16.1893 0.997222	0.998552	1.00045	0.999936	0.999808	1.00009	
16.2054 0.996757	0.998085	1.00027	0.999757	1.00008	1.00036	
16.2215 0.997039	0.998368	1.00057	1.00005	0.999802	1.00009	
16.2377 0.997056	0.998383	1.00037	0.999856	0.999965	1.00025	
16.2538 0.997167	0.998494	1.00048	0.99996	1.00025	1.00054	
16.2699 0.996814	0.998138	1.00057	1.00005	0.999808	1.00009	
16.2861 0.996921	0.998244	1.0002	0.999684	0.999809	1.00009	
16.3022 0.997121	0.998444	1.00016	0.999645	0.999892	1.00018	
16.3183 0.996896	0.998217	1.00048	0.999958	0.999898	1.00018	
16.3345 0.997029	0.998349	1.00025	0.999731	0.999582	0.999867	
16.3506 0.997148	0.998467	1.00024	0.99972	0.999595	0.999881	
16.3667 0.997102	0.99842	1.0003	0.999786	0.999677	0.999962	
16.3829 0.997358	0.998675	1.00035	0.999833	0.999767	1.00005	
16.399 0.997232	0.998548	1.00033	0.999808	0.999773	1.00006	
16.4151 0.997153	0.998468	1.00046	0.999938	0.999695	0.99998	
16.4313 0.997684	0.998998	1.00037	0.999849	0.999746	1.00003	
16.4474 0.997096	0.998409	1.00027	0.999753	0.999549	0.999834	
16.4635 0.996966	0.998277	1.00017	0.999651	0.999753	1.00004	
16.4797 0.99731	0.998621	1.00026	0.999744	0.999633	0.999918	
16.4958 0.997282	0.998592	1.0003	0.999781	0.99961	0.999895	
16.5119 0.997504	0.998813	1.00011	0.999592	0.999451	0.999736	
16.5281 0.997328	0.998636	1.00019	0.999667	0.99903	0.999315	
16.5442 0.997037	0.998344	1.00028	0.999764	0.999716	1	
16.5603 0.997029	0.998335	1.00034	0.999817	0.999465	0.999749	
16.5765 0.997424	0.998729	1.00018	0.99966	0.999511	0.999795	
16.5926 0.99739	0.998694	1.00011	0.999592	0.99954	0.999824	
16.6087 0.997029	0.998331	1.0003	0.999779	0.999133	0.999416	
16.6249 0.997525	0.998827	1.00025	0.999733	0.999513	0.999796	
16.641 0.997144	0.998445	1.0004	0.999875	0.999168	0.999451	
16.6571 0.997342	0.998642	1.00027	0.999748	0.99965	0.999933	
16.6733 0.997438	0.998737	1.00038	0.999862	0.999459	0.999742	
16.6894 0.997712	0.99901	1.00035	0.999826	0.99953	0.999813	
16.7055 0.99763	0.998927	1.00019	0.99967	0.998944	0.999225	
16.7217 0.99746	0.998757	1.00022	0.999698	0.999476	0.999758	
16.7378 0.997706	0.999001	1.00022	0.999703	0.999527	0.999809	
16.7539 0.997646	0.998941	1.00038	0.999858	0.999182	0.999463	
16.7701 0.997478	0.998772	1.00022	0.999699	0.998648	0.998929	
16.7862 0.997705	0.998998	1.00019	0.999672	0.999165	0.999445	
16.8023 0.997585	0.998877	1.00037	0.999843	0.998943	0.999222	
16.8185 0.997565	0.998856	1.00054	1.00001	0.999109	0.999388	
16.8346 0.997888	0.999179	1.00052	0.999999	0.99914	0.999418	
16.8507 0.99796	0.999251	1.00043	0.999908	0.999256	0.999534	
16.8669 0.997714	0.999004	1.00013	0.999611	0.998842	0.999119	
16.883 0.997547	0.998836	1.00049	0.999965	0.999263	0.99954	
16.8991 0.997555	0.998843	1.00037	0.99985	0.998896	0.999173	
16.9153 0.997678	0.998965	1.00047	0.999951	0.999329	0.999606	
16.9314 0.997705	0.998991	1.00043	0.99991	0.999101	0.999377	
16.9475 0.997688	0.998974	1.00061	1.00009	0.999384	0.999659	
16.9637 0.998084	0.99937	1.00064	1.00012	0.998935	0.999209	
16.9798 0.997885	0.99917	1.00048	0.999953	0.999055	0.999329	
16.9959 0.99763	0.998913	1.00044	0.999912	0.999036	0.99931	
17.012 0.997877	0.99916	1.00029	0.999767	0.999102	0.999375	
17.0282 0.997805	0.999088	1.00061	1.00008	0.99901	0.999283	
17.0443 0.997948	0.99923	1.0007	1.00017	0.998899	0.999171	
17.0604 0.997945	0.999226	1.00047	0.999945	0.999226	0.999497	
17.0766 0.997896	0.999177	1.00062	1.0001	0.999193	0.999464	
17.0927 0.99793	0.999209	1.00069	1.00017	0.998684	0.998954	
17.1088 0.998075	0.999355	1.00097	1.00045	0.998808	0.999077	
17.125 0.997858	0.999137	1.0007	1.00017	0.999331	0.9996	
17.1411 0.998116	0.999394	1.00079	1.00027	0.99916	0.999429	
17.1572 0.997984	0.999262	1.00069	1.00016	0.99879	0.999058	
17.1734 0.997873	0.99915	1.00062	1.0001	0.998932	0.999199	
17.1895 0.998141	0.999418	1.0006	1.00008	0.998952	0.999219	
17.2056 0.997918	0.999193	1.00071	1.00019	0.999243	0.999509	
17.2218 0.997967	0.999242	1.00071	1.00019	0.999208	0.999474	
17.2379 0.998078	0.999353	1.00087	1.00035	0.999269	0.999535	
17.254 0.998016	0.99929	1.00083	1.00031	0.999001	0.999266	
17.2702 0.997707	0.99898	1.00091	1.00039	0.998777	0.999041	
17.2863 0.998248	0.999522	1.00106	1.00054	0.999028	0.999292	
17.3024 0.998344	0.999617	1.00081	1.00029	0.998933	0.999195	
17.3186 0.998048	0.99932	1.0006	1.00008	0.998895	0.999158	
17.3347 0.997982	0.999253	1.00089	1.00037	0.999409	0.999671	
17.3508 0.998385	0.999656	1.0011	1.00058	0.998916	0.999177	
17.367 0.998292	0.999563	1.00116	1.00064	0.999185	0.999446	
17.3831 0.998125	0.999396	1.00099	1.00047	0.999488	0.999749	
17.3992 0.998114	0.999384	1.00095	1.00043	0.999057	0.999317	
17.4154 0.998242	0.999512	1.00104	1.00053	0.99902	0.99928	
17.4315 0.99831	0.999579	1.00105	1.00054	0.999226	0.999485	
17.4476 0.997909	0.999177	1.001	1.00048	0.999099	0.999358	
17.4638 0.998082	0.999349	1.00109	1.00058	0.998884	0.999141	
17.4799 0.998121	0.999389	1.00116	1.00064	0.998755	0.999011	
17.496 0.997902	0.999168	1.0009	1.00038	0.998928	0.999184	
17.5122 0.998251	0.999517	1.00114	1.00062	0.998984	0.999239	
17.5283 0.998178	0.999444	1.00087	1.00035	0.999142	0.999397	
17.5444 0.997936	0.999201	1.00075	1.00024	0.999198	0.999452	
17.5606 0.998161	0.999426	1.00105	1.00054	0.999064	0.999318	
17.5767 0.99807	0.999334	1.0013	1.00079	0.999582	0.999835	
17.5928 0.998185	0.999448	1.00081	1.0003	0.999204	0.999458	
17.609 0.998088	0.999351	1.00122	1.00071	0.999272	0.999524	
17.6251 0.997767	0.999029	1.00113	1.00062	0.999221	0.999473	
17.6412 0.997844	0.999105	1.00108	1.00057	0.999019	0.999271	
17.6574 0.998455	0.999716	1.00117	1.00065	0.999449	0.999701	
17.6735 0.998155	0.999415	1.00091	1.0004	0.99969	0.999941	
17.6896 0.998152	0.999412	1.0011	1.00059	0.999221	0.999472	
17.7058 0.99803	0.999289	1.001	1.0005	0.999225	0.999475	
17.7219 0.998188	0.999447	1.00113	1.00062	0.999275	0.999525	
17.738 0.998002	0.99926	1.00097	1.00047	0.999035	0.999285	
17.7542 0.997937	0.999194	1.00119	1.00068	0.999468	0.999718	
17.7703 0.99839	0.999647	1.00127	1.00077	0.998987	0.999235	
17.7864 0.99831	0.999567	1.00117	1.00066	0.999323	0.999571	
17.8026 0.998092	0.999348	1.00116	1.00065	0.999082	0.999329	
17.8187 0.998242	0.999498	1.00122	1.00072	0.999513	0.999761	
17.8348 0.99806	0.999316	1.0013	1.00079	0.9996	0.999847	
17.851 0.998198	0.999453	1.00148	1.00098	0.999387	0.999634	
17.8671 0.998069	0.999323	1.00124	1.00073	0.999415	0.999661	
17.8832 0.997925	0.999178	1.0011	1.00059	0.99933	0.999576	
17.8994 0.998224	0.999477	1.00144	1.00094	0.9992	0.999445	
17.9155 0.998183	0.999435	1.0012	1.0007	0.999036	0.999281	
17.9316 0.998172	0.999423	1.0012	1.0007	0.999254	0.999498	
17.9478 0.997928	0.999179	1.00114	1.00064	0.999175	0.999419	
17.9639 0.99791	0.99916	1.00126	1.00077	0.999601	0.999845	
17.98 0.99782	0.999069	1.00144	1.00094	0.999204	0.999447	
17.9962 0.997475	0.998723	1.00132	1.00082	0.999576	0.999819	
18.0123 0.998126	0.999374	1.00123	1.00073	0.999311	0.999554	
18.0284 0.997788	0.999034	1.00139	1.00089	0.999764	1.00001	
18.0445 0.997949	0.999194	1.00137	1.00087	0.999196	0.999438	
18.0607 0.998135	0.999381	1.00136	1.00086	0.999588	0.99983	
18.0768 0.998103	0.999348	1.0014	1.00091	0.999471	0.999713	
18.0929 0.99767	0.998913	1.00128	1.00078	0.999893	1.00014	
18.1091 0.998163	0.999406	1.00119	1.0007	0.999331	0.999572	
18.1252 0.99816	0.999402	1.00135	1.00086	0.999609	0.999851	
18.1413 0.998144	0.999386	1.0011	1.00061	0.999192	0.999433	
18.1575 0.998132	0.999373	1.00118	1.00069	0.999567	0.999807	
18.1736 0.997796	0.999037	1.00137	1.00088	0.999603	0.999844	
18.1897 0.997858	0.999097	1.00124	1.00075	0.999558	0.999799	
18.2059 0.997927	0.999166	1.00135	1.00086	0.999489	0.999729	
18.222 0.998389	0.999627	1.00123	1.00074	0.999501	0.999741	
18.2381 0.998177	0.999415	1.00117	1.00068	0.999596	0.999835	
18.2543 0.998142	0.999379	1.00119	1.00071	0.999783	1.00002	
18.2704 0.99815	0.999387	1.00137	1.00088	0.999465	0.999704	
18.2865 0.997879	0.999115	1.00128	1.0008	0.999622	0.999862	
18.3027 0.997458	0.998692	1.00102	1.00054	0.999798	1.00004	
18.3188 0.997758	0.998991	1.00129	1.00081	0.999753	0.999993	
18.3349 0.997932	0.999165	1.00122	1.00074	0.999567	0.999806	
18.3511 0.997601	0.998832	1.00116	1.00068	0.999515	0.999753	
18.3672 0.997918	0.999149	1.00128	1.0008	0.999426	0.999664	
18.3833 0.997685	0.998914	1.00128	1.0008	0.999879	1.00012	
18.3995 0.997849	0.999077	1.00132	1.00084	0.999737	0.999975	
18.4156 0.997981	0.999208	1.00103	1.00055	0.999633	0.999871	
18.4317 0.997909	0.999136	1.00121	1.00073	0.999521	0.99976	
18.4479 0.997902	0.999128	1.00135	1.00087	0.99971	0.999948	
18.464 0.997697	0.998922	1.00123	1.00075	0.999654	0.999892	
18.4801 0.997897	0.999121	1.00134	1.00086	0.999768	1.00001	
18.4963 0.997953	0.999176	1.00115	1.00068	0.99996	1.0002	
18.5124 0.99778	0.999002	1.00126	1.00078	0.999586	0.999824	
18.5285 0.997831	0.999052	1.00093	1.00046	0.999553	0.99979	
18.5447 0.99788	0.999101	1.00105	1.00058	0.999525	0.999762	
18.5608 0.997928	0.999147	1.00112	1.00065	1.00014	1.00038	
18.5769 0.997798	0.999017	1.00116	1.00069	0.999636	0.999874	
18.5931 0.997876	0.999093	1.00124	1.00077	0.999269	0.999506	
18.6092 0.997668	0.998884	1.00123	1.00076	0.999907	1.00014	
18.6253 0.997907	0.999123	1.0012	1.00073	0.999608	0.999845	
18.6415 0.997803	0.999017	1.00119	1.00072	0.999852	1.00009	
18.6576 0.997755	0.998968	1.00101	1.00054	0.999437	0.999674	
18.6737 0.997642	0.998854	1.00116	1.0007	0.999867	1.0001	
18.6899 0.997641	0.998852	1.00111	1.00065	0.999855	1.00009	
18.706 0.997645	0.998855	1.00102	1.00055	0.999678	0.999916	
18.7221 0.997549	0.998757	1.00107	1.00061	0.999535	0.999772	
18.7383 0.997688	0.998895	1.00101	1.00054	0.999733	0.99997	
18.7544 0.997907	0.999114	1.00103	1.00057	0.999646	0.999883	
18.7705 0.99781	0.999015	1.00115	1.00069	0.999587	0.999824	
18.7867 0.997788	0.998992	1.00093	1.00047	0.999813	1.00005	
18.8028 0.997517	0.998719	1.00113	1.00067	0.999715	0.999951	
18.8189 0.998052	0.999254	1.00086	1.0004	0.999748	0.999985	
18.8351 0.997668	0.998869	1.00103	1.00057	0.999749	0.999986	
18.8512 0.997659	0.998858	1.00075	1.00029	0.99955	0.999787	
18.8673 0.997644	0.998842	1.00086	1.0004	0.9999	1.00014	
18.8835 0.997571	0.998768	1.00098	1.00052	0.999689	0.999926	
18.8996 0.997431	0.998626	1.00098	1.00052	1.00002	1.00026	
18.9157 0.99769	0.998884	1.00098	1.00052	0.999639	0.999876	
18.9319 0.997579	0.998772	1.00087	1.00041	0.999963	1.0002	
18.948 0.997842	0.999034	1.00115	1.00069	0.999865	1.0001	
18.9641 0.997674	0.998864	1.00102	1.00056	0.999673	0.99991	
18.9803 0.997865	0.999054	1.00089	1.00043	1.00004	1.00028	
18.9964 0.99751	0.998698	1.00099	1.00053	0.999529	0.999766	
19.0125 0.997773	0.99896	1.00099	1.00054	1.00017	1.00041	
19.0287 0.99762	0.998806	1.00071	1.00026	0.999547	0.999784	
19.0448 0.997895	0.999079	1.00098	1.00052	0.999876	1.00011	
19.0609 0.99749	0.998673	1.00105	1.0006	0.999897	1.00013	
19.077 0.99769	0.998871	1.00107	1.00062	1.00002	1.00026	
19.0932 0.997569	0.998749	1.00099	1.00054	0.999918	1.00016	
19.1093 0.997591	0.99877	1.00084	1.00039	0.999765	1	
19.1254 0.997596	0.998773	1.00076	1.00031	0.999746	0.999984	
19.1416 0.997746	0.998923	1.00072	1.00027	0.99988	1.00012	
19.1577 0.997495	0.99867	1.00101	1.00056	0.999943	1.00018	
19.1738 0.997711	0.998884	1.00072	1.00027	0.999721	0.999959	
19.19 0.997574	0.998746	1.0009	1.00046	0.999936	1.00017	
19.2061 0.997657	0.998828	1.00083	1.00038	0.999881	1.00012	
19.2222 0.997786	0.998956	1.00084	1.00039	1.00024	1.00048	
19.2384 0.997758	0.998927	1.00071	1.00026	0.999791	1.00003	
19.2545 0.997601	0.998768	1.0009	1.00045	0.999842	1.00008	
19.2706 0.997867	0.999033	1.00102	1.00057	0.999896	1.00014	
19.2868 0.997644	0.998808	1.00094	1.00049	0.999883	1.00012	
19.3029 0.997686	0.998849	1.00094	1.00049	0.999632	0.999872	
19.319 0.997824	0.998986	1.00096	1.00051	1.00004	1.00028	
19.3352 0.997936	0.999097	1.00088	1.00044	1.00002	1.00026	
19.3513 0.997713	0.998873	1.00085	1.0004	0.999911	1.00015	
19.3674 0.997701	0.998859	1.00066	1.00021	0.999687	0.999927	
19.3836 0.997745	0.998902	1.00086	1.00041	1	1.00024	
19.3997 0.997617	0.998773	1.0008	1.00036	0.999926	1.00017	
19.4158 0.997802	0.998956	1.0007	1.00026	0.999649	0.999889	
19.432 0.997558	0.99871	1.00075	1.00031	0.999799	1.00004	
19.4481 0.998029	0.999181	1.00089	1.00045	0.999611	0.999852	
19.4642 0.997784	0.998934	1.0008	1.00036	0.999643	0.999884	
19.4804 0.997954	0.999104	1.00076	1.00032	0.999915	1.00016	
19.4965 0.997528	0.998675	1.00087	1.00043	0.999927	1.00017	
19.5126 0.99765	0.998796	1.00077	1.00033	0.99981	1.00005	
19.5288 0.997717	0.998862	1.00084	1.0004	0.999852	1.00009	
19.5449 0.997733	0.998876	1.00083	1.00039	0.999863	1.0001	
19.561 0.997867	0.999009	1.00077	1.00033	0.999866	1.00011	
19.5772 0.998033	0.999175	1.00076	1.00032	0.999763	1	
19.5933 0.998052	0.999193	1.00063	1.00019	0.999495	0.999736	
19.6094 0.997787	0.998926	1.00057	1.00014	0.999936	1.00018	
19.6256 0.997786	0.998924	1.0006	1.00016	0.999922	1.00016	
19.6417 0.997625	0.998761	1.00058	1.00015	0.999563	0.999804	
19.6578 0.997924	0.999059	1.00082	1.00038	0.999746	0.999987	
19.674 0.99776	0.998894	1.0008	1.00037	0.999549	0.999789	
19.6901 0.99784	0.998972	1.00097	1.00054	0.999736	0.999977	
19.7062 0.99798	0.999111	1.00067	1.00023	0.999961	1.0002	
19.7224 0.99775	0.99888	1.00077	1.00034	0.999657	0.999898	
19.7385 0.997726	0.998854	1.00076	1.00033	0.999991	1.00023	
19.7546 0.998039	0.999167	1.00057	1.00014	0.999576	0.999817	
19.7708 0.997918	0.999044	1.00079	1.00036	0.999867	1.00011	
19.7869 0.997758	0.998882	1.00071	1.00028	0.999866	1.00011	
19.803 0.998085	0.999209	1.00062	1.00019	0.999763	1	
19.8192 0.998102	0.999226	1.00079	1.00035	0.999932	1.00017	
19.8353 0.997983	0.999105	1.00083	1.0004	0.999806	1.00005	
19.8514 0.998116	0.999237	1.00085	1.00042	0.999534	0.999775	
19.8676 0.998149	0.999269	1.00075	1.00032	0.999675	0.999916	
19.8837 0.998061	0.99918	1.00068	1.00025	0.999659	0.9999	
19.8998 0.997958	0.999076	1.00049	1.00006	0.99973	0.999971	
19.916 0.997955	0.999071	1.00038	0.999945	0.99989	1.00013	
19.9321 0.998033	0.999148	1.00069	1.00025	0.999665	0.999906	
19.9482 0.998198	0.999313	1.00053	1.0001	0.999747	0.999988	
19.9644 0.998031	0.999144	1.00072	1.00029	0.99966	0.9999	
19.9805 0.998019	0.999131	1.00076	1.00033	0.999647	0.999888	
19.9966 0.997975	0.999086	1.00079	1.00036	0.999556	0.999796	
20.0128 0.997901	0.999011	1.00074	1.00031	0.999502	0.999741	
20.0289 0.998208	0.999318	1.00059	1.00016	0.999473	0.999712	
20.045 0.998	0.999108	1.00057	1.00014	0.999663	0.999902	
20.0612 0.998031	0.999137	1.0008	1.00037	0.999788	1.00003	
20.0773 0.998007	0.999112	1.00076	1.00033	0.999628	0.999867	
20.0934 0.99804	0.999144	1.00072	1.00029	0.999683	0.999922	
20.1095 0.998053	0.999156	1.00046	1.00003	0.999838	1.00008	
20.1257 0.998174	0.999277	1.00064	1.00022	0.999657	0.999896	
20.1418 0.998017	0.999118	1.00074	1.00031	0.999649	0.999888	
20.1579 0.998313	0.999413	1.00058	1.00016	0.999186	0.999424	
20.1741 0.998211	0.999311	1.00055	1.00013	0.999624	0.999862	
20.1902 0.998146	0.999244	1.0005	1.00007	0.99958	0.999818	
20.2063 0.998308	0.999405	1.00065	1.00023	0.999455	0.999693	
20.2225 0.998222	0.999318	1.00062	1.0002	0.999461	0.999698	
20.2386 0.998327	0.999423	1.00063	1.0002	0.999375	0.999611	
20.2547 0.998069	0.999164	1.00061	1.00018	0.999694	0.99993	
20.2709 0.997873	0.998966	1.00058	1.00016	0.999824	1.00006	
20.287 0.99813	0.999222	1.00059	1.00016	0.999424	0.99966	
20.3031 0.998251	0.999342	1.00066	1.00024	0.999483	0.999719	
20.3193 0.998055	0.999145	1.00056	1.00014	0.999619	0.999855	
20.3354 0.998258	0.999347	1.00061	1.00019	0.999382	0.999617	
20.3515 0.998436	0.999525	1.0007	1.00028	0.999868	1.0001	
20.3677 0.997913	0.998999	1.0008	1.00037	0.999609	0.999844	
20.3838 0.998348	0.999435	1.00066	1.00023	0.999849	1.00008	
20.3999 0.998282	0.999368	1.00057	1.00014	0.999585	0.999819	
20.4161 0.998272	0.999356	1.00063	1.00021	0.999662	0.999897	
20.4322 0.998201	0.999285	1.00059	1.00016	0.999398	0.999632	
20.4483 0.998005	0.999087	1.00056	1.00014	0.999705	0.999938	
20.4645 0.998445	0.999527	1.00075	1.00033	0.999527	0.99976	
20.4806 0.998056	0.999136	1.0005	1.00008	0.999624	0.999857	
20.4967 0.998377	0.999457	1.00053	1.00011	0.999523	0.999756	
20.5129 0.998405	0.999484	1.00067	1.00025	0.999498	0.99973	
20.529 0.99835	0.999428	1.00061	1.00019	0.999343	0.999575	
20.5451 0.998379	0.999456	1.00057	1.00015	0.999403	0.999634	
20.5613 0.998483	0.99956	1.00054	1.00012	0.999513	0.999744	
20.5774 0.998597	0.999673	1.00052	1.0001	0.999552	0.999782	
20.5935 0.998038	0.999112	1.00092	1.0005	0.999616	0.999846	
20.6097 0.998175	0.999248	1.00054	1.00012	0.999324	0.999554	
20.6258 0.998325	0.999398	1.0006	1.00019	0.999587	0.999816	
20.6419 0.998398	0.99947	1.00056	1.00014	0.999672	0.999902	
20.6581 0.998027	0.999097	1.00059	1.00018	0.999276	0.999504	
20.6742 0.998442	0.999512	1.00069	1.00028	0.999393	0.999621	
20.6903 0.998495	0.999564	1.00063	1.00022	0.999344	0.999571	
20.7065 0.998397	0.999465	1.00075	1.00033	0.999417	0.999644	
20.7226 0.998466	0.999533	1.00059	1.00017	0.99928	0.999506	
20.7387 0.998373	0.99944	1.00066	1.00024	0.999245	0.999471	
20.7549 0.998464	0.99953	1.00056	1.00015	0.999587	0.999812	
20.771 0.998161	0.999226	1.00037	0.999952	0.999267	0.999491	
20.7871 0.99844	0.999505	1.0008	1.00038	0.999556	0.99978	
20.8033 0.998486	0.99955	1.00055	1.00013	0.999483	0.999706	
20.8194 0.998333	0.999395	1.00075	1.00033	0.999601	0.999824	
20.8355 0.998452	0.999514	1.0006	1.00018	0.99935	0.999572	
20.8517 0.998149	0.999209	1.00077	1.00036	0.999172	0.999393	
20.8678 0.998505	0.999565	1.00059	1.00018	0.99928	0.999501	
20.8839 0.998681	0.999741	1.00071	1.0003	0.999479	0.999699	
20.9001 0.998273	0.999331	1.00066	1.00025	0.999506	0.999726	
20.9162 0.998557	0.999615	1.00052	1.00011	0.999303	0.999522	
20.9323 0.998289	0.999346	1.00065	1.00024	0.999265	0.999484	
20.9485 0.998296	0.999352	1.00068	1.00026	0.99935	0.999567	
20.9646 0.99854	0.999595	1.00069	1.00028	0.99971	0.999928	
20.9807 0.998357	0.999411	1.00071	1.0003	0.999503	0.99972	
20.9969 0.99859	0.999644	1.00065	1.00024	0.999558	0.999775	
21.013 0.998697	0.999751	1.00053	1.00012	0.999304	0.99952	
21.0291 0.998317	0.99937	1.00057	1.00016	0.99936	0.999575	
21.0453 0.998284	0.999335	1.00061	1.0002	0.999484	0.999699	
21.0614 0.998236	0.999286	1.00082	1.00041	0.999484	0.999698	
21.0775 0.998314	0.999363	1.00087	1.00046	0.999454	0.999668	
21.0937 0.998574	0.999622	1.00075	1.00034	0.999474	0.999688	
21.1098 0.998467	0.999515	1.00066	1.00025	0.999306	0.999519	
21.1259 0.998362	0.999409	1.0008	1.00039	0.999723	0.999935	
21.142 0.998249	0.999295	1.00064	1.00023	0.999424	0.999636	
21.1582 0.998386	0.999431	1.00074	1.00034	0.99924	0.999451	
21.1743 0.998326	0.99937	1.00056	1.00016	0.999492	0.999702	
21.1904 0.998365	0.999408	1.00087	1.00047	0.99937	0.99958	
21.2066 0.998674	0.999717	1.00057	1.00017	0.99959	0.9998	
21.2227 0.998394	0.999436	1.00059	1.00019	0.999694	0.999903	
21.2388 0.998406	0.999446	1.00078	1.00038	0.999309	0.999518	
21.255 0.998336	0.999375	1.00053	1.00013	0.999382	0.99959	
21.2711 0.998411	0.999449	1.00054	1.00013	0.999691	0.999899	
21.2872 0.998264	0.999302	1.00075	1.00034	0.999337	0.999544	
21.3034 0.998416	0.999452	1.00082	1.00042	0.999392	0.999598	
21.3195 0.998288	0.999323	1.0008	1.0004	0.999353	0.999559	
21.3356 0.998424	0.999458	1.00057	1.00017	0.999329	0.999534	
21.3518 0.998199	0.999232	1.00072	1.00032	0.999388	0.999592	
21.3679 0.998042	0.999073	1.00067	1.00027	0.999483	0.999687	
21.384 0.998402	0.999433	1.00061	1.00021	0.999527	0.99973	
21.4002 0.998614	0.999644	1.00084	1.00044	0.999635	0.999838	
21.4163 0.99842	0.999449	1.00069	1.00029	0.99965	0.999852	
21.4324 0.998276	0.999303	1.00074	1.00034	0.999645	0.999847	
21.4486 0.998306	0.999332	1.00073	1.00033	0.999423	0.999624	
21.4647 0.99851	0.999536	1.00063	1.00024	0.999585	0.999786	
21.4808 0.998304	0.999328	1.00077	1.00037	0.99964	0.99984	
21.497 0.998477	0.9995	1.00077	1.00038	0.999775	0.999976	
21.5131 0.998471	0.999494	1.0008	1.00041	0.99947	0.999671	
21.5292 0.998546	0.999568	1.00079	1.0004	0.99947	0.999669	
21.5454 0.998384	0.999405	1.00081	1.00041	0.9996	0.9998	
21.5615 0.998531	0.999551	1.00084	1.00045	0.999508	0.999706	
21.5776 0.998553	0.999573	1.00086	1.00047	0.99955	0.999749	
21.5938 0.998085	0.999102	1.00075	1.00036	0.999686	0.999884	
21.6099 0.998624	0.999641	1.0009	1.00052	0.999701	0.999899	
21.626 0.998566	0.999583	1.00077	1.00039	0.999485	0.999682	
21.6422 0.998644	0.99966	1.00089	1.0005	0.999513	0.99971	
21.6583 0.998512	0.999527	1.00071	1.00032	0.999482	0.999678	
21.6744 0.99864	0.999655	1.00081	1.00042	0.999552	0.999748	
21.6906 0.998463	0.999476	1.00085	1.00046	0.999604	0.999799	
21.7067 0.998411	0.999423	1.00078	1.00039	0.999337	0.999531	
21.7228 0.998625	0.999637	1.00074	1.00035	0.999527	0.999721	
21.739 0.998331	0.999342	1.00071	1.00032	0.999562	0.999756	
21.7551 0.998641	0.999651	1.00092	1.00054	0.999453	0.999646	
21.7712 0.998413	0.999422	1.00068	1.00029	0.999699	0.999892	
21.7874 0.998293	0.9993	1.00087	1.00048	0.999593	0.999786	
21.8035 0.998515	0.999521	1.0009	1.00052	0.999597	0.999789	
21.8196 0.998748	0.999755	1.00072	1.00034	0.99968	0.999871	
21.8358 0.998527	0.999532	1.00074	1.00036	0.999594	0.999785	
21.8519 0.998482	0.999486	1.00086	1.00049	0.999775	0.999967	
21.868 0.998453	0.999457	1.00058	1.0002	0.99954	0.999731	
21.8842 0.998509	0.999511	1.00082	1.00044	0.999797	0.999987	
21.9003 0.998461	0.999463	1.0006	1.00022	0.999779	0.99997	
21.9164 0.997991	0.99899	1.00071	1.00033	0.999933	1.00012	
21.9326 0.998498	0.999496	1.00085	1.00047	0.999924	1.00012	
21.9487 0.998439	0.999436	1.00081	1.00043	0.999657	0.999848	
21.9648 0.998353	0.999349	1.00067	1.0003	0.999871	1.00006	
21.981 0.998194	0.999188	1.00082	1.00045	0.999796	0.999987	
21.9971 0.998597	0.999591	1.00093	1.00056	0.999916	1.00011	
22.0132 0.998648	0.999641	1.00084	1.00047	0.999745	0.999936	
22.0294 0.998219	0.999211	1.00079	1.00042	0.999855	1.00005	
22.0455 0.99818	0.99917	1.0008	1.00043	0.999706	0.999897	
22.0616 0.99851	0.999499	1.00089	1.00053	0.999699	0.99989	
22.0778 0.998656	0.999645	1.00072	1.00035	0.999829	1.00002	
22.0939 0.998693	0.999681	1.00074	1.00038	0.999549	0.999739	
22.11 0.998573	0.99956	1.00068	1.00031	0.99994	1.00013	
22.1262 0.998735	0.999722	1.00072	1.00035	0.999642	0.999832	
22.1423 0.998426	0.999411	1.00075	1.00039	0.999526	0.999715	
22.1584 0.998536	0.99952	1.00059	1.00023	1.00004	1.00023	
22.1745 0.998275	0.999257	1.00068	1.00031	0.99966	0.99985	
22.1907 0.998646	0.999628	1.00064	1.00028	0.999723	0.999913	
22.2068 0.998189	0.999168	1.00078	1.00042	0.999867	1.00006	
22.2229 0.9984	0.999379	1.00091	1.00055	0.99981	1	
22.2391 0.998311	0.999288	1.00074	1.00038	0.99996	1.00015	
22.2552 0.998322	0.999298	1.00078	1.00042	0.999561	0.99975	
22.2713 0.998464	0.999438	1.00071	1.00036	0.999788	0.999977	
22.2875 0.998672	0.999646	1.00078	1.00042	0.999814	1	
22.3036 0.998362	0.999335	1.0008	1.00044	0.999633	0.999822	
22.3197 0.998505	0.999477	1.00065	1.0003	0.999772	0.999961	
22.3359 0.998389	0.999359	1.00079	1.00044	0.999666	0.999855	
22.352 0.998087	0.999054	1.0007	1.00034	0.999976	1.00016	
22.3681 0.998568	0.999535	1.00062	1.00027	0.999742	0.999931	
22.3843 0.998242	0.999208	1.00059	1.00023	0.999845	1.00003	
22.4004 0.998344	0.999308	1.00068	1.00033	0.999482	0.99967	
22.4165 0.998496	0.999459	1.00059	1.00024	0.999723	0.999911	
22.4327 0.998271	0.999232	1.00084	1.00049	0.999911	1.0001	
22.4488 0.998525	0.999485	1.00074	1.00039	0.999583	0.999771	
22.4649 0.998475	0.999434	1.00056	1.00021	0.999831	1.00002	
22.4811 0.998493	0.99945	1.00086	1.00051	0.999954	1.00014	
22.4972 0.998367	0.999323	1.00073	1.00038	0.999844	1.00003	
22.5133 0.998436	0.999391	1.00076	1.00042	0.999657	0.999845	
22.5295 0.998207	0.99916	1.00068	1.00034	0.999792	0.99998	
22.5456 0.998398	0.999349	1.00061	1.00026	0.999707	0.999895	
22.5617 0.998396	0.999346	1.00054	1.00019	0.999665	0.999852	
22.5779 0.998317	0.999265	1.00064	1.0003	0.999782	0.999969	
22.594 0.998637	0.999585	1.00045	1.0001	0.999774	0.999962	
22.6101 0.998217	0.999162	1.00046	1.00012	0.999843	1.00003	
22.6263 0.998572	0.999517	1.00063	1.00029	0.999734	0.999921	
22.6424 0.998382	0.999325	1.00057	1.00023	0.999748	0.999935	
22.6585 0.998698	0.999641	1.00072	1.00038	0.999952	1.00014	
22.6747 0.998426	0.999368	1.00089	1.00055	0.999837	1.00002	
22.6908 0.998567	0.999507	1.00076	1.00041	0.999631	0.999818	
22.7069 0.998453	0.999392	1.0005	1.00016	0.999771	0.999957	
22.7231 0.998391	0.999328	1.00058	1.00024	0.999571	0.999758	
22.7392 0.998316	0.999251	1.00057	1.00023	0.999683	0.999869	
22.7553 0.998395	0.999328	1.00039	1.00006	0.999731	0.999917	
22.7715 0.998384	0.999316	1.00058	1.00024	0.999803	0.999989	
22.7876 0.998336	0.999267	1.00061	1.00027	0.999659	0.999844	
22.8037 0.998221	0.999149	1.00053	1.0002	0.999645	0.99983	
22.8199 0.998287	0.999214	1.0006	1.00026	0.999862	1.00005	
22.836 0.998473	0.999398	1.00068	1.00035	0.999858	1.00004	
22.8521 0.998433	0.999357	1.00061	1.00027	0.999663	0.999848	
22.8683 0.998572	0.999495	1.00058	1.00025	0.999706	0.99989	
22.8844 0.99852	0.999441	1.0005	1.00016	0.999462	0.999645	
22.9005 0.998407	0.999327	1.00062	1.00029	0.999812	0.999996	
22.9167 0.998336	0.999254	1.00063	1.0003	0.999861	1.00004	
22.9328 0.998337	0.999253	1.0007	1.00037	0.999797	0.999981	
22.9489 0.998436	0.999351	1.0006	1.00027	0.999847	1.00003	
22.9651 0.998504	0.999417	1.00058	1.00025	0.999871	1.00006	
22.9812 0.998436	0.999348	1.00072	1.00039	0.999668	0.999851	
22.9973 0.998277	0.999187	1.00066	1.00033	0.99961	0.999793	
23.0135 0.998498	0.999407	1.00039	1.00006	0.999808	0.999991	
23.0296 0.998589	0.999497	1.00057	1.00024	0.999563	0.999746	
23.0457 0.998608	0.999514	1.00065	1.00032	0.999858	1.00004	
23.0619 0.998534	0.999438	1.00057	1.00024	0.999972	1.00015	
23.078 0.99828	0.999183	1.00053	1.0002	0.999801	0.999984	
23.0941 0.99855	0.999452	1.0005	1.00017	0.999567	0.999749	
23.1103 0.998662	0.999563	1.00051	1.00019	0.999759	0.999942	
23.1264 0.998452	0.999351	1.00046	1.00013	0.999641	0.999823	
23.1425 0.998384	0.999281	1.0005	1.00017	0.99973	0.999912	
23.1587 0.998521	0.999417	1.00066	1.00033	0.999916	1.0001	
23.1748 0.998585	0.99948	1.00057	1.00025	0.999887	1.00007	
23.1909 0.998614	0.999508	1.00047	1.00015	0.999905	1.00009	
23.207 0.998368	0.999259	1.00064	1.00032	0.999797	0.999979	
23.2232 0.99866	0.999551	1.00052	1.0002	0.999976	1.00016	
23.2393 0.998557	0.999446	1.00053	1.00021	0.999897	1.00008	
23.2554 0.998574	0.999461	1.00046	1.00014	0.999699	0.999882	
23.2716 0.998278	0.999164	1.00043	1.00011	0.999573	0.999755	
23.2877 0.998477	0.999361	1.00053	1.00021	0.999614	0.999795	
23.3038 0.998693	0.999576	1.0005	1.00018	0.999653	0.999833	
23.32 0.998397	0.999278	1.00059	1.00027	0.999817	0.999998	
23.3361 0.998734	0.999615	1.00051	1.00019	0.99976	0.999941	
23.3522 0.99846	0.999338	1.00048	1.00016	0.999753	0.999934	
23.3684 0.998504	0.999381	1.00052	1.00021	0.999766	0.999946	
23.3845 0.998598	0.999474	1.00047	1.00015	0.99971	0.99989	
23.4006 0.998973	0.999849	1.00052	1.0002	0.999606	0.999786	
23.4168 0.998504	0.999378	1.00061	1.00029	0.999597	0.999776	
23.4329 0.9986	0.999473	1.0005	1.00018	0.999577	0.999755	
23.449 0.998573	0.999444	1.00049	1.00017	0.999825	1	
23.4652 0.99858	0.99945	1.00041	1.0001	0.999682	0.99986	
23.4813 0.998377	0.999245	1.00059	1.00028	0.999694	0.999872	
23.4974 0.998629	0.999496	1.00049	1.00017	0.999443	0.99962	
23.5136 0.998436	0.999301	1.00046	1.00015	0.999715	0.999891	
23.5297 0.998505	0.999368	1.00048	1.00017	0.999785	0.999961	
23.5458 0.998534	0.999396	1.00063	1.00031	0.999637	0.999813	
23.562 0.998564	0.999424	1.0004	1.00009	0.999929	1.00011	
23.5781 0.998771	0.999631	1.00048	1.00017	0.999545	0.99972	
23.5942 0.998647	0.999505	1.00053	1.00022	0.999669	0.999844	
23.6104 0.998602	0.99946	1.00038	1.00007	0.999711	0.999886	
23.6265 0.998924	0.999781	1.00069	1.00038	0.999824	0.999999	
23.6426 0.998509	0.999364	1.00056	1.00025	0.999898	1.00007	
23.6588 0.998868	0.999722	1.00062	1.00031	0.999701	0.999875	
23.6749 0.998695	0.999548	1.00062	1.00031	0.999611	0.999785	
23.691 0.998871	0.999724	1.00039	1.00008	0.999494	0.999667	
23.7072 0.998585	0.999436	1.00041	1.00011	0.999802	0.999975	
23.7233 0.998798	0.999649	1.00045	1.00015	0.999588	0.999761	
23.7394 0.998612	0.999461	1.00043	1.00012	0.99985	1.00002	
23.7556 0.9987	0.999547	1.00042	1.00011	0.99975	0.999922	
23.7717 0.998748	0.999595	1.00056	1.00025	0.999711	0.999883	
23.7878 0.998682	0.999527	1.00057	1.00027	0.999887	1.00006	
23.804 0.998785	0.999629	1.0005	1.00019	0.999684	0.999856	
23.8201 0.998525	0.999368	1.00053	1.00022	0.999868	1.00004	
23.8362 0.998699	0.99954	1.00031	1.00001	0.999737	0.999909	
23.8524 0.998571	0.999411	1.00059	1.00028	0.999689	0.999861	
23.8685 0.998639	0.999478	1.00061	1.00031	0.999723	0.999894	
23.8846 0.998762	0.999599	1.00042	1.00012	0.999645	0.999816	
23.9008 0.998673	0.999509	1.00041	1.00011	0.999562	0.999732	
23.9169 0.998835	0.999671	1.0005	1.0002	0.999961	1.00013	
23.933 0.998837	0.999672	1.00048	1.00018	0.99963	0.9998	
23.9492 0.998621	0.999455	1.00064	1.00034	0.999606	0.999775	
23.9653 0.998838	0.999671	1.00064	1.00035	0.999998	1.00017	
23.9814 0.998688	0.999519	1.00043	1.00013	0.999615	0.999784	
23.9976 0.998745	0.999575	1.00064	1.00034	0.999601	0.99977	
24.0137 0.998693	0.999522	1.00035	1.00005	0.999886	1.00005	
24.0298 0.998878	0.999706	1.00045	1.00015	0.999838	1.00001	
24.046 0.998654	0.99948	1.00053	1.00023	1.00003	1.0002	
24.0621 0.99901	0.999836	1.00048	1.00019	0.999598	0.999766	
24.0782 0.998653	0.999478	1.00052	1.00023	0.999645	0.999813	
24.0944 0.998841	0.999665	1.00058	1.00028	0.999714	0.999882	
24.1105 0.998771	0.999594	1.00044	1.00015	0.999637	0.999804	
24.1266 0.998724	0.999546	1.00044	1.00015	0.999482	0.999648	
24.1428 0.998992	0.999814	1.00051	1.00021	0.999563	0.999728	
24.1589 0.998678	0.999498	1.00048	1.00019	0.999853	1.00002	
24.175 0.999022	0.999841	1.00055	1.00026	0.999705	0.99987	
24.1912 0.998596	0.999414	1.00049	1.0002	0.999884	1.00005	
24.2073 0.998966	0.999783	1.00044	1.00015	0.999765	0.99993	
24.2234 0.998948	0.999765	1.00046	1.00017	0.999678	0.999842	
24.2395 0.998854	0.999669	1.00052	1.00023	0.999691	0.999855	
24.2557 0.998578	0.999392	1.00038	1.00009	0.999602	0.999766	
24.2718 0.998899	0.999713	1.00039	1.0001	0.999599	0.999763	
24.2879 0.998414	0.999225	1.00067	1.00039	0.999673	0.999836	
24.3041 0.999173	0.999984	1.00058	1.00029	0.999789	0.999952	
24.3202 0.99862	0.999429	1.00032	1.00004	0.999823	0.999986	
24.3363 0.99879	0.999598	1.00037	1.00008	0.99967	0.999832	
24.3525 0.998904	0.999712	1.0005	1.00022	0.999656	0.999818	
24.3686 0.998886	0.999692	1.00047	1.00019	0.999675	0.999836	
24.3847 0.998931	0.999737	1.00037	1.00009	0.999841	1	
24.4009 0.998526	0.99933	1.00034	1.00005	0.999881	1.00004	
24.417 0.998893	0.999697	1.0004	1.00011	0.999928	1.00009	
24.4331 0.999016	0.99982	1.00065	1.00036	0.999967	1.00013	
24.4493 0.998781	0.999583	1.00052	1.00024	0.999687	0.999848	
24.4654 0.998776	0.999577	1.00049	1.00021	0.999981	1.00014	
24.4815 0.998548	0.999346	1.00049	1.00021	0.999681	0.999842	
24.4977 0.99905	0.999848	1.00046	1.00018	0.999661	0.999822	
24.5138 0.999051	0.999849	1.0005	1.00021	1.0001	1.00026	
24.5299 0.998782	0.999578	1.00053	1.00025	0.999528	0.999688	
24.5461 0.998883	0.999679	1.00038	1.0001	0.999975	1.00014	
24.5622 0.998876	0.999671	1.00041	1.00013	0.999753	0.999914	
24.5783 0.999116	0.999911	1.00024	0.999965	0.999839	1	
24.5945 0.998925	0.999719	1.00053	1.00025	0.999526	0.999685	
24.6106 0.999031	0.999825	1.00044	1.00016	0.999881	1.00004	
24.6267 0.998882	0.999675	1.00035	1.00007	0.999814	0.999974	
24.6429 0.998786	0.999577	1.00054	1.00026	0.999789	0.999949	
24.659 0.99917	0.999961	1.0005	1.00023	0.999689	0.999848	
24.6751 0.998943	0.999733	1.00046	1.00018	0.999754	0.999913	
24.6913 0.999065	0.999855	1.00062	1.00034	0.999757	0.999916	
24.7074 0.999197	0.999988	1.00031	1.00004	0.999686	0.999844	
24.7235 0.998987	0.999777	1.00034	1.00006	0.999771	0.999929	
24.7397 0.99912	0.999909	1.00022	0.999944	1.00002	1.00018	
24.7558 0.998818	0.999606	1.00041	1.00013	0.999689	0.999847	
24.7719 0.998915	0.999703	1.00055	1.00027	0.999681	0.999839	
24.7881 0.999236	1.00002	1.00048	1.00021	0.999475	0.999632	
24.8042 0.999019	0.999806	1.00066	1.00038	0.999523	0.999679	
24.8203 0.99886	0.999645	1.00034	1.00007	0.999854	1.00001	
24.8365 0.998636	0.999419	1.00038	1.00011	0.99952	0.999675	
24.8526 0.999141	0.999925	1.00052	1.00024	0.999809	0.999964	
24.8687 0.999199	0.999983	1.00045	1.00018	0.999927	1.00008	
24.8849 0.999084	0.999868	1.00038	1.00011	0.999685	0.999839	
24.901 0.999269	1.00005	1.0005	1.00023	0.999872	1.00003	
24.9171 0.999053	0.999837	1.00056	1.00029	0.999952	1.00011	
24.9333 0.999074	0.999857	1.00037	1.0001	0.999867	1.00002	
24.9494 0.998977	0.999759	1.00057	1.00031	0.999852	1.00001	
24.9655 0.999157	0.999939	1.00027	1.00001	0.999723	0.999878	
24.9817 0.998983	0.999765	1.00034	1.00007	0.999816	0.999971	
24.9978 0.999018	0.999798	1.00026	0.999992	0.999811	0.999965	
25.0139 0.99927	1.00005	1.00028	1.00001	0.999645	0.999799	
25.0301 0.999249	1.00003	1.00041	1.00014	0.999765	0.999919	
25.0462 0.99904	0.99982	1.00025	0.999981	0.999696	0.99985	
25.0623 0.999111	0.999891	1.00031	1.00004	1.00006	1.00022	
25.0785 0.999284	1.00006	1.00031	1.00005	0.999663	0.999817	
25.0946 0.999433	1.00021	1.00043	1.00016	1.00002	1.00017	
25.1107 0.999175	0.999955	1.00039	1.00012	0.999914	1.00007	
25.1269 0.998981	0.999761	1.00026	0.999997	0.99989	1.00004	
25.143 0.999141	0.999921	1.00028	1.00001	0.99968	0.999834	
25.1591 0.999002	0.999781	1.00042	1.00016	1	1.00016	
25.1753 0.999116	0.999895	1.00035	1.00009	0.999752	0.999906	
25.1914 0.998969	0.999747	1.00044	1.00018	0.99978	0.999934	
25.2075 0.999315	1.00009	1.00038	1.00011	0.999829	0.999983	
25.2237 0.999087	0.999865	1.00027	1	0.999786	0.99994	
25.2398 0.99927	1.00005	1.00015	0.999887	1.00023	1.00038	
25.2559 0.999021	0.999798	1.00026	0.999994	0.999716	0.999871	
25.272 0.999146	0.999924	1.00009	0.99982	0.999731	0.999885	
25.2882 0.998957	0.999733	1.00035	1.00008	0.999601	0.999755	
25.3043 0.999182	0.999959	1.00043	1.00016	0.999857	1.00001	
25.3204 0.999142	0.999918	1.00023	0.999966	0.999796	0.99995	
25.3366 0.999164	0.999939	1.00035	1.00009	0.999909	1.00006	
25.3527 0.999173	0.999948	1.00042	1.00016	0.999693	0.999846	
25.3688 0.999033	0.999808	1.00033	1.00007	0.999791	0.999944	
25.385 0.999036	0.99981	1.0002	0.999932	0.999726	0.999878	
25.4011 0.999374	1.00015	1.00023	0.999968	0.999863	1.00002	
25.4172 0.999092	0.999866	1.00032	1.00005	1.00002	1.00017	
25.4334 0.999344	1.00012	1.00027	1	0.999822	0.999975	
25.4495 0.999244	1.00002	1.00042	1.00015	0.999883	1.00004	
25.4656 0.999178	0.999953	1.00023	0.999964	1.00015	1.0003	
25.4818 0.999592	1.00037	1.00034	1.00007	0.999767	0.99992	
25.4979 0.999454	1.00023	1.00022	0.999957	1.00005	1.00021	
25.514 0.99914	0.999917	1.0002	0.999938	0.999882	1.00004	
25.5302 0.999295	1.00007	1.00039	1.00012	1.00012	1.00028	
25.5463 0.999395	1.00017	1.00018	0.999916	0.999986	1.00014	
25.5624 0.999258	1.00004	1.00019	0.999928	0.999882	1.00004	
25.5786 0.999238	1.00002	1.00026	0.999991	0.999742	0.999897	
25.5947 0.999173	0.999951	1.00028	1.00002	0.999834	0.99999	
25.6108 0.999283	1.00006	1.00041	1.00015	0.999923	1.00008	
25.627 0.99924	1.00002	1.00021	0.999942	1.00009	1.00024	
25.6431 0.999323	1.0001	1.00033	1.00006	0.999794	0.99995	
25.6592 0.999146	0.999923	1.0004	1.00014	0.999839	0.999995	
25.6754 0.999356	1.00013	1.00029	1.00003	0.999793	0.99995	
25.6915 0.999203	0.999981	1.00045	1.00018	0.999977	1.00013	
25.7076 0.999488	1.00027	1.00024	0.999977	0.999471	0.999627	
25.7238 0.999141	0.999919	1.00028	1.00001	0.99994	1.0001	
25.7399 0.999135	0.999913	1.00007	0.999811	0.999568	0.999722	
25.756 0.99923	1.00001	1.00015	0.999886	0.999952	1.00011	
25.7722 0.999384	1.00016	1.00007	0.999808	0.99981	0.999965	
25.7883 0.999309	1.00009	1.00046	1.00019	0.999775	0.99993	
25.8044 0.999119	0.999898	1.0003	1.00004	0.999616	0.99977	
25.8206 0.999283	1.00006	1.00023	0.999966	0.99973	0.999884	
25.8367 0.999226	1.00001	1.00011	0.999841	0.999509	0.999661	
25.8528 0.999381	1.00016	1.00033	1.00007	0.999992	1.00014	
25.869 0.999506	1.00029	1.00028	1.00001	0.99985	1	
25.8851 0.999396	1.00018	1.00033	1.00007	0.999469	0.99962	
25.9012 0.999543	1.00033	1.00027	1.00001	0.99973	0.999881	
25.9174 0.999497	1.00028	1.0002	0.999938	0.999743	0.999894	
25.9335 0.999205	0.999988	1.00015	0.999889	0.999777	0.999927	
25.9496 0.999288	1.00007	1.00012	0.999857	0.999877	1.00003	
25.9658 0.999224	1.00001	1.0002	0.999935	0.999657	0.999807	
25.9819 0.999418	1.0002	1.00027	1.00001	0.999941	1.00009	
25.998 0.999129	0.999913	0.999998	0.999733	0.999679	0.999829	
26.0142 0.999238	1.00002	1.00009	0.999828	0.999733	0.999883	
26.0303 0.999491	1.00028	1.00021	0.999941	0.999924	1.00007	
26.0464 0.999612	1.0004	1.00001	0.999747	0.999513	0.999661	
26.0626 0.999465	1.00025	1.00002	0.999748	0.999695	0.999843	
26.0787 0.999293	1.00008	1.00034	1.00007	0.999922	1.00007	
26.0948 0.999429	1.00022	1.00015	0.999879	0.99995	1.0001	
26.111 0.999569	1.00036	1.00024	0.999972	0.999711	0.999859	
26.1271 0.99946	1.00025	1.0003	1.00003	0.999811	0.99996	
26.1432 0.999266	1.00006	0.999954	0.999685	0.999921	1.00007	
26.1594 0.999375	1.00017	1.00009	0.999817	0.999576	0.999723	
26.1755 0.999159	0.999949	1.00025	0.999982	0.999969	1.00012	
26.1916 0.999311	1.0001	1.0003	1.00003	1.00014	1.00029	
26.2078 0.999106	0.999897	0.999879	0.999608	0.999784	0.999933	
26.2239 0.998785	0.999574	1.00016	0.99989	0.999696	0.999844	
26.24 0.99934	1.00013	1.00005	0.999779	0.999813	0.999961	
26.2562 0.999607	1.0004	1.00034	1.00007	0.999778	0.999926	
26.2723 0.999361	1.00015	1.00018	0.999904	0.999814	0.999962	
26.2884 0.999257	1.00005	1.0001	0.999829	0.999864	1.00001	
26.3045 0.999272	1.00006	1.00025	0.999976	0.999918	1.00007	
26.3207 0.999655	1.00045	1.00013	0.999854	0.999981	1.00013	
26.3368 0.999237	1.00003	1.00028	1.00001	0.999837	0.999986	
26.3529 0.999284	1.00008	1.00015	0.999877	0.999775	0.999923	
26.3691 0.99948	1.00027	1.00025	0.999978	0.99978	0.999928	
26.3852 0.999443	1.00024	1.00004	0.999768	0.999698	0.999845	
26.4013 0.99939	1.00019	1.00041	1.00014	0.999708	0.999855	
26.4175 0.99957	1.00037	1.00012	0.999843	0.999782	0.999928	
26.4336 0.999366	1.00016	1.00016	0.999883	0.999994	1.00014	
26.4497 0.999275	1.00007	1.00026	0.999981	0.999865	1.00001	
26.4659 0.999377	1.00018	1.00029	1.00001	1.00001	1.00016	
26.482 0.999294	1.00009	1.0003	1.00002	0.999871	1.00002	
26.4981 0.999428	1.00023	1.00025	0.999979	0.999654	0.999801	
26.5143 0.999517	1.00032	1.00006	0.999787	0.99982	0.999966	
26.5304 0.999561	1.00036	1.00011	0.99983	0.999901	1.00005	
26.5465 0.999171	0.999973	1.00024	0.999966	0.999962	1.00011	
26.5627 0.99955	1.00035	1.00022	0.999942	0.999944	1.00009	
26.5788 0.999245	1.00005	1.00034	1.00006	0.999908	1.00006	
26.5949 0.999395	1.0002	0.999917	0.999639	0.99956	0.999707	
26.6111 0.999369	1.00017	1.00001	0.999733	0.999955	1.0001	
26.6272 0.999451	1.00026	1.00011	0.999831	0.999781	0.999928	
26.6433 0.999291	1.0001	1.00033	1.00005	1.00024	1.00039	
26.6595 0.999351	1.00016	1.00028	0.999999	0.999779	0.999927	
26.6756 0.999581	1.00039	1.00004	0.999756	0.999487	0.999633	
26.6917 0.99929	1.0001	1.00027	0.999987	0.999844	0.999991	
26.7079 0.99928	1.00009	1.00014	0.999862	0.999795	0.999941	
26.724 0.999263	1.00007	1.00017	0.999889	0.999835	0.999981	
26.7401 0.999356	1.00017	1.0002	0.999921	0.999853	1	
26.7563 0.999202	1.00001	1.00029	1.00001	0.999929	1.00008	
26.7724 0.999216	1.00003	1.00021	0.99993	0.999888	1.00003	
26.7885 0.999602	1.00041	1.00022	0.99994	0.999848	0.999995	
26.8047 0.999463	1.00028	1.00027	0.999987	0.999794	0.99994	
26.8208 0.999721	1.00054	1.00019	0.999904	0.999608	0.999754	
26.8369 0.999492	1.00031	1.00022	0.999938	0.999687	0.999832	
26.8531 0.999386	1.0002	1.00024	0.999955	0.999784	0.999928	
26.8692 0.999486	1.0003	1.00022	0.999937	1.0001	1.00025	
26.8853 0.999485	1.0003	1.00034	1.00006	0.999731	0.999876	
26.9015 0.999286	1.00011	1.00025	0.999966	0.999673	0.999818	
26.9176 0.999144	0.999963	1.00048	1.0002	1.00003	1.00017	
26.9337 0.999644	1.00046	1.00023	0.999952	0.999937	1.00008	
26.9499 0.999249	1.00007	1.00022	0.999938	0.99979	0.999935	
26.966 0.999147	0.999968	1.00022	0.999934	1.00002	1.00016	
26.9821 0.999637	1.00046	1.00036	1.00008	0.999805	0.999951	
26.9983 0.999225	1.00005	1.00026	0.999978	0.999996	1.00014	
27.0144 0.99964	1.00046	1.00011	0.99983	0.999579	0.999724	
27.0305 0.999285	1.00011	1.00023	0.999951	1.00002	1.00017	
27.0467 0.999279	1.0001	1.00038	1.00009	1.0002	1.00035	
27.0628 0.99926	1.00009	1.00035	1.00007	0.999816	0.999963	
27.0789 0.999226	1.00005	1.0003	1.00002	0.999692	0.999839	
27.0951 0.999307	1.00013	1.00011	0.999825	0.99986	1.00001	
27.1112 0.999696	1.00052	1.00038	1.0001	0.999926	1.00007	
27.1273 0.999633	1.00046	1.00031	1.00003	0.999941	1.00009	
27.1435 0.999218	1.00005	1.00033	1.00005	0.999803	0.99995	
27.1596 0.999386	1.00022	1.00022	0.999935	1.00011	1.00026	
27.1757 0.999322	1.00015	1.00024	0.999957	0.999799	0.999946	
27.1919 0.999527	1.00036	1.0002	0.999921	1.00001	1.00016	
27.208 0.999312	1.00015	1.00045	1.00017	0.999743	0.999891	
27.2241 0.999512	1.00035	1.00014	0.999855	0.999752	0.999899	
27.2403 0.999429	1.00026	1.00029	1.00001	0.999982	1.00013	
27.2564 0.999442	1.00028	1.00017	0.999889	0.999987	1.00014	
27.2725 0.999528	1.00037	1.00019	0.999904	0.9997	0.999848	
27.2887 0.999379	1.00022	1.00039	1.00011	0.99963	0.999777	
27.3048 0.999382	1.00022	1.00017	0.999882	0.999774	0.999921	
27.3209 0.999554	1.0004	1.00005	0.99976	0.999736	0.999882	
27.337 0.999697	1.00054	1.00004	0.999757	0.999895	1.00004	
27.3532 0.999407	1.00025	1.00021	0.999921	1.00007	1.00021	
27.3693 0.999433	1.00028	1.00002	0.999736	1	1.00015	
27.3854 0.99956	1.00041	1.00016	0.999874	0.999816	0.999964	
27.4016 0.999466	1.00032	1.00017	0.999877	0.999903	1.00005	
27.4177 0.999454	1.0003	1.00039	1.0001	1.00001	1.00016	
27.4338 0.999014	0.999863	1.00023	0.999944	1.0001	1.00025	
27.45 0.99938	1.00023	1.00027	0.999977	0.999415	0.999563	
27.4661 0.999414	1.00027	1.00037	1.00008	1.0003	1.00045	
27.4822 0.999254	1.00011	1.00019	0.999903	0.999861	1.00001	
27.4984 0.999475	1.00033	1.00023	0.99994	0.99985	1	
27.5145 0.999069	0.999922	1.00009	0.9998	1.00012	1.00027	
27.5306 0.999163	1.00002	1.0002	0.999907	0.999938	1.00009	
27.5468 0.99952	1.00037	1.00028	0.999988	0.999952	1.0001	
27.5629 0.999345	1.0002	1.00013	0.999839	0.999718	0.999869	
27.579 0.999401	1.00026	1.00028	0.999987	0.999703	0.999853	
27.5952 0.999125	0.999981	1.00026	0.999971	0.999844	0.999994	
27.6113 0.999564	1.00042	1.00022	0.999924	0.9999	1.00005	
27.6274 0.999367	1.00023	1.00035	1.00006	0.999874	1.00002	
27.6436 0.99912	0.999979	1.0001	0.999807	0.999894	1.00004	
27.6597 0.999219	1.00008	1.00018	0.99989	1.00002	1.00017	
27.6758 0.999605	1.00047	1.00035	1.00006	0.999852	1	
27.692 0.999464	1.00033	1.00022	0.999931	0.999689	0.99984	
27.7081 0.999278	1.00014	1.00006	0.999767	0.999807	0.999958	
27.7242 0.999301	1.00016	1.00023	0.999933	0.999832	0.999982	
27.7404 0.998888	0.99975	1.00024	0.999949	0.99995	1.0001	
27.7565 0.999271	1.00013	1.00034	1.00005	0.999809	0.99996	
27.7726 0.99942	1.00028	1.00031	1.00002	0.999921	1.00007	
27.7888 0.999226	1.00009	1.00029	0.999994	0.999826	0.999977	
27.8049 0.999336	1.0002	1.00019	0.999898	0.999984	1.00014	
27.821 0.999374	1.00024	1.00027	0.999971	0.999886	1.00004	
27.8372 0.999231	1.0001	1.00023	0.999935	0.999985	1.00014	
27.8533 0.999468	1.00034	1.00023	0.999934	0.999806	0.999958	
27.8694 0.999384	1.00025	1.00013	0.999837	0.999916	1.00007	
27.8856 0.999198	1.00007	1.00035	1.00005	1.00013	1.00028	
27.9017 0.999419	1.00029	1.00029	0.999991	0.999768	0.999921	
27.9178 0.999446	1.00032	1.00021	0.999919	0.999701	0.999854	
27.934 0.999267	1.00014	1.00009	0.999792	0.999689	0.999841	
27.9501 0.9995	1.00037	1.00022	0.999922	0.999813	0.999964	
27.9662 0.999355	1.00023	1.00044	1.00015	0.999955	1.00011	
27.9824 0.999211	1.00009	1.00025	0.999952	0.999875	1.00003	
27.9985 0.99943	1.00031	1.0002	0.999905	1.00024	1.00039	
28.0146 0.999274	1.00015	1.00047	1.00017	1.00008	1.00024	
28.0308 0.999364	1.00024	1.00028	0.999988	0.999774	0.999929	
28.0469 0.999229	1.00011	1.0002	0.999902	0.99977	0.999924	
28.063 0.999324	1.0002	1.00031	1.00001	0.999883	1.00004	
28.0792 0.999388	1.00027	1.00048	1.00018	1.00004	1.0002	
28.0953 0.999345	1.00023	1.00042	1.00012	0.999903	1.00006	
28.1114 0.999615	1.0005	1.00021	0.999915	1.00008	1.00024	
28.1276 0.999424	1.00031	1.00028	0.999986	0.999993	1.00015	
28.1437 0.999319	1.00021	1.00019	0.999896	1	1.00016	
28.1598 0.999429	1.00032	1.00035	1.00005	0.999958	1.00012	
28.176 0.999492	1.00038	1.00019	0.999898	0.999625	0.999783	
28.1921 0.999453	1.00034	1.0003	1.00001	0.999695	0.999852	
28.2082 0.999166	1.00006	1.00022	0.999921	0.999617	0.999773	
28.2244 0.999298	1.00019	1.00012	0.999827	0.999633	0.999788	
28.2405 0.999047	0.999939	1.00028	0.999979	0.999965	1.00012	
28.2566 0.999292	1.00019	1.00037	1.00007	0.999855	1.00001	
28.2728 0.999481	1.00038	1.00017	0.999878	1.00004	1.00019	
28.2889 0.999301	1.0002	1.00036	1.00006	0.999917	1.00007	
28.305 0.999236	1.00013	1.00038	1.00008	1.00019	1.00034	
28.3212 0.999024	0.999919	1.00027	0.999974	0.999726	0.999884	
28.3373 0.999071	0.999966	1.00062	1.00033	1.00014	1.0003	
28.3534 0.999361	1.00026	1.00023	0.999934	0.999935	1.00009	
28.3695 0.99934	1.00024	1.00022	0.999926	0.999883	1.00004	
28.3857 0.99921	1.00011	1.00042	1.00012	0.999619	0.999778	
28.4018 0.998992	0.99989	1.00035	1.00005	0.999474	0.999631	
28.4179 0.999091	0.999989	1.00025	0.999953	1.00013	1.00029	
28.4341 0.999371	1.00027	1.00035	1.00005	0.99979	0.999949	
28.4502 0.999226	1.00013	1.00031	1.00001	0.999705	0.999863	
28.4663 0.999404	1.00031	1.00036	1.00007	0.999816	0.999973	
28.4825 0.99893	0.99983	1.00032	1.00003	1.00003	1.00019	
28.4986 0.998883	0.999782	1.00032	1.00003	1.00019	1.00035	
28.5147 0.998833	0.999731	1.00035	1.00006	0.999972	1.00013	
28.5309 0.999449	1.00035	1.00032	1.00002	0.99983	0.999991	
28.547 0.999294	1.00019	1.00023	0.999938	0.99991	1.00007	
28.5631 0.999245	1.00015	1.0003	1.00001	0.999878	1.00004	
28.5793 0.999412	1.00032	1.00054	1.00025	0.999586	0.999746	
28.5954 0.999343	1.00025	1.00021	0.999913	1	1.00016	
28.6115 0.999495	1.0004	1.00045	1.00016	0.999652	0.999812	
28.6277 0.999192	1.0001	1.00042	1.00013	1.00008	1.00025	
28.6438 0.999604	1.00051	1.00042	1.00013	1.00008	1.00024	
28.6599 0.99895	0.999858	1.00036	1.00007	0.999941	1.0001	
28.6761 0.99921	1.00012	1.00031	1.00001	0.999617	0.999778	
28.6922 0.999489	1.0004	1.00029	1	1.00005	1.00021	
28.7083 0.999371	1.00028	1.00007	0.999773	1.00007	1.00024	
28.7245 0.999469	1.00038	1.00035	1.00005	0.999473	0.999634	
28.7406 0.999324	1.00024	1.00032	1.00003	0.999923	1.00009	
28.7567 0.999359	1.00028	1.00039	1.0001	1.00006	1.00023	
28.7729 0.999346	1.00026	1.00041	1.00012	1.00007	1.00023	
28.789 0.999153	1.00007	1.00024	0.999953	1.00009	1.00026	
28.8051 0.999548	1.00047	1.00021	0.999923	0.999941	1.00011	
28.8213 0.999274	1.0002	1.00047	1.00018	0.999945	1.00011	
28.8374 0.999197	1.00012	1.00034	1.00005	0.999595	0.999761	
28.8535 0.999496	1.00042	1.00017	0.999877	0.99986	1.00003	
28.8697 0.999288	1.00021	1.00024	0.999953	0.999831	0.999997	
28.8858 0.999428	1.00035	1.00022	0.999928	0.999603	0.999768	
28.9019 0.999495	1.00042	1.00019	0.999899	0.999733	0.999898	
28.9181 0.999128	1.00006	1.00015	0.999857	1.00008	1.00025	
28.9342 0.999458	1.00039	1.00023	0.999936	0.999808	0.999973	
28.9503 0.999286	1.00022	1.0003	1.00001	0.999927	1.00009	
28.9665 0.999466	1.0004	1.00028	0.999984	0.999967	1.00013	
28.9826 0.999625	1.00056	1.00034	1.00005	0.999971	1.00014	
28.9987 0.999418	1.00036	1.00037	1.00007	1.00008	1.00024	
29.0149 0.999316	1.00026	1.00025	0.999956	0.999419	0.999585	
29.031 0.999416	1.00036	1.00001	0.999721	0.999323	0.999486	
29.0471 0.999383	1.00033	1.00002	0.999723	1.0001	1.00027	
29.0633 0.999309	1.00025	1.00014	0.999848	0.999479	0.999642	
29.0794 0.999343	1.00029	1.00026	0.99996	0.999688	0.999851	
29.0955 0.999291	1.00024	1.00032	1.00003	1.00017	1.00033	
29.1117 0.999502	1.00045	1.0003	1	0.999734	0.999897	
29.1278 0.999353	1.0003	1.00018	0.999879	0.999866	1.00003	
29.1439 0.999452	1.00041	1.00035	1.00005	1.00004	1.00021	
29.1601 0.999287	1.00024	1.00031	1.00001	1.00008	1.00024	
29.1762 0.999211	1.00017	1.00044	1.00014	0.999851	1.00002	
29.1923 0.999295	1.00025	1.00009	0.999792	0.999403	0.999566	
29.2085 0.998839	0.999794	1.00012	0.999824	0.999869	1.00003	
29.2246 0.999273	1.00023	1.00046	1.00017	0.999713	0.999877	
29.2407 0.999345	1.0003	1.00029	0.999989	1.00004	1.00021	
29.2569 0.999488	1.00045	1.0003	1	0.99968	0.999844	
29.273 0.999405	1.00037	1.00026	0.999965	1	1.00017	
29.2891 0.9993	1.00026	1.00015	0.999854	1.00035	1.00051	
29.3053 0.999055	1.00002	1.00041	1.00012	0.99968	0.999847	
29.3214 0.999313	1.00028	1.00044	1.00015	0.999835	1	
29.3375 0.999072	1.00004	1.00044	1.00014	1.00003	1.00019	
29.3537 0.999111	1.00008	1.00012	0.999823	1.00003	1.0002	
29.3698 0.99933	1.0003	1.00004	0.999741	0.999941	1.00011	
29.3859 0.999346	1.00032	1.0002	0.999904	0.999912	1.00008	
29.402 0.999266	1.00024	1.00053	1.00023	0.999651	0.99982	
29.4182 0.99939	1.00036	1.0004	1.0001	0.999655	0.999823	
29.4343 0.99921	1.00018	1.00013	0.999832	0.999974	1.00014	
29.4504 0.999027	1	1.00015	0.999849	0.999933	1.0001	
29.4666 0.999335	1.00031	1.00053	1.00024	0.999751	0.99992	
29.4827 0.999307	1.00028	1.00017	0.999872	0.999613	0.99978	
29.4988 0.999008	0.999984	1.00033	1.00003	0.999629	0.999795	
29.515 0.999213	1.00019	1.00027	0.999977	0.999977	1.00014	
29.5311 0.999049	1.00003	1.00055	1.00025	0.999772	0.999938	
29.5472 0.999433	1.00041	1.00049	1.00019	0.999594	0.99976	
29.5634 0.999179	1.00016	1.00025	0.999957	0.999649	0.999813	
29.5795 0.99904	1.00002	1.00016	0.999865	1.00027	1.00044	
29.5956 0.999106	1.00009	1.00035	1.00005	0.999989	1.00016	
29.6118 0.99929	1.00027	1.00024	0.999945	0.99991	1.00008	
29.6279 0.99941	1.00039	1.00038	1.00009	1.00039	1.00056	
29.644 0.998957	0.999941	1.00046	1.00017	0.999877	1.00005	
29.6602 0.999144	1.00013	1.00031	1.00001	0.999954	1.00013	
29.6763 0.998891	0.999875	0.999965	0.999668	1.00006	1.00024	
29.6924 0.999093	1.00008	1.00027	0.999976	0.999982	1.00016	
29.7086 0.998969	0.999954	1.0003	1.00001	0.999819	0.999994	
29.7247 0.999191	1.00018	1.00015	0.999856	0.999782	0.999956	
29.7408 0.999098	1.00008	1.00019	0.999896	0.999954	1.00013	
29.757 0.99923	1.00022	0.999937	0.999637	0.999844	1.00002	
29.7731 0.999164	1.00015	1.00015	0.999847	1.00008	1.00026	
29.7892 0.999253	1.00024	0.999959	0.999655	0.999926	1.0001	
29.8054 0.999469	1.00046	1.00005	0.999745	0.999811	0.999988	
29.8215 0.999389	1.00038	0.999847	0.99954	1.00015	1.00033	
29.8376 0.998603	0.999594	1.00015	0.999842	1.00019	1.00037	
29.8538 0.999447	1.00044	1.0002	0.999892	1.00016	1.00034	
29.8699 0.999306	1.0003	1.00017	0.999864	0.999728	0.99991	
29.886 0.999328	1.00033	1.0002	0.999894	1.00014	1.00033	
29.9022 0.999353	1.00035	1.0001	0.999792	1.00012	1.00031	
29.9183 0.999135	1.00014	1.0003	0.999986	1.00024	1.00043	
29.9344 0.999175	1.00018	1.00002	0.999706	0.999851	1.00004	
29.9506 0.999062	1.00006	1.00009	0.99978	0.999996	1.00019	
29.9667 0.999016	1.00002	0.999713	0.999395	1.00026	1.00045	
29.9828 0.999099	1.0001	1.00013	0.99981	0.999594	0.999785	
29.999 0.999089	1.00009	1.00015	0.999833	0.999776	0.999967	
30.0151 0.999238	1.00024	1.0001	0.999778	0.999729	0.999919	
30.0312 0.99912	1.00013	1.00018	0.999853	1.00011	1.0003	
30.0474 0.999529	1.00054	1.00006	0.99974	0.999703	0.999894	
30.0635 0.999105	1.00011	1.00033	1.00001	1.00007	1.00026	
30.0796 0.999214	1.00022	1.00022	0.999893	0.999525	0.999716	
30.0958 0.998874	0.999883	1.00019	0.999864	1.00029	1.00048	
30.1119 0.999218	1.00023	1.00007	0.99974	0.999505	0.999698	
30.128 0.999131	1.00014	1.00014	0.999808	1.0004	1.0006	
30.1442 0.999244	1.00026	1.00017	0.999843	0.999537	0.999731	
30.1603 0.999086	1.0001	1.00023	0.999902	0.999731	0.999924	
30.1764 0.999159	1.00017	1.00001	0.999683	0.999963	1.00016	
30.1926 0.999423	1.00044	1.0001	0.999772	0.999926	1.00012	
30.2087 0.999399	1.00042	1.00011	0.999771	0.999654	0.999849	
30.2248 0.999207	1.00023	1.0004	1.00007	0.999891	1.00009	
30.241 0.999023	1.00005	1.00041	1.00007	0.999805	1	
30.2571 0.999132	1.00016	1.00015	0.999813	0.999896	1.00009	
30.2732 0.998908	0.999931	1.00006	0.99972	0.999793	0.999988	
30.2894 0.999055	1.00008	1.00025	0.999917	1.00011	1.0003	
30.3055 0.999115	1.00014	0.999949	0.99961	0.999529	0.999725	
30.3216 0.99933	1.00036	1.00019	0.999848	0.999668	0.999863	
30.3378 0.999154	1.00018	1.00015	0.999805	0.999811	1.00001	
30.3539 0.999209	1.00024	1.00023	0.999893	0.99988	1.00008	
30.37 0.999176	1.00021	1.00033	0.99999	0.999651	0.999846	
30.3861 0.99908	1.00011	1.00024	0.999899	0.999728	0.999922	
30.4023 0.999225	1.00026	1.00037	1.00002	1.00019	1.00038	
30.4184 0.999524	1.00056	1.00042	1.00008	0.999987	1.00019	
30.4345 0.999364	1.0004	1.00035	1.00001	1.00001	1.00021	
30.4507 0.999314	1.00035	1.00015	0.999803	0.999702	0.9999	
30.4668 0.999494	1.00054	1.00017	0.999823	0.999942	1.00014	
30.4829 0.999211	1.00026	0.999854	0.999507	1.00011	1.00031	
30.4991 0.999222	1.00027	1.00036	1.00001	0.999501	0.9997	
30.5152 0.999278	1.00033	1.00014	0.999789	0.999794	0.999993	
30.5313 0.998984	1.00003	1.00032	0.999974	0.999661	0.99986	
30.5475 0.999006	1.00006	1.00008	0.999733	0.999685	0.999883	
30.5636 0.999175	1.00023	1.00053	1.00018	0.999914	1.00011	
30.5797 0.999342	1.0004	1.00003	0.99968	0.999538	0.999735	
30.5959 0.999026	1.00008	0.99991	0.999557	1.00005	1.00024	
30.612 0.999132	1.00019	1.00031	0.999952	0.99968	0.999877	
30.6281 0.99883	0.999885	1.00045	1.0001	1.00017	1.00037	
30.6443 0.999363	1.00042	1.00008	0.999721	0.999915	1.00012	
30.6604 0.999091	1.00015	0.999963	0.999606	0.999999	1.0002	
30.6765 0.999594	1.00066	1.00023	0.999867	0.999551	0.999751	
30.6927 0.99958	1.00065	1.00044	1.00008	0.999977	1.00018	
30.7088 0.999156	1.00022	0.999945	0.999584	0.999906	1.00011	
30.7249 0.998863	0.999931	1.00025	0.999888	0.999858	1.00006	
30.7411 0.99913	1.0002	1.00031	0.999945	0.999617	0.999819	
30.7572 0.99934	1.00041	1.00014	0.999775	0.999742	0.999943	
30.7733 0.99886	0.999932	1.00012	0.999752	1.00008	1.00028	
30.7895 0.999333	1.00041	1.00013	0.99976	0.99981	1.00001	
30.8056 0.998989	1.00006	1.00031	0.999942	0.999838	1.00004	
30.8217 0.999189	1.00027	1.00049	1.00012	0.999727	0.99993	
30.8379 0.999283	1.00036	1.00024	0.999872	1.00002	1.00022	
30.854 0.999175	1.00026	1.0003	0.999936	1.00016	1.00037	
30.8701 0.999106	1.00019	1.0003	0.999934	0.999587	0.999793	
30.8863 0.999296	1.00038	1.00028	0.99991	0.999728	0.999933	
30.9024 0.99901	1.0001	1.00022	0.999848	0.999321	0.999522	
30.9185 0.999162	1.00025	1.00009	0.999719	0.999772	0.999974	
30.9347 0.998991	1.00008	1.00024	0.999866	0.999737	0.999937	
30.9508 0.99878	0.999867	1.00015	0.999777	0.999629	0.999828	
30.9669 0.999001	1.00009	1.00042	1.00005	0.999816	1.00002	
30.9831 0.999412	1.0005	1.00037	0.999996	0.999758	0.999958	
30.9992 0.999695	1.00079	1.00055	1.00017	0.999651	0.99985	
31.0153 0.998787	0.999882	1.00016	0.999788	0.999769	0.999967	
31.0315 0.999146	1.00024	1.00026	0.999887	0.999837	1.00004	
31.0476 0.999276	1.00038	1.00045	1.00007	1.00009	1.00029	
31.0637 0.998429	0.999525	1.00029	0.999912	0.999859	1.00006	
31.0799 0.999089	1.00019	1.00024	0.999869	0.999832	1.00003	
31.096 0.999161	1.00026	1.00032	0.999945	0.999802	1	
31.1121 0.999302	1.0004	1.00027	0.999889	1.00015	1.00036	
31.1283 0.9992	1.0003	1.00019	0.999814	0.999854	1.00006	
31.1444 0.998996	1.0001	1.00027	0.999889	1.00018	1.00039	
31.1605 0.999003	1.00011	1.00029	0.99991	0.999926	1.00013	
31.1767 0.999093	1.0002	1.00038	1	0.99952	0.999725	
31.1928 0.999093	1.0002	1.00034	0.999963	1.00028	1.00048	
31.2089 0.999042	1.00015	1.00005	0.999672	0.999694	0.999903	
31.2251 0.999054	1.00016	1.00039	1.00001	1.00004	1.00025	
31.2412 0.998862	0.999972	1.00011	0.999724	0.99982	1.00003	
31.2573 0.998954	1.00007	1.00036	0.999978	0.99979	1	
31.2735 0.998934	1.00004	1.00022	0.999839	1.0001	1.00032	
31.2896 0.998854	0.999964	1.00059	1.0002	0.999601	0.999813	
31.3057 0.998976	1.00009	1.00042	1.00003	0.999573	0.999782	
31.3219 0.998884	0.999996	1.00042	1.00004	0.999791	1	
31.338 0.999153	1.00027	1.00028	0.999899	0.999421	0.999628	
31.3541 0.998735	0.999847	1.00002	0.999629	0.999713	0.99992	
31.3703 0.999008	1.00012	1.00036	0.999971	0.999635	0.999841	
31.3864 0.999106	1.00022	1.00036	0.999969	0.99966	0.999865	
31.4025 0.998869	0.999983	1.00035	0.999962	0.999517	0.999719	
31.4186 0.998837	0.999951	1.00041	1.00002	0.999844	1.00005	
31.4348 0.999049	1.00016	1.00042	1.00003	0.999761	0.999963	
31.4509 0.99874	0.999854	1.00053	1.00015	0.99946	0.99966	
31.467 0.99881	0.999924	1.0002	0.999813	0.999714	0.999913	
31.4832 0.998759	0.999871	1.00041	1.00003	0.999364	0.99956	
31.4993 0.999067	1.00018	1.00029	0.999904	0.999661	0.999856	
31.5154 0.999094	1.00021	1.00044	1.00006	0.999918	1.00011	
31.5316 0.99871	0.999824	1.00024	0.999852	1.00007	1.00027	
31.5477 0.998899	1.00001	1.0002	0.999807	0.999472	0.999668	
31.5638 0.998878	0.999993	1.00066	1.00027	0.999841	1.00004	
31.58 0.999289	1.00041	1.0001	0.999707	0.999476	0.999669	
31.5961 0.998768	0.999884	1.00036	0.999968	0.999639	0.999831	
31.6122 0.99912	1.00024	1.00058	1.00019	0.999628	0.999819	
31.6284 0.998808	0.999925	1.00036	0.999973	0.999809	1	
31.6445 0.99913	1.00025	1.00034	0.999946	0.99985	1.00004	
31.6606 0.999245	1.00037	1.00052	1.00013	1.00002	1.00021	
31.6768 0.999045	1.00017	1.00027	0.999877	1.00011	1.00031	
31.6929 0.998856	0.99998	1.00013	0.999736	1.00002	1.00022	
31.709 0.998763	0.999885	1.00028	0.999886	0.99989	1.00009	
31.7252 0.998598	0.999718	1.00028	0.999889	0.999435	0.99963	
31.7413 0.998598	0.999716	1.00059	1.00019	0.99944	0.999632	
31.7574 0.998394	0.999508	1.00047	1.00008	0.999743	0.999935	
31.7736 0.998759	0.999873	1.00015	0.999761	0.999707	0.999898	
31.7897 0.99874	0.999853	1.00035	0.999959	0.999655	0.999844	
31.8058 0.998851	0.999963	1.00077	1.00038	0.999931	1.00012	
31.822 0.998683	0.999793	1.00049	1.0001	1.00029	1.00049	
31.8381 0.999014	1.00013	1.00054	1.00015	0.999573	0.999765	
31.8542 0.998847	0.999958	1.00037	0.999983	0.99961	0.9998	
31.8704 0.99875	0.999861	0.999982	0.999591	0.999995	1.00019	
31.8865 0.998951	1.00006	1.00026	0.999866	0.999959	1.00015	
31.9026 0.998539	0.999647	1.00044	1.00005	0.999939	1.00013	
31.9188 0.998805	0.999913	1.0005	1.0001	0.999809	1	
31.9349 0.998988	1.0001	1.00002	0.999627	0.999613	0.999805	
31.951 0.998778	0.999885	1.0003	0.999908	0.999723	0.999915	
31.9672 0.999188	1.0003	1.00046	1.00007	0.999908	1.0001	
31.9833 0.99822	0.999324	1.0005	1.00011	0.999726	0.999918	
31.9994 0.998465	0.999566	1.00012	0.999728	0.999701	0.999892	
32.0156 0.998864	0.999965	1.00019	0.99979	0.999758	0.999949	
32.0317 0.998661	0.99976	1.00038	0.99998	0.999574	0.999764	
32.0478 0.998571	0.999667	1.00034	0.999942	1.0002	1.00039	
32.064 0.998751	0.999846	1.00018	0.999785	0.999476	0.999665	
32.0801 0.998883	0.999978	1.00047	1.00007	0.999292	0.999478	
32.0962 0.998736	0.99983	1.00046	1.00006	0.999638	0.999823	
32.1124 0.998796	0.999889	1.00033	0.999933	0.999903	1.00009	
32.1285 0.998989	1.00008	1.00043	1.00003	0.999355	0.999537	
32.1446 0.99875	0.999842	1.00035	0.99995	0.999832	1.00001	
32.1608 0.998764	0.999855	1.00036	0.999957	1.00042	1.00061	
32.1769 0.998651	0.99974	1.00023	0.999829	0.999923	1.00011	
32.193 0.998797	0.999886	1.00049	1.00009	0.999759	0.999946	
32.2092 0.998889	0.999977	1.00047	1.00007	1.00013	1.00032	
32.2253 0.998529	0.999614	1.00043	1.00003	1.00012	1.00031	
32.2414 0.998905	0.99999	1.00025	0.99985	1.00046	1.00066	
32.2576 0.998464	0.999545	1.00031	0.999907	0.999705	0.999901	
