# Time-averaged data for fix AveAll
# TimeStep v_TotEn v_PotEn c_T c_P v_Dens
100 -16207.2 -20035.7 296.466 -22.0588 0.878066
200 -16257.9 -20121.6 299.189 254.212 0.881136
300 -16317.3 -20102.3 293.097 260.195 0.881843
400 -16266.9 -20081.9 295.42 -0.835034 0.880133
500 -16171.8 -20059.5 301.048 -133.053 0.878301
600 -16195.1 -20081.1 300.91 174.813 0.877214
700 -16276.9 -20113.7 297.104 15.1953 0.875194
800 -16315.8 -20123.8 294.879 -53.6161 0.872823
900 -16261.5 -20075.3 295.327 -204.813 0.87121
1000 -16157.5 -20026.6 299.605 -269.974 0.871737
1100 -16147.4 -20039.6 301.393 191.119 0.874501
1200 -16218.1 -20074.5 298.628 319.41 0.875466
1300 -16273.5 -20100.5 296.348 -96.4656 0.873688
1400 -16252.5 -20043.2 293.541 -101.812 0.87276
1500 -16162.6 -20030.8 299.54 126.179 0.872592
1600 -16143.8 -20010.6 299.43 -129.736 0.871598
1700 -16167.5 -20025.2 298.728 202.876 0.87113
1800 -16203.5 -20000.6 294.029 -23.8557 0.869407
1900 -16150 -20000.3 298.148 -59.8269 0.867783
2000 -16055.9 -19950 301.546 33.4814 0.866703
2100 -16070.9 -19968.8 301.841 -36.207 0.865659
2200 -16154.9 -20029.5 300.039 -214.389 0.865278
2300 -16191.8 -20006.6 295.406 -180.849 0.866458
2400 -16160.2 -19995.9 297.023 38.188 0.869369
2500 -16110.8 -19976.6 299.35 287.562 0.871608
2600 -16053.7 -19929.4 300.114 0.959675 0.871412
2700 -15959.5 -19872.8 303.029 150.205 0.870819
2800 -15976.2 -19908 304.462 164.398 0.868964
2900 -16083.7 -19926.7 297.593 -75.4177 0.865936
3000 -16101.4 -19909.9 294.919 -179.075 0.86408
3100 -16060.5 -19948.9 301.106 -222.305 0.864154
3200 -16067.5 -19963.8 301.717 -193.627 0.866166
3300 -16184 -20026.1 297.515 35.7628 0.869658
3400 -16225.8 -20056.7 296.652 32.0276 0.872419
3500 -16203.7 -20033.2 296.539 -176.73 0.874637
3600 -16129.9 -20006.2 300.161 399.867 0.87731
3700 -16082.8 -19968.8 300.919 293.114 0.87649
3800 -16130.3 -19969.8 297.314 -55.6397 0.873357
3900 -16233.7 -20060.9 296.363 -185.235 0.871033
4000 -16273 -20089.7 295.551 -238.153 0.870834
4100 -16249.7 -20088.7 297.275 126.672 0.872335
4200 -16145.1 -20015.1 299.678 62.7392 0.872789
4300 -16094.3 -19970.7 300.174 74.0418 0.872563
4400 -16099.4 -19917.3 295.646 -46.0761 0.871897
4500 -16064.2 -19965.9 302.136 -202.307 0.871691
4600 -16077.5 -19930.2 298.339 -141.759 0.873112
4700 -16166 -19991.7 296.251 -76.1117 0.876132
4800 -16227.1 -20070.8 297.64 209.999 0.879347
4900 -16270.3 -20068.9 294.149 155.429 0.880803
5000 -16215.3 -20077.2 299.055 198.629 0.880457
5100 -16114.3 -19994.9 300.494 -167.748 0.87868
5200 -16098.6 -19984.5 300.91 92.0579 0.877862
5300 -16141.8 -19996.1 298.462 11.0948 0.876559
5400 -16169.2 -20033.7 299.253 -121.194 0.875341
5500 -16195.3 -20049.3 298.443 138.924 0.875002
5600 -16221.4 -20071.1 298.108 -49.2046 0.873806
5700 -16264.3 -20090.8 296.309 -114.093 0.872921
5800 -16335.6 -20089.7 290.698 10.5586 0.873084
5900 -16298.3 -20128.8 296.614 -139.128 0.873521
6000 -16218 -20064.7 297.868 172.669 0.874647
6100 -16194.8 -20055.5 298.96 -153.433 0.874916
6200 -16168.3 -19966.7 294.129 -295.269 0.87642
6300 -16060.8 -19973.6 302.993 14.5742 0.880437
6400 -16074.2 -19974.2 302 415.405 0.884101
6500 -16146.3 -20008 299.031 424.926 0.884004
6600 -16224.5 -20084.6 298.91 -29.7949 0.880178
6700 -16278.5 -20124.3 297.801 -103.422 0.876707
6800 -16293.1 -20100.6 294.839 -109.53 0.87466
6900 -16217.3 -20092.6 300.085 -45.2029 0.873852
7000 -16109.9 -20031.8 303.696 28.578 0.873562
7100 -16134.9 -19992.9 298.755 -34.4666 0.873259
7200 -16168 -20060.6 301.43 43.3024 0.873197
7300 -16243.2 -20063 295.793 -166.299 0.873067
7400 -16254.3 -20060.4 294.727 60.1907 0.874199
7500 -16216.6 -20058.1 297.468 283.012 0.874674
7600 -16190.9 -20012 295.891 -161.268 0.872939
7700 -16156.9 -20022.1 299.301 25.7456 0.872312
7800 -16146 -20002.1 298.603 124.865 0.871663
7900 -16174.9 -20006.5 296.701 -146.679 0.870235
8000 -16270.3 -20070 294.229 -309.607 0.870303
8100 -16331.1 -20158.3 296.36 -117.819 0.87298
8200 -16342.1 -20123.7 292.84 139.848 0.876588
8300 -16233.7 -20092 298.775 126.259 0.878863
8400 -16195 -20081.5 300.954 240.326 0.879286
8500 -16245.4 -20089.3 297.659 -168.728 0.878213
8600 -16291.7 -20106.6 295.414 -85.4976 0.878476
8700 -16286.3 -20150.2 299.203 245.628 0.879184
8800 -16271.7 -20116.5 297.731 48.1516 0.878028
8900 -16235.6 -20081.5 297.813 -109.359 0.876157
9000 -16172.9 -20041.7 299.582 -110.824 0.8751
9100 -16128.4 -20008.3 300.447 115.95 0.875232
9200 -16158.3 -20040.2 300.595 83.3204 0.87466
9300 -16268.2 -20078.4 295.047 -138.616 0.873103
9400 -16288.1 -20116.1 296.425 -150.839 0.872694
9500 -16256.8 -20101 297.681 -44.4585 0.873854
9600 -16168 -20068.6 302.048 169.557 0.875316
9700 -16096.1 -20017.2 303.637 11.4985 0.875603
9800 -16175.5 -20064.5 301.154 -25.2382 0.875512
9900 -16286.2 -20102.5 295.517 -39.1856 0.875758
10000 -16290.6 -20138.6 297.975 184.339 0.876109
10100 -16268.7 -20099.7 296.659 -106.681 0.875231
10200 -16204.5 -20072.9 299.555 113.279 0.874754
10300 -16129.5 -19997.6 299.528 -200.004 0.873856
10400 -16060.7 -19942 300.555 13.2187 0.874078
10500 -16010.7 -19950.6 305.095 -86.4146 0.874681
10600 -16082.3 -19978.3 301.695 45.6585 0.876104
10700 -16183.7 -20004.2 295.847 318.567 0.876937
10800 -16201.5 -20024.5 296.035 -128.78 0.875165
10900 -16150.9 -19982.5 296.701 -341.721 0.874715
11000 -16072.6 -19987.9 303.183 354.844 0.876935
11100 -16110 -20010.7 302.052 94.1184 0.876418
11200 -16179.6 -20023 297.618 12.8188 0.874366
11300 -16188.9 -20019.5 296.626 0.596983 0.872265
11400 -16152.1 -19980 296.417 23.5827 0.869898
11500 -16065.6 -19924 298.779 -67.1133 0.867309
11600 -16027.2 -19949.3 303.714 -60.4211 0.865191
11700 -16074 -19946.9 299.903 -181.736 0.863845
11800 -16115.3 -19992.3 300.221 -219.583 0.864185
11900 -16185.3 -20063.5 300.308 -93.3667 0.866647
12000 -16258.2 -20085.5 296.376 110.235 0.870066
12100 -16260.4 -20093.8 296.848 122.774 0.872582
12200 -16239.6 -20093 298.388 122.671 0.873812
12300 -16212.7 -20052.9 297.373 -39.8973 0.874097
12400 -16112.5 -20024.1 302.901 22.6187 0.874844
12500 -16093.4 -20009.3 303.23 51.2893 0.87516
12600 -16186.6 -20046.1 298.864 -165.014 0.875075
12700 -16237.6 -20064.6 296.355 -65.8612 0.876423
12800 -16225.5 -20063.6 297.204 51.653 0.878611
12900 -16167.2 -20017.9 298.183 218.336 0.880312
13000 -16079.2 -20007.8 304.21 309.424 0.879685
13100 -16127.5 -19977.8 298.152 -116.23 0.87646
13200 -16247.4 -20018.8 292.041 -219.528 0.874138
13300 -16207.7 -20032.5 296.173 38.2361 0.873762
13400 -16145.3 -19999.4 298.441 110.244 0.873041
13500 -16124.6 -20018.1 301.498 -120.717 0.871739
13600 -16198.9 -20012.4 295.302 -33.8368 0.871354
13700 -16292.9 -20105.3 295.214 15.7599 0.871168
13800 -16336.2 -20151.5 295.441 -106.652 0.871039
13900 -16304.2 -20072.3 291.781 46.0686 0.871761
14000 -16175 -20038.2 299.148 35.5779 0.872421
14100 -16115.5 -19955.2 297.335 -70.6253 0.872675
14200 -16070 -19978.9 302.69 -93.2037 0.873845
14300 -16112.8 -19960.5 297.948 77.1723 0.875785
14400 -16188.8 -19999.9 295.117 103.507 0.876891
14500 -16201.2 -20006.4 294.659 -78.8 0.877576
14600 -16083.7 -19967.1 300.712 325.042 0.878403
14700 -16031.6 -19878.5 297.888 -66.9596 0.876639
14800 -16029 -19931.3 302.182 22.254 0.874928
14900 -16117 -20004.9 301.059 -16.6492 0.873203
15000 -16189.7 -19985 293.891 -64.9782 0.871045
15100 -16146 -19979.9 296.884 -246.812 0.8697
15200 -16113.3 -20029.5 303.256 338.908 0.869889
15300 -16174.5 -19990.1 295.463 -153.32 0.867872
15400 -16179.2 -20021.9 297.562 -193.129 0.866578
15500 -16174.5 -20043.9 299.632 123.104 0.867067
15600 -16185.7 -20017.6 296.727 40.4843 0.866701
15700 -16167.4 -19990.5 296.04 -75.4846 0.86578
15800 -16117.7 -19973.1 298.55 -238.413 0.865677
15900 -16077.9 -19970.1 301.394 -66.6617 0.867745
16000 -16126 -19981.2 298.532 105.961 0.870849
16100 -16244.6 -20084.4 297.342 -45.0302 0.873798
16200 -16281.4 -20109 296.394 45.8147 0.877267
16300 -16258.1 -20112.6 298.471 339.904 0.880124
16400 -16207.7 -20050.3 297.553 129.844 0.880061
16500 -16099.9 -20018.6 303.45 -44.6384 0.878531
16600 -16111.1 -19983.9 299.894 275.13 0.876985
16700 -16157.2 -19985.1 296.418 -381.288 0.873968
16800 -16140.2 -19986 297.808 -233.65 0.873515
16900 -16144.6 -20030.3 300.893 -56.3099 0.875542
17000 -16172.3 -19991.8 295.766 -19.0622 0.878469
17100 -16166.6 -20035 299.555 261.132 0.881416
17200 -16181.7 -20018 297.066 314.774 0.881731
17300 -16163.6 -20003.2 297.322 95.2095 0.879131
17400 -16044.5 -19966.4 303.697 -9.49092 0.875736
17500 -16012.7 -19937.9 303.948 -174.095 0.872471
17600 -16095.1 -19955.3 298.922 -177.92 0.870922
17700 -16157 -19995 297.201 4.7665 0.871013
17800 -16171.3 -19998.2 296.34 -9.68357 0.871248
17900 -16131.3 -19993.8 299.103 -29.7337 0.871478
18000 -16017.1 -19885.8 299.583 97.8864 0.871931
18100 -15955.6 -19890.9 304.728 164.194 0.871523
18200 -16033.5 -19901 299.49 -223.298 0.869876
18300 -16103.7 -19965.1 299.011 -130.457 0.869954
18400 -16150.6 -19982.5 296.724 185.425 0.871205
18500 -16158.6 -20001.6 297.585 48.0602 0.871122
18600 -16117 -19950.4 296.84 -13.076 0.870445
18700 -16004.3 -19919.7 303.197 -25.1812 0.869818
18800 -16028.5 -19934.7 302.48 15.5829 0.869436
18900 -16116.6 -19969.8 298.381 190.136 0.86887
19000 -16170.1 -20031.9 299.043 -144.804 0.866836
19100 -16226.9 -20068 297.437 -55.7479 0.8655
19200 -16277.7 -20100.1 295.988 -171.416 0.865074
19300 -16349 -20092.7 289.897 -93.0562 0.866158
19400 -16325.2 -20103 292.539 -33.9859 0.868408
19500 -16216.8 -20067.6 298.192 41.5938 0.871022
19600 -16180.3 -20066.3 300.916 175.22 0.873203
19700 -16205.4 -20026.1 295.862 -96.0479 0.874254
19800 -16240.4 -20129.3 301.136 102.127 0.875557
19900 -16345.4 -20121.3 292.39 54.0777 0.876281
20000 -16325.4 -20123.5 294.118 90.8907 0.876256
20100 -16245.1 -20059.4 295.367 -33.3809 0.875501
20200 -16177.3 -19991.4 295.347 -27.1101 0.874912
20300 -16136.7 -20049.6 303.006 -21.2063 0.874573
20400 -16191.6 -20059 299.482 60.5235 0.874403
20500 -16263.1 -20117.2 298.448 90.2481 0.873582
20600 -16287.1 -20088.1 294.337 -55.441 0.871878
20700 -16233 -20029 293.95 -190.205 0.870656
20800 -16159.8 -20015.1 298.542 192.597 0.87082
20900 -16149.3 -20010 298.961 -20.6241 0.869817
21000 -16162.7 -19992.2 296.546 -249.304 0.868705
21100 -16117.7 -19998.6 300.523 -10.283 0.86959
21200 -16068.5 -20004.2 304.77 44.6636 0.871057
21300 -16150.4 -19988 297.174 -246.894 0.872563
21400 -16204 -20017.9 295.339 -55.3626 0.876439
21500 -16197.2 -20072.8 300.11 152.095 0.881389
21600 -16236.2 -20086.3 298.143 227.641 0.885099
21700 -16369.6 -20183.6 295.339 246.821 0.886575
21800 -16388.3 -20160.6 292.116 280.402 0.885484
21900 -16292.4 -20090.1 294.083 123.112 0.881864
22000 -16203.1 -20019.2 295.505 -33.4281 0.876866
22100 -16130 -19980.5 298.167 -464.628 0.872954
22200 -16064.8 -19911.8 297.897 -200.836 0.873193
22300 -16036.5 -19929.9 301.488 197.782 0.875237
22400 -16091.8 -19889.5 294.074 39.9121 0.8758
22500 -16162.5 -19936.9 292.276 46.0809 0.875671
22600 -16199 -20006.9 294.87 -264.859 0.875701
22700 -16162 -20034.8 299.896 26.2949 0.877796
22800 -16137.5 -20022.3 300.828 401.304 0.879355
22900 -16202.6 -20032.3 296.561 -112.17 0.877873
23000 -16281.9 -20115.1 296.826 0.720901 0.876735
23100 -16332 -20148.4 295.523 -60.5933 0.875931
23200 -16360 -20126.3 291.65 -172.517 0.875662
23300 -16266.1 -20106.3 297.372 18.2997 0.876773
23400 -16201.3 -20093.3 301.386 116.007 0.877911
23500 -16256.2 -20141.4 300.852 106.066 0.878152
23600 -16325.7 -20115.8 293.485 -44.7026 0.877488
23700 -16283.2 -20126.6 297.614 58.8717 0.876868
23800 -16226.5 -20074.7 297.987 13.7733 0.875721
23900 -16157.3 -20017.2 298.897 -95.6489 0.874505
24000 -16097.1 -20038.9 305.239 20.7138 0.874103
24100 -16242.7 -20046.4 294.545 -59.2244 0.873663
24200 -16269 -20125.6 298.637 -134.778 0.873755
24300 -16283.9 -20158.7 300.047 -146.088 0.875309
24400 -16338.7 -20134.9 293.959 100.122 0.878367
24500 -16310.5 -20119.4 294.946 129.049 0.8808
24600 -16207.6 -20074.1 299.406 241.598 0.88196
24700 -16188 -20070.2 300.624 19.7273 0.881138
24800 -16231.2 -20072.4 297.448 85.1032 0.879498
24900 -16266.1 -20099.6 296.853 -322.479 0.877367
25000 -16283.1 -20117.1 296.891 -296.109 0.877952
25100 -16280.9 -20123.8 297.579 376.281 0.880921
25200 -16274.5 -20116.1 297.479 146.576 0.881382
25300 -16260 -20098.2 297.214 51.0329 0.880257
25400 -16197.3 -20082.6 300.865 -24.0803 0.878436
25500 -16180.7 -20080.8 302.009 -18.2171 0.8762
25600 -16280.4 -20099.3 295.722 -287.048 0.874209
25700 -16322.6 -20153.6 296.662 -190.814 0.874889
25800 -16307.9 -20149.1 297.448 -44.6138 0.877766
25900 -16279.8 -20117.7 297.189 263.609 0.881036
26000 -16191.9 -20067.6 300.117 198.983 0.88251
26100 -16112.7 -20051.8 305.024 267.413 0.881776
26200 -16167.1 -20031.6 299.251 -98.5553 0.878567
26300 -16206.9 -20052.6 297.802 -174.195 0.875683
26400 -16210.5 -20073.2 299.113 -58.8063 0.874378
26500 -16242 -20075.1 296.816 -32.8644 0.873631
26600 -16342.2 -20151.7 294.993 -450.604 0.87377
26700 -16377.3 -20189.1 295.169 23.3391 0.877559
26800 -16338.4 -20210.3 299.822 320.088 0.881994
26900 -16282.1 -20169 300.992 264.48 0.883642
27000 -16203.3 -20088.4 300.844 -85.0442 0.882819
27100 -16165.1 -20036.9 299.815 54.8808 0.882383
27200 -16191.3 -20070.2 300.37 117.816 0.881244
27300 -16297.7 -20118.4 295.856 -134.805 0.879203
27400 -16317.7 -20139.8 295.967 91.7453 0.877657
27500 -16299.1 -20154.4 298.537 -157.66 0.875523
27600 -16248 -20077.7 296.554 -272.821 0.874168
27700 -16132.7 -20048.7 303.245 -15.7841 0.87524
27800 -16149.3 -20009.2 298.89 88.5634 0.877297
27900 -16213.6 -20109.7 301.7 235.285 0.879031
28000 -16303.6 -20145.5 297.5 94.4671 0.87894
28100 -16310.9 -20156 297.749 -199.758 0.877721
28200 -16308.7 -20147.3 297.247 -54.5483 0.878165
28300 -16290.5 -20150.7 298.917 71.1714 0.879417
28400 -16244.3 -20117.1 299.896 150.919 0.88005
28500 -16197.7 -20082.8 300.852 49.9309 0.87931
28600 -16196.7 -20074.8 300.304 -0.989822 0.877898
28700 -16285.4 -20112.1 296.322 -57.4842 0.87635
28800 -16332.3 -20141.9 295.002 -270.535 0.875413
28900 -16302.7 -20149.1 297.851 150.318 0.876526
29000 -16199.4 -20097.8 301.875 142.24 0.876798
29100 -16099.8 -20001 302.101 53.0338 0.875449
29200 -16134.8 -20015.9 300.538 81.209 0.873279
29300 -16192.2 -20015.3 296.046 -123.809 0.870481
29400 -16178.3 -19991.1 295.249 -357.846 0.868993
29500 -16118.3 -19977.1 298.812 130.025 0.870216
29600 -16109.2 -20009.5 302.023 -132.868 0.871101
29700 -16146.7 -20016.5 299.668 21.0825 0.872929
29800 -16189.5 -20030.4 297.422 31.1442 0.874969
29900 -16230.2 -20083.4 298.375 -207.668 0.87706
30000 -16302 -20103 294.335 197.739 0.880609
30100 -16378.7 -20166.9 293.346 220.399 0.882816
30200 -16377 -20156.2 292.645 60.4942 0.88299
30300 -16252.3 -20117.3 299.288 160.586 0.882163
30400 -16207.6 -20040.9 296.836 -106.35 0.880085
30500 -16178.8 -20071.3 301.419 -124.79 0.878921
30600 -16219.9 -20065.3 297.779 196.687 0.878545
30700 -16324.1 -20177.1 298.365 -120.791 0.876538
30800 -16377.7 -20148.9 292.026 -47.0463 0.875273
30900 -16320 -20159.3 297.301 -106.765 0.874862
31000 -16278.6 -20126.2 297.948 -113.698 0.875276
31100 -16240.3 -20084.2 297.654 -49.4514 0.87706
31200 -16151.1 -20069.6 303.438 403.502 0.879008
31300 -16089.9 -20017.3 304.119 -21.9632 0.877859
31400 -16175.7 -20022.4 297.873 -286.782 0.876637
31500 -16237.2 -20016.2 292.634 -51.5666 0.878029
31600 -16183.6 -20063.4 300.44 359.394 0.879927
31700 -16170.1 -20034.2 299.224 131.306 0.879088
31800 -16221.3 -20083.6 299.079 -89.9496 0.876467
31900 -16328.6 -20134 294.672 46.7897 0.873733
32000 -16325.6 -20092 291.658 -365.911 0.871042
32100 -16234.2 -20071 297.109 -79.2484 0.871256
32200 -16194.1 -20055.9 299.041 -170.782 0.873129
32300 -16186 -20072.1 300.922 -49.6964 0.876609
32400 -16270.2 -20158.5 301.096 -23.7885 0.880829
32500 -16355.1 -20180.7 296.245 206.098 0.885117
32600 -16366.9 -20225.3 298.777 417.093 0.887316
32700 -16403.1 -20244.9 297.501 -102.074 0.886295
32800 -16461.9 -20248.6 293.225 144.264 0.885569
32900 -16417.6 -20203.1 293.127 64.5161 0.883696
33000 -16303.2 -20159 298.579 -112.507 0.881327
33100 -16262 -20105.9 297.654 -105.239 0.879955
33200 -16214.3 -20098 300.74 5.85252 0.879384
33300 -16202.5 -20020 295.612 -28.8524 0.878912
33400 -16134.7 -20013.4 300.353 -33.909 0.8786
33500 -16061.2 -19933.4 299.842 -27.5982 0.878903
33600 -16060.7 -19962.7 302.155 73.8224 0.87937
33700 -16180.1 -20007 296.34 -147.347 0.879384
33800 -16207.8 -20036.9 296.508 24.26 0.880364
33900 -16191.4 -20059.6 299.535 -155.385 0.881736
34000 -16216.4 -20075.5 298.836 175.074 0.88414
34100 -16298.6 -20099.1 294.299 108.936 0.88556
34200 -16348.1 -20164.7 295.544 96.7179 0.885959
34300 -16340.2 -20156.8 295.542 -2.50549 0.885316
34400 -16227 -20064.3 297.142 -6.17131 0.884438
34500 -16164.8 -20041.9 300.233 158.437 0.883227
34600 -16181.3 -20041.6 298.924 -121.303 0.880127
34700 -16232.2 -20058.6 296.299 -196.703 0.87693
34800 -16289.8 -20089.6 294.243 76.8578 0.874697
34900 -16284.4 -20072.8 293.361 -279.734 0.871561
35000 -16162 -19987.2 296.207 -390.494 0.870495
35100 -16092.7 -19958.6 299.359 33.7058 0.873222
35200 -16090.8 -19972.4 300.581 273.906 0.876174
35300 -16155.1 -19991.5 297.081 171.308 0.876675
35400 -16224.6 -20019.8 293.88 -164.231 0.87568
35500 -16200 -20042.5 297.548 -99.2239 0.875835
35600 -16082 -19974.7 301.429 251.955 0.876604
35700 -16066.5 -19939.6 299.915 -0.714723 0.875545
35800 -16115.3 -19982.1 299.434 103.306 0.873949
35900 -16190.4 -19974.6 293.029 -74.9478 0.871623
36000 -16173.2 -19980 294.787 -273.571 0.870043
36100 -16124.9 -19960.7 297.03 71.8122 0.870463
36200 -16090.7 -19958.7 299.518 88.101 0.870764
36300 -16095 -19947.5 298.323 -17.8441 0.870131
36400 -16136.8 -19985.7 298.044 -18.3837 0.869513
36500 -16223.3 -20024.4 294.348 -126.75 0.869359
36600 -16223.3 -20012.9 293.453 -61.8066 0.870313
36700 -16126.9 -19995.3 299.553 -50.3901 0.872204
36800 -16103.4 -19964 298.944 128.411 0.874416
36900 -16125.1 -19990.7 299.335 191.015 0.875705
37000 -16187.8 -20028.3 297.391 -20.3773 0.87531
37100 -16268.1 -20049.3 292.802 -27.9243 0.874844
37200 -16258.6 -20076.3 295.633 -75.4214 0.875059
37300 -16138 -20012.5 300.032 47.4226 0.875894
37400 -16093.6 -19967.7 299.996 84.957 0.8764
37500 -16109 -19962.3 298.382 -6.35902 0.876117
37600 -16161.9 -20016.8 298.506 19.8484 0.87569
37700 -16241.2 -20017.6 292.427 -38.7682 0.875069
37800 -16203.9 -20040.2 297.065 -101.249 0.874809
37900 -16130.9 -19989.4 298.785 27.8355 0.875277
38000 -16107.9 -19956.7 298.036 -136.873 0.875972
38100 -16101.2 -19959.5 298.77 110.743 0.877659
38200 -16116.5 -19985.3 299.583 -102.246 0.879135
38300 -16214.3 -20090.8 300.182 384.375 0.880987
38400 -16283.6 -20086.5 294.477 18.0284 0.880015
38500 -16247 -20088.7 297.488 3.03436 0.878127
38600 -16182.2 -19999.6 295.601 -69.1713 0.876159
38700 -16101 -19982.5 300.57 -57.3668 0.874764
38800 -16096 -19969.4 299.941 -133.894 0.87403
38900 -16135.4 -20024.5 301.159 87.2371 0.874332
39000 -16200.8 -20014.4 295.306 -44.7626 0.874154
39100 -16198.9 -20031.3 296.764 -108.515 0.874301
39200 -16165.9 -19989.1 296.054 -139.429 0.87575
39300 -16135.3 -20027.2 301.371 -174.831 0.878641
39400 -16160.2 -20017.3 298.683 296.165 0.88294
39500 -16190.1 -20040.3 298.138 19.107 0.885378
39600 -16210.4 -20038.9 296.467 8.6589 0.887124
39700 -16218.9 -20099.4 300.49 495.914 0.888375
39800 -16295.4 -20111.3 295.493 329.029 0.885262
39900 -16340.8 -20151.8 295.111 -96.4167 0.879055
40000 -16311.8 -20112.2 294.288 -248.134 0.874106
40100 -16193.7 -20022.8 296.505 -259.844 0.872383
40200 -16142.7 -20021.7 300.381 -163.638 0.873273
40300 -16166.6 -20011.3 297.722 -138.313 0.875731
40400 -16193.8 -20006 295.198 55.3874 0.879108
40500 -16153.5 -20061.5 302.627 427.795 0.881043
40600 -16150.6 -20002.2 298.254 68.815 0.87941
40700 -16189.6 -20030.2 297.399 -14.1713 0.876984
40800 -16253.4 -20086.3 296.807 -5.85796 0.874787
40900 -16302.2 -20074.7 292.123 -288.014 0.873301
41000 -16223.7 -20045.6 295.957 -81.0039 0.874365
41100 -16124.4 -19957.1 296.792 48.7505 0.876342
41200 -16088.8 -19995.8 302.545 186.178 0.877767
41300 -16165.8 -20071.3 302.426 9.50365 0.877569
41400 -16241.4 -20051.9 295.068 -26.3172 0.877073
41500 -16232.4 -20078.4 297.813 154.744 0.876601
41600 -16183 -20027.5 297.7 -63.5201 0.874993
41700 -16099.7 -19966 299.388 43.238 0.873615
41800 -16068.3 -19937 299.58 -92.7919 0.872156
41900 -16072.4 -19913.5 297.437 36.9965 0.871195
42000 -16153.9 -20028.6 300.047 -90.239 0.870297
42100 -16248.2 -20043.1 293.862 -203.969 0.870368
42200 -16235.9 -20071.3 297.004 106.914 0.872015
42300 -16185.9 -20052.4 299.412 204.303 0.872747
42400 -16125.2 -19982.8 298.712 -195.779 0.871982
42500 -16055.7 -19960.7 302.393 11.2037 0.872337
42600 -16063.8 -19954 301.238 -80.1488 0.873156
42700 -16198 -20061.6 299.18 97.4016 0.874508
42800 -16263.7 -20089 296.219 -91.9005 0.875524
42900 -16276.4 -20119.1 297.564 188.063 0.876921
43000 -16272.6 -20121.4 298.037 157.671 0.876905
43100 -16250.4 -20089.4 297.276 -119.804 0.875408
43200 -16170.5 -20020.9 298.158 -102.083 0.874664
43300 -16116.3 -20025.9 302.751 48.2448 0.87493
43400 -16166.5 -20014.2 297.954 -144.815 0.875201
43500 -16228.9 -20080.5 298.256 282.837 0.876381
43600 -16296.7 -20128.3 296.699 110.025 0.875206
43700 -16386.1 -20124.6 289.499 -131.421 0.872696
43800 -16463.1 -20197.8 289.199 -7.57546 0.870949
43900 -16372.8 -20170.7 294.094 -186.974 0.869338
44000 -16273.4 -20075.9 294.447 -43.5957 0.868984
44100 -16174 -19982.7 294.929 -237.832 0.869639
44200 -16106.7 -19989.8 300.693 37.0236 0.872561
44300 -16118.3 -19986.8 299.561 42.4223 0.876105
44400 -16194.9 -20042.3 297.926 213.319 0.879303
44500 -16267.3 -20085.5 295.665 85.5795 0.880792
44600 -16256 -20057.1 294.345 163.607 0.88108
44700 -16224.2 -20076.8 298.334 112.96 0.880024
44800 -16211.1 -20048 297.112 -96.6051 0.877818
44900 -16174.6 -20026.1 298.248 -176.984 0.876285
45000 -16096.7 -20019.1 303.736 -23.4663 0.876175
45100 -16078.5 -20005.5 304.091 -56.2915 0.876718
45200 -16204.8 -20045.5 297.408 50.7842 0.877779
45300 -16253.8 -20113.3 298.864 122.196 0.878366
45400 -16292.2 -20120.8 296.473 85.7785 0.877837
45500 -16330.2 -20157.1 296.337 -23.9147 0.876576
45600 -16338 -20135.3 294.046 26.3893 0.875168
45700 -16235.7 -20054.8 295.735 -39.2652 0.873502
45800 -16145 -20007.7 299.11 -95.614 0.872175
45900 -16118.6 -19966.3 297.948 -34.4123 0.871811
46000 -16132.1 -19995.1 299.13 2.50779 0.871707
46100 -16205.1 -20031.1 296.273 -383.596 0.872313
46200 -16284.1 -20069.2 293.104 430.444 0.875338
46300 -16267.4 -20067.4 294.259 62.3402 0.875636
46400 -16146.1 -20054.7 302.666 -59.2502 0.874729
46500 -16152.4 -20001.7 298.076 -165.142 0.874661
46600 -16180.5 -20031.6 298.213 203.404 0.875742
46700 -16249.1 -20070.8 295.937 52.1733 0.875343
46800 -16315.2 -20128.8 295.312 -110.206 0.874402
46900 -16313.2 -20121.4 294.89 -32.5134 0.874203
47000 -16197.7 -20016.6 295.719 -130.598 0.874732
47100 -16106.2 -19963.5 298.692 -37.9176 0.876501
47200 -16085.3 -19979.6 301.562 13.0629 0.878833
47300 -16154.3 -20016.6 299.081 241.177 0.880971
47400 -16227.8 -20039.4 295.159 -32.9408 0.881452
47500 -16215.4 -20038 296.007 166.694 0.881575
47600 -16177.2 -20045.6 299.556 195.108 0.880235
47700 -16180.6 -20038.7 298.762 8.98126 0.876892
47800 -16184.5 -20011.5 296.354 16.6633 0.873004
47900 -16151.3 -19989.4 297.209 -272.176 0.868873
48000 -16086.3 -19934.3 297.98 -296.17 0.867038
48100 -16006.3 -19879.3 299.907 11.2922 0.868011
48200 -15969.8 -19875.2 302.419 60.0386 0.869076
48300 -16086.3 -19919.8 296.853 -334.798 0.870235
48400 -16166.4 -19983.9 295.609 39.1633 0.874131
48500 -16170.8 -20025.8 298.515 414.088 0.877759
48600 -16167.5 -20028.9 299.014 51.3598 0.877898
48700 -16208.1 -20092.9 300.821 205.535 0.876742
48800 -16302.4 -20088.3 293.167 -167.956 0.874342
48900 -16274.3 -20094 295.784 -168.064 0.873082
49000 -16202.8 -20033.5 296.64 -233.884 0.873702
49100 -16164.2 -20046.1 300.599 -96.5915 0.876591
49200 -16196.9 -20060.2 299.158 271.442 0.879889
49300 -16243.3 -20086.3 297.584 30.2517 0.881016
49400 -16260.5 -20088.9 296.455 254.73 0.881359
49500 -16237.1 -20060.8 296.097 65.1798 0.879853
49600 -16213 -20055.9 297.582 -284.352 0.878025
49700 -16200.9 -20059.2 298.775 33.7221 0.87836
49800 -16207.9 -20072.2 299.241 204.912 0.878407
49900 -16263.6 -20064.3 294.312 -19.636 0.876746
50000 -16282.5 -20090.4 294.869 9.59275 0.874903
50100 -16189.9 -20072.5 300.649 -351.94 0.87352
50200 -16133.7 -19997.3 299.183 -44.4851 0.874941
50300 -16120.3 -19975.4 298.523 181.121 0.876843
50400 -16135.3 -19973.9 297.248 12.7576 0.877583
50500 -16176.7 -19985.9 294.969 -104.449 0.878157
50600 -16175.9 -20065 301.153 0.232729 0.879492
50700 -16230.7 -20084.5 298.421 176.768 0.880578
50800 -16307.9 -20121.1 295.282 66.0227 0.880198
50900 -16290.2 -20101.4 295.122 26.9252 0.879033
51000 -16215 -20061.3 297.841 -112.476 0.877771
51100 -16184.3 -20037.5 298.383 283.441 0.876968
51200 -16190.1 -20024.3 296.907 -159.638 0.87446
51300 -16160 -20010.3 298.153 -197.304 0.872953
51400 -16091 -19968.3 300.25 -232.485 0.87342
51500 -16029.6 -19935.2 302.434 36.8802 0.87612
51600 -15995.2 -19950.8 306.304 487.77 0.878282
51700 -16109.1 -19972 299.129 -56.7654 0.876366
51800 -16175.2 -20012.8 297.166 -345.421 0.874861
51900 -16201.5 -20060.9 298.858 33.3639 0.87617
52000 -16258.3 -20077.9 295.776 -35.8787 0.877626
52100 -16287.7 -20045 290.949 -170.85 0.879703
52200 -16181 -20076 301.617 175.221 0.882818
52300 -16183 -20077.5 301.572 328.903 0.884243
52400 -16250.8 -20083.8 296.815 288.028 0.882467
52500 -16269.6 -20091.3 295.939 179.828 0.877974
52600 -16214.1 -20046.6 296.78 -5.26831 0.872389
52700 -16086.6 -19954.6 299.529 -100.087 0.867648
52800 -16054 -19923 299.602 -261.912 0.865156
52900 -16086.5 -19954.5 299.525 -7.77757 0.865176
53000 -16163.7 -19990.7 296.347 14.3365 0.865523
53100 -16201.3 -20040.8 297.321 -152.504 0.865818
53200 -16232.6 -20057 296.149 25.9765 0.866989
53300 -16297.7 -20083.5 293.153 20.3617 0.868012
53400 -16286.8 -20110.6 296.099 31.6546 0.868641
53500 -16212.4 -20074 299.028 -221.079 0.869337
53600 -16168.4 -20077.3 302.693 160.582 0.871411
53700 -16229.8 -20052.1 295.983 216.578 0.872141
53800 -16259.4 -20089.9 296.621 -86.5036 0.870976
53900 -16204.9 -20031.2 296.294 -133.17 0.870498
54000 -16081 -19995.8 303.15 99.7834 0.871164
54100 -16096.1 -19951.5 298.546 72.8767 0.871001
54200 -16158.6 -20019.9 299.011 117.827 0.869923
54300 -16236.2 -20045.4 294.967 -198.645 0.868153
54400 -16231.1 -20038.3 294.815 -248.74 0.868097
54500 -16171 -20056.5 300.882 -125.091 0.870502
54600 -16181.4 -20045.2 299.195 56.7087 0.8741
54700 -16205.9 -20042 297.047 130.656 0.877254
54800 -16207.7 -20045.2 297.158 174.894 0.879036
54900 -16156.1 -20036.6 300.498 310.769 0.878734
55000 -16086.4 -20016.6 304.335 -67.0544 0.876035
55100 -16143.5 -19991.2 297.95 -89.8432 0.873732
55200 -16228.4 -20058.7 296.602 -150.42 0.872451
55300 -16247.2 -20068.8 295.932 -42.6488 0.87249
55400 -16225.6 -20039.9 295.364 121.866 0.872996
55500 -16183.9 -20026.5 297.56 41.8403 0.872735
55600 -16164.3 -20030.4 299.376 262.771 0.871365
55700 -16177 -20000.4 296.072 -158.703 0.868407
55800 -16120.2 -19977.8 298.718 -81.6529 0.866689
55900 -16010.1 -19917.6 302.581 -43.082 0.866081
56000 -16027.7 -19909.7 300.608 -124.894 0.866004
56100 -16080.9 -19924.3 297.617 -134.594 0.867223
56200 -16115.8 -19997.5 300.583 32.3308 0.869321
56300 -16152.2 -20006.9 298.494 -83.4565 0.871056
56400 -16179.1 -20058.9 300.436 163.914 0.87289
56500 -16231.7 -20051.9 295.824 59.4919 0.873518
56600 -16249 -20102.3 298.388 351.605 0.872883
56700 -16266.5 -20087.4 295.872 39.3296 0.869833
56800 -16263.7 -20097.5 296.874 -2.68638 0.866649
56900 -16217.5 -20043.5 296.274 -206.015 0.864495
57000 -16132.6 -20008.4 300.128 80.783 0.864151
57100 -16106.5 -19969.9 299.167 -54.0043 0.863577
57200 -16125.4 -19968 297.556 -50.8671 0.863376
57300 -16181.9 -20006.9 296.196 -271.468 0.864046
57400 -16247.1 -20067 295.799 -156.17 0.866899
57500 -16253.8 -20066.5 295.24 58.3015 0.870837
57600 -16171.2 -20022.8 298.258 198.856 0.873692
57700 -16104.4 -20003.4 301.923 243.621 0.874326
57800 -16145.3 -20009.4 299.221 -26.6692 0.873071
57900 -16214.3 -20114.7 302.03 17.7126 0.871773
58000 -16269.1 -20100.7 296.71 201.204 0.870015
58100 -16257.3 -20070 295.242 -176.792 0.867306
58200 -16192.6 -20046.3 298.419 18.2792 0.865882
58300 -16141.6 -20031.4 301.208 31.3058 0.864412
58400 -16179.3 -20024.8 297.778 -347.65 0.863259
58500 -16299.6 -20088.3 293.381 95.2407 0.864676
58600 -16291.3 -20123.9 296.782 160.92 0.8654
58700 -16236.6 -20070 296.845 -207.013 0.865066
58800 -16149.9 -20018.4 299.564 -28.4607 0.866231
58900 -16121.3 -19988.2 299.435 -126.502 0.86804
59000 -16133.8 -20005.1 299.779 222.585 0.870493
59100 -16163.7 -19982.3 295.702 198.879 0.87137
59200 -16152.4 -20009.2 298.651 67.4535 0.870219
59300 -16077 -19950.3 299.929 -146.253 0.868355
59400 -16002.3 -19917.4 303.17 57.1271 0.867556
59500 -16055 -19912.1 298.682 39.9591 0.866487
59600 -16115.3 -19924.4 294.962 24.4099 0.864815
59700 -16098.8 -19943.6 297.73 -91.0396 0.863092
59800 -16087.6 -19917.6 296.586 -192.081 0.86231
59900 -16080.2 -19948.9 299.571 -51.5531 0.863273
60000 -16110.6 -19953.1 297.542 10.1275 0.865185
60100 -16207.6 -20006.1 294.144 -63.9486 0.867164
60200 -16264.3 -20039.5 292.337 -66.8338 0.869673
60300 -16193.9 -20053.7 298.883 221.024 0.87266
60400 -16164.6 -20044.4 300.437 91.2975 0.873752
60500 -16182.1 -20005.4 296.067 -55.4153 0.873939
60600 -16160.1 -20023.9 299.201 71.6856 0.874514
60700 -16158 -20012.6 298.483 166.039 0.874348
60800 -16198.5 -19986.1 293.298 -75.7185 0.872883
60900 -16169.5 -20070.4 302.071 -86.8941 0.871981
61000 -16197.5 -20042.2 297.713 170.71 0.871568
61100 -16259.8 -20068.9 294.967 58.6229 0.869266
61200 -16262.7 -20100.9 297.215 -193.4 0.866064
61300 -16201 -20034.9 296.887 -3.13716 0.864022
61400 -16105.6 -19987 300.556 -3.91886 0.86193
61500 -16087.3 -19967.7 300.486 -110.347 0.859458
61600 -16144 -19983.7 297.326 -333.207 0.857852
61700 -16243.4 -20045.9 294.447 -179.889 0.85935
61800 -16265.2 -20051.1 293.169 70.174 0.863064
61900 -16226.2 -20087.8 299.029 15.826 0.866855
62000 -16229.3 -20069 297.33 187.601 0.870481
62100 -16227.4 -20079.6 298.306 98.1885 0.872881
62200 -16226.4 -20029.2 294.474 -3.27316 0.874373
62300 -16135.4 -20026.6 301.317 260.124 0.87534
62400 -16119.6 -20017.9 301.867 -131.994 0.874558
62500 -16179.1 -20008.7 296.546 -112.42 0.874652
62600 -16204.2 -20055 298.19 131.834 0.875781
62700 -16218.4 -20064.9 297.852 331.918 0.875243
62800 -16234.6 -20042.3 294.86 -107.447 0.87205
62900 -16206.1 -20046.9 297.415 -55.5731 0.86926
63000 -16152.8 -20031.8 300.377 -206.599 0.86756
63100 -16158.4 -20029.9 299.794 -18.4227 0.86717
63200 -16214 -20034.5 295.848 -47.8055 0.867172
63300 -16273 -20090.5 295.607 -120.092 0.867875
63400 -16317.7 -20126.5 294.94 -197.249 0.869945
63500 -16309.6 -20106.9 294.044 -6.40006 0.873964
63600 -16204.4 -20078.1 299.962 388.108 0.877954
63700 -16181 -20074.6 301.505 149.05 0.878682
63800 -16246.9 -20081.3 296.917 -97.4805 0.877869
63900 -16299.4 -20145.7 297.846 135.013 0.877672
64000 -16347.3 -20153.9 294.77 180.223 0.876179
64100 -16417.2 -20169.4 290.554 -218.932 0.873444
64200 -16384 -20181.2 294.04 -18.5822 0.872119
64300 -16271.7 -20125 298.387 57.7867 0.871213
64400 -16224 -20059.8 297.032 -6.77017 0.869431
64500 -16172.1 -20003.9 296.719 -124.877 0.867634
64600 -16095.4 -19975.8 300.482 -61.898 0.867056
64700 -16072.1 -19948.7 300.191 -53.785 0.867131
64800 -16165.1 -20016.5 298.237 158.62 0.867533
64900 -16282.9 -20134.1 298.223 -100.944 0.866845
65000 -16314.6 -20123.3 294.936 -83.0786 0.866664
65100 -16261.3 -20060.6 294.201 -50.8988 0.867303
65200 -16160.2 -19997.1 297.119 -174.985 0.86893
65300 -16126.6 -20011.6 300.847 37.2421 0.872888
65400 -16167.2 -20035 299.504 202.971 0.877193
65500 -16256.1 -20108 298.276 154.079 0.879951
65600 -16316.8 -20108.1 293.581 245.058 0.881449
65700 -16297.2 -20144.9 297.949 313.813 0.880452
65800 -16275.9 -20101.9 296.276 -48.8885 0.876548
65900 -16206.1 -20067 298.976 -97.3655 0.87262
66000 -16124.4 -20002.8 300.329 20.6959 0.869308
66100 -16100.6 -19944.3 297.641 -391.233 0.866581
66200 -16098.5 -19975 300.178 -149.074 0.867165
66300 -16127.9 -20012.8 300.832 -116.697 0.869593
66400 -16203 -20063.2 298.922 -129.4 0.873153
66500 -16257 -20071.2 295.359 115.234 0.877663
66600 -16246.8 -20083.8 297.124 301.458 0.880833
66700 -16179.1 -20044 299.288 292.852 0.880789
66800 -16070.8 -19998.1 304.115 71.937 0.878146
66900 -16098.4 -20003.9 302.433 -122.294 0.875036
67000 -16151.9 -19970.8 295.726 -259.953 0.873537
67100 -16148.7 -20017.7 299.605 45.0451 0.874297
67200 -16183.7 -20052.2 299.564 238.581 0.874542
67300 -16293 -20091 294.103 -140.953 0.872943
67400 -16299 -20084.4 293.123 -24.6922 0.872288
67500 -16239.3 -20075.5 297.06 -164.925 0.872588
67600 -16202.9 -20095.1 301.392 -15.9526 0.874213
67700 -16243.8 -20122.1 300.323 283.307 0.875345
67800 -16287.6 -20089.6 294.415 24.3655 0.8741
67900 -16254.5 -20057.3 294.474 -69.9854 0.872726
68000 -16196.5 -20032.7 297.059 12.2488 0.871977
68100 -16160.7 -20007.9 297.916 106.668 0.871293
68200 -16147.2 -20012.6 299.314 24.5151 0.869804
68300 -16157.5 -20000.2 297.56 -239.658 0.868411
68400 -16189.4 -20007.4 295.651 -110.346 0.868901
68500 -16202.1 -20033.1 296.658 155.314 0.870202
68600 -16182.4 -20023.1 297.404 -309.406 0.87097
68700 -16136.7 -20047.6 302.844 164.48 0.87352
68800 -16194.4 -20054.7 298.929 3.72368 0.875346
68900 -16273 -20089.7 295.555 29.1618 0.876565
69000 -16267.6 -20110.6 297.588 232.937 0.877309
69100 -16248.3 -20091.9 297.632 7.1923 0.876126
69200 -16183.5 -20030.7 297.917 -116.351 0.874782
69300 -16054.6 -19945.2 301.272 -162.757 0.874784
69400 -16063.6 -19984.7 303.638 38.4566 0.876192
69500 -16166.8 -20024.6 298.732 149.181 0.877014
69600 -16206.1 -20052.5 297.854 -50.9161 0.876603
69700 -16212.8 -20037 296.132 41.0369 0.876448
69800 -16168.6 -20012.8 297.682 -141.945 0.876501
69900 -16071.4 -19967.9 301.728 -86.7899 0.877627
70000 -16051.5 -19932.3 300.518 263.272 0.87896
70100 -16127.5 -19983.2 298.571 -30.3316 0.878437
70200 -16235.6 -20098.1 299.095 -137.784 0.877885
70300 -16268.1 -20084.7 295.541 -100.773 0.878663
70400 -16238.7 -20080.7 297.509 132.404 0.880089
70500 -16168.7 -20029.5 298.964 49.4877 0.880339
70600 -16119.4 -20019.4 302.007 158.16 0.879898
70700 -16193 -20037.3 297.694 -30.7448 0.878542
70800 -16306.9 -20139 296.743 -127.296 0.877587
70900 -16319.1 -20133.2 295.348 22.7758 0.877675
71000 -16254.5 -20088.4 296.885 178.536 0.877485
71100 -16182.1 -20041.2 298.836 36.4358 0.875785
71200 -16162.5 -20015.5 298.359 -334.297 0.874268
71300 -16156.3 -20004.7 298 29.342 0.875305
71400 -16166.9 -20036.4 299.641 171.079 0.876224
71500 -16202 -20033 296.653 97.5246 0.875621
71600 -16198.7 -19982.9 293.034 -256.79 0.874553
71700 -16135.3 -19968.8 296.852 136.489 0.875228
71800 -16078.6 -19963.3 300.814 58.1608 0.874923
71900 -16104.9 -19992.4 301.03 -98.0037 0.873919
72000 -16192.8 -20010.6 295.635 -111.128 0.874056
72100 -16209.8 -20063.9 298.449 163.17 0.874795
72200 -16223.6 -20029.6 294.724 91.1251 0.874435
72300 -16135.5 -19977.2 297.483 88.7312 0.873174
72400 -16085.5 -20018 304.521 -99.9136 0.871362
72500 -16159.2 -19991.8 296.789 -182.585 0.870576
72600 -16201.7 -20023.3 295.932 -40.2934 0.871334
72700 -16183.7 -19984.2 294.303 55.7917 0.872449
72800 -16080.4 -19965.1 300.815 29.5681 0.873234
72900 -16073.2 -20001.4 304.185 -53.2377 0.87367
73000 -16146.6 -19992.7 297.831 -145.036 0.874561
73100 -16176.6 -19989.9 295.292 40.7552 0.876642
73200 -16138.3 -20009.5 299.766 12.9141 0.878722
73300 -16144.9 -20024.8 300.447 321.354 0.880162
73400 -16266.3 -20043.3 292.478 -171.664 0.879486
73500 -16277.3 -20100.3 296.039 -48.136 0.879755
73600 -16249.2 -20101.1 298.274 280.156 0.880225
73700 -16229.6 -20067.3 297.182 -234.395 0.878924
73800 -16142 -20014 299.83 -78.0112 0.879079
73900 -16059.8 -19949.7 301.217 28.9421 0.88014
74000 -16077.7 -19963.8 300.919 27.0041 0.881133
74100 -16144.8 -20010.5 299.345 50.6986 0.881974
74200 -16185.6 -20050.1 299.252 274.758 0.882002
74300 -16223 -20055.4 296.762 -26.0401 0.879849
74400 -16220 -20047.7 296.397 -267.723 0.877759
74500 -16145.2 -20018.4 299.926 135.032 0.877276
74600 -16063.2 -19964.1 302.069 -145.745 0.876205
74700 -16052 -19907.6 298.559 -22.8979 0.875788
74800 -16086.4 -19937.3 298.194 -114.314 0.875842
74900 -16141.9 -19957.7 295.48 143.795 0.876876
75000 -16153.3 -19978.2 296.189 -263.768 0.877293
75100 -16122.3 -19994.7 299.864 -7.8288 0.879678
75200 -16122 -20013 301.302 275.491 0.882967
75300 -16216.7 -20081.3 299.262 61.9132 0.884146
75400 -16300.3 -20165.1 299.278 142.125 0.884236
75500 -16343.1 -20125 292.856 62.5937 0.88337
75600 -16277.3 -20093.6 295.519 -4.2476 0.881688
75700 -16209.1 -20074.9 299.353 -114.298 0.879778
75800 -16193.2 -20040.1 297.892 -101.925 0.878638
75900 -16169.8 -20012.7 297.577 -46.3134 0.878498
76000 -16119.2 -20017.8 301.896 -71.6614 0.879079
76100 -16091.2 -20003.4 302.942 134.798 0.880125
76200 -16183.8 -20030.3 297.855 -63.1372 0.880289
76300 -16236.8 -20059.8 296.036 -228.777 0.881029
76400 -16225 -20080 298.519 -14.2705 0.884155
76500 -16204.6 -20054.7 298.138 302.575 0.887428
76600 -16185 -20073 301.07 155.405 0.888418
76700 -16220.4 -20084.8 299.241 277.558 0.887462
76800 -16283.8 -20077.4 293.756 -173.136 0.88418
76900 -16238.5 -20062.9 296.149 4.45412 0.881827
77000 -16151.3 -19998.2 297.892 -40.3611 0.879707
77100 -16116.9 -19958.5 297.48 -220.362 0.878141
77200 -16109.7 -19988 300.32 173.834 0.878141
77300 -16152.2 -20004.9 298.34 125.627 0.876888
77400 -16274.6 -20118.9 297.68 -120.037 0.874485
77500 -16310.3 -20073.8 291.429 -144.546 0.872813
77600 -16223.9 -20083.2 298.852 -80.0377 0.872471
77700 -16186.9 -20046.6 298.88 47.7198 0.872989
77800 -16185.8 -20030.9 297.745 199.096 0.873087
77900 -16154.8 -20059.7 302.374 -59.3978 0.871346
78000 -16179.5 -20031.8 298.31 -334.328 0.869939
78100 -16260.6 -20062.1 294.374 46.3714 0.871288
78200 -16271.3 -20117.8 297.859 90.8127 0.87324
78300 -16223.1 -20072.8 298.105 221.12 0.874041
78400 -16106.3 -19956 298.107 9.21291 0.872762
78500 -16040.3 -19912.5 299.849 -252.976 0.871345
78600 -16058.2 -19957.7 301.964 -119.816 0.87207
78700 -16144.8 -19984.2 297.304 -90.4899 0.874627
78800 -16182.4 -20028.2 297.803 188.643 0.878513
78900 -16170.8 -19978.1 294.823 93.2296 0.88157
79000 -16117.6 -20000.9 300.709 201.97 0.88377
79100 -16132.8 -20010 300.241 119.57 0.884441
79200 -16229.3 -20070.9 297.484 128.982 0.883848
79300 -16286 -20101.7 295.468 194.628 0.881424
79400 -16258.8 -20107.2 298.003 -89.8017 0.876913
79500 -16227.8 -20075.5 297.952 -197.001 0.87268
79600 -16186 -19993.9 294.871 -339.888 0.870737
79700 -16078.6 -19943.2 299.26 -80.0685 0.871545
79800 -16055.8 -19913.3 298.711 -115.482 0.873429
79900 -16079.4 -19950 299.724 -18.8894 0.876582
80000 -16168.9 -20001.9 296.809 161.353 0.879884
80100 -16240.8 -20094.6 298.43 177.15 0.881988
80200 -16260.5 -20080.6 295.81 273.912 0.881956
80300 -16244.2 -20104 298.888 -228.744 0.879845
80400 -16234.8 -20080 297.756 -90.551 0.879241
80500 -16189.7 -20057.1 299.48 39.2912 0.879669
80600 -16135.1 -20056.7 303.678 -6.72776 0.880106
80700 -16194.8 -20032.5 297.18 17.2309 0.880341
80800 -16239.2 -20029.2 293.483 -14.6616 0.880355
80900 -16173.7 -20050.7 300.225 128.207 0.880539
81000 -16071.9 -19984.3 302.961 82.1439 0.879663
81100 -16074.4 -19974.8 302.03 -39.258 0.877849
81200 -16169.1 -20024.4 298.539 -68.8122 0.876184
81300 -16199.6 -20053.3 298.416 16.1326 0.875019
81400 -16220.5 -20031.5 295.103 -127.454 0.873952
81500 -16177.3 -19980.4 294.496 -90.065 0.873976
81600 -16092 -19991 301.925 152.588 0.874926
81700 -16118.4 -19985.9 299.488 -131.399 0.875129
81800 -16170.7 -19986.4 295.471 -24.3095 0.875893
81900 -16177 -20024.1 297.908 -67.0865 0.877349
82000 -16156.2 -20067.7 302.894 339.98 0.879149
82100 -16217.3 -20050.6 296.838 23.0728 0.878152
82200 -16267.2 -20073.6 294.754 -283.813 0.876784
82300 -16229.8 -20052.1 295.985 114.47 0.877606
82400 -16135.8 -20028.9 301.464 16.7225 0.878033
82500 -16133.1 -20012.2 300.386 178.319 0.877916
82600 -16171.4 -20011.3 297.341 -138.324 0.876471
82700 -16168.8 -19976.4 294.844 96.3855 0.875309
82800 -16138.6 -20011.6 299.906 -95.4244 0.87371
82900 -16156.2 -20024.2 299.528 59.633 0.872298
83000 -16204.1 -20050.2 297.822 -117.423 0.870655
83100 -16224.1 -20027.5 294.516 3.66649 0.869691
83200 -16123.2 -19976.8 298.41 145.337 0.868631
83300 -16031.6 -19916.2 300.805 71.4852 0.866036
83400 -16058.3 -19912.6 298.461 -259.181 0.862723
83500 -16098.9 -19923.3 296.146 -178.605 0.861201
83600 -16098.1 -19922.3 296.126 -253.102 0.861779
83700 -16036.2 -19957.1 303.619 -44.8182 0.864881
83800 -16032.9 -19879.5 297.865 179.053 0.868351
83900 -16089.7 -19936.7 297.895 -69.2214 0.870924
84000 -16181.6 -20002.5 295.877 46.4321 0.873753
84100 -16212.6 -20027.4 295.403 -117.426 0.876598
84200 -16171.1 -20038.2 299.456 155.345 0.880023
84300 -16059.9 -19977.2 303.341 220.743 0.882031
84400 -16019.2 -19949.3 304.336 162.028 0.88186
84500 -16098.8 -19972.7 299.979 39.8252 0.880166
84600 -16144.1 -19975 296.649 87.1956 0.877723
84700 -16148.3 -20009.3 298.987 -183.72 0.874966
84800 -16172.2 -19991.2 295.73 83.5197 0.87361
84900 -16173.5 -19995.7 295.976 108.53 0.871601
85000 -16097.2 -19963.8 299.416 41.9213 0.86851
85100 -16052.5 -19950.7 301.856 -296.072 0.865605
85200 -16090.7 -19922 296.681 -72.3471 0.865136
85300 -16166.6 -19975.7 294.969 -132.845 0.865754
85400 -16226.2 -19981.7 290.806 -63.2376 0.867464
85500 -16141.5 -20005.2 299.189 -40.1603 0.869896
85600 -16106.6 -20004.3 301.822 71.2502 0.872577
85700 -16148.5 -20002.2 298.422 34.4918 0.874697
85800 -16195.6 -20047.1 298.241 318.861 0.875794
85900 -16266.7 -20084.5 295.635 -90.2524 0.874692
86000 -16315 -20095.5 292.753 -125.174 0.874154
86100 -16207.2 -20066.9 298.884 149.93 0.874444
86200 -16134.1 -20013.1 300.373 -56.5854 0.873715
86300 -16156.5 -20017.6 298.992 -142.991 0.873608
86400 -16219.6 -20060.1 297.393 -33.6778 0.874769
86500 -16270.1 -20045.2 292.328 308.431 0.875794
86600 -16206.2 -20076.4 299.696 -95.6983 0.874749
86700 -16116.4 -19984.6 299.543 -159.629 0.873883
86800 -16080.2 -19936.5 298.62 119.254 0.874327
86900 -16090 -19969.5 300.415 -73.366 0.874442
87000 -16218.6 -20051.2 296.785 -137.497 0.875039
87100 -16264 -20077.2 295.278 3.47594 0.877134
87200 -16222 -20041.2 295.745 351.869 0.879082
87300 -16138.9 -19964.3 296.23 -62.4784 0.878547
87400 -16085.6 -19982.9 301.794 120.336 0.877672
87500 -16117.5 -19976.7 298.84 -126.106 0.875763
87600 -16154.1 -19978 296.106 -269.125 0.874591
87700 -16141 -19980.3 297.3 -82.0286 0.87592
87800 -16037.3 -19946.2 302.685 7.39876 0.878959
87900 -16007.3 -19979.9 307.62 503.684 0.882101
88000 -16122.6 -20019.9 301.793 204.394 0.88126
88100 -16202.4 -20067 299.262 42.6418 0.877618
88200 -16264.7 -20079.1 295.369 -244.567 0.872978
88300 -16257.9 -20060 294.42 -353.001 0.870493
88400 -16163.9 -20025.8 299.052 32.8838 0.871137
88500 -16118.3 -19987.9 299.647 -15.4772 0.871766
88600 -16130.8 -20003.4 299.88 -136.728 0.872783
88700 -16160.9 -19991.1 296.597 14.3192 0.8749
88800 -16196.3 -20044.6 297.999 21.7578 0.877254
88900 -16304.6 -20075 291.96 121.211 0.879391
89000 -16287.5 -20098.7 295.128 138.689 0.880433
89100 -16218.5 -20073.1 298.483 89.9962 0.880235
89200 -16184.4 -20073.2 301.139 -119.229 0.879279
89300 -16241.1 -20093 298.274 24.441 0.879139
89400 -16332.6 -20135.6 294.491 125.064 0.878842
89500 -16304 -20100.3 293.973 52.4061 0.877277
89600 -16234.8 -20093.8 298.83 74.3093 0.874923
89700 -16203.8 -20064.1 298.93 -23.354 0.871913
89800 -16197.4 -20037.3 297.347 -208.325 0.869078
89900 -16179.9 -20024.9 297.743 -214.004 0.868401
90000 -16132.8 -20019.5 300.976 15.9761 0.869726
90100 -16141.2 -20006.4 299.307 -92.9352 0.871217
90200 -16196.6 -19995.3 294.157 41.884 0.873465
90300 -16187.7 -20047.5 298.886 140.594 0.875483
90400 -16126.3 -19979.6 298.387 120.465 0.876009
90500 -16042.9 -19969.1 304.032 140.695 0.875217
90600 -16092.9 -19999.6 302.521 25.1454 0.873244
90700 -16175.2 -20046.9 299.806 -250.624 0.871029
90800 -16222.2 -20041.2 295.727 -300.656 0.871181
90900 -16207.5 -20045.3 297.183 205.975 0.873901
91000 -16148.4 -20061.1 302.984 215.996 0.875155
91100 -16171 -20026.9 298.579 120.987 0.874013
91200 -16272.2 -20075.5 294.516 -121.625 0.871922
91300 -16280.1 -20090.7 295.078 -41.9785 0.870642
91400 -16210 -20043.7 296.862 -0.90194 0.869696
91500 -16138.7 -19991.8 298.366 -310.12 0.869347
91600 -16132.9 -20035.6 302.209 -67.0517 0.871556
91700 -16192.8 -20040.2 297.93 304.349 0.87437
91800 -16252.8 -20095.6 297.573 -194.007 0.875751
91900 -16289.2 -20118.3 296.51 -8.53253 0.878291
92000 -16285.3 -20095.7 295.059 29.996 0.881614
92100 -16200.5 -20096.6 301.702 285.597 0.885272
92200 -16180.8 -20096.8 303.24 239.837 0.88697
92300 -16264.9 -20077.2 295.209 449.938 0.885531
92400 -16282.9 -20089.7 294.785 86.512 0.879501
92500 -16230 -20075.9 297.813 -360.871 0.871907
92600 -16130.2 -19987.2 298.671 -278.108 0.867241
92700 -16074.8 -19930.8 298.597 -65.2947 0.865516
92800 -16068.7 -19919 298.154 -197.389 0.864963
92900 -16075.8 -19960.8 300.842 -118.015 0.865999
93000 -16157.6 -19980 295.988 -174.153 0.868715
93100 -16205.3 -20062.9 298.717 -28.9184 0.872714
93200 -16244.1 -20058.7 295.39 46.3664 0.876507
93300 -16272.8 -20092.3 295.768 -67.6781 0.879643
93400 -16281.3 -20110.5 296.514 250.6 0.882509
93500 -16235.2 -20049.6 295.38 176.044 0.882946
93600 -16153.9 -20055.8 302.144 159.078 0.881754
93700 -16165.2 -20048.1 300.676 240.683 0.879128
93800 -16252.3 -20078.5 296.285 -166.899 0.875129
93900 -16283.4 -20098 295.386 -18.5421 0.872863
94000 -16262 -20120.2 298.757 -181.054 0.871753
94100 -16246.4 -20044.7 294.125 -102.351 0.872163
94200 -16158.4 -20018 298.867 223.8 0.873117
94300 -16127.8 -20014.9 301.002 14.4482 0.872482
94400 -16161.5 -20019 298.713 -3.97027 0.871615
94500 -16210.1 -20041.3 296.674 34.0509 0.870849
94600 -16217.4 -20045.5 296.433 -140.928 0.869855
94700 -16111.8 -20023.6 302.92 62.5845 0.869964
94800 -16063.4 -19960.1 301.742 -129.635 0.870091
94900 -16128.4 -19988.8 298.939 -209.621 0.871186
95000 -16183.8 -19986.4 294.454 -75.1732 0.874144
95100 -16175 -20056.5 300.572 160.798 0.877725
95200 -16215.2 -20087.6 299.862 85.8189 0.880022
95300 -16292.2 -20115.2 296.041 217.223 0.881153
95400 -16301.6 -20094.3 293.699 249.233 0.880028
95500 -16242.3 -20015.3 292.165 27.3127 0.876698
95600 -16172.9 -20025.2 298.31 -175.523 0.873325
95700 -16155.9 -20019.2 299.156 -94.1568 0.871469
95800 -16184.6 -20026.5 297.502 -11.2005 0.870816
95900 -16225.9 -20033.8 294.867 36.4623 0.870327
96000 -16219.7 -20060.1 297.382 -40.1907 0.869616
96100 -16154.7 -19995.8 297.438 -83.5895 0.869368
96200 -16063.5 -19921.7 298.759 -27.971 0.870026
96300 -16039.4 -19941.5 302.165 106.55 0.870554
96400 -16093.1 -19950.6 298.712 -179.838 0.870495
96500 -16151.3 -20005.6 298.461 13.0737 0.871878
96600 -16173 -19996 296.043 -213.044 0.873652
96700 -16156.6 -20022.7 299.375 29.477 0.877199
96800 -16157 -20011.6 298.485 325.342 0.880217
96900 -16187.5 -20017.6 296.59 21.3211 0.880499
97000 -16240.9 -20074 296.821 121.874 0.880079
97100 -16308.1 -20120.5 295.213 -126.303 0.878904
97200 -16320.4 -20115.3 293.866 -22.2458 0.878508
97300 -16209.1 -20062.6 298.404 -46.1992 0.878599
97400 -16158.6 -20049.6 301.304 44.874 0.879016
97500 -16206.5 -20053.2 297.874 250.637 0.878834
97600 -16246.7 -20068.4 295.939 -56.3371 0.876818
97700 -16220.9 -20061.3 297.386 99.8423 0.874623
97800 -16104.5 -19986.2 300.584 -220.491 0.872247
97900 -16059.6 -19975.7 303.247 -48.2943 0.871528
98000 -16124.5 -19991 299.411 -210.785 0.871693
98100 -16178.3 -19990.9 295.228 -99.5271 0.873458
98200 -16169.5 -20032.6 299.146 -93.9847 0.876676
98300 -16175.8 -20028.9 298.369 73.4874 0.880349
98400 -16194.7 -20045.1 298.159 465.522 0.882707
98500 -16213.5 -20061.4 297.966 159.468 0.881305
98600 -16218.3 -20082.7 299.242 -119.74 0.878592
98700 -16240.8 -20109.9 299.609 -3.869 0.876878
98800 -16305.3 -20124.3 295.729 -9.81526 0.875386
98900 -16358.3 -20154.6 293.971 -93.3757 0.8743
99000 -16294 -20109.3 295.443 -45.074 0.874102
99100 -16187.2 -20078.4 301.321 -91.2292 0.874511
99200 -16197.5 -20047.7 298.139 154.01 0.875444
99300 -16244.1 -20101.3 298.684 -68.3354 0.87544
99400 -16312.1 -20103.5 293.594 -167.872 0.875833
99500 -16294.3 -20117.3 296.044 254.959 0.877286
99600 -16177.7 -20061.1 300.714 89.4135 0.87693
99700 -16141.7 -20032.6 301.297 -105.014 0.875523
99800 -16193.4 -20062.6 299.613 44.5611 0.87494
99900 -16253.9 -20109.8 298.589 -93.8804 0.874383
100000 -16284.8 -20142.9 298.762 -247.264 0.874727
100100 -16306 -20161 298.52 -14.6467 0.877053
100200 -16334.1 -20160 296.26 147.472 0.879388
100300 -16319.6 -20145.9 296.294 175.579 0.880297
100400 -16222.7 -20131.9 302.715 -3.90612 0.879708
100500 -16235.7 -20104.3 299.574 111.562 0.878907
100600 -16299 -20110.3 295.13 -43.5193 0.877441
100700 -16335.7 -20129.2 293.756 -216.515 0.876512
100800 -16303.1 -20118.1 295.422 -48.847 0.877315
100900 -16205.5 -20062 298.633 -22.6071 0.878587
101000 -16158.6 -20040.6 300.605 145.718 0.87999
101100 -16193.5 -20088.5 301.619 43.0002 0.880378
101200 -16307.2 -20126.5 295.755 85.6075 0.880066
101300 -16320 -20131.2 295.121 -16.6052 0.879179
101400 -16256.3 -20113.9 298.724 116.044 0.878024
101500 -16225.4 -20098 299.881 23.873 0.876012
101600 -16250.5 -20076.4 296.26 -57.7165 0.873777
101700 -16267.2 -20088 295.866 -91.3407 0.872209
101800 -16258.1 -20136.4 300.319 -38.0567 0.871562
101900 -16264.6 -20038.1 292.205 -333.289 0.871844
102000 -16173 -20001.4 296.459 -16.3446 0.874619
102100 -16124.5 -20050 303.978 437.014 0.877387
102200 -16205.5 -20050.1 297.708 106.325 0.876557
102300 -16241.9 -20071.6 296.561 -152.229 0.87446
102400 -16229.3 -20087.7 298.783 -187.472 0.874058
102500 -16214.3 -20085.7 299.788 25.7279 0.875154
102600 -16211.3 -20017.5 294.733 100.4 0.876008
102700 -16151 -20023.1 299.845 -181.938 0.8764
102800 -16118 -20045.1 304.101 230.498 0.877685
102900 -16222.1 -20086.9 299.278 173.344 0.87717
103000 -16252.5 -20061.9 294.99 -82.3966 0.875004
103100 -16197.9 -20017 295.734 -80.119 0.873659
103200 -16115.5 -19982.7 299.464 -72.2919 0.873305
103300 -16079.1 -19942.1 299.138 -41.5205 0.873553
103400 -16100.1 -19982.7 300.651 85.9322 0.874307
103500 -16212.2 -20049.5 297.149 -103.921 0.874632
103600 -16245.5 -20040.3 293.854 -116.321 0.875548
103700 -16201.6 -20062.8 298.996 347.709 0.877012
103800 -16184.6 -20064.7 300.46 138.473 0.875727
103900 -16216.6 -20024.3 294.857 -51.7096 0.873022
104000 -16215.3 -20035.4 295.811 94.1382 0.870589
104100 -16129.4 -20008.8 300.409 21.363 0.867657
104200 -16079.4 -19932.8 298.392 -236.951 0.865172
104300 -16029.4 -19895.8 299.4 -362.875 0.865017
104400 -15928.9 -19849.4 303.585 27.9063 0.867875
104500 -15912.6 -19833.1 303.589 181.832 0.870544
104600 -16035.7 -19872.2 297.089 35.841 0.871312
104700 -16068.7 -19917.9 298.068 -57.2719 0.871623
104800 -16081.7 -19941.6 298.9 14.1343 0.872206
104900 -16136.5 -20002.4 299.363 -21.4374 0.872598
105000 -16221.7 -20021 294.202 -96.0508 0.873481
105100 -16210.2 -20032.1 295.958 -132.994 0.875145
105200 -16162.6 -20013.8 298.228 -62.7549 0.877714
105300 -16149.2 -20044.6 301.646 260.831 0.880454
105400 -16178.7 -20022.9 297.679 354.985 0.880367
105500 -16198.5 -20044.1 297.787 -26.794 0.877307
105600 -16230.2 -20053 296.021 -155.233 0.874853
105700 -16242.4 -20055.5 295.268 29.0776 0.873936
105800 -16181 -20037.9 298.662 131.4 0.872873
105900 -16097.1 -19938.8 297.483 -20.6593 0.870928
106000 -16025.1 -19865.2 297.366 -164.474 0.869285
106100 -15980.1 -19840.1 298.909 -124.346 0.869231
106200 -15981.3 -19884.6 302.258 20.5367 0.870414
106300 -16047 -19958.5 302.896 126.492 0.871339
106400 -16107.2 -19954.5 297.925 28.4102 0.871024
106500 -16119.9 -19919.4 294.22 -104.245 0.870561
106600 -16052.5 -19932.2 300.432 -56.5358 0.871096
106700 -16017.3 -19904.4 301.003 55.6515 0.872002
106800 -16092.4 -19923.9 296.696 3.50821 0.872597
106900 -16173.9 -19981.6 294.851 79.0534 0.87306
107000 -16155.5 -19960 294.611 142.408 0.872664
107100 -16093.5 -19942.2 298.027 -151.351 0.871154
107200 -16062.2 -19900.8 297.245 87.4258 0.870421
107300 -16046 -19879.5 296.845 -39.5124 0.869312
107400 -16023.9 -19919.8 301.68 -127.508 0.868898
107500 -16109.8 -19925 295.436 -116.322 0.869455
107600 -16185.1 -19987.8 294.466 -67.1772 0.870955
107700 -16161.1 -20018.4 298.693 96.8401 0.873324
107800 -16116.5 -19974.6 298.753 142.649 0.874927
107900 -16036 -19952.3 303.269 136.965 0.875054
108000 -16023.8 -19906.4 300.655 -84.2605 0.874111
108100 -16124 -19991.7 299.503 -44.7842 0.874029
108200 -16210.2 -20058.8 298.016 27.3062 0.874214
108300 -16250.1 -20060.2 295.04 -72.9072 0.874253
108400 -16219.6 -20057.9 297.217 16.9019 0.874844
108500 -16127.3 -20031.2 302.307 29.8927 0.875209
108600 -16123.5 -19996.4 299.9 -168.841 0.875569
108700 -16197.1 -20030.2 296.82 132.658 0.877148
108800 -16338.6 -20091.7 290.62 106.294 0.878077
108900 -16295.1 -20118.6 296.075 80.3749 0.877946
109000 -16230.4 -20129.5 301.932 153.89 0.87678
109100 -16254.3 -20081 296.327 -157.367 0.874396
109200 -16290.5 -20141.4 298.201 -85.4426 0.872978
109300 -16359.7 -20127.8 291.786 -278.237 0.872689
109400 -16323.8 -20127.5 294.544 -90.0581 0.874824
109500 -16221 -20105.9 300.831 149.702 0.878216
109600 -16223.8 -20061.3 297.163 249.777 0.880024
109700 -16229.2 -20078.3 298.056 -1.77897 0.879702
109800 -16226.8 -20083.9 298.683 -87.3635 0.879208
109900 -16224.9 -20046.2 295.91 -46.3084 0.879503
110000 -16178.3 -20057.2 300.367 152.657 0.8802
110100 -16166.1 -20043.5 300.247 286.669 0.879229
110200 -16223.1 -20044 295.876 -17.1161 0.875782
110300 -16276.3 -20075.5 294.199 -294.181 0.872477
110400 -16226.8 -20074.6 297.962 -116.404 0.87156
110500 -16148.8 -20065.2 303.264 47.8172 0.872021
110600 -16188.7 -20048.5 298.894 -159.774 0.872573
110700 -16262.5 -20109.6 297.901 121.706 0.874044
110800 -16314.6 -20139.6 296.188 -27.5162 0.874856
110900 -16313 -20142.2 296.516 77.0415 0.875658
111000 -16277.8 -20081.2 294.517 -53.2831 0.876223
111100 -16181.7 -20048.3 299.417 21.0456 0.876958
111200 -16170.5 -20067.6 301.778 193.173 0.877501
111300 -16237.1 -20091.6 298.484 203.584 0.876215
111400 -16291.2 -20115.1 296.107 61.1888 0.872545
111500 -16282.4 -20055.7 292.193 -293.301 0.868233
111600 -16219.7 -20030.1 295.059 -282.696 0.866435
111700 -16181.7 -20025.9 297.68 -167.382 0.867477
111800 -16142.7 -20027.5 300.824 -126.115 0.870496
111900 -16158.7 -20013.2 298.478 163.101 0.87488
112000 -16240 -20044.2 294.584 294.681 0.878114
112100 -16294.9 -20127.1 296.751 158.738 0.878597
112200 -16342.5 -20155.1 295.229 -90.171 0.877376
112300 -16396.8 -20171.8 292.315 125.777 0.876385
112400 -16339.1 -20095.7 290.898 -240.22 0.874878
112500 -16211.8 -20024.1 295.212 -29.9132 0.875232
112600 -16153.4 -20049.6 301.707 89.4453 0.876213
112700 -16183.6 -20021.5 297.192 5.9784 0.876329
112800 -16211 -20027.4 295.526 -140.163 0.876393
112900 -16163.6 -20026 299.09 13.796 0.877822
113000 -16103.1 -20015.9 302.999 186.199 0.879482
113100 -16167.7 -20018.7 298.206 -25.3465 0.879924
113200 -16268.7 -20096.6 296.412 117.627 0.880412
113300 -16273.7 -20088 295.364 -50.4834 0.880175
113400 -16218.7 -20051.5 296.799 222.26 0.87956
113500 -16154.6 -20019.9 299.322 -41.7121 0.877088
113600 -16133 -19974.7 297.489 -68.9292 0.874305
113700 -16137.1 -20010.7 299.961 -71.3377 0.872136
113800 -16169.9 -20022.1 298.3 -87.8298 0.870511
113900 -16227.6 -20052.1 296.156 -253.341 0.869778
114000 -16331 -20118.5 293.292 -5.84101 0.871246
114100 -16382.8 -20170 293.262 44.7585 0.873254
114200 -16294.7 -20105.7 295.108 -4.11005 0.874829
114300 -16209.6 -20076.1 299.41 110.158 0.876389
114400 -16218 -20067.5 298.091 54.0627 0.877243
114500 -16236.9 -20061 296.128 8.6487 0.877619
114600 -16226.2 -20090.2 299.221 281.897 0.877445
114700 -16212.8 -20048.2 296.993 -140.64 0.875104
114800 -16165.1 -20031.5 299.396 -177.384 0.873704
114900 -16110.6 -20003.4 301.442 22.8916 0.873902
115000 -16117.1 -20025 302.613 191.234 0.873933
115100 -16235.5 -20060.9 296.227 111.752 0.871976
115200 -16271.4 -20121.6 298.148 -135.5 0.868831
115300 -16253.4 -20031.6 292.567 -351.047 0.866972
115400 -16147.3 -20008.4 298.994 10.0206 0.867892
115500 -16128.8 -20004.8 300.149 131.583 0.869338
115600 -16157.4 -19990.1 296.785 49.4568 0.869627
115700 -16183.5 -20035.3 298.274 -84.8587 0.869379
115800 -16268.2 -20064.6 293.978 173.832 0.869701
115900 -16303 -20104.3 294.355 -109.538 0.869126
116000 -16221 -20053.7 296.788 -162.424 0.869066
116100 -16130.7 -20011.7 300.526 -212.551 0.871036
116200 -16149.9 -20037.5 301.038 315.453 0.874646
116300 -16229.4 -20075.8 297.847 74.1345 0.876169
116400 -16263.3 -20087.1 296.101 -5.50863 0.876912
116500 -16250.8 -20071.1 295.834 36.2485 0.87758
116600 -16199.2 -20041.4 297.522 -250.542 0.878336
116700 -16163.5 -20021.8 298.772 0.405586 0.881129
116800 -16168.6 -20044.6 300.138 83.5804 0.884631
116900 -16217.4 -20087.1 299.655 526.302 0.8869
117000 -16303.6 -20127.1 296.08 173.932 0.884953
117100 -16309.4 -20111.2 294.394 -152.451 0.880943
117200 -16250.5 -20067 295.533 -103.028 0.877875
117300 -16205.1 -20053.4 298.001 222.891 0.875482
117400 -16185.5 -20025.1 297.326 -68.6664 0.871758
117500 -16156.1 -20025.3 299.621 -231.964 0.86872
117600 -16095.2 -19968.6 299.946 -133.071 0.86764
117700 -16023.9 -19919.4 301.649 6.51602 0.868072
117800 -16024 -19889.2 299.305 -111.846 0.868892
117900 -16097 -19927.9 296.646 -4.15511 0.870344
118000 -16191.8 -20042.1 298.152 -149.313 0.872309
118100 -16242.3 -20047.3 294.644 264.629 0.875014
118200 -16230.1 -20091 298.978 109.72 0.875657
118300 -16226.4 -20052.4 296.271 -112.629 0.87501
118400 -16195 -20047.9 298.354 -225.467 0.875649
118500 -16131.8 -20061.4 304.296 204.87 0.878053
118600 -16099.3 -20013.4 303.091 303.41 0.87873
118700 -16188.3 -20050.4 299.072 129.667 0.876604
118800 -16255.4 -20088.1 296.792 -123.799 0.873489
118900 -16260.5 -20092.2 296.708 -8.3009 0.871425
119000 -16208.8 -20053.7 297.736 -224.102 0.869815
119100 -16117.6 -20021.6 302.305 -146.974 0.8702
119200 -16112.7 -19989.2 300.188 -12.7194 0.871944
119300 -16212.7 -20015.3 294.457 -273.533 0.873822
119400 -16280.6 -20116.4 297.033 45.2064 0.877264
119500 -16290 -20122.3 296.763 277.878 0.879549
119600 -16292.5 -20174 300.565 121.781 0.87915
119700 -16375 -20147.9 292.161 34.3433 0.877714
119800 -16414.6 -20178.8 291.481 41.1888 0.876092
119900 -16303.1 -20158.1 298.517 38.4785 0.874533
120000 -16261 -20084.8 296.095 74.8125 0.872626
120100 -16215.8 -20072.9 298.673 -10.2239 0.870346
120200 -16171.1 -20052.7 300.572 11.1372 0.868329
120300 -16175.1 -20028.3 298.378 -311.219 0.866862
120400 -16225.8 -20014 293.347 -174.573 0.868018
120500 -16204.3 -20050.9 297.861 116.491 0.870518
120600 -16151.1 -20033 300.596 167.726 0.871909
120700 -16108.1 -19966.9 298.811 -111.243 0.871882
120800 -16047.1 -19974.5 304.127 125.471 0.872396
120900 -16091.1 -19947 298.593 116.49 0.871987
121000 -16191.9 -20052.1 298.921 24.2446 0.870633
121100 -16238.3 -20074.6 297.067 -148.06 0.86925
121200 -16240 -20065.7 296.248 -100.597 0.868852
121300 -16177.2 -20039.7 299.102 -14.2082 0.869428
121400 -16073.1 -19993.9 303.605 -62.094 0.870543
121500 -16089.5 -19980.8 301.327 171.888 0.872042
121600 -16126.9 -19979.2 298.307 -239.096 0.872611
121700 -16154.6 -20044.9 301.25 38.0072 0.874639
121800 -16229.2 -20076 297.883 126.344 0.87662
121900 -16284.9 -20105.5 295.852 229.516 0.877081
122000 -16281.2 -20083.1 294.403 79.9602 0.875566
122100 -16192 -20062.6 299.722 -75.1281 0.873277
122200 -16125.5 -19976.2 298.179 -152.335 0.871547
122300 -16117.4 -19962.1 297.726 99.4043 0.870965
122400 -16109.6 -19967.6 298.749 -114.008 0.870098
122500 -16121.7 -19959.3 297.167 -251.968 0.870448
122600 -16123.3 -19976.3 298.365 -29.5433 0.872944
122700 -16128.1 -20012 300.752 80.1327 0.875818
122800 -16212.4 -20058.7 297.842 279.215 0.877656
122900 -16289.1 -20097.5 294.91 90.6089 0.876993
123000 -16249.2 -20013.3 291.478 -253.981 0.87567
123100 -16160.1 -19992.8 296.788 76.7149 0.876486
123200 -16128.7 -19998.4 299.657 65.5056 0.876939
123300 -16133.1 -20009.8 300.194 -70.0033 0.876632
123400 -16208.5 -20040.2 296.714 210.396 0.876527
123500 -16280.7 -20106.8 296.276 -235.197 0.875256
123600 -16270.5 -20055.7 293.114 -17.054 0.875559
123700 -16211.4 -20100.2 301.133 144.119 0.876351
123800 -16223.9 -20089.3 299.324 173.761 0.875726
123900 -16267.3 -20089.2 295.952 -14.8399 0.873499
124000 -16247.7 -20051.2 294.527 -55.1507 0.871214
124100 -16158.3 -20024.9 299.417 35.713 0.869248
124200 -16134.9 -19972.5 297.169 -177.687 0.867053
124300 -16110.7 -19963.2 298.323 -80.8957 0.86634
124400 -16105.3 -19981.5 300.152 -166.651 0.866763
124500 -16214.5 -20031 295.541 -303.671 0.868917
124600 -16282.8 -20106.6 296.1 151.871 0.873601
124700 -16267.5 -20096.9 296.538 253.999 0.877326
124800 -16216.1 -20068.8 298.336 380.927 0.878319
124900 -16109.6 -20015 302.419 37.0852 0.876211
125000 -16035 -19948.9 303.078 -90.2403 0.873294
125100 -16075.4 -19936.2 298.963 -95.9567 0.871321
125200 -16106.1 -19948.9 297.571 -28.371 0.870327
125300 -16099.4 -19957.6 298.764 -19.6108 0.869844
125400 -16105.7 -19959.5 298.423 -67.9526 0.86948
125500 -16148.4 -19969 295.854 -51.6177 0.869742
125600 -16184.3 -20017.4 296.826 32.4244 0.870659
125700 -16227.1 -20056.4 296.524 3.30995 0.871216
125800 -16269.4 -20076.5 294.808 -89.5863 0.871933
125900 -16253.7 -20085.2 296.703 161.984 0.873276
126000 -16179.1 -20058 300.372 111.942 0.873266
126100 -16112.3 -19971.8 298.864 133.411 0.871958
126200 -16071.1 -19979.5 302.655 -37.5777 0.869454
126300 -16140.7 -19976.4 297.019 -406.825 0.867315
126400 -16229.9 -20032.9 294.493 -141.735 0.868716
126500 -16228.3 -20063.6 296.991 156.089 0.871781
126600 -16169.3 -20035.7 299.401 -138.971 0.874084
126700 -16071 -19979.1 302.633 181.582 0.87708
126800 -16053.1 -19951 301.846 61.4372 0.87887
126900 -16181.8 -20030.7 298.045 158.925 0.879707
127000 -16252.6 -20074.5 295.95 187.426 0.879152
127100 -16229.7 -20036.3 294.769 -66.0925 0.876909
127200 -16135.5 -20004.6 299.607 -110.785 0.874908
127300 -16108 -19976.6 299.567 -136.436 0.873967
127400 -16139.3 -20002.4 299.148 205.169 0.873719
127500 -16242.3 -20063.6 295.907 -343.921 0.872657
127600 -16287.2 -20086.3 294.185 -175.767 0.874145
127700 -16252.5 -20083.3 296.641 -43.9218 0.878154
127800 -16208.4 -20077 299.568 357.187 0.882524
127900 -16190.4 -20056.8 299.402 162.265 0.884163
128000 -16228.7 -20082.8 298.449 225.835 0.883758
128100 -16312.7 -20109.5 294.009 157.219 0.881105
128200 -16330 -20167.1 297.133 3.69963 0.876987
128300 -16266.5 -20061.6 293.876 -177.896 0.872502
128400 -16169.2 -20025.3 298.603 -46.2949 0.869467
128500 -16132.5 -19956.2 296.096 -183.546 0.867554
128600 -16068.6 -19936 299.475 -228.659 0.867405
128700 -16033.8 -19954.9 303.634 87.7058 0.868911
128800 -16143.3 -19962.1 295.708 -220.062 0.870221
128900 -16178.1 -20007.9 296.57 -165.559 0.873204
129000 -16164.6 -20021.1 298.637 312.607 0.877575
129100 -16176.1 -20056.4 300.479 -20.4371 0.879637
129200 -16276.2 -20104.5 296.446 129.114 0.880938
129300 -16316.2 -20104.4 293.337 21.5943 0.881355
129400 -16248.7 -20068.2 295.766 127.774 0.881042
129500 -16209.4 -20075.1 299.345 -39.5018 0.879913
129600 -16216.4 -20061.2 297.726 -244.877 0.879621
129700 -16225.2 -20072 297.883 88.2079 0.880853
129800 -16268 -20104.7 297.1 296.282 0.881284
129900 -16318.9 -20096.6 292.532 -175.48 0.87971
130000 -16254.2 -20070.2 295.493 29.7275 0.87907
130100 -16183.1 -20081.6 301.881 38.6374 0.878617
130200 -16219.5 -20105.2 300.893 -16.7634 0.877955
130300 -16287.3 -20114.5 296.369 129.409 0.877309
130400 -16295.7 -20121 296.223 -110.104 0.875831
130500 -16264 -20090.1 296.279 -77.6895 0.875176
130600 -16233.1 -20084.9 298.269 185.099 0.875326
130700 -16227.8 -20066.3 297.237 36.9742 0.874144
130800 -16213.4 -20067.4 298.435 52.9303 0.872408
130900 -16184.1 -20019.5 296.996 -163.986 0.870737
131000 -16072.4 -20012.1 305.077 -29.4951 0.870311
131100 -16083.1 -19976.4 301.479 -44.0053 0.870301
131200 -16152.7 -19995.8 297.595 -157.796 0.870867
131300 -16172.2 -19998.9 296.325 -28.7546 0.872716
131400 -16145.5 -19998.5 298.363 26.0325 0.874491
131500 -16134.2 -19995.7 299.021 114.549 0.876112
131600 -16207 -20060.6 298.408 404.467 0.876181
131700 -16319.3 -20119.9 294.303 -29.1708 0.873182
131800 -16307.7 -20099.6 293.629 -269.228 0.870727
131900 -16210.5 -20063.9 298.391 -137.276 0.87057
132000 -16173.5 -20050.7 300.237 -178.927 0.872012
132100 -16192.2 -20020.7 296.461 -100.563 0.874906
132200 -16228.5 -20091.8 299.155 136.558 0.878108
132300 -16329.8 -20126.2 293.982 -163.687 0.880258
132400 -16350.6 -20182.7 296.748 293.74 0.882756
132500 -16316.1 -20170.7 298.487 181.236 0.882642
132600 -16233.7 -20114.7 300.53 168.196 0.880797
132700 -16142.4 -20027.8 300.873 94.1995 0.877708
132800 -16147.2 -20077.4 304.342 70.6134 0.873978
132900 -16242.6 -20090.1 297.94 -170.189 0.870599
133000 -16259.5 -20108.4 298.045 -266.501 0.869299
133100 -16268.6 -20114.4 297.799 -133.707 0.870469
133200 -16287 -20125.4 297.228 133.701 0.872705
133300 -16307.1 -20129.4 295.985 113.932 0.87392
133400 -16286.5 -20094.7 294.896 49.1046 0.873882
133500 -16187.4 -20057.2 299.661 161.799 0.872967
133600 -16147 -19989.4 297.537 -248.487 0.871107
133700 -16102.9 -19962.9 298.903 17.1395 0.871085
133800 -16050.5 -19973.5 303.783 48.9688 0.871417
133900 -16105.9 -19988.4 300.645 197.699 0.870916
134000 -16208.1 -20022.2 295.353 -27.6487 0.868639
134100 -16194.8 -19959.2 291.5 -493.879 0.867033
134200 -16099.5 -19980.1 300.506 28.4735 0.86956
134300 -16108.5 -20005.1 301.743 107.925 0.872264
134400 -16174.6 -19991.1 295.532 192.479 0.87345
134500 -16185.4 -20029.2 297.655 0.789215 0.873142
134600 -16157.1 -20003.9 297.878 118.173 0.872511
134700 -16066.1 -20000.9 304.698 -23.7281 0.870968
134800 -16090.5 -19957.3 299.426 51.8307 0.869211
134900 -16169.2 -19995 296.256 -153.079 0.867632
135000 -16197.3 -20025.4 296.44 -68.7888 0.867345
135100 -16169.9 -20017 297.907 -26.4277 0.867705
135200 -16042.3 -19925.2 300.671 -46.3729 0.868334
135300 -16000.2 -19895.5 301.637 -129.478 0.869792
135400 -16064.4 -19951.2 300.978 211.16 0.871832
135500 -16160.5 -20018.2 298.726 -139.774 0.872765
135600 -16195.9 -20007.7 295.175 102.449 0.874538
135700 -16163.7 -20030.4 299.421 211.587 0.875527
135800 -16128.7 -20010.8 300.62 81.6912 0.874538
135900 -16151.9 -20028.7 300.205 76.2366 0.872315
136000 -16250.6 -20061.2 295.076 64.5889 0.869334
136100 -16257.2 -20043.3 293.182 -169.559 0.865822
136200 -16158.3 -19981.9 296.083 -89.8787 0.863407
136300 -16095.3 -19934.3 297.274 -181.586 0.86203
136400 -16050.3 -19918.9 299.562 -246.25 0.862331
136500 -16041.8 -19913.2 299.784 -319.774 0.865256
136600 -16124.1 -19951.1 296.348 324.983 0.870844
136700 -16223.9 -20062.8 297.265 -31.9977 0.874788
136800 -16245.6 -20055.3 295.01 154.447 0.878151
136900 -16209.9 -20040.5 296.62 405.415 0.879727
137000 -16167.4 -20036.7 299.626 96.0282 0.87791
137100 -16148.6 -19971.2 296.01 184.934 0.874731
137200 -16128.7 -19960.3 296.7 64.1108 0.870336
137300 -16089.7 -19898.4 294.928 -488.74 0.866447
137400 -16021.5 -19889.3 299.505 -185.961 0.867031
137500 -16006.3 -19898.2 301.375 -18.2697 0.869539
137600 -16093.1 -19940.1 297.895 288.02 0.871286
137700 -16177.7 -20019.1 297.463 -165.925 0.870795
137800 -16172.9 -19958.5 293.147 -328.522 0.871529
137900 -16103.9 -19976.5 299.878 150.647 0.874757
138000 -16098 -19991.7 301.514 356.091 0.876281
138100 -16148.8 -19961.3 295.223 -119.378 0.874914
138200 -16132.8 -19967.8 296.963 -52.7654 0.874281
138300 -16113.9 -19962 297.98 -115.036 0.874427
138400 -16099.4 -19947.8 298.01 -4.75204 0.875399
138500 -16098.1 -19981.7 300.728 -17.2772 0.876572
138600 -16211.1 -20059.7 298.015 -20.2774 0.877973
138700 -16289.7 -20113.7 296.12 256.529 0.879165
138800 -16287.9 -20120.1 296.753 93.5119 0.87811
138900 -16224.8 -20057.2 296.765 -87.2458 0.876077
139000 -16119.9 -20001.1 300.546 -95.768 0.875007
139100 -16118 -20042.8 303.92 22.0809 0.874836
139200 -16201.2 -20086.3 300.847 166.631 0.874297
139300 -16267.8 -20094.3 296.309 -190.424 0.872686
139400 -16262.1 -20058.1 293.945 -24.9349 0.872405
139500 -16173.7 -20010.7 297.123 8.98032 0.872522
139600 -16125.7 -20002.2 300.184 25.1817 0.872408
139700 -16154.9 -20013.7 298.808 -103.958 0.872435
139800 -16201.6 -20045.7 297.674 87.7894 0.873166
139900 -16252.9 -20072.7 295.789 -31.58 0.873313
140000 -16336.4 -20075.3 289.524 -171.008 0.87387
140100 -16282.6 -20055 292.119 106.643 0.87592
140200 -16176.7 -20030.8 298.446 244.862 0.877055
140300 -16163.4 -20051 301.038 -27.9276 0.876162
140400 -16233.4 -20085 298.258 -101.924 0.875372
140500 -16296.3 -20134.9 297.245 156.134 0.875103
140600 -16326.1 -20143.7 295.615 -26.787 0.873319
140700 -16282.6 -20112.8 296.591 -40.7995 0.871379
140800 -16165.5 -20034.8 299.624 -130.647 0.870047
140900 -16147.2 -20033.4 300.935 29.1813 0.869336
141000 -16195 -20004.4 294.984 -188.699 0.868657
141100 -16228.2 -20081.2 298.356 -96.7229 0.869727
141200 -16300.7 -20100.1 294.216 -58.0241 0.872328
141300 -16348.9 -20136.5 293.297 7.7232 0.876079
141400 -16273.8 -20109.1 296.986 316.803 0.879874
141500 -16198.5 -20070.9 299.865 125.917 0.88148
141600 -16190.7 -20014.1 296.069 183.542 0.881521
141700 -16157.4 -20020 299.111 231.133 0.879597
141800 -16087 -19955.2 299.536 -138.074 0.875514
141900 -15989.2 -19935.1 305.556 -84.0403 0.872199
142000 -16040.3 -19946.5 302.485 -13.2265 0.869644
142100 -16113.9 -19958.7 297.729 -204.966 0.867546
142200 -16126.3 -19961.6 296.99 -394.362 0.86798
142300 -16135 -19996.9 299.052 250.011 0.8714
142400 -16181.9 -20021.1 297.298 -129.271 0.873362
142500 -16263.3 -20075.6 295.205 -196.352 0.876061
142600 -16310.2 -20126 295.477 192.124 0.880265
142700 -16319.5 -20138.8 295.752 181.34 0.882898
142800 -16267.7 -20103.3 297.017 60.541 0.883677
142900 -16184 -20066.3 300.634 150.79 0.883446
143000 -16190.4 -20087.4 301.765 -65.3196 0.882056
143100 -16271.6 -20070.3 294.158 32.4441 0.880913
143200 -16288.2 -20120 296.719 177.348 0.87953
143300 -16243.5 -20082.8 297.302 -89.6001 0.876903
143400 -16098.8 -19975.2 300.169 -35.5832 0.874713
143500 -16068.3 -19969.1 302.067 -60.4955 0.873084
143600 -16142.5 -20021.8 300.397 45.0815 0.871929
143700 -16231.2 -20050.8 295.777 -36.2823 0.870568
143800 -16235.5 -20044.8 294.976 -95.5615 0.869602
143900 -16164.1 -20026.6 299.1 -221.883 0.869795
144000 -16125.3 -20029.4 302.319 71.6568 0.871664
144100 -16214.5 -20038.9 296.151 -207.953 0.873615
144200 -16341.4 -20189.7 297.994 -9.01746 0.877036
144300 -16374.9 -20188.5 295.312 159.112 0.880748
144400 -16335 -20147 295.19 295.35 0.882706
144500 -16249.1 -20110.1 298.988 172.101 0.881924
144600 -16226.3 -20097.3 299.756 -86.432 0.879694
144700 -16242.8 -20098.9 298.601 80.1672 0.877885
144800 -16329.7 -20150.2 295.848 90.8151 0.875487
144900 -16403.2 -20181.4 292.575 -256.229 0.872768
145000 -16357.7 -20201.2 297.629 -195.55 0.87219
145100 -16296.9 -20112.2 295.445 30.9993 0.873437
145200 -16238.8 -20083.8 297.741 169.389 0.874504
145300 -16212.4 -20044.7 296.76 29.5782 0.874185
145400 -16184.1 -20048.2 299.226 113.885 0.873408
145500 -16189.5 -20034.1 297.711 16.7092 0.871759
145600 -16233.3 -20059.7 296.302 -178.983 0.870125
145700 -16283.8 -20096.9 295.268 -205.152 0.870307
145800 -16276.6 -20080.2 294.535 -73.8221 0.872206
145900 -16182.1 -20051.2 299.606 132.642 0.874539
146000 -16138.7 -20003.8 299.297 31.1012 0.875537
146100 -16122.8 -19959.8 297.125 -56.026 0.87576
146200 -16093.1 -19992.7 301.976 87.4799 0.876176
146300 -16194.5 -20028.1 296.857 -44.9059 0.876218
146400 -16262.4 -20070.2 294.856 18.4358 0.876403
146500 -16227.5 -20067.2 297.332 -70.3791 0.876548
146600 -16166.7 -20060.9 301.549 199.257 0.876824
146700 -16190.9 -20073.2 300.626 -154.588 0.876103
146800 -16303 -20103 294.253 -70.7049 0.876233
146900 -16303.6 -20106 294.441 17.1569 0.877313
147000 -16252.4 -20128.9 300.185 12.3223 0.878236
147100 -16239.7 -20113.8 299.996 -69.0016 0.878775
147200 -16319.9 -20163 297.593 282.204 0.879663
147300 -16409.6 -20202.8 293.728 41.5662 0.878574
147400 -16356.5 -20159.7 294.5 -62.1879 0.876708
147500 -16268 -20096.7 296.476 -93.7469 0.875401
147600 -16205.9 -20064 298.756 -224.497 0.875443
147700 -16169.4 -20034.4 299.285 129.008 0.87721
147800 -16191.1 -20078.2 301.003 74.0037 0.877986
147900 -16306.1 -20076.8 291.994 14.5677 0.878038
148000 -16285.4 -20097.6 295.201 203.181 0.877613
148100 -16227.2 -20088 298.969 -24.5183 0.875585
148200 -16209 -20073.2 299.23 -163.225 0.873688
148300 -16221.8 -20047.7 296.263 -12.5163 0.873279
148400 -16199.2 -20067.8 299.569 233.637 0.872889
148500 -16181.9 -20035 298.375 -147.169 0.870787
148600 -16170.8 -20029.4 298.797 -42.389 0.869453
148700 -16179.9 -20017.4 297.158 8.96468 0.868816
148800 -16172.8 -19993.1 295.83 -129.732 0.868243
148900 -16093.8 -19998.3 302.345 105.213 0.868471
149000 -16096.3 -20005.5 302.718 -45.0913 0.868032
149100 -16207.1 -20060.8 298.414 -179.456 0.867925
149200 -16243.2 -20096.4 298.378 -34.3853 0.869733
149300 -16256.5 -20076 295.77 94.5513 0.872074
149400 -16227.7 -20086.4 298.8 158.332 0.874063
149500 -16152.8 -20038.3 300.876 139.287 0.874758
149600 -16129.7 -20033.9 302.33 200.489 0.873712
149700 -16232 -20096.9 299.286 -158.381 0.870606
149800 -16277.4 -20055.1 292.531 -274.844 0.868213
149900 -16214.3 -20059.6 297.766 -61.4732 0.86813
150000 -16169.8 -20055.3 300.873 274.652 0.868288
150100 -16189.8 -20025.7 297.041 -357.591 0.866989
150200 -16246.8 -20105.5 298.799 -75.4768 0.867949
150300 -16358.3 -20187.6 296.523 198.369 0.869781
150400 -16390.1 -20208.3 295.666 -90.2617 0.870567
150500 -16350.8 -20172.9 295.973 -38.1832 0.872025
150600 -16246.6 -20109.5 299.134 50.8993 0.874261
150700 -16212.4 -20095.1 300.661 205.325 0.875972
150800 -16234.4 -20068.5 296.894 -59.2275 0.876135
150900 -16243.9 -20099 298.53 233.973 0.876233
151000 -16290.9 -20134.4 297.624 37.5394 0.874583
151100 -16380.2 -20159.7 292.665 -22.4492 0.871973
151200 -16347.3 -20142.5 293.884 -211.006 0.869727
151300 -16261.4 -20100.5 297.286 -248.67 0.869474
151400 -16226 -20089.8 299.201 -128.922 0.871728
151500 -16220.2 -20067 297.884 32.0724 0.875599
151600 -16225.5 -20081.3 298.575 250.703 0.878788
151700 -16265.2 -20104.4 297.292 14.7949 0.87977
151800 -16309.7 -20108.1 294.135 20.0329 0.880328
151900 -16280 -20113.7 296.868 253.67 0.88054
152000 -16197.2 -20093.9 301.745 64.8678 0.878769
152100 -16182.8 -20092.1 302.725 66.7276 0.875832
152200 -16297.9 -20109.9 295.192 -319.848 0.872837
152300 -16310.7 -20084 292.189 -256.984 0.872837
152400 -16233.6 -20110.5 300.21 276.225 0.874921
152500 -16212.1 -20090.5 300.325 -29.8187 0.875004
152600 -16262.7 -20085 295.983 -191.875 0.875218
152700 -16340.9 -20186.6 297.799 -45.7517 0.877188
152800 -16445.5 -20241.8 293.968 -14.1761 0.879784
152900 -16442.9 -20213.2 291.956 189.131 0.882164
153000 -16381.9 -20196.5 295.383 303.792 0.882607
153100 -16322.2 -20181 298.814 263.228 0.88024
153200 -16299.1 -20182.5 300.716 -22.0616 0.875598
153300 -16334 -20125.9 293.628 -257.606 0.871383
153400 -16330.9 -20145.8 295.413 -274.315 0.869971
153500 -16238.1 -20092.8 298.49 -38.0525 0.871129
153600 -16179 -20066.7 301.047 107.229 0.872591
153700 -16211.4 -20071.3 298.896 -97.1661 0.873313
153800 -16300 -20137.6 297.169 -173.142 0.874695
153900 -16364.2 -20141.8 292.519 242.886 0.876685
154000 -16331.3 -20142.6 295.138 -83.0963 0.877045
154100 -16282.2 -20115.1 296.806 -113.717 0.877727
154200 -16226.2 -20102.1 300.141 -7.82965 0.879165
154300 -16223.2 -20085.1 299.052 98.4895 0.880521
154400 -16302.2 -20116 295.326 -9.7892 0.881196
154500 -16392 -20171.1 292.64 44.7287 0.881545
154600 -16370.4 -20200.6 296.594 -55.0421 0.881734
154700 -16257.4 -20121.8 299.246 182.264 0.882056
154800 -16216.2 -20082.9 299.421 180.143 0.880767
154900 -16229 -20070.3 297.455 -105.809 0.878128
155000 -16219 -20054.9 297.036 -152.137 0.876483
155100 -16159 -20041.6 300.656 299.768 0.875773
155200 -16116.3 -20031.4 303.172 -144.507 0.873319
155300 -16212.5 -20061.4 298.047 -41.4057 0.871659
155400 -16274.9 -20078.4 294.532 -165.808 0.87088
155500 -16261.5 -20120.6 298.835 127.956 0.871163
155600 -16251.6 -20068.8 295.591 -132.553 0.870781
155700 -16147.5 -20036.5 301.149 -102.748 0.871705
155800 -16101.2 -20001.2 302.002 196.855 0.873348
155900 -16148.7 -20022.5 299.978 140.191 0.873135
156000 -16208.4 -20087.1 300.358 -40.3779 0.871689
156100 -16259.4 -20121.9 299.096 -28.1966 0.870523
156200 -16294.7 -20136.8 297.516 -343.455 0.870136
156300 -16307.6 -20154.6 297.898 95.0959 0.872319
156400 -16339.2 -20176.7 297.159 56.7184 0.874318
156500 -16415.1 -20189.5 292.275 -210.574 0.875881
156600 -16385.5 -20195.8 295.06 316.799 0.878708
156700 -16300.5 -20154.6 298.45 260.58 0.878891
156800 -16274.5 -20129 298.472 72.6878 0.876399
156900 -16265 -20123.3 298.77 -215.415 0.873435
157000 -16268.5 -20095.9 296.378 -136.196 0.872434
157100 -16232 -20077.5 297.779 101.539 0.872712
157200 -16172.9 -20053 300.464 -44.4545 0.872223
157300 -16152.9 -20032.5 300.421 -125.369 0.872082
157400 -16213.1 -20071.5 298.782 -21.7306 0.873092
157500 -16309.5 -20131.7 295.976 85.0566 0.874448
157600 -16325.3 -20170.6 297.765 36.8533 0.875192
157700 -16320 -20139.1 295.734 -89.254 0.875513
157800 -16249.5 -20133 300.719 -79.1548 0.876805
157900 -16151 -20058.1 302.551 222.522 0.878497
158000 -16168.2 -20068.5 302.019 221.871 0.878325
158100 -16233 -20107.3 300.011 217.263 0.875686
158200 -16280 -20104.7 296.174 -248.868 0.8708
158300 -16261.2 -20071.1 295.024 -200.06 0.867468
158400 -16167.6 -20038.4 299.739 -59.7932 0.866113
158500 -16135.9 -20009.5 299.958 -57.6743 0.865182
158600 -16148.6 -19999.1 298.168 -197.928 0.864835
158700 -16155.9 -19982.9 296.351 -47.4809 0.866314
158800 -16111.9 -19968.6 298.648 -25.4668 0.868871
158900 -16013.4 -19925.9 302.969 201.314 0.871705
159000 -16035.3 -19936.8 302.116 54.9703 0.873199
159100 -16126.5 -19977.6 298.217 -101.755 0.874454
159200 -16149.6 -20014.7 299.298 292.505 0.876176
159300 -16190.5 -20051.1 298.951 -26.984 0.875851
159400 -16251.2 -20058.6 294.829 -80.5446 0.875205
159500 -16237.3 -20072 296.948 162.653 0.874979
159600 -16121.7 -20004.7 300.688 148.035 0.873451
159700 -16070.4 -19953.7 300.709 -137.483 0.87053
159800 -16099.2 -19958.6 298.857 -111.955 0.86818
159900 -16154.3 -19992.4 297.209 14.3252 0.866606
160000 -16268.8 -20051 292.881 -285.423 0.865325
160100 -16318.8 -20110.7 293.633 -138.992 0.866506
160200 -16288.9 -20145.5 298.645 162.868 0.86927
160300 -16264.1 -20065.8 294.387 -59.8714 0.871192
160400 -16179.8 -20024.2 297.694 279.01 0.873122
160500 -16141.3 -20006.3 299.29 66.3763 0.872684
160600 -16155.1 -20019.8 299.267 -121.389 0.871592
160700 -16201.2 -20040 297.255 -184.43 0.871699
160800 -16272.8 -20085.4 295.237 126.029 0.873151
160900 -16356.7 -20128.5 292.074 -80.2841 0.87434
161000 -16337.5 -20157 295.771 17.2476 0.875945
161100 -16216.6 -20049 296.768 -84.9722 0.877937
161200 -16157.7 -20039 300.554 61.2372 0.880838
161300 -16184.2 -20076.1 301.373 283.333 0.88316
161400 -16250.1 -20031.6 292.826 -61.4951 0.88328
161500 -16221.8 -20052.3 296.626 226.402 0.883258
161600 -16187.6 -20039.6 298.282 221.103 0.88126
161700 -16181.4 -20039.9 298.792 42.1121 0.877104
161800 -16190.1 -20014.8 296.169 131.458 0.871901
161900 -16150.8 -19969.1 295.679 -245.772 0.865983
162000 -16090.8 -19956.1 299.315 -171.192 0.862395
162100 -16078.8 -19921.7 297.584 -491.707 0.861671
162200 -16051.5 -19896.7 297.754 -42.7128 0.864588
162300 -16035.4 -19945.5 302.78 -34.9915 0.868273
162400 -16120.1 -19950.2 296.591 220.031 0.871393
162500 -16185.9 -20020.9 296.962 -42.9247 0.87253
162600 -16195.4 -20015.8 295.838 -26.3787 0.873443
162700 -16170.2 -20055.4 300.86 -77.217 0.874673
162800 -16194.8 -20092.4 301.813 9.18278 0.876482
162900 -16235.7 -20074.2 297.233 224.937 0.878031
163000 -16228.6 -20081.1 298.32 -89.0452 0.877901
163100 -16211 -20057.4 297.851 116.318 0.877699
163200 -16183.4 -20042.7 298.846 125.516 0.876671
163300 -16130.7 -19985.1 298.47 -281.722 0.875032
163400 -16053 -19937.5 300.804 -150.836 0.875563
163500 -16015.9 -19914.2 301.875 72.3456 0.877659
163600 -16095.7 -19926.3 296.622 32.2309 0.879245
163700 -16187 -20042.1 298.524 69.329 0.880321
163800 -16231.6 -20104.4 299.895 -39.8286 0.880951
163900 -16270.7 -20097.5 296.327 134.466 0.881561
164000 -16260.9 -20072.2 295.136 70.9462 0.881226
164100 -16156.8 -20027 299.691 58.0735 0.880023
164200 -16103.9 -19994.3 301.259 -130.363 0.878422
164300 -16136.1 -19995.8 298.877 -44.4869 0.877609
164400 -16199.1 -20066 299.442 164.432 0.877215
164500 -16280.3 -20124.7 297.702 215.668 0.875309
164600 -16313.2 -20147.7 296.928 -45.4911 0.871485
164700 -16302.7 -20114.5 295.17 -276.034 0.868025
164800 -16241.9 -20029.5 293.297 -359.636 0.867445
164900 -16183.2 -20021.5 297.218 168.152 0.869616
165000 -16136 -19960.6 296.155 -69.1875 0.870897
165100 -16072.5 -19973 302.034 -0.471704 0.872687
165200 -16119.9 -20028.1 302.638 61.3691 0.874687
165300 -16191.5 -20033.1 297.481 95.5038 0.875931
165400 -16195.7 -20013.4 295.633 -89.0548 0.876501
165500 -16136.1 -19988.1 298.283 277.274 0.877194
165600 -16073.7 -19940.2 299.409 106.126 0.875885
165700 -16038.6 -19923.9 300.869 7.4468 0.873254
165800 -16055.2 -19916.9 299.039 -162.493 0.870611
165900 -16136.4 -19962.8 296.303 -232.459 0.869663
166000 -16196.6 -20051.8 298.528 109.914 0.870484
166100 -16243.9 -20033.8 293.474 -80.9942 0.870768
166200 -16183.9 -20018.9 296.974 -130.036 0.871789
166300 -16088.9 -19956.2 299.466 250.46 0.873622
166400 -16085.7 -19948.9 299.157 80.5653 0.873907
166500 -16118.5 -19973.4 298.504 191.658 0.872733
166600 -16203.6 -20013.6 295.028 -282.795 0.870089
166700 -16257 -20051.7 293.844 -212.393 0.869502
166800 -16219.5 -20059.4 297.348 -18.8794 0.871138
166900 -16178 -20046.4 299.559 206.908 0.873231
167000 -16175.3 -20044.1 299.589 148.374 0.873545
167100 -16190 -20038.1 297.987 25.6564 0.872367
167200 -16192.6 -20026.2 296.859 -198.18 0.871016
167300 -16157.3 -20007.1 298.113 150.069 0.870739
167400 -16091.8 -19977.9 300.929 -62.3127 0.869611
167500 -16060.5 -19927.9 299.481 -104.897 0.868468
167600 -16067.6 -19920 298.312 -109.234 0.868378
167700 -16094.5 -19917.7 296.053 103.367 0.869145
167800 -16086 -19913.1 296.36 -190.856 0.869651
167900 -16048.5 -19979 304.359 -123.199 0.871926
168000 -16121.8 -19951 296.516 158.924 0.875625
168100 -16151.4 -19936.8 293.129 182.59 0.878643
168200 -16110.9 -20002.6 301.357 321.128 0.87967
168300 -16124.7 -19965.9 297.445 3.25436 0.877789
168400 -16139.8 -20017.4 300.263 -158.334 0.875559
168500 -16191.6 -20019.6 296.425 -88.8972 0.874674
168600 -16203.3 -20024.8 295.925 -58.7336 0.8749
168700 -16174.2 -19986.4 295.199 83.0174 0.875559
168800 -16089 -19911.5 295.996 -73.171 0.875881
168900 -16019.2 -19916.2 301.774 20.3583 0.876597
169000 -16063.7 -19963.2 301.961 114.054 0.877215
169100 -16158.3 -20022.3 299.211 250.427 0.876432
169200 -16195 -20003.9 294.946 42.3554 0.873472
169300 -16149.6 -19981.7 296.75 -321.56 0.870126
169400 -16081.8 -19953.1 299.782 -113.918 0.869002
169500 -16067.3 -19920.3 298.361 -35.1711 0.869356
169600 -16070.4 -19943.1 299.883 158.795 0.870002
169700 -16093.3 -19958.3 299.29 80.1402 0.869399
169800 -16132.5 -20005.9 299.948 -60.0441 0.867897
169900 -16187.8 -20035.1 297.916 -46.9675 0.866543
170000 -16246.7 -20076 296.525 -204.044 0.865731
170100 -16292.4 -20054.5 291.326 64.1742 0.866725
170200 -16165.4 -20000.9 297.002 211.884 0.867567
170300 -16095 -19964.5 299.643 -157.848 0.866629
170400 -16087.3 -19917.3 296.576 -157.468 0.866791
170500 -16056.3 -19938.3 300.606 138.823 0.868398
170600 -16074.9 -19981.6 302.517 -98.7823 0.86923
170700 -16177.6 -19995.2 295.619 -158.055 0.871073
170800 -16211.3 -20067.4 298.603 55.5722 0.874625
170900 -16218.8 -20023.8 294.641 325.939 0.877703
171000 -16133.5 -20034.1 302.046 114.378 0.878164
171100 -16042.8 -19942.2 301.949 -183.51 0.87783
171200 -16017.5 -19941.8 303.878 426.97 0.878057
171300 -16125.5 -19949.4 296.103 -42.723 0.874988
171400 -16186.9 -20038.1 298.219 -68.7747 0.871795
171500 -16227.8 -20040.6 295.248 -156.155 0.869487
171600 -16222.5 -20041.2 295.709 -162.296 0.868668
171700 -16124 -20033.9 302.773 21.4522 0.869572
171800 -16117.4 -20018.3 302.072 134.038 0.870034
171900 -16175.8 -20004.7 296.495 -145.682 0.869656
172000 -16188.3 -20027.1 297.263 -0.808831 0.87028
172100 -16163.6 -19987.9 296.142 -77.1328 0.871084
172200 -16129.8 -19992.5 299.108 138.215 0.872343
172300 -16132 -19993.2 298.997 24.0765 0.872836
172400 -16199 -20024.5 296.231 -92.361 0.873123
172500 -16288.8 -20107.2 295.682 193.523 0.873754
172600 -16300.3 -20098.7 294.134 -1.25534 0.87305
172700 -16210.8 -20036.8 296.271 -73.7322 0.872147
172800 -16151 -20029.1 300.301 -50.7292 0.87189
172900 -16167.9 -20030.9 299.138 -138.93 0.872222
173000 -16215.9 -20043.2 296.367 -25.0069 0.873686
173100 -16286.7 -20109.5 296.022 -144.568 0.875973
173200 -16372.5 -20152.6 292.713 -0.501045 0.879577
173300 -16333.7 -20134.9 294.358 176.68 0.883072
173400 -16237 -20099.3 299.086 144.031 0.885119
173500 -16235.1 -20125.9 301.288 284.659 0.885435
173600 -16288.5 -20094.8 294.748 -2.39182 0.883271
173700 -16278.8 -20084 294.658 -6.95438 0.880741
173800 -16174.1 -20029 298.51 -73.9228 0.878638
173900 -16136.7 -20015.3 300.348 7.94079 0.877049
174000 -16170.7 -20019.7 298.049 -43.7547 0.87562
174100 -16201.7 -20011.6 295.028 -208.273 0.874816
174200 -16133.2 -19997.5 299.239 91.6279 0.875507
174300 -16038.2 -19936.7 301.886 60.3827 0.876021
174400 -16060.3 -19954.8 301.576 13.6892 0.875965
174500 -16130.1 -20002.4 299.861 139.899 0.875329
174600 -16159.1 -19981.9 296.016 -232.344 0.873861
174700 -16145.4 -20010.2 299.277 173.42 0.873644
174800 -16161.7 -20008.3 297.87 -62.526 0.872481
174900 -16232.3 -20044.6 295.212 -242.72 0.871809
175000 -16289.3 -20074.8 293.134 -175.799 0.873514
175100 -16226.7 -20068.4 297.49 298.383 0.876625
175200 -16153.7 -20029.6 300.138 -81.1548 0.878014
175300 -16151.1 -20029.6 300.33 67.5925 0.879708
175400 -16182.9 -20047.7 299.271 182.85 0.880858
175500 -16214.8 -20049.1 296.917 2.14399 0.880529
175600 -16209.8 -20041.1 296.682 137.86 0.879844
175700 -16188.3 -20023.5 296.985 -65.6796 0.87806
175800 -16164 -20040.2 300.165 -21.169 0.876101
175900 -16174.3 -20020.8 297.858 -179.997 0.874181
176000 -16175 -20013.8 297.265 -20.299 0.873336
176100 -16159.9 -20022.3 299.087 70.6456 0.872842
176200 -16168.1 -20024.7 298.637 -322.496 0.871949
176300 -16230.4 -20030 294.227 -104.556 0.873595
176400 -16255.3 -20126.9 299.805 138.151 0.876925
176500 -16304.5 -20093.8 293.427 136.489 0.879392
176600 -16283.8 -20094.5 295.087 202.584 0.880901
176700 -16170.4 -20024.5 298.452 312.828 0.880277
176800 -16127.6 -20010.5 300.677 -69.9713 0.876771
176900 -16163.3 -20029.9 299.41 -228.286 0.87344
177000 -16233.5 -20045.2 295.163 -230.479 0.872247
177100 -16257.7 -20057.5 294.245 39.4295 0.87348
177200 -16147.9 -19985.3 297.151 -190.089 0.874937
177300 -16073.6 -19969.4 301.678 264.023 0.877337
177400 -16106.6 -19959.7 298.373 -62.2838 0.877975
177500 -16173.9 -20029.7 298.577 -17.7785 0.878817
177600 -16251.4 -20071.7 295.827 17.5213 0.880165
177700 -16272.1 -20111.1 297.279 156.303 0.881076
177800 -16254.8 -20089.1 296.918 70.1684 0.880683
177900 -16144.6 -20047.2 302.2 -22.1416 0.879498
178000 -16116.2 -19996.3 300.461 -247.38 0.878796
178100 -16163.1 -19998.1 296.967 -94.9952 0.880298
178200 -16241.1 -20070.2 296.511 297.96 0.882727
178300 -16329.3 -20113.7 293.051 75.2726 0.88267
178400 -16306 -20105.3 294.206 -5.37341 0.881316
178500 -16175 -20060.6 300.883 -140.164 0.880365
178600 -16195.5 -20104.8 302.725 155.739 0.880196
178700 -16276.3 -20086.5 295.048 48.1289 0.878727
178800 -16293.8 -20140.2 297.851 -118.993 0.876926
178900 -16284.2 -20095.3 295.112 -106.728 0.875937
179000 -16167.4 -20023.1 298.573 -12.0315 0.875897
179100 -16128.9 -20014.3 300.871 120.397 0.876067
179200 -16157.7 -19990.9 296.829 -303.132 0.875467
179300 -16189.4 -20033 297.634 -89.021 0.877191
179400 -16264.9 -20079 295.347 234.39 0.880485
179500 -16347.8 -20161 295.277 223.623 0.881923
179600 -16372.9 -20152.8 292.704 279.309 0.881095
179700 -16273.8 -20134.7 298.972 66.6333 0.877309
179800 -16248.2 -20099 298.19 -389.851 0.872643
179900 -16233 -20041.3 294.906 -236.484 0.871163
180000 -16148.7 -20015.8 299.459 -26.7011 0.871974
180100 -16116.8 -20002.5 300.891 113.377 0.873229
180200 -16160.6 -20024.2 299.186 -160.185 0.873906
180300 -16245.3 -20089.2 297.66 143.958 0.875616
180400 -16301.7 -20138.9 297.144 79.3593 0.876526
180500 -16290.7 -20119.5 296.483 25.4704 0.876541
180600 -16248.4 -20071 296.014 115.868 0.876255
180700 -16160.5 -20012.6 298.296 15.5193 0.874848
180800 -16116 -19998.5 300.646 -68.9049 0.873038
180900 -16143.5 -19994.9 298.242 -146.754 0.871672
181000 -16199.8 -20031.9 296.746 -115.443 0.871647
181100 -16306.4 -20070.6 291.485 -244.837 0.873013
181200 -16305.1 -20100.4 293.894 97.0496 0.876702
181300 -16241.3 -20124.4 300.694 160.144 0.880509
181400 -16238.4 -20068.9 296.614 352.975 0.883001
181500 -16246.5 -20134 301.034 159.734 0.882612
181600 -16310.5 -20126.7 295.511 180.554 0.879817
181700 -16434.6 -20167.9 289.092 -186.489 0.875296
181800 -16421.9 -20158.1 289.317 -245.894 0.871588
181900 -16310.6 -20089.3 292.607 -224.683 0.870211
182000 -16221.6 -20078.3 298.648 -127.268 0.870981
182100 -16165.6 -20028.3 299.108 -110.889 0.873684
182200 -16151.8 -20063.2 302.886 245.244 0.877884
182300 -16249 -20117.6 299.575 324.102 0.880206
182400 -16329.2 -20171.9 297.565 -62.1726 0.88012
182500 -16349.9 -20185.6 297.021 -69.067 0.880444
182600 -16331.7 -20177.4 297.797 153.705 0.881436
182700 -16247.9 -20105 298.679 194.117 0.881196
182800 -16161.5 -20057.4 301.681 212.888 0.878584
182900 -16164.6 -20003.8 297.29 -249.874 0.873385
183000 -16169.8 -20030.3 298.944 -432.398 0.869805
183100 -16219.3 -20069.3 298.125 -45.8713 0.869873
183200 -16354.2 -20170.9 295.553 -69.4787 0.870907
183300 -16375.2 -20177.7 294.453 61.3338 0.872449
183400 -16301.5 -20117 295.461 -43.4195 0.873835
183500 -16217.4 -20072.7 298.535 309.433 0.875045
183600 -16205.6 -20069.9 299.241 74.7332 0.873979
183700 -16231.6 -20073.3 297.486 -170.326 0.872049
183800 -16265.3 -20104.6 297.3 -169.467 0.871522
183900 -16341.9 -20133.9 293.644 49.7859 0.872551
184000 -16362.5 -20151.7 293.423 33.3746 0.873388
184100 -16263.6 -20078.3 295.397 -147.562 0.874123
184200 -16181.8 -20027.9 297.832 -213.088 0.876412
184300 -16150.9 -20012.5 299.028 110.987 0.880536
184400 -16160.1 -20038.7 300.342 144.468 0.884316
184500 -16264.6 -20116.7 298.294 197.571 0.886537
184600 -16312.3 -20086.2 292.239 92.2705 0.887035
184700 -16249.7 -20100.7 298.209 83.7888 0.886668
184800 -16203.4 -20058.1 298.497 290.126 0.884856
184900 -16173.6 -20027 298.387 49.055 0.880531
185000 -16110 -19976.2 299.378 -133.167 0.875694
185100 -16009.9 -19937.6 304.146 -46.2364 0.872292
185200 -16038.8 -19917.1 300.319 -52.5783 0.869601
185300 -16119.9 -19962.8 297.585 -109.516 0.867675
185400 -16154 -19993.3 297.301 -298.869 0.867338
185500 -16159.2 -20013.2 298.436 124.881 0.869097
185600 -16163.5 -20005.6 297.517 -90.1906 0.870268
185700 -16172.2 -20037.5 299.315 17.299 0.871882
185800 -16277.3 -20096.8 295.769 56.5189 0.873317
185900 -16347.5 -20101.1 290.663 -24.6673 0.87397
186000 -16261.5 -20096.4 296.955 115.508 0.874656
186100 -16209.6 -20077.1 299.483 52.6854 0.874339
186200 -16226.2 -20100 299.971 69.6667 0.873398
186300 -16306.4 -20104.7 294.13 -30.735 0.872245
186400 -16328.7 -20142.9 295.354 -92.0198 0.871312
186500 -16218.1 -20073.1 298.514 -140.593 0.87145
186600 -16136 -19998.8 299.116 205.104 0.872365
186700 -16130 -19994.4 299.241 -154.102 0.872237
186800 -16156.5 -19982.5 296.271 -26.7047 0.87307
186900 -16169.4 -20032 299.107 -8.6444 0.874121
187000 -16222.2 -20072.4 298.143 127.161 0.874994
187100 -16300.1 -20090 293.469 -3.66503 0.874979
187200 -16272.2 -20092.2 295.804 -1.48729 0.874957
187300 -16170.6 -20000.8 296.598 -35.2588 0.874891
187400 -16129.3 -20005.7 300.17 -154.419 0.875356
187500 -16162 -20037.4 300.097 100.474 0.876918
187600 -16233.9 -20043.7 295.015 290.317 0.877354
187700 -16241.8 -20052.5 295.087 30.9765 0.875483
187800 -16133.1 -19991.1 298.755 -127.961 0.873358
187900 -16060.9 -19931.5 299.722 15.746 0.872112
188000 -16076.7 -19944.7 299.522 -239.602 0.871246
188100 -16131.2 -19986.7 298.554 34.675 0.872186
188200 -16222.6 -20056.3 296.87 -31.1687 0.873326
188300 -16252.7 -20056.6 294.562 -154.508 0.874732
188400 -16218.3 -20054.7 297.077 -17.8063 0.877649
188500 -16200.1 -20101.5 302.115 338.327 0.880128
188600 -16249.1 -20066.7 295.626 -27.6603 0.879907
188700 -16257.2 -20118.1 298.979 -11.1855 0.879515
188800 -16270.6 -20108.6 297.2 165.711 0.878897
188900 -16264.1 -20097.5 296.84 -58.2842 0.87748
189000 -16185.2 -20032.2 297.893 -148.098 0.876494
189100 -16110 -19989 300.374 151.246 0.876344
189200 -16105.8 -20000.7 301.604 -73.2661 0.8756
189300 -16173.9 -20004.6 296.631 -83.4641 0.875295
189400 -16237.9 -20074.9 297.119 192.19 0.875553
189500 -16280.9 -20097.6 295.551 97.2617 0.874422
189600 -16276.2 -20134.6 298.781 -5.10787 0.872172
189700 -16241.6 -20107.7 299.374 78.6345 0.869711
189800 -16223.2 -20070.8 297.944 -198.404 0.867088
189900 -16191.4 -20041 298.094 -8.39512 0.865915
190000 -16142.4 -20026.7 300.782 -12.7292 0.865306
190100 -16099.8 -19963.2 299.165 -134.644 0.864652
190200 -16069.3 -20004.4 304.717 -117.478 0.865358
190300 -16171.7 -20012.6 297.426 -209.255 0.867439
190400 -16216.3 -20036 295.781 81.0956 0.871194
190500 -16203.2 -20081.6 300.332 179.147 0.874353
190600 -16240.9 -20060.6 295.786 110.006 0.875366
190700 -16304.7 -20101 293.975 70.8342 0.87513
190800 -16319.6 -20119.8 294.28 -105.898 0.874578
190900 -16231.7 -20109.7 300.296 -0.677078 0.874929
191000 -16180.5 -20027.3 297.881 149.613 0.875063
191100 -16151.1 -20011 298.896 -64.9972 0.874016
191200 -16115.7 -20004.6 301.142 31.6193 0.873543
191300 -16109.8 -20005.2 301.646 -24.9856 0.873008
191400 -16191.8 -20059.4 299.497 -152.211 0.872598
191500 -16266.6 -20066.9 294.278 -12.3199 0.873587
191600 -16255.8 -20090.4 296.937 11.0185 0.874714
191700 -16193.1 -20088.3 301.626 -144.284 0.875924
191800 -16130.4 -20062.5 304.488 136.098 0.877948
191900 -16205.1 -20077.5 299.865 19.212 0.878848
192000 -16291.9 -20106.3 295.376 79.2555 0.879404
192100 -16293.6 -20145 298.239 246.756 0.878974
192200 -16283.5 -20128.9 297.772 -207.586 0.876982
192300 -16249.4 -20113.1 299.186 -13.3727 0.876369
192400 -16198.4 -20073.5 300.072 151.911 0.875973
192500 -16153.5 -20014.9 299.01 207.344 0.874286
192600 -16103.7 -19954.9 298.223 -380.032 0.871544
192700 -16009.9 -19881.5 299.801 83.8261 0.87163
192800 -15986.6 -19922.6 304.792 -61.235 0.871843
192900 -16070.4 -19921 298.174 -102.276 0.872143
193000 -16085.8 -19906.4 295.856 -0.763284 0.873292
193100 -16055.5 -19932.7 300.238 -66.0271 0.874504
193200 -16083.9 -19989.3 302.422 82.8493 0.875803
193300 -16194.7 -20020.6 296.264 35.8041 0.876517
193400 -16192.5 -20001.5 294.951 -13.6624 0.87667
193500 -16135.6 -20015.7 300.457 67.4138 0.876652
193600 -16126.8 -19975.3 298.013 -157.813 0.876456
193700 -16140.2 -19995.4 298.533 -183.16 0.877769
193800 -16205.5 -20098.3 301.437 92.6046 0.880371
193900 -16303.5 -20114.7 295.128 50.7931 0.882087
194000 -16309.4 -20154.6 297.762 237.355 0.882857
194100 -16291.6 -20135.3 297.641 131.326 0.881669
194200 -16229.3 -20095.7 299.403 97.9529 0.878894
194300 -16142.9 -20007.8 299.283 -175.325 0.875952
194400 -16098.9 -19964 299.301 -96.2721 0.874719
194500 -16109.4 -20002.8 301.486 -238.325 0.874994
194600 -16244.6 -20066 295.91 65.154 0.877001
194700 -16280 -20101.9 295.947 97.6944 0.878324
194800 -16253.9 -20131 300.228 -110.268 0.878934
194900 -16239.2 -20066.1 296.34 4.04898 0.880129
195000 -16171.3 -20033.9 299.107 -32.9183 0.881535
195100 -16093.7 -19985.7 301.385 178.808 0.882993
195200 -16103.5 -19996.4 301.453 255.768 0.882813
195300 -16232.3 -20060.9 296.469 35.1449 0.880239
195400 -16256.9 -20074.8 295.644 -111.662 0.877239
195500 -16210.4 -20090.1 300.424 -20.1713 0.875426
195600 -16198.6 -20037.2 297.248 45.0089 0.874001
195700 -16182.2 -20029.6 297.932 -69.287 0.872321
195800 -16114.9 -20004.2 301.168 24.3763 0.870989
195900 -16078.3 -19922.4 297.674 -120.914 0.869724
196000 -16020.9 -19900 300.385 -181.449 0.869884
196100 -15963.6 -19851.8 301.083 231.305 0.871035
196200 -16013.2 -19888.3 300.073 -53.006 0.870674
196300 -16130.6 -19952.1 295.925 -89.7634 0.870702
196400 -16150.7 -19982.5 296.726 -57.7774 0.871528
196500 -16120.1 -19977.5 298.7 -13.8862 0.873069
196600 -16064.2 -19935.4 299.771 219.438 0.874543
196700 -15981.6 -19887.9 302.489 84.4491 0.874115
196800 -15969.1 -19866.9 301.826 -338.779 0.87322
196900 -16081.2 -19922 297.417 55.602 0.874847
197000 -16135.8 -19989.2 298.392 32.5095 0.876657
197100 -16144.8 -19982.6 297.188 9.82244 0.87796
197200 -16133.6 -19988.1 298.477 428.355 0.878505
197300 -16126.5 -19978.6 298.293 -67.5157 0.875917
197400 -16111.2 -19955.6 297.695 -152.362 0.873325
197500 -16085.5 -19933 297.934 59.1929 0.872108
197600 -16034.8 -19896.5 299.032 -33.7415 0.870599
197700 -15964.5 -19835.3 299.742 -215.739 0.869578
197800 -15912.6 -19805.7 301.466 -37.6718 0.870381
197900 -15944.4 -19818.2 299.974 59.2876 0.871704
198000 -16067.5 -19931.7 299.235 -4.93347 0.872538
198100 -16143.2 -19980.4 297.143 -181.767 0.87346
198200 -16185.9 -20018.9 296.817 -29.2096 0.876282
198300 -16208.8 -20050.7 297.501 124.522 0.879678
198400 -16232.2 -20086.2 298.437 100.775 0.882121
198500 -16297 -20083.1 293.181 139.466 0.883507
198600 -16272.1 -20078.8 294.776 194.114 0.883488
198700 -16172.8 -20038.5 299.345 83.1202 0.881435
198800 -16148.4 -19978.7 296.61 -280.053 0.878653
198900 -16107.7 -19951.3 297.633 -293.536 0.878393
199000 -16052.4 -19961.2 302.677 19.9192 0.88087
199100 -16128.2 -19996.8 299.565 83.6191 0.883878
199200 -16246.2 -20089.8 297.63 211.086 0.886163
199300 -16280.4 -20104.9 296.16 117.28 0.886957
199400 -16266.4 -20100.3 296.881 140.445 0.886436
199500 -16199.4 -20057.6 298.76 129.742 0.884149
199600 -16132.5 -20028.8 301.712 22.9986 0.879806
199700 -16146.6 -19988.1 297.47 -185.887 0.874345
199800 -16227.1 -20046.2 295.736 -408.424 0.870081
199900 -16289.3 -20068.6 292.657 -414.656 0.869544
200000 -16235.3 -20088.8 298.4 47.719 0.872816
200100 -16179.8 -20062.9 300.687 93.4592 0.876484
200200 -16210.5 -20080.3 299.662 -61.15 0.879507
200300 -16338.3 -20106.5 291.8 36.7016 0.883121
200400 -16363.9 -20223.6 298.878 424.722 0.885895
200500 -16355.6 -20144.6 293.404 -113.288 0.885387
200600 -16265.9 -20103.4 297.16 -85.9812 0.885402
200700 -16226.2 -20115.4 301.167 322.169 0.885756
200800 -16272.1 -20117.4 297.766 11.0176 0.883855
200900 -16316.4 -20139 296.006 -97.3955 0.881507
201000 -16293.8 -20136.2 297.54 88.3681 0.879697
201100 -16181.6 -20045.8 299.226 -151.309 0.877662
201200 -16110.2 -19944.5 296.917 -143.537 0.876825
201300 -16073.2 -19923.6 298.16 43.4766 0.877366
201400 -16068.3 -19970.6 302.181 154.386 0.877591
201500 -16139.9 -20041.3 302.109 84.2064 0.876267
201600 -16199.3 -20021.7 295.995 -246.794 0.874393
201700 -16171.3 -20003 296.71 44.4999 0.874059
201800 -16120.3 -19995 300.035 40.21 0.873555
201900 -16086 -19928.6 297.556 -107.053 0.872906
202000 -16001.2 -19936.1 304.702 71.3202 0.872916
202100 -16018.3 -19903.4 300.85 -76.6494 0.8723
202200 -16127.2 -19966 297.259 -87.0799 0.872367
202300 -16151 -20005.8 298.507 -211.525 0.873838
202400 -16176.6 -20021.8 297.758 45.5552 0.87762
202500 -16194.3 -20012.9 295.7 139.275 0.882008
202600 -16145.1 -20033 301.063 335.818 0.885561
202700 -16129.9 -20050.7 303.613 423.941 0.886224
202800 -16227.5 -20068.2 297.407 -103.081 0.883205
202900 -16264.6 -20079.1 295.383 53.4418 0.87996
203000 -16222.4 -20013.3 293.548 -72.7843 0.876431
203100 -16136.8 -19998.8 299.059 -103.456 0.873315
203200 -16142 -20002.5 298.939 -76.3931 0.871242
203300 -16171.1 -19996 296.186 -269.645 0.87008
203400 -16164.7 -20029.6 299.28 -200.175 0.871509
203500 -16178.4 -20043.2 299.276 177.258 0.874776
203600 -16258.4 -20092.4 296.889 135.414 0.876562
203700 -16306.7 -20104.3 294.071 53.3785 0.876859
203800 -16258 -20091.3 296.838 60.6069 0.876748
203900 -16156.4 -20052.4 301.691 -169.857 0.876368
204000 -16151.9 -20044.2 301.403 -14.2113 0.877121
204100 -16202.6 -20073 299.705 152.605 0.878063
204200 -16251.4 -20085.8 296.92 -241.168 0.878082
204300 -16253.6 -20100 297.844 -47.1299 0.879897
204400 -16251.2 -20114.1 299.127 107.922 0.882476
204500 -16344.8 -20201 298.61 165.702 0.88422
204600 -16440.3 -20218.7 292.585 299.721 0.884082
204700 -16383 -20177.7 293.846 47.0637 0.881401
204800 -16266.2 -20040.2 292.244 -221.52 0.878072
204900 -16170.6 -20026.4 298.582 17.4959 0.876047
205000 -16137.1 -20014 300.206 -54.2489 0.874326
205100 -16168.1 -20033.2 299.302 -18.9503 0.873113
205200 -16255.9 -20076.6 295.859 78.5145 0.871834
205300 -16281.7 -20094.2 295.224 -333.156 0.870145
205400 -16241.5 -20082.2 297.407 -35.0792 0.871037
205500 -16149.7 -19982.7 296.817 82.3967 0.872821
205600 -16026.2 -19903.2 300.226 -54.3996 0.874327
205700 -16041.4 -19932.7 301.327 191.402 0.876347
205800 -16127.9 -19973.5 297.792 162.241 0.877117
205900 -16186.4 -19995.4 294.962 -45.5069 0.876305
206000 -16153.6 -19975.6 295.96 -129.244 0.875557
206100 -16070.5 -19942.5 299.833 30.0743 0.875676
206200 -16063.4 -19951.6 301.09 169.34 0.875548
206300 -16104.7 -19974.2 299.64 -117.016 0.874254
206400 -16138.5 -19985.5 297.892 11.3122 0.873232
206500 -16144.6 -19994 298.083 22.7158 0.87214
206600 -16123.9 -19942.3 295.683 9.57883 0.870549
206700 -16011.7 -19893.6 300.593 -156.895 0.869064
206800 -15953.8 -19871.8 303.391 -92.6291 0.868852
206900 -16019.7 -19919.7 302.004 -180.607 0.869668
207000 -16108.9 -20016.4 302.586 -160.61 0.872241
207100 -16194.3 -20059.3 299.29 43.7291 0.876707
207200 -16249.4 -20081.3 296.728 203.921 0.880949
207300 -16262.8 -20090.1 296.374 299.549 0.883223
207400 -16223.4 -20091.8 299.56 326.476 0.882433
207500 -16129.8 -19974.3 297.7 79.7003 0.878544
207600 -16047.5 -19939 301.338 -93.8783 0.87421
207700 -16052.5 -19921.3 299.591 197.22 0.870505
207800 -16103.1 -19956.7 298.406 -304.666 0.866094
207900 -16213.3 -20013.7 294.284 -431.227 0.864806
208000 -16253.1 -20068.6 295.455 -83.8292 0.867513
208100 -16220.7 -20046.6 296.268 -104.64 0.871024
208200 -16160.4 -20029.3 299.593 251.257 0.8743
208300 -16125.6 -19995.9 299.703 158.748 0.875321
208400 -16130.9 -19987 298.601 34.4085 0.874816
208500 -16183.5 -20008 296.161 129.007 0.873605
208600 -16216.5 -20025.7 294.97 -207.669 0.872028
208700 -16180.3 -20032.4 298.286 69.0641 0.871831
208800 -16097.4 -19964 299.415 -100.914 0.871406
208900 -16044.7 -19935.5 301.29 -182.605 0.871889
209000 -16086.4 -19968.1 300.584 6.16931 0.873893
209100 -16195.5 -20040.7 297.758 135.074 0.875869
209200 -16215.2 -20033.8 295.702 -47.2648 0.876695
209300 -16181.9 -20050.8 299.587 48.1641 0.877608
209400 -16160.9 -20004 297.594 -11.4013 0.878294
209500 -16120.1 -20015.1 301.615 147.861 0.878757
209600 -16142.8 -20000.6 298.738 -154.987 0.878244
209700 -16232.8 -20051.9 295.736 -289.894 0.879269
209800 -16293.3 -20166.6 299.934 85.927 0.882848
209900 -16349.4 -20146.6 294.038 265.002 0.885475
210000 -16334.1 -20144.5 295.064 -112.005 0.885949
210100 -16289.1 -20091.6 294.452 87.3618 0.887021
210200 -16219.9 -20064 297.678 196.066 0.887234
210300 -16172.6 -20033.2 298.949 5.92663 0.885699
210400 -16144.7 -20008.1 299.165 36.0501 0.883843
210500 -16102.6 -19994.5 301.368 -98.1343 0.881885
210600 -16107.4 -20011.1 302.292 181.026 0.880557
210700 -16210.2 -20062.1 298.278 -151.506 0.878124
210800 -16261.9 -20071.1 294.967 -70.3269 0.876674
210900 -16246.1 -20121.9 300.127 77.9788 0.876045
211000 -16282.6 -20135.3 298.338 -16.1853 0.874827
211100 -16387.4 -20184.8 294.054 -286.208 0.874042
211200 -16400.8 -20216.4 295.469 52.365 0.87555
211300 -16342 -20192.9 298.202 37.9687 0.876869
211400 -16259.1 -20124.4 299.317 -227.102 0.878117
211500 -16125 -20039.8 303.148 279.872 0.880844
211600 -16077.5 -19970.6 301.47 327.059 0.880995
211700 -16129.9 -20026.1 301.709 -92.1113 0.878471
211800 -16211.7 -20035.5 296.103 -254.469 0.877004
211900 -16229.8 -20060.3 296.624 -29.1446 0.877876
212000 -16199.8 -20067.5 299.5 209.68 0.878948
212100 -16141.1 -20049.3 302.635 345.907 0.877676
212200 -16118.8 -19978.4 298.868 -240.019 0.873998
212300 -16132.2 -19992.8 298.952 -128.468 0.872378
212400 -16171.9 -19981.9 295.032 -113.998 0.87228
212500 -16201.1 -20075.1 299.982 215.253 0.872746
212600 -16280.2 -20054.6 292.276 -59.7105 0.871813
212700 -16247.2 -20054.3 294.811 -336.524 0.871608
212800 -16171 -20041.9 299.745 57.3455 0.873707
212900 -16181.7 -20066.3 300.806 36.5072 0.875587
213000 -16256 -20123.5 299.478 330.027 0.876571
213100 -16320.4 -20139.5 295.735 101.952 0.875049
213200 -16301.3 -20109.5 294.885 -130.154 0.872796
213300 -16233.2 -20050.8 295.621 1.00906 0.871515
213400 -16190.8 -20033.3 297.549 -207.108 0.871038
213500 -16171.6 -20051.4 300.439 -82.7453 0.872168
213600 -16192.5 -20026.8 296.913 -17.2395 0.873971
213700 -16267.2 -20079.6 295.217 111.965 0.875576
213800 -16354.8 -20145.2 293.511 54.6778 0.876157
213900 -16338.7 -20165.1 296.305 -119.823 0.876463
214000 -16237.4 -20083.3 297.818 167.814 0.877165
214100 -16176.3 -20028.2 298.272 227.919 0.876396
214200 -16186.3 -20051 299.267 -24.4026 0.874192
214300 -16230.7 -20073.8 297.596 -234.117 0.872217
214400 -16302.9 -20125.8 296.035 -89.5455 0.872279
214500 -16370.8 -20152.5 292.841 -73.1827 0.87355
214600 -16295.1 -20132 297.113 -21.4384 0.875241
214700 -16177.3 -20091.1 303.063 280.078 0.876707
214800 -16213.4 -20051.8 297.224 49.0075 0.875985
214900 -16259.4 -20095.2 297.029 -97.8687 0.874768
215000 -16278.9 -20108.2 296.523 43.6239 0.874276
215100 -16239.5 -20081.2 297.491 80.1724 0.873411
215200 -16153.8 -20081 304.109 19.7501 0.87185
215300 -16167.2 -20024.1 298.663 -219.204 0.87029
215400 -16262.2 -20097.7 297.011 -202.85 0.870655
215500 -16326.7 -20118.3 293.61 34.8142 0.872927
215600 -16297.1 -20124.7 296.394 164.482 0.874782
215700 -16261.1 -20122.4 299.004 37.6497 0.875273
215800 -16238.3 -20083.1 297.728 -57.2648 0.875336
215900 -16161.1 -20066.2 302.391 -17.7766 0.875733
216000 -16097.7 -20008.7 302.856 29.9527 0.87633
216100 -16130.2 -20029.4 301.942 -8.37378 0.876785
216200 -16243.8 -20100.6 298.657 -168.294 0.877199
216300 -16295.7 -20161.2 299.325 -43.8247 0.878665
216400 -16348 -20152.5 294.608 -109.551 0.880783
216500 -16341.2 -20161.5 295.828 -81.547 0.883691
216600 -16228.4 -20124.8 301.723 259.191 0.886565
216700 -16196 -20084.2 301.083 245.699 0.886768
216800 -16254.3 -20119.1 299.275 240.545 0.884471
216900 -16316.1 -20112.2 293.954 -229.879 0.88112
217000 -16295.1 -20113 295.643 -147.851 0.880026
217100 -16257.1 -20111.4 298.462 -105.912 0.880573
217200 -16257.2 -20136 300.36 158.848 0.881799
217300 -16294.6 -20116.6 295.96 99.0119 0.881629
217400 -16326 -20174.6 298.023 -216.525 0.880876
217500 -16402.1 -20195.9 293.78 -59.6596 0.881714
217600 -16433.9 -20250.5 295.544 14.3966 0.883094
217700 -16375.1 -20218.6 297.62 -24.2126 0.884466
217800 -16281.8 -20163.9 300.614 -67.8873 0.886071
217900 -16258.8 -20144.1 300.863 35.091 0.888016
218000 -16298.9 -20202.8 302.303 220.97 0.889416
218100 -16348.2 -20197.1 298.044 67.2559 0.889038
218200 -16376.8 -20229.9 298.371 -75.9165 0.887994
218300 -16403.4 -20235.5 296.742 94.6635 0.887182
218400 -16414.4 -20230.6 295.507 19.9107 0.88567
218500 -16362.6 -20154 293.592 0.253295 0.884074
218600 -16254.9 -20120 299.302 -146.181 0.882777
218700 -16213.2 -20067.6 298.473 -8.85278 0.882506
218800 -16203.4 -20109.8 302.496 63.5992 0.882392
218900 -16292.1 -20109.4 295.592 -37.8113 0.881863
219000 -16350.3 -20192.5 297.531 123.31 0.88132
219100 -16364.3 -20169.5 294.664 -217.959 0.880242
219200 -16329.5 -20159.1 296.548 -57.882 0.88064
219300 -16289.1 -20123.8 296.942 8.6592 0.881845
219400 -16253.3 -20126.3 299.916 73.8071 0.883168
219500 -16258.5 -20114.7 298.609 318.659 0.883657
219600 -16322.4 -20126.5 294.577 171.272 0.881206
219700 -16347.8 -20155.6 294.858 -28.4151 0.876589
219800 -16278.5 -20106.5 296.428 -291.855 0.872149
219900 -16182.9 -20043.1 298.923 -231.056 0.870086
220000 -16156.5 -20034.9 300.326 -205.185 0.870664
220100 -16187.8 -20036.7 298.042 67.6555 0.872773
220200 -16230.1 -20047.7 295.618 -220.015 0.875064
220300 -16233.8 -20082 297.993 173.703 0.879188
220400 -16219.8 -20071.7 298.279 153.168 0.882196
220500 -16214.2 -20079.8 299.336 234.07 0.883245
220600 -16237.9 -20120.2 300.63 -69.0218 0.882424
220700 -16327 -20142 295.417 1.06796 0.881919
220800 -16350.8 -20159.7 294.949 -58.9426 0.881511
220900 -16283.6 -20122 297.231 67.3668 0.881395
221000 -16231.5 -20107.6 300.145 60.2772 0.880882
221100 -16245.6 -20097.9 298.304 -18.5114 0.879612
221200 -16254.8 -20087.5 296.791 70.5285 0.87822
221300 -16222.5 -20059.6 297.125 29.0475 0.876095
221400 -16129.8 -20048 303.405 -407.557 0.873937
221500 -16128 -20008.2 300.461 87.57 0.874796
221600 -16238.2 -20036.9 294.158 86.7454 0.875576
221700 -16277.9 -20108.3 296.614 19.3744 0.875225
221800 -16258.7 -20092.8 296.896 -226.089 0.874914
221900 -16219 -20074.8 298.575 -213.986 0.876884
222000 -16123.3 -20023.4 302.01 410.403 0.880811
222100 -16052.5 -19992.5 305.092 63.5813 0.88213
222200 -16129.5 -20034.6 302.393 -133.628 0.882695
222300 -16197.4 -20075.4 300.296 191.413 0.884139
222400 -16248 -20064.1 295.504 43.6215 0.88421
222500 -16248.2 -20097.6 298.081 -165.871 0.883928
222600 -16231.9 -20115.4 300.717 212.257 0.884698
222700 -16283 -20117.4 296.922 314.947 0.883573
222800 -16346.8 -20127.8 292.785 -24.1811 0.879406
222900 -16282.9 -20116.7 296.876 -285.075 0.875025
223000 -16205.7 -20073 299.464 -155.573 0.873051
223100 -16190.5 -20026 297.007 -74.3995 0.872822
223200 -16169 -20025.9 298.667 -100.039 0.873549
223300 -16168.4 -20019.4 298.212 -229.249 0.87542
223400 -16187.4 -20008.4 295.884 139.39 0.879225
223500 -16176.4 -20042.3 299.367 324.328 0.882041
223600 -16204.2 -20091.1 300.987 230.386 0.88168
223700 -16281.4 -20075.8 293.822 60.631 0.879148
223800 -16279.7 -20128 297.996 -8.71762 0.875945
223900 -16228.1 -20057.6 296.541 -155.237 0.873213
224000 -16109.6 -19980.8 299.77 101.298 0.871592
224100 -16087.3 -19963.9 300.192 58.3692 0.869117
224200 -16131.5 -19990.3 298.816 -191.995 0.866532
224300 -16210.2 -20026.1 295.485 -121.729 0.865839
224400 -16241.1 -20049.2 294.888 -68.4021 0.866302
224500 -16155.7 -20058.8 302.234 -30.3119 0.867347
224600 -16094.2 -19996.3 302.157 230.936 0.868355
224700 -16145.3 -19982 297.102 -203.182 0.86786
224800 -16197.1 -20009.6 295.229 -25.9904 0.868574
224900 -16168.5 -19983.9 295.45 107.474 0.869577
225000 -16043.2 -19903.9 298.958 -74.7954 0.869797
225100 -16013.4 -19884.3 299.749 188.221 0.870221
225200 -16042.2 -19889.6 297.927 259.712 0.869179
225300 -16114.5 -19951 297.083 -20.8558 0.865851
225400 -16174.9 -19925.3 290.419 -349.827 0.863199
225500 -16089 -19923.7 296.947 -86.6472 0.863861
225600 -16029.7 -19884.9 298.527 135.584 0.865114
225700 -16034.2 -19866.1 296.73 -234.586 0.865641
225800 -16008.3 -19841.4 296.827 40.3485 0.867757
225900 -15939.8 -19855.1 303.184 401.58 0.868739
226000 -15960.7 -19794.3 296.858 -56.0496 0.866761
226100 -16049.9 -19868.5 295.693 -123.28 0.865243
226200 -16132.7 -19927.3 293.835 20.0878 0.864828
226300 -16108.7 -19913.1 294.601 -214.888 0.864848
226400 -16025 -19899.8 300.048 -56.0198 0.866508
226500 -16018.1 -19895.9 300.281 155.411 0.868199
226600 -16072.8 -19950.4 300.266 -11.3951 0.868713
226700 -16151.2 -19974.2 296.041 -42.9879 0.869199
226800 -16153.6 -19953.6 294.263 -271.257 0.870362
226900 -16106.6 -19988.8 300.619 247.58 0.873374
227000 -16117.4 -19997.9 300.491 75.8701 0.874671
227100 -16151 -20020.7 299.66 90.2381 0.874526
227200 -16175.7 -20006.6 296.651 -10.1048 0.873709
227300 -16165.8 -20015.9 298.135 67.7404 0.872741
227400 -16101.1 -19930.6 296.544 -132.014 0.871552
227500 -15989.4 -19893.9 302.353 -61.5968 0.87148
227600 -16009.3 -19904.6 301.637 158.351 0.871769
227700 -16095.8 -19952.7 298.663 -300.713 0.871374
227800 -16137.9 -19966 296.436 -110.605 0.873157
227900 -16115.6 -19922 294.755 78.8364 0.876134
228000 -16030.4 -19888 298.72 153.943 0.878461
228100 -16019.7 -19946.9 304.111 184.986 0.879264
228200 -16088.2 -19926.4 297.215 -6.40865 0.878413
228300 -16109.4 -19940.5 296.672 -16.937 0.877447
228400 -16093.5 -19949.6 298.602 233.737 0.876194
228500 -16052.1 -19928.2 300.147 58.8088 0.873136
228600 -16009.5 -19905 301.654 -109.565 0.869651
228700 -16064.5 -19913.6 298.063 -64.0196 0.867242
228800 -16127.6 -19904.5 292.47 -79.5567 0.86569
228900 -16071.7 -19926.2 298.479 -164.036 0.864982
229000 -16007.3 -19861.4 298.451 -167.273 0.866028
229100 -16003 -19903.9 302.073 -16.4822 0.868398
229200 -16045.7 -19924.6 300.367 29.3202 0.870811
229300 -16127.9 -19987.2 298.849 -54.2754 0.872689
229400 -16177.2 -20005.4 296.437 -129.252 0.874867
229500 -16196.2 -20058.1 299.047 230.853 0.877339
229600 -16275.6 -20082.5 294.793 55.5398 0.877701
229700 -16352.4 -20115.8 291.424 151.425 0.877111
229800 -16276 -20105.5 296.536 218.951 0.875304
229900 -16176.8 -20044.6 299.51 -153 0.872501
230000 -16174.8 -20022.2 297.926 90.8753 0.870765
230100 -16176.5 -20016.3 297.341 -103.072 0.869031
230200 -16138.4 -19988.5 298.136 -75.1998 0.868268
230300 -16064.9 -19952.3 301.028 41.6736 0.868401
230400 -16001.6 -19875.7 299.998 1.03717 0.868173
230500 -15992.6 -19924.2 304.448 15.0494 0.867728
230600 -16132.3 -20012.8 300.489 -183.808 0.867614
230700 -16211.8 -20032.5 295.865 -15.0673 0.869126
230800 -16232.8 -20086.6 298.422 139.196 0.870796
230900 -16246.8 -20079.5 296.785 -105.737 0.87138
231000 -16224.1 -20056.8 296.795 198.773 0.872143
231100 -16145.8 -20028.5 300.664 -36.2445 0.871804
231200 -16118.4 -20006.9 301.108 -116.234 0.871672
231300 -16185.6 -20002.8 295.584 -99.8203 0.872345
231400 -16275.6 -20045 291.888 38.4481 0.87381
231500 -16243.3 -20087.2 297.65 -99.7199 0.875747
231600 -16205.6 -20079.8 300.005 315.144 0.877913
231700 -16207.8 -20028.8 295.882 166.355 0.87752
231800 -16181.6 -20010.8 296.514 70.2125 0.875049
231900 -16146.1 -19992.8 297.874 -152.899 0.872169
232000 -16093.7 -19941.4 297.953 -61.3142 0.87066
232100 -15997.8 -19925 304.11 44.4924 0.869675
232200 -15978 -19875.6 301.814 -155.444 0.868405
232300 -16099.1 -19958.5 298.852 -209.711 0.86875
232400 -16188.7 -20019.4 296.633 24.6746 0.870966
232500 -16204.4 -20000.9 293.986 90.3143 0.873129
232600 -16130.8 -19993.2 299.087 110.233 0.874661
232700 -16086.3 -20005 303.444 195.237 0.874819
232800 -16149.6 -19999 298.084 -14.0832 0.873251
232900 -16189.1 -20031.3 297.52 -173.828 0.871825
233000 -16182.4 -20002.3 295.8 -190.942 0.871905
233100 -16122 -19976.1 298.442 5.60022 0.873777
233200 -16078.9 -19978.5 301.967 169.16 0.876107
233300 -16154.5 -20050.2 301.669 192.979 0.876969
233400 -16253.5 -20125.7 299.849 288.334 0.875583
233500 -16292.5 -20124.4 296.727 -186.598 0.871563
233600 -16271 -20063.7 293.687 -248.094 0.868297
233700 -16172.5 -20033.8 299.005 12.3648 0.867043
233800 -16145.2 -20029.9 300.816 -135.793 0.865959
233900 -16184.2 -19996 295.174 -83.7195 0.865743
234000 -16186.1 -20028.1 297.51 -183.255 0.866771
234100 -16102.3 -20010.8 302.664 227.771 0.869452
234200 -16094.2 -20000.9 302.52 108.243 0.870919
234300 -16186.1 -20022.4 297.071 -228.425 0.871434
234400 -16224.7 -20046.4 295.936 276.478 0.87345
234500 -16210.4 -20054.6 297.68 -42.6245 0.873947
234600 -16186 -20015.4 296.532 131.423 0.874345
234700 -16142.4 -20015.1 299.891 -114.942 0.87405
234800 -16071.2 -19966.1 301.602 154.565 0.874095
234900 -15994.1 -19938.3 305.426 -25.78 0.873209
235000 -16072 -19944 299.829 -137.546 0.872456
235100 -16161.3 -20012.7 298.234 -1.73325 0.872842
235200 -16194.2 -20007.2 295.261 188.169 0.873151
235300 -16171.6 -20035.2 299.179 132.352 0.871925
235400 -16112.3 -19992.8 300.492 -186.946 0.869348
235500 -16038.8 -19957.5 303.448 -398.932 0.868518
235600 -16080.1 -19959.1 300.379 -33.8887 0.871066
235700 -16181.7 -20012.2 296.615 123.684 0.874532
235800 -16200.2 -20039.2 297.279 338.717 0.876526
235900 -16184.8 -20043.4 298.797 26.8158 0.875811
236000 -16190.1 -20057.1 299.448 -210.721 0.874752
236100 -16279.2 -20077.9 294.156 132.563 0.875039
236200 -16316.4 -20115 294.144 102.842 0.874484
236300 -16250.8 -20102.6 298.27 82.8324 0.872827
236400 -16161.9 -20056 301.544 198.064 0.869989
236500 -16151 -20013.2 299.072 -257.135 0.865867
236600 -16157.9 -20006.5 298.021 -111.235 0.863681
236700 -16154.2 -19988.7 296.933 -200.144 0.862973
236800 -16125.4 -19988.2 299.121 -247.241 0.864152
236900 -16064.8 -19948.2 300.709 160.821 0.867269
237000 -16023.6 -19965.8 305.27 75.6294 0.869565
237100 -16125.5 -19997.2 299.814 -40.3877 0.87103
237200 -16189.1 -20024.2 296.978 -15.2088 0.872762
237300 -16195.7 -20059.9 299.226 48.7063 0.874457
237400 -16219 -20041.6 296.014 168.916 0.875592
237500 -16254.8 -20103.6 298.041 111.921 0.875073
237600 -16319.1 -20102.6 292.98 -103.544 0.873655
237700 -16291.3 -20113.7 295.995 4.68381 0.873055
237800 -16194.6 -20041.1 297.861 -7.1627 0.87263
237900 -16138.9 -20001.1 299.079 143.797 0.872022
238000 -16138.4 -19996.4 298.75 71.1425 0.870084
238100 -16144.9 -19965.1 295.818 -261.537 0.867621
238200 -16083.1 -19970 300.99 -50.6077 0.867383
238300 -15976.8 -19903.9 304.101 10.9763 0.867775
238400 -15996.6 -19879.4 300.668 -153.383 0.868302
238500 -16078.6 -19952.9 300.015 8.9 0.870139
238600 -16124.5 -19980.2 298.572 27.5396 0.872279
238700 -16154.2 -20003.6 298.083 164.299 0.874342
238800 -16180.7 -19988.7 294.874 -41.9183 0.875409
238900 -16119.6 -19997.8 300.314 104.124 0.876667
239000 -16037.1 -19916.1 300.372 365.945 0.876864
239100 -16056 -19962.7 302.519 78.0345 0.873775
239200 -16164.7 -19968.8 294.573 -202.762 0.869155
239300 -16170 -20008.4 297.231 -196.148 0.865957
239400 -16135.1 -19961.4 296.298 -281.602 0.864569
239500 -16065.3 -19948.1 300.669 52.0388 0.865522
239600 -16036.9 -19890.1 298.379 130.226 0.8665
239700 -15993.5 -19864.4 299.751 -34.3382 0.866266
239800 -15942 -19891.4 305.829 -112.802 0.866446
239900 -16039.1 -19941.8 302.209 67.842 0.867512
240000 -16124.2 -19952 296.412 -89.5274 0.868316
240100 -16126.5 -19947.8 295.906 90.4949 0.86982
240200 -16061.9 -19911.7 298.116 237.186 0.870661
240300 -16002.2 -19899.7 301.812 176.71 0.869274
240400 -16040.5 -19896.6 298.608 -49.4085 0.865904
240500 -16158.6 -19972.6 295.336 -305.102 0.862667
240600 -16174.5 -19948.7 292.255 -131.269 0.86203
240700 -16117.1 -19990.6 299.954 -167.599 0.862985
240800 -16115.8 -19963.9 297.988 79.2383 0.86535
240900 -16133.2 -19952.4 295.748 -181.471 0.86804
241000 -16089.7 -19948.4 298.799 -18.2016 0.872134
241100 -16020.8 -19932.5 302.903 542.07 0.876146
241200 -16059.9 -19928.6 299.576 114.492 0.875699
241300 -16158.9 -20007.4 298.009 -129.901 0.873743
241400 -16210.7 -20059.6 298.044 178.796 0.872748
241500 -16210.7 -20032.6 295.949 -102.069 0.870609
241600 -16170.7 -20005.7 296.968 -55.4884 0.86905
241700 -16080.6 -19978.5 301.845 -163.475 0.868478
241800 -16009.7 -19934.7 303.94 -54.9305 0.869156
241900 -16098.5 -19966.7 299.534 -72.4767 0.870522
242000 -16183.4 -20032.9 298.093 72.0481 0.872558
242100 -16214.9 -20055.4 297.392 103.03 0.873942
242200 -16230.8 -20045 295.356 -22.3605 0.874503
242300 -16194.8 -20069 300.008 218.641 0.874844
242400 -16165.4 -20007.5 297.517 35.4727 0.873404
242500 -16093.8 -19984.8 301.302 -156.523 0.871578
242600 -16045.4 -19917.8 299.864 3.95276 0.870929
242700 -16057.7 -19955.3 301.814 -51.4315 0.870772
242800 -16161.3 -19963.1 294.401 267.187 0.870256
242900 -16171.1 -19999.2 296.434 -203.369 0.867547
243000 -16134.7 -19994.9 298.916 -216.299 0.866142
243100 -16067.3 -19946.7 300.405 -129.511 0.866749
243200 -15996 -19905.6 302.744 -54.6055 0.869166
243300 -16049.8 -19944.5 301.586 78.3518 0.872904
243400 -16152.7 -20012.5 298.889 96.7058 0.876591
243500 -16206.5 -20068.4 299.052 248.541 0.879685
243600 -16264.9 -20122.3 298.703 340.25 0.880589
243700 -16325.1 -20161 297.031 103.224 0.878312
243800 -16382 -20207 296.19 -129.922 0.874558
243900 -16469 -20219.3 290.407 -313.898 0.872052
244000 -16464.8 -20221.7 290.916 108.45 0.871806
244100 -16345.2 -20145.2 294.262 -6.51935 0.871077
244200 -16252.5 -20074.3 295.947 -95.8872 0.870367
244300 -16185 -20051.5 299.412 31.7474 0.870521
244400 -16152.4 -20013.8 299.011 -33.822 0.870463
244500 -16144.3 -20034.5 301.243 -375.763 0.871042
244600 -16232.9 -20050.7 295.633 -47.5531 0.87499
244700 -16306.8 -20165 298.76 283.375 0.879756
244800 -16349.3 -20172.5 296.05 341.193 0.881896
244900 -16344.7 -20170.7 296.272 -19.7655 0.881056
245000 -16250.3 -20108.3 298.747 -12.7846 0.879852
245100 -16159.2 -20079.4 303.565 -88.6622 0.878956
245200 -16227.6 -20091.9 299.239 -0.284418 0.878698
245300 -16293.3 -20113.8 295.844 -35.4358 0.878691
245400 -16291.3 -20114.5 296.051 85.9643 0.878995
245500 -16230 -20120.4 301.261 -52.7606 0.878616
245600 -16176.6 -20063.8 301.01 77.5886 0.878472
245700 -16157.8 -20059.1 302.096 192.707 0.877508
245800 -16231.5 -20079 297.939 -169.291 0.874905
245900 -16304 -20112.5 294.92 -255.986 0.873455
246000 -16280.9 -20082.3 294.368 -223.193 0.874683
246100 -16180.9 -20013.8 296.807 118.592 0.878197
246200 -16150.3 -20023.5 299.928 163.455 0.881005
246300 -16179.4 -20030 298.175 257.752 0.882288
246400 -16241 -20074.5 296.853 -58.5472 0.881714
246500 -16307.6 -20125.1 295.612 37.2251 0.88114
246600 -16361.9 -20136.8 292.313 111.659 0.879904
246700 -16315.8 -20126.7 295.105 -56.3019 0.877355
246800 -16206.5 -20074.7 299.544 -19.6186 0.874752
246900 -16183.2 -20054.7 299.791 -292.394 0.872148
247000 -16209.9 -20026.9 295.571 -300.869 0.87173
247100 -16191.8 -20025.2 296.84 -134.647 0.874472
247200 -16094.1 -19971.2 300.233 318.06 0.878944
247300 -16056.4 -19956.1 301.975 250.983 0.88135
247400 -16118.8 -19961.8 297.588 77.9676 0.881658
247500 -16182.4 -20036.8 298.471 119.833 0.880751
247600 -16205.2 -20038.3 296.818 -203.942 0.878801
247700 -16202.7 -20075.6 299.903 92.4532 0.877989
247800 -16237.2 -20089.7 298.32 -89.7261 0.876762
247900 -16313.7 -20144.7 296.655 27.1221 0.87632
248000 -16352.9 -20150.3 294.059 -169.446 0.876148
248100 -16259.5 -20103.9 297.694 -79.947 0.877193
248200 -16162.2 -20044.1 300.6 122.328 0.879058
248300 -16173.9 -20069.2 301.644 -67.5561 0.880294
248400 -16248.2 -20074.9 296.32 -51.8797 0.881858
248500 -16290.9 -20118.5 296.391 165.515 0.883813
248600 -16287.3 -20129.5 297.525 -65.9965 0.884811
248700 -16226.6 -20103.7 300.223 131.084 0.885809
248800 -16151.9 -20025.5 299.953 219.478 0.885687
248900 -16135.7 -20029.4 301.514 40.9092 0.883499
249000 -16214.5 -20035.9 295.913 -22.5554 0.880706
249100 -16292.6 -20141.7 298.053 -205.686 0.878565
249200 -16319.9 -20158 297.213 -18.2736 0.877789
249300 -16312.4 -20113.4 294.339 -23.2615 0.87712
249400 -16267 -20074.2 294.812 -279.08 0.8772
249500 -16197.4 -20023 296.24 132.278 0.879709
249600 -16155.8 -20043.6 301.054 194.098 0.881372
249700 -16193.9 -20069.5 300.115 83.5282 0.881105
249800 -16247.4 -20044.7 294.05 -44.2311 0.879796
249900 -16225.9 -20029.7 294.549 -29.1833 0.878777
250000 -16180.6 -20018.7 297.202 -57.3532 0.878182
250100 -16179.5 -20047.5 299.529 -80.8878 0.878219
250200 -16230.9 -20124.8 301.531 -29.2694 0.879144
250300 -16320.8 -20124.8 294.571 29.7913 0.880179
250400 -16300 -20085.4 293.126 -7.02195 0.881102
250500 -16223.4 -20078.8 298.547 191.958 0.882202
250600 -16207.6 -20094.4 300.978 52.5285 0.881653
250700 -16240 -20085.8 297.804 -69.8943 0.880253
250800 -16287.3 -20138.6 298.233 -56.7966 0.879291
250900 -16408.6 -20217.4 294.94 20.1083 0.878564
251000 -16447.3 -20231.8 293.063 -117.102 0.877952
251100 -16390.5 -20204.7 295.359 -26.8437 0.878367
251200 -16320 -20179.2 298.838 59.4482 0.879134
251300 -16295.2 -20141.9 297.872 89.8931 0.879308
251400 -16300.6 -20175 300.024 -14.6472 0.878929
251500 -16395.5 -20201.3 294.702 -65.5873 0.878626
251600 -16462.9 -20259.3 293.976 40.8146 0.878743
251700 -16436.7 -20260.2 296.081 -174.407 0.878803
251800 -16374.2 -20188.6 295.367 -162.382 0.880363
251900 -16321.1 -20145.4 296.139 272.527 0.883231
252000 -16278 -20139.8 299.036 205.827 0.884217
252100 -16269.8 -20146.4 300.191 149.903 0.882902
252200 -16348.2 -20189.3 297.434 -151.658 0.880332
252300 -16427.4 -20201.6 292.254 48.2219 0.878644
252400 -16391.6 -20173.1 292.821 -179.859 0.877271
252500 -16331.9 -20178.5 297.861 -28.4958 0.877224
252600 -16288 -20113.5 296.232 126.672 0.877208
252700 -16212.7 -20044 296.687 -83.3376 0.876171
252800 -16141.4 -19978.6 297.138 -10.6884 0.875756
252900 -16120.7 -20002.8 300.619 10.9095 0.875599
253000 -16167.8 -20036.3 299.559 90.4581 0.875234
253100 -16221.3 -20040.1 295.713 29.7822 0.874091
253200 -16213.5 -20043.1 296.544 -86.763 0.872429
253300 -16171.9 -19999.1 296.364 -291.166 0.871696
253400 -16144.1 -19992.9 298.038 30.0391 0.873389
253500 -16132.8 -19966.7 296.881 62.3972 0.875276
253600 -16100.5 -19956.5 298.591 -286.741 0.877398
253700 -16073.7 -20003.4 304.294 381.979 0.881538
253800 -16183.6 -20048.9 299.311 64.739 0.883111
253900 -16248 -20083.3 296.986 50.5187 0.88369
254000 -16245.6 -20057.7 295.192 87.6054 0.883744
254100 -16176.8 -20043.3 299.406 -12.9341 0.88308
254200 -16114 -19999.2 300.855 146.157 0.88201
254300 -16104.7 -19965 298.921 -112.359 0.87978
254400 -16165.4 -20017.2 298.27 -103.716 0.878291
254500 -16258.8 -20097.7 297.266 -82.2443 0.877588
254600 -16297.3 -20078 292.768 -233.571 0.878066
254700 -16231.5 -20102.2 299.727 210.187 0.880434
254800 -16190.4 -20074.8 300.8 260.267 0.881307
254900 -16227.6 -20032.4 294.628 68.5237 0.879768
255000 -16294.9 -20078.7 293.005 -106.299 0.877049
255100 -16300.9 -20076.9 292.394 -193.389 0.875013
255200 -16200.8 -20046.1 297.761 -26.5428 0.874781
255300 -16142.2 -20011.1 299.593 106.548 0.874805
255400 -16152.2 -20047 301.602 -43.581 0.87401
255500 -16251.1 -20086.7 297.015 -154.197 0.873489
255600 -16297.1 -20118.9 295.94 115.285 0.873987
255700 -16279.6 -20129.4 298.112 -99.6174 0.874119
255800 -16249.1 -20096.9 297.963 -101.666 0.874836
255900 -16165.1 -20050.3 300.853 5.13168 0.876781
256000 -16102.5 -20029.5 304.088 317.898 0.878824
256100 -16166.9 -20024 298.676 -20.9183 0.87844
256200 -16198.7 -20037 297.224 -56.7392 0.877766
256300 -16196.7 -20025.2 296.46 -125.406 0.877853
256400 -16150 -20013.6 299.187 93.6858 0.878866
256500 -16066.5 -19988.8 303.73 -45.0562 0.8796
256600 -16039.9 -19947.9 302.623 363.996 0.880109
256700 -16150.6 -20025 300.014 -123.451 0.877894
256800 -16232.4 -20070.6 297.218 -326.075 0.876406
256900 -16271.9 -20114.1 297.529 39.3349 0.877799
257000 -16305.1 -20129.9 296.174 -40.5822 0.879411
257100 -16302.2 -20130.6 296.459 38.5424 0.881106
257200 -16215.5 -20067.5 298.279 289.708 0.882205
257300 -16145.9 -20013.8 299.515 240.916 0.880713
257400 -16134.5 -19977.8 297.614 106.7 0.876888
257500 -16102.3 -19976.8 300.024 -22.0045 0.87192
257600 -16035.7 -19920.3 300.805 -118.406 0.86746
257700 -16012.4 -19927.9 303.207 -128.592 0.864569
257800 -16108.6 -19979.9 299.78 -414.545 0.863366
257900 -16178.9 -20020.1 297.446 -90.7339 0.865611
258000 -16210.4 -20057.5 297.91 -65.5775 0.868947
258100 -16235.8 -20058.2 295.992 -188.904 0.87276
258200 -16211.7 -20099.2 301.035 397.325 0.876904
258300 -16221.6 -20088.4 299.434 41.258 0.877633
258400 -16282.3 -20077 293.841 37.0233 0.877617
258500 -16259.6 -20098.8 297.289 -4.81739 0.87756
258600 -16183.8 -20084.9 302.09 160.214 0.877025
258700 -16147.3 -19995.9 298.02 27.7447 0.875336
258800 -16079 -19999 303.548 -80.5344 0.873698
258900 -16095.5 -20013.7 303.41 -19.1136 0.872643
259000 -16197.1 -20039.7 297.558 -283.001 0.872335
259100 -16243 -20088.9 297.81 -139.22 0.874459
259200 -16280.5 -20143.8 299.164 142.589 0.877549
259300 -16370.9 -20184.9 295.342 113.434 0.879535
259400 -16421.6 -20224.2 294.458 -91.681 0.880469
259500 -16385.9 -20188.7 294.475 134.205 0.881638
259600 -16339.9 -20146.6 294.772 20.2285 0.881987
259700 -16265.3 -20087.4 295.967 37.4827 0.881924
259800 -16212.1 -20127.5 303.192 159.21 0.881311
259900 -16261.4 -20112.4 298.211 -8.66681 0.879447
260000 -16301.1 -20153.2 298.287 -169.333 0.877669
260100 -16313.1 -20149.5 297.078 132.715 0.877162
260200 -16307.8 -20121.4 295.309 97.1855 0.8759
260300 -16280.1 -20120.2 297.361 -13.7412 0.873547
260400 -16268.6 -20135.2 299.412 30.6126 0.871192
260500 -16285.2 -20123 297.184 20.4654 0.868476
260600 -16269.1 -20080.4 295.128 -146.307 0.865814
260700 -16158.9 -20043.7 300.828 -119.087 0.864745
260800 -16132 -20019.5 301.036 -198.042 0.864985
260900 -16190.4 -20063.7 299.926 35.4461 0.866692
261000 -16272.4 -20073.5 294.341 123.362 0.868272
261100 -16260.2 -20066.4 294.738 89.6804 0.868525
261200 -16198.7 -20044.6 297.806 -281.136 0.868332
261300 -16160 -20061.3 302.106 155.812 0.870166
261400 -16220.2 -20086 299.354 -160.011 0.871296
261500 -16290 -20132.3 297.527 -191.906 0.8735
261600 -16305.3 -20161.7 298.625 83.8647 0.877593
261700 -16313.4 -20169.2 298.582 273.3 0.881057
261800 -16341.4 -20172.9 296.695 241.259 0.88178
261900 -16407.8 -20199.5 293.611 187.127 0.879912
262000 -16415.3 -20222.3 294.798 -249.711 0.87709
262100 -16310.1 -20126.6 295.537 -42.8775 0.876198
262200 -16215.4 -20041.3 296.269 120.249 0.875861
262300 -16165.2 -20033.3 299.533 96.2606 0.874498
262400 -16167.5 -20040.3 299.9 -114.196 0.872649
262500 -16227.9 -20017.9 293.486 -215.498 0.871948
262600 -16251.5 -20078.5 296.353 -34.0434 0.873274
262700 -16217.9 -20044 296.281 -19.9718 0.875008
262800 -16132 -20022.3 301.251 187.628 0.876233
262900 -16125.2 -19978.7 298.396 78.4245 0.876116
263000 -16146.9 -19989.2 297.535 72.918 0.875021
263100 -16168.6 -20012.1 297.628 -192.585 0.873705
263200 -16218 -20024.7 294.77 -54.8363 0.874004
263300 -16215.7 -20045.4 296.558 41.6159 0.874655
263400 -16136.9 -19986.5 298.1 -74.7181 0.875009
263500 -16074.1 -20003 304.24 158.565 0.875845
263600 -16138.4 -20030.3 301.376 34.1081 0.875617
263700 -16189.2 -20053.7 299.252 -43.2238 0.874892
263800 -16228.4 -20047.1 295.708 -93.7138 0.87448
263900 -16227.1 -20062.5 297.001 -79.5283 0.875035
264000 -16175.6 -20046.6 299.759 18.77 0.876539
264100 -16093.3 -19983.2 301.224 7.40596 0.877899
264200 -16061.5 -19955.3 301.518 92.5399 0.878854
264300 -16147.9 -19992.8 297.731 -25.257 0.879193
264400 -16224 -20052.9 296.495 277.219 0.879277
264500 -16230.9 -20064.9 296.894 17.6535 0.877352
264600 -16187.4 -20017.9 296.616 -227.258 0.875252
264700 -16097.2 -19973.2 300.149 -195.327 0.875032
264800 -16078.9 -19955.6 300.195 101.9 0.87659
264900 -16110.5 -19989.8 300.394 215.852 0.877379
265000 -16153.2 -20030.8 300.265 51.6291 0.876221
265100 -16199 -20037.7 297.254 154.15 0.873943
265200 -16194.3 -19971.2 292.471 -264.422 0.870887
265300 -16115.8 -20012.3 301.726 8.34072 0.870051
265400 -16130.8 -20008.6 300.282 -83.8978 0.869382
265500 -16163.2 -19982 295.712 -152.265 0.869462
265600 -16139.5 -20006.5 299.449 -12.1564 0.870988
265700 -16109.7 -19981.5 299.818 68.8528 0.872739
265800 -16102.9 -20005.3 302.192 166.336 0.873565
265900 -16188.4 -20015.1 296.326 44.0802 0.872898
266000 -16231.5 -20049.8 295.668 -126.709 0.872199
266100 -16212 -20057.2 297.757 206.233 0.872258
266200 -16110.3 -19988.8 300.338 -41.1942 0.870613
266300 -16026.9 -19887.9 298.976 60.7009 0.868294
266400 -16010.6 -19864.8 298.454 -291.512 0.866055
266500 -16026.5 -19894.8 299.547 -142.821 0.866289
266600 -16140.5 -19993.8 298.384 -176.62 0.868454
266700 -16224.9 -20046.2 295.903 -17.292 0.872353
266800 -16204 -20027.5 296.08 308.607 0.876751
266900 -16148.4 -20036.8 301.099 288.368 0.878672
267000 -16146.8 -20021.8 300.067 -79.294 0.877948
267100 -16238.4 -20059.9 295.921 -157.684 0.877624
267200 -16296.3 -20075.1 292.614 -66.2481 0.878956
267300 -16247.4 -20098.4 298.204 234.411 0.880917
267400 -16217.5 -20048 296.616 179.059 0.88092
267500 -16197 -20056.2 298.838 -87.7744 0.879261
267600 -16202.5 -20059 298.634 105.46 0.877745
267700 -16193.8 -20004.2 295.058 145.586 0.875093
267800 -16062.5 -19968.6 302.477 -155.253 0.870902
267900 -16033.4 -19905.1 299.808 -215.098 0.867639
268000 -16074.1 -19934 298.902 -230.556 0.866511
268100 -16145.9 -20001.3 298.546 -287.113 0.86783
268200 -16207.2 -20031.8 296.165 -38.4425 0.871723
268300 -16223.1 -20060.6 297.166 247.506 0.876497
268400 -16228.2 -20104.5 300.165 269.161 0.879207
268500 -16266.9 -20126.4 298.863 -146.717 0.879636
268600 -16320.4 -20120.2 294.239 160.266 0.880595
268700 -16293.9 -20095.6 294.393 -18.202 0.880741
268800 -16184.7 -20124.7 305.093 206.755 0.880315
268900 -16224.2 -20064.6 297.386 87.369 0.878039
269000 -16245.1 -20051 294.714 -291.328 0.875196
269100 -16184.3 -20071.3 300.992 45.6029 0.874466
269200 -16153.9 -20017.5 299.182 7.44664 0.873867
269300 -16212.8 -20058.9 297.824 -127.133 0.87313
269400 -16303.6 -20085 292.816 -195.298 0.873714
269500 -16273 -20093.8 295.87 -42.2645 0.876032
269600 -16188.8 -20041.1 298.303 210.397 0.878952
269700 -16166.6 -20034.9 299.543 42.5294 0.880783
269800 -16182.8 -20029 297.834 49.9192 0.882239
269900 -16200.8 -20075.7 300.058 354.651 0.882837
270000 -16313.2 -20110.9 294.081 -120.52 0.880424
270100 -16363.5 -20153.4 293.478 -220.194 0.878451
270200 -16288.6 -20087.5 294.171 -119.467 0.878365
270300 -16206.5 -20073.2 299.419 110.925 0.879513
270400 -16194.3 -20044.1 298.112 40.0655 0.880151
270500 -16203.5 -20060.2 298.647 12.9322 0.880157
270600 -16261.3 -20093.9 296.787 65.3234 0.880045
270700 -16339.2 -20121.8 292.913 94.3463 0.879166
270800 -16303.6 -20116 295.218 7.72683 0.877032
270900 -16199.2 -20055 298.575 -124.858 0.874857
271000 -16180.6 -20050.3 299.655 -83.6054 0.873441
271100 -16190.3 -20017.7 296.38 -324.729 0.872997
271200 -16159.7 -20019.4 298.883 88.8104 0.875153
271300 -16093 -19989.7 301.752 56.413 0.877288
271400 -16062.9 -19962.6 301.978 78.3014 0.878899
271500 -16135.9 -19966.1 296.602 160.456 0.879772
271600 -16228.4 -20074.8 297.848 137.573 0.879304
271700 -16263.3 -20108.5 297.752 -82.7596 0.877383
271800 -16260.3 -20073.9 295.31 -91.8729 0.875918
271900 -16206.7 -20085 300.318 -133.395 0.875712
272000 -16140.3 -20008.5 299.538 143.847 0.876303
272100 -16028.8 -19958.8 304.326 -42.3811 0.876002
272200 -16053.2 -19950.7 301.804 177.723 0.875374
272300 -16151.4 -19998.4 297.904 62.1713 0.873297
272400 -16196.7 -20062.1 299.322 -204.204 0.870831
272500 -16237.9 -20078.7 297.417 -77.0253 0.86968
272600 -16283.9 -20103.3 295.763 -103.353 0.869648
272700 -16351.9 -20116.6 291.529 -126.472 0.870709
272800 -16352.4 -20140.4 293.322 -9.62956 0.87293
272900 -16246.6 -20098.3 298.26 -23.6351 0.875826
273000 -16185.2 -20035.2 298.134 47.9123 0.878933
273100 -16174.6 -20080.4 302.454 190.925 0.881604
273200 -16260.3 -20080.9 295.856 50.7979 0.882757
273300 -16294.7 -20146.7 298.282 42.94 0.883222
273400 -16297.4 -20114.8 295.607 249.806 0.882786
273500 -16256.9 -20056 294.19 -102.769 0.880604
273600 -16192 -20049.4 298.705 -101.494 0.879022
273700 -16176.5 -20033.7 298.69 -118.414 0.878495
273800 -16179.2 -20049 299.657 -17.7432 0.879195
273900 -16253.8 -20116.4 299.104 226.77 0.879881
274000 -16347.7 -20127 292.655 91.4825 0.878455
274100 -16304.2 -20119.8 295.465 -295.677 0.876232
274200 -16218.5 -20069 298.169 -103.623 0.876375
274300 -16185.1 -20057.5 299.864 80.6985 0.877849
274400 -16211.3 -20053.4 297.52 111.571 0.878541
274500 -16225.1 -20040.6 295.462 -127.317 0.878346
274600 -16151.6 -20041.2 301.19 93.6565 0.879145
274700 -16100.4 -19996.4 301.685 112.184 0.879411
274800 -16142.8 -20002.2 298.857 -92.9424 0.878538
274900 -16223.3 -20028.6 294.672 -9.16995 0.878174
275000 -16220.1 -20053.5 296.847 19.9016 0.878231
275100 -16154.2 -20032.5 300.318 101.668 0.877685
275200 -16031.7 -19951.5 303.535 152.238 0.875907
275300 -16040.1 -19943 302.223 -141.846 0.872899
275400 -16104.7 -19960.9 298.605 -329.666 0.870823
275500 -16137 -19975.7 297.251 -148.919 0.871914
275600 -16143.6 -20000.1 298.637 165.701 0.874569
275700 -16159.1 -19978.5 295.761 66.2729 0.875755
275800 -16144.2 -19995.2 298.205 -162.635 0.876655
275900 -16089.9 -19954.6 299.261 214.139 0.878352
276000 -16061.4 -19941.8 300.49 121.062 0.878524
276100 -16094.1 -19934.3 297.37 -38.2773 0.877516
276200 -16158.9 -19994.3 296.996 -41.1246 0.876689
276300 -16245.2 -20043.4 294.121 -173.231 0.876322
276400 -16247.6 -20052.9 294.664 -58.9179 0.877477
276500 -16149.5 -20013.1 299.18 66.0669 0.879475
276600 -16095.8 -19974.5 300.352 242.259 0.880764
276700 -16114.8 -19949.1 296.907 226.509 0.879957
276800 -16108.4 -19963.9 298.553 17.7061 0.87694
276900 -16098.2 -19982.9 300.814 52.1878 0.873175
277000 -16166.9 -19956.3 293.435 -34.1918 0.868764
277100 -16187.1 -19972.7 293.142 -161.77 0.864898
277200 -16080.3 -19933 298.341 -491.895 0.863419
277300 -16015.4 -19875.2 298.89 -18.1842 0.865663
277400 -16007.6 -19874.7 299.459 -94.8935 0.868836
277500 -16055.9 -19920.9 299.29 95.9522 0.87249
277600 -16168.6 -19997.1 296.465 -83.7558 0.875275
277700 -16192.1 -20030 297.186 295.206 0.877885
277800 -16179.5 -20009 296.544 28.4136 0.87801
277900 -16109.5 -19967.3 298.734 64.0754 0.877243
278000 -16044.3 -19951.6 302.564 162.219 0.876136
278100 -16078.8 -19945.7 299.435 10.1144 0.873883
278200 -16110.7 -19980.8 299.682 36.2592 0.871545
278300 -16145.8 -19973.7 296.418 -360.856 0.869844
278400 -16132.6 -19934.4 294.398 -22.4331 0.870888
278500 -16025.3 -19910.2 300.834 85.0439 0.872318
278600 -16010.3 -19878 299.499 -41.3473 0.872898
278700 -16060.3 -19948.9 301.112 206.508 0.873369
278800 -16136 -19976.3 297.383 105.175 0.872317
278900 -16160.5 -19986.5 296.269 -83.4412 0.870428
279000 -16134.6 -19964 296.534 -163.822 0.869508
279100 -16033.6 -19932.2 301.894 190.981 0.869746
279200 -15941.7 -19880.7 305.022 110.85 0.868518
279300 -15984.6 -19854.2 299.644 -121.763 0.866301
279400 -16010.6 -19871.2 298.953 -331.512 0.865511
279500 -16050.3 -19913.7 299.166 -112.466 0.867624
279600 -16129.3 -20003.5 300.008 -22.5445 0.870941
279700 -16199.9 -20023 296.049 151.628 0.874193
279800 -16212.4 -20065.1 298.342 199.074 0.875833
279900 -16235.8 -20078.3 297.551 32.6948 0.875509
280000 -16320.5 -20130.7 295.048 -172.562 0.874898
280100 -16371.6 -20155.2 292.988 -56.7047 0.875564
280200 -16310.2 -20148.5 297.22 -50.3423 0.877165
280300 -16222.7 -20086.8 299.221 147.494 0.878859
280400 -16213.3 -20079.2 299.368 -93.5945 0.87951
280500 -16222.5 -20037.5 295.42 128.081 0.880569
280600 -16194.2 -20101.1 302.537 123.105 0.880421
280700 -16240.4 -20069.2 296.487 -63.4832 0.879202
280800 -16305.2 -20079.7 292.284 -108.667 0.878805
280900 -16244.4 -20070.8 296.299 119.381 0.879042
281000 -16171.3 -20040.4 299.61 11.8849 0.878432
281100 -16171.6 -20031.7 298.907 -15.7706 0.877662
281200 -16178.8 -19992 295.278 -120.407 0.877277
281300 -16081.7 -19987.4 302.444 75.4974 0.877877
281400 -16025 -19963.2 304.956 127.584 0.877736
281500 -16099 -19937.9 297.267 -80.3622 0.876845
281600 -16129.5 -19987.8 298.771 -105.514 0.876841
281700 -16150.8 -20031.4 300.497 -21.0212 0.877508
281800 -16227.5 -20072.1 297.717 106.147 0.878108
281900 -16288.2 -20110.8 296.004 -31.4459 0.877906
282000 -16283.9 -20120 297.057 -78.1022 0.877884
282100 -16266.1 -20094.5 296.456 2.55379 0.878464
282200 -16249.1 -20108 298.817 221.837 0.878884
282300 -16252.1 -20090.7 297.248 68.2476 0.877591
282400 -16235.9 -20065.7 296.57 -177.406 0.875957
282500 -16128.2 -20069.6 305.213 -20.5065 0.875857
282600 -16124.5 -20042.3 303.378 234.49 0.87573
282700 -16210.5 -20039.4 296.493 80.6961 0.873584
282800 -16207 -20023.1 295.508 -215.111 0.870924
282900 -16152.3 -20022.7 299.713 -137.611 0.870334
283000 -16144.9 -20025.8 300.521 -153.315 0.871432
283100 -16241.2 -20049.6 294.908 -89.7845 0.873933
283200 -16315.1 -20137.6 296 -11.204 0.876977
283300 -16312.2 -20147.4 296.985 201.836 0.879706
283400 -16294 -20144.2 298.141 64.8823 0.880877
283500 -16274.6 -20146.4 299.817 305.469 0.880595
283600 -16265.7 -20122.2 298.636 135.204 0.877831
283700 -16265.8 -20113.1 297.922 18.3383 0.873933
283800 -16254.5 -20081.9 296.375 -265.643 0.870655
283900 -16220.6 -20105.7 300.845 -95.3661 0.869747
284000 -16222.1 -20055.5 296.846 154.582 0.86967
284100 -16215.7 -20080 299.238 -190.688 0.86895
284200 -16227.3 -20105.5 300.318 6.40349 0.86949
284300 -16306.2 -20118 295.169 29.9554 0.870008
284400 -16321.8 -20096.4 292.285 -286.562 0.870565
284500 -16227.6 -20090.4 299.122 -36.9247 0.873423
284600 -16208.7 -20105 301.712 165.016 0.876533
284700 -16264.2 -20118.9 298.49 148.733 0.877907
284800 -16312.9 -20140.4 296.387 289.701 0.877572
284900 -16348.1 -20187.5 297.307 61.8244 0.874852
285000 -16431.4 -20180.8 290.339 -105.027 0.871525
285100 -16397.7 -20186.2 293.366 -71.8197 0.869529
285200 -16278.8 -20100.7 295.955 33.9844 0.868378
285300 -16212.5 -20074.2 299.031 -38.1513 0.867202
285400 -16189.9 -20032.7 297.574 -154.444 0.866737
285500 -16176.3 -20051.5 300.084 101.24 0.867349
285600 -16179.4 -20015.1 297.02 -89.3809 0.867177
285700 -16181.9 -20026.3 297.696 -187.767 0.867878
285800 -16186.2 -20041.1 298.506 -90.0027 0.870581
285900 -16196.5 -20052.3 298.579 -142.393 0.873929
286000 -16235.5 -20096 298.942 211.792 0.87764
286100 -16327.2 -20131.6 294.596 201.682 0.879822
286200 -16326.5 -20119.5 293.715 140.899 0.87962
286300 -16246.1 -20066.5 295.832 -125.622 0.878541
286400 -16207.3 -20069.3 299.057 95.1521 0.878241
286500 -16212.8 -20096.3 300.719 -123.044 0.877205
286600 -16277.4 -20120.2 297.569 -68.4274 0.877145
286700 -16353.3 -20135.2 292.861 205.98 0.877651
286800 -16314.7 -20145.1 296.615 7.09436 0.876718
286900 -16195.3 -20092.4 301.777 34.3143 0.875484
287000 -16212.5 -20068.2 298.574 133.663 0.873847
287100 -16251.7 -20065.4 295.316 -45.0609 0.871042
287200 -16217.7 -20046.2 296.459 -171.739 0.868671
287300 -16109.5 -19985.7 300.165 -159.442 0.867802
287400 -16098.7 -19976 300.244 -238.261 0.868795
287500 -16147.1 -20029.1 300.604 -65.4152 0.872076
287600 -16208 -20026 295.647 156.334 0.87576
287700 -16216.1 -20075.4 298.846 88.7735 0.878291
287800 -16221.7 -20065.3 297.629 245.759 0.879552
287900 -16210.1 -20043.8 296.869 -26.4098 0.878655
288000 -16133.4 -20044.8 302.883 292.351 0.877343
288100 -16087.8 -19989 302.098 106.808 0.873761
288200 -16160.2 -19982.2 295.966 -224.625 0.869486
288300 -16245.8 -20068.7 296.033 -218.03 0.867354
288400 -16261.8 -20032.6 291.997 -372.114 0.867948
288500 -16129.4 -20002.5 299.921 157.347 0.8712
288600 -16117.5 -20018.3 302.066 37.1593 0.873325
288700 -16199.7 -20040.3 297.397 34.7157 0.874723
288800 -16261.1 -20119.5 298.777 -78.356 0.875898
288900 -16311.5 -20122.7 295.126 -33.2156 0.877334
289000 -16298.3 -20112.7 295.374 -152.628 0.879399
289100 -16186.8 -20080.7 301.526 153.404 0.882383
289200 -16167.1 -20044.9 300.283 372.698 0.883362
289300 -16200.4 -20034 296.855 -106.698 0.88139
289400 -16204.4 -20052.8 298.004 47.8687 0.880155
289500 -16167.1 -20023.6 298.63 46.0941 0.878905
289600 -16076.2 -19960.9 300.815 115.6 0.877036
289700 -16061 -19963 302.157 20.3016 0.874394
289800 -16144.6 -19975.1 296.619 -172.837 0.872052
289900 -16178.5 -20007.2 296.481 -105.536 0.871322
290000 -16157.6 -20002.7 297.75 -106.637 0.871576
290100 -16095.2 -19980.7 300.875 -97.8304 0.872778
290200 -15982.4 -19872.1 301.199 52.3613 0.874924
290300 -15949.5 -19846 301.732 55.021 0.876556
290400 -16030 -19938.6 302.666 47.5198 0.877523
290500 -16117.3 -19985 299.5 82.3191 0.878102
290600 -16167.3 -19988.3 295.883 112.515 0.877631
290700 -16184.5 -20023.1 297.242 -150.914 0.876602
290800 -16168.7 -20018.8 298.138 149.493 0.876483
290900 -16110.3 -20010.2 301.992 174.14 0.874954
291000 -16096.6 -19954.6 298.747 -142.547 0.872061
291100 -16138.9 -19972.4 296.849 -304.533 0.870638
291200 -16179.7 -19980.7 294.341 -65.4951 0.871902
291300 -16125.3 -20006.9 300.576 166.403 0.87354
291400 -16088.5 -19976.6 301.079 -49.0857 0.874109
291500 -16137.6 -19962.7 296.198 -55.7173 0.874813
291600 -16215.5 -20023.5 294.874 -462.588 0.876667
291700 -16232.8 -20034.5 294.385 123.328 0.881838
291800 -16142.3 -20039.9 301.818 221.79 0.885748
291900 -16107.1 -20002.2 301.627 217.131 0.88702
292000 -16208 -20063.5 298.558 266.06 0.886244
292100 -16295.9 -20105.2 294.975 21.8613 0.883501
292200 -16253.9 -20075.5 295.927 -39.4309 0.881183
292300 -16173.3 -20023 298.111 -18.6962 0.879985
292400 -16132.2 -20038.9 302.517 164.693 0.879069
292500 -16177.4 -19986.7 294.983 -54.0282 0.877346
292600 -16202.1 -20029.5 296.385 -174.957 0.876251
292700 -16191.1 -19987.7 293.992 -165.154 0.876833
292800 -16099.4 -19973.1 299.965 26.695 0.878794
292900 -16070.5 -19954.8 300.786 49.1885 0.880526
293000 -16107 -19936 296.505 18.9997 0.881697
293100 -16154.8 -20005.8 298.201 176.633 0.882226
293200 -16251.9 -20047.7 293.936 -65.2413 0.88148
293300 -16265.9 -20104 297.205 -35.8845 0.881407
293400 -16230.4 -20085.9 298.56 200.819 0.881478
293500 -16118.5 -19990.1 299.806 29.9533 0.879725
293600 -16062.9 -19974 302.864 -76.6151 0.877877
293700 -16125.5 -20027.8 302.175 278.174 0.876228
293800 -16201.6 -20049.8 297.99 -235.381 0.872587
293900 -16211.7 -20031.4 295.784 -347.231 0.870747
294000 -16156.7 -20021.5 299.278 -47.0184 0.872253
294100 -16136 -20047.2 302.874 128.033 0.87462
294200 -16236.7 -20051.5 295.405 88.0646 0.87557
294300 -16263.8 -20069.6 294.705 -137.741 0.875837
294400 -16218.6 -20047.1 296.466 201.748 0.876943
294500 -16174 -20042.5 299.563 103.421 0.876579
294600 -16169.6 -20036.1 299.406 109.922 0.874945
294700 -16227.3 -20046.1 295.713 -186.904 0.872521
294800 -16295 -20081.1 293.177 -335.79 0.872114
294900 -16254.1 -20074.9 295.87 16.6096 0.874519
295000 -16156.8 -20058.9 302.16 80.1527 0.876854
295100 -16166.8 -20035.7 299.595 -41.3378 0.87847
295200 -16214.7 -20076.7 299.055 44.343 0.880373
295300 -16254.9 -20079.9 296.191 296.699 0.881543
295400 -16229 -20034 294.643 -29.7405 0.880123
295500 -16103 -19974.4 299.792 -116.086 0.878972
295600 -16085.1 -19983.9 301.906 134.084 0.878676
295700 -16156.3 -19972.8 295.536 148.148 0.877252
295800 -16177.3 -20000.9 296.078 -212.059 0.875008
295900 -16126.1 -19970.1 297.659 -179.717 0.874564
296000 -16032.9 -19929.1 301.704 -104.035 0.875852
296100 -16028 -19930.2 302.169 29.9902 0.878005
296200 -16080.7 -19943 299.085 163.582 0.879749
296300 -16116.4 -19993.7 300.24 321.188 0.879572
296400 -16157.6 -19955.6 294.104 -223.461 0.877195
296500 -16119 -19987.9 299.6 -138.762 0.876443
296600 -16081.2 -19985.8 302.353 -7.0011 0.877244
296700 -16166.2 -20040.7 300.027 100.59 0.877887
296800 -16265.7 -20087.7 295.957 14.9772 0.877698
296900 -16280.6 -20117.1 297.082 182.279 0.877109
297000 -16258 -20089.3 296.683 -34.8468 0.875238
297100 -16167.4 -20025 298.72 -105.302 0.873898
297200 -16099.5 -19997.4 301.841 34.4646 0.873508
297300 -16113.9 -19972.1 298.767 -118.26 0.872993
297400 -16147.4 -19995.8 298.013 -131.058 0.873545
297500 -16158.3 -19980.6 295.979 -199.25 0.87539
297600 -16145 -20013.6 299.566 45.8031 0.878679
297700 -16158 -19971.4 295.292 197.853 0.881172
297800 -16123.7 -19983.1 298.85 496.555 0.881189
297900 -16033.1 -19929.2 301.697 264.461 0.877205
298000 -16013.4 -19919.5 302.479 -138.312 0.871681
298100 -16127 -19948.7 295.938 -355.369 0.868641
298200 -16162.8 -19986.4 296.089 -120.563 0.869043
298300 -16149.5 -20026.9 300.257 -0.970302 0.870618
298400 -16187.5 -20025.1 297.167 -5.42704 0.872022
298500 -16274.4 -20101.7 296.369 -102.543 0.873561
298600 -16342.9 -20138.5 293.922 68.1248 0.875483
298700 -16313.3 -20142.5 296.518 -15.1498 0.876784
298800 -16176.3 -20037.1 298.97 -8.75578 0.878092
298900 -16128.3 -20004.8 300.182 72.7644 0.879505
299000 -16144.9 -19999 298.446 211.811 0.879959
299100 -16206.2 -20019.8 295.309 -179.721 0.878905
299200 -16257.9 -20095.5 297.172 -133.197 0.879516
299300 -16343.6 -20162.3 295.711 203.817 0.881011
299400 -16407.5 -20185.5 292.553 18.2154 0.880823
299500 -16338 -20132 293.795 -139.317 0.880469
299600 -16256.5 -20078.2 295.938 -11.5085 0.88134
299700 -16196.9 -20023.4 296.309 206.844 0.882101
299800 -16130.2 -19996 299.348 14.9711 0.881469
299900 -16125.4 -20039.6 303.102 -17.46 0.880607
300000 -16226.5 -20069.4 297.581 2.41888 0.8799
300100 -16253.4 -20086 296.785 57.6845 0.878804
300200 -16238.4 -20081.9 297.621 -36.9991 0.87708
300300 -16207 -20054.4 297.926 196.095 0.875285
300400 -16128 -19997.4 299.632 -99.2649 0.872009
300500 -16038.4 -19933 301.584 -428.632 0.869703
300600 -16032.3 -19899.6 299.469 -116.414 0.871081
300700 -16108.1 -19981.8 299.964 144.098 0.873698
300800 -16212.9 -20045.6 296.788 -167.494 0.875797
300900 -16231.4 -20107.2 300.13 75.6146 0.878833
301000 -16286.7 -20108.9 295.976 255.443 0.881309
301100 -16330.2 -20153.7 296.074 210.685 0.88156
301200 -16326.5 -20132.8 294.744 -198.564 0.880015
301300 -16214.4 -20079.4 299.289 125.467 0.879585
301400 -16155.6 -20014 298.78 -22.9256 0.87836
301500 -16138.3 -20008.8 299.713 -18.3012 0.876933
301600 -16194.5 -20035.8 297.449 -197.276 0.87608
301700 -16292.2 -20081 293.392 -106.135 0.876963
301800 -16281.6 -20094.7 295.269 185.901 0.878872
301900 -16242.4 -20089 297.865 -18.7208 0.879577
302000 -16221 -20047.2 296.291 19.4676 0.880292
302100 -16174.3 -20019.8 297.776 138.118 0.880789
302200 -16165.1 -20091.3 304.027 21.8291 0.880142
302300 -16219 -20074.4 298.546 -87.4974 0.879075
302400 -16246.3 -20098 298.261 6.06043 0.87835
302500 -16276.1 -20102.6 296.308 -61.6715 0.877624
302600 -16276.4 -20104.4 296.422 -62.9684 0.87762
302700 -16210.2 -20095.9 300.897 333.687 0.877933
302800 -16142 -19991 298.049 150.266 0.87505
302900 -16067.3 -19968.6 302.102 -290.651 0.870538
303000 -16080.5 -19956.3 300.126 -88.5195 0.868031
303100 -16206.3 -20021.7 295.449 -254.201 0.866848
303200 -16252.4 -20115.8 299.169 -211.117 0.867998
303300 -16278.2 -20094.3 295.502 92.1565 0.87113
303400 -16251.7 -20089.1 297.16 168.794 0.873621
303500 -16154.2 -20013.8 298.868 -281.704 0.875048
303600 -16109.7 -20017.3 302.586 249.07 0.878058
303700 -16147.2 -19994.3 297.9 -25.1055 0.879653
303800 -16160 -20001.1 297.445 109.714 0.880896
303900 -16175.8 -20029.2 298.397 77.034 0.881641
304000 -16255.3 -20063.4 294.888 -62.2372 0.881611
304100 -16334.2 -20103.3 291.861 78.1092 0.881875
304200 -16284.6 -20130.2 297.785 104.166 0.881534
304300 -16212.5 -20048.3 297.029 -42.0548 0.88017
304400 -16162.8 -20018.6 298.575 27.9131 0.878764
304500 -16166.5 -20048.2 300.589 119.64 0.877216
304600 -16222.8 -20048.1 296.213 -35.3297 0.874626
304700 -16235.1 -20037.4 294.436 -352.486 0.872409
304800 -16142.4 -20020.2 300.28 75.9363 0.872914
304900 -16092.5 -19958.7 299.389 6.91862 0.873288
305000 -16110.1 -19998.8 301.122 41.5237 0.873414
305100 -16163.5 -20041.2 300.275 17.3563 0.873255
305200 -16231.3 -20045.8 295.374 46.7246 0.872671
305300 -16225.3 -20037.1 295.172 -328.689 0.872414
305400 -16192.7 -20077.4 300.817 8.92963 0.874622
305500 -16214.5 -20090.9 300.172 153.122 0.877071
305600 -16256.9 -20097.7 297.41 208.414 0.878398
305700 -16277.6 -20113.1 297.009 17.8431 0.87812
305800 -16270.3 -20125.4 298.522 -74.8126 0.877452
305900 -16261.7 -20098.7 297.121 136.365 0.877055
306000 -16216.6 -20062.2 297.787 -78.304 0.875575
306100 -16148.4 -19997.8 298.088 25.0165 0.874058
306200 -16091.8 -19982.7 301.291 -12.5578 0.872214
306300 -16120.5 -20029 302.663 -66.1334 0.870251
306400 -16230.4 -20031.8 294.365 -98.2226 0.868604
306500 -16225.6 -20067.8 297.526 -4.76814 0.867664
306600 -16189.6 -20024.4 296.954 -114.717 0.867117
306700 -16120.1 -20002.2 300.612 20.1019 0.867397
306800 -16063.4 -19956.4 301.462 -11.8581 0.867655
306900 -16081.8 -19947.4 299.334 -163.658 0.868293
307000 -16172.3 -19996.6 296.138 129.718 0.870098
307100 -16203.5 -20001.7 294.114 84.0827 0.871088
307200 -16155.5 -20041.3 300.907 -63.7995 0.87143
307300 -16103.5 -19974.2 299.727 -17.9288 0.872021
307400 -16048.3 -19919.5 299.767 -30.4875 0.873107
307500 -15984.5 -19920.8 304.812 54.3157 0.874404
307600 -16060 -19946.6 300.962 157.06 0.875004
307700 -16143.5 -19971.3 296.407 61.7842 0.874353
307800 -16133.8 -19960.2 296.305 42.811 0.872889
307900 -16071.9 -19924.4 298.321 -150.978 0.871342
308000 -16009.5 -19903.5 301.533 97.709 0.870578
308100 -16030.1 -19875.9 297.805 -244.455 0.86955
308200 -16135.6 -19975.1 297.314 -113.678 0.870345
308300 -16209.8 -20032.4 296.008 222.531 0.87212
308400 -16227 -20071 297.669 10.1945 0.872547
308500 -16225.2 -20036.4 295.121 -72.3474 0.872654
308600 -16132.4 -20009.4 300.224 136.307 0.873103
308700 -16077.7 -19966.4 301.128 -227.966 0.872937
308800 -16111.1 -19975.7 299.257 27.7461 0.874287
308900 -16214 -20040.3 296.29 131.273 0.875835
309000 -16261.8 -20074.4 295.231 -46.4418 0.876558
309100 -16231.8 -20074.2 297.535 138.009 0.877379
309200 -16197.1 -20048.7 298.25 -162.403 0.877699
309300 -16145.5 -20033.9 301.1 232.268 0.878889
309400 -16094.7 -19978.5 300.747 146.901 0.878375
309500 -16056.6 -19910.6 298.441 -100.304 0.876215
309600 -16020.7 -19948 304.111 -172.088 0.874689
309700 -16104.2 -19968.2 299.218 11.9706 0.874491
309800 -16180.3 -19991.3 295.109 -91.4121 0.874479
309900 -16169.1 -20030.2 298.994 -22.1875 0.875297
310000 -16165.4 -20015.6 298.149 139.08 0.876358
310100 -16186.5 -19979.6 293.725 -176.983 0.876521
310200 -16132.9 -20009.7 300.207 102.241 0.877898
310300 -16091.4 -19984.2 301.445 -150.187 0.879136
310400 -16133.3 -20001.6 299.547 -68.5166 0.881626
310500 -16237.4 -20086.3 298.042 210.753 0.884823
310600 -16285.4 -20127.1 297.48 -44.8027 0.886675
310700 -16295.9 -20159.1 299.146 148.295 0.888542
310800 -16326.3 -20138.4 295.196 111.927 0.889174
310900 -16359.5 -20206.2 297.869 93.3583 0.888725
311000 -16410.6 -20205.8 293.887 225.275 0.886967
311100 -16378.7 -20204.8 296.273 -266.145 0.883541
311200 -16291.6 -20157 299.32 -72.6166 0.881878
311300 -16251.5 -20103.8 298.309 29.7135 0.881193
311400 -16228.9 -20060.8 296.729 244.345 0.879962
311500 -16111 -19981.5 299.718 -28.173 0.876917
311600 -16054 -19957.4 302.264 -40.8192 0.873724
311700 -16119.1 -19975.2 298.597 -204.14 0.871366
311800 -16173.5 -19988.4 295.415 -215.342 0.87112
311900 -16152.8 -20005.8 298.356 58.3461 0.872552
312000 -16084.7 -19975.9 301.32 217.703 0.873563
312100 -15996.3 -19938.9 305.299 49.936 0.872747
312200 -16040.4 -19911.8 299.78 167.228 0.870907
312300 -16131.1 -19935.3 294.583 -57.5619 0.86773
312400 -16122.1 -19951.5 296.537 -417.033 0.865433
312500 -16090.5 -19934.7 297.679 -209.882 0.866801
312600 -16059.9 -19936.4 300.187 -55.2577 0.870358
312700 -16090.6 -19954.4 299.196 85.145 0.874276
312800 -16199.7 -20021.9 295.972 -3.41464 0.877472
312900 -16250.7 -20081.1 296.612 174.502 0.880085
313000 -16240.7 -20040.6 294.252 208.818 0.880956
313100 -16139.9 -19993.8 298.433 88.2393 0.879942
313200 -16102.6 -19984.5 300.598 -8.67252 0.878169
313300 -16147.6 -20056.4 302.679 -67.3014 0.876714
313400 -16220.6 -20028 294.838 -107.054 0.87611
313500 -16215.6 -20066.8 298.221 144.169 0.876172
313600 -16196.6 -20028.4 296.725 -44.2125 0.875427
313700 -16098.2 -19963.9 299.342 230.778 0.874603
313800 -16019.7 -19915.4 301.668 -2.01306 0.872449
313900 -16048.1 -19899.5 298.236 -136.236 0.870842
314000 -16088.6 -19953.2 299.26 -1.08757 0.87035
314100 -16170.8 -19970 294.192 -222.396 0.870445
314200 -16255.3 -20019.1 291.454 0.408646 0.872128
314300 -16252.2 -20076.5 296.143 19.6077 0.87393
314400 -16163.9 -20020.7 298.656 362.246 0.874774
314500 -16104.3 -19976.3 299.826 193.034 0.872542
314600 -16112.9 -20009.7 301.75 -207.837 0.868907
314700 -16210.9 -20022.6 295.16 -181.196 0.867175
314800 -16230 -20034.2 294.584 -153.223 0.867539
314900 -16195.5 -20073.3 300.276 221.51 0.868945
315000 -16208.2 -20055.6 297.925 -94.1835 0.8689
315100 -16226.4 -20028.1 294.385 -140.155 0.86949
315200 -16128.3 -20010.7 300.637 134.608 0.87114
315300 -16074.7 -19956.6 300.593 309.791 0.871265
315400 -16129.8 -19989 298.835 -86.5608 0.869179
315500 -16201.9 -20038.6 297.098 -246.191 0.867702
315600 -16239.6 -20061.3 295.939 18.983 0.868214
315700 -16217.3 -20031.6 295.36 -169.971 0.869202
315800 -16106.6 -20023.5 303.307 116.187 0.871303
315900 -16113.6 -19993.1 300.413 256.117 0.872455
316000 -16192.9 -20045.4 298.321 -125.021 0.871471
316100 -16245.5 -20043.4 294.095 -302.108 0.871575
316200 -16220.3 -20073.6 298.389 -172.418 0.874458
316300 -16206.8 -20058.2 298.242 234.995 0.878865
316400 -16205.9 -20070.4 299.257 212.063 0.881408
316500 -16232.6 -20072.7 297.363 178.927 0.881597
316600 -16274.4 -20064.5 293.49 191.361 0.879883
316700 -16286.6 -20102.2 295.466 -5.57764 0.876497
316800 -16239.3 -20089.1 298.113 -254.552 0.873498
316900 -16175.2 -20029.3 298.45 -157.347 0.872918
317000 -16128.5 -20021 301.421 -70.2779 0.874117
317100 -16171.1 -20024.2 298.367 20.4738 0.875977
317200 -16262.1 -20075.1 295.266 25.5342 0.877271
317300 -16268.8 -20077.7 294.945 0.621146 0.878241
317400 -16202.6 -20026.1 296.074 -28.1584 0.879239
317500 -16122.7 -19983.6 298.975 45.5966 0.880094
317600 -16132.4 -20026.6 301.549 231.172 0.880455
317700 -16207.6 -20035 296.381 113.597 0.878773
317800 -16246.2 -20079.5 296.835 -160.826 0.876256
317900 -16258.2 -20067.3 294.963 -326.716 0.875697
318000 -16201.8 -20045.7 297.657 -127.007 0.878239
318100 -16119.5 -20037.3 303.378 279.274 0.881107
318200 -16165 -20044.7 300.428 128.426 0.881563
318300 -16218.9 -20057.1 297.217 93.2381 0.880578
318400 -16216.8 -20037 295.822 -152.377 0.879098
318500 -16179.4 -20054.3 300.059 162.095 0.878779
318600 -16192.3 -20033.2 297.431 124.989 0.877394
318700 -16254.1 -20021.2 291.708 -102.555 0.875187
318800 -16211.3 -20009.9 294.148 -89.8651 0.874145
318900 -16108.9 -19977.6 299.572 -47.513 0.874112
319000 -16094.7 -19954 298.85 -127.041 0.874662
319100 -16093.5 -19905.6 295.198 -208.721 0.876408
319200 -16029.8 -19988 306.507 399.073 0.879258
319300 -16106.8 -19985.5 300.355 155.603 0.878827
319400 -16182.3 -20023.1 297.417 -122.493 0.876831
319500 -16198.1 -20028.9 296.644 -123.872 0.875981
319600 -16176.9 -20010.9 296.887 -131.348 0.87662
319700 -16103.3 -20019.4 303.249 232.793 0.877934
319800 -16108.8 -19947.2 297.228 42.1874 0.877296
319900 -16171.3 -19962.6 293.585 -1.90655 0.876254
320000 -16196.4 -20017.6 295.895 -149.304 0.875494
320100 -16160.3 -20024.1 299.198 51.7256 0.875821
320200 -16119.9 -20021.9 302.151 105.928 0.876078
320300 -16175.2 -20009 296.879 -41.532 0.874999
320400 -16238.2 -20053.8 295.463 -98.0205 0.87439
320500 -16247.6 -20070.9 296.063 -134.014 0.874821
320600 -16202.1 -20059.1 298.669 -151.77 0.876678
320700 -16129.2 -20031.4 302.176 264.523 0.87969
320800 -16151.1 -19993.6 297.549 119.748 0.880712
320900 -16217.4 -20066.3 298.042 58.4657 0.880383
321000 -16309.5 -20091.1 292.835 -86.0429 0.879584
321100 -16302.1 -20119.8 295.628 139.508 0.879208
321200 -16252.1 -20092.8 297.406 185.574 0.877649
321300 -16238.6 -20080.8 297.522 -63.1132 0.87431
321400 -16215.8 -20044.4 296.47 -249.968 0.871572
321500 -16155 -20059.2 302.322 34.7152 0.87076
321600 -16182.8 -20038.4 298.565 -15.4644 0.869968
321700 -16272.4 -20070.7 294.124 -74.4781 0.869214
321800 -16292.4 -20099.7 294.824 -182.578 0.869305
321900 -16195.5 -20052.9 298.704 -106.183 0.871163
322000 -16126.4 -20019.2 301.445 64.5925 0.874272
322100 -16162.4 -20034.6 299.845 270.201 0.876731
322200 -16251.7 -20083.4 296.708 27.818 0.876971
322300 -16285.9 -20092.2 294.748 -185.362 0.876866
322400 -16237.6 -20073.6 297.039 223.174 0.878062
322500 -16193.6 -20060.6 299.451 165.951 0.877679
322600 -16195.7 -20048 298.304 99.8065 0.875237
322700 -16192.5 -20017.5 296.193 -59.258 0.871657
322800 -16134.6 -19987.5 298.355 -144.249 0.868527
322900 -16046.3 -19959.9 303.056 32.0213 0.866286
323000 -16066.2 -19921.6 298.542 -185.109 0.864041
323100 -16158.4 -19952.6 293.808 -231.473 0.863575
323200 -16285.9 -20043.3 290.96 -53.9926 0.865484
323300 -16264.4 -20064.5 294.261 21.7213 0.868219
323400 -16200.2 -20053.4 298.378 112.539 0.871071
323500 -16184.9 -20080.3 301.65 317.504 0.873247
323600 -16243.4 -20065.6 295.982 -6.24226 0.87293
323700 -16256.2 -20051 293.86 -202.857 0.872221
323800 -16124.1 -20025.2 302.084 220.799 0.872968
323900 -16113.4 -19994.4 300.529 -11.7737 0.872263
324000 -16182.5 -20015.2 296.788 -148.383 0.871279
324100 -16210 -20023.4 295.295 -3.64369 0.871471
324200 -16159.2 -20003.9 297.714 -213.497 0.872456
324300 -16044.4 -19920.1 300.119 -59.0116 0.875486
324400 -16015.6 -19925.7 302.78 302.109 0.879226
324500 -16095.4 -19987.4 301.378 276.507 0.880663
324600 -16171.5 -20034.1 299.104 39.5596 0.879669
324700 -16208.7 -20040.4 296.708 103.998 0.877651
324800 -16221.4 -20060.7 297.307 -97.1304 0.874734
324900 -16197.8 -20004 294.738 -193.951 0.872528
325000 -16098.7 -20011.5 302.997 73.7705 0.87181
325100 -16111.2 -19977.6 299.399 -76.5388 0.870631
325200 -16184.2 -20037.9 298.409 -194.37 0.870326
325300 -16254.7 -20044.2 293.446 11.0684 0.871799
325400 -16240.9 -20095.3 298.471 89.0674 0.873408
325500 -16242.1 -20094.7 298.332 -145.504 0.87452
325600 -16230.3 -20058.8 296.461 -75.6808 0.876578
325700 -16184.1 -20109.9 304.004 -32.6428 0.87989
325800 -16264.2 -20107 297.568 234.145 0.883601
325900 -16330.8 -20135.3 294.604 200.626 0.885509
326000 -16289.4 -20132.7 297.608 298.513 0.885075
326100 -16229.1 -20080.4 298.23 47.5424 0.882072
326200 -16164.4 -20047.3 300.679 -108.234 0.878365
326300 -16089.7 -20004.9 303.175 -9.60367 0.87548
326400 -16046.2 -19969.3 303.787 209.989 0.872831
326500 -16117.9 -19943.7 296.248 -19.9129 0.868519
326600 -16160.2 -19974.2 295.339 -217.852 0.864343
326700 -16108.5 -19933.4 296.19 -296.025 0.862727
326800 -15998.5 -19943.6 305.492 -19.8071 0.863733
326900 -16043.7 -19923.4 300.432 -130.087 0.865027
327000 -16112.4 -19981.2 299.587 -289.891 0.867702
327100 -16179.6 -20032.9 298.385 -33.3837 0.872454
327200 -16224.7 -20072.1 297.927 -48.1706 0.876854
327300 -16255.8 -20108.1 298.309 222.495 0.880325
327400 -16288.2 -20103.6 295.449 36.725 0.881494
327500 -16286.4 -20086.1 294.234 153.626 0.881742
327600 -16209.3 -20066 298.649 161.505 0.880834
327700 -16146.6 -20023.8 300.238 41.7084 0.878448
327800 -16120.3 -19980.7 298.937 78.5173 0.875644
327900 -16139.3 -19996.6 298.69 -63.3733 0.872987
328000 -16209.8 -20029.8 295.806 -400.15 0.871645
328100 -16268.8 -20069.6 294.322 -165.32 0.873606
328200 -16234.5 -20072.1 297.17 145.013 0.877017
328300 -16123.2 -20042.9 303.53 413.395 0.878623
328400 -16140.4 -20023.4 300.683 -107.539 0.876877
328500 -16197 -20063.7 299.426 38.3783 0.87548
328600 -16249.1 -20089.7 297.407 161.256 0.87404
328700 -16255.6 -20095.8 297.371 -111.389 0.871528
328800 -16244 -20065.6 295.932 -139.191 0.869923
328900 -16206.1 -20064.9 298.807 58.7864 0.869593
329000 -16154 -20035.9 300.599 -128.774 0.869196
329100 -16038.1 -19939 302.07 -64.2071 0.869618
329200 -15997.8 -19922.7 303.933 -3.36537 0.870629
329300 -16089.2 -19970.1 300.523 -201.346 0.87207
329400 -16170 -20049.4 300.41 157.605 0.874912
329500 -16233.9 -20080.2 297.836 66.7737 0.876693
329600 -16277.3 -20111.7 296.919 -73.1634 0.87771
329700 -16276 -20112.7 297.093 -148.216 0.879495
329800 -16204.4 -20091.8 301.026 445.594 0.882075
329900 -16135.3 -20004.7 299.629 407.86 0.880841
330000 -16075.6 -19954.8 300.386 -185.071 0.876136
330100 -16026.4 -19898.8 299.867 -147.832 0.872837
330200 -15963.6 -19898.9 304.732 98.6858 0.871092
330300 -16016.8 -19894.2 300.255 -164.987 0.86916
330400 -16093.4 -19898.7 294.671 -367.006 0.869018
330500 -16081.6 -19945.9 299.237 151.673 0.871696
330600 -16105.3 -19996.6 301.329 50.1528 0.873306
330700 -16228.5 -20076.5 297.974 60.6819 0.873888
330800 -16264.9 -20072.2 294.822 -191.107 0.874247
330900 -16224.4 -20067.4 297.589 -56.5345 0.876128
331000 -16168.2 -20055.6 301.02 191.736 0.878041
331100 -16173.7 -20049.6 300.131 76.8998 0.878397
331200 -16288.3 -20113.1 296.18 75.192 0.877795
331300 -16335.8 -20171.7 297.034 6.6826 0.876545
331400 -16322.1 -20134.5 295.22 -49.7059 0.875491
331500 -16236 -20112.3 300.17 49.6174 0.874777
331600 -16189.3 -20048.1 298.809 -104.076 0.873892
331700 -16189.7 -20060.4 299.731 8.54976 0.873829
331800 -16227.7 -20066.3 297.251 -196.632 0.874097
331900 -16342.7 -20092.3 290.355 -277.522 0.876185
332000 -16381.9 -20145.3 291.423 7.73046 0.880376
332100 -16297.3 -20141.3 297.667 457.1 0.883776
332200 -16279.4 -20152.8 299.943 113.926 0.883406
332300 -16320.1 -20149.5 296.535 110.592 0.881579
332400 -16346.3 -20174.4 296.437 -147.648 0.879368
332500 -16315.3 -20151.4 297.053 -11.024 0.878386
332600 -16215.9 -20085.9 299.679 73.3957 0.87762
332700 -16178.4 -20063 300.809 -19.9423 0.876281
332800 -16209.7 -20043.4 296.865 -183.118 0.875355
332900 -16293.2 -20107.5 295.367 131.683 0.875699
333000 -16360.1 -20125.8 291.606 -350.757 0.875722
333100 -16293.7 -20150.2 298.627 -252.341 0.878624
333200 -16259.9 -20157.6 301.818 141.416 0.883752
333300 -16292.2 -20144.9 298.336 281.207 0.887079
333400 -16339 -20189.7 298.184 75.9422 0.887896
333500 -16376.8 -20177.9 294.342 72.9604 0.887785
333600 -16306.3 -20168.4 299.061 195.078 0.886647
333700 -16193.5 -20095.1 302.123 94.4688 0.883895
333800 -16191.6 -20023.5 296.734 -46.7489 0.880417
333900 -16177.6 -20051.8 300 -162.64 0.877553
334000 -16215.3 -20102.5 301.008 -186.342 0.876188
334100 -16331.7 -20143.8 295.195 104.295 0.876373
334200 -16348.8 -20192.3 297.627 13.4935 0.876131
334300 -16334.5 -20163.8 296.527 -242.332 0.87604
334400 -16248.3 -20105.4 298.677 284.61 0.877223
334500 -16163.9 -20030.6 299.421 -158.679 0.876879
334600 -16151.5 -20028.4 300.215 -21.5311 0.877388
334700 -16174 -20016.4 297.542 -26.6332 0.878584
334800 -16194.2 -20071.9 300.272 94.3595 0.879788
334900 -16269.3 -20100 296.641 -122.122 0.880459
335000 -16347.2 -20145.9 294.156 69.4865 0.881893
335100 -16373.2 -20153.1 292.7 212.092 0.882527
335200 -16299 -20103.4 294.595 -170.029 0.881801
335300 -16193.8 -20068.1 300.011 230.557 0.882023
335400 -16170.9 -20058.6 301.054 202.439 0.880211
335500 -16215.8 -20028.9 295.274 8.84437 0.876281
335600 -16228.7 -20030 294.355 -113.483 0.872103
335700 -16137.3 -20003.7 299.4 -183.329 0.869131
335800 -16077.9 -19960 300.615 29.6549 0.867979
335900 -16119.4 -20017.6 301.868 82.4812 0.866604
336000 -16179.2 -20008.5 296.521 51.9759 0.864278
336100 -16182.3 -20022.5 297.372 -198.067 0.861828
336200 -16156.7 -19990.9 296.902 -227.215 0.861099
336300 -16076.2 -19931.2 298.512 -102.849 0.862679
336400 -15975.2 -19870 301.598 -20.4264 0.865266
336500 -15983.9 -19882.3 301.877 158.737 0.86786
336600 -16048.8 -19940 301.326 141.191 0.868927
336700 -16139.3 -19991.8 298.321 -155.016 0.869065
336800 -16179.5 -20006 296.311 11.445 0.870201
336900 -16158.7 -19979.8 295.887 185.329 0.871096
337000 -16067.2 -19990.7 303.817 70.6447 0.870542
337100 -16081.6 -19977.1 301.65 -164.685 0.869225
337200 -16183.2 -20007.8 296.169 -108.323 0.869426
337300 -16196.9 -20039.6 297.564 119.229 0.870608
337400 -16166.4 -19979 295.23 13.8778 0.870816
337500 -16086.4 -19984 301.814 -84.0879 0.870971
337600 -16103.6 -19986.2 300.649 -147.314 0.872033
337700 -16181.7 -20045.5 299.193 57.4804 0.87422
337800 -16231.8 -20085.3 298.398 92.8245 0.876066
337900 -16247.5 -20105.9 298.781 82.396 0.87706
338000 -16276.2 -20122.3 297.827 6.7866 0.877517
338100 -16310.7 -20120 294.985 77.3327 0.877592
338200 -16311.3 -20141.7 296.613 84.9096 0.876846
338300 -16250.5 -20102.7 298.298 -68.0072 0.875364
338400 -16175 -20025.3 298.15 182.161 0.873932
338500 -16110.8 -19953.3 297.548 32.7638 0.870903
338600 -16061.6 -19969.8 302.638 -203.168 0.86709
338700 -16110 -19970.2 298.912 -356.419 0.865279
338800 -16240 -20048.5 294.921 -179.114 0.866777
338900 -16271.5 -20107.6 297.049 12.6582 0.870473
339000 -16237.8 -20074.9 297.13 150.32 0.874207
339100 -16176.5 -20043.3 299.427 352.897 0.876324
339200 -16142.3 -20035.2 301.452 -10.6161 0.875518
339300 -16217.7 -20078.9 298.997 -144.59 0.874377
339400 -16298.4 -20129.3 296.649 -99.4973 0.874891
339500 -16308 -20150.8 297.572 233.577 0.875954
339600 -16295.1 -20133.9 297.262 -130.837 0.875449
339700 -16211.2 -20098 300.975 -127.749 0.87588
339800 -16150.3 -20079.2 304.242 47.2035 0.877613
339900 -16230.6 -20084 298.39 11.1034 0.87926
340000 -16271.2 -20094.4 296.05 192.504 0.88069
340100 -16262 -20151.8 301.212 39.4277 0.880898
340200 -16315.7 -20151.6 297.039 20.1771 0.88036
340300 -16370.3 -20193.7 296.066 104.162 0.879372
340400 -16389.7 -20195.2 294.682 -175.164 0.877518
340500 -16348.2 -20168.5 295.836 117.065 0.87633
340600 -16250.4 -20103.5 298.367 -51.415 0.874523
340700 -16200.6 -20075.9 300.087 -186.991 0.872837
340800 -16195.7 -20060.5 299.276 -133.197 0.872545
340900 -16252.6 -20112.4 298.886 3.54191 0.873733
341000 -16357.8 -20167.2 294.989 118.848 0.875098
341100 -16344.5 -20126.3 292.844 -87.0979 0.875699
341200 -16275.2 -20144.9 299.655 -35.5708 0.877117
341300 -16251.6 -20046.7 293.88 169.107 0.879088
341400 -16190.9 -20095.2 302.338 186.479 0.87961
341500 -16200.4 -20053.2 298.348 -75.2531 0.878331
341600 -16219.9 -20093.1 299.927 90.8974 0.877288
341700 -16257.2 -20082.7 296.235 -59.1137 0.875649
341800 -16240.6 -20074.7 296.896 39.0998 0.874044
341900 -16197.3 -20078 300.506 158.381 0.871863
342000 -16250.3 -20072.6 295.981 -257.377 0.868664
342100 -16348.4 -20105 290.899 -221.379 0.867502
342200 -16279.5 -20093.5 295.338 -53.419 0.868592
342300 -16205.1 -20067.8 299.113 19.788 0.870378
342400 -16184 -20058.9 300.056 3.78063 0.872054
342500 -16226.4 -20097.9 299.796 -139.125 0.873867
342600 -16340.4 -20160.8 295.836 158.364 0.876607
342700 -16351 -20148.4 294.053 24.2754 0.878407
342800 -16283.7 -20115.4 296.716 34.92 0.879937
342900 -16228.5 -20101.4 299.902 329.839 0.880769
343000 -16240.5 -20116.9 300.173 231.367 0.878533
343100 -16279.9 -20090.6 295.092 -146.565 0.874222
343200 -16252.1 -20110.7 298.799 -138.028 0.871032
343300 -16119.1 -20012 301.448 -155.701 0.869438
343400 -16094.8 -20037.3 305.295 -94.4363 0.869298
343500 -16203.6 -20076.7 299.917 -96.419 0.870227
343600 -16262.8 -20092.7 296.573 2.0527 0.872219
343700 -16248.3 -20048.2 294.244 19.3031 0.874249
343800 -16167.1 -20060.8 301.517 22.8377 0.876052
343900 -16160 -20052.7 301.435 -5.52891 0.877535
344000 -16240.4 -20097.8 298.703 -143.743 0.879097
344100 -16300.2 -20151.3 298.217 9.25901 0.88176
344200 -16322 -20172.7 298.186 107.354 0.884455
344300 -16324 -20142.1 295.659 11.345 0.886168
344400 -16260.1 -20113.6 298.405 145.99 0.887251
344500 -16177.6 -20056.3 300.349 211.817 0.887009
344600 -16157.5 -20059.7 302.173 0.318553 0.884859
344700 -16226 -20050.5 296.154 -263.538 0.88298
344800 -16249.2 -20071.6 295.991 -22.6233 0.883537
344900 -16221.1 -20038.8 295.628 79.2678 0.88447
345000 -16169.6 -20033.7 299.215 380.795 0.884113
345100 -16131.2 -20001.4 299.696 32.2962 0.880861
345200 -16091.9 -19967.1 300.078 -32.5745 0.87761
345300 -16081.1 -19993.6 302.969 -43.4299 0.87507
345400 -16189.7 -20045.9 298.61 -301.054 0.873747
345500 -16252.1 -20078.3 296.293 -52.2605 0.875047
345600 -16227.8 -20036.4 294.926 -18.1246 0.876722
345700 -16146 -20025.1 300.383 -28.6211 0.878093
345800 -16144.3 -20027 300.661 38.8636 0.879482
345900 -16185.2 -20064.3 300.382 0.99746 0.880604
346000 -16232.3 -20094.7 299.086 106.068 0.881425
346100 -16257.3 -20100 297.562 66.657 0.881185
346200 -16259 -20116 298.672 -13.5426 0.880325
346300 -16296.5 -20131.2 296.941 59.0335 0.879559
346400 -16384.2 -20170.6 293.202 -112.854 0.878546
346500 -16380.9 -20188.8 294.873 15.9936 0.878218
346600 -16276.5 -20113.5 297.122 -101.056 0.878438
346700 -16218.8 -20117.8 301.928 54.1528 0.879238
346800 -16258 -20118.8 298.97 -79.2175 0.879661
346900 -16309.9 -20118.7 294.941 116.202 0.880539
347000 -16289.8 -20102.8 295.262 45.7764 0.880901
347100 -16170.1 -20070.6 302.045 189.79 0.8803
347200 -16159.5 -20029.8 299.701 -68.746 0.878165
347300 -16200.9 -20049.9 298.055 -151.2 0.876601
347400 -16253.8 -20089.4 297.013 17.8515 0.87629
347500 -16353.4 -20172.2 295.716 -73.5971 0.876053
347600 -16422.1 -20163.2 289.7 5.91018 0.87615
347700 -16334.3 -20075.7 289.718 -42.2199 0.876501
347800 -16235 -20070.9 297.036 -88.7413 0.877386
347900 -16173.5 -20028 298.475 260.848 0.87892
348000 -16138.1 -20029.1 301.306 -53.7288 0.878866
348100 -16176.1 -20019.4 297.615 97.3326 0.878499
348200 -16249.9 -20059.3 294.983 164.999 0.877268
348300 -16264.4 -20075.8 295.139 37.0892 0.874134
348400 -16178.3 -20050.5 299.845 46.0807 0.870122
348500 -16120.7 -20041.5 303.606 -53.1903 0.865271
348600 -16179.8 -20024.8 297.741 -300.534 0.86076
348700 -16231.6 -20038 294.754 -492.332 0.859435
348800 -16214 -20031.7 295.631 -205.428 0.86255
348900 -16189.4 -20078.2 301.13 213.141 0.867716
349000 -16236.7 -20098.6 299.047 117.338 0.871093
349100 -16287.2 -20081.5 293.816 -72.5928 0.872984
349200 -16238.2 -20062.7 296.154 102.665 0.874984
349300 -16184.7 -20045.3 298.953 146.809 0.875843
349400 -16184.1 -20025.6 297.471 1.21901 0.875557
349500 -16169 -20028.5 298.859 -7.05986 0.875298
349600 -16160.6 -20026.8 299.386 86.3291 0.874906
349700 -16216.3 -20048 296.707 160.926 0.873519
349800 -16276.4 -20077.3 294.327 -77.4741 0.871183
349900 -16269.4 -20111.1 297.485 -90.8001 0.870081
350000 -16201.8 -20040 297.211 -12.9891 0.869859
350100 -16106.1 -19990.9 300.827 -32.9265 0.869698
350200 -16099.4 -19958.6 298.844 -102.812 0.86999
350300 -16124.1 -19960.6 297.085 23.7305 0.871108
350400 -16199.7 -20044.9 297.757 -1.01718 0.872163
350500 -16285.6 -20065.3 292.686 -59.0285 0.87287
350600 -16252.4 -20085.6 296.831 75.34 0.874007
350700 -16177.1 -20028.3 298.223 158.112 0.874402
350800 -16126.8 -20008.7 300.598 -87.0573 0.873704
350900 -16143.3 -20011.3 299.524 306.122 0.873058
351000 -16172.6 -20052.5 300.442 -280.924 0.870478
351100 -16222.3 -20034.8 295.224 -227.235 0.87006
351200 -16239.9 -20080.9 297.438 -175.894 0.872192
351300 -16195.1 -20051.6 298.636 -78.9409 0.87578
351400 -16137 -20085.8 305.779 254.866 0.879638
351500 -16231.6 -20123.4 301.364 230.306 0.881148
351600 -16305.7 -20146.8 297.441 97.6274 0.880374
351700 -16329.2 -20139.4 295.046 111.945 0.878461
351800 -16272.4 -20083.2 295.09 14.8969 0.875732
351900 -16167.3 -20004.9 297.173 -16.6286 0.873215
352000 -16121.6 -19989.8 299.542 96.3684 0.870837
352100 -16132.9 -20005.1 299.845 -65.028 0.868077
352200 -16194.2 -20013.9 295.781 -287.637 0.866173
352300 -16248.4 -20051.4 294.489 -199.231 0.866775
352400 -16303.4 -20101.2 294.085 -237.343 0.869616
352500 -16299 -20098.7 294.234 51.2987 0.874134
352600 -16199 -20057.5 298.784 276.456 0.877676
352700 -16150.4 -19992 297.478 406.893 0.878253
352800 -16130.3 -20002.1 299.816 -126.977 0.875708
352900 -16147.9 -19978.1 296.592 -214.262 0.874009
353000 -16200.8 -20020.3 295.766 60.2846 0.874212
353100 -16237.7 -20065.7 296.421 -190.682 0.874612
353200 -16236 -20092.9 298.667 105.304 0.87607
353300 -16242.8 -20068.3 296.235 151.313 0.876767
353400 -16199.2 -20040.8 297.48 28.2526 0.876118
353500 -16135.6 -20047.5 302.922 167.834 0.874822
353600 -16187.8 -20035.5 297.952 -104.842 0.872331
353700 -16245.1 -20045.6 294.3 -194.776 0.870932
353800 -16227.8 -20064.1 297.073 77.0784 0.870923
353900 -16163.7 -20008.3 297.715 -253.433 0.870901
354000 -16051.4 -19963.9 302.966 96.3734 0.872672
354100 -16081.3 -19978.1 301.752 -58.0687 0.874122
354200 -16176.3 -20031.7 298.541 284.445 0.875574
354300 -16234.8 -20057.6 296.023 312.016 0.874453
354400 -16224 -20028.1 294.573 -62.2589 0.870458
354500 -16128.8 -19987.2 298.785 34.9802 0.86672
354600 -16067.4 -19918.9 298.245 -249.951 0.86333
354700 -16050.5 -19906.4 298.587 -31.8692 0.862018
354800 -16073.5 -19940.4 299.445 -116.991 0.861715
354900 -16173.4 -19959.7 293.195 89.1761 0.862061
355000 -16222.6 -19985.5 291.379 -46.3553 0.862035
355100 -16097.4 -19974.7 300.246 -214.46 0.862578
355200 -16052.9 -19939.2 300.936 -153.571 0.865005
355300 -16109.1 -19984.3 300.078 226.8 0.868266
355400 -16194.9 -20045.3 298.158 -69.5535 0.869866
355500 -16242.8 -20059.1 295.527 -85.6425 0.871681
355600 -16229.3 -20055.1 296.256 16.9401 0.874195
355700 -16129.2 -20002.8 299.95 -13.6876 0.876723
355800 -16056 -19997.4 305.208 115.667 0.878749
355900 -16127.1 -20012.9 300.904 170.602 0.879562
356000 -16207.1 -20071.6 299.253 163.492 0.878774
356100 -16250.4 -20033.5 292.945 -150.703 0.876934
356200 -16184.5 -20004.1 295.778 30.1626 0.876322
356300 -16116.6 -19984.6 299.519 264.829 0.875377
356400 -16117.9 -19966.8 298.047 20.6888 0.872458
356500 -16109.3 -19950.9 297.482 -139.807 0.86965
356600 -16057.1 -19930.5 299.939 -118.799 0.868655
356700 -15990.5 -19928.7 304.962 31.4407 0.868673
356800 -16056.5 -19860 294.526 -224.893 0.868934
356900 -16076.3 -19882.8 294.766 -82.0493 0.870713
357000 -15992.7 -19893.6 302.068 -76.054 0.873273
357100 -15894.8 -19847.1 306.054 96.94 0.876012
357200 -15917.2 -19812.3 301.619 54.6927 0.877522
357300 -16032.9 -19884.9 298.289 107.619 0.878085
357400 -16095.5 -19929.6 296.9 209.346 0.877458
357500 -16136 -19937.4 294.365 10.0031 0.8754
357600 -16078 -19891.8 295.324 -57.1081 0.873449
357700 -15986 -19878.7 301.436 -47.2562 0.872024
357800 -16011 -19874.4 299.165 -139.388 0.871051
357900 -16083.6 -19959.5 300.129 -51.6618 0.871412
358000 -16153.9 -19950.9 294.028 -34.0532 0.872488
358100 -16130.9 -19962.4 296.703 104.472 0.873762
358200 -16087.8 -19939.5 298.26 -74.2009 0.874436
358300 -16064.9 -19958 301.471 -72.1598 0.875452
358400 -16166.4 -19979.3 295.255 72.2114 0.877072
358500 -16238 -20043 294.643 211.413 0.877861
358600 -16204.6 -20057.4 298.343 -83.6324 0.877045
358700 -16158.4 -20013.2 298.5 142.98 0.876471
358800 -16078.5 -19929.1 298.174 -59.6148 0.875003
358900 -15987 -19877 301.229 -23.7959 0.873812
359000 -15991.3 -19882.2 301.291 -92.9818 0.873193
359100 -16043.3 -19929.3 300.918 -34.4492 0.873037
359200 -16095.7 -19959.4 299.188 127.229 0.872975
359300 -16118.4 -19918.4 294.254 73.7728 0.872017
359400 -16083.1 -19970 300.984 28.8576 0.87023
359500 -16080.5 -19897.3 295.56 -426.2 0.868519
359600 -16057.6 -19931.7 300 -235.9 0.87054
359700 -16048.8 -19952.5 302.285 356.95 0.874619
359800 -16143.9 -20002.9 298.825 175.371 0.875874
359900 -16214.7 -20056.5 297.497 65.034 0.875464
360000 -16219.9 -20020 294.261 -137.375 0.874586
360100 -16137.8 -19992.7 298.503 22.0738 0.874425
360200 -16069.6 -19943 299.942 -225.766 0.874736
360300 -16083.2 -19983.9 302.055 39.8625 0.876735
360400 -16165.2 -20052.1 300.987 -58.7347 0.879272
360500 -16234.7 -20120.2 300.881 260.486 0.882155
360600 -16286.2 -20080.4 293.804 371.686 0.882513
360700 -16251.3 -20066.9 295.467 -14.2556 0.879569
360800 -16155.4 -20027.5 299.843 101.811 0.875898
360900 -16124.6 -19979.3 298.487 -204.784 0.871156
361000 -16129.6 -19968.3 297.259 -134.656 0.867587
361100 -16127.4 -19986.7 298.853 -85.2412 0.86555
361200 -16127.4 -19939 295.154 -192.185 0.864603
361300 -16072.3 -19921.4 298.06 -20.4123 0.865316
361400 -16013.4 -19944.2 304.38 55.4537 0.866273
361500 -16085.3 -19935.5 298.141 -263.327 0.867406
361600 -16139.8 -19978.9 297.282 -225.581 0.871274
361700 -16153.2 -20026.1 299.905 114.322 0.877538
361800 -16199.8 -20076.4 300.185 350.022 0.883141
361900 -16250.2 -20112.4 299.078 167.143 0.88581
362000 -16275.1 -20136.9 299.043 150.928 0.886675
362100 -16312.4 -20138.2 296.253 203.997 0.885753
362200 -16324.6 -20144.8 295.821 178.612 0.88284
362300 -16251.8 -20091.4 297.331 -76.0678 0.87861
362400 -16151.8 -19984 296.757 116.812 0.874861
362500 -16091.5 -19931 297.317 -86.1976 0.871154
362600 -16043.9 -19908.4 299.256 -152.994 0.868554
362700 -16016.6 -19894.9 300.321 -33.0401 0.867624
362800 -16031 -19936.3 302.412 -93.2472 0.867488
362900 -16143.1 -19996.5 298.399 -260.331 0.868334
363000 -16214.3 -20059.1 297.73 -58.5407 0.871023
363100 -16262.4 -20103 297.397 56.255 0.87394
363200 -16326 -20150.1 296.123 67.1217 0.876133
363300 -16370.5 -20155.1 293.069 -28.8468 0.877496
363400 -16263.6 -20142.5 300.371 105.94 0.878572
363500 -16210.2 -20073.4 299.148 -122.314 0.879028
363600 -16195.6 -20020.6 296.198 43.2464 0.880016
363700 -16142.9 -20041.4 301.883 333.784 0.880387
363800 -16128 -19993.5 299.328 20.1056 0.878114
363900 -16128.1 -19967.1 297.283 -117.263 0.875494
364000 -16145.1 -20009.6 299.253 -91.4072 0.874397
364100 -16205 -20028.7 296.09 -41.3343 0.874426
364200 -16229.8 -20055.5 296.244 -67.5021 0.874859
364300 -16191.2 -20035.4 297.68 33.0123 0.875656
364400 -16095 -19962.9 299.512 107.919 0.876203
364500 -16042.7 -19906.4 299.186 19.5817 0.87593
364600 -16048.7 -19965.8 303.325 247.177 0.874854
364700 -16176.5 -19984.5 294.87 -24.3277 0.872018
364800 -16187 -20012.2 296.208 -22.5502 0.869073
364900 -16140.2 -20000.9 298.956 -195.78 0.866693
365000 -16093.5 -19964.8 299.778 -290.368 0.866317
365100 -16066.1 -19966.2 302.002 -140.211 0.868628
365200 -16157 -20014 298.671 181.308 0.871939
365300 -16239.3 -20060.6 295.904 -79.0246 0.873987
365400 -16235.1 -20070.7 297.013 69.632 0.876305
365500 -16187.8 -20053.6 299.357 210.105 0.877802
365600 -16096.3 -19979.6 300.707 137.7 0.877285
365700 -16039.4 -19952 302.975 -111.618 0.875713
365800 -16091.8 -19940.3 298.014 -35.2552 0.875014
365900 -16135.8 -19988.9 298.364 212.871 0.874417
366000 -16152.1 -20007.5 298.547 -3.44902 0.87232
366100 -16176.4 -20032.1 298.568 -76.8398 0.870233
366200 -16194 -19999.1 294.653 -473.33 0.869674
366300 -16128.6 -20002.3 299.958 -121.915 0.873057
366400 -16050.3 -19963.3 303.013 377.054 0.876505
366500 -16096.3 -19962.1 299.347 228.107 0.876266
366600 -16185.5 -20018.2 296.79 -64.4485 0.874477
366700 -16177.4 -20011.3 296.886 -169.141 0.873604
366800 -16159 -20033.8 300.053 -50.761 0.874258
366900 -16191.5 -20024.4 296.811 72.9739 0.8752
367000 -16240.6 -20036.7 293.961 94.9981 0.875414
367100 -16234.3 -20026.5 293.651 -144.444 0.874983
367200 -16120.7 -19967.1 297.855 40.7489 0.875452
367300 -16079.5 -19986.9 302.572 267.477 0.875391
367400 -16145.9 -19994.4 298.014 -99.858 0.873366
367500 -16202.4 -20023.9 295.92 -20.61 0.871905
367600 -16201.4 -20028.6 296.366 -249.572 0.871507
367700 -16118.1 -20024.6 302.51 57.68 0.872795
367800 -16028.3 -19948.6 303.567 269.652 0.873505
367900 -16082.4 -19971.7 301.172 221.92 0.871809
368000 -16176.8 -19994.2 295.605 -102.089 0.868296
368100 -16154.5 -19998.8 297.682 -56.0768 0.865474
368200 -16116.5 -19978.1 299.023 -139.034 0.863254
368300 -16087.5 -19913.3 296.258 -399.748 0.862861
368400 -15995.8 -19855.1 298.849 -94.9171 0.865977
368500 -15955.9 -19899 305.344 60.8296 0.869958
368600 -16043.7 -19953.2 302.74 210.896 0.87312
368700 -16125.1 -19988.9 299.198 162.844 0.87407
368800 -16177 -20018.7 297.485 15.1006 0.873364
368900 -16222.1 -20055.2 296.822 -187.56 0.872881
369000 -16259.3 -20056.1 294.008 -57.9983 0.873665
369100 -16185.4 -20022.4 297.127 98.4604 0.875025
369200 -16079 -19940.1 298.99 286.143 0.875341
369300 -16056.4 -19940.1 300.738 10.5756 0.873317
369400 -16109.8 -19968.4 298.799 -177.697 0.871242
369500 -16196.5 -20029.3 296.798 -339.472 0.870989
369600 -16231.8 -20076.5 297.724 129.254 0.87345
369700 -16233.2 -20057.2 296.12 169.382 0.874945
369800 -16207.9 -20084.5 300.195 -71.6463 0.87495
369900 -16220.7 -20075.3 298.488 77.9049 0.875242
370000 -16315.8 -20093.7 292.551 -158.76 0.875271
370100 -16351.8 -20130.9 292.64 61.5649 0.876226
370200 -16263.6 -20077.9 295.359 -166.424 0.877103
370300 -16203.7 -20037 296.835 12.6227 0.879193
370400 -16169.7 -20037.9 299.538 87.7987 0.881175
370500 -16155 -20001.2 297.833 -158.463 0.882314
370600 -16134 -20020.7 300.965 146.904 0.884489
370700 -16169.1 -20048.7 300.42 301.179 0.885139
370800 -16266.9 -20073 294.736 -126.507 0.883302
370900 -16279.2 -20131.9 298.336 -2.56996 0.882405
371000 -16277.5 -20118.5 297.436 48.8305 0.881871
371100 -16274.3 -20103.6 296.532 125.391 0.880826
371200 -16215.1 -20090.3 300.078 89.7639 0.878958
371300 -16193.2 -20069.6 300.169 -13.367 0.876742
371400 -16242.4 -20053.1 295.085 -219.697 0.875224
371500 -16262.8 -20079.3 295.534 -146.24 0.875843
371600 -16183.7 -20040.1 298.63 147.102 0.877367
371700 -16101.6 -19989.9 301.088 304.449 0.877024
371800 -16128.4 -20028.3 301.993 -150.658 0.874517
371900 -16203.3 -20036.6 296.836 -102.188 0.873655
372000 -16212.6 -20038.1 296.236 196.884 0.873617
372100 -16167.7 -19976 294.897 -256.252 0.872488
372200 -16090 -19914.4 296.147 158.22 0.872852
372300 -16049.6 -19913.2 299.183 -143.021 0.872687
372400 -16044.2 -19886.3 297.513 -102.319 0.873389
372500 -16065.4 -19964.2 301.908 36.3191 0.875149
372600 -16178.4 -19975.8 294.053 -26.1131 0.876558
372700 -16191.5 -20031.9 297.386 128.57 0.878038
372800 -16194.4 -20088.4 301.54 136.853 0.878544
372900 -16289.5 -20121 296.696 -119.919 0.877814
373000 -16334.5 -20132.6 294.106 81.378 0.87776
373100 -16288.7 -20098.6 295.025 -128.548 0.877328
373200 -16234.5 -20111.5 300.215 18.7139 0.877795
373300 -16242.6 -20094.9 298.308 303.167 0.878138
373400 -16290.3 -20103 295.244 18.2777 0.875904
373500 -16353.4 -20131.1 292.534 -294.396 0.873326
373600 -16327.8 -20129.1 294.361 46.202 0.873086
373700 -16212.1 -20056.6 297.698 -158.406 0.873123
373800 -16159.3 -20017.6 298.771 -97.3152 0.874166
373900 -16160.6 -20029.2 299.565 2.74381 0.876483
374000 -16223.6 -20065.8 297.527 2.83914 0.879207
374100 -16318.5 -20153.8 296.987 109.69 0.88169
374200 -16368.9 -20158.9 293.48 253.32 0.882925
374300 -16334.9 -20155.5 295.851 -19.6422 0.882186
374400 -16300.6 -20160.1 298.866 -48.0487 0.881175
374500 -16290.5 -20153.1 299.103 110.826 0.880534
374600 -16314.9 -20142.1 296.36 -71.4737 0.878958
374700 -16354.1 -20132.6 292.595 -231.022 0.877923
374800 -16282.1 -20118.9 297.107 -44.1865 0.879136
374900 -16207.8 -20088.5 300.511 160.003 0.88085
375000 -16205.4 -20051.9 297.857 12.5227 0.881504
375100 -16223 -20078.9 298.585 265.054 0.8815
375200 -16316.4 -20104.4 293.322 -147.317 0.879528
375300 -16334.3 -20120.9 293.22 -222.903 0.878233
375400 -16240.3 -20110.7 299.707 159.345 0.878793
375500 -16205.9 -20078.4 299.869 104.792 0.878195
375600 -16215.2 -20043 296.406 -77.565 0.876191
375700 -16196.7 -20054.7 298.748 1.76954 0.874384
375800 -16136.1 -20007.6 299.791 -13.3879 0.872283
375900 -16051.3 -19945.3 301.541 -161.217 0.86971
376000 -16034.6 -19891.6 298.671 -367.821 0.86874
376100 -16052.4 -19966 303.053 31.9652 0.870941
376200 -16177.9 -20008.4 296.617 81.5185 0.873577
376300 -16208.8 -20044.2 296.998 -105.353 0.875844
376400 -16219.8 -20110.8 301.306 79.0203 0.878983
376500 -16299.3 -20090.3 293.556 61.3545 0.881804
376600 -16297.2 -20118.8 295.925 341.033 0.88365
376700 -16227.5 -20099.5 299.836 286.872 0.882284
376800 -16173.3 -20045 299.809 26.3683 0.878072
376900 -16042.6 -19956.3 303.061 -314.401 0.874064
377000 -15996 -19882.4 300.954 95.6719 0.872523
377100 -16044.8 -19905.9 298.987 155.827 0.870457
377200 -16131.6 -19988.6 298.666 -271.952 0.867398
377300 -16177.7 -20012.3 296.94 -118.851 0.866651
377400 -16183.3 -20004.5 295.906 32.0205 0.867125
377500 -16141.2 -19958.1 295.564 -150.822 0.867717
377600 -16079.3 -19963.8 300.801 -124.556 0.869642
377700 -16094 -19974.8 300.51 232.532 0.87216
377800 -16149.8 -20010.7 298.976 73.9739 0.872927
377900 -16193 -20034.6 297.475 60.9196 0.872837
378000 -16208.7 -20045.7 297.128 73.5692 0.871975
378100 -16180 -20009.4 296.531 -6.61317 0.870463
378200 -16061.1 -19958.3 301.781 1.50145 0.869096
378300 -16042.5 -19895 298.326 10.1464 0.867758
378400 -16068.1 -19954.2 300.925 -101.879 0.866316
378500 -16162.7 -19976.8 295.344 -349.97 0.866246
378600 -16183.1 -20002.6 295.764 -7.29599 0.869051
378700 -16156.4 -20007.1 298.182 30.1839 0.87215
378800 -16131.6 -19977.7 297.825 205.616 0.874569
378900 -16054.5 -19951.5 301.768 186.809 0.875359
379000 -15961.1 -19889.9 304.232 208.626 0.87403
379100 -16016.1 -19890.8 300.036 -171.157 0.871259
379200 -16101.5 -19973.5 299.836 -23.8259 0.869756
379300 -16150.1 -19977.3 296.368 -313.673 0.869293
379400 -16155.3 -20020.7 299.32 -45.7481 0.871218
379500 -16179.6 -20006.2 296.315 104.114 0.87364
379600 -16211.1 -20122.8 302.91 117.28 0.874651
379700 -16309.4 -20065.4 290.851 -30.2085 0.874467
379800 -16260 -20097.9 297.188 155.025 0.874417
379900 -16189.7 -20046.1 298.622 50.3224 0.873279
380000 -16167.1 -20053.7 300.964 114.017 0.871459
380100 -16228.1 -20017.6 293.451 -108.306 0.869249
380200 -16275.2 -20066.6 293.592 -109.415 0.868395
380300 -16216.9 -20036.1 295.745 319.628 0.868084
380400 -16122 -19979.9 298.742 -295.824 0.866047
380500 -16069.7 -19926.8 298.679 32.2468 0.865979
380600 -16025 -19885.5 298.944 -114.753 0.86622
380700 -15990.6 -19898.2 302.585 13.1113 0.86715
380800 -16031.6 -19871 297.305 164.598 0.867883
380900 -16108.5 -19933.9 296.224 2.13159 0.867218
381000 -16136.3 -19969.9 296.86 -242.794 0.866634
381100 -16111 -19941.7 296.633 88.7067 0.867795
381200 -16015.8 -19920.7 302.378 67.5728 0.868764
381300 -16008.7 -19915.9 302.557 217.099 0.868643
381400 -16081.8 -19920.6 297.264 -149.365 0.866956
381500 -16101.9 -19936.4 296.93 40.3535 0.866243
381600 -16102.8 -19957.6 298.495 -24.6403 0.865572
381700 -16103.6 -19958 298.468 52.8447 0.864787
381800 -16145 -20020.4 300.097 10.6662 0.863718
381900 -16256.7 -20086.2 296.541 -242.481 0.862648
382000 -16278.1 -20061.6 292.975 -274.569 0.863741
382100 -16199.7 -20067.5 299.512 -37.9159 0.867477
382200 -16166.8 -20040.6 299.971 117.182 0.871791
382300 -16193 -20023 296.583 236.323 0.874756
382400 -16254.8 -20040 293.114 224.161 0.875166
382500 -16293.2 -20095.3 294.422 71.996 0.873556
382600 -16240 -20036.2 293.961 -125.825 0.871633
382700 -16140.1 -20023.6 300.723 16.5589 0.870512
382800 -16127.4 -19987.9 298.947 -91.9743 0.869664
382900 -16155.2 -20020 299.275 -117.784 0.869676
383000 -16253.7 -20089.6 297.033 45.8441 0.87052
383100 -16324.4 -20126 294.381 -36.0571 0.871306
383200 -16289.4 -20090.3 294.328 239.244 0.872065
383300 -16225.7 -20067 297.457 -113.996 0.871154
383400 -16177.7 -20016.3 297.242 16.7313 0.870703
383500 -16162.1 -20033.7 299.797 -37.5099 0.870417
383600 -16191 -20047.9 298.661 -377.183 0.871047
383700 -16292 -20122.2 296.597 106.341 0.874014
383800 -16392.1 -20206.5 295.379 129.339 0.875877
383900 -16369.9 -20175.8 294.716 113.422 0.87629
384000 -16297.6 -20171.6 299.987 154.114 0.875324
384100 -16265.5 -20111.7 297.836 -110.338 0.873474
384200 -16228.1 -20089.9 299.042 259.987 0.872064
384300 -16124.9 -20032.1 302.559 -178.362 0.86929
384400 -16064.9 -19933 299.53 -428.063 0.868419
384500 -16078.6 -19963.6 300.837 -131.417 0.871571
384600 -16195.3 -20070.7 300.101 19.8935 0.875799
384700 -16269.1 -20078 294.945 41.8866 0.879312
384800 -16232.7 -20056.6 296.113 -91.3317 0.882283
384900 -16151.1 -20020.9 299.664 171.808 0.885249
385000 -16136.1 -20033.5 301.798 294.871 0.886453
385100 -16214.1 -20093.4 300.395 68.0079 0.884778
385200 -16265.8 -20061.9 293.953 40.9544 0.882375
385300 -16227 -20076 298.052 37.8477 0.879881
385400 -16185.4 -20043.1 298.726 149.924 0.87717
385500 -16136.1 -19997 298.974 -18.3908 0.873512
385600 -16051.5 -19940.4 301.142 -37.6283 0.870297
385700 -16011.1 -19936.2 303.943 -136.815 0.867981
385800 -16131.8 -19975.1 297.609 -135.368 0.867157
385900 -16170 -19980.4 295.066 68.058 0.86769
386000 -16112.6 -19966.5 298.433 5.37553 0.867599
386100 -16060.5 -19918.2 298.725 -140.494 0.867637
386200 -16048.2 -19964.7 303.281 156.837 0.868543
386300 -16162.1 -19978.8 295.554 -62.8655 0.868435
386400 -16189 -20036.2 297.909 -189.694 0.868918
386500 -16177.5 -19988.6 295.114 20.6117 0.870785
386600 -16105.5 -19990.8 300.865 144.927 0.872476
386700 -16030.7 -19934.4 302.29 98.9461 0.872988
386800 -16000.4 -19917.3 303.31 -141.69 0.872665
386900 -16096.6 -19973.3 300.197 -51.0228 0.873393
387000 -16181.1 -19998.5 295.599 -26.9759 0.874738
387100 -16172.4 -20000.8 296.455 -22.5969 0.876295
387200 -16113.3 -20006.3 301.458 113.299 0.877869
387300 -16122.9 -20003.5 300.499 145.468 0.878332
387400 -16240.9 -20068.2 296.368 -119.03 0.877884
387500 -16277.8 -20100.7 296.031 -76.1163 0.878352
387600 -16237.1 -20038.1 294.341 -44.4326 0.879638
387700 -16155.2 -20062.9 302.602 -12.185 0.881539
387800 -16187.2 -20063.9 300.2 171.702 0.88326
387900 -16218.5 -20057 297.239 143.942 0.883418
388000 -16221.2 -20075.3 298.453 -132.352 0.882412
388100 -16253.2 -20084.2 296.655 -137.074 0.88248
388200 -16316.5 -20104.8 293.354 190.209 0.883745
388300 -16298 -20090.6 293.681 122.599 0.88373
388400 -16193 -20069.1 300.15 89.3229 0.882162
388500 -16180.9 -20061.9 300.532 -60.0072 0.879339
388600 -16236.5 -20081.1 297.71 -81.8398 0.876516
388700 -16281.9 -20079.8 294.091 -67.8095 0.873913
388800 -16207.5 -20066.1 298.791 10.0731 0.87162
388900 -16100.1 -20001.8 302.134 10.9282 0.868937
389000 -16120.5 -19980.5 298.904 -89.2831 0.865592
389100 -16170.8 -20017.5 297.868 -202.39 0.862526
389200 -16234.2 -20039.4 294.663 -518.138 0.861748
389300 -16279.5 -20091.3 295.167 -229.283 0.865879
389400 -16315.2 -20114.3 294.188 50.446 0.87268
389500 -16269.2 -20077.5 294.901 -94.5507 0.879132
389600 -16181.7 -20094.9 303.022 382.781 0.885024
389700 -16207.7 -20062.7 298.516 310.451 0.886961
389800 -16266.1 -20104.5 297.23 53.9057 0.885735
389900 -16327.2 -20145.9 295.704 1.21774 0.884013
390000 -16440.9 -20210.4 291.9 3.28228 0.882569
390100 -16446.4 -20198.9 290.579 -63.6529 0.881494
390200 -16359.9 -20195.9 297.047 -64.4791 0.880852
390300 -16311.5 -20133.9 295.991 -147.481 0.880972
390400 -16244.1 -20112.5 299.555 97.4438 0.882285
390500 -16200.2 -20042.1 297.502 51.6178 0.882902
390600 -16144.3 -20061.3 303.317 64.6648 0.882759
390700 -16138.5 -20003.7 299.306 4.19142 0.882301
390800 -16205.4 -20068.6 299.153 -135.287 0.882048
390900 -16298.3 -20135.2 297.112 2.5195 0.882607
391000 -16321.5 -20111.5 293.484 -188.406 0.883578
391100 -16248.8 -20102.2 298.394 145.933 0.885714
391200 -16206.3 -20087.2 300.523 289.305 0.886728
391300 -16233.5 -20080 297.859 44.8666 0.885226
391400 -16253.8 -20112.2 298.781 -45.509 0.882899
391500 -16260.9 -20059.4 294.141 -64.5595 0.881126
391600 -16148.7 -20015.9 299.459 64.0698 0.880025
391700 -16082.6 -19948.2 299.343 -96.4097 0.878462
391800 -16097.5 -19966 299.562 -71.227 0.877493
391900 -16166.7 -20020.7 298.441 -91.853 0.877467
392000 -16253.2 -20073.2 295.808 -64.8628 0.878295
392100 -16251.2 -20030.4 292.649 72.279 0.8797
392200 -16199.4 -20063.5 299.221 41.0331 0.880613
392300 -16196.1 -20058.1 299.057 65.4912 0.881069
392400 -16242.5 -20074.6 296.745 -14.1749 0.881126
392500 -16299.9 -20082.5 292.903 -12.9972 0.881236
392600 -16270.1 -20071.6 294.373 -17.6951 0.881582
392700 -16154.9 -20030.3 300.093 212.601 0.881877
392800 -16141.8 -20038.9 301.778 46.5775 0.880352
392900 -16229.4 -20114.5 300.842 -170.548 0.877941
393000 -16296.2 -20114.3 295.661 -69.9766 0.876435
393100 -16279.3 -20108.7 296.527 15.2835 0.875475
393200 -16218.1 -20056.3 297.215 -204.941 0.874729
393300 -16132.4 -19991.6 298.843 -170.451 0.875798
393400 -16086 -19993.1 302.552 -5.69166 0.878933
393500 -16111 -19999.2 301.091 161.759 0.882673
393600 -16168.2 -20059.3 301.309 187.894 0.885194
393700 -16265.9 -20101.3 296.994 212.474 0.885828
393800 -16303.5 -20125.5 295.963 8.13915 0.884589
393900 -16266.6 -20109 297.542 118.252 0.882778
394000 -16177.1 -20031.1 298.443 82.6937 0.879827
394100 -16086 -19949.9 299.209 -151.995 0.876059
394200 -16079.4 -19984.5 302.396 -98.0269 0.873597
394300 -16139.6 -19978.9 297.303 -130.558 0.872284
394400 -16170.6 -20033.8 299.153 -68.4643 0.872087
394500 -16236.4 -20093.7 298.689 -10.4572 0.872785
394600 -16321.8 -20129.8 294.878 -115.123 0.873877
394700 -16325.4 -20172.1 297.872 69.2041 0.875719
394800 -16316.1 -20149.9 296.875 -122.877 0.877547
394900 -16271 -20144.5 299.951 226.19 0.879928
395000 -16198.2 -20115.9 303.37 42.9079 0.880716
395100 -16157.1 -20052 301.604 148.63 0.880496
395200 -16209.8 -20040.8 296.659 90.2045 0.879042
395300 -16271.9 -20094.7 296.021 -190.247 0.877168
395400 -16297 -20119.4 295.993 258.35 0.876103
395500 -16275.7 -20072.9 294.04 -69.4904 0.873354
395600 -16164.6 -20041.6 300.22 -65.5936 0.870684
395700 -16132.9 -19972.2 297.298 -529.485 0.869389
395800 -16117.3 -20001.3 300.765 -0.68254 0.872297
395900 -16161.3 -20044.9 300.729 188.581 0.875643
396000 -16264.6 -20080.8 295.512 22.0359 0.877489
396100 -16267.4 -20074.7 294.821 274.596 0.878502
396200 -16198.9 -20072.3 299.944 -9.04363 0.877478
396300 -16161.8 -20024.1 299.077 -128.809 0.876034
396400 -16176.9 -20042.5 299.341 -109.257 0.875755
396500 -16230.5 -20004.1 292.214 -53.6018 0.876838
396600 -16294.3 -20065.8 292.05 95.6366 0.878335
396700 -16258.3 -20110.3 298.278 97.1012 0.878954
396800 -16198.8 -20030.9 296.744 2.21751 0.878832
396900 -16121.6 -20009 301.024 24.4544 0.878624
397000 -16103.1 -19996.1 301.457 49.0471 0.877887
397100 -16171.8 -19967.9 293.954 -257.849 0.877038
397200 -16164.3 -20006.9 297.558 33.2092 0.878125
397300 -16038.7 -19948.2 302.731 147.302 0.879224
397400 -16042.1 -19948.1 302.461 -13.0927 0.879302
397500 -16138.6 -19997 298.779 -36.3179 0.879555
397600 -16188.6 -20040.4 298.268 -144.833 0.880438
397700 -16214.7 -20061 297.848 257.448 0.88244
397800 -16269.1 -20098.9 296.564 85.7121 0.882586
397900 -16368.1 -20152.1 293.015 -206.178 0.881911
398000 -16368 -20161 293.717 80.7278 0.882983
398100 -16253.7 -20136.4 300.659 268.886 0.88359
398200 -16235.7 -20106.1 299.709 199.463 0.881352
398300 -16277.9 -20121.3 297.62 -238.991 0.87713
398400 -16300.3 -20084.7 293.049 -208.294 0.874634
398500 -16197.5 -20032.4 296.964 67.4515 0.87373
398600 -16132.7 -19982.1 298.084 -103.339 0.872634
398700 -16133 -20025 301.381 -68.4872 0.872069
398800 -16200.9 -20037.2 297.065 -79.23 0.872261
398900 -16279.6 -20122.6 297.584 -169.166 0.873529
399000 -16314 -20137.9 296.113 -18.4636 0.876367
399100 -16306.1 -20146.3 297.364 210.153 0.879668
399200 -16291.9 -20136.6 297.723 254.103 0.881094
399300 -16279.7 -20160.4 300.509 -33.2544 0.880228
399400 -16332.1 -20114.4 292.889 -123.139 0.879574
399500 -16362.6 -20138.7 292.401 111.645 0.879928
399600 -16272.4 -20131.7 298.848 12.265 0.879474
399700 -16203.3 -20044.9 297.48 24.5922 0.878545
399800 -16169.8 -20022.5 298.339 -81.651 0.877563
399900 -16146.5 -19986.2 297.334 -15.8398 0.877212
400000 -16076.2 -20032 306.325 15.4469 0.87698
400100 -16064.9 -19969.2 302.332 45.1501 0.876333
400200 -16171.8 -20026.4 298.486 -3.12139 0.875412
400300 -16238.7 -20092.4 298.418 -81.3205 0.874451
400400 -16278.7 -20123.5 297.732 -134.81 0.874066
400500 -16329.7 -20118.9 293.428 99.8991 0.874898
400600 -16306.3 -20130.4 296.13 -93.7174 0.875396
400700 -16194 -20061 299.446 -70.6704 0.876478
400800 -16165.9 -20068.7 302.217 -257.471 0.878934
400900 -16239.6 -20119.7 300.461 469.563 0.883306
401000 -16319.6 -20145 296.219 142.539 0.884746
401100 -16300.3 -20136.2 297.034 -172.121 0.884482
401200 -16245.4 -20113.9 299.566 -29.9464 0.885416
401300 -16236.1 -20103.6 299.481 124.697 0.886821
401400 -16316.8 -20099.4 292.909 86.9627 0.887464
401500 -16354.5 -20135.6 292.795 207.818 0.886938
401600 -16262.5 -20104.2 297.489 76.5548 0.884668
401700 -16195.2 -20051.7 298.627 -142.133 0.881492
401800 -16174.9 -19994.8 295.796 -47.9564 0.879112
401900 -16123.8 -20002.6 300.362 -12.4779 0.877192
402000 -16091.3 -19963.5 299.847 -43.0489 0.875405
402100 -16070.1 -19960.1 301.228 123.811 0.873621
402200 -16105.1 -19947.3 297.525 -144.916 0.871263
402300 -16150.1 -19946.6 293.991 -323.771 0.870239
402400 -16132.3 -20001.5 299.614 -193.181 0.872391
402500 -16103.8 -19989.7 300.903 439.393 0.875895
402600 -16143.9 -20032.6 301.122 64.2871 0.875911
402700 -16248.4 -20075.9 296.389 -109.033 0.875092
402800 -16273.5 -20119.3 297.804 228.521 0.874687
402900 -16285 -20110.7 296.248 -63.7402 0.872906
403000 -16239.4 -20077.3 297.187 -201.643 0.871578
403100 -16135.5 -20012.3 300.202 165.081 0.871567
403200 -16113.7 -19986.9 299.933 -278.624 0.871054
403300 -16160.1 -20016.1 298.594 -105.828 0.872598
403400 -16269.9 -20113 297.594 113.038 0.875342
403500 -16335 -20164.9 296.572 189.59 0.87693
403600 -16320.4 -20118.7 294.124 -219.317 0.877219
403700 -16242.1 -20091.4 298.076 186.466 0.878867
403800 -16208.6 -20100.5 301.374 55.819 0.879344
403900 -16240.5 -20086.9 297.845 130.156 0.878904
404000 -16271.2 -20102 296.641 112.839 0.877086
404100 -16332.9 -20142.8 295.024 -34.7952 0.874253
404200 -16412.2 -20200.1 293.32 -185.843 0.871911
404300 -16385.4 -20168.5 292.942 -132.185 0.871157
404400 -16279.5 -20119.3 297.34 -5.72335 0.871617
404500 -16224 -20059.1 296.972 38.9473 0.872333
404600 -16179.1 -20043.3 299.228 76.7055 0.87262
404700 -16140.4 -20013.9 299.943 -165.977 0.872545
404800 -16088 -20001.2 303.022 133.912 0.873395
404900 -16114.8 -19999.9 300.847 238.09 0.873047
405000 -16225.1 -20084.3 298.839 -178.7 0.871025
405100 -16281.3 -20111.5 296.597 -389.414 0.870276
405200 -16292 -20151.9 298.89 48.6525 0.872774
405300 -16323.5 -20136 295.231 -52.6415 0.876064
405400 -16369 -20185.7 295.549 78.7547 0.879982
405500 -16389.4 -20241.4 298.285 276.575 0.88313
405600 -16413.9 -20211.1 294.039 92.1983 0.883858
405700 -16362 -20232 299.682 387.274 0.883237
405800 -16286.3 -20103.7 295.604 5.78797 0.879251
405900 -16185.3 -20049.6 299.243 -207.416 0.874124
406000 -16174.9 -20047.1 299.849 27.5767 0.870253
406100 -16209.7 -20026 295.52 -159.77 0.866501
406200 -16191 -20036.1 297.748 -430.288 0.864358
406300 -16097.5 -20004.7 302.564 121.972 0.865531
406400 -16079.7 -19991.3 302.905 16.6474 0.866581
406500 -16200 -20056.6 298.64 -102.309 0.867303
406600 -16261.3 -20086.7 296.222 -193.831 0.869226
406700 -16251.1 -20079.6 296.465 109.586 0.873171
406800 -16200.7 -20088.3 301.041 201.745 0.87703
406900 -16160.4 -20018.6 298.763 297.526 0.879205
407000 -16104.8 -20015 302.791 -20.5394 0.87898
407100 -16126.9 -20009.8 300.679 81.2347 0.878239
407200 -16216.8 -20032.1 295.442 -7.29434 0.876884
407300 -16244.6 -20090.1 297.779 66.6793 0.875117
407400 -16243.1 -20033.8 293.543 -7.94037 0.872427
407500 -16126.4 -20023.5 301.772 -26.5112 0.869747
407600 -16091.5 -19964.5 299.917 -322.514 0.867429
407700 -16128.5 -19972.8 297.686 -23.3547 0.867219
407800 -16197 -20040.6 297.63 -45.1199 0.867711
407900 -16288.4 -20127.6 297.292 -395.502 0.869225
408000 -16328.2 -20148.7 295.845 79.8196 0.874217
408100 -16322.6 -20174.6 298.283 149.494 0.879555
408200 -16308.1 -20127.1 295.724 341.944 0.882809
408300 -16267.5 -20138.8 299.781 96.0832 0.883188
408400 -16222.2 -20079.1 298.664 214.424 0.882362
408500 -16113.8 -20029.4 303.203 28.5231 0.879524
408600 -16105.3 -19986.8 300.568 -5.57197 0.876111
408700 -16169.5 -20003.5 296.889 -182.649 0.873248
408800 -16235.3 -20051.7 295.525 -50.1162 0.871833
408900 -16334.7 -20113.7 292.626 -365.59 0.871629
409000 -16403 -20177.1 292.25 -187.482 0.874723
409100 -16318.4 -20148 296.544 11.6032 0.879438
409200 -16247.2 -20134.1 300.982 228.284 0.88309
409300 -16292.4 -20157.2 299.274 330.582 0.884185
409400 -16353.2 -20168.1 295.416 178.848 0.882379
409500 -16336.5 -20151.5 295.42 229.545 0.878979
409600 -16235.6 -20107.8 299.85 -112.732 0.874643
409700 -16183.8 -20041.9 298.762 -202.989 0.871861
409800 -16185.4 -20061.2 300.127 -98.4989 0.871321
409900 -16220.5 -20082.3 299.044 -84.3459 0.871784
410000 -16271.2 -20109.5 297.221 -276.589 0.873406
410100 -16331.3 -20134.7 294.528 -2.24805 0.877192
410200 -16382.3 -20151.7 291.883 244.846 0.880353
410300 -16341.4 -20135.6 293.809 22.4547 0.881307
410400 -16233.1 -20099.7 299.408 71.5359 0.881691
410500 -16217.3 -20096.3 300.369 316.881 0.881012
410600 -16263.5 -20078.6 295.422 32.5782 0.878008
410700 -16265.9 -20084.8 295.721 217.579 0.874132
410800 -16159.8 -20019.6 298.882 -229.773 0.86921
410900 -16103.1 -19987.4 300.787 -266.427 0.86685
411000 -16134.3 -20003.3 299.604 -102.194 0.867087
411100 -16173.7 -19981.9 294.892 -112.677 0.868362
411200 -16151.9 -20035.2 300.71 -45.4557 0.870601
411300 -16157.7 -20054.1 301.717 -172.396 0.873513
411400 -16237.3 -20068.6 296.679 52.2439 0.877262
411500 -16295.1 -20127.9 296.802 164.314 0.8802
411600 -16324.4 -20151.5 296.361 93.8269 0.881559
411700 -16314 -20116.7 294.46 -6.49828 0.881803
411800 -16203.2 -20071.1 299.51 224.707 0.88158
411900 -16151.4 -19995.7 297.687 141.108 0.879605
412000 -16130.4 -20007 300.191 -45.0508 0.876757
412100 -16166.4 -20012.1 297.792 41.4625 0.873975
412200 -16261.1 -20041.3 292.726 -332.557 0.87154
412300 -16272.5 -20109.8 297.141 -423.993 0.872717
412400 -16244.6 -20166.9 303.725 282.835 0.876921
412500 -16324.9 -20130.4 294.683 42.867 0.878862
412600 -16368.1 -20151.5 292.974 -14.7086 0.879711
412700 -16293.6 -20140.4 297.875 -28.6411 0.880884
412800 -16251.8 -20134.1 300.634 388.548 0.881694
412900 -16279 -20138.1 298.836 -46.7379 0.879778
413000 -16300.4 -20134.9 296.927 -137.608 0.878062
413100 -16300.4 -20154.2 298.422 -21.4631 0.877456
413200 -16275.7 -20123.3 297.948 -131.772 0.877347
413300 -16229.7 -20142 302.95 76.2726 0.878166
413400 -16265.8 -20073.5 294.858 -93.7657 0.878704
413500 -16256 -20098 297.506 -35.1047 0.879914
413600 -16213.5 -20087.9 300.017 65.9076 0.88151
413700 -16182.1 -20087.7 302.441 114.364 0.882503
413800 -16265.5 -20133.7 299.535 3.44077 0.882485
413900 -16346.1 -20158.6 295.219 49.6027 0.88207
414000 -16331.9 -20170.4 297.236 -257.242 0.881627
414100 -16278.6 -20136.3 298.73 23.9691 0.883217
414200 -16195.8 -20119.4 303.827 63.3062 0.884837
414300 -16210.8 -20106.5 301.662 146.154 0.885727
414400 -16326.6 -20125.1 294.141 41.9083 0.885644
414500 -16317.5 -20139.9 295.992 -7.78239 0.88472
414600 -16253.8 -20137.7 300.751 154.081 0.88355
414700 -16271.1 -20145.1 299.989 43.7944 0.881343
414800 -16371.3 -20157.8 293.213 -256.423 0.878532
414900 -16391.2 -20192.9 294.391 9.08432 0.87733
415000 -16246.5 -20097 298.164 7.1725 0.876419
415100 -16194.3 -20057.2 299.13 -65.7695 0.875581
415200 -16198.4 -20051.7 298.387 -6.80215 0.875114
415300 -16227.4 -20095.9 299.56 -16.2667 0.875
415400 -16307.2 -20133.2 296.271 -159.741 0.875129
415500 -16330.5 -20125.7 293.892 -46.4259 0.876808
415600 -16263.2 -20153.9 301.277 255.467 0.879722
415700 -16175.1 -20050.7 300.112 198.165 0.880983
415800 -16072.9 -20007.3 304.669 270.246 0.879959
415900 -16122.8 -20003.7 300.518 -261.486 0.876391
416000 -16183.6 -20045.6 299.062 -137.782 0.873887
416100 -16224.6 -20033.5 294.942 -100.3 0.872765
416200 -16205.1 -20051.2 297.828 -26.3934 0.872687
416300 -16177.7 -20025.7 297.974 -160.238 0.873113
416400 -16086.7 -19983.6 301.764 -121.75 0.874986
416500 -16011.6 -19975.4 306.94 277.803 0.878042
416600 -16098 -19946.5 298.017 214.315 0.879005
416700 -16149.8 -20003.4 298.409 -197.92 0.878135
416800 -16191.9 -20007 295.427 43.102 0.878383
416900 -16156.7 -20005.3 298.024 129.212 0.878548
417000 -16056.8 -19967.9 302.863 35.7358 0.877419
417100 -16061.2 -19943.8 300.655 -0.97972 0.875539
417200 -16144.4 -19968.1 296.095 -40.244 0.873669
417300 -16218.2 -20017.7 294.217 -106.568 0.872298
417400 -16212.8 -20029.9 295.58 -198.342 0.87202
417500 -16175.7 -20027.5 298.268 15.7644 0.873399
417600 -16140.5 -19986.4 297.816 -115.464 0.875388
417700 -16107.6 -19992.1 300.799 242.606 0.878041
417800 -16127.9 -19994.5 299.414 107.417 0.878918
417900 -16217.3 -20034 295.555 157.206 0.878448
418000 -16246.4 -20037.2 293.547 4.56519 0.876715
418100 -16159.5 -20010.9 298.232 -33.9688 0.874427
418200 -16088.8 -19967 300.31 -101.525 0.872359
418300 -16124 -19998.8 300.053 67.9322 0.871182
418400 -16188.5 -20009.8 295.908 -340.914 0.869895
418500 -16193.9 -20038.5 297.706 -136.865 0.871085
418600 -16176.3 -20056.2 300.444 -164.864 0.874331
418700 -16196.9 -20075.4 300.341 136.409 0.879008
418800 -16281.6 -20082.5 294.333 197.433 0.883301
418900 -16284.4 -20124.6 297.368 194.053 0.885322
419000 -16220.8 -20069.1 297.997 241.224 0.884959
419100 -16137.6 -20022.5 300.834 174.952 0.882378
419200 -16131.6 -19988.3 298.653 29.9373 0.878261
419300 -16136.6 -19970.7 296.897 -93.4023 0.874106
419400 -16133 -19997.7 299.269 47.4877 0.870977
419500 -16159.2 -20005.9 297.874 52.9345 0.867814
419600 -16181 -20011.2 296.598 -413.526 0.865071
419700 -16164.5 -20002.6 297.207 -240.635 0.866138
419800 -16085.1 -19970.8 300.895 131.909 0.869078
419900 -16054.4 -19974.4 303.548 -35.7026 0.87063
420000 -16152.3 -20036.8 300.804 -27.1594 0.872044
420100 -16225.2 -20076.6 298.24 -3.2714 0.87356
420200 -16258.5 -20128.2 299.653 27.6775 0.874577
420300 -16323.9 -20136.6 295.247 10.3421 0.875387
420400 -16326.7 -20109.3 292.913 -64.3206 0.876055
420500 -16224.8 -20130.2 302.418 142.981 0.876943
420600 -16244 -20108.1 299.226 92.1838 0.876754
420700 -16259.5 -20051.1 293.607 -24.9351 0.875691
420800 -16188.5 -20079.3 301.282 123.135 0.874762
420900 -16177.1 -20067.6 301.264 38.2371 0.87274
421000 -16242.2 -20067.5 296.22 -29.7685 0.870477
421100 -16281.1 -20124.1 297.581 -184.118 0.868753
421200 -16375.3 -20140.7 291.578 -343.922 0.868753
421300 -16405.4 -20170 291.514 -185.936 0.872141
421400 -16313.8 -20177.1 299.158 316.086 0.876784
421500 -16257.9 -20100.9 297.587 218.537 0.878611
421600 -16211.4 -20076.6 299.31 341.784 0.877838
421700 -16160.5 -20011.3 298.191 -136.501 0.87457
421800 -16055.9 -19989.6 304.61 30.399 0.871928
421900 -16081.6 -19978.9 301.793 69.0235 0.869459
422000 -16141 -19980.6 297.326 -190.012 0.866801
422100 -16143.6 -19996.6 298.366 -289.8 0.865932
422200 -16149.5 -19976.4 296.346 -55.0835 0.867894
422300 -16120.2 -19991.2 299.758 -10.2577 0.870471
422400 -16047.6 -19932.6 300.839 275.099 0.872411
422500 -16045.6 -20001.6 306.344 120.557 0.872102
422600 -16151.2 -20004.9 298.412 -209.825 0.871013
422700 -16182.8 -20022.8 297.359 -137.855 0.871636
422800 -16185.8 -20037.6 298.27 82.483 0.873197
422900 -16193.6 -20024 296.612 -209.943 0.874553
423000 -16179 -20040.5 299.02 -13.7575 0.877333
423100 -16168.3 -20074 302.442 97.0376 0.88027
423200 -16258.7 -20109.2 298.169 346.343 0.881968
423300 -16326.5 -20147.3 295.869 -159.385 0.881191
423400 -16311.4 -20130.4 295.722 403.097 0.880695
423500 -16237.5 -20100.4 299.132 69.7618 0.87736
423600 -16156 -20009.6 298.408 -187.785 0.873433
423700 -16108.2 -19985.3 300.227 -29.7533 0.871337
423800 -16126.7 -20042.5 303.218 29.0207 0.869986
423900 -16216.1 -20080.5 299.243 -99.1811 0.868606
424000 -16279.6 -20085.3 294.7 -572.896 0.868904
424100 -16264.9 -20121.6 298.651 -83.1782 0.873627
424200 -16225.1 -20090.7 299.337 17.1191 0.878572
424300 -16167.6 -20074.3 302.522 244.447 0.882142
424400 -16175.6 -20048.7 299.915 260.699 0.882922
424500 -16242.4 -20019.2 292.465 -63.7157 0.881743
424600 -16186.9 -20014.7 296.411 70.437 0.880969
424700 -16099 -20005.5 302.506 307.252 0.879102
424800 -16147.2 -20037.3 301.238 -151.91 0.875237
424900 -16206.4 -20014.2 294.861 -248.084 0.872927
425000 -16177.7 -20011.5 296.875 -111.297 0.873112
425100 -16114.4 -20021.2 302.529 -54.2168 0.87452
425200 -16170.9 -20031.1 298.917 46.6364 0.876147
425300 -16271.4 -20080 294.916 47.3535 0.877469
425400 -16267.4 -20089.6 295.982 30.5745 0.878443
425500 -16219.5 -20080.2 298.962 138.733 0.878972
425600 -16162.6 -20067.5 302.379 32.9912 0.878284
425700 -16213.8 -20060.4 297.869 -168.908 0.877342
425800 -16306.7 -20098.9 293.648 -107.845 0.878045
425900 -16289.9 -20154.3 299.247 221.396 0.879389
426000 -16264.7 -20102.7 297.2 -117.962 0.879199
426100 -16176.5 -20100.6 303.863 126.787 0.879583
426200 -16176.2 -20079.8 302.284 176.887 0.878795
426300 -16258.2 -20075.2 295.576 -127.316 0.876527
426400 -16257.4 -20066.5 294.959 77.116 0.874942
426500 -16211.9 -20057.5 297.787 -165.487 0.873312
426600 -16187.9 -20048.2 298.929 -104.687 0.87297
426700 -16180.8 -20020 297.295 -35.1908 0.873617
426800 -16089.2 -19984.6 301.642 77.0722 0.874616
426900 -16024 -19973.8 305.85 -154.505 0.875379
427000 -16115.4 -19995.2 300.436 113.482 0.876986
427100 -16190.2 -20063.2 299.914 23.14 0.87802
427200 -16246.2 -20068 295.944 39.1233 0.878801
427300 -16244.2 -20059 295.401 -90.4872 0.879636
427400 -16149 -20022 299.909 180.582 0.880917
427500 -16096.4 -20013.1 303.295 414.796 0.88036
427600 -16131.9 -19982.6 298.19 -160.695 0.876337
427700 -16156.3 -20020.8 299.249 -247.381 0.872913
427800 -16214.5 -20067.5 298.359 -34.8718 0.871519
427900 -16287.4 -20088 294.302 -128.898 0.870917
428000 -16273.2 -20046.6 292.202 -148.252 0.871374
428100 -16218.6 -20052.9 296.913 -47.3549 0.873372
428200 -16180.2 -20028.3 297.981 221.319 0.87594
428300 -16157.5 -20031.2 299.967 208.503 0.876796
428400 -16189.6 -20080.8 301.32 9.47355 0.875729
428500 -16288.8 -20081.2 293.666 -184.421 0.874393
428600 -16276.7 -20108.8 296.743 -73.89 0.874761
428700 -16237.9 -20078.2 297.375 176.349 0.875445
428800 -16189.9 -20046 298.605 -9.04132 0.874935
428900 -16068.4 -19965 301.735 272.732 0.874042
429000 -16023.6 -19924.2 302.049 28.7907 0.870677
429100 -16079.7 -19932.8 298.369 -296.19 0.866623
429200 -16135 -19970.9 297.034 -373.682 0.865163
429300 -16140.5 -19976.9 297.073 -150.27 0.867272
429400 -16126.6 -20009.4 300.669 119.672 0.87092
429500 -16145.8 -19988.3 297.549 59.2562 0.873824
429600 -16143.9 -19998.5 298.486 177.708 0.875972
429700 -16166.1 -20031 299.281 184.698 0.876478
429800 -16245.1 -20051.6 294.765 -101.329 0.875426
429900 -16279 -20069 293.477 -216.372 0.875214
430000 -16191.8 -20058.3 299.409 93.6456 0.876873
430100 -16128.2 -20002 299.973 81.5903 0.878049
430200 -16158.9 -20064.4 302.424 -75.7388 0.878569
430300 -16260.5 -20081.9 295.922 33.167 0.879527
430400 -16274.2 -20082.9 294.927 190.297 0.880177
430500 -16212.5 -20023.5 295.106 24.0425 0.879438
430600 -16140.4 -20023.6 300.702 252.67 0.877453
430700 -16152 -20004 298.284 -168.942 0.873765
430800 -16170.3 -20011.5 297.449 66.5145 0.871172
430900 -16179.8 -20009.7 296.569 -187.855 0.868612
431000 -16167.5 -19999.1 296.709 69.1992 0.867176
431100 -16110 -19987.3 300.239 154.487 0.865245
431200 -16068.7 -19907.1 297.233 83.1774 0.861823
431300 -15994.3 -19847.6 298.385 -420.019 0.85851
431400 -15913.5 -19815.9 302.188 -21.4642 0.858461
431500 -15937.8 -19843.4 302.434 -193.765 0.859319
431600 -15992.3 -19841.3 298.053 -136.734 0.861735
431700 -16018.6 -19890.4 299.818 103.637 0.865429
431800 -16076.7 -19920.8 297.674 44.0243 0.868031
431900 -16132.9 -19941.9 294.962 76.3465 0.870027
432000 -16131.8 -19967.8 297.042 191.315 0.871363
432100 -16059.3 -19962.9 302.281 64.0356 0.870787
432200 -16038.9 -19892.6 298.416 -47.1908 0.869613
432300 -16044.2 -19892.6 298.007 45.5016 0.868708
432400 -16051.3 -19885.4 296.896 -28.1294 0.867572
432500 -16024.9 -19907.2 300.628 1.58977 0.866518
432600 -16040.4 -19871.4 296.651 -172.12 0.865703
432700 -16047.9 -19847.7 294.247 -339.068 0.866694
432800 -15965 -19863.3 301.865 4.64431 0.870635
432900 -15958.1 -19876.1 303.401 104.679 0.874852
433000 -16056.5 -19916.8 298.925 117.056 0.877862
433100 -16093.4 -19959.4 299.369 143.82 0.87934
433200 -16134.1 -19978.8 297.72 10.0009 0.879625
433300 -16181.8 -20006.7 296.183 70.6851 0.879522
433400 -16216 -20013.7 294.083 -49.7283 0.878952
433500 -16171.1 -20017.1 297.815 158.498 0.878487
433600 -16081.6 -19938.2 298.637 166.582 0.876643
433700 -16027.9 -19902.6 300.04 -100.811 0.873677
433800 -16026.1 -19894.3 299.54 65.6779 0.871478
433900 -16121.3 -19919.5 294.124 -172.865 0.869286
434000 -16182.5 -19972.9 293.514 -145.852 0.868525
434100 -16129.8 -19961.4 296.707 -60.276 0.869379
434200 -16024.1 -19876.9 298.343 15.6106 0.870784
434300 -15998.7 -19858.6 298.901 53.8386 0.871915
434400 -16020.7 -19868.4 297.955 103.397 0.872321
434500 -16063.7 -19921.5 298.736 122.33 0.871835
434600 -16136.2 -19945.1 294.947 -24.477 0.870271
434700 -16156.1 -19951.5 293.9 -18.7762 0.868838
434800 -16045.6 -19908.4 299.12 221.157 0.86771
434900 -15988.2 -19839.4 298.225 -250.14 0.865562
435000 -15974.6 -19837.5 299.128 -13.3289 0.865326
435100 -16016.5 -19924.4 302.613 43.098 0.865596
435200 -16113.3 -19923.7 295.062 -180.278 0.865734
435300 -16108.1 -19961.1 298.361 69.3721 0.867063
435400 -16084.9 -19909.6 296.172 100.391 0.867787
435500 -16010.3 -19917.4 302.552 271.875 0.867075
435600 -16009.8 -19927.3 303.355 180.058 0.864092
435700 -16135.8 -19941.4 294.687 -224.981 0.860381
435800 -16135.8 -19941 294.657 -28.4306 0.858702
435900 -16065.4 -19937.9 299.874 -146.355 0.857869
436000 -16026.7 -19901.1 300.017 -76.5824 0.858168
436100 -16039.8 -19858.9 295.736 -244.391 0.859507
436200 -16076.3 -19923 297.87 -74.4477 0.862785
436300 -16125.4 -19926.7 294.357 47.4815 0.866761
436400 -16125.3 -20002 300.199 135.796 0.870137
436500 -16177.4 -20051.6 300.004 182.965 0.871856
436600 -16270.5 -20072.8 294.436 90.559 0.871531
436700 -16267.8 -20092.8 296.19 -36.1646 0.870542
436800 -16207.9 -20028.6 295.854 -49.5208 0.869878
436900 -16120.8 -19968.4 297.946 -92.996 0.869804
437000 -16114.6 -20007 301.414 138.251 0.870338
437100 -16179.7 -20039.9 298.925 53.4318 0.869724
437200 -16236.7 -20045.9 294.964 -119.503 0.868717
437300 -16216.5 -20055.2 297.249 -107.559 0.868842
437400 -16112.4 -19990.4 300.299 209.712 0.869627
437500 -16031 -19927 301.69 -179.691 0.869046
437600 -16064 -19932 299.522 -8.86266 0.869567
437700 -16094.5 -19924.3 296.568 -63.8346 0.870745
437800 -16104.6 -19973.5 299.592 -54.3048 0.872473
437900 -16189.4 -19992.9 294.534 140.489 0.87449
438000 -16283.4 -20099.2 295.482 68.948 0.87539
438100 -16331.7 -20149.4 295.627 129.04 0.875545
438200 -16334.4 -20118.8 293.045 102.84 0.874461
438300 -16212.3 -20055.6 297.606 -29.7427 0.87241
438400 -16150 -20027.5 300.262 -63.8139 0.870422
438500 -16152.7 -19996.1 297.619 31.2129 0.868727
438600 -16152.4 -20009.9 298.712 -106.143 0.866686
438700 -16178.5 -20021.2 297.57 -175.3 0.86569
438800 -16237.5 -20075 297.158 47.9071 0.866124
438900 -16298.6 -20096.9 294.127 -155.672 0.866871
439000 -16256.2 -20111 298.502 -67.2583 0.868909
439100 -16157.6 -20049.3 301.36 264.569 0.871658
439200 -16122.8 -20071.8 305.798 131.332 0.87251
439300 -16256.2 -20089.3 296.819 -49.0572 0.872005
439400 -16282.4 -20116.3 296.878 12.2534 0.872005
439500 -16267.3 -20123.9 298.644 -17.5483 0.871958
439600 -16242.1 -20094.9 298.342 -58.2934 0.871917
439700 -16209.4 -20097.2 301.053 246.139 0.872028
439800 -16240.8 -20088.6 297.96 -149.22 0.870334
439900 -16296.4 -20069.9 292.203 -246.832 0.869466
440000 -16223.2 -20064.8 297.485 79.5011 0.870993
440100 -16146.9 -20018.9 299.836 116.07 0.871925
440200 -16154.1 -20028.5 300.014 -244.065 0.8723
440300 -16201 -20035.8 296.949 21.3554 0.874591
440400 -16245.5 -20062.7 295.591 176.203 0.877062
440500 -16278.2 -20097.5 295.75 132.003 0.87813
440600 -16292.7 -20096 294.512 42.9482 0.878008
440700 -16248.7 -20123.8 300.077 125.264 0.87733
440800 -16202.5 -20061.4 298.815 51.316 0.875429
440900 -16172.2 -20041.6 299.631 53.4379 0.87279
441000 -16144.8 -20001.2 298.623 -275.648 0.870108
441100 -16102.3 -20011.9 302.738 -50.5597 0.869373
441200 -16153 -20025 299.833 43.8296 0.869328
441300 -16234.4 -20039.9 294.681 -176.927 0.869128
441400 -16205.8 -20021.2 295.451 -3.94446 0.870011
441500 -16148.5 -20011.4 299.13 -220.149 0.871725
441600 -16144.3 -20042.8 301.884 202.823 0.875009
441700 -16189.6 -20049.6 298.907 231.724 0.876994
441800 -16204.5 -20026.6 295.968 -3.51667 0.876713
441900 -16166 -20005.1 297.288 -119.124 0.876386
442000 -16101.3 -19972.4 299.762 117.85 0.877022
442100 -16026 -19956.4 304.356 236.512 0.876617
442200 -15987.1 -19915.6 304.207 9.95902 0.873838
442300 -16083.5 -19948.2 299.261 -50.0003 0.870632
442400 -16158.5 -19986.8 296.444 -148.358 0.868132
442500 -16169.7 -20019.9 298.145 -205.454 0.866878
442600 -16166.5 -19990.3 296.1 -212.683 0.867774
442700 -16094.7 -19972.4 300.272 53.7049 0.87057
442800 -16031.2 -19903.8 299.877 55.569 0.87335
442900 -16052.6 -19955.6 302.228 99.5529 0.875446
443000 -16171.2 -20015.6 297.692 -121.543 0.876971
443100 -16216.7 -20064.5 297.961 96.3163 0.879438
443200 -16227.5 -20059.7 296.753 129.549 0.881183
443300 -16193.4 -20060.9 299.485 32.2968 0.881737
443400 -16131.8 -20026.2 301.567 77.4519 0.881724
443500 -16110.1 -20004 301.53 65.1648 0.880951
443600 -16184.6 -19996.4 295.173 -49.2556 0.879679
443700 -16238.3 -20064.1 296.256 -49.324 0.878742
443800 -16271.5 -20094.8 296.059 48.0142 0.878003
443900 -16285.1 -20034.9 290.373 39.9935 0.876886
444000 -16178.6 -20032.8 298.451 148.904 0.874873
444100 -16131.7 -20015.8 300.772 -99.9461 0.871272
444200 -16147.7 -19981.9 296.905 -137.591 0.86762
444300 -16171.2 -20012.5 297.456 -325.677 0.865113
444400 -16206.4 -19993.3 293.247 -163.56 0.865331
444500 -16159.2 -20027.1 299.515 -44.3733 0.867739
444600 -16106 -20008.5 302.194 57.9925 0.871017
444700 -16171.3 -20056.2 300.835 -23.7958 0.8742
444800 -16268.8 -20087.5 295.707 60.6813 0.877901
444900 -16265 -20122.3 298.695 149.29 0.881192
445000 -16275.7 -20111.3 297.012 174.254 0.883099
445100 -16288.1 -20141.9 298.425 -54.5445 0.883829
445200 -16314.6 -20145.7 296.667 3.68163 0.884728
445300 -16323 -20124.4 294.363 59.3981 0.885511
445400 -16243.7 -20097.2 298.403 206.575 0.885521
445500 -16170.8 -20049.8 300.373 14.3561 0.883957
445600 -16179.8 -20074.7 301.61 -124.894 0.881936
445700 -16240.2 -20088.1 297.968 -167.05 0.880866
445800 -16247.8 -20088.8 297.431 -80.3903 0.881424
445900 -16230.5 -20077.9 297.926 270.491 0.882542
446000 -16246.3 -20145.1 301.907 -71.8404 0.882051
446100 -16343 -20109.8 291.689 -124.656 0.881882
446200 -16320.7 -20165.3 297.71 87.9872 0.882745
446300 -16305.2 -20158.6 298.393 74.2289 0.883199
446400 -16303.3 -20138.6 296.998 102.876 0.88249
446500 -16243.5 -20116.1 299.883 -155.422 0.88105
446600 -16129.4 -20045 303.214 242.701 0.88003
446700 -16152.7 -20035.9 300.706 5.95374 0.877169
446800 -16223 -20085.1 299.068 -166.422 0.87392
446900 -16269.7 -20125.6 298.588 -98.8499 0.871642
447000 -16277 -20081.7 294.625 -181.924 0.870471
447100 -16237.3 -20109.4 299.843 -105.143 0.871152
447200 -16231.1 -20099.9 299.586 105.889 0.872588
447300 -16315 -20105.1 293.492 -248.646 0.873743
447400 -16371.5 -20153.3 292.846 78.6778 0.876586
447500 -16301 -20112.8 295.166 71.5979 0.879301
447600 -16218.9 -20077.1 298.767 219.583 0.881131
447700 -16195.5 -20034.2 297.256 156.976 0.880928
447800 -16173.4 -20032.8 298.854 90.4664 0.879118
447900 -16150.8 -20006.1 298.539 -116.491 0.876601
448000 -16124.6 -20011.2 300.965 -197.903 0.875159
448100 -16133 -19970.1 297.137 -30.8584 0.875231
448200 -16142.5 -19979.1 297.093 56.5564 0.875802
448300 -16119.2 -19969.4 298.145 13.4974 0.87605
448400 -16062.2 -19932.4 299.698 84.9929 0.876025
448500 -16019.8 -19913.7 301.534 -3.0377 0.875364
448600 -16067.4 -19913.1 297.797 11.4105 0.874593
448700 -16161.4 -19966.1 294.616 -174.026 0.874113
448800 -16164.3 -19995.8 296.702 51.4907 0.874599
448900 -16120.5 -20012.1 301.345 -31.9438 0.875122
449000 -16091.5 -19993.4 302.155 -139.408 0.87597
449100 -16137.8 -19976 297.22 156.332 0.877853
449200 -16197.6 -20016.7 295.738 205.386 0.878777
449300 -16205.1 -20014.4 294.983 -91.4435 0.87789
449400 -16112.3 -19966.8 298.478 -146.374 0.87746
449500 -16051.2 -19915.7 299.255 142.719 0.878245
449600 -16050.2 -19927.6 300.248 13.8785 0.878078
449700 -16101.2 -19968.7 299.48 -256.979 0.877982
449800 -16156.7 -20023.4 299.423 78.3609 0.879946
449900 -16187.5 -20039 298.247 149.617 0.881711
450000 -16193.7 -20037.5 297.651 100.184 0.88204
450100 -16185.7 -20045.3 298.868 11.7571 0.881409
450200 -16221.1 -20044.9 296.104 88.1006 0.880516
450300 -16263.7 -20070.4 294.775 -176.588 0.879019
450400 -16251.8 -20096.6 297.73 -24.3594 0.87885
450500 -16184.4 -20042.6 298.762 152.955 0.878761
450600 -16111.3 -19998.6 301.019 313.629 0.87675
450700 -16112.6 -20003.4 301.286 -164.742 0.872105
450800 -16234.8 -20023.6 293.391 -415.013 0.868671
450900 -16234.2 -20041.4 294.812 -215.853 0.868908
451000 -16158.1 -19974.2 295.505 10.7955 0.871293
451100 -16085.5 -19945.6 298.913 -18.3018 0.874215
451200 -16070.4 -19967.2 301.754 209.316 0.876919
451300 -16136.9 -19994.4 298.711 223.463 0.877598
451400 -16195.8 -20061.9 299.375 70.629 0.876291
451500 -16234.5 -20094.3 298.885 51.3906 0.874132
451600 -16250 -20062 295.189 -86.3553 0.871541
451700 -16191.4 -20032 297.398 -98.5474 0.869775
451800 -16093.4 -19949.7 298.621 -4.91537 0.868856
451900 -16051.6 -19939.1 301.026 -72.0711 0.868177
452000 -16088.6 -19972.1 300.728 -69.4297 0.868098
452100 -16159.3 -20019 298.884 -196.457 0.869105
452200 -16199.3 -20048.7 298.086 146.644 0.871792
452300 -16226.1 -20107.9 300.586 -14.0131 0.873365
452400 -16279.4 -20086.2 294.783 21.0285 0.874717
452500 -16273.2 -20119.7 297.859 216.734 0.875686
452600 -16165.5 -20027.4 299.055 -59.4198 0.875153
452700 -16058.7 -19936.2 300.251 -7.8443 0.874707
452800 -16046.9 -19909.3 299.088 -176.025 0.874602
452900 -16081.5 -19926.6 297.744 171.036 0.875577
453000 -16135.4 -19968.4 296.813 130.656 0.875428
453100 -16211.3 -20043.2 296.733 22.6396 0.874041
453200 -16280.7 -20052.8 292.096 68.2768 0.872041
453300 -16216.3 -20056.1 297.336 -2.51543 0.869441
453400 -16101.1 -19945.3 297.683 -136.918 0.866686
453500 -16063.1 -19937.5 300.02 -137.045 0.865034
453600 -16079.1 -19939.9 298.964 -14.0312 0.864545
453700 -16150.8 -19977.8 296.343 -321.248 0.864455
453800 -16222 -20033.1 295.113 -162.029 0.867617
453900 -16252.9 -20079.2 296.295 280.988 0.872839
454000 -16298.2 -20060.2 291.313 86.6213 0.876591
454100 -16232.9 -20064.8 296.727 196.991 0.879828
454200 -16170.6 -20087.4 303.304 351.588 0.881281
454300 -16228 -20081 298.356 91.8519 0.879547
454400 -16278.6 -20046.9 291.804 -85.1467 0.876125
454500 -16215.7 -20038.7 296.04 -101.847 0.872447
454600 -16166.9 -19982.1 295.44 -283.962 0.869314
454700 -16113.9 -19975.4 299.019 -222.588 0.868067
454800 -16071.5 -19911.3 297.336 -185.258 0.869341
454900 -16002.1 -19910.1 302.618 136.365 0.87264
455000 -15968.5 -19872.1 302.279 86.4862 0.875577
455100 -16072.9 -19958.5 300.888 59.0865 0.877898
455200 -16172.8 -20011.1 297.222 250.643 0.87928
455300 -16195.4 -19987.7 293.66 -46.5933 0.879024
455400 -16130.7 -20000.9 299.691 41.5157 0.878812
455500 -16076.8 -19942.1 299.319 -21.9839 0.878414
455600 -16091.6 -19993.1 302.113 268.847 0.877745
455700 -16223.3 -20012.5 293.42 16.9518 0.874764
455800 -16201.6 -19986.4 293.08 -179.502 0.871186
455900 -16124.1 -20013.3 301.16 16.2495 0.869175
456000 -16125.8 -19969.8 297.662 -36.0423 0.867215
456100 -16130.4 -19982.9 298.326 -208.853 0.865424
456200 -16117.2 -19931.4 295.359 -56.5009 0.865633
456300 -16043.2 -19911.7 299.562 -87.2341 0.86673
456400 -16009.3 -19932 303.763 160.706 0.868447
456500 -16090.9 -19909.8 295.715 132.987 0.868838
456600 -16126 -19948.9 296.036 -60.2351 0.86794
456700 -16096.9 -19907 295.044 4.1006 0.867509
456800 -16072.3 -19980.6 302.638 72.6544 0.867164
456900 -16124.8 -19979.1 298.467 -260.965 0.866257
457000 -16146.2 -19939.2 293.716 -157.675 0.86736
457100 -16092.9 -19935.8 297.578 18.2469 0.870264
457200 -16058.7 -19930.7 299.831 102.803 0.873435
457300 -16067.9 -19924.8 298.659 -128.44 0.876222
457400 -16081.7 -19934.5 298.345 203.653 0.879443
457500 -16119.1 -19954.9 297.028 66.3526 0.88136
457600 -16213.3 -20059.3 297.818 364.69 0.882053
457700 -16304.5 -20094.4 293.469 -21.4515 0.880019
457800 -16268.4 -20077.1 294.934 22.1619 0.877346
457900 -16209.9 -20067.4 298.706 47.1656 0.874553
458000 -16192.8 -20031 297.215 -245.042 0.871689
458100 -16161.8 -20006.5 297.715 65.1855 0.870378
458200 -16047.7 -19945.7 301.848 -10.6548 0.869197
458300 -15980.1 -19861.7 300.576 161.271 0.867754
458400 -16001.9 -19856.9 298.509 -205.76 0.865241
458500 -16027 -19864.6 297.174 -216.38 0.864254
458600 -16025.4 -19868.5 297.594 22.1593 0.865204
458700 -15967.2 -19838.1 299.746 63.7963 0.866323
458800 -15910.7 -19833.5 303.767 -74.1696 0.867115
458900 -15984.6 -19898.9 303.106 39.8395 0.868333
459000 -16083.3 -19932.8 298.087 -95.7399 0.869795
459100 -16128.7 -19970.5 297.496 85.2501 0.872238
459200 -16161.9 -19989.1 296.36 11.8303 0.874731
459300 -16156.1 -19989.9 296.874 127.862 0.877071
459400 -16084.7 -19956.5 299.821 143.37 0.878971
459500 -16031.9 -19958 304.022 233.984 0.879619
459600 -16103 -19949.7 297.875 -7.08856 0.877738
459700 -16175.3 -19992.1 295.556 -8.27318 0.875221
459800 -16174.4 -20012.2 297.185 -204.89 0.872982
459900 -16152.7 -19995.5 297.574 108.326 0.872043
460000 -16117.7 -20006.4 301.126 -282.488 0.870836
460100 -16144.7 -20002.2 298.706 -121.399 0.871506
460200 -16231.3 -20086.4 298.524 -113.466 0.87406
460300 -16296.4 -20099.5 294.503 86.3565 0.877795
460400 -16264.2 -20099.2 296.968 182.936 0.881039
460500 -16187.6 -20057.4 299.665 232.366 0.882664
460600 -16122.6 -20000.5 300.291 167.276 0.882054
460700 -16006.7 -19949.8 305.342 -15.4253 0.879951
460800 -15990.9 -19922.2 304.423 132.778 0.877285
460900 -16096.8 -19983.9 301.008 -298.672 0.873849
461000 -16139.8 -19988.2 298.006 -256.558 0.872895
461100 -16178.6 -20024.2 297.788 27.9313 0.874312
461200 -16211.7 -20030.1 295.68 59.7486 0.87576
461300 -16182.3 -20027.6 297.765 79.2447 0.876659
461400 -16098.1 -19992.5 301.571 194.666 0.87667
461500 -16068.6 -19974.7 302.471 226.402 0.874705
461600 -16152.6 -19980.2 296.392 -315.745 0.870907
461700 -16209.1 -20058.6 298.093 -197.03 0.869626
461800 -16221.3 -20039 295.631 2.13662 0.870297
461900 -16187.2 -19984.8 294.073 -311.838 0.871713
462000 -16106.6 -19961.1 298.48 -4.29658 0.875741
462100 -16089.9 -19989 301.931 163.363 0.879975
462200 -16141.4 -20003 299.029 363.942 0.882312
462300 -16209.7 -20073.5 299.197 260.939 0.881217
462400 -16240.3 -20071.6 296.681 -48.1417 0.877857
462500 -16242.9 -20127 300.77 2.44579 0.874936
462600 -16274.6 -20077.2 294.458 -277.68 0.872644
462700 -16225 -20079.7 298.489 -80.9 0.872683
462800 -16107.8 -20019 302.871 129.725 0.87372
462900 -16106.4 -19982.7 300.168 -103.028 0.873884
463000 -16167.2 -20041.5 300.009 169.549 0.874133
463100 -16234.3 -20041.3 294.8 -130.094 0.87357
463200 -16220.9 -20028.6 294.852 -186.194 0.874062
463300 -16171.4 -20030.1 298.803 95.5277 0.87567
463400 -16152.8 -20029.5 300.196 212.76 0.876341
463500 -16213.3 -20054.9 297.48 -107.377 0.875531
463600 -16321.1 -20123.8 294.465 -97.1903 0.875311
463700 -16327.3 -20145 295.635 83.1999 0.875885
463800 -16288.3 -20088 294.23 182.444 0.875602
463900 -16216.9 -20033.5 295.538 21.3334 0.873967
464000 -16166.5 -20005.5 297.28 -183.7 0.872471
464100 -16115.5 -19929.8 295.362 -58.5543 0.872551
464200 -16057.7 -19953 301.636 -36.1015 0.873355
464300 -16081.2 -19944.6 299.169 -16.3138 0.874562
464400 -16116.4 -19990.8 300.016 206.686 0.875611
464500 -16156.1 -20019 299.131 230.884 0.874555
464600 -16184.5 -20017.9 296.848 -2.84141 0.871557
464700 -16168.3 -20001.9 296.861 -122.734 0.868776
464800 -16130.3 -19985.9 298.556 58.0689 0.867013
464900 -16078.3 -19942.8 299.253 5.55653 0.86486
465000 -15952.4 -19843.8 301.33 -257.144 0.863078
465100 -15931.7 -19851.6 303.54 -143.022 0.863732
465200 -16019.5 -19874.5 298.513 72.2897 0.86546
465300 -16063.3 -19898.3 296.963 29.6406 0.866739
465400 -16067.4 -19927.8 298.931 3.02061 0.867403
465500 -16106.7 -19922.1 295.449 -243.774 0.868569
465600 -16178.4 -19962.8 293.047 320.631 0.871449
465700 -16209.2 -20037 296.413 -17.3783 0.871995
465800 -16181.3 -19999.1 295.642 79.9009 0.872042
465900 -16081.2 -19916.9 297.024 75.5151 0.871551
466000 -16002.9 -19854.3 298.238 -249.436 0.870455
466100 -15989.5 -19891.8 302.179 97.1388 0.871216
466200 -16068.5 -19934.7 299.382 219.32 0.871326
466300 -16103.1 -19930.6 296.387 -99.5248 0.869615
466400 -16101.9 -19975.7 299.973 -238.273 0.868623
466500 -16138.7 -19955.3 295.545 -270.98 0.870108
466600 -16157 -19995.2 297.21 68.4509 0.873937
466700 -16185.1 -20006.4 295.905 -15.1003 0.877768
466800 -16167.1 -19989.7 296.007 339.786 0.881048
466900 -16102.8 -20000.1 301.797 270.031 0.881243
467000 -16121.3 -19990.3 299.596 152.216 0.878793
467100 -16229.8 -20067 297.132 -213.214 0.875522
467200 -16272.9 -20094.1 295.898 100.147 0.874015
467300 -16234.4 -20019.4 293.095 -30.9422 0.872503
467400 -16145.7 -19993 297.919 -29.7699 0.871372
467500 -16119.5 -19969.1 298.097 -171.334 0.871042
467600 -16102.3 -19937.9 297.016 -34.9801 0.872036
467700 -16041.4 -19942.3 302.07 152.436 0.873022
467800 -16013.5 -19925.1 302.895 38.588 0.872848
467900 -16105.9 -19928.2 295.987 -147.302 0.872481
468000 -16159.9 -20010.6 298.18 30.6486 0.872969
468100 -16188.5 -20039.8 298.231 -82.4689 0.873426
468200 -16246.7 -20019.9 292.186 7.59722 0.87454
468300 -16262.1 -20073.3 295.125 345.79 0.875169
468400 -16175.9 -20022.9 297.899 53.2329 0.873072
468500 -16098.7 -19960.9 299.071 -166.11 0.870333
468600 -16060.6 -19894.6 296.891 -217.587 0.869409
468700 -15994 -19868.1 299.991 8.00107 0.87043
468800 -15927.4 -19845.7 303.421 27.1091 0.871475
468900 -15930.2 -19831.2 302.084 48.9818 0.872148
469000 -16032.4 -19877 297.709 -13.7123 0.872349
469100 -16097.4 -19938.6 297.449 44.6006 0.872438
469200 -16126.5 -19944.8 295.674 -255.078 0.872796
469300 -16127.6 -19988.8 299.001 251.59 0.874941
469400 -16161.9 -20034.1 299.852 117.52 0.875169
469500 -16238.5 -20022.5 293.019 -37.1936 0.874045
469600 -16212.1 -20054.7 297.551 72.1638 0.873172
469700 -16138.7 -20019.6 300.528 144.213 0.871524
469800 -16059 -19919.7 298.953 -39.5382 0.868907
469900 -15940.6 -19851.6 302.853 89.7404 0.866273
470000 -15960.4 -19863.6 302.256 -77.9337 0.863107
470100 -16020.9 -19832.2 295.134 -196.438 0.860713
470200 -16022.4 -19887.1 299.27 -255.474 0.860541
470300 -16010.5 -19838.5 296.427 -121.965 0.862577
470400 -15922.3 -19875.1 306.086 85.6953 0.865819
470500 -15956.2 -19868.1 302.917 33.978 0.868285
470600 -16055.8 -19920.7 299.281 -44.2068 0.87003
470700 -16100.5 -19954.8 298.46 112.569 0.871725
470800 -16156.1 -20005.5 298.09 32.9937 0.87241
470900 -16216.7 -20022.1 294.674 -174.459 0.873099
471000 -16191.1 -20055.2 299.219 30.9905 0.874951
471100 -16079.3 -20025.1 305.551 149.387 0.876077
471200 -16077.7 -19925.9 297.993 159.044 0.875784
471300 -16147.6 -19967.8 295.825 143.801 0.874149
471400 -16242 -20011.1 291.86 -316.165 0.871939
471500 -16217.2 -20029.9 295.245 -281.41 0.872547
471600 -16099.6 -19980.9 300.549 163.411 0.875124
471700 -16081.2 -19924.1 297.585 -91.5727 0.876737
471800 -16075.6 -19952.1 300.175 296.649 0.878177
471900 -16130.6 -19946.5 295.488 31.3921 0.877243
472000 -16204.5 -20001.8 294.048 -3.74842 0.875821
472100 -16197.2 -19995.3 294.114 -199.611 0.875085
472200 -16085.6 -19996.3 302.823 75.3906 0.875533
472300 -16106.9 -20002.8 301.689 52.3781 0.875656
472400 -16169.5 -19981.6 295.188 7.14095 0.875388
472500 -16179.5 -20059.2 300.425 100.378 0.874928
472600 -16251.9 -20101 298.063 18.3079 0.873617
472700 -16353.6 -20123.3 291.913 -227.954 0.872243
472800 -16330.5 -20142.7 295.207 -125.523 0.872837
472900 -16260.5 -20061.4 294.325 -68.3987 0.874787
473000 -16201.4 -20068.9 299.48 193.249 0.877252
473100 -16188.7 -20032.5 297.655 110.051 0.878393
473200 -16166.3 -20032.9 299.411 147.193 0.877966
473300 -16138.9 -19987.8 298.037 -33.1389 0.876228
473400 -16064.4 -19899.7 296.991 84.512 0.874701
473500 -15999.9 -19881.1 300.547 168.996 0.872247
473600 -15997.1 -19863.6 299.402 -311.162 0.8689
473700 -16052.5 -19919.9 299.473 -130.37 0.867982
473800 -16168.2 -19996 296.413 -84.8014 0.868739
473900 -16195.6 -20011.6 295.495 -11.8038 0.870262
474000 -16150.2 -19997 297.879 -19.7419 0.871843
474100 -16076.8 -19943.3 299.405 43.5732 0.873724
474200 -16020.9 -19913.4 301.421 8.2244 0.875303
474300 -15976.7 -19928.3 305.998 193.157 0.876439
474400 -16053.5 -19885.9 296.766 26.6737 0.876117
474500 -16118.3 -19944.4 296.283 12.0577 0.87528
474600 -16141 -19981.1 297.362 -95.3887 0.874318
474700 -16146.3 -20006.5 298.922 -48.3358 0.874082
474800 -16191.2 -20012.5 295.906 -57.5022 0.874536
474900 -16231 -20053.1 295.968 -106.354 0.875734
475000 -16226.3 -20068.3 297.503 -121.068 0.877936
475100 -16204 -20095.4 301.336 259.014 0.881104
475200 -16243.9 -20094.2 298.152 337.896 0.88212
475300 -16313.8 -20113.1 294.204 125.451 0.879729
475400 -16294.3 -20111.5 295.589 -38.5418 0.876121
475500 -16187.7 -20040.2 298.318 38.4763 0.87276
475600 -16137.9 -19998.2 298.927 -88.4143 0.86934
475700 -16150 -20026.2 300.154 -61.4038 0.866831
475800 -16189.6 -20017.8 296.442 -183.293 0.865343
475900 -16200.3 -20019.4 295.735 -201.36 0.865539
476000 -16142.8 -19987.9 297.751 -99.5008 0.867716
476100 -16057 -19946.3 301.172 -46.1895 0.870822
476200 -16080.4 -19979.9 301.965 32.2929 0.874192
476300 -16173.4 -20008.9 297.007 230.636 0.876942
476400 -16206.3 -20058.2 298.276 119.585 0.877476
476500 -16219.2 -20025.7 294.763 -82.261 0.876985
476600 -16137.5 -20008.9 299.782 28.3428 0.877028
476700 -16052.7 -19964.1 302.885 169.133 0.876794
476800 -16085.8 -19961.6 300.126 -53.4032 0.87524
476900 -16126.6 -19994.2 299.493 12.0305 0.873932
477000 -16186.5 -20034.6 297.981 35.2348 0.872567
477100 -16239.6 -20029.8 293.495 -274.557 0.871423
477200 -16167.7 -20012.5 297.722 -97.1068 0.872611
477300 -16063 -19952 301.151 165.252 0.874468
477400 -16079 -19936 298.67 -154.727 0.87552
477500 -16115.6 -19966.4 298.188 76.1739 0.877323
477600 -16181.8 -20022.9 297.442 -45.3778 0.878638
477700 -16261.8 -20090.1 296.447 82.841 0.880228
477800 -16297.7 -20135.2 297.161 9.16164 0.881235
477900 -16331.4 -20118.7 293.269 162.507 0.881794
478000 -16321.9 -20112.3 293.514 -62.7427 0.881206
478100 -16221.4 -20061.4 297.348 114.504 0.880786
478200 -16157.9 -20045.9 301.072 -67.4635 0.879769
478300 -16178.3 -20042 299.193 -46.8035 0.878852
478400 -16249.5 -20076.8 296.365 203.883 0.878125
478500 -16327.1 -20122.8 293.925 -151.803 0.875845
478600 -16383.5 -20157.5 292.241 -87.051 0.874342
478700 -16350.7 -20124.3 292.216 -197.757 0.87393
478800 -16229.1 -20089.8 298.957 -22.3139 0.875262
478900 -16186.1 -20034.6 298.013 -50.1678 0.877536
479000 -16150.6 -19991.6 297.431 283.646 0.88038
479100 -16097.3 -20004 302.523 213.469 0.881358
479200 -16149.3 -20020.2 299.753 -61.0236 0.880384
479300 -16245.6 -20069 296.069 -97.0723 0.879659
479400 -16252.4 -20053.2 294.319 24.7133 0.879527
479500 -16189.8 -20059.7 299.666 164.651 0.879174
479600 -16156.9 -20043.1 300.93 -98.4852 0.877378
479700 -16201.2 -20084.1 300.678 29.9865 0.875842
479800 -16295.5 -20100.1 294.618 -234.304 0.87443
479900 -16291.2 -20092.7 294.374 -278.15 0.875152
480000 -16219.1 -20085.4 299.387 218.977 0.878398
480100 -16199.3 -20110.2 302.845 354.029 0.87987
480200 -16271.9 -20065.8 293.783 123.749 0.87821
480300 -16272.8 -20106 296.828 -125.562 0.875311
480400 -16195 -20044.6 298.092 -125.237 0.873195
480500 -16078 -19949.9 299.83 -115.763 0.872203
480600 -16064.8 -19943.2 300.331 -94.8255 0.872376
480700 -16122.5 -20017.9 301.651 -40.2207 0.873598
480800 -16209.3 -20057.8 298.014 110.427 0.875412
480900 -16245.2 -20114.2 299.595 217.559 0.875988
481000 -16293.7 -20122.6 296.493 -216.473 0.874797
481100 -16301.7 -20097.1 293.903 -63.4458 0.875144
481200 -16180.9 -20067.3 300.943 207.554 0.876426
481300 -16139.7 -19999.5 298.888 73.2418 0.876068
481400 -16144.5 -19996.8 298.313 -197.224 0.874883
481500 -16183.8 -20049.9 299.381 178.579 0.874834
481600 -16282.2 -20066.2 293.02 -101.382 0.873667
481700 -16271.7 -20078.8 294.811 -69.4633 0.872967
481800 -16206.1 -20072.7 299.419 -55.0535 0.873263
481900 -16194.3 -20031.9 297.176 -47.5708 0.874321
482000 -16191.4 -20086.4 301.614 115.701 0.875575
482100 -16247.9 -20099.6 298.262 -26.7988 0.87605
482200 -16305.1 -20146.4 297.452 36.3656 0.876867
482300 -16321.9 -20162.4 297.388 238.841 0.87733
482400 -16315.5 -20134.8 295.75 137.231 0.87562
482500 -16261.9 -20088.9 296.344 -251.49 0.87244
482600 -16187.7 -20046.9 298.838 83.0433 0.870598
482700 -16169.6 -20001.8 296.746 5.28499 0.868362
482800 -16154.2 -20012 298.731 -41.0149 0.865741
482900 -16144.1 -19986.5 297.54 -337.121 0.863979
483000 -16122.9 -20026.9 302.31 15.6805 0.86475
483100 -16181.8 -20031.5 298.102 -41.6398 0.865731
483200 -16246.6 -20057.1 295.071 -199.236 0.867451
483300 -16231.9 -20068.7 297.103 41.0203 0.871007
483400 -16171.7 -20043.5 299.812 106.299 0.874355
483500 -16114.6 -20026 302.882 218.309 0.876421
483600 -16196.6 -20049.4 298.343 90.3218 0.87682
483700 -16272.2 -20077.8 294.696 -51.5969 0.876298
483800 -16241.3 -20060.3 295.733 -66.3963 0.876139
483900 -16163.4 -20024 298.948 115.461 0.876498
484000 -16144.2 -20024.6 300.486 139.077 0.875744
484100 -16172.6 -20020.7 297.985 85.9198 0.87358
484200 -16201.7 -20039.2 297.162 92.4731 0.870311
484300 -16250.4 -20016.7 291.648 -369.821 0.866671
484400 -16241.8 -20021.6 292.697 -296.644 0.866367
484500 -16141.7 -20006 299.236 106.925 0.868777
484600 -16095.7 -19956.9 298.998 112.529 0.870672
484700 -16093.5 -19969 300.109 -10.9323 0.871404
484800 -16177 -20043.3 299.393 -185.376 0.872335
484900 -16264.8 -20092.7 296.418 -16.0572 0.874697
485000 -16271.1 -20100.3 296.519 145.755 0.877138
485100 -16244.8 -20101.5 298.643 82.8837 0.878425
485200 -16160.7 -20015.8 298.53 228.619 0.878297
485300 -16084.3 -19999.3 303.161 -57.7243 0.876583
485400 -16137.4 -19999.8 299.091 12.9765 0.875041
485500 -16170.1 -19954.6 293.055 16.0202 0.873446
485600 -16130.4 -20002 299.801 -39.2011 0.87177
485700 -16135.2 -19997.4 299.076 -15.6132 0.870512
485800 -16156 -19985.7 296.559 -207.784 0.869561
485900 -16145.6 -20016.6 299.761 -241.2 0.870497
486000 -16159.1 -20006.7 297.938 54.5935 0.873822
486100 -16165.7 -20000.2 296.932 -16.8841 0.877097
486200 -16145.5 -19992.2 297.87 24.4864 0.880438
486300 -16087.6 -20000.7 303.016 404.93 0.883241
486400 -16041.7 -19973.5 304.466 508.753 0.882125
486500 -16108.5 -19958.2 298.106 -65.7787 0.876726
486600 -16173.7 -20026 298.306 -363.982 0.87222
486700 -16206.9 -20039.3 296.773 -200.579 0.871245
486800 -16212.8 -20023.5 295.085 70.7848 0.872136
486900 -16128.6 -19992.6 299.211 24.4308 0.872553
487000 -16055.4 -19922.7 299.467 -70.2512 0.872646
487100 -16031 -19865.7 296.943 132.387 0.873276
487200 -15980.5 -19912.8 304.501 -55.1589 0.873103
487300 -16019.1 -19924.3 302.409 -15.0062 0.873041
487400 -16137.1 -19968.7 296.71 44.3646 0.873142
487500 -16150.7 -19981.1 296.616 -61.7871 0.872907
487600 -16128.1 -19994.9 299.434 112.575 0.87312
487700 -16125.2 -19981.4 298.611 -69.7747 0.872642
487800 -16142.2 -19979.6 297.151 -60.9762 0.872712
487900 -16174.4 -20042 299.488 -56.4807 0.873537
488000 -16258.5 -20097.4 297.272 176.982 0.874571
488100 -16314.7 -20103.6 293.398 19.5058 0.874262
488200 -16264.2 -20109 297.723 79.902 0.873487
488300 -16216.9 -20055.3 297.231 4.68432 0.872098
488400 -16198.7 -20067.1 299.558 -192.066 0.870798
488500 -16222.3 -20078.9 298.641 11.068 0.870914
488600 -16236.8 -20031 293.808 -169.766 0.871469
488700 -16139.7 -20014.3 300.033 166.109 0.873056
488800 -16093.7 -19985.5 301.372 57.3795 0.873561
488900 -16123.1 -19997.6 300.028 -21.5017 0.873317
489000 -16177 -20007.7 296.637 91.2835 0.87303
489100 -16221.5 -20059.6 297.208 -161.899 0.872291
489200 -16272.7 -20055.4 292.921 -105.741 0.872832
489300 -16253.3 -20060.9 294.845 143.222 0.874251
489400 -16159.1 -20028.5 299.629 137.255 0.874639
489500 -16124 -20002.4 300.327 -148.696 0.873932
489600 -16155.4 -20011.1 298.572 -78.7686 0.874316
489700 -16255.1 -20041.5 293.206 118.05 0.87558
489800 -16263.6 -20079.2 295.467 30.7142 0.875881
489900 -16215.9 -20079.2 299.16 -108.291 0.875912
490000 -16205.6 -20069.9 299.236 -93.4672 0.877049
490100 -16213.8 -20057.3 297.63 321.436 0.878887
490200 -16217.6 -20079 299.014 -158.075 0.878773
490300 -16243.1 -20062.8 295.778 91.8708 0.879281
490400 -16261.2 -20112 298.194 220.433 0.879322
490500 -16295.7 -20108.1 295.214 82.0974 0.877259
490600 -16276.2 -20086.3 295.041 -38.4739 0.87358
490700 -16166.3 -19970.5 294.576 -277.916 0.869669
490800 -16081.2 -19933.5 298.313 -419.522 0.868409
490900 -16047.7 -19932 300.786 189.102 0.870566
491000 -16095.1 -19968.8 299.967 78.3201 0.871956
491100 -16171.9 -19967.3 293.899 -73.5294 0.872647
491200 -16151.2 -20010.5 298.849 128.714 0.873741
491300 -16151.3 -20003.6 298.307 162.007 0.873765
491400 -16169.9 -20010.5 297.405 -21.3448 0.872441
491500 -16190.4 -19958.4 291.784 -108.433 0.870989
491600 -16115.1 -19962.7 297.945 -156.279 0.870638
491700 -16053.8 -19953.5 301.977 -75.7036 0.871913
491800 -16099.9 -19986.9 300.993 -73.2218 0.873964
491900 -16189 -20027.9 297.269 33.0174 0.876903
492000 -16215 -20071.4 298.629 117.626 0.879728
492100 -16242.3 -20075.7 296.842 218.673 0.881371
492200 -16231.5 -20059.1 296.397 156.444 0.881241
492300 -16121.5 -19999.8 300.318 179.052 0.879166
492400 -16077.8 -19975.7 301.839 23.3867 0.875129
492500 -16118.3 -19934.9 295.549 35.621 0.870649
492600 -16137.7 -19947.3 294.996 -361.621 0.86691
492700 -16065.3 -19926.5 298.997 -251.376 0.866377
492800 -16001.6 -19897.8 301.71 -196.104 0.868359
492900 -16041.2 -19901.1 298.897 -284.863 0.872527
493000 -16137.9 -20004.9 299.452 105.532 0.87851
493100 -16210.8 -20066.4 298.566 271.642 0.882905
493200 -16237.7 -20085.7 297.977 301.182 0.884103
493300 -16257.3 -20071.5 295.356 175.616 0.882257
493400 -16209 -20043.7 296.941 -104.16 0.879247
493500 -16107.3 -19996.1 301.14 80.395 0.876966
493600 -16126.5 -20039.9 303.042 16.0775 0.874595
493700 -16210 -20048.7 297.259 -151.585 0.872657
493800 -16223.4 -20064.7 297.454 -23.9165 0.871878
493900 -16211.8 -20056.1 297.682 -0.220295 0.871366
494000 -16181.2 -20035.4 298.457 -8.29807 0.871073
494100 -16105 -20041.8 304.85 26.9898 0.870737
494200 -16141.6 -19998.7 298.682 -120.594 0.870248
494300 -16231.1 -20078.9 297.959 -135.328 0.871105
494400 -16266.9 -20091.7 296.172 18.6175 0.873204
494500 -16261.3 -20105.9 297.717 -153.91 0.875353
494600 -16238.6 -20074.6 297.051 -46.0186 0.878529
494700 -16212.5 -20067.3 298.507 39.3518 0.882281
494800 -16195.6 -20013.7 295.658 153.697 0.885513
494900 -16166.1 -20005.7 297.324 340.85 0.887043
495000 -16155.7 -20003.6 297.96 94.7413 0.885623
495100 -16139.9 -20005.5 299.333 -147.418 0.883318
495200 -16148.9 -20015.6 299.421 94.2897 0.882064
495300 -16216.3 -20045.8 296.537 -117.206 0.880468
495400 -16277 -20075.5 294.14 30.5475 0.879635
495500 -16267.3 -20096.2 296.494 54.2139 0.878859
495600 -16148 -20006.8 298.809 136.539 0.877428
495700 -16113.2 -20031.2 303.396 133.687 0.874702
495800 -16187.2 -20010.7 296.078 -385.693 0.87137
495900 -16207 -20040.7 296.871 -68.0531 0.871039
496000 -16184.3 -20040.8 298.629 -59.9832 0.871884
496100 -16103.4 -19962.7 298.85 -22.6294 0.873147
496200 -16011.3 -19919.7 302.654 70.5556 0.874497
496300 -16042.9 -19921.7 300.362 -64.1439 0.875455
496400 -16123.6 -19982.8 298.839 -2.0365 0.876793
496500 -16165.1 -19995 296.573 -142.926 0.878284
496600 -16149.9 -20004.1 298.451 24.7469 0.88056
496700 -16147.3 -20029.6 300.633 209.232 0.882618
496800 -16255.7 -20114.2 298.786 -97.9262 0.883278
496900 -16326.6 -20166.3 297.333 113.307 0.88391
497000 -16320.4 -20116.3 293.937 208.071 0.883468
497100 -16235.6 -20103.9 299.547 162.044 0.881255
497200 -16203.7 -20064.3 298.948 -39.4235 0.877987
497300 -16203.8 -20064.4 298.952 -89.0874 0.875347
497400 -16234.3 -20045.2 295.102 -207.648 0.874382
497500 -16297 -20096.2 294.192 108.473 0.87486
497600 -16305 -20127.2 295.973 -99.3 0.874771
497700 -16244.1 -20128.1 300.762 5.45621 0.875376
497800 -16211.9 -20086.1 300.004 -57.5559 0.875985
497900 -16228 -20043.1 295.43 236.763 0.876485
498000 -16207.8 -20062.4 298.49 145.757 0.875172
498100 -16167.8 -20013.5 297.797 -90.3084 0.872771
498200 -16103.6 -19962.3 298.807 161.544 0.87108
498300 -16046.2 -19946.3 302.012 83.5657 0.868405
498400 -16104.3 -20001.5 301.785 -65.0044 0.86509
498500 -16199.6 -20027.2 296.394 -487.521 0.863359
498600 -16193.2 -20010.2 295.579 147.752 0.865151
498700 -16129.6 -19963.2 296.855 -36.9401 0.866433
498800 -16049.8 -19908.4 298.797 44.8613 0.867608
498900 -16026.6 -19928.8 302.171 5.76439 0.868668
499000 -16089.5 -19960.1 299.723 278.107 0.869084
499100 -16144.5 -19983.6 297.284 -114.807 0.867369
499200 -16136.5 -19980.9 297.701 -248.643 0.8666
499300 -16118.5 -19977.9 298.856 -21.0338 0.868082
499400 -16125.2 -19981.2 298.592 100.731 0.869792
499500 -16163.9 -19981.2 295.593 5.05816 0.870516
499600 -16188.4 -19996.1 294.853 -89.5336 0.87138
499700 -16155.8 -20041.3 300.877 87.7381 0.873121
499800 -16131.5 -20001.5 299.681 233.674 0.874069
499900 -16166.5 -20027.8 298.999 35.7887 0.872721
500000 -16252.3 -20050.9 294.151 -77.3797 0.870803
500100 -16258.4 -20100.4 297.514 -139.949 0.869915
500200 -16194.7 -20070.2 300.103 -104.456 0.870232
500300 -16098 -20005.6 302.594 -202.945 0.871649
500400 -16117.1 -19986.2 299.609 -16.6514 0.874829
500500 -16214 -20027.3 295.287 116.145 0.878625
500600 -16245.7 -20096.2 298.169 87.2061 0.881429
500700 -16254.6 -20104.6 298.125 90.5193 0.883148
500800 -16254.6 -20089.9 296.99 195.727 0.883661
500900 -16233.2 -20101.7 299.563 -35.7493 0.882698
501000 -16239.2 -20116 300.211 -131.657 0.882048
501100 -16317.7 -20125.5 294.865 245.461 0.882093
501200 -16346.4 -20132.5 293.182 44.8863 0.880246
501300 -16247.3 -20053 294.698 -97.1634 0.877902
501400 -16165.5 -20022.6 298.678 7.7674 0.87644
501500 -16160.2 -20017.7 298.708 -207.598 0.875262
501600 -16180.1 -20018.7 297.248 47.3408 0.875472
501700 -16203.7 -20063.4 298.887 -84.6639 0.875876
501800 -16274.6 -20090.3 295.476 23.8452 0.876686
501900 -16325.6 -20136.2 295.074 88.7756 0.877449
502000 -16316.8 -20107.4 293.527 39.1971 0.877574
502100 -16189.6 -20044.1 298.474 -227.789 0.87729
502200 -16156 -20040.5 300.806 -35.3348 0.879024
502300 -16206.7 -20059 298.311 183.743 0.881681
502400 -16272.2 -20082.8 295.081 -19.1499 0.883246
502500 -16262.1 -20088.1 296.268 140.744 0.884589
502600 -16152.2 -20042.7 301.272 74.1047 0.885085
502700 -16108.3 -20031.5 303.801 91.7038 0.884772
502800 -16161.4 -20032.1 299.731 51.6138 0.883461
502900 -16196.1 -20009.5 295.299 -13.6827 0.881267
503000 -16165.4 -20017.1 298.268 60.6447 0.878628
503100 -16112 -19984.1 299.844 -161.918 0.875456
503200 -16034.1 -19946.4 302.958 -106.197 0.873129
503300 -15999.7 -19944.4 305.461 -139.098 0.87167
503400 -16106 -19969.6 299.184 -248.721 0.87192
503500 -16161.4 -20010.7 298.079 79.2117 0.874562
503600 -16177.6 -19989.8 295.2 162.203 0.876783
503700 -16136.9 -20019 300.616 144.548 0.877581
503800 -16102.1 -20013.9 302.911 -80.9216 0.877243
503900 -16163.5 -20000.2 297.102 -151.954 0.877547
504000 -16240.6 -20058.7 295.658 50.6507 0.879028
504100 -16243.7 -20075.7 296.737 -81.1043 0.880453
504200 -16175.8 -20068.5 301.438 81.3512 0.882633
504300 -16090 -20003.9 303.073 459.7 0.883915
504400 -16104.1 -19992.7 301.116 208.943 0.881037
504500 -16223.1 -20043.6 295.843 -229.991 0.875951
504600 -16255.4 -20073.1 295.631 -139.948 0.872702
504700 -16207.5 -20037.6 296.586 -134.025 0.871108
504800 -16132.4 -20005.8 299.944 -142.517 0.870874
504900 -16111.1 -19978.3 299.462 -104.139 0.871994
505000 -16123.5 -19990.1 299.42 -31.2145 0.874198
505100 -16149.6 -20038.5 301.145 73.8505 0.876701
505200 -16201.8 -20049.1 297.92 167.741 0.87831
505300 -16241.1 -20039.6 294.142 -152.59 0.878865
505400 -16190.9 -20074.3 300.716 52.0244 0.880391
505500 -16124.5 -20013.3 301.132 245.799 0.881497
505600 -16116.2 -20036.5 303.569 128.626 0.880434
505700 -16223.1 -20072.7 298.104 -193.787 0.878064
505800 -16288.9 -20103 295.353 -287.236 0.877256
505900 -16269.1 -20086 295.563 -207.396 0.879569
506000 -16195.6 -20086.5 301.291 389.054 0.883421
506100 -16196.3 -20071.7 300.093 253.8 0.883981
506200 -16305.8 -20082 292.412 -22.4602 0.882236
506300 -16330.5 -20110.9 292.74 -18.4939 0.880585
506400 -16253.4 -20085 296.699 -201.85 0.879269
506500 -16204.4 -20045.2 297.42 -202.512 0.879896
506600 -16172.2 -20036.6 299.245 136.301 0.882269
506700 -16136.6 -20022.6 300.921 160.591 0.883756
506800 -16125.8 -20003.9 300.308 235.907 0.883536
506900 -16166.4 -20009.4 297.584 18.8044 0.881061
507000 -16224.8 -20041.9 295.58 -79.4072 0.877859
507100 -16229.2 -20041.8 295.231 -70.4439 0.875322
507200 -16147.4 -20031.8 300.788 49.041 0.873293
507300 -16071.6 -19960.7 301.154 -180.277 0.871063
507400 -15997 -19887.4 301.256 -28.5159 0.87021
507500 -15930.5 -19902.3 307.559 69.1308 0.869815
507600 -16027.7 -19900 299.857 33.8537 0.8687
507700 -16100 -19948.5 298.014 -270.568 0.867352
507800 -16128.5 -19979.4 298.196 -406.679 0.868849
507900 -16172.1 -20035.8 299.192 8.96429 0.874156
508000 -16275 -20089.1 295.351 -1.46532 0.879974
508100 -16306.3 -20142.6 297.068 209.895 0.88533
508200 -16302.7 -20155.6 298.352 417.95 0.88811
508300 -16305.6 -20130.3 296.171 176.793 0.887204
508400 -16249 -20066.7 295.624 18.4221 0.884568
508500 -16138.7 -20023.9 300.856 224.459 0.881635
508600 -16148.5 -20017.3 299.587 -43.1758 0.877565
508700 -16195.5 -20020.9 296.219 -52.3677 0.87438
508800 -16216.8 -20029.2 295.218 -214.503 0.872681
508900 -16164.9 -20020.6 298.57 -89.2428 0.872928
509000 -16080.9 -19971.8 301.295 19.9936 0.873999
509100 -16057.2 -19921.5 299.239 109.907 0.874486
509200 -16104.8 -19948.8 297.665 86.5344 0.87417
509300 -16213 -20054.3 297.463 -47.1119 0.873357
509400 -16245.8 -20043.5 294.08 -100.044 0.872771
509500 -16180.1 -20029 298.043 -34.2253 0.873086
509600 -16123.1 -20022.3 301.939 58.4412 0.873706
509700 -16151.5 -20032.6 300.537 99.2043 0.873651
509800 -16191.1 -20035.5 297.695 -17.374 0.87279
509900 -16190.5 -20032.1 297.479 -269.7 0.872537
510000 -16168.8 -20029.6 298.965 72.4234 0.874344
510100 -16172.6 -20039.2 299.417 -31.7141 0.876006
510200 -16236.4 -20053.3 295.57 -341.808 0.878129
510300 -16281 -20088.2 294.815 201.728 0.882596
510400 -16237 -20085.8 298.038 401.748 0.885158
510500 -16150.4 -20038.3 301.064 290.489 0.883893
510600 -16123.6 -19984.5 298.971 -90.3065 0.880421
510700 -16111.9 -19965.7 298.428 -92.9665 0.877536
510800 -16098.8 -19947.1 297.999 91.772 0.875859
510900 -16079.7 -19952.6 299.908 -15.912 0.873861
511000 -16079.7 -19909.7 296.582 -155.611 0.872115
511100 -16049.8 -19886.3 297.081 -106.952 0.871927
511200 -15979.1 -19889.9 302.838 -196.794 0.872916
511300 -16014.3 -19920.1 302.452 -123.438 0.875502
511400 -16136.9 -20014.6 300.275 163.813 0.878936
511500 -16203.6 -20056.3 298.339 99.1417 0.880725
511600 -16246.6 -20074.9 296.452 -31.9063 0.881298
511700 -16241.8 -20081.4 297.325 -113.5 0.882249
511800 -16202 -20106.3 302.331 210.372 0.883702
511900 -16201.1 -20047 297.816 175.571 0.883142
512000 -16229.9 -20063.8 296.878 -194.724 0.881361
512100 -16273 -20090.7 295.624 -23.9087 0.88121
512200 -16269.3 -20064.6 293.894 85.3571 0.88144
512300 -16170.8 -20050.3 300.417 -147.537 0.881105
512400 -16123.1 -19983.1 298.909 22.7289 0.881957
512500 -16129.7 -19993.7 299.216 253.088 0.882369
512600 -16204.7 -20041 297.07 -90.9417 0.880885
512700 -16327.8 -20121.2 293.748 -69.4102 0.879936
512800 -16325.6 -20140.6 295.416 139.1 0.879525
512900 -16271.7 -20114.5 297.568 46.0803 0.878165
513000 -16197.6 -20046.9 298.08 -104.44 0.876437
513100 -16154.7 -20017.7 299.137 41.268 0.875467
513200 -16151.5 -19975.5 296.123 -253.184 0.874597
513300 -16107.3 -19942.9 297.014 78.9167 0.87552
513400 -16061.8 -19966.5 302.361 199.593 0.876058
513500 -16131.9 -20021.3 301.185 76.8777 0.874627
513600 -16200.2 -20038 297.186 -280.61 0.87282
513700 -16200.9 -20047.1 297.828 80.0603 0.873083
513800 -16178.9 -20012 296.821 139.254 0.872857
513900 -16125.6 -20012.8 301.011 11.6774 0.871507
514000 -16108.1 -19950.6 297.545 -29.6157 0.869909
514100 -16081.1 -19961.2 300.465 -241.628 0.869012
514200 -16071.7 -19942.9 299.771 -53.9328 0.869939
514300 -16125.2 -19986.1 298.978 -98.6018 0.871698
514400 -16206.2 -20008.9 294.465 32.7054 0.874204
514500 -16208.3 -20043.5 296.986 45.9426 0.876594
514600 -16147.1 -20041.7 301.585 81.4093 0.878349
514700 -16048.8 -19956 302.556 -54.5554 0.879435
514800 -16038.8 -19955.3 303.278 -4.96533 0.880853
514900 -16155 -20017.5 299.092 36.8684 0.88224
515000 -16204.2 -20030.4 296.286 67.8708 0.883219
515100 -16196.6 -20051.3 298.494 22.2549 0.883766
515200 -16188.9 -20067.7 300.365 50.5676 0.884045
515300 -16268.3 -20091.9 296.085 81.136 0.883757
515400 -16345.4 -20170.2 296.183 32.2742 0.882741
515500 -16354.5 -20159.2 294.621 67.0702 0.88112
515600 -16235.6 -20113.1 300.256 39.5445 0.878836
515700 -16168.5 -20019.4 298.202 23.3573 0.876001
515800 -16149.4 -19996.7 297.919 -311.037 0.873489
515900 -16124.2 -19997.2 299.906 98.8519 0.873179
516000 -16148.3 -20003.1 298.5 -105.432 0.872525
516100 -16239.1 -20046.3 294.817 -215.872 0.873009
516200 -16273.7 -20093.8 295.819 32.0706 0.875447
516300 -16228.8 -20088.7 298.897 147.185 0.877844
516400 -16125.4 -20031.2 302.456 279.786 0.878586
516500 -16092.4 -20022.4 304.326 -261.883 0.877229
516600 -16205.5 -20084.6 300.379 -24.6711 0.877585
516700 -16269.2 -20156.4 301.014 52.5558 0.8785
516800 -16345.9 -20166 295.814 -40.299 0.879166
516900 -16362.6 -20198.3 297.021 47.0764 0.880137
517000 -16326.3 -20191.4 299.296 179.249 0.880505
517100 -16289.4 -20160.3 299.752 -16.8666 0.879285
517200 -16272.4 -20156.9 300.798 10.6196 0.877911
517300 -16306 -20144.4 297.234 -132.735 0.876563
517400 -16354.8 -20160.8 294.723 -207.276 0.876405
517500 -16339.1 -20170.4 296.683 166.539 0.877976
517600 -16254.7 -20137.6 300.68 342.485 0.8783
517700 -16200 -20071.2 299.774 -7.06624 0.875475
517800 -16141.2 -20027.3 300.925 -40.5346 0.871917
517900 -16063 -19983.9 303.623 -362.449 0.868972
518000 -16089.4 -19949.5 298.918 -330.927 0.869226
518100 -16190.6 -20046 298.544 42.1195 0.872634
518200 -16240.7 -20059.3 295.696 -11.1455 0.876149
518300 -16231.6 -20081.3 298.105 105.545 0.879831
518400 -16230.1 -20107 300.21 313.336 0.882474
518500 -16312.6 -20119.4 294.787 223.591 0.882257
518600 -16378.7 -20146.5 291.766 -32.945 0.879829
518700 -16302.2 -20090.4 293.346 -33.9605 0.877351
518800 -16231.3 -20080.1 298.037 24.2111 0.875404
518900 -16204.7 -20049.1 297.694 -120.301 0.873596
519000 -16169.3 -20062.6 301.486 76.9288 0.872376
519100 -16191.5 -20036.8 297.767 -125.569 0.870819
519200 -16274.8 -20081.8 294.798 -84.5837 0.870382
519300 -16300.3 -20104.1 294.551 91.6113 0.870563
519400 -16214.1 -20114.1 302.002 -36.022 0.870442
519500 -16149.2 -20048.9 301.975 83.008 0.870421
519600 -16183.4 -20006 296.005 117.11 0.869431
519700 -16259.5 -20053 293.761 -371.155 0.868028
519800 -16300.2 -20095.9 293.919 -21.9817 0.86913
519900 -16229.6 -20085.9 298.624 -339.241 0.871421
520000 -16152.1 -20047.6 301.648 67.4314 0.876793
520100 -16164.9 -20060.9 301.689 405.159 0.882024
520200 -16214.3 -20062.1 297.964 59.2277 0.88368
520300 -16224.6 -20082.3 298.727 272.157 0.884148
520400 -16241.9 -20075.3 296.845 193.937 0.882556
520500 -16253.6 -20094 297.387 -113.058 0.879094
520600 -16258.1 -20097.9 297.341 -175.122 0.876532
520700 -16236.2 -20072.7 297.089 -221.709 0.875923
520800 -16178.6 -20053.3 300.044 -9.44203 0.877319
520900 -16143.9 -20049.1 302.405 236.835 0.878593
521000 -16203 -20027.7 296.176 -142.257 0.878033
521100 -16285.2 -20098.7 295.306 -26.2888 0.878469
521200 -16322.3 -20170.6 297.997 31.4814 0.879461
521300 -16390.6 -20151.8 291.258 43.1244 0.880225
521400 -16398 -20155.2 290.941 99.427 0.880378
521500 -16277.9 -20099.1 295.897 50.8589 0.879495
521600 -16216.6 -20087.3 299.732 171.983 0.877936
521700 -16216.5 -20059.6 297.602 11.947 0.875086
521800 -16189.9 -20004.5 295.387 -178.558 0.872074
521900 -16102.1 -20005.6 302.271 23.8713 0.870232
522000 -16119.2 -20000.7 300.571 -213.844 0.869042
522100 -16185.2 -20034.1 298.045 -52.3842 0.869308
522200 -16212 -20067.8 298.583 -306.035 0.870586
522300 -16221.1 -20053.2 296.746 -29.6268 0.874524
522400 -16200.9 -20055.3 298.475 252.166 0.878707
522500 -16176.9 -20073.1 301.711 128.177 0.880643
522600 -16221.2 -20069 297.958 247.105 0.880628
522700 -16302.2 -20085.3 292.956 63.3654 0.878586
522800 -16272 -20101.5 296.538 -1.57317 0.875996
522900 -16186.8 -20033.2 297.847 -103.451 0.873768
523000 -16142 -19994.8 298.343 -34.259 0.872564
523100 -16139.4 -19982.9 297.628 -164.95 0.872036
523200 -16135.2 -19986.6 298.239 -135.403 0.873139
523300 -16122.6 -19992.9 299.707 81.7044 0.87529
523400 -16146.9 -20018.4 299.794 219.604 0.876408
523500 -16225.9 -20033.8 294.869 -1.02003 0.875757
523600 -16246.5 -20059.2 295.239 -40.5183 0.874884
523700 -16178.7 -20025.4 297.875 -116.197 0.874619
523800 -16113 -19998.2 300.856 88.0168 0.875098
523900 -16122.8 -19979.8 298.671 -135.989 0.875171
524000 -16141.9 -19991 298.06 42.7395 0.876184
524100 -16220.8 -20072.2 298.233 19.4359 0.876913
524200 -16320.7 -20100.5 292.691 95.7172 0.877137
524300 -16269.1 -20081.1 295.189 109.877 0.876629
524400 -16197 -20071.4 300.023 23.6081 0.87492
524500 -16198.6 -20069.5 299.748 -180.603 0.873273
524600 -16268.5 -20100.1 296.702 -175.187 0.873586
524700 -16341.4 -20148.2 294.787 -34.511 0.875578
524800 -16321.6 -20138.6 295.571 153.363 0.8775
524900 -16170.3 -20053.9 300.73 89.4396 0.87822
525000 -16149.4 -20043.9 301.576 21.6992 0.877944
525100 -16205 -20024 295.729 -242.425 0.877604
525200 -16222.7 -20087.9 299.308 122.631 0.878802
525300 -16285.1 -20105.1 295.8 137.779 0.879165
525400 -16338.3 -20132.7 293.822 -48.7011 0.878358
525500 -16266.7 -20105.9 297.29 -207.497 0.87808
525600 -16168.1 -20081.3 303.029 142.926 0.87948
525700 -16212.9 -20105.4 301.414 222.752 0.879691
525800 -16279.3 -20111.2 296.734 -100.343 0.878113
525900 -16294.9 -20130.2 296.992 32.2771 0.87707
526000 -16259.2 -20077.3 295.656 -91.798 0.876117
526100 -16131.9 -20014.1 300.617 -120.424 0.876142
526200 -16127.7 -20038.6 302.845 160.864 0.877033
526300 -16219.6 -20077.1 298.711 -5.61622 0.876822
526400 -16262.6 -20079.8 295.596 -134.395 0.876552
526500 -16238.1 -20086.2 297.984 -215.469 0.87767
526600 -16172.4 -20059.2 300.98 -37.7553 0.880319
526700 -16090 -20021.9 304.471 -110.505 0.883341
526800 -16125.2 -20040.9 303.222 502.995 0.885982
526900 -16240.2 -20068.1 296.413 -92.3681 0.884907
527000 -16243.7 -20073.8 296.587 -0.305613 0.884133
527100 -16200.9 -20066.5 299.338 352.94 0.883272
527200 -16153.2 -20003.6 298.158 126.089 0.879651
527300 -16070.3 -19978.3 302.62 -321.532 0.875936
527400 -16045.9 -19955.8 302.771 -22.8094 0.874868
527500 -16158.6 -20025.1 299.402 -164.331 0.874579
527600 -16238.7 -20039.7 294.338 143.188 0.875654
527700 -16203.3 -20052 298.025 76.8298 0.875771
527800 -16144.5 -20019.4 300.056 -181.007 0.874823
527900 -16127.7 -20000.7 299.909 -14.4584 0.87543
528000 -16179.8 -20030.7 298.197 8.21803 0.876482
528100 -16280 -20104.6 296.163 102.527 0.877109
528200 -16309.6 -20097.6 293.325 -257.652 0.87743
528300 -16229.5 -20071.4 297.503 -119.265 0.879917
528400 -16181 -20052.9 299.831 404.504 0.882993
528500 -16194.8 -20013.4 295.702 295.537 0.882512
528600 -16163.5 -19990.5 296.35 -4.30394 0.879586
528700 -16052.5 -19935.6 300.692 20.1194 0.876374
528800 -16025.6 -19893.7 299.534 22.4854 0.872904
528900 -16055.3 -19920.8 299.323 -157.625 0.869801
529000 -16124 -19957.8 296.878 -209.116 0.868455
529100 -16190.8 -20001.2 295.065 -121.323 0.869187
529200 -16171.5 -20011.5 297.354 -14.6793 0.871126
529300 -16049.4 -19941.2 301.366 178.659 0.87297
529400 -16009.1 -19915.3 302.482 54.2623 0.873269
529500 -16077.2 -19942.2 299.29 -85.9343 0.872758
529600 -16147.6 -19991.2 297.633 -173.042 0.873069
529700 -16181.1 -20034.8 298.419 -77.9503 0.875133
529800 -16207.8 -20017.6 295.019 56.1706 0.878026
529900 -16132.3 -20048.3 303.246 495.005 0.879677
530000 -16058.5 -19981.6 303.785 117.98 0.877278
530100 -16119.6 -19966.5 297.891 -146.859 0.873617
530200 -16191.8 -20010.2 295.681 -218.117 0.871752
530300 -16187.9 -20022.1 296.905 -214.284 0.872093
530400 -16170.6 -20019 298.006 -19.2789 0.87425
530500 -16174.2 -20052.6 300.332 40.1267 0.876703
530600 -16255 -20050.4 293.903 -26.2136 0.878405
530700 -16358.8 -20139.1 292.731 28.1641 0.880014
530800 -16344.2 -20151.3 294.807 130.98 0.881331
530900 -16284.2 -20144.8 298.951 358.98 0.880821
531000 -16268.4 -20093 296.168 -86.5063 0.877746
531100 -16227.8 -20057.7 296.569 -20.0022 0.875358
531200 -16160.3 -20033.5 299.923 105.996 0.873431
531300 -16131.5 -19957.4 296.263 -262.266 0.871665
531400 -16041.3 -19952.7 302.886 50.8315 0.872089
531500 -15991.1 -19944.7 306.151 166.819 0.87214
531600 -16081.5 -19975 301.496 -148.947 0.870883
531700 -16147.4 -19984.3 297.11 -239.403 0.870885
531800 -16166 -20017.8 298.272 -114.346 0.873112
531900 -16164.6 -19986.8 295.975 -82.9752 0.876276
532000 -16121.8 -20000.8 300.373 -50.2529 0.87999
532100 -16074.8 -19983 302.637 311.135 0.883339
532200 -16135.5 -20024.7 301.163 159.002 0.883849
532300 -16242.7 -20053.9 295.129 19.963 0.882995
532400 -16233 -20042.3 294.977 233.258 0.881632
532500 -16152.1 -20003.2 298.22 -64.0224 0.878478
532600 -16109.5 -19987 300.258 154.702 0.875556
532700 -16141.6 -20010.2 299.564 163.105 0.871585
532800 -16205.7 -20040.3 296.939 6.89386 0.866343
532900 -16238.9 -20023.6 293.076 -122.605 0.861656
533000 -16157.1 -19973 295.492 -426.072 0.859217
533100 -16046.1 -19914.3 299.539 -169.869 0.860525
533200 -16011.5 -19907.6 301.696 32.1801 0.863405
533300 -16061.3 -19936.4 300.072 30.8984 0.865629
533400 -16148.9 -19990.9 297.508 29.0928 0.86734
533500 -16196.9 -20048.6 298.257 80.0789 0.868471
533600 -16234.8 -20038.6 294.553 -169.663 0.869027
533700 -16177.6 -20042.2 299.258 89.3299 0.87065
533800 -16074.9 -19977.7 302.218 95.6262 0.871562
533900 -16095.5 -19975.5 300.449 56.671 0.871598
534000 -16170.2 -20018.5 297.995 22.8173 0.871088
534100 -16222.9 -20073.9 298.209 54.8787 0.870296
534200 -16243.1 -20087.4 297.69 21.5962 0.868979
534300 -16229.1 -20045.6 295.53 72.3688 0.867323
534400 -16173.8 -20027.8 298.435 -203.507 0.865554
534500 -16104.8 -19963.9 298.834 -204.031 0.865612
534600 -15999.3 -19919.3 303.543 101.58 0.867511
534700 -16031.8 -19968.1 304.811 -132.973 0.868867
534800 -16185.4 -20063.8 300.331 -172.897 0.871245
534900 -16265 -20116.7 298.259 123.365 0.874995
535000 -16340.5 -20162 295.922 172.865 0.877452
535100 -16352.8 -20146.1 293.739 -22.1162 0.878358
535200 -16263.8 -20095.3 296.694 153.209 0.878918
535300 -16190.8 -20044.6 298.424 30.8963 0.878395
535400 -16161.6 -20022.6 298.986 26.1258 0.8776
535500 -16171.6 -20072.2 302.052 523.866 0.875558
535600 -16290.3 -20074 292.995 -292.365 0.870261
535700 -16279.2 -20077.4 294.123 -178.155 0.867622
535800 -16204.8 -20042.7 297.194 -43.6765 0.867182
535900 -16145.7 -19984.4 297.253 -136.492 0.867183
536000 -16105.3 -19979.1 299.968 -238.69 0.868413
536100 -16127.5 -19989.6 299.068 153.004 0.87129
536200 -16157.5 -20022 299.255 127.524 0.872882
536300 -16170.1 -20004.4 296.912 -7.42449 0.87313
536400 -16167.1 -20040 299.9 114.33 0.873113
536500 -16216.1 -20039.2 296.048 -106.399 0.872326
536600 -16299.4 -20080.5 292.794 4.64007 0.872309
536700 -16325.6 -20128.4 294.469 67.3209 0.872463
536800 -16250.9 -20136.6 300.894 119.059 0.871784
536900 -16196 -20045 298.05 -75.7069 0.870223
537000 -16144.3 -20007.9 299.184 -53.4335 0.869296
537100 -16047.8 -19948.8 302.079 -176.837 0.869296
537200 -16029.6 -19968.7 305.031 301.395 0.870223
537300 -16169.1 -20018.7 298.096 -143.755 0.86932
537400 -16192.1 -20009.8 295.622 -19.9054 0.868825
537500 -16148.3 -20018.8 299.719 73.9391 0.868776
537600 -16138.4 -20010.1 299.812 132.38 0.868026
537700 -16186.3 -19975.7 293.434 -306.794 0.866685
537800 -16161.4 -20013.1 298.26 -77.2757 0.867735
537900 -16083.1 -20002.4 303.496 158.152 0.869534
538000 -16122.2 -19960.3 297.208 28.3758 0.870002
538100 -16217.3 -20018.7 294.371 -224.106 0.870475
538200 -16240.8 -20061.6 295.874 23.9905 0.872834
538300 -16143.8 -20039.8 301.69 79.965 0.875141
538400 -16079.2 -19977 301.83 231.451 0.876463
538500 -16136.1 -20004 299.516 150.293 0.875581
538600 -16213.3 -20056.9 297.632 -213.815 0.873379
538700 -16250.7 -20068.2 295.614 -21.576 0.872702
538800 -16227.3 -20031.7 294.596 -152.267 0.872851
538900 -16183.8 -20036.4 298.334 90.4573 0.874041
539000 -16173.9 -20029.2 298.536 241.384 0.874387
539100 -16185.9 -20036.8 298.199 76.9409 0.872553
539200 -16217.1 -20033.7 295.546 -139.47 0.869973
539300 -16236.6 -20057.8 295.895 -157.05 0.868534
539400 -16218.2 -20032.9 295.396 -40.5713 0.868778
539500 -16135.9 -20029.3 301.495 149.741 0.869455
539600 -16119.4 -19988.2 299.586 198.523 0.86839
539700 -16173.5 -19988.4 295.412 -368.341 0.866291
539800 -16226 -19991.3 291.574 -260.715 0.867079
539900 -16151.3 -20043.3 301.386 -68.0572 0.870449
540000 -16099.6 -19985.6 300.913 41.2058 0.87488
540100 -16137.3 -20017.2 300.441 279.132 0.878415
540200 -16245.7 -20087.1 297.464 -175.206 0.879757
540300 -16267.4 -20093.1 296.244 19.3594 0.88209
540400 -16246.7 -20110.8 299.221 228.901 0.884276
540500 -16266.6 -20125.6 298.822 168.414 0.884326
540600 -16363.2 -20163.4 294.274 -156.937 0.882959
540700 -16375.2 -20153 292.542 38.5877 0.882627
540800 -16278.2 -20108.3 296.589 226.01 0.881954
540900 -16248 -20125.3 300.247 125.141 0.879434
541000 -16278.5 -20109.4 296.651 -12.8859 0.875709
541100 -16286.8 -20100.1 295.286 64.615 0.871951
541200 -16201.3 -20033.4 296.744 -46.3594 0.868096
541300 -16099.9 -19958.3 298.777 -293.514 0.864986
541400 -16079.5 -19956.9 300.249 -72.2068 0.864265
541500 -16128.7 -19997.4 299.584 -13.4626 0.864478
541600 -16209.5 -20014.4 294.637 -249.703 0.865273
541700 -16203.3 -20009.4 294.729 -172.366 0.868299
541800 -16161.1 -19999.4 297.224 185.679 0.872648
541900 -16149.7 -20038.7 301.155 113.689 0.875216
542000 -16199.5 -20073.6 299.996 108.703 0.876388
542100 -16280.3 -20135.8 298.557 79.4618 0.876544
542200 -16302.2 -20108.9 294.777 -210.129 0.876096
542300 -16244.7 -20079.5 296.953 95.422 0.877129
542400 -16194.6 -20061.8 299.459 149.116 0.877346
542500 -16196.1 -20056.9 298.966 -17.2547 0.876353
542600 -16264.5 -20075.4 295.104 134.153 0.875344
542700 -16356 -20131.6 292.363 -179.989 0.873476
542800 -16328.2 -20169.2 297.436 -26.7214 0.872847
542900 -16247.2 -20126.5 300.402 128.151 0.872712
543000 -16156 -20067.4 302.885 218.434 0.871289
543100 -16042.1 -19946.3 302.322 -9.40389 0.867924
543200 -15987.6 -19888.6 302.083 -276.088 0.864925
543300 -16054.8 -19914.9 298.916 -58.0139 0.864225
543400 -16160.7 -19972.6 295.183 -182.752 0.864854
543500 -16162.4 -20026 299.179 61.9602 0.866714
543600 -16167.2 -19965.6 294.13 -140.222 0.868365
543700 -16089.1 -19926 297.118 118.584 0.870908
543800 -16017.4 -19898.5 300.544 233.822 0.872349
543900 -16014.8 -19854.5 297.335 21.7836 0.8716
544000 -16014.5 -19892.6 300.307 -69.4363 0.870625
544100 -16104.3 -19963.4 298.833 15.4771 0.8701
544200 -16203.9 -19983.6 292.686 -156.887 0.869738
544300 -16147.3 -20011.1 299.203 -4.15331 0.870668
544400 -16123.5 -20003.8 300.468 135.819 0.871515
544500 -16168.9 -19970 294.341 -23.167 0.871273
544600 -16158 -20000.2 297.531 -328.209 0.871647
544700 -16080.8 -20010.6 304.302 -30.2495 0.874315
544800 -16125.2 -19991.2 299.362 178.592 0.876996
544900 -16228.4 -20071.9 297.625 107.435 0.877922
545000 -16260.9 -20050 293.414 53.3902 0.877575
545100 -16206.7 -20049.5 297.574 -113.9 0.877084
545200 -16161.3 -20024.7 299.17 80.4621 0.877356
545300 -16165.7 -20063.2 301.803 131.085 0.876735
545400 -16277.7 -20109.7 296.735 -194.75 0.875568
545500 -16313.9 -20155 297.442 135.723 0.875803
545600 -16312.5 -20131.7 295.743 -161.362 0.875638
545700 -16245.5 -20062.5 295.572 -112.107 0.876357
545800 -16154.2 -20013.6 298.853 172.995 0.877733
545900 -16139.5 -20014.7 300.08 -38.3145 0.878106
546000 -16188.7 -20047.6 298.816 230.508 0.878181
546100 -16255.7 -20057.6 294.398 -31.6159 0.876687
546200 -16230.8 -20022.5 293.612 -114.318 0.875147
546300 -16180.9 -20011.4 296.617 -225.77 0.87508
546400 -16143.9 -20003.2 298.844 -78.4471 0.876966
546500 -16144.8 -20068.2 303.814 188.847 0.879222
546600 -16251.3 -20044.6 293.739 195.571 0.879739
546700 -16241.1 -20055.5 295.37 23.3387 0.87861
546800 -16175.9 -20019.6 297.641 -61.9295 0.877291
546900 -16141.5 -20039.7 301.865 -55.9657 0.876484
547000 -16206.3 -20034.4 296.436 155.633 0.87596
547100 -16255.6 -20066.7 295.113 -135.351 0.874708
547200 -16245.3 -20089.7 297.693 -87.2614 0.874591
547300 -16229.5 -20066.8 297.145 118.431 0.875147
547400 -16181.8 -20009.9 296.428 -123.138 0.874868
547500 -16083.9 -19982.5 301.895 -55.661 0.875344
547600 -16091.5 -19986.3 301.596 -3.18054 0.876431
547700 -16141.7 -19989.9 297.99 -43.007 0.87783
547800 -16171 -20011.1 297.358 99.4408 0.879614
547900 -16203.5 -20021.8 295.677 11.1981 0.88071
548000 -16261.1 -20073.1 295.182 249.291 0.881311
548100 -16300 -20123.4 296.076 -189.715 0.880275
548200 -16284.7 -20120.6 297.033 -139.82 0.880546
548300 -16221.5 -20084.6 299.144 262.086 0.881979
548400 -16142.8 -20017.2 300.017 108.245 0.881404
548500 -16110.4 -19991.4 300.525 9.83806 0.879499
548600 -16169.3 -20058.9 301.192 189.925 0.876446
548700 -16282.5 -20069.3 293.233 -249.895 0.871128
548800 -16250.4 -20066.1 295.469 -448.954 0.867425
548900 -16165.2 -20029.3 299.225 -62.1129 0.867321
549000 -16133.3 -19999.7 299.401 15.8493 0.868246
549100 -16153.9 -19982.5 296.467 -313.258 0.869616
549200 -16196.6 -20022.1 296.235 -258.554 0.874259
549300 -16252.1 -20095.9 297.646 376.85 0.88128
549400 -16312.5 -20135.8 296.066 236.896 0.884952
549500 -16322.5 -20129.9 294.834 25.4809 0.885953
549600 -16231.2 -20094.5 299.157 129.682 0.886316
549700 -16156.7 -20025.8 299.602 318.336 0.885227
549800 -16162.8 -20037.5 300.041 163.763 0.881517
549900 -16195.2 -20029 296.868 11.3896 0.876479
550000 -16202.8 -20029.3 296.305 -107.757 0.872034
550100 -16135.4 -19988.2 298.343 -206.735 0.869477
550200 -16065 -19986.2 303.643 -61.1944 0.868956
550300 -16126.6 -19967.2 297.403 -214.103 0.869494
550400 -16188.5 -20030.9 297.535 -52.0376 0.871719
550500 -16225.9 -20039.2 295.291 -22.5146 0.874096
550600 -16160.8 -19998 297.139 77.3848 0.876343
550700 -16068.6 -19980.3 302.902 340.174 0.877464
550800 -16119.1 -19991.1 299.837 -156.174 0.876032
550900 -16184.7 -20020.2 297.002 16.6284 0.875488
551000 -16198.5 -20030 296.7 -7.14743 0.875166
551100 -16180.6 -20061.3 300.507 -143.82 0.87516
551200 -16171.1 -20046.6 300.104 84.686 0.876007
551300 -16223.9 -20057.7 296.872 -3.72692 0.876387
551400 -16269.8 -20105.3 297.008 102.985 0.876548
551500 -16275.6 -20094.2 295.702 -173.978 0.876085
551600 -16203.3 -20052.8 298.089 111.245 0.87655
551700 -16125.2 -19987.3 299.068 -100.966 0.876675
551800 -16120.2 -20009.8 301.194 -12.8989 0.877803
551900 -16196.7 -20027.6 296.648 116.262 0.878967
552000 -16270.1 -20082 295.181 86.7182 0.878914
552100 -16273.8 -20120.2 297.852 -79.0355 0.878141
552200 -16261.1 -20111.5 298.156 -14.9146 0.877779
552300 -16232.6 -20074.8 297.53 60.5896 0.877678
552400 -16184.3 -20071 300.977 -11.436 0.877115
552500 -16134.6 -20048.2 303.052 137.83 0.876249
552600 -16177.4 -20054 300.187 199.066 0.873876
552700 -16263.7 -20071.8 294.885 -291.575 0.869924
552800 -16243.9 -20081.4 297.157 -254.467 0.868337
552900 -16194.5 -20057.2 299.112 -51.9032 0.869171
553000 -16137.2 -20008.7 299.799 274.973 0.87043
553100 -16049 -20001.8 306.087 95.703 0.869652
553200 -16107.1 -19991.8 300.812 -51.197 0.867547
553300 -16180.9 -20019.3 297.228 -58.596 0.865759
553400 -16201.6 -20058.3 298.65 -314.636 0.864749
553500 -16203.5 -19996.1 293.682 -50.6215 0.86613
553600 -16099.9 -20006.3 302.499 50.8824 0.868906
553700 -16087.9 -20007.1 303.481 22.9794 0.8716
553800 -16148.5 -19997.3 298.038 -29.5016 0.874558
553900 -16190 -20083.6 301.505 283.163 0.878073
554000 -16249.7 -20091 297.448 66.1939 0.879733
554100 -16283.5 -20138.6 298.522 113.16 0.880624
554200 -16317.7 -20151.4 296.866 49.5337 0.880703
554300 -16343.6 -20185.7 297.52 130.57 0.879924
554400 -16397.5 -20197.7 294.273 -67.6587 0.877885
554500 -16393.5 -20183.5 293.485 -126.85 0.876016
554600 -16291.4 -20122.5 296.66 -216.617 0.875202
554700 -16215.9 -20071.4 298.555 -15.7792 0.876231
554800 -16190.6 -20082.8 301.391 201.925 0.877475
554900 -16252.5 -20101.8 298.078 -154.971 0.877516
555000 -16351.6 -20173.3 295.939 105.278 0.878549
555100 -16361.5 -20193.2 296.711 95.0149 0.878769
555200 -16321.5 -20117.6 293.961 -130.084 0.878156
555300 -16252.3 -20117.6 299.312 153.145 0.878281
555400 -16237.2 -20112 300.051 -138.976 0.877577
555500 -16259.2 -20082.6 296.068 172.593 0.877428
555600 -16246 -20105.8 298.889 -24.4911 0.876297
555700 -16223.9 -20108.7 300.82 -83.7858 0.87501
555800 -16239.5 -20082.1 297.551 60.4348 0.874316
555900 -16268.9 -20085.8 295.571 109.835 0.873178
556000 -16232.7 -20039.1 294.751 -132.159 0.871017
556100 -16143.4 -20020 300.185 72.5597 0.869518
556200 -16131.3 -20013.2 300.599 -129.681 0.867724
556300 -16182.1 -20012.3 296.596 -282.257 0.86704
556400 -16251.4 -20034.2 292.922 -134.819 0.868921
556500 -16326.5 -20119 293.676 -170.551 0.872658
556600 -16344.8 -20129.3 293.051 71.2181 0.878188
556700 -16254.8 -20134.2 300.411 247.232 0.883032
556800 -16226.3 -20112.3 300.915 322.179 0.885268
556900 -16269.4 -20085.5 295.506 193.692 0.884493
557000 -16262.9 -20081.1 295.672 -74.0595 0.882104
557100 -16123.5 -19986.5 299.134 51.0101 0.880006
557200 -16079.2 -19969.7 301.263 130.125 0.877511
557300 -16130.2 -19990.9 298.957 17.0827 0.874316
557400 -16199.3 -20006.2 294.79 -243.854 0.871662
557500 -16192.3 -20045 298.337 -54.1034 0.871122
557600 -16162.3 -20027 299.261 146.12 0.871171
557700 -16096.7 -19994.1 301.805 4.45127 0.870168
557800 -16086.3 -19979.3 301.457 41.1489 0.868821
557900 -16178.6 -20050.5 299.828 -230.765 0.867587
558000 -16243.7 -20048.9 294.662 -99.0886 0.868389
558100 -16223 -20090.4 299.475 106.219 0.869921
558200 -16228.1 -20077.6 298.092 -4.61729 0.870727
558300 -16301.3 -20114.7 295.3 -146.896 0.871602
558400 -16363 -20139.4 292.428 -184.656 0.873551
558500 -16301.8 -20149.7 297.972 -31.5889 0.87721
558600 -16218.3 -20121.7 302.268 284.334 0.880513
558700 -16237.8 -20083.4 297.786 36.3059 0.881166
558800 -16247 -20112.9 299.356 163.412 0.88086
558900 -16284.4 -20137.8 298.392 127.508 0.879231
559000 -16362.8 -20177.2 295.376 -119.106 0.877168
559100 -16487.6 -20249.3 291.296 -78.7483 0.876008
559200 -16514.2 -20245.5 288.938 -82.5617 0.875754
559300 -16418.3 -20222 294.549 -5.31891 0.876353
559400 -16350.1 -20213.7 299.18 51.4536 0.876963
559500 -16326.2 -20194.6 299.554 -124.679 0.877287
559600 -16345.6 -20157.7 295.193 -0.808544 0.878476
559700 -16308.3 -20133.3 296.193 82.6699 0.879468
559800 -16205.4 -20087.8 300.639 -51.2255 0.879981
559900 -16199.5 -20086.5 300.995 177.426 0.880565
560000 -16259.9 -20079.9 295.806 32.7781 0.879777
560100 -16274.5 -20138.7 299.233 141.663 0.878328
560200 -16286.9 -20100.9 295.34 -160.793 0.876144
560300 -16263.4 -20097.5 296.897 67.185 0.875007
560400 -16248.2 -20082 296.88 -205.476 0.873845
560500 -16223 -20085.8 299.115 -147.356 0.874139
560600 -16208.9 -20098.9 301.224 130.377 0.875873
560700 -16275.3 -20090.9 295.464 -28.2352 0.876752
560800 -16337.1 -20162.5 296.221 -156.491 0.87783
560900 -16356.9 -20187.3 296.609 -3.89695 0.880313
561000 -16326.2 -20145.9 295.785 63.9271 0.882659
561100 -16225.4 -20078.9 298.395 183.847 0.883989
561200 -16166.6 -20039.7 299.92 97.9707 0.883771
561300 -16181.7 -20076.5 301.598 -94.3767 0.882919
561400 -16282.9 -20133 298.135 59.3753 0.882564
561500 -16318.7 -20119.9 294.352 57.2341 0.881937
561600 -16281.8 -20115 296.826 -91.6435 0.881129
561700 -16230.3 -20090.8 298.94 -126.297 0.881194
561800 -16192.3 -20061.8 299.636 -200.856 0.882606
561900 -16114.2 -20043.7 304.281 192.929 0.885035
562000 -16084.9 -19988 302.241 197.132 0.885613
562100 -16167.3 -20032.2 299.29 -27.5422 0.884394
562200 -16244.7 -20061.3 295.548 -233.028 0.883661
562300 -16239.4 -20082.8 297.618 79.5028 0.884693
562400 -16230.2 -20085.1 298.504 245.422 0.88518
562500 -16219.6 -20046.7 296.354 53.1289 0.883534
562600 -16118 -20002.2 300.779 309.743 0.880883
562700 -16064 -19915.5 298.249 -228.487 0.876463
562800 -16032.3 -19936.9 302.359 -236.969 0.874014
562900 -16097.4 -19941.3 297.656 118.955 0.873816
563000 -16182.1 -20010.9 296.487 -105.58 0.873333
563100 -16192.5 -20028.5 297.043 -13.488 0.873416
563200 -16170 -20008.7 297.256 -66.006 0.87374
563300 -16121 -20007.9 300.987 120.476 0.874531
563400 -16034.8 -19959.8 303.942 -2.35133 0.874429
563500 -16029 -19870.1 297.437 180.281 0.873978
563600 -16040.5 -19869.5 296.509 -136.918 0.872468
563700 -16005.1 -19886.6 300.569 42.0105 0.871575
563800 -15992.9 -19868.3 300.095 -185.069 0.870945
563900 -16043.9 -19902.6 298.804 78.9236 0.871442
564000 -16138 -19971.3 296.837 342.748 0.871331
564100 -16179.5 -20008.4 296.502 55.8423 0.868349
564200 -16167.2 -20005.1 297.195 -233.226 0.864737
564300 -16087.9 -19978 301.23 -244.704 0.863502
564400 -15990 -19873.9 300.751 -190.828 0.864815
564500 -15982.5 -19873.1 301.267 131.86 0.867559
564600 -16076.2 -19939.3 299.149 63.4451 0.869358
564700 -16143.1 -19973.1 296.577 29.5457 0.870237
564800 -16128.2 -19953.7 296.236 0.0256847 0.870907
564900 -16087.2 -19969.6 300.636 -10.1794 0.871422
565000 -16079.2 -19927.1 297.959 103.529 0.87183
565100 -16069.5 -19945.4 300.14 -14.5726 0.871569
565200 -16095.6 -19928.8 296.826 -109.955 0.871277
565300 -16128.9 -19971.8 297.579 -246.034 0.872451
565400 -16176.3 -20026.6 298.152 181.056 0.875216
565500 -16245.7 -20045.8 294.265 42.3801 0.876548
565600 -16231.6 -20042.8 295.127 -39.9945 0.877211
565700 -16111.2 -19992.3 300.537 106.112 0.878051
565800 -16093.3 -19988.3 301.61 29.0236 0.878043
565900 -16151.4 -20000.9 298.094 35.8356 0.877594
566000 -16212.8 -20051.5 297.254 -76.5742 0.877115
566100 -16261.9 -20078.6 295.546 103.118 0.877116
566200 -16290.3 -20084 293.769 43.6622 0.876434
566300 -16242.7 -20091.1 298.002 156.932 0.875128
566400 -16165.2 -20019.2 298.443 15.262 0.872596
566500 -16107.9 -19978.9 299.76 -277.689 0.870567
566600 -16100 -20003.6 302.278 25.1497 0.870907
566700 -16209 -20064.5 298.559 -94.0628 0.871444
566800 -16264.7 -20108.9 297.678 -5.33581 0.872435
566900 -16287.6 -20131.2 297.636 183.74 0.873122
567000 -16287.9 -20089.3 294.362 -115.26 0.872678
567100 -16180.7 -20063.5 300.669 18.2824 0.873036
567200 -16136.1 -20003.7 299.496 49.3572 0.873084
567300 -16151.6 -20022 299.703 -124.832 0.872703
567400 -16217.2 -20060.9 297.635 -23.2604 0.873396
567500 -16340.6 -20152.5 295.182 -220.656 0.874844
567600 -16352.7 -20153 294.28 -60.2622 0.877726
567700 -16291.9 -20159 299.453 125.509 0.880881
567800 -16260.9 -20117.7 298.654 185.559 0.88244
567900 -16229.9 -20064.1 296.908 -129.643 0.882541
568000 -16121 -20020.8 301.983 219.979 0.883119
568100 -16122 -20041.1 303.479 -100.69 0.882243
568200 -16202.1 -20061 298.825 89.4972 0.881785
568300 -16252.5 -20121.8 299.622 30.3235 0.881001
568400 -16294.9 -20123.4 296.464 -31.1966 0.879752
568500 -16293.3 -20113.7 295.838 -166.837 0.879028
568600 -16188.1 -20087.4 301.949 166.365 0.879518
568700 -16146.9 -20065.9 303.476 391.655 0.878288
568800 -16214.3 -20038 296.094 -370.715 0.874479
568900 -16215.6 -20019.7 294.571 -268.595 0.87352
569000 -16158 -20014.1 298.597 40.5694 0.874913
569100 -16134.2 -19988.1 298.433 84.874 0.876231
569200 -16144.5 -20004 298.865 153.501 0.876575
569300 -16188.3 -20053.2 299.281 -238.373 0.876081
569400 -16261.2 -20080.7 295.763 -43.4223 0.877251
569500 -16293.6 -20112.1 295.685 46.0512 0.878955
569600 -16312.4 -20105.3 293.707 -35.2832 0.880525
569700 -16262.3 -20115.7 298.39 373.745 0.882053
569800 -16219.9 -20126.2 302.491 267.578 0.880285
569900 -16253.4 -20041.8 293.355 -31.4472 0.875884
570000 -16198.9 -19993.6 293.847 -219.363 0.872071
570100 -16082 -19939.3 298.692 30.9392 0.870108
570200 -16067.9 -19924.5 298.639 -322.043 0.868747
570300 -16083.4 -19949.1 299.344 -153.347 0.869909
570400 -16146.8 -19971.8 296.195 76.1452 0.872533
570500 -16201.2 -20021.3 295.81 69.2901 0.874677
570600 -16232.6 -20064.6 296.729 189.389 0.87572
570700 -16299.9 -20083.8 293.015 -175.289 0.875615
570800 -16282.4 -20091.5 294.96 53.9073 0.876484
570900 -16179.6 -20037.7 298.758 -15.1994 0.877422
571000 -16138.8 -20005.6 299.429 330.736 0.877834
571100 -16148.9 -19996.8 297.964 72.5311 0.875437
571200 -16185 -20028.2 297.608 -160.786 0.872286
571300 -16286.6 -20099.1 295.223 -256.969 0.870858
571400 -16329.4 -20134.7 294.668 -99.0968 0.871827
571500 -16278.2 -20120 297.494 150.224 0.873553
571600 -16173.1 -20058.2 300.85 -47.6268 0.87433
571700 -16133.7 -19993.5 298.89 -51.0614 0.875267
571800 -16154.6 -20032.3 300.272 335.33 0.876213
571900 -16202.5 -20026.5 296.115 -211.569 0.874767
572000 -16200.1 -20026.6 296.314 21.5135 0.874517
572100 -16132 -20043.8 302.918 343.298 0.874125
572200 -16121.6 -20003.1 300.563 -50.5578 0.871068
572300 -16217.5 -20048.6 296.667 -117.735 0.867953
572400 -16268.3 -20052.1 293.005 -394.895 0.866475
572500 -16216 -20054.9 297.27 -293.275 0.868762
572600 -16183.7 -20096.8 303.013 270.146 0.873438
572700 -16221.1 -20083.1 299.055 155.157 0.875814
572800 -16251.7 -20097 297.767 49.9899 0.876335
572900 -16253.5 -20080.2 296.324 113.507 0.876077
573000 -16186.3 -20045.4 298.836 -80.3551 0.87512
573100 -16085.4 -19982.4 301.775 -7.03429 0.874828
573200 -16081.9 -19968.1 300.934 44.0357 0.874802
573300 -16107.7 -19931.3 296.088 31.294 0.874415
573400 -16096.8 -19960.3 299.178 -66.6517 0.873911
573500 -16100.8 -19949.5 298.03 -128.446 0.873918
573600 -16113.1 -19943.2 296.588 -207.901 0.875151
573700 -16086.1 -19941.4 298.541 -21.2421 0.87779
573800 -16044.5 -19903.4 298.821 -112.349 0.880438
573900 -16031.5 -19987.3 306.327 109.405 0.88308
574000 -16160.9 -20073.8 303 247.489 0.884129
574100 -16251.5 -20094.7 297.606 38.3781 0.883129
574200 -16306.4 -20142.8 297.072 124.05 0.881456
574300 -16332.1 -20138.3 294.736 -179.973 0.879509
574400 -16283.5 -20142 298.788 -47.6604 0.879384
574500 -16195.1 -20079.6 300.795 -26.7827 0.879746
574600 -16168.2 -20047.9 300.432 100.371 0.879998
574700 -16235 -20034.3 294.205 -65.9345 0.879757
574800 -16343.4 -20157 295.314 -32.0993 0.879916
574900 -16370.6 -20199.9 296.526 -96.3758 0.880555
575000 -16334 -20166.1 296.744 115.603 0.881812
575100 -16209.5 -20072.4 299.134 108.691 0.882149
575200 -16155.7 -20014.7 298.819 63.6964 0.881371
575300 -16149 -19982.6 296.858 -122.929 0.880156
575400 -16100.4 -19963.6 299.15 -56.5401 0.879843
575500 -16035.8 -19974.6 305.002 128.19 0.88
575600 -16134.3 -20002.9 299.573 83.0701 0.87914
575700 -16209 -20058 298.046 -167.628 0.877665
575800 -16232.9 -20060.9 296.424 -109.613 0.877393
575900 -16236.5 -20087.8 298.23 30.2244 0.878238
576000 -16223.3 -20089.1 299.355 83.5213 0.878806
576100 -16241.9 -20081.8 297.345 -152.252 0.878838
576200 -16283.8 -20134.9 298.214 230.517 0.879826
576300 -16352.8 -20156.6 294.547 185.526 0.879191
576400 -16365.5 -20138.5 292.168 -14.3126 0.876444
576500 -16240 -20057.3 295.596 -220.957 0.873685
576600 -16179.6 -20051.4 299.812 -133.126 0.872645
576700 -16176.4 -20023.7 297.922 42.3429 0.872827
576800 -16186.9 -20037.1 298.141 83.5511 0.872834
576900 -16211.4 -20022.3 295.108 -177.062 0.872248
577000 -16179.9 -20030.7 298.193 -155.494 0.872962
577100 -16107.8 -19990 300.622 43.8308 0.875715
577200 -16076 -19972.7 301.741 82.3908 0.878454
577300 -16162.4 -20010.6 297.986 111.579 0.880547
577400 -16255.8 -20117.9 299.073 25.3047 0.882239
577500 -16295.4 -20124.5 296.513 153.654 0.88374
577600 -16303.6 -20173.8 299.69 183.9 0.883657
577700 -16338.6 -20116.9 292.574 -192.476 0.881793
577800 -16304.2 -20098.3 293.8 -60.5328 0.881635
577900 -16196 -20082 300.918 232.343 0.882032
578000 -16199.5 -20082.1 300.648 175.203 0.880294
578100 -16272.5 -20107.1 296.936 -171.355 0.876596
578200 -16305.7 -20116.2 295.074 -268.913 0.87396
578300 -16252.5 -20119.4 299.437 -37.8514 0.873875
578400 -16136.7 -20038.7 302.159 -112.085 0.874392
578500 -16129.3 -20012 300.66 20.8778 0.875854
578600 -16201.9 -20071 299.607 172.833 0.877443
578700 -16264.2 -20124.9 298.962 113.281 0.877703
578800 -16287.4 -20123.5 297.055 265.355 0.876123
578900 -16264 -20084.3 295.832 -162.914 0.872421
579000 -16172.8 -20037.9 299.305 -137.123 0.870038
579100 -16114.8 -20006.1 301.32 56.6948 0.868682
579200 -16129.9 -19983.8 298.434 -369.962 0.867436
579300 -16144.3 -20006.2 299.052 -269.537 0.869298
579400 -16183.6 -20044.4 298.968 109.034 0.873789
579500 -16247 -20072.5 296.233 193.354 0.877412
579600 -16315.2 -20115.9 294.309 17.2178 0.879121
579700 -16420.3 -20209.6 293.43 -10.2931 0.880487
579800 -16402.4 -20178 292.373 55.2607 0.881851
579900 -16303.4 -20126.3 296.035 435.133 0.882145
580000 -16260.3 -20126.8 299.408 68.6715 0.878923
580100 -16249 -20081.2 296.747 -262.023 0.875203
580200 -16193 -20026.3 296.834 -25.2529 0.873486
580300 -16097 -20000 302.227 -31.7807 0.872515
580400 -16102.4 -19978.7 300.17 9.98029 0.872084
580500 -16154.2 -20018.6 299.245 209.851 0.871225
580600 -16183.6 -20011.2 296.397 -222.326 0.869127
580700 -16170.9 -20018.4 297.938 -146.104 0.868753
580800 -16161.5 -20004.7 297.604 -150.4 0.870034
580900 -16141.9 -20033.8 301.369 28.1439 0.872385
581000 -16166.4 -20042 300.116 -150.778 0.875058
581100 -16259.5 -20071.3 295.17 49.1172 0.878506
581200 -16277.5 -20090 295.223 140.041 0.881555
581300 -16217.8 -20092.6 300.049 30.4046 0.883365
581400 -16164.5 -20045.6 300.536 58.6463 0.8843
581500 -16117.8 -20024.1 302.486 224.111 0.884437
581600 -16118.5 -20009.7 301.322 327.535 0.882399
581700 -16213.4 -20057.9 297.704 -115.862 0.878054
581800 -16275.5 -20135.8 298.922 -172.216 0.874789
581900 -16314.7 -20116.9 294.423 -229.012 0.873845
582000 -16275 -20143.7 299.578 -116.357 0.875142
582100 -16180.1 -20105.4 303.958 102.708 0.876929
582200 -16138.3 -20027.8 301.183 163.892 0.877878
582300 -16173.5 -20032 298.787 -10.0946 0.877419
582400 -16242.2 -20045.3 294.494 -206.256 0.877028
582500 -16247.6 -20110.8 299.151 140.954 0.878201
582600 -16268.5 -20123.9 298.545 131.844 0.878184
582700 -16347.2 -20142.1 293.865 51.196 0.876885
582800 -16342.9 -20091.9 290.308 -24.5184 0.87518
582900 -16225.5 -20077.9 298.314 -45.9184 0.873761
583000 -16197.1 -20059.3 299.078 -173.79 0.873131
583100 -16215.1 -20060.2 297.754 -72.3203 0.874139
583200 -16246.6 -20105.6 298.83 111.597 0.875753
583300 -16330.7 -20182.8 298.291 1.44356 0.876325
583400 -16395.6 -20166.1 291.973 -125.779 0.877067
583500 -16335.9 -20146.2 295.058 176.674 0.878757
583600 -16273.2 -20101.3 296.433 54.6164 0.879061
583700 -16232.9 -20092.4 298.868 29.0526 0.878759
583800 -16205.8 -20060.6 298.508 212.642 0.877805
583900 -16167.5 -20034 299.411 -105.178 0.875231
584000 -16117.3 -19976.7 298.851 -24.2919 0.87329
584100 -16045.6 -19928.1 300.652 -110.431 0.871732
584200 -16037.5 -19934.5 301.766 -213.922 0.871296
584300 -16131 -19978.6 297.946 186.668 0.872554
584400 -16187 -20027.2 297.365 -192.683 0.872805
584500 -16192.7 -20037.9 297.756 1.20189 0.874189
584600 -16205.4 -20044.7 297.305 49.9393 0.876145
584700 -16212 -20053.8 297.493 116.873 0.877517
584800 -16182.1 -20033.1 298.206 -34.1384 0.87787
584900 -16135 -20029.4 301.57 -44.5365 0.878519
585000 -16153.9 -20022.4 299.563 102.301 0.879653
585100 -16242.3 -20071.4 296.511 192.762 0.879681
585200 -16258.1 -20010.7 290.592 57.4369 0.877725
585300 -16181.8 -20009.1 296.374 -73.3939 0.875046
585400 -16136.6 -19968.4 296.716 -115.177 0.873009
585500 -16079.4 -19910.4 296.654 4.12505 0.871904
585600 -16012.7 -19901.4 301.123 -126.644 0.871032
585700 -16026.1 -19916.9 301.288 60.2458 0.871002
585800 -16146.3 -19990.9 297.707 -219.074 0.871022
585900 -16182.5 -19998.5 295.489 -110.24 0.872736
586000 -16141 -20007.9 299.433 187.15 0.875535
586100 -16132.4 -20040.1 302.602 236.317 0.877189
586200 -16223.5 -20050.4 296.339 97.3139 0.876847
586300 -16258.8 -20038.6 292.693 -66.1812 0.875506
586400 -16189.2 -20002.9 295.319 -125.599 0.874555
586500 -16129.2 -20002 299.889 -100.077 0.874527
586600 -16135.2 -19995 298.895 -93.105 0.875643
586700 -16179.6 -20041.1 299.016 76.3335 0.87787
586800 -16286.8 -20121.2 296.923 160.801 0.879813
586900 -16326.4 -20130.8 294.599 183.057 0.880165
587000 -16285.8 -20125.8 297.36 67.155 0.878998
587100 -16242.2 -20059.9 295.634 -177.107 0.877205
587200 -16174.8 -20024.1 298.072 -265.756 0.876827
587300 -16148.4 -20044.3 301.686 256.572 0.878683
587400 -16185 -20057.5 299.873 14.3692 0.878904
587500 -16230.7 -20074.3 297.633 28.3964 0.878402
587600 -16268.3 -20094.9 296.316 9.60594 0.877649
587700 -16286 -20071.2 293.117 73.0518 0.876506
587800 -16201.2 -20066.3 299.302 86.7101 0.874818
587900 -16131.5 -19993 299.017 49.9715 0.872101
588000 -16101.6 -19944.7 297.594 -24.2699 0.86903
588100 -16050 -19937.9 301.065 -27.5159 0.866008
588200 -15989.3 -19911.8 303.745 -50.6256 0.863072
588300 -16017.6 -19847.6 296.583 -288.63 0.861205
588400 -16089.7 -19940.9 298.221 -250.23 0.861918
588500 -16166.5 -19974.2 294.857 92.5207 0.864715
588600 -16193.4 -20049.6 298.609 -90.5339 0.867227
588700 -16275.1 -20099 296.107 -226.845 0.870521
588800 -16346.5 -20118.4 292.077 120.214 0.87543
588900 -16285.1 -20128.5 297.615 293.055 0.879012
589000 -16217.1 -20060.4 297.609 236.716 0.8797
589100 -16163.9 -19971.7 294.86 -125.442 0.878313
589200 -16113.6 -19971.3 298.729 -26.4225 0.877686
589300 -16112.8 -19989.8 300.22 -2.32903 0.87752
589400 -16153.3 -19975.3 295.959 -143.242 0.877523
589500 -16162 -19990 296.422 132.5 0.878497
589600 -16097.5 -20036.9 305.051 125.829 0.878418
589700 -16120.3 -19983.4 299.146 -108.702 0.877241
589800 -16202.4 -19990.8 293.358 -173.702 0.87713
589900 -16175.9 -20001.3 296.226 -21.3767 0.878587
590000 -16128.1 -20015.3 301.007 220.786 0.879943
590100 -16135.1 -19973.4 297.224 -29.6464 0.879687
590200 -16136.1 -19999.5 299.17 65.4375 0.879358
590300 -16157.6 -19999.9 297.538 122.598 0.878372
590400 -16188.4 -19990.8 294.44 -105.2 0.876581
590500 -16201.7 -20020.8 295.735 -209.469 0.875877
590600 -16149.2 -20014.1 299.283 72.5284 0.876931
590700 -16103 -19975.8 299.891 -38.2736 0.877697
590800 -16104.6 -19982.4 300.284 -181.519 0.878758
590900 -16185.7 -20020 296.916 9.77533 0.881396
591000 -16262.6 -20089.3 296.325 306.603 0.883857
591100 -16272 -20081.5 294.993 292.178 0.883416
591200 -16182.6 -20036 298.394 123.513 0.879956
591300 -16103.7 -19968.3 299.263 -11.4174 0.875547
591400 -16114.5 -19981.3 299.43 -170.438 0.871948
591500 -16159.2 -20009.2 298.129 -394.328 0.870639
591600 -16215.3 -20030.6 295.443 -151.849 0.872874
591700 -16234 -20047.5 295.304 77.5025 0.875895
591800 -16179.1 -20075.7 301.734 107.106 0.877649
591900 -16159.6 -20047.1 301.035 121.186 0.878081
592000 -16231.8 -20075.3 297.621 159.818 0.877148
592100 -16296.4 -20092.5 293.955 -270.783 0.875662
592200 -16266.8 -20139.5 299.892 194.584 0.876068
592300 -16254.3 -20077.2 296.037 100.976 0.875129
592400 -16161.7 -19999.7 297.203 27.0431 0.873265
592500 -16062.6 -19943.5 300.521 116.459 0.871168
592600 -16062.2 -19911.7 298.092 -80.4382 0.868406
592700 -16068.2 -19931.5 299.156 -207.583 0.866659
592800 -16110.1 -19946.2 297.057 -37.7446 0.8666
592900 -16175.2 -19979.9 294.617 -170.602 0.867465
593000 -16172.4 -20003.3 296.646 61.0376 0.869675
593100 -16084.3 -19998.5 303.101 286.74 0.871022
593200 -16082.8 -19981.6 301.904 3.21319 0.870087
593300 -16182.1 -20013.4 296.684 -269.658 0.869049
593400 -16203.8 -20059.6 298.575 -357.389 0.870644
593500 -16221.5 -20065.4 297.659 400.738 0.874653
593600 -16248.3 -20071.3 296.035 119.093 0.875727
593700 -16229.1 -20044.2 295.433 -170.791 0.875453
593800 -16121.6 -19999.9 300.319 285.101 0.876072
593900 -16093.1 -19961.6 299.563 65.489 0.874671
594000 -16106.3 -19929.4 296.05 63.9028 0.87222
594100 -16072 -19925.2 298.373 -109.991 0.869707
594200 -15992.3 -19900.7 302.653 47.0178 0.868088
594300 -16004 -19880.9 300.208 -203.518 0.866766
594400 -16087.4 -19887.9 294.295 -320.979 0.867177
594500 -16129.8 -19975.8 297.818 107.322 0.870082
594600 -16229.1 -20031.5 294.445 138.464 0.872272
594700 -16271.4 -20009.7 289.482 -128.057 0.8733
594800 -16174.7 -19997.9 296.055 152.35 0.874863
594900 -16111.1 -19928.2 295.579 82.2293 0.87509
595000 -16047.2 -19933 300.896 20.2531 0.8747
595100 -16029.9 -19882.1 298.293 -10.6385 0.873958
595200 -16020.7 -19871 298.147 88.3206 0.873088
595300 -16002.7 -19885.2 300.647 -78.8985 0.87194
595400 -16049.5 -19912.9 299.162 -61.9564 0.871533
595500 -16137.1 -19960.8 296.095 -90.362 0.871853
595600 -16165.3 -19994.3 296.507 -97.1227 0.872822
595700 -16131 -19966.1 296.97 -118.208 0.874801
595800 -16014.1 -19928.4 303.106 41.9378 0.8776
595900 -16000.8 -19904.8 302.315 143.696 0.879723
596000 -16075.8 -19994 303.411 161.917 0.880411
596100 -16169.5 -20049.7 300.466 -110.591 0.879595
596200 -16222.6 -20040.6 295.65 -126.104 0.879645
596300 -16211.7 -20030.7 295.724 160.385 0.880706
596400 -16125.1 -19979.1 298.441 59.9263 0.880644
596500 -16065.4 -19977.8 302.964 152.334 0.879513
596600 -16108.8 -19957.6 298.033 -78.7056 0.877611
596700 -16127.8 -19977.9 298.141 -84.1583 0.87662
596800 -16150.9 -20000.5 298.095 -170.409 0.876773
596900 -16264.8 -20100.5 297.025 -68.5456 0.878274
597000 -16341.9 -20127 293.101 -205.245 0.880558
597100 -16291.2 -20117 296.26 298.153 0.883565
597200 -16226.4 -20074.1 297.952 226.821 0.883771
597300 -16174.3 -20036.6 299.077 99.6855 0.881924
597400 -16147 -20005.9 298.822 133.908 0.879143
597500 -16146.1 -20009.6 299.176 -7.61138 0.875511
597600 -16189 -20022.8 296.873 -193.272 0.872603
597700 -16224.4 -20033.7 294.979 -187.713 0.871784
597800 -16185.7 -19997 295.131 80.5064 0.872522
597900 -16099.5 -19981.3 300.594 -80.6308 0.872954
598000 -16078.8 -19927 297.994 -206.953 0.87417
598100 -16077.8 -19964.2 300.951 -31.3476 0.876963
598200 -16189.7 -20024.6 296.964 147.422 0.879955
598300 -16259.2 -20097.1 297.193 174.42 0.881461
598400 -16274.2 -20102.1 296.415 169.997 0.88124
598500 -16248.8 -20086.6 297.19 -4.25176 0.879647
598600 -16150.9 -20003.6 298.341 87.6179 0.877744
598700 -16083.6 -19964.9 300.556 -63.9151 0.875454
598800 -16099.9 -19966.2 299.39 75.1153 0.873372
598900 -16141 -19934.9 293.785 -149.558 0.870965
599000 -16073.1 -19960.1 300.996 -110.809 0.86983
599100 -15983.7 -19888.4 302.365 -141.613 0.870098
599200 -16014.2 -19885.5 299.784 24.9674 0.871414
599300 -16101.9 -19958 298.602 -250.706 0.87307
599400 -16149.5 -19980.4 296.652 -35.2413 0.876729
599500 -16151.3 -20030.2 300.36 298.672 0.880532
599600 -16204.1 -20070.8 299.419 357.695 0.881483
599700 -16272.7 -20070 294.054 155.905 0.87879
599800 -16248.8 -20055.5 294.773 -194.534 0.875103
599900 -16210.1 -20043.6 296.848 24.2594 0.873224
600000 -16167.5 -19965.2 294.08 -100.829 0.871928
600100 -16080.5 -19954 299.952 -0.761446 0.87135
600200 -16074 -19973.5 301.959 -113.778 0.871019
600300 -16156.2 -20018.9 299.108 168.275 0.871403
600400 -16202.7 -20028.3 296.237 -177.854 0.870799
600500 -16190.6 -20003.8 295.282 -283.095 0.871825
600600 -16129.9 -19983 298.363 186.514 0.874994
600700 -16090.4 -20008.9 303.434 -236.763 0.877008
600800 -16154.4 -20003.9 298.09 -97.0718 0.880235
600900 -16195.6 -20067.6 299.833 243.43 0.883736
601000 -16226.1 -20079.3 298.382 138.626 0.8847
601100 -16282 -20138.5 298.635 90.2038 0.884341
601200 -16351.8 -20165.2 295.294 306.844 0.883033
601300 -16345.6 -20161 295.443 48.4759 0.879323
601400 -16230.8 -20073.7 297.586 -138.228 0.875425
601500 -16162.2 -20011 298.037 -340.197 0.873551
601600 -16141.1 -19994 298.352 -164.451 0.874824
601700 -16114.3 -19972.9 298.791 -26.8067 0.877679
601800 -16108.3 -19988.9 300.496 255.88 0.880304
601900 -16170.6 -19983.4 295.249 42.9882 0.880648
602000 -16228.2 -20079.8 298.257 88.1893 0.88036
602100 -16299 -20086.9 293.319 -80.2929 0.879599
602200 -16277.9 -20063.6 293.155 -192.656 0.879544
602300 -16194.7 -20041.8 297.904 218.956 0.880875
602400 -16175.4 -20048.3 299.903 250.403 0.880484
602500 -16198.5 -20036 297.167 -87.0567 0.877855
602600 -16232.7 -20049.4 295.551 -214.789 0.87592
602700 -16243.5 -20053.2 295.008 -143.827 0.876022
602800 -16165.8 -20024.1 298.776 3.5654 0.877525
602900 -16111.3 -20008.7 301.793 231.922 0.878982
603000 -16135.7 -19950 295.362 147.289 0.878414
603100 -16110.9 -19970.4 298.869 86.1042 0.876202
603200 -16026.4 -19914.7 301.092 -103.401 0.87321
603300 -15993.9 -19874.5 300.5 -205.608 0.871315
603400 -16027.5 -19911.6 300.767 39.8986 0.871136
603500 -16162.7 -20050.4 301.048 -2.86057 0.870819
603600 -16224.9 -20034.7 295.019 -36.3214 0.870399
603700 -16197.9 -20016.5 295.698 -242.303 0.870719
603800 -16111.3 -19992 300.507 54.841 0.872903
603900 -16106.6 -20008.2 302.123 15.9173 0.875103
604000 -16177.1 -20002.8 296.252 276.64 0.876563
604100 -16187.9 -20024.2 297.071 70.2986 0.875981
604200 -16171.6 -19990 295.683 36.6588 0.874371
604300 -16133.3 -19959.2 296.263 25.1129 0.872248
604400 -16086.9 -19899.6 295.238 -41.895 0.869798
604500 -16040.3 -19896.1 298.579 -83.024 0.867816
604600 -16043.6 -19924.1 300.493 -236.686 0.866684
604700 -16086.1 -19937.8 298.263 -188.305 0.867597
604800 -16136.7 -19991.8 298.523 97.5362 0.870345
604900 -16219.4 -20043.2 296.101 -72.1849 0.873271
605000 -16267.6 -20078.9 295.132 213.502 0.876303
605100 -16285.7 -20102.9 295.592 51.4692 0.877806
605200 -16280.6 -20141.8 298.996 28.1964 0.87905
605300 -16275.5 -20085.5 295.036 168.014 0.879736
605400 -16206.6 -20040 296.842 -45.7369 0.879178
605500 -16130.8 -20025 301.551 -35.1191 0.878796
605600 -16155.5 -20012.6 298.678 144.935 0.878551
605700 -16219.4 -20047.9 296.463 -73.2112 0.877099
605800 -16299.9 -20088 293.331 160.71 0.875473
605900 -16376 -20133.1 290.934 -193.799 0.872675
606000 -16298.5 -20138.9 297.389 -7.47147 0.870503
606100 -16208.9 -20043.6 296.946 100.997 0.868122
606200 -16172.2 -20012.3 297.366 -403.696 0.865085
606300 -16131.8 -19997.6 299.353 -236.647 0.865237
606400 -16073.7 -19967.8 301.542 -195.064 0.868375
606500 -16022.2 -19946.6 303.888 220.941 0.873015
606600 -16112 -19982.2 299.694 228.709 0.876149
606700 -16201.4 -20048.9 297.935 -39.6039 0.877395
606800 -16221.8 -20036.5 295.395 102.345 0.878537
606900 -16182.6 -20042.3 298.879 79.9155 0.879028
607000 -16102.6 -19994.7 301.391 174.461 0.878374
607100 -16029.8 -19921.8 301.385 -34.8176 0.876165
607200 -15967.5 -19859.6 301.39 -162.114 0.874207
607300 -15915.5 -19843.3 304.149 110.93 0.873359
607400 -16006.1 -19866.7 298.953 38.1257 0.871924
607500 -16071.6 -19894.8 296.052 -257.593 0.870513
607600 -16069.8 -19937.2 299.475 -25.5245 0.870963
607700 -16090.9 -19939.7 298.03 11.3713 0.871861
607800 -16182.3 -20020.1 297.179 -134.876 0.872897
607900 -16240 -20017 292.479 -180.136 0.875495
608000 -16184 -20050.4 299.398 269.422 0.879469
608100 -16152.2 -20027.6 300.097 442.992 0.880835
608200 -16178.4 -19994.8 295.526 -325.251 0.878854
608300 -16253.6 -20066.5 295.259 -90.7331 0.879002
608400 -16310.9 -20121.5 295.077 220.281 0.880045
608500 -16294 -20080.1 293.185 -108.867 0.879742
608600 -16173.6 -19980.9 294.822 154.301 0.879582
608700 -16106 -19967.2 298.995 -116.472 0.878577
608800 -16087.1 -19943.3 298.608 194.6 0.877976
608900 -16084.6 -19935.2 298.179 77.4211 0.875948
609000 -16079.5 -19896.2 295.546 -67.6482 0.872709
609100 -16006.6 -19878.8 299.851 -353.109 0.870243
609200 -15954.8 -19868.7 303.077 10.2129 0.870654
609300 -16032.2 -19921.4 301.164 15.9254 0.871483
609400 -16122 -19965.6 297.627 50.7111 0.871895
609500 -16138.1 -19980.6 297.549 104.998 0.871745
609600 -16127.1 -19943.9 295.554 -192.352 0.870887
609700 -16037.3 -19885.1 297.955 -33.9632 0.871484
609800 -15975.3 -19856.3 300.525 221.232 0.872698
609900 -15989.4 -19862.3 299.899 162.557 0.872006
610000 -16052.4 -19924.2 299.812 87.868 0.869458
610100 -16115.1 -19924.8 295.005 -210.711 0.865766
610200 -16097.7 -19940.5 297.578 -65.7925 0.863243
610300 -16073.4 -19924.8 298.232 -140.502 0.861455
610400 -16048.8 -19907.1 298.778 -273.579 0.861148
610500 -16004 -19888.4 300.786 2.00354 0.863292
610600 -15990.2 -19890.4 302.018 64.0578 0.865836
610700 -16078.2 -19943.5 299.318 -67.9132 0.867919
610800 -16164.1 -20015.8 298.26 69.565 0.870538
610900 -16213.3 -20080.8 299.487 70.8297 0.872602
611000 -16265.7 -20090.8 296.2 -304.589 0.874504
611100 -16272.6 -20099.2 296.319 26.1074 0.879046
611200 -16180.6 -20090.5 302.774 460.799 0.883102
611300 -16111.6 -20020 302.655 221.362 0.882964
611400 -16170.1 -20038 299.515 311.507 0.880254
611500 -16249.9 -20079.8 296.572 -215.523 0.875641
611600 -16244.8 -20095.8 298.201 -337.973 0.873049
611700 -16243.3 -20092.1 298.035 42.8651 0.873408
611800 -16263.2 -20098.4 296.981 26.2849 0.873853
611900 -16308.9 -20107.1 294.119 -114.433 0.87417
612000 -16316.8 -20143.8 296.345 -124.165 0.875333
612100 -16259 -20106.6 297.946 14.7284 0.877492
612200 -16199 -20101.8 302.22 175.085 0.879182
612300 -16250.1 -20091.8 297.489 189.506 0.879395
612400 -16304.3 -20122.8 295.689 -49.9012 0.878256
612500 -16273.4 -20130.9 298.712 15.2161 0.877063
612600 -16141.6 -20084.1 305.291 228.975 0.875447
612700 -16170.5 -20062.4 301.371 24.4513 0.872145
612800 -16223.3 -20046 296.013 -335.745 0.869189
612900 -16201.4 -20017.5 295.501 -377.488 0.86946
613000 -16136.1 -20004.3 299.537 -54.8676 0.873035
613100 -16114.5 -20005.3 301.287 76.4775 0.876999
613200 -16241.1 -20098.1 298.669 -8.00245 0.879866
613300 -16325.9 -20124 294.109 -20.1905 0.882222
613400 -16288 -20142.9 298.504 16.1432 0.884324
613500 -16233.6 -20060.2 296.317 168.199 0.885768
613600 -16165.3 -20074.6 302.718 364.401 0.885375
613700 -16179.5 -20057 300.254 192.237 0.881889
613800 -16304.4 -20122.7 295.674 -245.59 0.877365
613900 -16315.1 -20119.1 294.566 -342.458 0.875532
614000 -16242.1 -20077.8 297.022 66.7295 0.876578
614100 -16188.1 -20075.9 301.057 95.6815 0.877549
614200 -16208 -20049.3 297.456 285.583 0.877184
614300 -16255.7 -20063.7 294.872 -232.48 0.874788
614400 -16287.4 -20065.5 292.564 -285.615 0.87433
614500 -16225.2 -20081.2 298.593 53.7724 0.876472
614600 -16161.2 -20044.8 300.735 167.352 0.878052
614700 -16167.3 -20028.3 298.978 0.411939 0.878185
614800 -16244.2 -20038.9 293.843 -1.16518 0.878133
614900 -16300.8 -20073.4 292.135 -98.1619 0.878242
615000 -16218.4 -20076.8 298.773 -22.4827 0.879148
615100 -16150.9 -20035.1 300.782 -49.7262 0.880591
615200 -16175.5 -20073.6 301.859 115.093 0.88236
615300 -16232.4 -20063.1 296.638 109.2 0.883107
615400 -16257.5 -20127.4 299.668 -94.8532 0.883073
615500 -16279.4 -20117.6 297.219 2.19396 0.883579
615600 -16280 -20105.7 296.248 153.784 0.88416
615700 -16247.9 -20072.9 296.196 96.2484 0.883392
615800 -16219.5 -20084.4 299.288 -99.0724 0.881587
615900 -16225.2 -20064.6 297.306 -177.97 0.880628
616000 -16210 -20008.9 294.169 -129.071 0.881321
616100 -16107.1 -20022.6 303.197 13.0458 0.883358
616200 -16109.7 -20014.2 302.352 187.208 0.885172
616300 -16181.4 -20080.2 301.905 178.952 0.885487
616400 -16250.8 -20058.6 294.861 -47.253 0.884317
616500 -16226.2 -20054.1 296.414 91.4713 0.883053
616600 -16177.4 -20046 299.57 -85.7579 0.881194
616700 -16163.4 -20022 298.798 35.4054 0.879407
616800 -16180.8 -20063.4 300.653 -232.448 0.877736
616900 -16277.8 -20106.8 296.502 -323.396 0.87809
617000 -16316.6 -20107.3 293.534 63.3421 0.881415
617100 -16255.7 -20101.6 297.81 189.201 0.884897
617200 -16177.9 -20057.6 300.431 243.062 0.887004
617300 -16178.7 -20061.5 300.669 279.465 0.886713
617400 -16211.5 -20045.2 296.868 -152.679 0.883868
617500 -16204.6 -20052.7 297.984 -221.546 0.882006
617600 -16201.7 -20074 299.856 141.221 0.881573
617700 -16261.7 -20118.1 298.628 211.687 0.879911
617800 -16354 -20092.7 289.513 -178.709 0.876331
617900 -16293.4 -20087.4 293.793 -129.421 0.873546
618000 -16224.6 -20057 296.767 -272.054 0.872503
618100 -16173.6 -20024.6 298.209 -44.5786 0.873974
618200 -16132.2 -20002.4 299.694 128.702 0.876098
618300 -16111.7 -19982.6 299.749 -73.2785 0.877326
618400 -16095.5 -19980 300.806 -58.5085 0.879266
618500 -16163.4 -20048.4 300.838 142.76 0.881862
618600 -16257 -20102.5 297.78 67.1958 0.883375
618700 -16277 -20071.7 293.849 -216.085 0.884842
618800 -16209.8 -20071.5 299.036 288.565 0.887753
618900 -16166.8 -20060.2 301.491 162.395 0.888863
619000 -16200.4 -20008.6 294.894 351.678 0.887661
619100 -16239.5 -20015.2 292.378 -47.7729 0.883135
619200 -16178.4 -20047.7 299.619 -100.602 0.878426
619300 -16136.6 -20000.5 299.208 -68.4969 0.87461
619400 -16132.7 -20009.7 300.221 -372.716 0.871892
619500 -16197.6 -20030.9 296.833 -34.7139 0.872273
619600 -16281.7 -20127.8 297.82 104.654 0.873109
619700 -16326.9 -20113.4 293.215 -115.678 0.873108
619800 -16263.8 -20106.1 297.531 10.9856 0.87408
619900 -16221.4 -20101 300.42 35.44 0.875241
620000 -16237.1 -20042.8 294.7 -11.0555 0.87601
620100 -16192.3 -20054 299.031 -151.538 0.877477
620200 -16152.5 -20076.4 303.852 200.321 0.880018
620300 -16256.6 -20095.2 297.244 103.376 0.881297
620400 -16296.8 -20097.2 294.288 318.536 0.881019
620500 -16243.8 -20068.6 296.175 73.9273 0.877854
620600 -16156.6 -19967.1 295.072 -87.8665 0.873481
620700 -16085.2 -19949.3 299.221 -319.038 0.869941
620800 -16079.5 -19945.4 299.359 -86.505 0.868769
620900 -16107.8 -19935.7 296.417 63.5111 0.868452
621000 -16145.8 -19976.3 296.618 73.6206 0.867732
621100 -16209.5 -20032.8 296.056 -140.924 0.866544
621200 -16247.6 -20069.4 295.945 -192.614 0.866271
621300 -16213.5 -20025 295.152 -283.139 0.86833
621400 -16113.6 -20017.9 302.332 397.883 0.872512
621500 -16125.6 -20021.1 301.654 -169.335 0.874399
621600 -16199.5 -20064 299.254 203.539 0.877012
621700 -16241.3 -20078 297.102 231.364 0.878068
621800 -16226.5 -20047.3 295.871 5.25594 0.876946
621900 -16177.7 -20043.2 299.333 -55.2341 0.875619
622000 -16113.9 -20005.2 301.325 152.391 0.874422
622100 -16016.9 -19949.7 304.536 10.0603 0.872077
622200 -16039.6 -19917.4 300.283 -205.583 0.869463
622300 -16146.4 -19982.4 297.043 -238.077 0.868717
622400 -16169.8 -19977.1 294.822 -166.52 0.870144
622500 -16117.3 -19945.8 296.465 237.866 0.873166
622600 -16068.1 -19981.1 303.005 158.438 0.874708
622700 -16119.8 -20010.5 301.283 34.6989 0.874372
622800 -16166.7 -20022 298.544 -56.9241 0.873623
622900 -16186.3 -20011.6 296.218 -47.678 0.873548
623000 -16182.9 -20056.8 299.975 39.1651 0.873884
623100 -16244.8 -20068.4 296.086 -176.911 0.874238
623200 -16315.9 -20095.7 292.69 -123.003 0.876058
623300 -16266.6 -20082.1 295.46 232.249 0.879174
623400 -16164.7 -20021.8 298.676 277.323 0.88065
623500 -16139.7 -20018.1 300.334 90.3426 0.879382
623600 -16171.9 -20017.4 297.779 -196.083 0.877194
623700 -16223.7 -20048.1 296.146 -21.4564 0.876417
623800 -16275.6 -20084.4 294.938 -127.179 0.876134
623900 -16328.7 -20105.1 292.43 -273.309 0.87719
624000 -16267 -20100.4 296.847 321.971 0.88062
624100 -16190.6 -20069.6 300.381 330.451 0.881848
624200 -16196.3 -20047 298.178 -37.8479 0.88006
624300 -16198 -20045.8 297.963 23.0291 0.877895
624400 -16139 -20023.2 300.777 -134.958 0.875272
624500 -16068.8 -19948.8 300.459 -278.962 0.873951
624600 -16058.8 -19935.3 300.18 81.483 0.874957
624700 -16129.4 -19986.3 298.668 31.1026 0.875892
624800 -16220.7 -20081.7 298.975 61.805 0.876411
624900 -16272.5 -20131.2 298.803 175.992 0.87608
625000 -16306.3 -20124.2 295.642 -56.6266 0.874219
625100 -16263.7 -20039.5 292.381 -171.28 0.872573
625200 -16180 -20041.2 299.003 -182.721 0.872714
625300 -16187.9 -20062.1 300.003 75.5644 0.87449
625400 -16242.8 -20076.2 296.85 119.691 0.875865
625500 -16283.5 -20094.8 295.131 -141.518 0.876403
625600 -16263.9 -20082.7 295.713 111.212 0.878096
625700 -16153.8 -20058.7 302.376 137.346 0.878946
625800 -16150.1 -20022 299.829 -5.40456 0.878228
625900 -16204.1 -20050.8 297.867 -162.852 0.877727
626000 -16256.9 -20080.6 296.092 -120.849 0.878776
626100 -16293.7 -20109 295.44 156.232 0.880925
626200 -16335 -20135.4 294.29 17.2803 0.882191
626300 -16298.3 -20089.4 293.563 91.8832 0.882808
626400 -16197.5 -20062.5 299.292 -88.0236 0.882954
626500 -16174.6 -20077.2 302.207 149.453 0.883618
626600 -16251.1 -20115.8 299.267 132.44 0.883116
626700 -16318.2 -20143.2 296.198 -163.941 0.881332
626800 -16299.4 -20084.4 293.101 -121.712 0.880948
626900 -16231.9 -20103.7 299.815 307.468 0.881507
627000 -16217.1 -20061.2 297.676 -6.81543 0.879551
627100 -16191.6 -20006.6 295.415 -264.645 0.877551
627200 -16117.3 -19999.1 300.595 -136.479 0.87786
627300 -16110.3 -20001.4 301.316 170.096 0.879317
627400 -16145.6 -19996.4 298.191 -53.7572 0.879816
627500 -16180.1 -20011.2 296.663 71.3236 0.880409
627600 -16224.3 -20094.1 299.668 -1.22048 0.880741
627700 -16316.2 -20128.9 295.236 -146.509 0.881017
627800 -16354.7 -20175.5 295.867 153.788 0.882275
627900 -16310.5 -20125.9 295.448 54.8412 0.882475
628000 -16182.6 -20077.6 301.613 248.566 0.881906
628100 -16173.8 -20005.1 296.683 10.372 0.879213
628200 -16139.5 -19981.6 297.519 -247.428 0.876028
628300 -16076.5 -19982.4 302.459 -116.8 0.874938
628400 -16098.4 -19973.1 300.042 91.901 0.874935
628500 -16222.7 -20047.7 296.194 -146.728 0.874726
628600 -16239.8 -20058.3 295.693 -178.207 0.875866
628700 -16199.6 -20079.9 300.478 146.989 0.878402
628800 -16185.6 -20033.2 297.945 132.846 0.880005
628900 -16158.4 -20035.7 300.242 45.12 0.88037
629000 -16156.4 -20035.1 300.354 -77.6023 0.880244
629100 -16229.7 -20057.4 296.401 24.3206 0.880771
629200 -16266.5 -20066.5 294.257 68.2695 0.881114
629300 -16193.5 -20020.9 296.382 36.6615 0.880774
629400 -16108.1 -19992.7 300.809 58.0452 0.880074
629500 -16116.1 -19963.1 297.894 -14.6066 0.878788
629600 -16148.3 -20011.6 299.156 -112.6 0.877454
629700 -16213 -20042.1 296.515 -262.694 0.877243
629800 -16297.9 -20116.8 295.724 71.6248 0.879215
629900 -16381.5 -20154.6 292.177 190.54 0.881053
630000 -16339.9 -20131.4 293.599 -39.0447 0.881406
630100 -16276.5 -20098.6 295.968 -108.034 0.882294
630200 -16226.9 -20109.8 300.677 242.415 0.884024
630300 -16247.6 -20108.6 298.981 358.176 0.88351
630400 -16312.6 -20131.7 295.736 -109.869 0.879659
630500 -16347.6 -20112.4 291.533 -115.108 0.876209
630600 -16266.6 -20076.8 295.049 -296.036 0.874479
630700 -16157.4 -19994.4 297.122 42.4225 0.874978
630800 -16107.6 -20028.7 303.631 143.564 0.875391
630900 -16161.4 -19976 295.392 -431.056 0.875183
631000 -16166.4 -19995.3 296.49 75.6725 0.877857
631100 -16090 -19973.7 300.733 318.566 0.880489
631200 -15992.8 -19906.9 303.089 139.267 0.88013
631300 -16014.6 -19927.3 302.986 -17.6619 0.878276
631400 -16146.6 -20025.3 300.35 141.737 0.876512
631500 -16205.3 -20040 296.942 -102.676 0.873708
631600 -16222.6 -20018.1 293.91 -108.145 0.871391
631700 -16147.1 -19992 297.738 -160.647 0.870407
631800 -16069.8 -19926 298.612 -166.7 0.87106
631900 -16045 -19922 300.22 5.0896 0.873141
632000 -16084.7 -19944.2 298.867 205.928 0.875119
632100 -16186.7 -19996.2 294.99 -41.3519 0.875689
632200 -16255.7 -20041.1 293.125 -66.3007 0.876382
632300 -16234.7 -20055.7 295.888 62.2889 0.877657
632400 -16210.4 -20066.9 298.635 188.116 0.878335
632500 -16207.4 -20063.1 298.57 -64.5364 0.877438
632600 -16211.9 -20033.3 295.917 -89.9066 0.876879
632700 -16142.2 -19993 298.187 -107.574 0.877138
632800 -16074.7 -19965.8 301.311 34.5026 0.878392
632900 -16108.9 -20008 301.933 327.169 0.879287
633000 -16193 -20018.1 296.199 -132.3 0.877577
633100 -16203.5 -20050.3 297.884 -179.075 0.876672
633200 -16195.3 -20027.6 296.759 -9.9029 0.877548
633300 -16157 -20053 301.688 210.826 0.878524
633400 -16185 -20047.6 299.1 143.229 0.877629
633500 -16288.5 -20099.6 295.115 -152.015 0.875268
633600 -16296.5 -20073.5 292.472 -147.817 0.873795
633700 -16217 -20060.2 297.605 -142.327 0.873847
633800 -16179.9 -20041.6 299.034 147.09 0.875263
633900 -16184 -20033 298.055 125.555 0.875491
634000 -16199.7 -20042.5 297.573 -14.7589 0.874412
634100 -16233 -20072.3 297.3 90.1388 0.873247
634200 -16287.7 -20108.3 295.856 -6.39583 0.870914
634300 -16293.7 -20070.7 292.476 -169.603 0.868306
634400 -16189.9 -20035.9 297.817 -124.373 0.86713
634500 -16134.2 -20004.8 299.726 -68.86 0.867061
634600 -16161.3 -20039.7 300.322 -32.488 0.867781
634700 -16235.5 -20071.5 297.046 68.3614 0.868804
634800 -16254.7 -20048 293.738 -160.299 0.869666
634900 -16215.6 -20046.5 296.655 -113.354 0.872137
635000 -16189.2 -20043.8 298.48 -34.5675 0.875631
635100 -16198.3 -20077.9 300.428 47.6493 0.879699
635200 -16276.7 -20120.8 297.673 245.686 0.883073
635300 -16339.1 -20132.6 293.757 81.8202 0.884367
635400 -16311.8 -20137.3 296.229 279.114 0.884465
635500 -16275.8 -20097.3 295.924 43.0286 0.882106
635600 -16231.5 -20102.8 299.776 -147.267 0.879355
635700 -16222.6 -20057.3 296.942 76.8359 0.877786
635800 -16184.3 -20049 299.274 49.6869 0.875919
635900 -16077.1 -19986.2 302.71 -111.645 0.873541
636000 -16081.4 -19987.3 302.459 -8.13218 0.872039
636100 -16169.9 -20000.2 296.607 -90.5348 0.870929
636200 -16200.4 -20063.8 299.162 -104.333 0.870666
636300 -16236.2 -20069.5 296.835 -271.299 0.871663
636400 -16246.1 -20050.8 294.619 11.5793 0.874906
636500 -16148.5 -20073.6 303.944 286.439 0.878159
636600 -16160.3 -20071.5 302.872 111.536 0.878859
636700 -16257.2 -20098.6 297.462 -162.557 0.878461
636800 -16269.7 -20083.3 295.307 -267.659 0.879491
636900 -16230.3 -20101.2 299.749 242.257 0.882782
637000 -16204.3 -20068.3 299.213 184.142 0.883806
637100 -16180.5 -20033 298.326 -232.135 0.883361
637200 -16142.8 -20043.7 302.068 229.923 0.884431
637300 -16196.5 -20095.8 301.945 201.859 0.883605
637400 -16289.5 -20107 295.612 -111.293 0.881056
637500 -16290.1 -20123.7 296.859 -55.0293 0.879485
637600 -16249.6 -20139.8 301.243 155.787 0.878462
637700 -16247.2 -20077.8 296.63 34.7812 0.876214
637800 -16232.3 -20019.1 293.232 -191.895 0.874048
637900 -16143.1 -20060.4 303.338 49.9124 0.873792
638000 -16153.4 -19961.5 294.883 -62.8043 0.873465
638100 -16114.5 -19952.5 297.202 159.22 0.873101
638200 -16034 -19947.7 303.058 -254.515 0.872271
638300 -16064.8 -19952.5 301.053 -13.6454 0.87323
638400 -16109.5 -19976.7 299.459 -100.429 0.874727
638500 -16149.3 -20011.2 299.055 -33.0278 0.876651
638600 -16197.4 -20025 296.393 131.011 0.878337
638700 -16221.9 -20040.4 295.694 -11.7259 0.878854
638800 -16228.8 -20079.3 298.169 -105.32 0.87934
638900 -16237.5 -20091.2 298.411 -36.2896 0.880696
639000 -16258.9 -20090.7 296.722 214.947 0.882104
639100 -16245 -20035.2 293.497 132.917 0.881529
639200 -16146.2 -20031.1 300.834 -142.381 0.87981
639300 -16144.3 -19994.2 298.12 -92.9899 0.879292
639400 -16146.1 -19985.7 297.319 -4.31761 0.87973
639500 -16122.1 -20009.1 300.995 188.119 0.880194
639600 -16165.3 -19987.5 295.977 -110.899 0.879536
639700 -16206.7 -20033.4 296.319 -33.8274 0.87947
639800 -16202.6 -20041.7 297.287 101.835 0.879477
639900 -16156.1 -20011.1 298.517 29.4292 0.878675
640000 -16084 -19977.2 301.477 -80.5927 0.877705
640100 -16058.7 -19956.7 301.845 63.0599 0.877495
640200 -16161 -20033.5 299.865 -45.1852 0.876802
640300 -16249.1 -20090.6 297.467 51.1881 0.876206
640400 -16274.3 -20106.4 296.744 -16.7689 0.875278
640500 -16252.7 -20074.3 295.934 -246.331 0.874668
640600 -16165.2 -20077.8 302.981 113.171 0.876018
640700 -16159.7 -20032.1 299.86 128.402 0.876576
640800 -16272.2 -20107.2 296.969 84.9999 0.875883
640900 -16339.7 -20129.3 293.449 -113.938 0.874465
641000 -16301.3 -20125.8 296.155 -249.57 0.874293
641100 -16230.5 -20084.4 298.432 160.312 0.875941
641200 -16176 -20020.4 297.694 201.752 0.876372
641300 -16143.7 -20003.3 298.87 -181.528 0.875483
641400 -16142.6 -19995.3 298.341 150.636 0.875287
641500 -16151.4 -20004.4 298.361 -130.95 0.874567
641600 -16152.9 -20009.8 298.665 11.5531 0.874393
641700 -16186.1 -20033.1 297.893 50.5493 0.87422
641800 -16287.3 -20106 295.712 -72.9027 0.87396
641900 -16330.6 -20102.3 292.063 -112.995 0.874052
642000 -16260.7 -20063.9 294.501 -213.66 0.875404
642100 -16212.8 -20064.5 298.262 198.994 0.87859
642200 -16204.2 -20087.7 300.722 288.626 0.880419
642300 -16267 -20088.8 295.945 37.5006 0.879957
642400 -16313.7 -20147.5 296.876 83.8191 0.878604
642500 -16348.1 -20156.8 294.926 -196.258 0.876553
642600 -16339.6 -20138.1 294.144 -194.311 0.876138
642700 -16244.4 -20110 299.344 182.2 0.877586
642800 -16202.3 -20058.7 298.624 -112.361 0.878021
642900 -16199.6 -20090.6 301.302 93.5587 0.87899
643000 -16288.9 -20116.4 296.386 190.962 0.87913
643100 -16355.2 -20156.2 294.336 -73.0682 0.877647
643200 -16310.3 -20099.8 293.439 -125.659 0.876451
643300 -16240.5 -20084.2 297.646 -79.5097 0.876465
643400 -16209.2 -20053 297.651 38.0935 0.877331
643500 -16186.7 -20055.2 299.557 63.5807 0.877898
643600 -16196.1 -20049.9 298.422 169.851 0.877636
643700 -16238.9 -20049.3 295.06 -83.0026 0.876149
643800 -16254.8 -20089.8 296.971 57.5471 0.874723
643900 -16232.5 -20058.2 296.248 -57.3489 0.873125
644000 -16159 -20032.3 299.937 -159.565 0.872098
644100 -16090.8 -19973.8 300.688 -78.6282 0.872381
644200 -16107.5 -20037.1 304.295 35.0495 0.873616
644300 -16231 -20072.6 297.476 138.269 0.874604
644400 -16244.2 -20060.1 295.489 -128.963 0.87457
644500 -16207 -20107.3 302.022 -142.441 0.875515
644600 -16244.3 -20115.1 299.742 72.5966 0.877845
644700 -16338.5 -20150.4 295.182 15.0444 0.879965
644800 -16350.3 -20180.9 296.629 25.1308 0.882359
644900 -16316.6 -20143 296.298 47.2781 0.884822
645000 -16281.2 -20162.3 300.536 322.112 0.886273
645100 -16289.2 -20115.3 296.28 -19.5779 0.885352
645200 -16275.4 -20142.4 299.45 19.3211 0.884112
645300 -16310.1 -20205.3 301.629 147.047 0.882284
645400 -16377.4 -20162.9 293.13 -246.767 0.879531
645500 -16332.4 -20106.4 292.242 25.8552 0.87814
645600 -16259.4 -20103.9 297.706 -13.9553 0.87685
645700 -16221.3 -20078.3 298.67 -32.0335 0.875418
645800 -16200.6 -20040.6 297.356 -47.1998 0.874235
645900 -16135.5 -20009.5 299.99 -4.74736 0.873376
646000 -16066.8 -19979.9 303.016 61.3388 0.872448
646100 -16122.8 -19974.3 298.244 -241.481 0.871009
646200 -16200.9 -20028.6 296.401 -260.624 0.871682
646300 -16227 -20103.7 300.199 21.0709 0.875405
646400 -16259.2 -20124.7 299.326 323.188 0.879196
646500 -16286.8 -20104.1 295.59 112.635 0.880334
646600 -16262.4 -20120.9 298.786 224.178 0.879784
646700 -16198.1 -20087.4 301.168 -103.115 0.877671
646800 -16140 -20025.2 300.854 -159.903 0.875879
646900 -16150.7 -20034.5 300.743 113.231 0.875499
647000 -16256.6 -20099.3 297.563 127.008 0.874248
647100 -16304.1 -20073.2 291.864 -59.9051 0.871329
647200 -16221.8 -20036.8 295.416 -551.664 0.86957
647300 -16159.4 -20016.1 298.644 -154.412 0.872632
647400 -16166.6 -20058.5 301.373 92.9254 0.877608
647500 -16247.7 -20091.4 297.638 381.456 0.881273
647600 -16309.2 -20154 297.733 345.66 0.881241
647700 -16319.4 -20121.1 294.392 42.5747 0.877905
647800 -16269.2 -20084 295.404 -262.318 0.874694
647900 -16209.5 -20066.6 298.679 54.4197 0.873653
648000 -16196.4 -20051.4 298.521 63.886 0.87247
648100 -16193.8 -20042.7 298.048 25.102 0.870483
648200 -16158.2 -20011.4 298.381 -313.702 0.868704
648300 -16087.7 -19990.4 302.211 -133.877 0.869625
648400 -16100.3 -20006.1 302.456 138.787 0.871774
648500 -16196.3 -20011.4 295.425 -1.97061 0.873011
648600 -16211.2 -20058.5 297.924 138.891 0.873941
648700 -16218.6 -20070.8 298.296 42.0277 0.873667
648800 -16265.9 -20101.3 296.999 0.179776 0.872797
648900 -16357.8 -20139.5 292.842 -196.95 0.87229
649000 -16349.1 -20165.5 295.524 -116.181 0.873543
649100 -16255.7 -20087.3 296.706 -50.4707 0.875921
649200 -16206 -20066.1 298.909 192.417 0.878616
649300 -16199.4 -20032.8 296.845 193.436 0.879707
649400 -16163.1 -20002.2 297.287 -153.047 0.879276
649500 -16075.7 -19994.6 303.469 227.556 0.879494
649600 -16089.6 -20002.6 303.005 94.434 0.878001
649700 -16225.5 -20039.4 295.333 -39.6929 0.875288
649800 -16241.8 -20071 296.517 26.9307 0.873059
649900 -16210.9 -20049.4 297.239 -13.362 0.870697
650000 -16140.5 -20003.8 299.158 -212.347 0.868622
650100 -16077 -19970 301.46 166.704 0.867811
650200 -16096 -19945.7 298.1 -103.7 0.86596
650300 -16206.7 -19999.5 293.703 -284.924 0.865139
650400 -16224.7 -20014.3 293.449 -31.6476 0.866854
650500 -16153 -20016.4 299.171 -34.7659 0.869295
650600 -16140.2 -20023.5 300.706 22.8415 0.872094
650700 -16157 -19994.9 297.188 205.486 0.874462
650800 -16170.3 -20026 298.567 275.639 0.874832
650900 -16244.9 -20079.8 296.958 3.68529 0.872842
651000 -16319.4 -20061.2 289.751 -147.363 0.87052
651100 -16245.2 -20033.6 293.357 -152.357 0.869596
651200 -16166.8 -19999.2 296.766 -79.6813 0.87039
651300 -16122.8 -19991.8 299.604 217.976 0.871634
651400 -16122.3 -19982.7 298.934 67.8396 0.871163
651500 -16175 -20004.5 296.542 19.7804 0.869874
651600 -16246.6 -20027.3 292.768 -96.4813 0.868421
651700 -16180.7 -19979.5 294.17 -148.944 0.867708
651800 -16097.9 -19963.7 299.349 -28.441 0.868315
651900 -16101.6 -19963.4 299.039 70.9155 0.86923
652000 -16135.1 -19965.2 296.585 -53.4582 0.869961
652100 -16155.2 -19999.5 297.687 191.658 0.87105
652200 -16190.2 -20020.9 296.638 40.1713 0.870847
652300 -16235.4 -20028.5 293.723 -2.40622 0.869686
652400 -16173.3 -19992 295.706 -27.2701 0.868376
652500 -16084.9 -19969.9 300.839 87.9088 0.866853
652600 -16088.7 -19913.5 296.173 -234.333 0.864637
652700 -16071.5 -19937.2 299.35 -213.942 0.864308
652800 -16043.3 -19911.4 299.531 36.377 0.866106
652900 -16030.2 -19903.3 299.919 -52.1632 0.868115
653000 -16061.9 -19912.9 298.203 20.8958 0.870855
653100 -16131.6 -19998.3 299.426 116.577 0.873347
653200 -16211.3 -20018.6 294.821 100.599 0.874926
653300 -16208 -20031.3 296.057 128.377 0.875736
653400 -16143.3 -20001.2 298.738 49.9109 0.875231
653500 -16082.7 -20020 304.887 141.033 0.87372
653600 -16118.5 -19981.8 299.156 -261.142 0.871247
653700 -16137.5 -19965.1 296.391 -217.533 0.870974
653800 -16133.8 -19992.2 298.776 24.8005 0.872892
653900 -16137.7 -19970.6 296.804 171.88 0.874793
654000 -16138.2 -20039.1 302.072 304.749 0.874987
654100 -16218.5 -20030.2 295.163 -138.262 0.87262
654200 -16255.2 -20072.4 295.594 -268.321 0.871145
654300 -16201.9 -20026.7 296.177 41.244 0.871788
654400 -16089.1 -19997.8 302.669 72.4239 0.872627
654500 -16113.1 -20009.6 301.731 262.066 0.872478
654600 -16185.4 -20005.9 295.847 -11.1813 0.870128
654700 -16179.4 -19984.9 294.682 -286.092 0.867617
654800 -16104.9 -19927.5 296.005 -139.791 0.867607
654900 -16058.3 -19927.9 299.649 -3.63368 0.869004
655000 -16092.9 -19974.1 300.549 -45.6288 0.870976
655100 -16170.8 -20018.4 297.943 -18.598 0.873539
655200 -16209.2 -20027.6 295.687 78.5381 0.876508
655300 -16179.1 -20021.2 297.521 102.329 0.878893
655400 -16123.7 -19983.7 298.9 168.298 0.880358
655500 -15988.9 -19929.2 305.122 310.939 0.880012
655600 -15974.8 -19840.5 299.35 -58.7845 0.876749
655700 -16002 -19869.6 299.494 -122.186 0.87362
655800 -16073.1 -19967.8 301.59 -66.9385 0.871462
655900 -16154.1 -19992 297.19 -292.298 0.869813
656000 -16159.3 -20010.4 298.213 107.002 0.870538
656100 -16170.9 -20033.2 299.082 43.9927 0.871073
656200 -16233.1 -20054.8 295.938 -151.972 0.871218
656300 -16310.2 -20105.5 293.899 -74.4789 0.872631
656400 -16305 -20080.9 292.394 -27.1978 0.875504
656500 -16182 -20079.2 301.778 334.259 0.879051
656600 -16173.4 -20041 299.489 238.306 0.880209
656700 -16209.7 -20012.2 294.449 -8.97686 0.878912
656800 -16203 -20078.4 300.099 -187.225 0.877484
656900 -16201.2 -20055.9 298.496 150.353 0.877136
657000 -16223.2 -20035.8 295.232 13.3643 0.87574
657100 -16209.3 -20083.1 299.975 13.368 0.873646
657200 -16217.3 -20073.7 298.624 -133.119 0.871039
657300 -16249.6 -20040.4 293.539 -220.31 0.869389
657400 -16196.7 -20022.2 296.237 84.4221 0.869666
657500 -16103.1 -19990.8 301.049 234.161 0.869127
657600 -16116.4 -19983.5 299.459 -269.405 0.867028
657700 -16143.8 -19945.4 294.378 -262.089 0.867
657800 -16084.1 -19975.8 301.359 265.091 0.869197
657900 -15974.8 -19894.8 303.553 108.642 0.869466
658000 -15986.3 -19898.5 302.943 -148.108 0.868545
658100 -16085 -19974.8 301.212 -116.063 0.868802
658200 -16135.4 -19966.7 296.685 -21.891 0.870222
658300 -16129.1 -19964.9 297.031 -71.8293 0.872211
658400 -16107.5 -20011 302.269 159.885 0.874786
658500 -16186.2 -20014 296.411 -27.0813 0.876279
658600 -16240.7 -20040.4 294.235 51.6285 0.877638
658700 -16197.7 -20044.6 297.893 23.8878 0.878662
658800 -16161.6 -20047.8 300.933 79.0721 0.879502
658900 -16182.5 -20048.4 299.363 344.184 0.879221
659000 -16208.7 -20007.1 294.137 -256.791 0.876426
659100 -16157.8 -20018.1 298.923 -45.766 0.875326
659200 -16100.2 -19974.2 299.984 91.8701 0.874914
659300 -16059.5 -19908 298.017 -119.139 0.873868
659400 -15967 -19908.9 305.241 -69.7358 0.873648
659500 -16014 -19907 301.453 93.4317 0.873989
659600 -16102.7 -19964.8 299.062 -70.1339 0.873611
659700 -16148.5 -19992.4 297.651 65.9281 0.873534
659800 -16179.7 -20020.3 297.4 -55.6508 0.873313
659900 -16191.8 -20001.6 295.014 135.775 0.873061
660000 -16121.6 -19967.4 297.805 14.6348 0.871854
660100 -16027.3 -19908.8 300.566 -225.868 0.870586
660200 -16029.1 -19955.2 304.023 -16.548 0.870951
660300 -16134 -19996.8 299.12 -53.1126 0.871645
660400 -16183 -20043.1 298.908 90.2708 0.872819
660500 -16217.3 -20062.7 297.774 -79.6651 0.873853
660600 -16279.8 -20134.2 298.471 37.9472 0.875539
660700 -16357.3 -20138.2 292.778 154.409 0.877033
660800 -16320 -20093.1 292.173 -116.401 0.877501
660900 -16249.9 -20096.6 297.872 39.3167 0.878748
661000 -16233.9 -20074.5 297.402 198.997 0.879762
661100 -16214.4 -20045.2 296.646 146.568 0.8791
661200 -16139.9 -20000.6 298.959 95.0017 0.876743
661300 -16086.8 -19984.7 301.834 -14.9029 0.873335
661400 -16132.8 -19983.3 298.167 147.779 0.869431
661500 -16248.1 -20031.3 292.956 -218.377 0.864955
661600 -16273.5 -20066.9 293.748 -144.834 0.862258
661700 -16223.2 -20043.1 295.799 -77.903 0.860993
661800 -16161 -19998.8 297.186 -194.513 0.86086
661900 -16094.7 -19929.3 296.937 -134.28 0.862475
662000 -16031.7 -19910.4 300.349 -164.088 0.865744
662100 -16032.6 -19921.2 301.12 107.786 0.870066
662200 -16078.9 -19983.4 302.353 207.685 0.873116
662300 -16132.9 -19989.2 298.616 176.208 0.874017
662400 -16179 -20000.8 295.951 -44.743 0.873411
662500 -16178.8 -20008.3 296.544 -10.2835 0.872953
662600 -16094.4 -19982.9 301.11 63.2361 0.872689
662700 -16023.3 -19913.9 301.273 -82.5808 0.872213
662800 -16038.3 -19962 303.833 119.398 0.871916
662900 -16173.8 -19998 296.133 -103.361 0.870969
663000 -16203.4 -20032.9 296.548 -318.215 0.871251
663100 -16193.2 -20039.3 297.824 187.814 0.873923
663200 -16149.7 -19990 297.384 62.94 0.875514
663300 -16079.1 -19984.5 302.415 267.514 0.875849
663400 -16104.3 -19985.8 300.57 -1.18494 0.874088
663500 -16209.7 -20002 293.662 -83.1504 0.872068
663600 -16199.8 -20024.9 296.206 -130.953 0.870926
663700 -16157.8 -20000.3 297.549 -67.7926 0.871018
663800 -16117.7 -19958.8 297.446 -106.214 0.872022
663900 -16013.5 -19878.4 299.289 -32.2111 0.874001
664000 -15941.4 -19855.5 303.086 225.023 0.876038
664100 -15993.5 -19847.5 298.442 69.7308 0.876103
664200 -16062.7 -19917.3 298.488 -42.7609 0.87536
664300 -16125.9 -19980.1 298.45 -7.51202 0.875174
664400 -16182.5 -20045.6 299.138 171.363 0.874793
664500 -16222.3 -20049.3 296.351 26.049 0.872823
664600 -16204.4 -20016.3 295.181 -238.206 0.870897
664700 -16151.6 -20022 299.706 -89.9505 0.870681
664800 -16150.6 -20017.3 299.424 53.0258 0.871332
664900 -16195.4 -19973.5 292.56 -10.7881 0.871884
665000 -16117.9 -19995.4 300.255 61.2848 0.872441
665100 -16049.1 -19942.7 301.502 94.482 0.872437
665200 -16082 -19913.3 296.683 -60.8353 0.871757
665300 -16120.2 -19962.4 297.527 72.1688 0.871144
665400 -16174 -20005.5 296.697 -42.3246 0.869865
665500 -16245.3 -20049.3 294.571 -139.84 0.86887
665600 -16245.2 -20083 297.184 -64.918 0.868651
665700 -16180.6 -20000.4 295.785 -299.679 0.869615
665800 -16080.7 -19964.8 300.768 226.895 0.873342
665900 -16077.8 -19915.1 297.151 324.018 0.875633
666000 -16073.9 -19950.1 300.156 -141.718 0.87521
666100 -16127.5 -19966.5 297.277 189.499 0.875381
666200 -16218.8 -20034.1 295.446 -3.3871 0.874121
666300 -16225.4 -20004.3 292.619 -60.6939 0.872604
666400 -16123.3 -19973.3 298.131 -49.4109 0.871784
666500 -16115.6 -20015.3 301.979 76.6649 0.871276
666600 -16185.1 -20006.5 295.915 -18.6705 0.870079
666700 -16198 -20015.6 295.617 -239.82 0.869124
666800 -16124.9 -19988.1 299.155 -22.3682 0.870165
666900 -16052.9 -19959.5 302.507 258.034 0.871341
667000 -16085.8 -19955.3 299.641 28.4917 0.870305
667100 -16212 -19992.9 292.78 -51.7313 0.86872
667200 -16188.4 -20009.4 295.883 -80.0697 0.867668
667300 -16123.6 -19995.8 299.848 -123.009 0.867451
667400 -16093 -19929.2 297.063 -255.297 0.86858
667500 -16013.8 -19940.2 304.043 -49.5993 0.872326
667600 -16019.5 -19947.1 304.141 366.585 0.876707
667700 -16121.1 -19959.6 297.24 108.472 0.878064
667800 -16167.9 -20035.5 299.492 318.737 0.87763
667900 -16197.7 -19981.5 293.008 -39.4679 0.87488
668000 -16118.4 -19942 296.086 -105.2 0.872095
668100 -16038.9 -19912.5 299.955 -123.052 0.870332
668200 -16046.9 -19915.6 299.579 -213.166 0.869985
668300 -16095 -19940 297.74 -25.928 0.871453
668400 -16143.9 -19947.6 294.537 32.8342 0.873327
668500 -16139.9 -19996.9 298.677 -48.7167 0.875098
668600 -16118.8 -20027 302.64 190.467 0.877102
668700 -16191 -20043.3 298.31 128.082 0.877652
668800 -16262.1 -20076.4 295.365 242.312 0.876507
668900 -16247.9 -20067.5 295.775 198.246 0.873113
669000 -16152.9 -20005.8 298.351 -190.089 0.86791
669100 -16095 -19964.8 299.669 -139.103 0.863886
669200 -16088.2 -19896.8 294.926 -246.994 0.861711
669300 -16028.7 -19873 297.689 -286.122 0.861959
669400 -15966.3 -19870.8 302.351 112.615 0.864697
669500 -15995.4 -19859.6 299.235 -55.1492 0.866855
669600 -16015.7 -19866.7 298.2 -96.6589 0.869059
669700 -16028.2 -19904.2 300.14 -182.597 0.87203
669800 -16101 -19950.2 298.064 69.5275 0.875775
669900 -16180.2 -19993.2 295.265 50.7887 0.878492
670000 -16183.6 -20061.1 300.26 10.3623 0.880293
670100 -16218.8 -20068.2 298.081 167.215 0.881289
670200 -16241.5 -20059.5 295.655 -158.477 0.881124
670300 -16188.9 -19998.7 295.011 246.389 0.881888
670400 -16117.7 -20056.9 305.038 342.917 0.880386
670500 -16167.2 -20018.8 298.252 -104.295 0.876381
670600 -16212.3 -20058.7 297.846 -31.6339 0.873629
670700 -16249.2 -20033.1 293.014 -125.52 0.871829
670800 -16186.9 -20033 297.827 192.539 0.870966
670900 -16115.9 -19966.7 298.193 299.369 0.868375
671000 -16097.9 -19963.8 299.362 -408.525 0.864117
671100 -16105.9 -19955.6 298.102 -245.997 0.863315
671200 -16151.6 -19953.6 294.413 -29.3132 0.865146
671300 -16226.8 -20074.2 297.926 -42.9439 0.867161
671400 -16300.8 -20087.3 293.212 -164.408 0.869554
671500 -16266.9 -20085.8 295.719 59.3627 0.873058
671600 -16184.5 -20029.3 297.728 193.767 0.875618
671700 -16154.9 -20020 299.297 -206.495 0.876907
671800 -16151.6 -19981.9 296.608 164.97 0.879025
671900 -16131.7 -20011.4 300.427 37.6721 0.879935
672000 -16194.1 -20052.5 298.782 -72.962 0.880553
672100 -16272.7 -20092.8 295.81 -42.5288 0.881664
672200 -16256.9 -20081 296.123 306.41 0.882588
672300 -16183.6 -20042.8 298.847 110.996 0.881079
672400 -16123.1 -20008 300.837 -82.333 0.878599
672500 -16113.2 -19962.5 298.073 7.51001 0.876762
672600 -16101.6 -19951.5 298.118 -1.84844 0.875082
672700 -16095.5 -19978.6 300.694 113.358 0.87351
672800 -16140.6 -19965.8 296.212 -192.903 0.871335
672900 -16172.8 -19997.3 296.155 -35.0872 0.870517
673000 -16170.9 -20008.9 297.199 -24.7725 0.870649
673100 -16122.3 -20001.3 300.373 83.3235 0.870913
673200 -16078.6 -19948.2 299.648 241.569 0.869988
673300 -16030.1 -19897.5 299.481 -185.536 0.867276
673400 -15985.3 -19891.2 302.451 16.2553 0.865706
673500 -16052.2 -19898.9 297.873 -211.658 0.864787
673600 -16126.3 -19922.2 293.94 -100.72 0.865586
673700 -16108.2 -19987.9 300.431 -80.2256 0.867648
673800 -16146.6 -20008.4 299.048 43.0269 0.870178
673900 -16273.6 -20062 293.355 80.2187 0.872216
674000 -16280.9 -20090.2 294.982 23.4629 0.873545
674100 -16217.8 -20045.6 296.414 177.967 0.874132
674200 -16143.9 -20010.2 299.387 -94.3557 0.87352
674300 -16117.2 -19985.7 299.563 51.678 0.873512
674400 -16156.1 -19988.7 296.785 85.3519 0.873201
674500 -16264.2 -20016 290.526 -38.5494 0.87221
674600 -16239.8 -20020.7 292.775 -166.037 0.871796
674700 -16160.6 -20001.5 297.42 295.419 0.872145
674800 -16142.2 -20003.6 299.014 78.4291 0.870457
674900 -16143.4 -19995 298.252 49.1397 0.86791
675000 -16151.3 -19990.6 297.3 72.8225 0.865093
675100 -16151.2 -19990.1 297.274 -203.43 0.862405
675200 -16126.9 -19947.4 295.844 -73.5641 0.861791
675300 -16035.5 -19886.9 298.235 -80.7392 0.862217
675400 -15983.7 -19890.5 302.527 23.7243 0.862975
675500 -16040 -19913 299.908 -397.522 0.864186
675600 -16099.9 -19945.6 297.792 -2.60422 0.868013
675700 -16113.5 -19948.2 296.95 14.3413 0.871612
675800 -16105.6 -19975.4 299.666 -129.823 0.874539
675900 -16130.3 -19987 298.649 116.865 0.877712
676000 -16221.1 -20024.4 294.513 68.5775 0.879551
676100 -16264.8 -20093.7 296.496 343.078 0.88
676200 -16251.7 -20049.5 294.092 28.3644 0.878102
676300 -16129.7 -19988 298.772 -147.52 0.875793
676400 -16077.8 -19937.3 298.864 42.9626 0.874762
676500 -16064.6 -19937.4 299.896 244.809 0.873481
676600 -16102 -19917.7 295.473 -86.1638 0.870374
676700 -16130 -19924.1 293.803 -358.239 0.868379
676800 -16041.8 -19906.3 299.248 -14.8134 0.869243
676900 -15977.4 -19881.8 302.337 -8.63293 0.870708
677000 -16030.8 -19957.8 304.094 80.7958 0.872143
677100 -16116.2 -19973.8 298.722 -51.4475 0.872899
677200 -16134.5 -19951.4 295.566 -203.033 0.874248
677300 -16095.3 -19957.1 299.043 152.026 0.876909
677400 -16058.3 -19944.5 300.935 -169.711 0.878767
677500 -16093.2 -20004.2 302.854 22.0799 0.881574
677600 -16223.8 -20054.6 296.646 459.993 0.883851
677700 -16244.1 -20031.4 293.273 313.942 0.882174
677800 -16160.4 -20021.2 298.962 28.4213 0.877542
677900 -16116.3 -19975.5 298.842 -43.0323 0.872907
678000 -16106.8 -19971.5 299.261 -66.8159 0.869403
678100 -16146.5 -19952 294.684 -184.303 0.867191
678200 -16180.9 -19995.8 295.415 -131.358 0.866869
678300 -16161.7 -20004.8 297.594 -250.241 0.868295
678400 -16098.5 -19995.8 301.791 297.307 0.870918
678500 -16102.1 -19970.8 299.576 -44.1498 0.871443
678600 -16196.7 -20002.9 294.737 -20.8989 0.871933
678700 -16228.3 -20052.8 296.154 92.1353 0.87262
678800 -16209.9 -20066.2 298.616 25.7236 0.872573
678900 -16166.8 -20047 300.47 79.6539 0.872103
679000 -16099.5 -19965.5 299.37 -8.49515 0.870939
679100 -16066 -19946.8 300.518 -82.3081 0.869729
679200 -16087.6 -19920.5 296.805 -53.9597 0.869282
679300 -16110 -19949.6 297.33 -101.729 0.869543
679400 -16144.5 -19952.7 294.887 -137.15 0.870993
679500 -16138.8 -19966.4 296.398 -27.732 0.873651
679600 -16071.1 -19969.1 301.845 -49.5571 0.876698
679700 -16039.9 -19903.8 299.204 -22.1543 0.880111
679800 -16043.2 -19938.8 301.659 302.102 0.883248
679900 -16149.5 -20016.6 299.45 189.703 0.883636
680000 -16220.5 -20026.6 294.731 41.2746 0.882082
680100 -16197.6 -20046.6 298.046 62.7949 0.88021
680200 -16153.8 -20018.6 299.282 231.75 0.877538
680300 -16095.1 -19986.2 301.306 4.952 0.872991
680400 -16042.7 -19942.1 301.951 -83.6606 0.868816
680500 -16059.3 -19951.3 301.376 -104.694 0.866057
680600 -16158.4 -19958.3 294.243 -101.677 0.864428
680700 -16168.3 -20013.8 297.787 -370.448 0.864337
680800 -16136.7 -19966.8 296.585 -266.527 0.867621
680900 -16037 -19947.8 302.832 234.819 0.872546
681000 -16027.1 -19918.9 301.365 120.608 0.875184
681100 -16125.8 -19961.3 297.01 207.163 0.875887
681200 -16194.1 -20010.2 295.506 0.523698 0.875059
681300 -16172.1 -20051.3 300.395 63.7862 0.874019
681400 -16181.2 -20015.9 296.948 -161.813 0.872698
681500 -16177.6 -20000.6 296.038 -106.971 0.872796
681600 -16110.3 -19958.7 298.001 162.508 0.873794
681700 -16017.7 -19904.1 300.946 89.3635 0.873439
681800 -16024.4 -19923.6 301.94 233.875 0.871924
681900 -16081.3 -19947 299.347 -35.029 0.868579
682000 -16121.2 -19971.5 298.157 -285.321 0.865582
682100 -16127.7 -19938.9 295.127 -177.048 0.865283
682200 -16077.3 -19948.2 299.746 82.9011 0.866561
682300 -16013.6 -19898.1 300.797 84.1662 0.867413
682400 -15917.2 -19844.1 304.089 22.2628 0.867456
682500 -15957.6 -19862.2 302.353 -17.4678 0.867136
682600 -16062.3 -19942.4 300.463 -281.61 0.867428
682700 -16111.8 -19942.7 296.649 -11.0686 0.869872
682800 -16121 -19977.9 298.665 117.835 0.872785
682900 -16168.7 -20020.5 298.266 109.475 0.87457
683000 -16247.2 -20056.1 294.946 -26.7798 0.875246
683100 -16240.3 -20051.3 295.104 71.4006 0.876017
683200 -16129.6 -19994 299.244 249.345 0.876206
683300 -16062.4 -19946.9 300.803 23.0499 0.873898
683400 -16080.4 -19911.6 296.676 -106.86 0.871106
683500 -16067.8 -19909.1 297.457 64.3816 0.869197
683600 -16001 -19869.2 299.539 -74.1531 0.867039
683700 -15925.4 -19848.4 303.784 -180.694 0.865698
683800 -15988.5 -19903.1 303.129 -209.242 0.866008
683900 -16119 -19999.9 300.523 92.3005 0.867877
684000 -16184.5 -20005.4 295.88 -57.0598 0.869767
684100 -16201.2 -20028.1 296.341 -17.4038 0.87228
684200 -16176.7 -20058.1 300.561 144.534 0.874632
684300 -16206.7 -20081.3 300.032 -43.4019 0.876004
684400 -16294.9 -20078.8 293.011 -14.5864 0.877649
684500 -16285 -20106.4 295.916 225.067 0.878911
684600 -16192.1 -20028.4 297.069 127.276 0.878421
684700 -16136.5 -20005.9 299.635 222.88 0.876451
684800 -16143.5 -19998.4 298.51 -88.4478 0.872631
684900 -16159.9 -19976.3 295.533 -329.436 0.869362
685000 -16123.8 -19974.5 298.188 -26.1424 0.868901
685100 -16044.2 -19946.9 302.207 230.339 0.868823
685200 -16047.8 -19902.4 298.488 -290.33 0.867237
685300 -16138.4 -19987 298.014 -165.579 0.867793
685400 -16232.6 -20055.4 296.025 260.959 0.869751
685500 -16252.3 -20099.6 297.92 -155.967 0.870393
685600 -16267.5 -20127.7 298.924 -106.369 0.871789
685700 -16333.2 -20142.4 294.974 78.4637 0.874258
685800 -16396 -20186.4 293.512 76.4862 0.87653
685900 -16346.6 -20161.1 295.384 143.784 0.877829
686000 -16242.7 -20095.3 298.336 -140.8 0.878109
686100 -16212 -20063.1 298.213 61.2193 0.879357
686200 -16214.9 -20090 300.072 99.8011 0.880677
686300 -16293.1 -20133.9 297.416 325.103 0.880458
686400 -16365 -20141.2 292.408 -4.26591 0.877364
686500 -16330.3 -20156 296.244 -46.4616 0.873559
686600 -16280.3 -20110 296.556 -81.8141 0.870132
686700 -16250.2 -20084.8 296.941 -128.024 0.867216
686800 -16215.8 -20050.8 296.962 -295.057 0.865835
686900 -16149 -20016.5 299.488 94.0577 0.867011
687000 -16060.3 -19977.5 303.334 149.556 0.867517
687100 -15956.9 -19911.4 306.215 15.2764 0.866633
687200 -16033.1 -19977.7 305.451 -78.7102 0.865356
687300 -16131.7 -19965.8 296.901 -169.388 0.864764
687400 -16151.8 -20012.8 298.984 -132.356 0.866161
687500 -16193.7 -20044.9 298.215 -78.4563 0.868999
687600 -16255.2 -20075.1 295.799 59.9838 0.872798
687700 -16252.9 -20053.2 294.28 0.716715 0.87676
687800 -16145.3 -20045.3 301.998 168.118 0.880533
687900 -16132.1 -20007.7 300.115 198.941 0.882804
688000 -16186.6 -20058.9 299.862 183.877 0.883283
688100 -16241.8 -20073.4 296.707 -132.112 0.882269
688200 -16246 -20044 294.102 166.774 0.881602
688300 -16199.6 -20041.7 297.517 -190.121 0.880029
688400 -16190.2 -20064.2 299.985 8.40026 0.879845
688500 -16221.3 -20055.3 296.89 158.421 0.879824
688600 -16234.3 -20061.8 296.385 -101.021 0.878434
688700 -16184.7 -20053.1 299.552 236.816 0.877169
688800 -16112.5 -19994.3 300.592 -300.841 0.874227
688900 -16080.7 -19980.2 301.964 -59.1466 0.873094
689000 -16162 -20041.4 300.402 63.1347 0.873002
689100 -16248.6 -20085.6 297.116 -113.477 0.872352
689200 -16245.6 -20058.6 295.266 -192.518 0.872729
689300 -16182.1 -20071.5 301.175 157.548 0.874814
689400 -16162.5 -20012.7 298.151 34.2012 0.875982
689500 -16156 -20016.5 298.94 -112.393 0.87714
689600 -16177.1 -20076.3 301.945 139.415 0.87945
689700 -16271.6 -20101.6 296.579 48.1802 0.881029
689800 -16322.1 -20144.2 295.971 136.343 0.882232
689900 -16310.6 -20150.3 297.333 28.8986 0.882381
690000 -16229.2 -20112.4 300.7 39.1367 0.882085
690100 -16143.9 -20035.1 301.318 200.486 0.881156
690200 -16143.6 -20007.7 299.219 38.2523 0.878281
690300 -16238.6 -20080.7 297.52 -57.3881 0.874573
690400 -16332 -20121.8 293.469 -297.027 0.871651
690500 -16285.6 -20162.6 300.215 -51.1672 0.871162
690600 -16282.2 -20131.9 298.105 86.5594 0.871302
690700 -16292.6 -20092.8 294.28 -26.2281 0.87103
690800 -16194.6 -20114.5 303.543 -114.973 0.87112
690900 -16182.9 -20033.8 298.201 25.5242 0.87205
691000 -16211.4 -20079.9 299.562 147.824 0.872648
691100 -16321.7 -20117.1 293.9 -177.33 0.87223
691200 -16342.2 -20152.3 295.033 -14.1457 0.872855
691300 -16273.7 -20097.2 296.081 -96.0228 0.87431
691400 -16208.6 -20102.5 301.531 145.821 0.876562
691500 -16219.1 -20067.1 297.973 135.294 0.877749
691600 -16225.4 -20075.2 298.114 65.9567 0.877533
691700 -16237.8 -20108.7 299.752 54.116 0.876515
691800 -16270.7 -20117 297.839 -122.956 0.875094
691900 -16273.6 -20111.2 297.169 -85.4676 0.874547
692000 -16264.4 -20122.7 298.77 98.5698 0.874755
692100 -16270.7 -20115.9 297.758 -201.7 0.87435
692200 -16280.5 -20115.2 296.95 -90.7902 0.875583
692300 -16258.8 -20159.5 302.053 281.03 0.877888
692400 -16304.3 -20159.8 298.555 92.0855 0.878243
692500 -16362.4 -20149.7 293.277 -113.304 0.877528
692600 -16307.8 -20151.9 297.674 2.30978 0.877383
692700 -16243.4 -20098.8 298.546 103.112 0.877346
692800 -16225.8 -20082.2 298.625 -26.1431 0.876432
692900 -16210.9 -20057.3 297.852 -121.882 0.8754
693000 -16126.1 -20062.3 304.809 265.478 0.875084
693100 -16071.6 -19962.2 301.277 38.6542 0.87279
693200 -16098.7 -19929.3 296.63 -384.02 0.870031
693300 -16145.8 -20013.8 299.526 -19.6579 0.870068
693400 -16247.2 -20062.9 295.474 -100.438 0.870935
693500 -16279.3 -20119.6 297.377 -175.979 0.872892
693600 -16278.5 -20103 296.151 -17.0775 0.876695
693700 -16186.8 -20064.2 300.248 263.437 0.880639
693800 -16125.2 -20018.3 301.463 199.979 0.882167
693900 -16176.7 -20068.9 301.394 6.30318 0.881988
694000 -16265 -20141.4 300.171 79.2163 0.881317
694100 -16327.4 -20181 298.407 13.2691 0.880195
694200 -16339.8 -20122.6 292.924 65.5483 0.878799
694300 -16256.4 -20096 297.327 -6.18395 0.876901
694400 -16210.4 -20062.7 298.302 145.385 0.874566
694500 -16204.2 -20054 298.113 -173.612 0.871359
694600 -16204.8 -20055.4 298.177 -30.0446 0.869361
694700 -16237.9 -20089.1 298.22 -128.963 0.868049
694800 -16296.2 -20061.3 291.558 -86.761 0.867919
694900 -16238.1 -20098.3 298.918 21.9622 0.868538
695000 -16177.6 -20021.8 297.677 -65.7951 0.869229
695100 -16140.3 -20009.6 299.618 -80.3504 0.870474
695200 -16099.1 -19994.6 301.655 52.6748 0.872305
695300 -16085.4 -20059.2 307.715 -8.7291 0.874077
695400 -16199.6 -20029.9 296.604 140.043 0.875794
695500 -16234.2 -20070.8 297.088 148.039 0.87625
695600 -16250.8 -20120.6 299.667 -4.48385 0.875317
695700 -16327.5 -20168.7 297.45 -134.123 0.874493
695800 -16383.4 -20148.1 291.527 57.8512 0.874665
695900 -16315.8 -20118.8 294.491 100.82 0.874449
696000 -16261.7 -20112.1 298.158 -178.754 0.873519
696100 -16238.1 -20074.2 297.052 -15.7774 0.873655
696200 -16193.8 -20075.4 300.573 -83.0177 0.874407
696300 -16190.1 -20103 303.003 255.672 0.875443
696400 -16306 -20116.8 295.099 -233.129 0.875133
696500 -16319.7 -20160.4 297.407 131.013 0.87629
696600 -16310 -20176 299.369 176.724 0.876654
696700 -16327.9 -20134.3 294.748 -8.5842 0.875263
696800 -16283.9 -20137 298.366 44.9291 0.873358
696900 -16202.4 -20077.8 300.101 -115.469 0.871158
697000 -16178.2 -20054.9 300.193 -83.9538 0.869507
697100 -16205.9 -20008.8 294.484 -30.5293 0.868299
697200 -16150.1 -20023.2 299.915 -81.9482 0.867444
697300 -16074.6 -19956.4 300.589 -363.591 0.867557
697400 -16072.5 -19948.7 300.16 75.5688 0.870747
697500 -16157.7 -19997.7 297.356 145.278 0.874059
697600 -16228.3 -20039.1 295.097 -27.2274 0.876407
697700 -16218.8 -20079.9 298.991 204.864 0.878829
697800 -16224.7 -20063 297.227 178.409 0.879479
697900 -16224.7 -20014.1 293.437 74.8107 0.878335
698000 -16119.9 -19985.4 299.332 12.5415 0.876151
698100 -16086 -19989.4 302.267 -57.4128 0.873804
698200 -16156.2 -20006.5 298.154 -129.857 0.872264
698300 -16209.3 -20027 295.626 -24.6877 0.871748
698400 -16195.3 -20023.1 296.407 -38.2567 0.871804
698500 -16164 -20009.4 297.777 -17.4862 0.872361
698600 -16141 -19989.6 298.022 158.369 0.872771
698700 -16146.1 -20027.9 300.593 -14.4215 0.87193
698800 -16197.1 -20064.1 299.446 -25.5362 0.870869
698900 -16266.3 -20070.5 294.582 9.97876 0.870077
699000 -16247.9 -20056.9 294.953 -15.5608 0.869069
699100 -16163 -19994.8 296.721 -234.53 0.868618
699200 -16134.2 -19995.2 298.984 36.0569 0.870054
699300 -16139.1 -19983.2 297.672 84.3595 0.871265
699400 -16136.6 -19985.6 298.051 141.985 0.871584
699500 -16134.2 -19965.8 296.705 11.5883 0.870943
699600 -16084.4 -19946.1 299.033 29.0907 0.869864
699700 -16025.6 -19907 300.568 -269.874 0.868857
699800 -16032.1 -19921.1 301.154 234.809 0.869773
699900 -16139 -19942.8 294.552 28.4317 0.868994
700000 -16171.3 -20020.7 298.083 -196.774 0.867648
700100 -16169.8 -20006.7 297.12 -108.336 0.867974
700200 -16117.7 -20013.3 301.657 114.499 0.86941
700300 -16064.7 -19962.9 301.862 43.7217 0.870401
700400 -16075.4 -19931.4 298.599 -52.5417 0.870888
700500 -16144 -19995 298.213 56.3103 0.871899
700600 -16234.1 -20079.3 297.756 -121.416 0.872701
700700 -16271.9 -20071.4 294.218 -101.352 0.87459
700800 -16229.1 -20059.4 296.607 220.365 0.877657
700900 -16193 -20037.1 297.665 189.498 0.879234
701000 -16180.3 -20032.6 298.307 363.157 0.878491
701100 -16186.9 -20052.5 299.339 85.6939 0.874283
701200 -16227.3 -20009.5 292.878 -335.215 0.869542
701300 -16206.4 -20028.4 295.958 18.6064 0.867175
701400 -16104.9 -19922.1 295.594 -161.457 0.865174
701500 -16015.5 -19875.3 298.891 -260.893 0.864778
701600 -15984.2 -19862.3 300.3 186.557 0.866601
701700 -16023.6 -19874.4 298.193 237.3 0.866992
701800 -16107 -19934.9 296.412 -396.174 0.865567
701900 -16169.4 -19977.7 294.903 -161.905 0.867065
702000 -16248.3 -20042.6 293.812 10.3446 0.870585
702100 -16324.2 -20111.7 293.29 172.358 0.873763
702200 -16304.1 -20140.9 297.103 136.47 0.875418
702300 -16206.2 -20068.2 299.062 128.099 0.875608
702400 -16153.3 -20029.7 300.177 -34.9535 0.874703
702500 -16172.8 -20042.8 299.677 -25.6119 0.873952
702600 -16205.8 -20010.2 294.6 79.8574 0.873385
702700 -16168.9 -20013.3 297.696 -124.535 0.872629
702800 -16030.2 -19945.9 303.218 24.6428 0.872624
702900 -15997 -19894.2 301.785 -71.1316 0.872546
703000 -16056.5 -19926.1 299.645 -76.8259 0.873042
703100 -16136.8 -19993.3 298.633 218.312 0.874039
703200 -16193 -20051.6 298.792 45.7779 0.873431
703300 -16225.6 -20069.4 297.648 72.8558 0.872115
703400 -16219.5 -20034.3 295.405 -227.497 0.870451
703500 -16165.6 -20030.1 299.251 -179.991 0.87045
703600 -16108.1 -20012.4 302.337 -175.866 0.8726
703700 -16020.8 -19956.5 304.769 245.283 0.876013
703800 -16048.4 -19934.4 300.918 16.2836 0.877905
703900 -16138.4 -19993.7 298.538 43.895 0.879285
704000 -16187 -20014.7 296.402 168.021 0.880075
704100 -16201.5 -20045.7 297.681 -195.988 0.879929
704200 -16245.5 -20068.9 296.075 139.849 0.881142
704300 -16317 -20096.2 292.648 85.4096 0.881381
704400 -16291.5 -20080.2 293.379 43.0809 0.880679
704500 -16206.3 -20086.9 300.501 -13.8836 0.879531
704600 -16203.6 -20072.2 299.573 -20.5292 0.877859
704700 -16256.3 -20123 299.425 -50.2616 0.875938
704800 -16344.7 -20135.3 293.532 -128.366 0.873781
704900 -16327.9 -20149.3 295.913 -322.945 0.872344
705000 -16278.2 -20116.8 297.246 -275.189 0.87386
705100 -16247.4 -20132.3 300.836 85.085 0.878438
705200 -16273.2 -20137.9 299.267 295.281 0.882966
705300 -16348.6 -20179.9 296.685 201.423 0.885035
705400 -16442.2 -20212.4 291.945 -71.6244 0.885324
705500 -16557.9 -20299 289.693 212.013 0.885576
705600 -16549.7 -20315.1 291.575 -15.9442 0.884528
705700 -16429.1 -20187.6 291.049 72.7239 0.883092
705800 -16326.9 -20169.5 297.557 24.185 0.881047
705900 -16252.9 -20099.7 297.876 165.437 0.878174
706000 -16200.2 -20070.4 299.692 -216.634 0.874177
706100 -16192.7 -20057.1 299.246 -236.259 0.872009
706200 -16222.9 -20045 295.97 -87.4271 0.872045
706300 -16253.6 -20065.7 295.191 -268.975 0.87334
706400 -16246.1 -20108.4 299.088 98.3342 0.876802
706500 -16248.2 -20118.6 299.707 7.11924 0.880039
706600 -16319.6 -20154.8 296.98 109.452 0.882636
706700 -16381.2 -20183.6 294.445 108.091 0.884321
706800 -16366.7 -20219.9 298.379 167.569 0.884739
706900 -16262.7 -20111 298 162.356 0.883395
707000 -16179.7 -20031.8 298.291 128.289 0.880536
707100 -16161.6 -20059.7 301.858 -31.9005 0.876781
707200 -16227.7 -20065.5 297.179 -184.217 0.873735
707300 -16307.3 -20136.4 296.512 -316.188 0.872571
707400 -16321.1 -20130.4 294.976 -70.9676 0.874141
707500 -16291.8 -20110.5 295.706 56.871 0.876494
707600 -16259.2 -20106.8 297.948 -8.01441 0.878223
707700 -16217.1 -20065.5 298.01 101.793 0.879699
707800 -16152 -20029.6 300.268 103.716 0.880101
707900 -16079.1 -19985.7 302.518 34.2164 0.879609
708000 -16026.6 -19936.8 302.789 -53.7107 0.878854
708100 -16067.8 -19971.6 302.293 113.599 0.878486
708200 -16178.6 -20023.9 297.76 -105.192 0.877604
708300 -16215.6 -20054.8 297.293 48.5078 0.877037
708400 -16224.6 -20054.3 296.556 -274.467 0.876721
708500 -16192 -20040.2 297.993 74.7581 0.87839
708600 -16110.7 -20005.7 301.613 531.431 0.879133
708700 -16092.9 -19942.9 298.13 132.734 0.875496
708800 -16073.2 -19927.8 298.49 -50.0573 0.870631
708900 -16009 -19860.1 298.212 -66.9562 0.866964
709000 -15953.6 -19856.6 302.23 -176.131 0.864747
709100 -16011.1 -19930.6 303.51 -83.7399 0.864198
709200 -16120.9 -19963.5 297.559 -231.791 0.864912
709300 -16160.9 -20035.3 300.021 -17.5511 0.867126
709400 -16220.3 -20040.4 295.817 -108.103 0.869557
709500 -16255.9 -20085.6 296.553 -41.8976 0.872452
709600 -16261.8 -20092.1 296.607 -35.3662 0.875466
709700 -16222.5 -20102.8 300.476 307.401 0.8782
709800 -16197.1 -20051.5 298.469 125.077 0.878085
709900 -16175.8 -20031.1 298.54 -56.699 0.876529
710000 -16136.1 -20015.8 300.429 94.5932 0.875422
710100 -16104.4 -19950 297.79 -116.123 0.874053
710200 -16076.1 -19965.2 301.157 -165.758 0.87371
710300 -16106.9 -19995.8 301.146 -34.7517 0.874999
710400 -16210.9 -20047.9 297.119 133.883 0.876508
710500 -16261.8 -20126.2 299.239 186.534 0.876594
710600 -16303.4 -20119.9 295.539 -351.917 0.875616
710700 -16280 -20089.6 295.003 12.671 0.877127
710800 -16150.3 -20020.4 299.684 146.447 0.878911
710900 -16122.9 -19995.8 299.899 418.22 0.878676
711000 -16135.7 -19946.2 295.071 -23.3672 0.875273
711100 -16095.5 -19942.6 297.901 -46.2184 0.871769
711200 -16007.4 -19913 302.434 -118.812 0.868914
711300 -16009.4 -19859.5 298.138 -164.969 0.867297
711400 -16089.2 -19946.1 298.658 -80.5561 0.867285
711500 -16191.2 -19991.7 294.302 -171.824 0.868301
711600 -16187 -20039.7 298.338 -195.491 0.871096
711700 -16174.6 -20029.9 298.537 91.5195 0.875374
711800 -16143.5 -20031.3 301.061 302.098 0.878274
711900 -16158.2 -20050.5 301.399 -18.8866 0.87854
712000 -16250.7 -20045.5 293.853 -212.168 0.879022
712100 -16244.7 -20081.3 297.095 156.671 0.881
712200 -16188.9 -20027.9 297.28 41.5852 0.881842
712300 -16083 -19983.3 302.024 219.331 0.881675
712400 -16056.6 -19935.6 300.371 68.091 0.87969
712500 -16067 -19901.6 296.939 43.9159 0.876992
712600 -16073.6 -19930.7 298.681 -77.6799 0.874355
712700 -16110.8 -19942.9 296.747 -176.124 0.872857
712800 -16166.8 -19979.3 295.22 -123.696 0.872978
712900 -16235.2 -20073.5 297.22 -103.28 0.874338
713000 -16295.9 -20066.7 291.996 227.84 0.876233
713100 -16231.2 -20077.9 297.874 178.25 0.876212
713200 -16160.7 -20019.2 298.789 105.781 0.874418
713300 -16164.3 -20037.1 299.894 -15.2891 0.87195
713400 -16191.6 -20008.4 295.559 60.0443 0.869747
713500 -16145 -19976 296.657 -253.878 0.867742
713600 -16044.7 -19917.2 299.868 -165.235 0.867871
713700 -16035.8 -19927.3 301.338 -92.4025 0.869697
713800 -16080.5 -19941.6 298.99 -58.1953 0.872224
713900 -16135.6 -19989.4 298.425 260.537 0.874389
714000 -16175.7 -19991 295.448 -118.896 0.874643
714100 -16129.5 -19949.8 295.829 139.936 0.875232
714200 -16000.8 -19919.5 303.449 -222.698 0.875058
714300 -16044.4 -19958.2 303.065 108.11 0.876166
714400 -16147.1 -19964.5 295.604 182.881 0.876604
714500 -16151.4 -19983.8 296.771 -225.848 0.87567
714600 -16114 -19991.9 300.288 67.4833 0.876211
714700 -16112.8 -19990.7 300.29 -45.4763 0.876708
714800 -16204.6 -20049 297.692 0.985353 0.877367
714900 -16271.4 -20065.8 293.825 103.828 0.878022
715000 -16224.9 -20074.3 298.084 37.0626 0.87792
715100 -16177.3 -20051.6 300.005 215.199 0.877011
715200 -16208.2 -20064.3 298.602 -163.49 0.874527
715300 -16336.4 -20128.5 293.65 -131.698 0.873415
715400 -16376.7 -20169.9 293.724 -60.514 0.873637
715500 -16323 -20157.9 296.957 45.5863 0.874154
715600 -16255.4 -20100.6 297.763 -10.135 0.874687
715700 -16214.2 -20093.8 300.427 120.217 0.875131
715800 -16241.3 -20102.1 298.968 13.8472 0.87448
715900 -16362.2 -20137.5 292.342 -51.0153 0.873525
716000 -16356.9 -20147.2 293.508 -41.2308 0.873025
716100 -16289.6 -20138.4 298.034 -37.3925 0.872999
716200 -16255.5 -20107.4 298.281 56.1565 0.873247
716300 -16227.7 -20056.8 296.512 48.7418 0.872881
716400 -16122.4 -19953.7 296.687 -58.6379 0.872087
716500 -16060.8 -19985.7 303.93 15.1726 0.871857
716600 -16143.5 -20037.2 301.514 -76.5037 0.871535
716700 -16234.7 -20048.4 295.316 -239.143 0.871988
716800 -16241.8 -20076.5 296.945 -123.545 0.874974
716900 -16191.6 -20051.2 298.879 182.473 0.879347
717000 -16131.7 -20050.9 303.481 282.372 0.882381
717100 -16184.6 -20027.5 297.578 302.13 0.882693
717200 -16273.5 -20072.1 294.15 51.4348 0.880317
717300 -16252.1 -20090.8 297.249 -75.3006 0.877171
717400 -16187.6 -20040.3 298.331 35.1235 0.874349
717500 -16083.4 -19987.9 302.347 -72.3022 0.871296
717600 -16037.8 -19929.2 301.34 -169.424 0.86899
717700 -16149.7 -19974.2 296.158 -264.144 0.868544
717800 -16228.3 -20027.9 294.224 -70.7239 0.870394
717900 -16182.3 -20038.7 298.627 -60.2528 0.873301
718000 -16140.1 -19983.7 297.639 83.6844 0.876782
718100 -16089 -19995.9 302.537 125.273 0.879395
718200 -16073.9 -19956.5 300.658 318.756 0.880309
718300 -16166.5 -20025 298.782 35.7029 0.878741
718400 -16246.5 -20060.5 295.339 -137.134 0.876739
718500 -16236.4 -20063.5 296.356 -17.4814 0.875791
718600 -16167.7 -20021.9 298.453 70.9486 0.875325
718700 -16080.4 -19979.7 301.944 140.154 0.874115
718800 -16084.7 -19963 300.32 -52.1854 0.871888
718900 -16107.6 -19959.8 298.294 17.6044 0.869773
719000 -16135 -20002.4 299.479 -280.271 0.86805
719100 -16152.9 -19951.3 294.133 -105.228 0.868667
719200 -16093.3 -19981 301.053 69.3403 0.870299
719300 -16056.3 -19957.3 302.075 93.5074 0.871342
719400 -16122.4 -20024.8 302.185 172.619 0.87134
719500 -16237 -20058.7 295.936 -30.3665 0.869931
719600 -16240.8 -20048.5 294.85 -238.164 0.868968
719700 -16166.8 -20041.3 300.023 220.726 0.869703
719800 -16130.8 -19983.5 298.341 -19.3925 0.868879
719900 -16112 -19978 299.369 -113.556 0.868103
720000 -16080.9 -19984.5 302.278 -137.544 0.868649
720100 -16114.6 -19941.7 296.35 163.744 0.869862
720200 -16151.2 -20004.7 298.399 61.1155 0.870081
720300 -16213.1 -20059.7 297.862 37.5371 0.869395
720400 -16295.3 -20099.9 294.617 -97.9501 0.868577
720500 -16285.7 -20102.3 295.541 -211.266 0.869123
720600 -16231.4 -20102.9 299.791 167.144 0.870989
720700 -16230.2 -20062 296.721 -56.6192 0.871788
720800 -16221 -20083.8 299.127 95.6748 0.872559
720900 -16219.9 -20058.9 297.278 63.3827 0.872682
721000 -16191.8 -20039.8 297.973 80.2403 0.872183
721100 -16103.7 -19989.9 300.93 -60.0522 0.871115
721200 -16072.8 -19955.6 300.671 6.19 0.870303
721300 -16134.7 -19973.2 297.235 45.1785 0.869326
721400 -16231.4 -20022 293.529 -166.005 0.868167
721500 -16221.8 -19984.7 291.387 -368.235 0.868715
721600 -16150.9 -20028.8 300.296 49.4806 0.872514
721700 -16176.9 -20059.9 300.684 72.6122 0.876549
721800 -16253 -20084.3 296.681 138.017 0.879758
721900 -16294.6 -20098.9 294.587 402.394 0.881563
722000 -16247.3 -20091.5 297.683 288.916 0.879551
722100 -16145.5 -19989 297.628 -162.321 0.874827
722200 -16118.8 -20014.6 301.68 3.95028 0.871579
722300 -16162.7 -20032.8 299.685 236.838 0.868494
722400 -16207.9 -20006.3 294.135 -333.856 0.864088
722500 -16155.2 -19978.9 296.093 -321.098 0.862903
722600 -16094.9 -19977.7 300.671 -178.924 0.864841
722700 -16112.3 -19984.3 299.833 -83.5975 0.868203
722800 -16171.6 -20049.9 300.319 314.454 0.87134
722900 -16241.4 -20026.4 293.098 -211.298 0.872057
723000 -16217.1 -20089.6 299.866 35.754 0.873779
723100 -16230.9 -20093.7 299.122 162.953 0.875125
723200 -16316.4 -20124 294.848 191.138 0.874733
723300 -16417.4 -20167.4 290.388 59.3645 0.872681
723400 -16337.8 -20125.9 293.334 -130.323 0.870382
723500 -16216.1 -20064.9 298.04 41.8392 0.869191
723600 -16159.5 -20004.7 297.758 132.397 0.867933
723700 -16118.3 -20010.5 301.392 105.229 0.8657
723800 -16149.4 -20005.3 298.591 -238.892 0.862765
723900 -16212 -20011.6 294.222 -165.18 0.861874
724000 -16228.8 -20077.5 298.03 12.317 0.862749
724100 -16226.3 -20031.5 294.659 -108.743 0.863662
724200 -16145.9 -20014.1 299.541 -151.245 0.865452
724300 -16109 -20014.8 302.445 -40.2294 0.868679
724400 -16182.4 -20052.4 299.681 77.7095 0.872204
724500 -16266.2 -20127.2 298.978 246 0.874471
724600 -16298.7 -20123 296.144 18.4203 0.874708
724700 -16267.4 -20074.1 294.773 158.839 0.874393
724800 -16184.9 -20033.1 297.99 -110.448 0.872924
724900 -16144.2 -19977 296.799 -281.813 0.872571
725000 -16114.6 -19974.3 298.881 -23.5907 0.874613
725100 -16116.2 -20002.3 300.92 229.772 0.876701
725200 -16212.6 -20039.3 296.322 54.1665 0.877009
725300 -16256.5 -20055.5 294.182 -4.52827 0.876611
725400 -16224.1 -20079 298.51 -70.727 0.876162
725500 -16215.7 -20086.6 299.748 205.42 0.876074
725600 -16265.8 -20084.8 295.734 -45.5538 0.874823
725700 -16321.3 -20098.9 292.523 -163.493 0.873609
725800 -16255.7 -20079.8 296.126 -188.076 0.874026
725900 -16148.2 -20011 299.125 -30.5351 0.876149
726000 -16131.7 -20022.9 301.318 72.1967 0.878848
726100 -16190.5 -20064.7 300.003 250.801 0.880501
726200 -16285.3 -20114.3 296.503 53.8825 0.880057
726300 -16296.8 -20130.4 296.857 107.345 0.878902
726400 -16262.7 -20072.2 294.99 -53.3827 0.876839
726500 -16171.1 -20038.4 299.467 -114.068 0.875088
726600 -16147.7 -20012.7 299.294 -130.336 0.874537
726700 -16176.4 -20055.6 300.389 -114.617 0.875461
726800 -16236.6 -20048.1 295.15 386.94 0.876845
726900 -16256.9 -20094.1 297.143 202.261 0.87506
727000 -16214 -20066.2 298.305 -226.26 0.871357
727100 -16129.9 -20004.8 300.056 -106.943 0.86943
727200 -16098.5 -19979.9 300.563 -67.6956 0.868747
727300 -16129.8 -19980.7 298.198 -202.657 0.868952
727400 -16218.8 -20060.7 297.5 -106.752 0.870947
727500 -16296 -20147 298.209 115.881 0.873928
727600 -16324.9 -20140.1 295.431 9.68832 0.876339
727700 -16296.2 -20125.5 296.523 218.509 0.878469
727800 -16258.1 -20141.7 300.733 183.413 0.878483
727900 -16269 -20107.4 297.23 -169.837 0.876809
728000 -16258.1 -20118.3 298.915 28.8553 0.876345
728100 -16264.9 -20124.5 298.871 134.836 0.875697
728200 -16334.5 -20138.4 294.557 -92.4288 0.873892
728300 -16403.6 -20176.8 292.178 -35.0023 0.872474
728400 -16333.9 -20123.6 293.46 -243.527 0.872062
728500 -16238 -20120.9 300.677 146.012 0.8734
728600 -16262.9 -20136.7 299.973 81.9212 0.873861
728700 -16335 -20154.8 295.795 -175.953 0.873698
728800 -16346.1 -20119.5 292.202 -51.9617 0.874889
728900 -16237.1 -20054.7 295.615 163.583 0.876736
729000 -16187.8 -20057.2 299.634 80.9949 0.877565
729100 -16200.2 -20058.9 298.806 130.884 0.877325
729200 -16240.2 -20033.7 293.754 -12.843 0.875968
729300 -16196 -20059.6 299.175 142.62 0.874218
729400 -16124.1 -20034 302.769 -78.2508 0.87122
729500 -16149.1 -20003.4 298.462 -44.1771 0.867976
729600 -16255.8 -20036.2 292.738 -195.48 0.865233
729700 -16251.5 -20071.8 295.829 -329.606 0.864332
729800 -16196.2 -20054.2 298.744 -106.448 0.866355
729900 -16169.1 -20017.9 298.034 196.034 0.869661
730000 -16166.3 -20030.8 299.259 11.6265 0.871786
730100 -16163.6 -19976.9 295.289 82.1784 0.873528
730200 -16129.3 -20012.1 300.672 62.3611 0.874692
730300 -16149.6 -20006.2 298.642 72.2139 0.875124
730400 -16245.6 -20076.6 296.658 -253.2 0.8753
730500 -16301.5 -20085.7 293.035 159.224 0.877295
730600 -16249.4 -20094.4 297.738 283.313 0.878337
730700 -16223.4 -20089.9 299.408 126.704 0.87667
730800 -16237.2 -20079.6 297.534 -32.7538 0.87356
730900 -16242.6 -20070.5 296.42 -283.799 0.870744
731000 -16205.6 -19987.6 292.864 -290.412 0.87053
731100 -16093.9 -19959.3 299.322 34.3955 0.872824
731200 -16059.7 -19950 301.247 77.8676 0.875216
731300 -16112.6 -19970.2 298.712 69.0895 0.877151
731400 -16182.1 -20003 295.877 240.072 0.878076
731500 -16226.7 -20065.4 297.254 72.5293 0.877076
731600 -16325.1 -20096.4 292.039 151.169 0.875016
731700 -16359.8 -20135.5 292.371 -177.857 0.871597
731800 -16240.2 -20063.6 296.074 34.2852 0.868915
731900 -16167.9 -19981.6 295.319 -297.605 0.866546
732000 -16102.1 -19986.6 300.801 94.7118 0.866143
732100 -16086.5 -19925.2 297.255 -223.835 0.865773
732200 -16059.3 -19943.5 300.772 -58.5011 0.867092
732300 -16086.5 -20000 303.044 66.4768 0.869633
732400 -16195.2 -20006.8 295.152 119.996 0.871687
732500 -16209.9 -20046 297.054 -226.158 0.873465
732600 -16165 -19993.3 296.451 299.693 0.877114
732700 -16087.8 -20003.9 303.248 49.2976 0.879745
732800 -16124.6 -20018.5 301.524 365.125 0.881591
732900 -16207.4 -20060.8 298.39 199.289 0.880509
733000 -16224.4 -20060.3 297.033 180.894 0.876662
733100 -16194.7 -20018.4 296.092 -257.174 0.870677
733200 -16122.6 -20016.3 301.512 -291.724 0.866377
733300 -16108.5 -19956.3 297.96 -154.111 0.865047
733400 -16122.3 -19961.7 297.308 -98.9891 0.865184
733500 -16150.9 -19982.8 296.73 -264.986 0.866926
733600 -16168.9 -20004.3 296.998 261.092 0.870772
733700 -16170.5 -20029.8 298.851 232.107 0.872425
733800 -16206.1 -20060.7 298.482 13.5185 0.871808
733900 -16284.5 -20103.2 295.708 -64.6932 0.870834
734000 -16327.3 -20140.2 295.258 -179.592 0.870703
734100 -16269.8 -20087.5 295.627 -116.804 0.872114
734200 -16165.1 -20050 300.831 125.011 0.874329
734300 -16184.5 -20080.9 301.724 105.057 0.875917
734400 -16266.5 -20095.7 296.514 182.922 0.876246
734500 -16306.8 -20162.4 298.56 -55.9091 0.875084
734600 -16320.1 -20132.5 295.215 -175.573 0.874292
734700 -16237.2 -20099.1 299.054 -163.809 0.875249
734800 -16144.8 -20079.3 304.675 305.995 0.877328
734900 -16220.6 -20097.8 300.237 250.149 0.876878
735000 -16279.4 -20068.5 293.411 -94.494 0.874119
735100 -16230.7 -20059.9 296.518 -192.036 0.872291
735200 -16154.2 -20028.5 300.005 170.764 0.87175
735300 -16149.1 -20014.3 299.303 -13.6235 0.870011
735400 -16165.8 -20016.8 298.205 -142.027 0.868437
735500 -16165.6 -20000.2 296.935 -2.12789 0.867926
735600 -16144.2 -19998.5 298.468 -62.963 0.867468
735700 -16095.4 -19979.4 300.762 76.6815 0.867407
735800 -16051.3 -19932.3 300.534 15.2342 0.866602
735900 -16069 -19885.3 295.517 -285.766 0.865968
736000 -16051 -19953.3 302.176 158.045 0.8676
736100 -16119.8 -19988.9 299.604 -169.567 0.86874
736200 -16195.9 -20000.3 294.6 10.5987 0.871304
736300 -16191.5 -20077.9 300.949 88.4713 0.874771
736400 -16250.8 -20085.2 296.918 59.3205 0.878464
736500 -16337.7 -20159.1 295.914 106.206 0.882229
736600 -16366.6 -20172.1 294.685 178.454 0.885455
736700 -16246.5 -20135.4 301.144 353.068 0.887521
736800 -16190.7 -20071 300.475 216.151 0.88638
736900 -16222.4 -20065.3 297.584 -21.6242 0.88252
737000 -16260.3 -20052.6 293.657 -184.196 0.87861
737100 -16203.8 -20051.1 297.916 -138.084 0.876284
737200 -16103.7 -19987.3 300.734 71.112 0.874862
737300 -16109.5 -19979.7 299.69 -250.195 0.873236
737400 -16151.4 -20020.7 299.627 -100.722 0.873661
737500 -16226.2 -20076.5 298.154 122.287 0.875117
737600 -16275.4 -20103 296.396 -99.215 0.875935
737700 -16259 -20083.9 296.182 12.7047 0.877494
737800 -16216.9 -20081.9 299.285 143.56 0.878954
737900 -16177.3 -20043.7 299.4 151.325 0.879138
738000 -16150.5 -20042.8 301.41 39.353 0.877844
738100 -16196.1 -20072.9 300.203 -275.445 0.876274
738200 -16284.5 -20101 295.531 -108.752 0.876949
738300 -16299.4 -20132.3 296.801 -88.2413 0.879106
738400 -16274.8 -20137.9 299.147 192.926 0.881914
738500 -16227.7 -20124.5 301.753 190.816 0.883334
738600 -16218.6 -20080.2 299.027 -148.529 0.882933
738700 -16247.5 -20083.5 297.043 -28.4494 0.883514
738800 -16300.1 -20159 298.817 171.032 0.884518
738900 -16366.8 -20129.1 291.342 -119.436 0.884322
739000 -16300.7 -20127.2 296.309 139.598 0.884599
739100 -16239 -20091.9 298.347 47.8156 0.883834
739200 -16244.3 -20104 298.882 -128.814 0.882686
739300 -16258.4 -20083.8 296.22 120.207 0.882412
739400 -16218.4 -20110.6 301.394 14.792 0.881381
739500 -16171.6 -20051.7 300.457 -95.047 0.87984
739600 -16159.5 -20043.2 300.736 -126.744 0.879127
739700 -16222.3 -20092.6 299.696 4.78348 0.879625
739800 -16315.3 -20143.9 296.465 -65.8999 0.880517
739900 -16322.3 -20120.2 294.099 27.3421 0.881794
740000 -16257.5 -20134.1 300.19 99.3684 0.882961
740100 -16232.2 -20063.6 296.686 138.913 0.883237
740200 -16216.8 -20106.7 301.22 -122.119 0.882502
740300 -16295.6 -20142.5 297.895 0.927258 0.882465
740400 -16414.6 -20196.1 292.824 -87.9108 0.882799
740500 -16365.6 -20173 294.829 331.855 0.883366
740600 -16266.8 -20109 297.527 138.574 0.881377
740700 -16195.4 -20052.3 298.659 -30.7494 0.877501
740800 -16161.6 -20036.4 300.05 -215.704 0.873887
740900 -16169 -19999.3 296.604 -112.591 0.872081
741000 -16174.7 -20020.6 297.813 -28.0821 0.871343
741100 -16177.1 -20035.1 298.748 -85.1998 0.871206
741200 -16190.9 -20013.3 295.994 0.482662 0.871727
741300 -16156.5 -19998.5 297.508 -41.6965 0.8723
741400 -16089.9 -19999.7 302.763 -0.9057 0.873283
741500 -16120.7 -19963.2 297.552 25.6952 0.874468
741600 -16228.8 -20072 297.606 -13.0005 0.875409
741700 -16292.2 -20112.2 295.809 -87.2204 0.876681
741800 -16270 -20095.8 296.251 33.5871 0.878568
741900 -16233.9 -20105.4 299.792 33.4686 0.880284
742000 -16215.7 -20028.6 295.255 -6.98779 0.881785
742100 -16092.2 -20002.4 302.793 85.4069 0.883308
742200 -16080.4 -19986.7 302.494 302.124 0.883911
742300 -16169.4 -20057.1 301.053 52.4399 0.882159
742400 -16243.8 -20103 298.845 -104.262 0.879529
742500 -16270.3 -20057.3 293.251 -91.4317 0.877543
742600 -16200 -20068.5 299.557 -148.136 0.876754
742700 -16180.5 -20095.3 303.148 -24.9325 0.87723
742800 -16216.6 -20055.9 297.301 -119.998 0.878221
742900 -16246.5 -20132.3 300.902 130.11 0.88003
743000 -16300 -20098.1 294.108 55.8646 0.881075
743100 -16263.7 -20083.4 295.788 105.883 0.881422
743200 -16209.7 -20051.3 297.478 137.154 0.88064
743300 -16174 -19977.6 294.538 -117.015 0.87855
743400 -16119.3 -19993.5 300.007 -91.9592 0.87727
743500 -16131.7 -20021.3 301.2 91.637 0.876853
743600 -16221.9 -20011.7 293.47 14.3288 0.875871
743700 -16232.3 -20052.2 295.802 -246.263 0.874905
743800 -16197.3 -20028.5 296.672 -32.5706 0.875689
743900 -16191.5 -20065.3 299.967 101.189 0.877
744000 -16211.4 -20036.8 296.224 -194.2 0.877963
744100 -16182.5 -20021.2 297.252 90.2102 0.880474
744200 -16084.8 -19956 299.767 88.5438 0.88304
744300 -16026.3 -19930.1 302.298 425.487 0.884315
744400 -16075.2 -19938.6 299.167 -5.76095 0.882174
744500 -16140.9 -19972.4 296.701 -43.7748 0.879152
744600 -16149.8 -19974 296.13 -94.2786 0.876334
744700 -16130.7 -19979.2 298.017 -325.211 0.874555
744800 -16127 -19977.3 298.15 96.1765 0.875163
744900 -16126.8 -19962.4 297.012 272.639 0.875365
745000 -16080.1 -19940.8 298.961 179.919 0.872908
745100 -16015.7 -19882.7 299.449 -46.6774 0.868337
745200 -15986.3 -19881.9 301.655 -240.492 0.863842
745300 -16050.7 -19928.8 300.307 -361.223 0.861498
745400 -16163.7 -20040.8 300.229 -11.46 0.862333
745500 -16237.7 -20103.6 299.361 146.9 0.863496
745600 -16307.9 -20154.3 297.85 -187.082 0.86385
745700 -16331.4 -20117.2 293.161 28.3698 0.865628
745800 -16258.2 -20105.9 297.949 44.4977 0.86775
745900 -16185.4 -20008.1 296.01 -68.0748 0.86986
746000 -16161.6 -20050.9 301.179 104.435 0.872974
746100 -16212.6 -20081.2 299.57 92.8047 0.875968
746200 -16280.4 -20092.8 295.215 64.4274 0.878828
746300 -16289.9 -20159.4 299.638 72.7401 0.881894
746400 -16350.6 -20189 297.23 164.473 0.884694
746500 -16456.4 -20208.3 290.533 229.524 0.886251
746600 -16410.8 -20208.9 294.114 77.6638 0.885942
746700 -16341.5 -20191.4 298.122 183.317 0.884425
746800 -16314.6 -20147.4 296.798 -8.43408 0.881251
746900 -16251.7 -20086.5 296.952 119.724 0.877047
747000 -16169.8 -20051.2 300.56 -106.479 0.871825
747100 -16163.3 -20006.9 297.638 -420.407 0.867854
747200 -16157.1 -19981.2 296.118 -192.841 0.867532
747300 -16115.9 -19978.3 299.087 67.4951 0.869296
747400 -16034.5 -19934.7 302.018 -264.909 0.871027
747500 -15957.8 -19904.5 305.619 59.3131 0.874346
747600 -16038.2 -19939.1 302.075 284.207 0.877133
747700 -16151.2 -20019.3 299.534 264.141 0.877275
747800 -16222.6 -20071.7 298.06 46.0227 0.87492
747900 -16277.3 -20079.6 294.429 -126.377 0.872307
748000 -16244.8 -20073.4 296.477 2.7828 0.870802
748100 -16154.4 -20048.8 301.572 -17.067 0.869524
748200 -16149.6 -20035.8 300.925 -88.5463 0.868546
748300 -16183.5 -20021.9 297.228 -143.037 0.868425
748400 -16194.5 -20066.5 299.835 -190.349 0.869698
748500 -16218.4 -20047.8 296.535 -101.427 0.872664
748600 -16234.3 -20114.9 300.5 279.837 0.876255
748700 -16333.5 -20142.6 294.965 -74.2655 0.877832
748800 -16377.3 -20187.2 295.018 15.4843 0.879391
748900 -16340.2 -20170.4 296.593 126.802 0.880706
749000 -16247.7 -20104.8 298.68 162.531 0.880603
749100 -16164 -20032.7 299.577 -103.354 0.879437
749200 -16156.5 -20015.7 298.841 46.796 0.878983
749300 -16186.5 -20044.8 298.774 246.7 0.878125
749400 -16237.9 -20068.8 296.65 -160.796 0.875405
749500 -16279.8 -20098.9 295.733 -229.751 0.874057
749600 -16315 -20105.1 293.492 -69.1612 0.875157
749700 -16260.3 -20095.8 297.006 277.971 0.876295
749800 -16175 -20029.9 298.51 -6.70888 0.875427
749900 -16134.4 -20017.8 300.718 -19.3344 0.874549
750000 -16167.6 -20055.8 301.093 -41.0333 0.873953
750100 -16299.1 -20111.3 295.205 -182.921 0.874041
750200 -16309.9 -20147.4 297.166 -40.5943 0.875598
750300 -16276.6 -20127.9 298.23 192.341 0.876982
750400 -16224.9 -20087.2 299.084 -160.078 0.876956
750500 -16162.2 -20061.6 301.954 -205.405 0.878067
750600 -16145.7 -20064.5 303.456 108.361 0.880681
750700 -16268.6 -20123.4 298.5 -3.6638 0.882415
750800 -16311.8 -20109.5 294.075 11.8851 0.883584
750900 -16241.3 -20087.7 297.854 -6.22043 0.884638
751000 -16196.5 -20093.7 301.786 338.257 0.885126
751100 -16248.5 -20104.5 298.592 -30.5648 0.883094
751200 -16338.3 -20171.7 296.843 -61.8787 0.881022
751300 -16368.6 -20203.6 296.97 -156.094 0.879901
751400 -16359.7 -20194.4 296.946 -113.021 0.880363
751500 -16340.2 -20185.2 297.743 -28.5109 0.882053
751600 -16281.9 -20125 297.596 124.583 0.88359
751700 -16194.4 -20070 300.114 142.71 0.883871
751800 -16201 -20092.4 301.335 216.933 0.882949
751900 -16259.9 -20119.4 298.869 -148.838 0.880298
752000 -16281.5 -20100.6 295.734 -79.0768 0.878546
752100 -16258.5 -20079.7 295.9 -43.6562 0.877954
752200 -16205.4 -20035.1 296.554 -224.535 0.878033
752300 -16154 -20023.3 299.626 199.023 0.879708
752400 -16157.5 -20056.9 301.953 41.7131 0.880208
752500 -16204.4 -20081 300.191 -14.411 0.879909
752600 -16269.4 -20127.6 298.767 9.6213 0.879766
752700 -16322.6 -20165.3 297.568 -166.271 0.879839
752800 -16351.5 -20189.3 297.187 74.3302 0.881016
752900 -16375.8 -20172 293.958 42.5016 0.882005
753000 -16330.8 -20164.1 296.838 44.7467 0.882426
753100 -16238.9 -20093.4 298.477 32.5217 0.8823
753200 -16178.7 -20034.4 298.567 -41.9012 0.881899
753300 -16143.2 -20037.5 301.56 59.4698 0.881786
753400 -16211.7 -20083.1 299.79 -160.522 0.881493
753500 -16307.2 -20112.5 294.666 -126.972 0.882405
753600 -16288.3 -20129.8 297.475 125.818 0.884641
753700 -16257.7 -20136.6 300.363 358.312 0.885888
753800 -16272.5 -20074.7 294.432 8.50548 0.884026
753900 -16210.1 -20045.9 297.031 4.48118 0.881419
754000 -16136.1 -20072.2 304.797 -101.888 0.878864
754100 -16201.4 -20056.2 298.502 -157.982 0.877037
754200 -16253.1 -20062.6 294.99 -284.147 0.876909
754300 -16225.2 -20053.2 296.421 -83.6431 0.87942
754400 -16169.1 -20024.4 298.538 394.273 0.88263
754500 -16168.5 -20059.5 301.309 339.46 0.882522
754600 -16217.5 -20059.5 297.507 86.0193 0.879037
754700 -16226.2 -20064.2 297.201 -257.386 0.874692
754800 -16222.5 -20101.7 300.388 -195.407 0.872523
754900 -16322.5 -20102.1 292.682 -277.353 0.872721
755000 -16329.9 -20121.5 293.614 -71.76 0.875476
755100 -16257.2 -20124.7 299.486 229.38 0.878757
755200 -16243 -20108.4 299.321 132.952 0.879902
755300 -16255.8 -20078.5 296.016 3.44463 0.879673
755400 -16238.3 -20125.1 300.974 87.7133 0.879315
755500 -16293.4 -20155.4 299.06 26.9502 0.878084
755600 -16384.9 -20174.7 293.469 -177.254 0.877109
755700 -16347.7 -20171.8 296.121 91.3002 0.877477
755800 -16266.4 -20091.2 296.174 77.5292 0.877057
755900 -16199 -20039.9 297.423 -80.2854 0.876565
756000 -16180.4 -20049.9 299.638 -28.4451 0.876478
756100 -16194 -20036 297.504 -178.044 0.877003
756200 -16225.7 -20095.2 299.639 80.8265 0.87861
756300 -16337.7 -20135.4 294.076 -103.407 0.879488
756400 -16357.8 -20197.2 297.308 31.8414 0.880908
756500 -16347.4 -20175.3 296.414 267.433 0.881633
756600 -16269.2 -20090.4 295.898 35.0923 0.880255
756700 -16157.3 -20034.1 300.204 -124.783 0.878657
756800 -16142 -19998 298.593 -14.3577 0.878221
756900 -16155.6 -20009.4 298.418 157.904 0.877751
757000 -16194.6 -20021.4 296.326 -5.23082 0.876089
757100 -16268.2 -20095.2 296.351 22.2378 0.874646
757200 -16319.6 -20099.3 292.687 -277.938 0.873542
757300 -16234.4 -20084 298.101 -209.491 0.874576
757400 -16169.7 -20041.8 299.845 319.365 0.877186
757500 -16176.3 -20013 297.094 -5.13838 0.877525
757600 -16146 -19990.1 297.671 -65.6608 0.877604
757700 -16065.8 -19995.1 304.274 324.805 0.877752
757800 -16116.1 -19976.8 298.96 -180.363 0.875667
757900 -16211.4 -20013.8 294.448 -143.637 0.874837
758000 -16215.9 -20067.5 298.249 -15.3998 0.875601
758100 -16218.7 -20085.4 299.416 -5.48495 0.876568
758200 -16273.3 -20117.9 297.709 -125.279 0.877677
758300 -16360.5 -20136.4 292.395 66.4941 0.879637
758400 -16320.8 -20105 293.035 109.86 0.8811
758500 -16257.3 -20132.8 300.104 -4.97061 0.88145
758600 -16263.3 -20082.5 295.747 -6.35736 0.881779
758700 -16237.7 -20109.6 299.826 -116.679 0.882527
758800 -16228.2 -20126.4 301.857 234.639 0.883771
758900 -16327.1 -20153 296.261 -15.5905 0.883288
759000 -16376.1 -20169.4 293.743 39.1736 0.882523
759100 -16326.4 -20187.1 298.958 -49.905 0.881838
759200 -16298.9 -20186.8 301.064 90.882 0.881237
759300 -16374 -20175.5 294.374 -19.7223 0.879874
759400 -16460.9 -20211 290.397 -266.091 0.878791
759500 -16409.1 -20218.2 294.958 3.81706 0.879887
759600 -16358.3 -20198 297.333 64.0405 0.881621
759700 -16324.7 -20182.6 298.735 203.649 0.882681
759800 -16301.9 -20162.5 298.946 143.473 0.881721
759900 -16276.6 -20125.7 298.054 4.4136 0.8793
760000 -16209 -20069.5 298.942 -227.323 0.876501
760100 -16163.2 -20044.6 300.561 -269.943 0.875506
760200 -16181 -20001 295.808 -108.591 0.877144
760300 -16140 -20020.7 300.503 -47.3535 0.880505
760400 -16098.2 -20031.3 304.56 311.505 0.884301
760500 -16202.8 -20103.2 302.033 274.248 0.885794
760600 -16289.6 -20125 296.998 -16.1214 0.88503
760700 -16308.5 -20142.3 296.875 110.296 0.883714
760800 -16293.9 -20118.9 296.189 361.562 0.880775
760900 -16206.6 -20053.6 297.894 -190.229 0.874649
761000 -16131.8 -19999.4 299.488 -423.96 0.869939
761100 -16136.6 -20014.8 300.307 -105.983 0.869162
761200 -16194.5 -20031.4 297.112 -139.93 0.869962
761300 -16277.1 -20063.1 293.176 -109.514 0.871947
761400 -16369.8 -20124.9 290.775 25.7614 0.874905
761500 -16382.8 -20223.3 297.395 158.987 0.877493
761600 -16336 -20138.2 294.42 25.725 0.878695
761700 -16226.7 -20080 298.384 270.109 0.879362
761800 -16197.1 -20089.4 301.406 230.445 0.877671
761900 -16251.7 -20090.6 297.268 -58.2929 0.874029
762000 -16291.9 -20084.4 293.677 -224.167 0.871011
762100 -16194.8 -20067.1 299.861 -133.437 0.869874
762200 -16129.4 -20014.9 300.877 96.511 0.870048
762300 -16157.1 -19988.8 296.71 -134.247 0.869861
762400 -16171 -20016.4 297.767 -368.233 0.871188
762500 -16173.2 -20035.8 299.105 201.819 0.874871
762600 -16231.6 -20069.4 297.185 110.968 0.877161
762700 -16307.1 -20139.3 296.753 55.6427 0.877921
762800 -16334.3 -20113.4 292.638 -270.46 0.878294
762900 -16238.1 -20081.2 297.596 155.286 0.880383
763000 -16191 -20073.6 300.647 186.475 0.880953
763100 -16209.7 -20055.9 297.839 -100.514 0.879906
763200 -16229.2 -20070.9 297.487 44.5835 0.879657
763300 -16253.1 -20076.9 296.1 -44.6841 0.879269
763400 -16280.2 -20123.9 297.639 120.661 0.879163
763500 -16331.3 -20163.1 296.719 -106.205 0.878698
763600 -16364 -20189.2 296.207 131.134 0.878633
763700 -16347.4 -20188.3 297.418 129.866 0.877458
763800 -16275.4 -20150.1 300.042 199.581 0.874931
763900 -16229.8 -20114.5 300.821 67.95 0.870814
764000 -16254.5 -20081.8 296.366 -328.832 0.866714
764100 -16278.3 -20103.7 296.222 -372.461 0.865997
764200 -16296.5 -20102.1 294.687 16.657 0.868655
764300 -16242.3 -20091.7 298.083 11.8503 0.871337
764400 -16169.6 -20060.4 301.283 214.651 0.873389
764500 -16169.6 -20032.8 299.148 115.132 0.873685
764600 -16261.5 -20090.1 296.477 -44.3238 0.872629
764700 -16345.9 -20108.9 291.391 -89.4914 0.871949
764800 -16293.1 -20085 293.634 -159.29 0.87236
764900 -16222.9 -20039.8 295.564 35.9155 0.874077
765000 -16162.3 -20025.7 299.169 67.0519 0.87562
765100 -16141.5 -20014.9 299.947 133.765 0.876353
765200 -16188.3 -20029.1 297.411 -102.635 0.876176
765300 -16299.7 -20111.6 295.175 223.867 0.87616
765400 -16335.5 -20137.4 294.404 -93.695 0.874763
765500 -16286.7 -20103.2 295.535 -367.164 0.874306
765600 -16237.8 -20068.2 296.61 -10.6428 0.87685
765700 -16208.9 -20069.4 298.941 149.054 0.879971
765800 -16204.9 -20067.7 299.118 164.58 0.881603
765900 -16246.9 -20065 295.656 17.7037 0.881583
766000 -16327.9 -20154.4 296.305 100.456 0.881341
766100 -16380.8 -20182.1 294.358 170.768 0.880012
766200 -16341.8 -20184.8 297.583 -153.59 0.877321
766300 -16222.7 -20081.3 298.796 -79.4362 0.875586
766400 -16187.3 -20087.5 302.023 -9.53291 0.874881
766500 -16239 -20097.5 298.793 -68.2254 0.874272
766600 -16288.4 -20124.5 297.047 38.9547 0.874021
766700 -16315.3 -20158.6 297.61 39.1864 0.873768
766800 -16319.1 -20146.8 296.404 -67.5489 0.873142
766900 -16200.4 -20092.1 301.355 -188.032 0.873393
767000 -16114.7 -20001.5 300.978 40.3475 0.875197
767100 -16154.7 -20007.7 298.355 94.8509 0.876924
767200 -16222 -20063.6 297.477 -138.514 0.878453
767300 -16280.8 -20143.4 299.105 64.9705 0.88116
767400 -16370 -20186.6 295.542 127.966 0.883801
767500 -16392.9 -20191.7 294.165 73.183 0.885659
767600 -16374.6 -20244.4 299.665 282.985 0.886691
767700 -16399.6 -20250.5 298.194 147.067 0.885379
767800 -16428.7 -20225.7 294.026 -10.5667 0.88223
767900 -16353 -20175.5 295.996 54.3782 0.878207
768000 -16240.9 -20079.3 297.23 -103.353 0.87339
768100 -16193 -20025.5 296.769 -267.324 0.869379
768200 -16134.1 -19998 299.206 -432.159 0.868033
768300 -16088.2 -19987 301.908 -33.7495 0.870443
768400 -16133.3 -20004.9 299.8 148.027 0.873583
768500 -16266.5 -20127.6 298.991 -104.091 0.875725
768600 -16318 -20144 296.264 -20.9271 0.878453
768700 -16315.2 -20173.7 298.781 175.009 0.881217
768800 -16297.9 -20127.4 296.538 233.699 0.88222
768900 -16229.5 -20098.5 299.607 31.6573 0.881309
769000 -16165.5 -20080.8 303.189 68.4378 0.879832
769100 -16222.9 -20082.2 298.846 10.3047 0.877766
769200 -16324.7 -20176.9 298.299 -22.4586 0.875649
769300 -16348.4 -20169.4 295.879 -95.9083 0.873711
769400 -16304.6 -20121.7 295.576 -187.796 0.872807
769500 -16224.1 -20080.7 298.644 8.46491 0.87367
769600 -16197.3 -20098.6 302.099 -66.5803 0.874761
769700 -16238.4 -20094.5 298.607 -15.9524 0.876456
769800 -16254.9 -20097 297.515 115.127 0.878137
769900 -16256.7 -20115 298.773 264.321 0.8785
770000 -16295.4 -20137.4 297.51 -136.482 0.876923
770100 -16402.3 -20154.1 290.524 94.6871 0.875591
770200 -16387.9 -20180.6 293.692 -216.501 0.874323
770300 -16290.9 -20094.8 294.56 -123.483 0.874557
770400 -16247.5 -20105.3 298.737 -133.903 0.876412
770500 -16230.3 -20071 297.412 236.604 0.879754
770600 -16199.7 -20065.9 299.381 27.8647 0.881859
770700 -16159.7 -20034.3 300.034 147.18 0.883519
770800 -16151.5 -20046.5 301.609 121.003 0.884243
770900 -16230.7 -20082.4 298.259 143.945 0.883502
771000 -16311.1 -20131.9 295.87 227.495 0.880875
771100 -16317.3 -20139.3 295.961 39.5102 0.875531
771200 -16237.2 -20053.1 295.493 -403.665 0.869254
771300 -16127.9 -19948.2 295.832 -341.107 0.866583
771400 -16086.9 -19956.8 299.674 37.236 0.867168
771500 -16104 -19982.2 300.312 -322.717 0.868257
771600 -16189.7 -20038.8 298.06 -219.076 0.871948
771700 -16256.5 -20094.6 297.203 307.843 0.877452
771800 -16284.9 -20135.9 298.206 218.209 0.88024
771900 -16288.7 -20128.3 297.324 -95.478 0.880778
772000 -16283.7 -20154.2 299.712 24.8679 0.881661
772100 -16298.6 -20122.2 296.085 -138.336 0.882804
772200 -16281.8 -20146.6 299.274 225.267 0.884432
772300 -16296 -20157.7 299.038 135.632 0.88417
772400 -16313.6 -20138.5 296.188 -277.377 0.883104
772500 -16300.9 -20166.6 299.342 296.988 0.883707
772600 -16311.9 -20134.3 295.985 315.695 0.881978
772700 -16291.9 -20127 296.977 52.6496 0.877614
772800 -16240.4 -20088.6 297.99 -181.839 0.87323
772900 -16142.5 -20006.7 299.223 -152.017 0.870879
773000 -16044.7 -19945.8 302.083 -53.9143 0.870383
773100 -16066.6 -19951.9 300.861 161.194 0.870098
773200 -16132.2 -19961 296.49 -292.692 0.86922
773300 -16170.1 -20019.6 298.091 -207.624 0.870759
773400 -16210.3 -20027.1 295.561 37.9053 0.873614
773500 -16266.4 -20087.4 295.89 124.295 0.876126
773600 -16319.4 -20111.2 293.626 -19.7526 0.87747
773700 -16282.7 -20135.8 298.373 -133.217 0.878608
773800 -16192.1 -20059.6 299.481 120.339 0.880541
773900 -16143.6 -20032.4 301.135 276.744 0.881127
774000 -16174.3 -20011.4 297.127 91.078 0.879521
774100 -16179.8 -20017.4 297.174 -98.4013 0.877139
774200 -16169.9 -20025.7 298.577 -244.83 0.875848
774300 -16178.5 -20058.6 300.461 -55.2276 0.87664
774400 -16242 -20104.8 299.122 127.368 0.87798
774500 -16309.3 -20111.9 294.455 176.522 0.878313
774600 -16292.1 -20141.5 298.088 33.2713 0.877008
774700 -16211.6 -20060.4 298.04 -0.766053 0.875034
774800 -16140.8 -20052 302.87 -60.3647 0.873258
774900 -16181.2 -20040.1 298.817 -189.476 0.872265
775000 -16218.2 -20058 297.341 -229.216 0.873134
775100 -16253.3 -20096.3 297.588 90.6664 0.875743
775200 -16358.2 -20115.2 290.921 139.669 0.877887
775300 -16375.4 -20192.2 295.559 114.567 0.878731
775400 -16282.8 -20101.3 295.693 301.389 0.878243
775500 -16207.3 -20076 299.578 -92.6685 0.87542
775600 -16186.3 -20027.7 297.464 -325.51 0.873208
775700 -16154.5 -20013.1 298.797 107.564 0.873602
775800 -16120 -19977.1 298.673 -11.6829 0.873656
775900 -16070.1 -19977.5 302.576 -36.6094 0.873682
776000 -16097.8 -19979.6 300.586 238.098 0.87379
776100 -16210.3 -20047.8 297.167 18.2712 0.872058
776200 -16243.1 -20042.1 294.179 -287.765 0.870031
776300 -16188.2 -20044.2 298.589 -17.2126 0.870383
776400 -16134.1 -19999.4 299.311 4.4464 0.871358
776500 -16093.3 -19962.9 299.648 -12.3726 0.872209
776600 -15999 -19920.1 303.63 -59.981 0.873221
776700 -15997.2 -19981.4 308.522 37.9155 0.874675
776800 -16121.2 -19972.6 298.242 36.017 0.876078
776900 -16159.8 -19977.5 295.632 289.163 0.876985
777000 -16147 -20019.6 299.877 165.333 0.875239
777100 -16163.4 -20043.7 300.477 -97.2803 0.871757
777200 -16240.8 -20032.8 293.642 -141.957 0.868879
777300 -16239.7 -20055.1 295.455 -151.27 0.867354
777400 -16130.5 -20037.3 302.532 -18.4031 0.867246
777500 -16106.2 -20009 302.217 -127.916 0.867515
777600 -16141.8 -19982.5 297.41 -207.412 0.86908
777700 -16159.4 -20024.6 299.3 -149.331 0.872932
777800 -16214.7 -20067.2 298.323 178.253 0.878364
777900 -16333.4 -20147.7 295.367 186.48 0.882607
778000 -16371.8 -20179.6 294.857 163.044 0.884844
778100 -16324.2 -20127.6 294.523 173.14 0.885254
778200 -16240.2 -20098.9 298.802 144.825 0.884073
778300 -16209.6 -20073.5 299.21 256.809 0.881162
778400 -16225.5 -20078.4 298.355 61.5971 0.876319
778500 -16271.2 -20064.4 293.738 -288.515 0.87189
778600 -16314.9 -20113.4 294.14 -407.524 0.870719
778700 -16290.6 -20109.7 295.73 -91.4516 0.873215
778800 -16195.5 -20014.6 295.741 220.109 0.875857
778900 -16113.2 -19951.6 297.235 37.148 0.876496
779000 -16076.1 -19955.2 300.386 276.544 0.876094
779100 -16101.2 -19972.8 299.798 108.115 0.873533
779200 -16193.7 -19999.8 294.732 -168.894 0.870641
779300 -16238.4 -20014 292.371 -221.362 0.869536
779400 -16189.4 -19995.4 294.726 -124.582 0.870415
779500 -16130.1 -19963.9 296.871 -31.7892 0.872687
779600 -16083.5 -19949.5 299.367 116.272 0.874962
779700 -16051.6 -19915.8 299.233 -150.845 0.876227
779800 -16026.7 -19969.3 305.302 170.254 0.877925
779900 -16153 -19999.7 297.872 106.701 0.878425
780000 -16195.8 -20025.9 296.582 -41.3087 0.878121
780100 -16194 -20064.4 299.703 -27.3275 0.878107
780200 -16233.3 -20061.9 296.47 -69.6616 0.878377
780300 -16283.7 -20094.7 295.111 260.801 0.878914
780400 -16282 -20097.8 295.483 110.803 0.877322
780500 -16200 -20052.2 298.298 -212.773 0.874941
780600 -16128.8 -20005.8 300.22 182.021 0.873917
780700 -16136.2 -19989.5 298.384 16.9819 0.871662
780800 -16157.2 -19952.6 293.904 -124.795 0.869415
780900 -16082 -19944.3 299.079 -54.3774 0.868257
781000 -16004.1 -19912 302.61 -156.616 0.867888
781100 -16050.1 -19919.1 299.603 28.1621 0.868722
781200 -16131.8 -20013.5 300.585 -152.398 0.869756
781300 -16178 -20013.1 296.977 30.6742 0.871902
781400 -16190.4 -20055.8 299.328 -79.492 0.87401
781500 -16239.5 -20081.2 297.485 -11.5012 0.876805
781600 -16328.3 -20146.5 295.663 176.576 0.879428
781700 -16418.2 -20189.9 292.071 -51.7069 0.880751
781800 -16392.5 -20209.2 295.554 185.859 0.88185
781900 -16349.6 -20192.6 297.588 299.264 0.88112
782000 -16331 -20138.1 294.811 81.7123 0.877838
782100 -16256.9 -20104.9 297.974 -176.081 0.874225
782200 -16193.3 -20040.2 297.883 -194.49 0.872521
782300 -16151.2 -20018.8 299.492 -231.76 0.872771
782400 -16138.4 -20025.8 301.026 -166.268 0.875145
782500 -16248.2 -20056.7 294.919 -70.7588 0.878777
782600 -16299.5 -20119.4 295.799 8.19778 0.88238
782700 -16273.6 -20091.2 295.622 58.9941 0.885435
782800 -16180.2 -20087.6 302.574 156.338 0.887214
782900 -16174.3 -20051.9 300.267 95.9952 0.887163
783000 -16220.1 -20094 299.98 111.912 0.886196
783100 -16253.2 -20059.2 294.726 45.7335 0.88442
783200 -16222.1 -20060.7 297.252 -32.1257 0.882486
783300 -16193.6 -20043.9 298.157 -201.224 0.881455
783400 -16186.9 -20041.7 298.499 -94.9905 0.882036
783500 -16197.1 -20073.3 300.157 -131.989 0.883781
783600 -16216.4 -20039.6 296.051 30.6991 0.886404
783700 -16200.3 -20066.2 299.36 191.677 0.888398
783800 -16215.9 -20070.9 298.513 222.789 0.88853
783900 -16309.2 -20101.6 293.67 156.371 0.886603
784000 -16407.1 -20226.9 295.792 -175.914 0.883474
784100 -16414.1 -20179.4 291.571 -176.798 0.881763
784200 -16334.3 -20150.4 295.502 -149.961 0.882023
784300 -16293.5 -20156.3 299.117 125.536 0.883511
784400 -16295.9 -20148.7 298.341 57.0058 0.884284
784500 -16310.5 -20100.2 293.46 -198.622 0.884847
784600 -16222 -20051.8 296.563 166.897 0.886465
784700 -16136.2 -19991.6 298.546 417.057 0.886416
784800 -16132.7 -20000.4 299.506 6.75867 0.883138
784900 -16174.7 -20038.3 299.183 -206.569 0.879519
785000 -16259.2 -20048.7 293.442 -327.008 0.877993
785100 -16298.2 -20110.3 295.192 59.1452 0.87915
785200 -16257.7 -20114.3 298.634 130.768 0.880132
785300 -16173.1 -20030.4 298.693 32.197 0.880065
785400 -16127 -20026.9 301.995 162.506 0.879289
785500 -16195.3 -20082.1 300.974 -131.205 0.877586
785600 -16272.5 -20078.2 294.698 -48.7064 0.876675
785700 -16241.6 -20087.3 297.796 -9.94979 0.876193
785800 -16224.8 -20105 300.461 -21.4582 0.875935
785900 -16277.1 -20078.4 294.362 -95.1173 0.876106
786000 -16345.8 -20109.7 291.462 -49.0418 0.877267
786100 -16292.6 -20113 295.837 22.1048 0.878932
786200 -16198.6 -20070.6 299.83 98.3068 0.880385
786300 -16178 -20035.5 298.712 118.329 0.880942
786400 -16174.1 -20026.7 298.326 92.4353 0.880233
786500 -16180.6 -20005.6 296.198 -30.5257 0.878657
786600 -16146.8 -19975 296.441 211.573 0.876783
786700 -16081 -20012.7 304.455 21.9852 0.872884
786800 -16132.2 -19973.9 297.485 -304.319 0.868475
786900 -16190.5 -20046.6 298.604 -307.983 0.866631
787000 -16244.9 -20117.3 299.867 -147.299 0.867878
787100 -16266.7 -20048.9 292.875 -21.6567 0.870823
787200 -16207.9 -20041.4 296.852 226.222 0.873964
787300 -16146.2 -20000 298.428 -41.9431 0.875747
787400 -16120.6 -20017.9 301.791 60.8048 0.877584
787500 -16195.6 -19997.8 294.421 -178.598 0.879298
787600 -16271.2 -20085.5 295.368 57.0253 0.882657
787700 -16283.9 -20111.1 296.368 385.01 0.885726
787800 -16245.8 -20104.4 298.795 132.947 0.885473
787900 -16199 -20077.3 300.325 151.967 0.883371
788000 -16213.3 -20104.9 301.352 237.347 0.879571
788100 -16302.3 -20122.3 295.802 -162.493 0.873964
788200 -16310.8 -20094.2 292.969 -255.628 0.869442
788300 -16226.3 -20019.9 293.764 -413.111 0.867993
788400 -16153.7 -19977.7 296.119 -173.705 0.87039
788500 -16114 -20036.1 303.712 126.421 0.874017
788600 -16190.2 -20056.9 299.426 -25.2183 0.876417
788700 -16249.9 -20052.4 294.455 140.592 0.878321
788800 -16227.1 -20061.2 296.897 105.071 0.879201
788900 -16174.7 -20050.7 300.142 273.773 0.878578
789000 -16085.4 -19974.4 301.147 -132.572 0.876113
789100 -16004.6 -19956.6 306.023 -184.635 0.874792
789200 -16072.4 -19976.6 302.327 -64.7323 0.875217
789300 -16147.2 -20021.9 300.041 92.6499 0.876196
789400 -16189.3 -20001.5 295.208 -119.059 0.876711
789500 -16170.5 -20020.7 298.147 -95.4754 0.878155
789600 -16122.4 -19995 299.885 44.3014 0.880251
789700 -16057.3 -19971.9 303.133 240.795 0.881603
789800 -16091.5 -19986.8 301.637 197.036 0.880754
789900 -16188.7 -19961 292.115 -96.9959 0.878229
790000 -16149.1 -19991.6 297.543 -23.6691 0.876583
790100 -16110.8 -19975.8 299.285 -144.217 0.875513
790200 -16091.1 -19944.8 298.42 -57.1392 0.875709
790300 -16016.6 -19926.8 302.789 240.675 0.876222
790400 -15987.7 -19913.5 304.004 19.8227 0.874798
790500 -16085.5 -19939.9 298.47 -276.083 0.87349
790600 -16154.6 -20021.3 299.426 -99.1701 0.874515
790700 -16203.9 -20052.9 298.052 -87.9489 0.876458
790800 -16243.8 -20054.1 295.053 -113.065 0.879453
790900 -16200.3 -20036.6 297.066 191.577 0.883245
791000 -16083.9 -20001.2 303.341 571.807 0.884293
791100 -16119.5 -20012.9 301.494 40.6614 0.880785
791200 -16214.8 -20089.9 300.067 -121.421 0.87702
791300 -16262.3 -20098.3 297.048 -3.54813 0.874744
791400 -16270 -20098.8 296.483 -84.2233 0.873252
791500 -16228.7 -20062.7 296.89 -188.849 0.872906
791600 -16109 -19981.1 299.843 -62.4883 0.874055
791700 -16081.2 -19969.7 301.105 -16.5507 0.875672
791800 -16145.7 -20006.2 298.942 154.441 0.87683
791900 -16207.8 -20048.9 297.442 -245.667 0.877171
792000 -16211.7 -20026.8 295.431 -62.2358 0.879193
792100 -16186.5 -20069.4 300.679 419.358 0.881291
792200 -16207.6 -20072.7 299.293 89.7836 0.87998
792300 -16224.9 -20060.2 296.993 -141.638 0.877635
792400 -16213.3 -20045.2 296.732 -100.079 0.876835
792500 -16173.4 -20044.1 299.731 37.3026 0.87698
792600 -16149.7 -20024.8 300.074 56.8164 0.876842
792700 -16172.7 -20026.7 298.441 -161.877 0.876359
792800 -16232.1 -20033 294.33 9.03154 0.876991
792900 -16252.8 -20079.2 296.303 88.1295 0.877778
793000 -16227.4 -20087.8 298.935 86.5713 0.877738
793100 -16158.3 -20005.4 297.903 90.4038 0.876869
793200 -16081 -19980.7 301.974 -101.145 0.875316
793300 -16096.3 -19979.2 300.674 -54.4516 0.874206
793400 -16205.3 -20040.1 296.951 -37.2385 0.873709
793500 -16243.5 -20040.6 294.03 -211.37 0.874023
793600 -16197.1 -20050.4 298.384 -18.2203 0.876084
793700 -16166.8 -20042.9 300.151 35.6609 0.878649
793800 -16203.4 -20076.2 299.895 155.122 0.880786
793900 -16326.8 -20151.1 296.141 181.466 0.881603
794000 -16348.7 -20160.3 295.162 128.944 0.880574
794100 -16279.8 -20082.2 294.436 -32.6869 0.878078
794200 -16193.1 -20048.8 298.571 -98.7776 0.875836
794300 -16169.3 -20017 297.949 -73.1043 0.874613
794400 -16156.3 -20011.8 298.552 35.3827 0.873976
794500 -16136.9 -20031.1 301.554 130.411 0.872802
794600 -16189.7 -19997 294.824 -254.997 0.87071
794700 -16204.8 -20001 293.968 -246.972 0.870938
794800 -16131.4 -20034.1 302.211 123.203 0.873296
794900 -16134.7 -20005.7 299.76 -161.858 0.875246
795000 -16237.5 -20040.2 294.465 46.6388 0.878591
795100 -16301.1 -20134.4 296.831 388.222 0.8816
795200 -16302.2 -20141.3 297.282 154.976 0.881289
795300 -16277.8 -20108.2 296.611 295.343 0.878719
795400 -16180.2 -20062 300.593 -21.4284 0.87387
795500 -16107.1 -20009.6 302.202 -63.5969 0.868836
795600 -16114.5 -19953.4 297.275 -282.033 0.864808
795700 -16113.3 -19953.8 297.396 -236.795 0.863734
795800 -16089 -19948.7 298.881 -174.601 0.865298
795900 -16062.3 -19963 302.051 80.9848 0.868176
796000 -16131.8 -20031.9 302.008 211.907 0.869684
796100 -16236.5 -20035.7 294.195 -319.861 0.869738
796200 -16212.6 -20025.4 295.247 -98.476 0.87227
796300 -16132.5 -19999.6 299.453 253.117 0.874967
796400 -16112.6 -20015 302.187 258.643 0.875043
796500 -16191.5 -20046.2 298.491 -28.5345 0.872931
796600 -16259.5 -20123.4 299.209 -198.354 0.871551
796700 -16277.2 -20107.8 296.624 154.912 0.871786
796800 -16249.2 -20077.1 296.422 -305.91 0.87133
796900 -16167 -20009.9 297.577 -167.575 0.873211
797000 -16111.6 -20017.7 302.473 106.251 0.876522
797100 -16139.2 -20026.7 301.039 209.523 0.878441
797200 -16189 -20049.7 298.958 68.0099 0.878217
797300 -16205.1 -20045.5 297.391 -29.5572 0.877559
797400 -16230.3 -20135.6 302.41 108.865 0.877018
797500 -16314.1 -20076.9 291.374 -321.587 0.876109
797600 -16289.3 -20133.9 297.711 72.8932 0.877533
797700 -16261.3 -20093.1 296.719 -1.46524 0.878764
797800 -16217.7 -20092.3 300.031 75.5893 0.879792
797900 -16192.3 -20094.4 302.166 275.975 0.879984
798000 -16263.5 -20078.5 295.415 60.8747 0.877679
798100 -16307.4 -20092.4 293.097 -132.102 0.874715
798200 -16238 -20089.9 298.276 198.396 0.872522
798300 -16169.2 -20002.3 296.822 -47.3492 0.869157
798400 -16122.2 -19960.9 297.256 -204.645 0.866306
798500 -16104 -19952.5 298.017 -20.8218 0.86527
798600 -16091 -19936.9 297.817 -124.43 0.864766
798700 -16058.4 -19914.4 298.601 -107.271 0.86533
798800 -15976 -19891.7 303.218 -192.773 0.86723
798900 -15951.3 -19887 304.77 70.75 0.870538
799000 -16065.1 -19943.9 300.359 126.773 0.873347
799100 -16153.9 -20047.2 301.482 -95.3285 0.875043
799200 -16226 -20049.9 296.105 85.4044 0.87714
799300 -16247.8 -20103 298.535 108.478 0.87854
799400 -16276.6 -20080.2 294.538 223.327 0.878535
799500 -16234.4 -20072 297.169 -37.1011 0.876537
799600 -16131.3 -19982.8 298.239 -218.209 0.875076
799700 -16084.1 -19967.8 300.742 3.80331 0.875786
799800 -16127.5 -20022.4 301.611 89.6836 0.876425
799900 -16212.5 -20045.6 296.821 135.737 0.875849
800000 -16219.9 -20034.4 295.379 -250.646 0.874717
800100 -16167.7 -20034.9 299.465 52.7474 0.875386
800200 -16141.6 -19999.7 298.757 27.9031 0.875795
800300 -16149.6 -19995 297.775 -17.0776 0.875957
800400 -16195.8 -20039.9 297.675 111.261 0.876189
800500 -16248.8 -20032.3 292.975 -102.046 0.87568
800600 -16211.2 -20080.2 299.602 61.8264 0.875807
800700 -16141.8 -19984.8 297.593 132.517 0.875185
800800 -16060.6 -19957.5 301.765 -120.087 0.873712
800900 -16070.3 -19950.9 300.495 -109.351 0.873688
801000 -16218.4 -20077.5 298.83 224.884 0.874235
801100 -16282 -20077.3 293.896 -40.9318 0.873164
801200 -16226 -20040.1 295.355 39.6718 0.872171
801300 -16135.6 -19993.1 298.711 18.1424 0.871248
801400 -16091.7 -19949.6 298.743 -123.368 0.870421
801500 -16049.3 -19908.1 298.816 -78.1946 0.870486
801600 -15984.5 -19931 305.602 118.877 0.871043
801700 -16060.1 -19934.3 299.999 187.84 0.870479
801800 -16153.6 -19941.1 293.288 -198.701 0.868813
801900 -16118.5 -19974.2 298.571 -102.272 0.869021
802000 -16079.3 -19951.1 299.813 19.6176 0.870044
802100 -16061.7 -19928.9 299.463 -143.93 0.871118
802200 -16070.5 -19943.4 299.907 234.705 0.872784
802300 -16144.3 -19955.7 295.138 1.65623 0.872878
802400 -16172.7 -20007.5 296.955 -138.379 0.872899
802500 -16172.4 -20014.6 297.532 57.0955 0.873928
802600 -16137.5 -20010.5 299.911 118.899 0.87434
802700 -16108.5 -20001.5 301.462 106.309 0.873365
802800 -16168.3 -20021.3 298.359 -197.276 0.871851
802900 -16251.1 -20073.8 296.021 -94.0855 0.872084
803000 -16278.2 -20116.8 297.241 276.728 0.873093
803100 -16260 -20083.4 296.074 -109.946 0.872092
803200 -16119.8 -19989.3 299.636 38.0682 0.871284
803300 -16083.9 -19961.2 300.245 15.3701 0.870511
803400 -16141.2 -20002.6 299.005 -73.9817 0.869777
803500 -16205.6 -20012.6 294.799 -157.136 0.869921
803600 -16194 -20024.8 296.639 -26.6107 0.871324
803700 -16087.1 -19936.8 298.102 91.8103 0.873015
803800 -16031.4 -19932.5 302.083 27.8186 0.874095
803900 -16085.4 -19951 299.336 -16.7182 0.874718
804000 -16152 -20003.2 298.225 -18.5963 0.875535
804100 -16213.8 -20047.3 296.846 193.575 0.876379
804200 -16230.8 -20054.3 296.079 44.2417 0.875646
804300 -16212.3 -20049.2 297.117 -197.043 0.874343
804400 -16200.9 -20037 297.054 -32.9831 0.874462
804500 -16166 -19996.3 296.607 -18.7383 0.875377
804600 -16084.9 -19959.4 300.021 32.7707 0.876569
804700 -16055.7 -19973.9 303.409 -39.8192 0.877844
804800 -16127.7 -20025.2 301.813 69.467 0.879477
804900 -16181.9 -20040.2 298.766 243.264 0.880699
805000 -16218 -20039 295.884 243.086 0.879806
805100 -16195.8 -20010.5 295.393 -217.678 0.876492
805200 -16094.4 -19914.4 295.81 -225.237 0.874025
805300 -16031.5 -19930 301.884 -61.6286 0.873749
805400 -16076 -19941.6 299.337 170.276 0.874102
805500 -16144 -20012.5 299.566 63.6303 0.872766
805600 -16200.2 -20024.5 296.139 -174.272 0.870841
805700 -16196.3 -20030.5 296.906 -162.584 0.870297
805800 -16168 -19994.7 296.33 -176.415 0.871344
805900 -16120.8 -19975.5 298.494 -39.5291 0.874287
806000 -16094.4 -19973.8 300.402 211.328 0.87782
806100 -16177.8 -20026.9 298.06 223.113 0.879644
806200 -16296.7 -20120.3 296.089 115.846 0.879434
806300 -16286.1 -20107.1 295.882 -194.529 0.878215
806400 -16220.8 -20088.1 299.468 272.256 0.877989
806500 -16200.4 -20093.7 301.489 60.5017 0.875716
806600 -16274.2 -20077.3 294.5 -183.634 0.872515
806700 -16302.3 -20073.9 292.056 -125.076 0.871051
806800 -16174.2 -20036.8 299.102 -35.5648 0.870772
806900 -16140.4 -20012.9 299.868 -100.304 0.871016
807000 -16172.7 -19999.5 296.334 -159.463 0.872463
807100 -16170.3 -20027.8 298.715 184.608 0.874965
807200 -16180 -20090.1 302.781 87.6725 0.876327
807300 -16291.2 -20091.1 294.257 9.8052 0.877017
807400 -16289.7 -20134.4 297.726 133.221 0.877377
807500 -16264 -20128 299.211 126.736 0.876391
807600 -16275.8 -20111.1 296.998 32.5608 0.874217
807700 -16300.8 -20126.1 296.223 -47.47 0.87137
807800 -16300.6 -20130.7 296.589 -150.491 0.86882
807900 -16230.1 -20033.3 294.508 -244.801 0.867542
808000 -16142 -20023.8 300.596 -228.102 0.868617
808100 -16149.9 -20036.2 300.94 -8.8117 0.872171
808200 -16231.5 -20093.9 299.086 230.497 0.876052
808300 -16295.8 -20123.5 296.401 117.499 0.878246
808400 -16298 -20152.2 298.454 78.2087 0.879203
808500 -16298.6 -20149.8 298.22 195.415 0.879079
808600 -16293.3 -20107.9 295.385 26.5268 0.877359
808700 -16197.9 -20052.5 298.48 66.3053 0.874956
808800 -16130.2 -20037.3 302.55 -94.3799 0.871853
808900 -16166.6 -20002.3 297.019 -118.728 0.869107
809000 -16203.7 -20027 296.063 7.52836 0.867045
809100 -16197 -19985.8 293.389 -263.698 0.865136
809200 -16091.1 -19964.7 299.955 -324.96 0.865689
809300 -16053.8 -19948.4 301.588 -17.5436 0.869625
809400 -16115.8 -19972.3 298.631 43.3506 0.874959
809500 -16195.2 -20073.5 300.322 163.066 0.880429
809600 -16259.6 -20137.2 300.27 541.699 0.884413
809700 -16301 -20129.9 296.491 265.163 0.883876
809800 -16279.4 -20066.6 293.271 43.9702 0.880195
809900 -16184.7 -20037.6 298.353 -140.096 0.87596
810000 -16143.5 -19960.2 295.55 -152.297 0.873212
810100 -16084.3 -19912 296.407 56.9423 0.871811
810200 -16015.1 -19885.6 299.719 -261.119 0.870398
810300 -16011 -19883.6 299.877 153.593 0.870719
810400 -16037.2 -19879.7 297.55 23.0707 0.870067
810500 -16044.8 -19895.8 298.211 -188.197 0.869432
810600 -16055.8 -19934 300.314 58.7788 0.870187
810700 -16083.9 -19909.8 296.261 -210.842 0.870892
810800 -16074.1 -19933.4 298.855 164.051 0.873073
810900 -16089.5 -19958.1 299.573 31.3442 0.874361
811000 -16222.2 -20033.2 295.114 141.321 0.874869
811100 -16244.3 -20036.9 293.689 6.67032 0.874249
811200 -16173.7 -20035.2 299.017 -430.396 0.873868
811300 -16128.2 -19961.2 296.816 21.8921 0.876814
811400 -16093.1 -19964.3 299.771 175.235 0.880302
811500 -16111.6 -19989.7 300.311 159.215 0.882205
811600 -16248.6 -20098.2 298.095 179.889 0.882423
811700 -16306.5 -20128.2 295.937 204.651 0.880764
811800 -16300.6 -20104.3 294.543 50.2558 0.877246
811900 -16209.4 -20064.6 298.532 -117.475 0.87314
812000 -16150.8 -20000.4 298.099 -36.6641 0.869956
812100 -16142.7 -20039.5 301.752 -88.5245 0.867678
812200 -16223 -20047.3 296.134 -76.103 0.866318
812300 -16252.6 -20077.1 296.155 -143.156 0.865797
812400 -16230.3 -20042.2 295.184 -166.749 0.866881
812500 -16186.7 -20056.3 299.645 111.677 0.869213
812600 -16167.6 -20037.8 299.691 -66.7928 0.870884
812700 -16190.8 -20031 297.373 60.9151 0.872433
812800 -16259.8 -20111.9 298.285 -248.616 0.874032
812900 -16329.7 -20127.5 294.091 156.915 0.876919
813000 -16297.1 -20071.7 292.286 41.6058 0.878759
813100 -16204.8 -20092.2 301.022 254.07 0.87954
813200 -16227.6 -20092.5 299.282 -81.1837 0.878264
813300 -16258.4 -20056.2 294.091 -213.585 0.877898
813400 -16202.6 -20081.9 300.398 434.512 0.87867
813500 -16131.3 -20017.2 300.911 89.6187 0.876406
813600 -16041.4 -19957.8 303.266 -212.485 0.873554
813700 -16033 -19952.1 303.479 83.488 0.872275
813800 -16156.7 -20010.3 298.41 -149.391 0.871006
813900 -16219 -20074.7 298.568 -134.861 0.871142
814000 -16249 -20044.3 293.89 -121.666 0.872524
814100 -16196.5 -20067.6 299.761 42.4328 0.874673
814200 -16132.5 -20028.1 301.662 209.478 0.876265
814300 -16145.2 -20016.7 299.797 188.334 0.875825
814400 -16241.3 -20052.3 295.105 81.4185 0.873474
814500 -16281.9 -20090.5 294.924 -204.386 0.871081
814600 -16231.7 -20076.5 297.729 -163.344 0.870576
814700 -16143.3 -20045.1 302.148 53.1345 0.87142
814800 -16146.3 -20000.4 298.442 -105.626 0.872123
814900 -16163.7 -20036.4 299.882 84.7663 0.873303
815000 -16178.7 -19994.5 295.483 100.233 0.873815
815100 -16151.3 -20011.9 298.95 -82.1405 0.873754
815200 -16135.9 -20019.6 300.739 -52.8335 0.874071
815300 -16179.3 -20019.8 297.396 -28.8736 0.874754
815400 -16258.4 -20081.2 296.023 -15.4857 0.876128
815500 -16286.2 -20103.7 295.618 142.032 0.877344
815600 -16231.3 -20099.4 299.535 78.2171 0.877144
815700 -16150.6 -20035.7 300.854 122.432 0.876133
815800 -16161.7 -20023.5 299.046 76.2257 0.874118
815900 -16269.7 -20032.1 291.348 -91.2735 0.871542
816000 -16264.6 -20055.1 293.522 -359.99 0.870126
816100 -16169 -19976.7 294.854 -308.179 0.871923
816200 -16110.9 -19965.5 298.486 -2.59242 0.87654
816300 -16112.4 -20016.5 302.319 164.121 0.880914
816400 -16209.8 -20063.3 298.402 255.016 0.88307
816500 -16262.8 -20109.9 297.899 78.8341 0.882934
816600 -16278.4 -20080.3 294.407 327.831 0.881454
816700 -16195.9 -20028.5 296.779 -38.6377 0.878239
816800 -16101.6 -19962.8 298.999 189.168 0.875669
816900 -16101.9 -19987.7 300.9 5.05131 0.87268
817000 -16164.1 -19999.2 296.977 -27.9443 0.870248
817100 -16213.8 -20017.6 294.552 -255.32 0.868877
817200 -16171.8 -20013.8 297.512 -112.143 0.869713
817300 -16061.8 -19977 303.178 -69.6042 0.871738
817400 -16090.3 -19988 301.82 100.15 0.874149
817500 -16182.7 -20046.6 299.21 89.7914 0.875652
817600 -16222.6 -20058.7 297.053 39.8115 0.876149
817700 -16227.9 -20077.2 298.073 71.4368 0.876078
817800 -16226.2 -20081.7 298.555 -47.8857 0.875387
817900 -16226.1 -20041.3 295.435 111.126 0.874999
818000 -16156.5 -19975.7 295.742 78.5051 0.873756
818100 -16076.2 -19982.1 302.455 28.0293 0.871708
818200 -16117 -19986.5 299.642 -121.334 0.869658
818300 -16189 -20000.9 295.173 -90.2978 0.868669
818400 -16182.1 -20008.1 296.272 -96.7642 0.868644
818500 -16146 -19993.2 297.91 21.3925 0.8694
818600 -16131.1 -19992.5 299.014 -37.4981 0.870277
818700 -16145.9 -20031.3 300.872 30.8182 0.871315
818800 -16198.1 -20039.2 297.435 6.37226 0.87192
818900 -16226.5 -20053.1 296.312 50.5994 0.872506
819000 -16201.5 -20046.4 297.738 -66.5382 0.872994
819100 -16072.9 -19968.1 301.629 8.16376 0.873728
819200 -16040.6 -19958 303.347 171.16 0.87435
819300 -16134.5 -20000.1 299.334 261.456 0.873299
819400 -16196.9 -20013.1 295.51 -91.6079 0.869974
819500 -16187.1 -20025.6 297.237 -163.163 0.867157
819600 -16123.1 -19992.5 299.629 17.2596 0.865637
819700 -16014.2 -19902.2 301.071 -14.1918 0.864199
819800 -15983 -19881.7 301.898 -12.2032 0.862494
819900 -16028 -19909.9 300.601 -401.665 0.861313
820000 -16071.5 -19933.1 299.028 -113.248 0.863659
820100 -16110.3 -19957.5 297.915 107.241 0.867518
820200 -16139.6 -19979.5 297.344 96.293 0.870622
820300 -16193.3 -20006.8 295.303 55.0498 0.873023
820400 -16283.8 -20077.9 293.796 -43.4727 0.875072
820500 -16290.7 -20130.6 297.348 97.8703 0.877289
820600 -16235.5 -20088.4 298.349 333.434 0.878433
820700 -16136.1 -20018.8 300.656 120.046 0.876677
820800 -16115.5 -20003 301.034 -50.6994 0.873412
820900 -16166.1 -20019 298.353 -166.837 0.870723
821000 -16255.6 -20032.2 292.448 -111.887 0.86951
821100 -16360.8 -20103.7 289.833 -69.0783 0.869514
821200 -16381.2 -20162.6 292.815 -67.1123 0.870317
821300 -16278.7 -20164.4 300.888 322.183 0.871169
821400 -16234.4 -20058 296.088 5.13512 0.869548
821500 -16181.5 -20040.2 298.807 -216.839 0.867529
821600 -16096.8 -19965.5 299.576 -150.879 0.867416
821700 -16033.7 -19933.6 301.994 56.4419 0.868853
821800 -16063.8 -19968.2 302.346 35.0312 0.870206
821900 -16109.7 -19942.8 296.82 -159.807 0.871546
822000 -16109.2 -19936.4 296.361 -72.2889 0.874583
822100 -16066.6 -19958.6 301.381 99.2392 0.878693
822200 -16094.2 -19962.6 299.552 121.585 0.882471
822300 -16209.5 -20046.9 297.154 372.795 0.885115
822400 -16241.5 -20024.4 292.933 255.204 0.884336
822500 -16174.1 -20030.6 298.63 -35.5277 0.881029
822600 -16135 -19987.4 298.316 -56.3063 0.877478
822700 -16115.4 -19981.2 299.353 -217.012 0.874606
822800 -16118.2 -19938.2 295.809 -194.864 0.873477
822900 -16084.4 -19954.8 299.705 -41.0328 0.874164
823000 -16084.6 -19999 303.113 241.896 0.875357
823100 -16189.2 -20044.5 298.545 110.261 0.874639
823200 -16246.3 -20070.6 296.135 -233.05 0.872965
823300 -16228.9 -20057 296.438 -175.475 0.872922
823400 -16149.5 -20031.7 300.617 -47.9672 0.875007
823500 -16102.9 -20000 301.773 307.785 0.877442
823600 -16193.1 -20023.6 296.613 18.0639 0.877545
823700 -16282.6 -20103.6 295.888 3.1442 0.87711
823800 -16294.3 -20122.8 296.465 -81.6562 0.876983
823900 -16240.3 -20097.3 298.669 55.9517 0.877355
824000 -16168.2 -20076 302.601 168.378 0.877145
824100 -16195.3 -20021.6 296.288 -99.5938 0.875494
824200 -16276.3 -20046.5 291.955 -40.2127 0.874091
824300 -16284.2 -20136 298.274 0.957628 0.873098
824400 -16250.1 -20073.9 296.1 36.7606 0.871839
824500 -16155.6 -20055.8 302.023 -98.1958 0.869967
824600 -16144.4 -20036.2 301.365 -77.5182 0.868829
824700 -16222.9 -20067 297.676 -183.631 0.868463
824800 -16269.3 -20082.9 295.309 -306.912 0.870187
824900 -16255 -20095.7 297.404 -117.68 0.875175
825000 -16238.1 -20131.7 301.504 535.346 0.880611
825100 -16307.3 -20160 298.339 339.056 0.88135
825200 -16377.9 -20156.6 292.611 -25.9481 0.878892
825300 -16327.8 -20148.4 295.851 -10.1786 0.87655
825400 -16275.1 -20109.1 296.895 -233.8 0.874841
825500 -16232.8 -20115.3 300.641 -74.8306 0.875035
825600 -16248.7 -20111.3 299.102 -66.6532 0.876218
825700 -16361.6 -20134.5 292.162 -53.0984 0.878006
825800 -16374.9 -20203.3 296.458 196.577 0.880041
825900 -16334.3 -20165.2 296.649 10.1256 0.88063
826000 -16249.8 -20107.3 298.711 245.034 0.880587
826100 -16121.2 -20032.1 302.845 104.165 0.878754
826200 -16124.9 -20014.9 301.227 -19.9382 0.875259
826300 -16183 -20002.4 295.759 -353.243 0.872473
826400 -16194.1 -20010.9 295.563 -71.0838 0.872895
826500 -16128.5 -20027.1 301.889 71.0823 0.874145
826600 -16097.2 -20003.3 302.467 34.939 0.874939
826700 -16188.9 -19987.8 294.171 -16.0901 0.875164
826800 -16226.5 -20018.8 293.661 95.9961 0.875385
826900 -16155.8 -20012 298.611 167.451 0.874692
827000 -16115.4 -19984 299.577 63.226 0.872399
827100 -16121 -19958 297.122 -153.385 0.869764
827200 -16122.1 -20007.7 300.879 -133.09 0.868415
827300 -16183.1 -19998.3 295.434 -62.1542 0.86849
827400 -16238 -20018.4 292.736 42.818 0.868973
827500 -16176 -20019.4 297.613 -196.126 0.869418
827600 -16087.9 -19999.6 302.908 120.09 0.871362
827700 -16125.9 -19980.8 298.509 121.059 0.872565
827800 -16198.5 -20048.6 298.143 147.87 0.87252
827900 -16240.1 -20019.4 292.658 -112.489 0.87118
828000 -16186.2 -20014.7 296.458 -227.011 0.870641
828100 -16160.6 -20027.7 299.453 -36.927 0.872421
828200 -16174 -20023.4 298.08 243.138 0.874451
828300 -16193.6 -20017.5 296.109 20.2981 0.874547
828400 -16182.4 -20011.9 296.539 -30.4198 0.874348
828500 -16094.4 -19944.7 298.149 54.6214 0.874386
828600 -16035.2 -19940.5 302.407 183.292 0.873839
828700 -16084.7 -19948.3 299.178 -32.9003 0.871581
828800 -16135.8 -19943.4 294.852 -222.941 0.86892
828900 -16120.8 -19932.7 295.182 -115.865 0.868231
829000 -16070.3 -19891.5 295.901 -122.821 0.868853
829100 -16025.1 -19907.5 300.635 36.092 0.870444
829200 -16050.6 -19912.7 299.064 128.692 0.872232
829300 -16133.8 -19956.1 295.992 -90.2462 0.87334
829400 -16235.5 -20065.2 296.553 157.081 0.874993
829500 -16331 -20114.5 292.976 -57.0151 0.876037
829600 -16312.4 -20135.8 296.07 122.137 0.877073
829700 -16266.2 -20085.5 295.755 4.21367 0.877307
829800 -16192.3 -20072.5 300.471 213.695 0.877153
829900 -16172.2 -20024.9 298.341 -42.9119 0.875353
830000 -16166.6 -19991.4 296.177 -91.6181 0.873473
830100 -16081.5 -19968.6 300.999 -68.6168 0.872318
830200 -16050.6 -19934.9 300.786 -75.6518 0.87171
830300 -16095.2 -19948.5 298.384 -92.7985 0.872001
830400 -16172.9 -19992.8 295.799 -140.913 0.873435
830500 -16261.3 -20079.9 295.696 -0.233871 0.876253
830600 -16280.1 -20123 297.579 -30.9671 0.879418
830700 -16275.6 -20123.7 297.981 321.388 0.882562
830800 -16278.3 -20114.6 297.072 -15.6411 0.883473
830900 -16252.2 -20091.5 297.298 23.7218 0.884047
831000 -16187.4 -20036.2 298.035 148.174 0.88469
831100 -16096 -20000.7 302.362 245.681 0.883709
831200 -16081.5 -19970.7 301.165 31.4844 0.880438
831300 -16174.9 -20005.1 296.594 -222.064 0.876677
831400 -16252.1 -20044.3 293.649 -116.964 0.874594
831500 -16220.6 -20040.3 295.783 -59.3235 0.873835
831600 -16157.3 -20019.3 299.062 -45.3225 0.873936
831700 -16116.6 -19996.3 300.429 79.6537 0.87442
831800 -16120 -19975.3 298.536 70.0671 0.874127
831900 -16182.7 -20022.3 297.325 141.524 0.873162
832000 -16274.8 -20106 296.673 -104.784 0.871027
832100 -16282.7 -20076.3 293.756 -197.758 0.86953
832200 -16221.4 -20084.2 299.127 33.0057 0.869771
832300 -16200.3 -20034.8 296.928 98.4605 0.869696
832400 -16181.4 -20006.6 296.202 -272.181 0.869068
832500 -16150.9 -20009.4 298.788 -15.7788 0.870685
832600 -16134.2 -19992.5 298.77 118.08 0.87306
832700 -16133 -20030.2 301.787 158.117 0.874642
832800 -16216.1 -20051 296.962 -4.83138 0.874794
832900 -16277.7 -20082.4 294.624 134.416 0.874583
833000 -16249.2 -20061.8 295.235 16.0492 0.87331
833100 -16154.1 -20051.3 301.781 63.141 0.8712
833200 -16148.9 -20000 298.215 -303.414 0.868347
833300 -16163.4 -19984.9 295.927 -195.601 0.86753
833400 -16121 -19963.3 297.534 -67.7919 0.868851
833500 -16038.2 -19945.3 302.545 80.6787 0.871351
833600 -16061.2 -19937.2 300.143 158.649 0.873545
833700 -16191.1 -19989.2 294.106 88.0788 0.874173
833800 -16240.1 -20017.4 292.499 -298.795 0.874604
833900 -16183 -20072.5 301.189 405.716 0.876919
834000 -16178.2 -20027.2 298.05 176.745 0.876203
834100 -16187.1 -20004.8 295.629 -118.155 0.873461
834200 -16138.6 -19972.2 296.854 -153.22 0.871799
834300 -16049.1 -19933.3 300.779 -85.4647 0.871353
834400 -16043.8 -19907.4 299.182 -159.962 0.872049
834500 -16085.7 -19938.3 298.331 86.4702 0.874193
834600 -16208.4 -20020.1 295.168 221.138 0.875635
834700 -16259.2 -20031.7 292.129 -41.295 0.875387
834800 -16188.8 -20012.9 296.124 -192.512 0.875488
834900 -16118.9 -19972.2 298.38 143.535 0.876782
835000 -16103 -19991.6 301.122 417.354 0.876906
835100 -16175.4 -20005.2 296.566 -32.2724 0.873433
835200 -16211.2 -19983 292.069 -418.845 0.870032
835300 -16169.5 -20027.3 298.736 -91.2444 0.870307
835400 -16162.8 -20003.6 297.417 -48.3321 0.871858
835500 -16151.2 -20001.8 298.175 42.59 0.873838
835600 -16142.9 -20015.2 299.856 101.912 0.875429
835700 -16199.6 -20054.6 298.514 -45.2351 0.876161
835800 -16274.3 -20044.4 291.94 8.03428 0.877007
835900 -16231.8 -20059.1 296.371 154.541 0.877952
836000 -16143.5 -20006.4 299.128 183.591 0.87745
836100 -16136.1 -19993.1 298.671 -31.6283 0.875074
836200 -16154.5 -20020.2 299.341 1.8627 0.872871
836300 -16199.5 -20030.7 296.671 -123.854 0.870898
836400 -16268.6 -20074.8 294.743 -160.178 0.869709
836500 -16321.6 -20071.8 290.403 -133.141 0.870254
836600 -16214.8 -20039.8 296.195 -107.061 0.872399
836700 -16147.6 -20013.4 299.352 245.633 0.875348
836800 -16127.5 -19943.4 295.492 94.1241 0.87659
836900 -16058.5 -19918.9 298.934 157.419 0.876374
837000 -16015.4 -19913.9 301.882 -34.7978 0.875112
837100 -16084 -19913.4 296.529 -157.434 0.873798
837200 -16197.6 -20027.3 296.557 -116.863 0.873866
837300 -16235 -20098.6 299.182 -68.2132 0.875431
837400 -16260.9 -20080 295.734 77.3065 0.877709
837500 -16227.3 -20089.5 299.076 107.146 0.880107
837600 -16124.4 -20016.8 301.416 290.516 0.88154
837700 -16082.4 -19966.8 300.794 161.167 0.880454
837800 -16135.9 -19997.8 299.052 -20.1533 0.877194
837900 -16236 -20053 295.578 -130.273 0.873573
838000 -16241.8 -20058.9 295.582 -137.445 0.870759
838100 -16216.2 -20088.5 299.853 -288.951 0.869315
838200 -16216.2 -20032 295.482 -96.1418 0.870544
838300 -16137.7 -20001.3 299.183 275.908 0.872689
838400 -16066.2 -19993.3 304.097 229.059 0.872585
838500 -16135.1 -19988 298.356 -203.402 0.870437
838600 -16188.7 -20071.1 300.637 -278.853 0.870023
838700 -16243.9 -20087.7 297.654 -194.977 0.87233
838800 -16270.9 -20104.6 296.863 29.1625 0.87652
838900 -16276.5 -20156.4 300.451 245.618 0.880447
839000 -16308.6 -20176.7 299.53 -2.14844 0.882424
839100 -16329.6 -20158.6 296.507 225.616 0.883717
839200 -16304.7 -20121.7 295.57 -11.2164 0.883426
839300 -16246.3 -20132.3 300.92 -133.064 0.883125
839400 -16256.6 -20136 300.406 18.0255 0.883966
839500 -16379.2 -20186.9 294.85 108.828 0.884574
839600 -16419.8 -20242.4 296.012 265.172 0.883752
839700 -16386.5 -20211.3 296.182 -97.1822 0.881045
839800 -16294.8 -20117.4 296.012 -100.733 0.878789
839900 -16233 -20090 298.672 10.4166 0.877539
840000 -16233.2 -20109.2 300.145 234.608 0.875969
840100 -16283 -20125.7 297.567 -135.671 0.87273
840200 -16372.5 -20145.1 292.13 -404.024 0.870668
840300 -16379.2 -20159.3 292.713 -21.7774 0.872244
840400 -16247.9 -20124.8 300.215 269.207 0.874175
840500 -16247.2 -20100.7 298.398 -209.61 0.874068
840600 -16264 -20096.6 296.788 -44.4659 0.875238
840700 -16243.4 -20086.7 297.611 298.949 0.876678
840800 -16185.8 -20060.5 300.047 -44.1096 0.876107
840900 -16122 -20034.1 302.937 -35.0618 0.875291
841000 -16159.7 -20021.4 299.031 -51.1173 0.87513
841100 -16261.7 -20059.1 294.058 71.9706 0.875456
841200 -16257.6 -20078.4 295.867 6.5728 0.874896
841300 -16206.5 -20059.5 298.36 -102.549 0.874323
841400 -16193.6 -20096.3 302.211 -154.629 0.874823
841500 -16238.9 -20103.9 299.287 -11.1819 0.8767
841600 -16250.1 -20077.3 296.368 -43.1097 0.879599
841700 -16230.2 -20097.8 299.492 316.838 0.882994
841800 -16240.1 -20098.3 298.764 293.653 0.884081
841900 -16300.7 -20089.7 293.402 -23.0048 0.882344
842000 -16295.1 -20082.9 293.308 -158.279 0.880282
842100 -16197.2 -20061.9 299.269 50.2669 0.879302
842200 -16181 -20056 300.064 -118.131 0.877798
842300 -16194.7 -20025.4 296.631 -181.848 0.876967
842400 -16178.9 -20039.5 298.953 147.152 0.877785
842500 -16154.8 -20028.4 299.955 -151.697 0.878116
842600 -16160.9 -20022.6 299.036 -34.9744 0.879634
842700 -16195.4 -20027.3 296.73 126.689 0.881771
842800 -16232.4 -20079.6 297.914 -64.5778 0.883099
842900 -16288.4 -20081.1 293.691 56.9747 0.884931
843000 -16284.8 -20150.1 299.315 287.057 0.886376
843100 -16256.4 -20095.9 297.322 158.505 0.885067
843200 -16195.7 -20066 299.7 -194.994 0.882415
843300 -16128.5 -20002.9 300.021 -1.35604 0.881039
843400 -16132.2 -20049.4 303.332 256.525 0.879469
843500 -16239 -20061.3 295.98 -290.315 0.875917
843600 -16250.9 -20076.9 296.275 -134.961 0.874165
843700 -16212.6 -20043.7 296.66 53.4288 0.873897
843800 -16140.4 -20015 300.035 -112.924 0.87361
843900 -16113.9 -20006.2 301.405 -71.4958 0.874228
844000 -16213.5 -19996.6 292.949 -98.2424 0.875877
844100 -16257.1 -20076.4 295.757 85.8531 0.878249
844200 -16222.4 -20060.4 297.201 -141.361 0.880677
844300 -16128.2 -20029.5 302.107 117.304 0.884121
844400 -16109.8 -20032.1 303.731 346.29 0.886265
844500 -16226.6 -20137.5 302.851 101.609 0.885528
844600 -16309.9 -20184.1 300.004 192.115 0.883334
844700 -16375.5 -20164.9 293.433 -195 0.879809
844800 -16330.5 -20135.9 294.674 -414.941 0.877911
844900 -16230.8 -20083.7 298.353 38.6914 0.879345
845000 -16195.3 -20059.1 299.201 87.3514 0.881068
845100 -16202.5 -20057.2 298.497 110.979 0.881682
845200 -16259.4 -20094.8 296.992 -16.1442 0.881455
845300 -16361.4 -20178.5 295.581 -137.88 0.881563
845400 -16367.8 -20169.6 294.397 131.612 0.882565
845500 -16309.5 -20166 298.635 162.794 0.882618
845600 -16288.8 -20152.5 299.189 -10.4211 0.881181
845700 -16289.6 -20114 296.149 -44.5801 0.879296
845800 -16261.8 -20097.1 296.992 -87.0108 0.877735
845900 -16228.6 -20091.7 299.145 -2.71979 0.876853
846000 -16181.1 -20045.6 299.251 16.6648 0.87581
846100 -16082.3 -20008.3 304.01 -20.93 0.874471
846200 -16102.7 -19973 299.702 -104.063 0.873084
846300 -16187.9 -20003.4 295.464 -110.054 0.872317
846400 -16202.9 -20017 295.353 -25.6725 0.872503
846500 -16179.7 -20029.9 298.14 -74.4674 0.873414
846600 -16164.8 -20014.6 298.113 -80.2452 0.87521
846700 -16162.1 -20060.9 301.905 33.4607 0.877977
846800 -16270.9 -20081.7 295.093 127.448 0.880839
846900 -16305.3 -20132 296.326 217.582 0.882717
847000 -16272.4 -20089.6 295.587 84.2199 0.882777
847100 -16191.8 -20053.2 299.014 73.5945 0.881833
847200 -16143.2 -20018.2 300.061 245.105 0.879724
847300 -16161.6 -20041.5 300.446 -30.4286 0.87544
847400 -16185 -20003.6 295.693 -144.718 0.871404
847500 -16167.1 -20036.3 299.612 -40.309 0.86862
847600 -16131.9 -19964.2 296.763 -288.188 0.866458
847700 -16025.7 -19902 300.167 -385.575 0.867231
847800 -15986.5 -19886.7 302.016 205.483 0.871147
847900 -16062.1 -19954 301.377 226.394 0.87342
848000 -16133.3 -19969.4 297.054 23.958 0.873615
848100 -16153.8 -20003.6 298.117 65.0935 0.873331
848200 -16178 -20016.9 297.274 98.0384 0.872338
848300 -16183.4 -20023 297.323 -8.84726 0.870463
848400 -16167.6 -20009.6 297.509 -258.568 0.869038
848500 -16121.7 -19973 298.227 -122.677 0.869772
848600 -16045.3 -19911.1 299.357 -117.057 0.871849
848700 -16015.2 -19911.1 301.687 331.354 0.874707
848800 -16096.2 -19954.7 298.784 89.4909 0.874999
848900 -16181.4 -19987.2 294.7 -5.27852 0.87385
849000 -16166.7 -20008.8 297.517 -278.713 0.873356
849100 -16143.2 -20013.1 299.677 167.819 0.87475
849200 -16143.2 -19970.8 296.39 -16.4843 0.875165
849300 -16119.3 -19989.3 299.678 -36.4349 0.87561
849400 -16087.8 -19973.2 300.876 142.579 0.876191
849500 -16119.5 -19956.7 297.138 177.662 0.875507
849600 -16165.1 -19957.6 293.68 -146.822 0.873295
849700 -16130.4 -20004.1 299.965 -51.0719 0.872066
849800 -16073.3 -19945.5 299.853 -9.08067 0.87163
849900 -16029.3 -19928.9 301.967 -79.4979 0.871411
850000 -16065.9 -19976.8 302.842 -87.5517 0.871992
850100 -16172.6 -20001.5 296.493 28.335 0.873237
850200 -16207.3 -20053.8 297.861 81.4947 0.874211
850300 -16225.7 -20048.4 296.011 32.0892 0.874703
850400 -16177.8 -20040.3 299.095 -62.9492 0.874806
850500 -16089.3 -19978.1 301.133 171.842 0.875031
850600 -16061.2 -19954.6 301.495 135.299 0.874015
850700 -16156 -20007.9 298.275 -90.3911 0.871711
850800 -16243.4 -20055.9 295.232 -195.108 0.869949
850900 -16207.7 -20012.8 294.654 -284.085 0.870236
851000 -16133.9 -20014.5 300.492 151.836 0.872988
851100 -16123.4 -19950.8 296.385 200.091 0.874793
851200 -16111.9 -19991.9 300.451 113.829 0.874992
851300 -16149.6 -19994.7 297.752 92.2882 0.8739
851400 -16216.1 -20028.6 295.224 -231.707 0.871742
851500 -16215.9 -20001.9 293.179 -45.8976 0.871067
851600 -16126.7 -20005.4 300.351 143.226 0.871091
851700 -16089.6 -19962.1 299.874 146.857 0.869532
851800 -16093.8 -19917.1 296.059 -357.281 0.866678
851900 -16025.6 -19897.6 299.829 -60.0839 0.866193
852000 -15932.1 -19893.5 306.752 76.0938 0.866797
852100 -16011 -19918.5 302.577 -132.897 0.867061
852200 -16097.5 -19950.3 298.342 -152.539 0.868804
852300 -16152.1 -20032.7 300.499 33.0691 0.872163
852400 -16235.4 -20083.1 297.945 37.7287 0.875498
852500 -16272.3 -20107.3 296.974 -87.9502 0.878939
852600 -16269.1 -20116.5 297.931 189.806 0.883207
852700 -16270.8 -20089 295.668 219.301 0.885907
852800 -16209.5 -20086.8 300.244 146.885 0.886678
852900 -16137.8 -20046.5 302.679 194.274 0.88573
853000 -16180.4 -20051.3 299.749 31.4934 0.882835
853100 -16278 -20120.3 297.533 -89.7628 0.879688
853200 -16309.8 -20129.5 295.782 -9.11729 0.877284
853300 -16274.2 -20100 296.259 -296.842 0.875436
853400 -16203 -20037.3 296.91 -113.583 0.876201
853500 -16165.6 -20046.4 300.513 228.017 0.877994
853600 -16185.5 -20050.5 299.293 -17.59 0.877926
853700 -16215.4 -20049.2 296.878 -95.3763 0.877895
853800 -16240.1 -20072.1 296.742 -133.266 0.878945
853900 -16286.7 -20120.1 296.843 357.265 0.880448
854000 -16347.1 -20148.9 294.398 -109.012 0.879555
854100 -16348.1 -20172.7 296.163 42.7515 0.879246
854200 -16274 -20169.3 301.637 363.399 0.878032
854300 -16232.4 -20072 297.327 -201.337 0.874032
854400 -16165.2 -20036.1 299.749 -367.905 0.871934
854500 -16080.2 -19990.9 302.828 79.0062 0.872644
854600 -16101.9 -19946.6 297.725 16.7256 0.873172
854700 -16133.2 -19978.6 297.774 -218.796 0.873792
854800 -16249.7 -20074.7 296.19 45.7167 0.8761
854900 -16307.9 -20104.1 293.967 -59.8195 0.878524
855000 -16248.7 -20079.3 296.627 182.811 0.881245
855100 -16178.9 -20034.1 298.531 421.221 0.882204
855200 -16156.4 -20012.6 298.61 173.319 0.879421
855300 -16151 -19994.9 297.66 -150.752 0.874727
855400 -16103.6 -19958.2 298.486 -257.528 0.871348
855500 -16012.3 -19983.6 307.522 -209.379 0.870788
855600 -16097.4 -19991.1 301.514 -323.611 0.872394
855700 -16179 -20030.5 298.246 -7.88278 0.876563
855800 -16230.7 -20089.3 298.795 164.928 0.880756
855900 -16304 -20148 297.671 424.185 0.882878
856000 -16366.5 -20185.4 295.725 276.832 0.881144
856100 -16354.1 -20139.8 293.151 -82.0426 0.877188
856200 -16301 -20129.5 296.46 -22.0491 0.874248
856300 -16264.3 -20098.2 296.88 -247.313 0.87253
856400 -16215.7 -20104.6 301.143 -24.2141 0.872812
856500 -16223.5 -20109.4 300.912 54.6101 0.873328
856600 -16326.9 -20140.6 295.322 129.581 0.873295
856700 -16354.5 -20149.6 293.879 -146.163 0.872403
856800 -16299.6 -20116.6 295.574 -209.054 0.872927
856900 -16253.7 -20088.4 296.944 -16.4246 0.875095
857000 -16222 -20098 300.145 76.8906 0.877367
857100 -16242 -20113.2 299.772 248.865 0.878572
857200 -16343.6 -20169.3 296.248 210.908 0.877502
857300 -16381.1 -20182.4 294.357 -42.1251 0.874439
857400 -16337.6 -20144.1 294.76 -198.106 0.872164
857500 -16262.2 -20125.5 299.158 12.2293 0.871849
857600 -16233.7 -20052.9 295.744 -57.3494 0.871684
857700 -16171.8 -20039.8 299.527 -48.3534 0.872012
857800 -16118.1 -20050.2 304.483 190.347 0.872404
857900 -16242.4 -20091.6 298.067 65.4747 0.871289
858000 -16310 -20097 293.253 -263.692 0.869992
858100 -16253.6 -20111.8 298.766 59.2674 0.870668
858200 -16198.9 -20077.4 300.332 -33.4805 0.87116
858300 -16190.8 -20062.6 299.815 -15.5532 0.871861
858400 -16268.1 -20096.6 296.467 76.5807 0.872621
858500 -16351.1 -20161.6 295.067 -179.679 0.872863
858600 -16339.3 -20145.2 294.713 60.4508 0.874523
858700 -16285.2 -20173.1 301.063 226.924 0.875477
858800 -16282.8 -20097.4 295.387 -239.054 0.874806
858900 -16238.6 -20062.5 296.107 -203.238 0.876184
859000 -16175 -20049.4 300.015 -16.6382 0.879386
859100 -16182.6 -20071.5 301.142 126.086 0.882908
859200 -16280.4 -20108.6 296.441 396.177 0.88515
859300 -16310.5 -20107.2 294.003 234.228 0.883388
859400 -16260.4 -20064.1 294.544 -433.411 0.880034
859500 -16181.8 -20065.7 300.756 -109.54 0.880195
859600 -16187.1 -20047.3 298.917 37.6273 0.881788
859700 -16201.3 -19977 292.375 75.2948 0.882769
859800 -16085.6 -19987 302.112 4.61873 0.883106
859900 -16073.1 -19971.8 301.898 231.325 0.883088
860000 -16137.4 -19992.6 298.534 221.464 0.880975
860100 -16201.2 -20055.2 298.443 -155.819 0.877761
860200 -16251.2 -20104.3 298.367 20.751 0.876087
860300 -16257.3 -20046.2 293.399 -50.1086 0.87475
860400 -16217.9 -20068.9 298.209 105.082 0.873844
860500 -16197.1 -20013.2 295.499 -67.9972 0.872547
860600 -16146.3 -20033.1 300.974 20.5018 0.871646
860700 -16166.5 -20033 299.409 -125.496 0.871186
860800 -16296.3 -20093.8 294.063 -109.915 0.871744
860900 -16314.1 -20124.8 295.088 -109.377 0.873441
861000 -16263.3 -20109.8 297.858 43.8318 0.875871
861100 -16214.9 -20103.2 301.097 -24.4212 0.877824
861200 -16237.2 -20112 300.048 116.368 0.879651
861300 -16350 -20130.2 292.726 101.342 0.880358
861400 -16332 -20140.7 294.93 234.399 0.8796
861500 -16257.3 -20122.4 299.299 -98.4831 0.87732
861600 -16249.9 -20151.4 302.122 1.77413 0.875698
861700 -16302.5 -20159 298.638 22.4917 0.874265
861800 -16330.2 -20164.8 296.941 -143.432 0.872886
861900 -16315.4 -20150 296.933 -108.533 0.872753
862000 -16275 -20118.8 297.65 -64.62 0.873751
862100 -16179.1 -20068.5 301.175 121.075 0.875096
862200 -16101.9 -19996 301.544 174.09 0.875439
862300 -16115.2 -19968.7 298.405 -158.875 0.874459
862400 -16148.9 -20013.4 299.249 3.05769 0.874383
862500 -16225.1 -20076.2 298.212 -86.5984 0.874955
862600 -16283.7 -20101.7 295.656 -7.17724 0.875949
862700 -16281.3 -20121.5 297.369 149.512 0.876691
862800 -16270.2 -20108.1 297.19 95.245 0.876463
862900 -16241.6 -20095.2 298.406 -168.185 0.8756
863000 -16197.3 -20081.6 300.784 -60.6675 0.875814
863100 -16173.3 -20027 298.414 -73.5213 0.87688
863200 -16179.3 -20066.9 301.041 141.109 0.878617
863300 -16253.8 -20088.1 296.913 64.3575 0.879368
863400 -16311.3 -20148.1 297.11 -164.072 0.879617
863500 -16341 -20187.6 297.859 13.411 0.881312
863600 -16425.7 -20257.5 296.718 196.004 0.883319
863700 -16501.5 -20294.7 293.733 -28.011 0.884313
863800 -16468.6 -20291.1 296.002 52.8167 0.88538
863900 -16385.1 -20198.8 295.318 187.133 0.886081
864000 -16335.1 -20199.4 299.237 164.767 0.884906
864100 -16330.8 -20159.1 296.455 -30.379 0.881615
864200 -16300.9 -20131.9 296.659 1.9571 0.877674
864300 -16200.3 -20078.9 300.349 -517.557 0.873939
864400 -16163.8 -20054.1 301.251 -128.8 0.874193
864500 -16218.6 -20092.1 299.951 -82.9895 0.876414
864600 -16281.7 -20148.3 299.416 -103.647 0.879702
864700 -16314 -20147.4 296.839 340.235 0.883758
864800 -16314.6 -20180.4 299.348 312.481 0.884748
864900 -16354.7 -20198.5 297.645 131.039 0.882577
865000 -16445.6 -20214.5 291.853 -73.7303 0.879346
865100 -16541.7 -20308.6 291.694 -158.578 0.876978
865200 -16528.8 -20259 288.854 -55.5985 0.875865
865300 -16389.8 -20186.2 293.976 -59.668 0.875325
865400 -16317.1 -20163.5 297.855 70.271 0.875246
865500 -16262.9 -20115.4 298.322 33.8577 0.874781
865600 -16222.4 -20122.9 302.042 -119.496 0.874209
865700 -16271.8 -20124.5 298.339 160.808 0.874337
865800 -16347.6 -20177.1 296.544 53.4115 0.873139
865900 -16360.9 -20156.6 293.924 -202.849 0.871589
866000 -16245.4 -20093.1 297.949 152.81 0.871442
866100 -16167.8 -20022.5 298.495 -53.6794 0.870342
866200 -16171.7 -20055.1 300.711 3.6163 0.869324
866300 -16243.5 -20080 297.08 -234.702 0.868674
866400 -16291.1 -20092.6 294.378 21.0107 0.869728
866500 -16230.1 -20045.9 295.479 -78.5773 0.871294
866600 -16134.6 -19985.1 298.166 -193.702 0.87366
866700 -16102.7 -19953.6 298.199 -47.5471 0.878113
866800 -16092 -19962.2 299.688 351.448 0.883012
866900 -16157.8 -20043.5 300.889 219.491 0.885142
867000 -16275.6 -20109.5 296.879 314.659 0.884575
867100 -16269.8 -20063.2 293.748 -78.1127 0.881393
867200 -16193.1 -20056.6 299.169 -140.397 0.878571
867300 -16149.6 -20018.6 299.596 70.4349 0.87705
867400 -16161.4 -20033.9 299.877 212.484 0.874986
867500 -16282.9 -20100 295.577 -183.846 0.871605
867600 -16315.6 -20087.1 292.052 -375.539 0.870137
867700 -16237 -20038.7 294.389 -40.0398 0.871971
867800 -16161.7 -20041 300.393 131.12 0.874115
867900 -16181.9 -20056.7 300.052 -181.584 0.875299
868000 -16244.3 -20079.2 296.958 -23.7416 0.877276
868100 -16277.8 -20082.5 294.622 125.308 0.879128
868200 -16224.9 -20094.3 299.636 134.665 0.879895
868300 -16136.1 -20035 301.914 299.067 0.878891
868400 -16146.3 -20000.9 298.483 -161.226 0.876079
868500 -16203.4 -20038.6 296.982 -177.369 0.874922
868600 -16289.7 -20107.3 295.618 1.13207 0.875491
868700 -16367.7 -20158.5 293.54 92.2673 0.875708
868800 -16317 -20112.8 293.932 11.5679 0.875384
868900 -16201.5 -20064 299.095 149.349 0.874853
869000 -16193 -20051 298.752 19.1929 0.872975
869100 -16200.2 -20027.6 296.383 -4.90969 0.871002
869200 -16170.6 -20019.1 298.016 -101.627 0.869451
869300 -16102.3 -19976.8 300.023 -91.0653 0.868744
869400 -16053.1 -19949.8 301.741 -154.801 0.86918
869500 -16102 -19983.3 300.56 -181.675 0.871155
869600 -16232.7 -20082.9 298.143 -45.3209 0.874874
869700 -16275.6 -20117.7 297.519 45.3545 0.878798
869800 -16278.7 -20120.6 297.506 -80.6122 0.882108
869900 -16256.6 -20123.7 299.452 310.029 0.885205
870000 -16241.5 -20098.7 298.687 112.672 0.885669
870100 -16244 -20075.4 296.687 173.1 0.884669
870200 -16211.2 -20092.6 300.56 149.16 0.882246
870300 -16222.7 -20088.1 299.322 0.958862 0.878737
870400 -16288.2 -20081.6 293.749 -40.6943 0.875305
870500 -16259.2 -20077.1 295.644 -236.964 0.872847
870600 -16157.9 -20053.6 301.667 -108.12 0.872746
870700 -16159.4 -20027 299.497 45.7487 0.873823
870800 -16199.2 -20080.7 300.568 -14.0663 0.874609
870900 -16250.4 -20072.4 295.959 -9.69887 0.875244
871000 -16267.5 -20139.2 299.805 -125.534 0.876179
871100 -16284.7 -20127.5 297.577 -109.354 0.878223
871200 -16287.6 -20140.3 298.334 6.97482 0.88131
871300 -16283.5 -20138.7 298.535 526.181 0.883305
871400 -16282.5 -20102.8 295.83 -214.014 0.881394
871500 -16231.8 -20067.8 297.044 -118.387 0.88074
871600 -16147.5 -20025.3 300.278 -62.6897 0.881638
871700 -16153.9 -20084.1 304.336 276.186 0.882824
871800 -16252.5 -20089.4 297.113 -37.8549 0.881985
871900 -16269.4 -20115.6 297.84 -151.49 0.881146
872000 -16271.8 -20121.2 298.083 200.482 0.881429
872100 -16266.9 -20102.8 297.043 104.771 0.880217
872200 -16206 -20069.5 299.177 32.0783 0.877739
872300 -16126.9 -20021.8 301.606 -124.638 0.875114
872400 -16125.3 -19994.6 299.624 -338.377 0.87395
872500 -16222.7 -20043.5 295.864 -131.718 0.87584
872600 -16291.9 -20106.6 295.394 108.96 0.878892
872700 -16290.7 -20137.7 297.898 30.2961 0.881287
872800 -16286.7 -20138 298.225 129.971 0.883075
872900 -16286.4 -20122.4 297.047 -44.1627 0.883658
873000 -16231.8 -20072.7 297.427 105.997 0.884242
873100 -16120.2 -20000.7 300.493 187.297 0.884236
873200 -16112.6 -20020.9 302.646 -3.99682 0.882572
873300 -16198.4 -20081.1 300.657 -86.2749 0.880597
873400 -16256.9 -20090.5 296.858 -127.295 0.879523
873500 -16258.1 -20092.5 296.925 23.2558 0.879558
873600 -16222.2 -20078.1 298.581 -71.9172 0.879507
873700 -16150.1 -20041.9 301.373 27.2749 0.879953
873800 -16071.8 -19972.2 302.033 -182.978 0.880869
873900 -16074.3 -20024 305.852 236.313 0.882997
874000 -16205.3 -20043.8 297.242 7.35673 0.883647
874100 -16215.8 -20058.1 297.532 124.675 0.883463
874200 -16214.1 -20097.9 300.748 7.22609 0.882324
874300 -16276.1 -20072.2 293.953 -54.5727 0.880588
874400 -16270.8 -20094 296.048 -58.8147 0.87917
874500 -16174.7 -20090.8 303.243 160.354 0.877687
874600 -16152.5 -19972.5 295.801 67.0403 0.873952
874700 -16072.7 -19940.6 299.519 -327.187 0.86854
874800 -15979.9 -19910.1 304.346 -281.615 0.865032
874900 -16039.2 -19914.3 300.072 -128.807 0.864152
875000 -16118 -20002.7 300.813 -201.12 0.864862
875100 -16186.6 -20024.1 297.164 -200.403 0.867654
875200 -16194.3 -20036.5 297.521 57.0115 0.872344
875300 -16211.8 -20085.3 299.953 308.556 0.876868
875400 -16332.5 -20144.1 295.15 132.434 0.878777
875500 -16359 -20141.1 292.868 30.1849 0.879099
875600 -16289.9 -20112.3 295.989 -272.428 0.879524
875700 -16224.4 -20085.5 298.988 19.1625 0.881836
875800 -16216.3 -20091.2 300.064 275.871 0.884435
875900 -16260.2 -20091.4 296.669 194.758 0.88454
876000 -16289 -20111.2 295.973 -50.8792 0.882378
876100 -16311 -20117.3 294.751 -43.1652 0.880606
876200 -16261.6 -20089.4 296.413 -55.0377 0.879493
876300 -16185.4 -20046.9 299.022 -40.6371 0.878964
876400 -16143.8 -20012.8 299.599 191.988 0.878446
876500 -16137.7 -20000.8 299.142 -73.1945 0.876646
876600 -16191.9 -20020.4 296.457 -185.022 0.87551
876700 -16277.9 -20118.9 297.431 181.499 0.875601
876800 -16324.5 -20114.3 293.47 21.8437 0.874266
876900 -16267.6 -20118.4 298.195 -145.567 0.87272
877000 -16201.8 -20057.2 298.548 97.4947 0.871991
877100 -16179.1 -20045.3 299.386 -255.906 0.87122
877200 -16186.3 -20055.4 299.611 131.897 0.872034
877300 -16217.7 -20051.7 296.888 48.4292 0.872344
877400 -16242.6 -20085.3 297.562 -52.5176 0.871997
877500 -16246.1 -20065.1 295.735 -183.256 0.871959
877600 -16188.4 -20034.1 297.802 -136.17 0.874153
877700 -16118 -20047.2 304.265 424.961 0.877479
877800 -16173.7 -20056.9 300.698 -109.685 0.877908
877900 -16260 -20115.8 298.581 135.423 0.878686
878000 -16290.4 -20133.7 297.61 193.102 0.878647
878100 -16303.7 -20116.6 295.259 -40.1664 0.876563
878200 -16243.3 -20108.2 299.285 8.35109 0.874413
878300 -16170.9 -20062.3 301.335 -13.0639 0.871891
878400 -16180.2 -20016.7 297.087 -287.567 0.869525
878500 -16167.4 -20009 297.475 45.8343 0.869325
878600 -16070.2 -19972.8 302.198 7.44494 0.868849
878700 -16054.7 -19955.4 302.051 -296.609 0.868697
878800 -16137.9 -20000.7 299.12 -103.591 0.870902
878900 -16203.4 -20003.2 294.245 -109.559 0.87476
879000 -16188.2 -20062.1 299.985 313.241 0.879412
879100 -16214.5 -20084.5 299.676 77.1501 0.881718
879200 -16333.2 -20121.7 293.366 286.102 0.882636
879300 -16342.5 -20115.6 292.174 -108.175 0.88165
879400 -16273.6 -20131.7 298.757 110.644 0.880848
879500 -16236.1 -20089.6 298.402 -49.7643 0.879221
879600 -16215.1 -20076.1 298.982 -102.433 0.877819
879700 -16174.6 -19999.6 296.196 73.8552 0.877543
879800 -16077.1 -19984.7 302.588 216.603 0.876366
879900 -16080.6 -19962.9 300.633 -148.377 0.873326
880000 -16156.2 -19987 296.641 -274.221 0.871874
880100 -16194.3 -20028.3 296.888 -64.5168 0.87284
880200 -16188.9 -19998.8 295.021 69.7881 0.874742
880300 -16152.7 -19998 297.766 133.225 0.875849
880400 -16144.4 -19991.5 297.905 15.673 0.875695
880500 -16153.2 -20017.4 299.232 38.8221 0.875202
880600 -16203.5 -20032.3 296.488 -287.349 0.874714
880700 -16263.5 -20040.5 292.471 32.8354 0.876617
880800 -16206.3 -20102.7 301.721 101.249 0.87867
880900 -16128.7 -20006.3 300.264 90.5463 0.879603
881000 -16056.6 -19996.3 305.074 -59.2156 0.879952
881100 -16129.2 -20016 300.976 154.122 0.880381
881200 -16237.4 -20060.1 296.012 1.14945 0.879742
881300 -16233.9 -20066.8 296.801 332.581 0.878298
881400 -16184.2 -20017 296.801 35.4102 0.874127
881500 -16117.3 -20037.7 303.581 -234.776 0.869558
881600 -16172.7 -20020.1 297.926 -201.559 0.867043
881700 -16248 -20059.2 295.123 -406.212 0.866855
881800 -16249.1 -20088.5 297.31 -295.134 0.870437
881900 -16225 -20061.3 297.074 136.789 0.876351
882000 -16187.3 -20045.1 298.734 236.215 0.880491
882100 -16151.7 -20047.6 301.681 220.386 0.881948
882200 -16144.8 -20030.8 300.913 118.032 0.881273
882300 -16213.9 -20020.1 294.74 110.475 0.879527
882400 -16235 -20071.1 297.055 84.2888 0.877255
882500 -16209.1 -20048.6 297.318 21.5082 0.874757
882600 -16124.9 -19957.1 296.747 -168.09 0.873023
882700 -16025.2 -19879.4 298.456 -86.2816 0.872919
882800 -16002.5 -19897.6 301.617 177.872 0.873491
882900 -16070.9 -19947.8 300.215 -141.18 0.872951
883000 -16152.9 -19987.4 296.934 -198.118 0.873452
883100 -16170.7 -20066 301.64 25.8349 0.875535
883200 -16227.9 -20038.1 295.049 192.063 0.877204
883300 -16227.1 -20053.3 296.282 -82.0216 0.87761
883400 -16132.5 -20003.9 299.79 27.2181 0.878161
883500 -16028.6 -19923.2 301.587 132.612 0.878549
883600 -16054.4 -19949.7 301.64 56.6753 0.878048
883700 -16137.5 -20031.1 301.502 -136.206 0.877002
883800 -16217.9 -20104.2 300.94 80.313 0.876651
883900 -16288.7 -20135.3 297.864 88.8431 0.875827
884000 -16314.3 -20126.4 295.194 116.379 0.874067
884100 -16265.8 -20117.6 298.266 -172.488 0.871405
884200 -16162.6 -20038.7 300.146 -166.216 0.870283
884300 -16074.1 -19920.8 297.873 -233.182 0.870971
884400 -16060.8 -19957.7 301.761 282.552 0.87346
884500 -16121.4 -19991.6 299.7 202.056 0.873816
884600 -16194.2 -20073.7 300.411 53.8894 0.871802
884700 -16232 -20012.4 292.742 -357.673 0.869669
884800 -16177.6 -20003.2 296.243 -31.8633 0.87039
884900 -16147.2 -20043.2 301.694 -117.002 0.872107
885000 -16183.7 -20014.1 296.614 -89.5785 0.874707
885100 -16195 -20071 300.147 226.34 0.878176
885200 -16284 -20079.2 293.883 223.612 0.879661
885300 -16352.1 -20143.6 293.595 -31.3995 0.879242
885400 -16302.7 -20134.5 296.718 112.233 0.878702
885500 -16239.7 -20076.2 297.084 -60.5998 0.877235
885600 -16204.8 -20022.7 295.643 -134.472 0.876203
885700 -16162 -20019.9 298.74 46.9804 0.876176
885800 -16153.4 -20000.8 297.926 -163.907 0.876182
885900 -16134.8 -19933.9 294.188 47.4029 0.877447
886000 -16013.3 -19917.6 302.328 55.6099 0.878725
886100 -16019.8 -19935.5 303.216 112.09 0.879348
886200 -16109.3 -19961.4 298.287 -10.8115 0.879111
886300 -16168.8 -20007 297.209 7.5084 0.878763
886400 -16213.6 -20075.4 299.042 192.835 0.878192
886500 -16291.8 -20082.6 293.546 -236.916 0.87601
886600 -16302.4 -20100.4 294.098 -183.802 0.875302
886700 -16173.7 -20044.8 299.765 105.532 0.876277
886800 -16123.5 -19983.3 298.888 8.96303 0.876812
886900 -16126.8 -20014.8 301.074 231.648 0.876975
887000 -16218.7 -20046.6 296.42 -29.8062 0.875306
887100 -16249.4 -20057.2 294.863 -91.7311 0.87342
887200 -16211.8 -20043.9 296.742 -224.983 0.872472
887300 -16173.1 -20037.6 299.251 -117.199 0.873521
887400 -16160.6 -20026.7 299.371 227.05 0.875624
887500 -16182.6 -20042.4 298.887 118.728 0.876209
887600 -16202 -20078.5 300.18 -28.1948 0.875618
887700 -16248.6 -20091.5 297.584 -134.552 0.874926
887800 -16279.1 -20073.7 293.836 -109.126 0.875757
887900 -16207.5 -20054.7 297.911 139.235 0.877616
888000 -16143.6 -20023.3 300.425 -195.84 0.878682
888100 -16141.5 -20016.4 300.057 307.673 0.880784
888200 -16181.9 -20029.5 297.941 108.939 0.880838
888300 -16195.9 -20021.6 296.251 34.0385 0.879609
888400 -16169.5 -19983.2 295.313 -45.0122 0.87795
888500 -16109.1 -19979.1 299.675 -107.111 0.87654
888600 -16086.3 -19964.2 300.289 213.07 0.875698
888700 -16150.7 -19981.9 296.679 -110.591 0.873314
888800 -16229.8 -19986.6 290.91 -70.2665 0.871583
888900 -16163.8 -19979.1 295.441 192.628 0.870258
889000 -16094 -19913.6 295.775 -288.005 0.867721
889100 -16036.6 -19896 298.859 -66.8497 0.867167
889200 -16035.8 -19932.3 301.726 27.8544 0.867712
889300 -16121.3 -19995.4 299.997 46.8462 0.867913
889400 -16181.1 -20038.2 298.683 -72.0312 0.867922
889500 -16204.7 -20048.7 297.669 -26.908 0.868398
889600 -16208 -20012.4 294.597 8.12976 0.869137
889700 -16122.9 -20021.4 301.886 -1.44812 0.870144
889800 -16107.6 -19996.8 301.166 -112.321 0.871402
889900 -16160.6 -20028.5 299.516 133.496 0.873305
890000 -16204.4 -20043.4 297.273 28.4566 0.874437
890100 -16190.5 -20020.5 296.582 63.6501 0.87529
890200 -16133.6 -19960.4 296.334 209.324 0.875501
890300 -16062.2 -19944 300.593 131.334 0.873725
890400 -16076.3 -20012.1 304.774 -151.204 0.870588
890500 -16169.5 -20037.2 299.499 -162.566 0.868368
890600 -16190 -20010.1 295.816 -140.744 0.867507
890700 -16157.1 -20016.3 298.836 -158.038 0.868263
890800 -16122.8 -19994.9 299.838 19.763 0.870736
890900 -16116.5 -19994.5 300.292 18.504 0.873345
891000 -16189.9 -20063.3 299.939 109.535 0.875863
891100 -16281.5 -20091.6 295.039 -5.13919 0.877738
891200 -16280.4 -20106.4 296.273 167.701 0.879328
891300 -16217.5 -20072.5 298.516 206.697 0.879642
891400 -16135 -20022 300.989 71.4926 0.877825
891500 -16112 -19988.7 300.203 -241.28 0.875559
891600 -16203.2 -20015.6 295.221 -30.0094 0.874912
891700 -16267.8 -20055.2 293.278 -126.917 0.874984
891800 -16210.7 -20055.8 297.752 53.3255 0.87627
891900 -16143.9 -20008.3 299.241 162.788 0.876864
892000 -16118.5 -19968.7 298.14 20.6484 0.876096
892100 -16073 -19952.4 300.404 -25.0154 0.874954
892200 -15999 -19926.8 304.153 36.5626 0.873904
892300 -16032.8 -19887.7 298.507 13.665 0.872709
892400 -16114.2 -19961.7 297.938 -267.646 0.871844
892500 -16177.5 -20033.6 298.598 256.151 0.872469
892600 -16216.3 -20063.5 297.916 -206.784 0.871925
892700 -16215.8 -20050.1 296.918 184.635 0.872148
892800 -16199.4 -20041.9 297.544 -47.3438 0.871374
892900 -16155.3 -20002.4 297.902 -258.066 0.870974
893000 -16043.3 -19938.7 301.65 -78.1234 0.872765
893100 -16009.7 -19932 303.728 93.4638 0.875583
893200 -16085.8 -20016.7 304.396 117.418 0.877764
893300 -16162.6 -20010.1 297.936 30.0294 0.87893
893400 -16203.5 -20032.2 296.485 16.1986 0.879732
893500 -16210.1 -20045.3 296.986 43.6848 0.880557
893600 -16175.5 -20062.3 300.977 305.835 0.880497
893700 -16176.4 -20024.2 297.96 -237.752 0.878172
893800 -16185.1 -20024.6 297.316 -208.668 0.877429
893900 -16182.1 -20033.6 298.241 41.5807 0.878501
894000 -16175.8 -20023.2 297.926 122.593 0.879539
894100 -16155.6 -19998.1 297.551 57.5877 0.879694
894200 -16119.2 -20008.5 301.175 1.1642 0.879155
894300 -16141.4 -20020.6 300.393 -194.944 0.878698
894400 -16236.7 -20062.4 296.246 2.40834 0.879767
894500 -16282.1 -20099.6 295.61 32.9516 0.881292
894600 -16258 -20111.5 298.398 171.703 0.882575
894700 -16167.1 -20041.4 300.013 170.994 0.882127
894800 -16054.3 -19955.5 302.094 -8.34859 0.880023
894900 -16061.6 -19949.4 301.062 -208.255 0.877793
895000 -16103.6 -19940 297.069 -168.786 0.877096
895100 -16121.9 -19968.7 297.884 -25.2662 0.87823
895200 -16153.1 -20022.2 299.612 253.122 0.879758
895300 -16284.7 -20081.6 294.011 -75.0213 0.879228
895400 -16310.4 -20084.2 292.223 -301.306 0.879185
895500 -16218.6 -20048.2 296.55 -8.05468 0.882142
895600 -16162.9 -20044.1 300.546 126.931 0.885823
895700 -16181.8 -20063.9 300.618 123.773 0.888157
895800 -16277.9 -20125.7 297.961 -61.8764 0.889687
895900 -16336.1 -20182.5 297.851 290.507 0.891581
896000 -16342.2 -20167 296.174 285.893 0.890862
896100 -16284 -20088.2 294.584 219.253 0.886935
896200 -16193.3 -20033.8 297.393 1.74933 0.880958
896300 -16155.5 -19981 296.227 -404.032 0.875835
896400 -16108.9 -19978 299.604 -119.293 0.874426
896500 -16084 -19976.8 301.442 -5.58521 0.874631
896600 -16156.6 -20008 298.236 -115.006 0.875161
896700 -16254.5 -20083 296.464 5.09568 0.876538
896800 -16273.9 -20100.2 296.289 145.227 0.877801
896900 -16236.4 -20067.4 296.658 -134.227 0.878089
897000 -16133.2 -20048.7 303.204 95.3656 0.8791
897100 -16131.5 -20031.7 302.015 51.8604 0.879304
897200 -16179.3 -20020.8 297.472 -167.625 0.879064
897300 -16199.5 -20076.3 300.205 181.05 0.87999
897400 -16245 -20077.4 296.766 220.434 0.879435
897500 -16252.4 -20049.9 294.062 -284.901 0.877316
897600 -16125.7 -20032.4 302.526 175.184 0.876871
897700 -16112.2 -19983.6 299.788 -27.753 0.875585
897800 -16157.5 -20008.4 298.202 -184.323 0.874355
897900 -16213.1 -20050 297.114 -32.5491 0.874637
898000 -16288.4 -20084 293.918 -226.101 0.875913
898100 -16368.3 -20198 296.557 95.8897 0.878854
898200 -16451.5 -20198.3 290.137 13.7353 0.88143
898300 -16383 -20161.6 292.603 169.165 0.883578
898400 -16298.5 -20106.7 294.887 275.45 0.884426
898500 -16222.3 -20066.3 297.662 244.602 0.882524
898600 -16180 -20065.2 300.854 27.9057 0.877887
898700 -16198.5 -20029.4 296.652 -443.476 0.873565
898800 -16206.2 -20030.9 296.17 -111.493 0.87295
898900 -16170.9 -20039 299.526 -6.2545 0.87393
899000 -16127.3 -19987.4 298.907 86.132 0.874977
899100 -16096.1 -19981.5 300.873 88.2354 0.875013
899200 -16132.9 -20004.2 299.783 -191.32 0.87443
899300 -16235.5 -20054.9 295.759 -137.39 0.875377
899400 -16266.7 -20078.1 295.141 23.9413 0.877653
899500 -16209.6 -20024.6 295.425 6.14348 0.879744
899600 -16154.1 -20067.1 303.004 211.962 0.881204
899700 -16208.6 -20080.3 299.808 -21.8843 0.880942
899800 -16252.7 -20052.2 294.217 -306.715 0.881051
899900 -16213.2 -20042.6 296.534 149.278 0.883131
900000 -16111.2 -19985.5 300.013 126.583 0.884011
900100 -16092.4 -19985.1 301.431 110.849 0.883871
900200 -16146.8 -20014.6 299.507 193.837 0.882366
900300 -16198 -20028.5 296.619 120.689 0.879522
900400 -16208.9 -20041.7 296.793 25.6102 0.87619
900500 -16167.7 -20015.7 297.976 -39.803 0.873107
900600 -16071.7 -19970.2 301.881 -69.5127 0.871104
900700 -16088 -19982.5 301.572 -255.77 0.870264
900800 -16167.9 -20013.5 297.785 48.243 0.871382
900900 -16218.7 -20094.4 300.119 113.922 0.872275
901000 -16260.3 -20095.3 296.97 -287.033 0.872348
901100 -16247.1 -20047.9 294.322 -123.746 0.874571
901200 -16182.1 -20047.2 299.303 151.675 0.877745
901300 -16171 -20004.5 296.849 -94.2089 0.879852
901400 -16154.4 -20018.1 299.19 306.727 0.881857
901500 -16164.4 -20048.5 300.771 49.1122 0.881429
901600 -16222.9 -20066.3 297.621 -167.51 0.880305
901700 -16268.6 -20121.6 298.366 -111.431 0.880719
901800 -16281.2 -20134.5 298.384 195.778 0.882001
901900 -16282.3 -20116.5 296.902 69.8446 0.881731
902000 -16263.8 -20108 297.682 -94.922 0.880716
902100 -16226.4 -20111.5 300.853 44.3052 0.880319
902200 -16223.9 -20071 297.905 -212.252 0.880143
902300 -16273.2 -20144.1 299.75 -6.83511 0.881554
902400 -16379.3 -20219.7 297.381 92.0634 0.883213
902500 -16415.5 -20232.7 295.592 -105.202 0.88418
902600 -16387.4 -20235.5 297.978 177.369 0.885831
902700 -16306.4 -20159.9 298.4 136.882 0.886323
902800 -16200.1 -20087.6 301.035 114.851 0.885143
902900 -16209.4 -20081.7 299.862 -197.215 0.883211
903000 -16250 -20085.8 297.032 41.8549 0.882629
903100 -16235.4 -20036.2 294.323 154.421 0.881573
903200 -16125.3 -20039.5 303.097 -122.746 0.879094
903300 -16118.2 -19966.1 297.966 -353.146 0.877992
903400 -16118.8 -19968.5 298.108 -96.7274 0.879973
903500 -16131.8 -19969.5 297.174 123.421 0.883263
903600 -16172.1 -20026.3 298.449 322.623 0.885404
903700 -16256.2 -20075.9 295.786 -169.833 0.885035
903800 -16287.6 -20077.7 293.49 164.593 0.885311
903900 -16212 -20080.2 299.536 164.538 0.884674
904000 -16160.1 -20040.3 300.47 -2.62173 0.881951
904100 -16163.2 -20005.4 297.526 -99.4801 0.878597
904200 -16162.3 -20004.7 297.537 -319.019 0.876411
904300 -16166.6 -20034.4 299.508 -5.40626 0.877
904400 -16199.4 -20027.8 296.46 91.9761 0.877915
904500 -16261.1 -20050.1 293.406 -231.063 0.878507
904600 -16307.5 -20140.1 296.782 117.802 0.880917
904700 -16320.1 -20092.9 292.147 213.635 0.883055
904800 -16226.8 -20113.3 300.953 240.466 0.883314
904900 -16207.2 -20081.3 299.994 44.1553 0.881099
905000 -16228.9 -20045.3 295.526 -235.382 0.87804
905100 -16189.5 -20060.1 299.727 129.938 0.876279
905200 -16087.7 -19987.2 301.961 79.4089 0.873456
905300 -16078.6 -19985.1 302.507 -179.51 0.869523
905400 -16165.5 -20012.8 297.916 -317.283 0.867146
905500 -16193.9 -20029.8 297.041 -254.4 0.867661
905600 -16200 -20055.2 298.535 -104.761 0.870905
905700 -16214.1 -20045.9 296.718 101.502 0.875492
905800 -16209.8 -20091.2 300.564 128.498 0.879323
905900 -16254.8 -20079.4 296.158 42.5159 0.88168
906000 -16277.6 -20079.4 294.398 122.407 0.883359
906100 -16212.7 -20120.7 302.621 126.789 0.883644
906200 -16209.1 -20046.9 297.18 -77.7416 0.882769
906300 -16244.4 -20046.1 294.389 81.449 0.882556
906400 -16238.1 -20056.8 295.703 -72.3495 0.881904
906500 -16156.3 -20021 299.267 148.276 0.881334
906600 -16117.5 -20015.5 301.842 17.0011 0.879833
906700 -16176.3 -20043.4 299.457 -179.224 0.878107
906800 -16280.1 -20094 295.334 -272.189 0.878196
906900 -16274.8 -20074.7 294.248 191.881 0.880573
907000 -16208.7 -20062.8 298.449 305.676 0.881294
907100 -16171.2 -20035 299.198 81.8172 0.879286
907200 -16178.5 -20055.1 300.188 -135.774 0.876553
907300 -16273.9 -20089.1 295.434 -352.612 0.875095
907400 -16327.7 -20105.8 292.561 -253.942 0.876778
907500 -16259.1 -20074.8 295.469 107.64 0.880906
907600 -16198.9 -20054.1 298.532 236.193 0.884208
907700 -16201.2 -20061.6 298.928 155.162 0.885251
907800 -16215.2 -20049.8 296.936 170.702 0.884343
907900 -16188.2 -20005.3 295.576 -178.931 0.882384
908000 -16082.7 -19963.9 300.54 262.646 0.881347
908100 -16068.1 -19969.5 302.108 244.379 0.87839
908200 -16139.4 -19983.5 297.67 -227.297 0.874174
908300 -16179.6 -19995.2 295.472 -220.187 0.872164
908400 -16160.9 -19998.1 297.144 -228.168 0.872537
908500 -16153.9 -20057.4 302.277 113.301 0.87471
908600 -16192.3 -20033.6 297.46 105.219 0.875846
908700 -16192.8 -20006.8 295.338 40.9825 0.875767
908800 -16118.6 -19965.8 297.911 15.3983 0.875279
908900 -16048.9 -19917.7 299.587 97.5651 0.874417
909000 -16050.7 -19928.8 300.299 -95.7917 0.873203
909100 -16093.7 -19960.6 299.439 110.552 0.872488
909200 -16138.5 -19963.3 296.175 -17.6541 0.871154
909300 -16144.1 -20003.5 298.855 -336.759 0.870564
909400 -16139.7 -19946.2 294.768 -238.342 0.872747
909500 -16121.6 -19994.6 299.911 211.18 0.876776
909600 -16147.7 -20015 299.471 -17.5692 0.879204
909700 -16232.3 -20085.7 298.389 -30.4081 0.881207
909800 -16297.6 -20129.4 296.72 177.026 0.883337
909900 -16287.3 -20096.4 294.961 269.867 0.88337
910000 -16218 -20051.1 296.819 -31.6274 0.881122
910100 -16161.7 -20017.4 298.572 36.4286 0.879232
910200 -16152.3 -20024.9 299.876 106.653 0.877113
910300 -16173.7 -20012.6 297.269 -302.559 0.874682
910400 -16210.3 -20061 298.19 97.1995 0.874273
910500 -16309.8 -20105.2 293.902 -54.6757 0.87384
910600 -16320 -20099.4 292.661 -5.46482 0.873562
910700 -16218.8 -20040.7 295.949 -221.602 0.873597
910800 -16150.3 -20004.2 298.438 -11.2477 0.875487
910900 -16136.3 -20023 300.968 463.252 0.877303
911000 -16193.6 -19988 293.823 231.385 0.8751
911100 -16198.3 -20031.3 296.815 -278.17 0.870934
911200 -16099.4 -19990 301.272 75.2936 0.868783
911300 -16064 -19951.1 301.008 -55.5592 0.867006
911400 -16114.8 -19948.6 296.871 -276.123 0.865958
911500 -16223.2 -20018.6 293.903 -157.696 0.867153
911600 -16272.2 -20091.3 295.731 61.2089 0.86974
911700 -16239.2 -20051.9 295.241 -139.149 0.871913
911800 -16108.4 -19988.2 300.436 7.44313 0.874713
911900 -16111.4 -19999.1 301.054 217.078 0.877265
912000 -16198.1 -20099.6 302.116 1.40602 0.877966
912100 -16294.6 -20120.7 296.274 68.5461 0.878172
912200 -16289.7 -20099.2 294.991 -63.9927 0.878033
912300 -16211.2 -20061.8 298.176 100.502 0.878018
912400 -16172.5 -20029.5 298.669 30.8756 0.877282
912500 -16150.6 -19969.9 295.754 -95.4495 0.876446
912600 -16117.9 -20035.6 303.369 185.121 0.876091
912700 -16162.1 -20052.1 301.222 21.4931 0.874583
912800 -16207.8 -20054.3 297.856 190.732 0.872485
912900 -16227.2 -20051.4 296.125 -346.167 0.869769
913000 -16206.4 -20042.2 297.029 -87.2192 0.869815
913100 -16123.3 -19999.4 300.148 -65.3193 0.870912
913200 -16071.8 -19950.8 300.373 85.3627 0.872462
913300 -16107.9 -19985.1 300.238 -173.653 0.87355
913400 -16225.8 -20045.6 295.797 -68.1607 0.875498
913500 -16256.9 -20098.8 297.504 152.438 0.877694
913600 -16247.4 -20100.2 298.348 -33.0151 0.878542
913700 -16260.8 -20090 296.524 58.991 0.879235
913800 -16267.6 -20086.2 295.7 -8.13217 0.879491
913900 -16173.6 -20027.8 298.452 -70.0629 0.879647
914000 -16113.9 -20013.5 301.971 146.355 0.880191
914100 -16155.7 -20002.7 297.897 26.1605 0.879799
914200 -16202.1 -20034.2 296.746 -27.8832 0.879177
914300 -16270.4 -20091.2 295.872 200.94 0.878606
914400 -16377.2 -20145.7 291.82 -117.484 0.876933
914500 -16336.7 -20128.1 293.588 -136.573 0.8763
914600 -16241 -20028.4 293.282 51.5378 0.876718
914700 -16166.5 -20040.2 299.961 -99.4154 0.877198
914800 -16163.9 -20067.2 302.256 10.5208 0.878112
914900 -16248.4 -20081.1 296.788 -102.491 0.879053
915000 -16290.9 -20137.3 297.851 91.9516 0.880612
915100 -16290.8 -20092.1 294.36 65.2861 0.88171
915200 -16247.6 -20072.9 296.215 35.305 0.882093
915300 -16206.5 -20038.7 296.75 -316.731 0.8827
915400 -16177.9 -20057.1 300.387 271.413 0.885359
915500 -16218.2 -20102.8 300.809 453.599 0.885652
915600 -16301.6 -20117.5 295.486 -122.699 0.882441
915700 -16296.4 -20135.7 297.301 -149.86 0.879913
915800 -16274.3 -20123.4 298.059 114.406 0.878483
915900 -16247.5 -20072.2 296.175 150.072 0.876
916000 -16150.2 -20032.4 300.621 -143.178 0.872725
916100 -16077.3 -19939.2 299.051 -49.525 0.870391
916200 -16079.8 -19959 300.386 -177.912 0.869119
916300 -16127.9 -20001.4 299.949 -35.3185 0.869443
916400 -16164.5 -19996.9 296.765 -95.5614 0.870321
916500 -16158.3 -19981.2 296.032 -48.7573 0.872074
916600 -16110.5 -19956.1 297.79 69.6216 0.874176
916700 -16068.6 -19991.7 303.789 120.151 0.875598
916800 -16165.8 -20013.3 297.936 35.602 0.875846
916900 -16239 -20056.6 295.623 -236.964 0.875927
917000 -16224.8 -20101.1 300.166 58.9547 0.877622
917100 -16269.3 -20163.6 301.559 9.57719 0.87926
917200 -16358 -20143.3 293.124 -2.6118 0.880807
917300 -16323 -20128.5 294.679 385.578 0.881715
917400 -16253.2 -20092.2 297.279 232.746 0.879405
917500 -16209.7 -20034.1 296.148 -57.6498 0.874945
917600 -16154.5 -19989.8 296.991 -51.1544 0.871105
917700 -16115.3 -19984.2 299.589 -157.818 0.868501
917800 -16121.8 -19977.7 298.587 -84.3011 0.867289
917900 -16132.9 -19996 299.144 -67.65 0.866987
918000 -16164.5 -20027.5 299.133 -171.22 0.867347
918100 -16202.4 -20010.1 294.852 -181.975 0.869452
918200 -16148.5 -20004.6 298.6 77.6514 0.872865
918300 -16022.7 -19957.5 304.692 103.82 0.875215
918400 -16060.6 -19925.2 299.259 25.89 0.876326
918500 -16143 -20023.3 300.471 48.6357 0.876782
918600 -16215.6 -20043.3 296.407 -67.8567 0.876788
918700 -16234.7 -20066.9 296.752 80.3019 0.8773
918800 -16222 -20071 298.051 304.205 0.876876
918900 -16138.3 -20030.4 301.392 -11.7961 0.874288
919000 -16053.8 -19931 300.237 39.7999 0.871538
919100 -16045.1 -19924.5 300.412 -98.7335 0.869049
919200 -16137 -19988.1 298.212 -203.23 0.867814
919300 -16215.1 -19996.9 292.853 148.267 0.868031
919400 -16175 -20007.7 296.793 -180.607 0.867685
919500 -16124.5 -19995.8 299.782 -160.392 0.868531
919600 -16095.5 -19955.3 298.886 -80.9426 0.871035
919700 -16047.7 -19974.2 304.051 343.223 0.873774
919800 -16103 -19983.6 300.497 136.975 0.87364
919900 -16195 -20013.3 295.678 -88.5905 0.872153
920000 -16224.4 -20081.5 298.683 213.533 0.87106
920100 -16257.5 -20056.5 294.178 -240.167 0.86881
920200 -16212.8 -20007.6 293.855 100.187 0.86802
920300 -16094.9 -19973.3 300.329 -21.1677 0.867035
920400 -16094.6 -19982.5 301.068 -249.713 0.866269
920500 -16149.2 -19952.2 294.489 -296.979 0.867864
920600 -16152.1 -20002.6 298.173 -79.6509 0.87217
920700 -16156.6 -20025.7 299.609 290.379 0.876969
920800 -16212 -20087.2 300.079 198.72 0.879072
920900 -16306.2 -20100.9 293.851 -48.0138 0.879246
921000 -16275.7 -20069.9 293.809 -19.3958 0.879474
921100 -16193.1 -20040.2 297.908 46.6516 0.879936
921200 -16153.1 -19990.8 297.175 86.1673 0.87998
921300 -16121.8 -19999.8 300.294 127.69 0.878916
921400 -16163.2 -20022.9 298.883 -102.798 0.877063
921500 -16285 -20109.3 296.137 -137.839 0.876193
921600 -16301.2 -20116.7 295.455 33.3551 0.876366
921700 -16248.4 -20055.6 294.812 -8.7991 0.876363
921800 -16162.5 -20025.5 299.133 -5.84973 0.876475
921900 -16149.1 -20012 299.134 11.4904 0.876615
922000 -16171.3 -20038.8 299.486 -25.5371 0.876762
922100 -16239.9 -20070.1 296.603 120.578 0.877061
922200 -16326 -20046.2 288.081 -18.9018 0.876412
922300 -16231.5 -20050.3 295.713 -151.814 0.875892
922400 -16166.7 -20003.2 297.088 -28.0448 0.876783
922500 -16117 -19951.8 296.947 167.063 0.877675
922600 -16054 -19939.6 300.888 74.9541 0.877434
922700 -16065.1 -19958 301.446 56.3377 0.876277
922800 -16156.6 -19947.4 293.544 -287.292 0.874624
922900 -16162.2 -19984.3 295.975 -134.355 0.87548
923000 -16137.1 -20016.9 300.439 1.33379 0.877928
923100 -16146.6 -19982.1 297.006 188.739 0.880169
923200 -16144.4 -19964.5 295.816 156.696 0.881078
923300 -16110.5 -19958.6 297.983 10.1243 0.880576
923400 -16092.5 -19970.9 300.327 372.398 0.879028
923500 -16133.5 -20028.4 301.613 109.373 0.874442
923600 -16174.4 -19994.8 295.835 -174.547 0.869003
923700 -16150.9 -19966.2 295.443 -253.033 0.865315
923800 -16079.3 -19948.4 299.611 -340.381 0.864631
923900 -16052 -19922.6 299.729 -143.942 0.867193
924000 -16094.3 -19947.3 298.361 -5.69361 0.870728
924100 -16230.3 -20069.8 297.317 58.2266 0.874244
924200 -16275.1 -20083 294.871 78.342 0.876818
924300 -16220 -20016.6 293.988 66.7266 0.878553
924400 -16139.2 -20031.5 301.403 333.069 0.879078
924500 -16151.2 -19987.8 297.094 -236.225 0.877375
924600 -16152.8 -20012.7 298.897 87.4303 0.876873
924700 -16190.6 -20004 295.301 -152.402 0.876304
924800 -16230.7 -20008.9 292.568 -319.692 0.877382
924900 -16139.3 -19979.4 297.364 350.445 0.880638
925000 -16088 -19963.3 300.086 212.933 0.881217
925100 -16109.8 -19979.2 299.627 -150.39 0.879788
925200 -16179.8 -20017.9 297.214 51.4285 0.879271
925300 -16268.8 -20045.2 292.431 28.6075 0.878575
925400 -16249 -20057 294.876 -94.7764 0.877727
925500 -16147.2 -20025.4 300.308 75.7518 0.877461
925600 -16141.6 -20004.5 299.127 20.4045 0.876798
925700 -16180.6 -20017.9 297.151 84.2478 0.875569
925800 -16200.8 -20017.2 295.527 -156.799 0.874085
925900 -16147.5 -19984.9 297.152 -225.239 0.87392
926000 -16077.3 -19969.2 301.378 -25.1054 0.875809
926100 -16098.5 -19972.4 299.98 -126.452 0.878501
926200 -16199.5 -20033.6 296.892 84.6822 0.88191
926300 -16244.9 -20050.8 294.718 308.365 0.884486
926400 -16207.8 -20023.7 295.489 22.1554 0.884548
926500 -16148.2 -20031.6 300.714 172.678 0.883967
926600 -16153 -20015.6 299.103 -135.476 0.882194
926700 -16216 -20045.9 296.567 -81.5299 0.881063
926800 -16327.8 -20135.9 294.887 -61.4104 0.881136
926900 -16343.8 -20132.9 293.409 -104.573 0.881968
927000 -16267.5 -20078.8 295.135 125.589 0.883527
927100 -16213.9 -20077.5 299.178 336.339 0.883817
927200 -16202.6 -20024.3 295.938 -132.926 0.881099
927300 -16128.5 -19973.6 297.749 -57.209 0.879104
927400 -16066.2 -19991.3 303.943 72.9072 0.877856
927500 -16106.7 -19960.6 298.43 -206.705 0.875976
927600 -16124.7 -19946.3 295.932 -188.824 0.875881
927700 -16105.2 -20007.5 302.18 126.451 0.877292
927800 -16184.6 -19993.8 294.97 23.1438 0.878225
927900 -16241.7 -20022 292.733 175.028 0.878858
928000 -16186 -20037.5 298.248 77.5296 0.877784
928100 -16166.3 -20015.5 298.067 -60.3622 0.875714
928200 -16157.7 -20006.1 298.004 -195.109 0.873854
928300 -16146.9 -20012.3 299.327 -113.607 0.873422
928400 -16195 -20036 297.436 -114.102 0.874568
928500 -16322.7 -20090.3 291.755 -252.31 0.877311
928600 -16294.7 -20072.4 292.53 106.163 0.882719
928700 -16209.9 -20062.6 298.337 513.656 0.887478
928800 -16176.1 -20040.1 299.213 42.7963 0.88796
928900 -16179.8 -20040.6 298.965 72.8728 0.88742
929000 -16239.4 -20066.1 296.32 138.187 0.886037
929100 -16296.9 -20041.5 289.968 -188.414 0.883621
929200 -16210 -20034.6 296.162 -104.283 0.882827
929300 -16153.2 -20024.4 299.766 72.4237 0.883045
929400 -16162 -20022.9 298.972 95.2188 0.882739
929500 -16215.6 -20065.1 298.087 197.559 0.881123
929600 -16295.3 -20029.1 289.13 -284.802 0.877998
929700 -16211.7 -20008.4 294.002 -78.12 0.876965
929800 -16157.5 -20021.6 299.218 -36.7416 0.877178
929900 -16176.7 -20041 299.232 117.968 0.877432
930000 -16218.3 -20023 294.621 -115.938 0.876968
930100 -16187.6 -20025.9 297.218 59.1053 0.87721
930200 -16104.8 -19972.6 299.512 54.4658 0.877107
930300 -16047 -19908.1 298.99 -109.916 0.876705
930400 -15991.4 -19899.6 302.634 92.2591 0.876908
930500 -15926.5 -19897.2 307.478 42.3253 0.876295
930600 -16029.6 -19912.4 300.672 -181.816 0.875581
930700 -16114.6 -19988 299.94 -14.4779 0.876272
930800 -16177.4 -19989.2 295.173 -74.5126 0.877462
930900 -16170.4 -20012.3 297.504 259.367 0.879261
931000 -16115.3 -20004.7 301.183 298.524 0.878908
931100 -16076.1 -19969.3 301.47 -82.806 0.875669
931200 -16101.5 -19967.9 299.403 4.64067 0.872139
931300 -16171.7 -19949.4 292.537 -333.424 0.868857
931400 -16138.3 -19979.1 297.414 -153.516 0.868358
931500 -16068.5 -19959 301.263 75.9063 0.869404
931600 -16084.1 -19961.6 300.255 -313.275 0.870256
931700 -16228.2 -20075 297.879 10.3739 0.873668
931800 -16264.4 -20074.2 295.012 -190.38 0.87782
931900 -16236.1 -20135.9 301.984 379.953 0.882774
932000 -16283.6 -20131.8 297.988 242.659 0.884751
932100 -16359 -20166.9 294.867 46.5054 0.884028
932200 -16348.3 -20146.4 294.112 163.209 0.882687
932300 -16226.3 -20071 297.719 -82.7855 0.880159
932400 -16184.5 -20041.3 298.658 33.278 0.878044
932500 -16182.8 -20036.3 298.399 58.1188 0.875929
932600 -16183.5 -20017.8 296.917 -147.372 0.873433
932700 -16159.3 -20039.9 300.496 -160.753 0.87241
932800 -16155.4 -19996.9 297.467 -161.149 0.873106
932900 -16170 -20025.1 298.523 -37.5274 0.875257
933000 -16215.8 -20060.1 297.692 132.223 0.877721
933100 -16287.6 -20107.3 295.786 204.031 0.878776
933200 -16324.4 -20135.3 295.101 -159.021 0.878178
933300 -16272.6 -20121.8 298.065 -47.2069 0.878685
933400 -16165.4 -20046.8 300.561 -45.5968 0.879919
933500 -16154.9 -20044.8 301.215 149.815 0.881404
933600 -16230.5 -20096.3 299.351 336.704 0.881525
933700 -16279.9 -20108 296.439 -28.9678 0.878621
933800 -16270.9 -20112.4 297.474 -75.8302 0.87551
933900 -16248.2 -20073.3 296.199 -206.77 0.873486
934000 -16164.7 -20011.6 297.888 -70.3628 0.873427
934100 -16074.6 -19964.6 301.228 39.8189 0.874111
934200 -16096.7 -19994.1 301.8 42.5579 0.87446
934300 -16176.5 -20035.3 298.811 87.0413 0.874358
934400 -16229.9 -20074.4 297.704 46.4412 0.87345
934500 -16231.3 -20014.7 292.973 55.8095 0.871946
934600 -16140.7 -19988.8 297.982 -204.93 0.870193
934700 -16102.2 -19966.4 299.228 -174.959 0.870372
934800 -16112.5 -19992.2 300.429 123.259 0.872122
934900 -16182 -20029.8 297.955 75.286 0.872812
935000 -16244.9 -20065.7 295.864 -108.502 0.873024
935100 -16240.6 -20061.6 295.884 -35.5292 0.874342
935200 -16194.9 -20029.6 296.943 241.473 0.875978
935300 -16094 -20004.3 302.791 -160.089 0.876017
935400 -15971.6 -19909.2 304.912 101.568 0.876784
935500 -15842.6 -19833.1 309.007 284.801 0.876838
935600 -15909.3 -19867.2 306.482 -18.8345 0.874287
935700 -16007.9 -19903.9 301.689 -287.97 0.871275
935800 -16115.5 -19997.6 300.611 98.6113 0.869809
935900 -16205.7 -20027.4 295.935 -184.641 0.868129
936000 -16204.6 -20006.4 294.401 -139.988 0.867688
936100 -16126.5 -20021.6 301.622 4.88837 0.8685
936200 -16114.1 -19947.1 296.816 12.3588 0.869778
936300 -16091 -19950.7 298.881 -107.608 0.871275
936400 -15990.6 -19910.4 303.535 -130.333 0.873949
936500 -15987.5 -19892.8 302.414 88.8763 0.878052
936600 -16083.8 -19951.3 299.486 88.1226 0.88191
936700 -16132.7 -19956.7 296.12 165.249 0.884884
936800 -16119 -19985.9 299.444 389.981 0.886058
936900 -16146 -20009.3 299.157 141.645 0.88383
937000 -16241.5 -20024.4 292.934 -110.691 0.879932
937100 -16228 -20056.5 296.462 -413.776 0.877443
937200 -16194.4 -20026.2 296.72 -89.1443 0.878381
937300 -16178.6 -20047.6 299.595 194.456 0.880096
937400 -16206.5 -20084.9 300.331 87.9563 0.880572
937500 -16303.4 -20130 296.317 -101.689 0.880321
937600 -16322.6 -20135.1 295.225 209.032 0.880404
937700 -16275.9 -20073.2 294.049 10.244 0.879099
937800 -16193.9 -20026 296.744 -1.96881 0.877315
937900 -16163.1 -20037.8 300.045 -9.27437 0.875592
938000 -16164.5 -19987.2 296.019 -273.172 0.874189
938100 -16119.4 -20011.9 301.421 53.9807 0.87486
938200 -16067.9 -19958 301.235 -107.233 0.875895
938300 -16066.7 -19987.2 303.594 307.594 0.877079
938400 -16168.5 -19996 296.393 -95.7046 0.876092
938500 -16210.5 -20056 297.786 -148.358 0.875673
938600 -16223.1 -20037.9 295.405 181.15 0.876438
938700 -16167.5 -20055.3 301.055 -245.999 0.87624
938800 -16105.3 -20044.6 305.043 128.81 0.877637
938900 -16187.6 -20011.6 296.119 -88.9463 0.878877
939000 -16227.3 -20039.4 295.2 294.37 0.879962
939100 -16192.5 -19996.1 294.535 68.0348 0.879156
939200 -16139.8 -19992.4 298.331 17.0322 0.877045
939300 -16125.8 -19986.9 298.987 -111.142 0.874519
939400 -16152.8 -20009.6 298.657 107.012 0.872345
939500 -16231.4 -20059.4 296.419 -155.853 0.869076
939600 -16336.5 -20076.4 289.606 -366.087 0.86664
939700 -16288.3 -20100.8 295.23 -110.684 0.8674
939800 -16245.4 -20088.5 297.595 111.24 0.869642
939900 -16217 -20105.9 301.144 76.4804 0.87129
940000 -16239.2 -20083.6 297.697 51.2243 0.871965
940100 -16339.6 -20153.8 295.355 -269.006 0.87275
940200 -16383.8 -20157.8 292.245 184.335 0.875555
940300 -16311 -20130.4 295.755 132.073 0.87714
940400 -16248.4 -20044 293.915 -137.144 0.877808
940500 -16189.8 -20080.1 301.254 94.5778 0.879461
940600 -16205.3 -20057.4 298.295 78.2315 0.880525
940700 -16275.5 -20143 299.486 59.6907 0.880834
940800 -16366.3 -20148.9 292.91 -138.024 0.880614
940900 -16349.6 -20197.5 297.969 32.3846 0.88149
941000 -16350.6 -20215.6 299.291 9.53645 0.882497
941100 -16355.4 -20162.7 294.826 72.3474 0.883105
941200 -16267.6 -20163 301.648 244.922 0.882723
941300 -16170.8 -20068.9 301.857 2.49808 0.880433
941400 -16082.6 -20031.7 305.802 57.6882 0.877656
941500 -16035.4 -19941.6 302.483 37.0554 0.874325
941600 -16121 -19989.2 299.539 -90.1067 0.870459
941700 -16188.2 -20004.7 295.532 -347.634 0.867795
941800 -16170.7 -20005.3 296.936 -177.004 0.868237
941900 -16104.3 -19999.3 301.611 232.834 0.870372
942000 -16110 -20025.3 303.186 317.959 0.870456
942100 -16199.5 -19987.4 293.324 -394.037 0.868063
942200 -16182.2 -20053.1 299.747 -291.659 0.86881
942300 -16208.1 -20087.4 300.397 122.922 0.872059
942400 -16290 -20114.1 296.128 -109.395 0.874873
942500 -16315.4 -20133.9 295.69 290.477 0.877795
942600 -16296 -20171.2 300.082 128.013 0.878322
942700 -16300.2 -20116.6 295.527 99.5597 0.877431
942800 -16283.7 -20124.7 297.432 -67.0634 0.875902
942900 -16241.2 -20054.8 295.31 -139.146 0.874949
943000 -16164.2 -20026.9 299.112 -118.145 0.87524
943100 -16128.5 -20015.3 300.981 154.151 0.876663
943200 -16177.1 -20040.8 299.19 139.382 0.876776
943300 -16282.7 -20063.2 292.742 -338.924 0.875879
943400 -16264.1 -20083.7 295.778 107.129 0.877348
943500 -16200.6 -20033.9 296.833 -45.7971 0.878512
943600 -16141.2 -20031 301.213 90.5032 0.879653
943700 -16173.1 -20087.2 303.098 91.777 0.880002
943800 -16277.3 -20146.8 299.636 232.047 0.879157
943900 -16295.6 -20073.1 292.516 71.0928 0.876797
944000 -16208.9 -20058 298.059 139.2 0.873609
944100 -16148.3 -20006.5 298.761 -128.053 0.870041
944200 -16110.5 -19991.1 300.503 -183.353 0.868102
944300 -16118.7 -19970.4 298.263 3.46579 0.867842
944400 -16214.9 -20021.4 294.758 -122.909 0.868101
944500 -16250 -20048.7 294.154 -233.572 0.869561
944600 -16201.3 -20083 300.583 -182.218 0.872683
944700 -16124.8 -20016.2 301.332 107.029 0.876714
944800 -16053.4 -20000.5 305.651 337.256 0.87892
944900 -16134.2 -19988.1 298.433 31.9663 0.878059
945000 -16179.3 -20016.3 297.122 40.7834 0.87669
945100 -16188.3 -20037.2 298.045 42.7539 0.875204
945200 -16214 -20050.5 297.083 -328.555 0.874136
945300 -16289.3 -20090.4 294.338 20.1388 0.875563
945400 -16339.6 -20118.5 292.624 82.3278 0.876838
945500 -16258.1 -20020.4 291.343 4.64947 0.877357
945600 -16147.7 -20018.7 299.755 182.944 0.877536
945700 -16145.9 -19984 297.209 -162.908 0.87644
945800 -16142.5 -19959.8 295.598 -387.888 0.877106
945900 -16072.7 -19960.8 301.082 117.883 0.880704
946000 -16066.3 -19934.1 299.513 129.354 0.883689
946100 -16165.1 -20050.4 300.865 149.012 0.88506
946200 -16278.1 -20132.4 298.461 99.3703 0.884842
946300 -16298.8 -20083.8 293.097 -44.4062 0.883782
946400 -16220.1 -20044.1 296.113 43.1747 0.882834
946500 -16132.6 -19972.7 297.367 -194.622 0.882074
946600 -16108.6 -19995.4 300.973 87.1437 0.882642
946700 -16143 -19966 296.033 134.972 0.882502
946800 -16127.7 -19965.3 297.172 57.6373 0.881072
946900 -16024.6 -19945.8 303.642 -15.5542 0.879332
947000 -16024.6 -19947.8 303.793 -91.0229 0.877807
947100 -16123.9 -19992.5 299.573 -191.574 0.877275
947200 -16173.8 -20023.2 298.085 7.30102 0.878369
947300 -16189.5 -20016.2 296.325 106.264 0.879276
947400 -16149.8 -19992.1 297.538 7.08239 0.879408
947500 -16051.3 -19926.6 300.093 97.5549 0.879285
947600 -16017.1 -19954 304.865 12.4659 0.878542
947700 -16095.7 -19999.3 302.278 174.52 0.877299
947800 -16150.1 -19991.2 297.439 54.2521 0.874355
947900 -16170.6 -20014.3 297.644 -237.65 0.871081
948000 -16185.3 -20021.3 297.043 -162.423 0.869861
948100 -16165.5 -20004 297.235 21.6335 0.870107
948200 -16093.7 -19966.7 299.91 -71.9415 0.870569
948300 -16038.8 -19931.6 301.446 -26.2434 0.871762
948400 -16091.5 -19994 302.195 244.87 0.872834
948500 -16208.6 -20024.2 295.466 -14.0722 0.871958
948600 -16193.6 -20007.4 295.33 -329.88 0.871381
948700 -16116.9 -20000 300.697 -59.6211 0.873691
948800 -16119.3 -20011.6 301.401 334.858 0.876705
948900 -16207 -20044.3 297.143 50.5922 0.877312
949000 -16219.9 -20006.1 293.189 80.3633 0.876888
949100 -16160.3 -20003.4 297.6 181.997 0.875593
949200 -16120.7 -20010.2 301.19 -105.747 0.872707
949300 -16160.8 -20007 297.836 -97.8073 0.869918
949400 -16258.1 -20053.2 293.879 -175.723 0.867891
949500 -16293.1 -20079.1 293.176 -225.277 0.867456
949600 -16159.4 -20046.3 300.99 -92.2175 0.869373
949700 -16113.8 -19984.8 299.754 195.678 0.872408
949800 -16124.6 -19915.1 293.517 220.826 0.87413
949900 -16059.9 -19946.1 300.929 180.195 0.873837
950000 -16026.7 -19929.7 302.231 -273.628 0.872018
950100 -16112.8 -19938.2 296.223 25.7711 0.871797
950200 -16186.4 -19986.6 294.266 20.8719 0.871742
950300 -16180.2 -20021.8 297.48 24.7889 0.871666
950400 -16168.6 -20000.6 296.735 -89.1312 0.871514
950500 -16114.3 -19939.2 296.189 -47.7545 0.87177
950600 -16024.3 -19885.3 298.981 -34.5614 0.872923
950700 -16027.2 -19957 304.312 245.545 0.874122
950800 -16105.1 -19956.1 298.204 -144.249 0.873678
950900 -16136.9 -19983.4 297.862 -172.284 0.874427
951000 -16170.8 -20022.7 298.284 21.4772 0.877108
951100 -16252.7 -20061.5 294.936 204.47 0.879718
951200 -16326.8 -20137.9 295.119 4.23943 0.880829
951300 -16308.7 -20131.8 296.042 36.672 0.881395
951400 -16179.3 -20064.9 300.882 179.517 0.881444
951500 -16149.4 -20011.8 299.087 -75.1105 0.880114
951600 -16169.8 -20017.9 297.982 -129.81 0.879271
951700 -16216.6 -20016.1 294.224 -204.422 0.880059
951800 -16236 -20093.9 298.743 150.099 0.882547
951900 -16267.1 -20119.1 298.283 210.85 0.883802
952000 -16333 -20124.8 293.627 -126.28 0.883399
952100 -16297.8 -20098.4 294.309 -63.5748 0.883796
952200 -16193.5 -20034.6 297.44 269.328 0.884356
952300 -16170.2 -20057.8 301.04 66.1492 0.883018
952400 -16208.4 -20047.6 297.298 -235.806 0.88105
952500 -16234.1 -20041.4 294.823 31.4403 0.880715
952600 -16183.8 -20054.7 299.747 -63.2351 0.88057
952700 -16121.6 -20025.6 302.311 117.749 0.880517
952800 -16167.1 -20011.4 297.681 59.018 0.879767
952900 -16239.3 -20038.2 294.17 -210.026 0.878531
953000 -16211.2 -20062.9 298.262 -101.203 0.878922
953100 -16088.9 -19974.8 300.912 66.7339 0.880519
953200 -16074.4 -20017.4 305.332 122.091 0.881453
953300 -16160.2 -20043 300.666 -51.6548 0.881474
953400 -16224.5 -20091.8 299.472 302.825 0.88142
953500 -16271.8 -20067.6 293.933 -156.392 0.87916
953600 -16226.3 -20071.6 297.764 -32.3516 0.877811
953700 -16151.9 -20015.9 299.214 24.6601 0.876795
953800 -16112.5 -19985.8 299.936 -130.169 0.875649
953900 -16158.8 -20032.5 299.968 -36.8441 0.875542
954000 -16285.6 -20085.5 294.251 -149.847 0.876174
954100 -16262.9 -20068.2 294.667 -22.265 0.878104
954200 -16181.1 -20069.2 301.077 36.0157 0.88038
954300 -16193.6 -20096.2 302.205 93.1108 0.882704
954400 -16286.2 -20141.8 298.562 240.021 0.884168
954500 -16322.9 -20147.3 296.149 75.5749 0.883401
954600 -16294.7 -20103.5 294.942 -23.1703 0.881198
954700 -16217.2 -20040.1 296.037 -435.063 0.879877
954800 -16163.5 -20025.6 299.069 296.033 0.881711
954900 -16183.4 -20066.2 300.666 154.17 0.881675
955000 -16242.1 -20028.2 293.18 -147.031 0.880036
955100 -16202.3 -20047.4 297.748 -86.0152 0.879432
955200 -16152.1 -20052 301.992 -14.3936 0.880101
955300 -16212.7 -20053.1 297.39 88.5561 0.880883
955400 -16345.9 -20105.5 291.13 -56.3238 0.880898
955500 -16300 -20148.8 298.03 -65.6106 0.881438
955600 -16234.3 -20067.9 296.862 49.2645 0.882417
955700 -16164.5 -20035.2 299.727 -27.9672 0.883275
955800 -16155.9 -20051.1 301.629 315.667 0.884056
955900 -16264.3 -20111 297.879 193.672 0.882025
956000 -16316.7 -20119.8 294.494 -101.627 0.878036
956100 -16256.6 -20071 295.376 -188.242 0.874787
956200 -16174.8 -20049.3 300.03 82.1685 0.87306
956300 -16174.5 -20050.1 300.112 -48.6267 0.870901
956400 -16225.5 -20024.2 294.157 -39.7268 0.869141
956500 -16206.7 -20055.4 298.028 -111.198 0.867933
956600 -16100.9 -19952.7 298.272 -96.1342 0.867831
956700 -16053.5 -19996.3 305.318 -110.033 0.868865
956800 -16140.6 -20000.9 298.927 -215.102 0.870999
956900 -16193.5 -20034.8 297.462 -10.988 0.875038
957000 -16209.1 -20057.2 297.978 79.9485 0.879262
957100 -16245.9 -20100.7 298.498 216.722 0.882457
957200 -16350.2 -20142.6 293.673 291.635 0.883522
957300 -16348.2 -20143.9 293.922 -99.3204 0.882003
957400 -16268.1 -20100.6 296.776 238.754 0.880616
957500 -16231.1 -20082.4 298.233 61.0406 0.877686
957600 -16210.1 -20046.8 297.101 -182.613 0.874323
957700 -16173.8 -20044.8 299.756 -179.982 0.873022
957800 -16148.7 -20016.1 299.478 -59.4202 0.873549
957900 -16132.2 -20021.8 301.189 102.544 0.874496
958000 -16201.6 -20078.2 300.193 -111.331 0.874809
958100 -16281.4 -20104.2 296.017 2.66511 0.87572
958200 -16290.3 -20135.9 297.787 150.964 0.876668
958300 -16296.6 -20144.7 297.977 123.557 0.876211
958400 -16311.5 -20121.6 295.037 102.03 0.87432
958500 -16258.4 -20091.1 296.79 -262.253 0.87239
958600 -16181.5 -20065.8 300.786 -164.044 0.872696
958700 -16178.5 -20056.6 300.307 112.66 0.874228
958800 -16266.7 -20107.5 297.413 -160.762 0.875042
958900 -16345.9 -20142.1 293.959 0.48476 0.876635
959000 -16312.1 -20121.7 294.998 45.4494 0.878137
959100 -16253.7 -20118.3 299.26 141.214 0.878634
959200 -16234.1 -20057.2 296.049 133.229 0.87817
959300 -16200.6 -20097.7 301.777 300.994 0.8763
959400 -16218.3 -20020.8 294.45 -53.4879 0.872349
959500 -16202.9 -20026.9 296.118 -134.441 0.869428
959600 -16135.7 -20024.6 301.145 -275.178 0.868541
959700 -16125.2 -20003.4 300.319 262.316 0.869278
959800 -16195.9 -20031 296.98 -150.575 0.868503
959900 -16268.6 -20076.7 294.879 -147.392 0.868731
960000 -16256.6 -20084.8 296.438 118.601 0.870441
960100 -16161.2 -20043.5 300.638 130.545 0.871187
960200 -16056.5 -19969.1 302.977 314.187 0.870182
960300 -16096.3 -19946 298.105 -131.83 0.867082
960400 -16116.8 -19933.8 295.576 -374.018 0.864988
960500 -16059.2 -19945.9 300.965 -104.118 0.866164
960600 -15986.3 -19873.2 300.987 -37.9916 0.868586
960700 -15936.7 -19865.4 304.222 97.0938 0.871275
960800 -16002.3 -19908.3 302.471 -20.8651 0.873101
960900 -16114.1 -19960.9 297.886 -98.8104 0.875108
961000 -16164.4 -20023 298.793 296.978 0.877638
961100 -16210 -20023.8 295.326 31.0767 0.87777
961200 -16217.9 -20084.7 299.428 36.1193 0.877138
961300 -16276.8 -20098.7 295.959 108.489 0.876068
961400 -16329.6 -20121.1 293.595 -121.086 0.874396
961500 -16266.3 -20090.8 296.149 63.8352 0.873449
961600 -16170.7 -20024.6 298.434 -1.36376 0.872276
961700 -16138.9 -19958 295.739 -80.7339 0.871131
961800 -16089.2 -19956.7 299.481 -284.502 0.871085
961900 -16062.8 -19930.6 299.509 124.064 0.873259
962000 -16107.6 -19959.5 298.277 17.8218 0.874683
962100 -16199.1 -19997.4 294.128 -151.412 0.875942
962200 -16197.9 -20070.6 299.886 317.925 0.877933
962300 -16241.2 -20072.7 296.696 78.9281 0.877547
962400 -16307 -20103.6 293.993 -38.8396 0.876232
962500 -16278.2 -20125.6 297.927 67.7387 0.875066
962600 -16175.9 -20068.1 301.399 -31.9933 0.873385
962700 -16122.2 -19976.9 298.492 -70.1342 0.871914
962800 -16093 -19955 299.062 -2.86946 0.871102
962900 -16064.9 -19950 300.846 -82.6425 0.870361
963000 -16064.9 -19934.2 299.625 -41.1033 0.870321
963100 -16114.3 -19968.9 298.49 2.43282 0.870793
963200 -16189.1 -20016.9 296.409 -61.1265 0.871275
963300 -16236.9 -20055.8 295.722 -76.2101 0.872546
963400 -16222.6 -20055.3 296.791 117.44 0.874793
963500 -16116 -20012.3 301.711 96.7533 0.876309
963600 -16075.6 -19949.6 299.985 201.659 0.876602
963700 -16110 -19995 300.841 -96.1219 0.875343
963800 -16220.8 -20029.2 294.905 -98.3292 0.874507
963900 -16216.3 -20035.5 295.747 -14.6471 0.874621
964000 -16169.5 -20018.6 298.057 127.815 0.87484
964100 -16125.2 -20017.5 301.404 -60.6822 0.874156
964200 -16122.3 -19966.8 297.704 70.9803 0.873345
964300 -16163.8 -20019.4 298.562 -149.706 0.872073
964400 -16229.9 -20049.4 295.763 -195.048 0.872107
964500 -16243.6 -20036.6 293.714 83.5011 0.873903
964600 -16149.6 -20013.3 299.192 144.505 0.875354
964700 -16112.3 -19996.5 300.785 47.7332 0.875532
964800 -16147.4 -20026.5 300.381 -41.3886 0.875224
964900 -16210.5 -20069.7 298.843 96.1914 0.874936
965000 -16261.8 -20108.7 297.889 28.9112 0.873806
965100 -16273.2 -20108.5 296.987 -26.9745 0.872421
965200 -16270.5 -20149.5 300.38 19.2353 0.871003
965300 -16302.2 -20084.7 292.905 -109.243 0.869376
965400 -16237.1 -20079.1 297.512 -146.177 0.868972
965500 -16140.6 -20042.9 302.175 172.424 0.86957
965600 -16169.6 -20034.7 299.305 -66.3307 0.869144
965700 -16233.3 -20077 297.648 -194.633 0.869352
965800 -16295.4 -20128.4 296.816 98.1854 0.871121
965900 -16310.5 -20113.6 294.493 -16.0996 0.872592
966000 -16181.5 -20046.6 299.297 -40.0252 0.873965
966100 -16118.3 -20031.4 303.019 -115.689 0.876109
966200 -16193.3 -20076.7 300.721 213.397 0.879266
966300 -16279.2 -20118.1 297.27 174.341 0.880729
966400 -16299.1 -20125.5 296.303 -130.746 0.88065
966500 -16283.5 -20140.5 298.668 59.716 0.881478
966600 -16265.2 -20130.4 299.306 160.495 0.881744
966700 -16236.1 -20077 297.428 46.9494 0.880715
966800 -16185.9 -20064.6 300.347 156.87 0.878906
966900 -16148.7 -19997.4 298.03 -130.729 0.875656
967000 -16091.6 -19983.3 301.358 14.0626 0.87307
967100 -16055.2 -19935 300.432 -23.4169 0.870592
967200 -16076.1 -19925.4 298.08 -213.49 0.868107
967300 -16138.4 -19952.4 295.344 -348.228 0.867783
967400 -16152.7 -19997.5 297.723 20.78 0.870594
967500 -16137.1 -19989.5 298.315 295.132 0.873196
967600 -16119.5 -19979.2 298.878 264.196 0.873237
967700 -16089.1 -19933.4 297.683 22.509 0.870969
967800 -16045.6 -19927.4 300.588 -121.761 0.868143
967900 -16038.2 -19923 300.818 -113.823 0.866253
968000 -16117.4 -19934.8 295.605 -1.60508 0.865328
968100 -16176.6 -20011.4 296.95 -480.487 0.865374
968200 -16211 -20025.1 295.345 -66.1132 0.869344
968300 -16185.9 -19987 294.342 387.13 0.87417
968400 -16079 -19979.5 302.045 334.282 0.875618
968500 -16086.8 -19978.2 301.336 189.813 0.873476
968600 -16168.6 -20009 297.386 94.4996 0.869511
968700 -16221.5 -20033.5 295.188 -145.243 0.865453
968800 -16195.1 -19999.1 294.565 -81.8664 0.862889
968900 -16137.6 -19973.9 297.068 -12.6232 0.861355
969000 -16110.8 -19925.8 295.419 -117.551 0.860584
969100 -16045.1 -19920 300.054 -75.3933 0.860772
969200 -16028.5 -19906.2 300.274 -309.675 0.862117
969300 -16107.9 -19963.1 298.534 -28.9623 0.865477
969400 -16217.7 -20040.5 296.025 -67.0705 0.868559
969500 -16222.9 -20023.4 294.3 -72.7388 0.871628
969600 -16153.4 -20003.2 298.119 336.835 0.874343
969700 -16102 -19955 298.363 164.269 0.874086
969800 -16084 -19965.8 300.591 189.578 0.872082
969900 -16152.2 -19957.6 294.675 -46.2773 0.869081
970000 -16251.1 -20025 292.243 15.4473 0.866313
970100 -16203.6 -19983.1 292.674 -113.775 0.863979
970200 -16137.3 -19994.2 298.665 -106.305 0.863054
970300 -16115.1 -19928.5 295.291 -122.714 0.863326
970400 -16041.5 -19903.4 299.047 -116.942 0.864566
970500 -15984.8 -19843.4 298.797 28.2462 0.866846
970600 -15993 -19892.6 301.968 211.678 0.868675
970700 -16059.6 -19869.9 295.048 -183.291 0.868852
970800 -16066.7 -19940.8 299.999 3.32238 0.870063
970900 -16096 -19948.6 298.33 174.404 0.871356
971000 -16156.3 -19995.5 297.294 43.0144 0.871302
971100 -16201.4 -20005 294.541 -234.682 0.871114
971200 -16159.3 -20032.2 299.906 86.1662 0.872523
971300 -16056.7 -19976.2 303.509 159.544 0.873184
971400 -16040.6 -19906.9 299.387 -45.4967 0.872485
971500 -16120.7 -19978.6 298.745 141.919 0.871694
971600 -16236.8 -20045.8 294.96 -201.511 0.870419
971700 -16222.4 -20044 295.937 -127.761 0.870812
971800 -16173.6 -20057.6 300.756 66.9116 0.872273
971900 -16188.2 -20040.9 298.344 39.1113 0.873463
972000 -16275.2 -20107.1 296.723 39.8835 0.87419
972100 -16340.5 -20120.3 292.687 33.599 0.874349
972200 -16292.1 -20106.1 295.34 -49.3493 0.874248
972300 -16251 -20111 298.903 158.864 0.874425
972400 -16236.5 -20059.7 296.053 -16.144 0.873518
972500 -16184.7 -20021 297.07 37.1968 0.872131
972600 -16100.8 -19961.5 298.958 -127.863 0.870514
972700 -16067.3 -19923 298.572 -37.5156 0.869739
972800 -16068.9 -19917.4 298.015 -166.765 0.869734
972900 -16081.4 -19938.8 298.701 83.2763 0.871266
973000 -16130.8 -19982.4 298.252 153.035 0.872445
973100 -16234.1 -20030.6 293.984 46.419 0.872032
973200 -16238.4 -20055.8 295.606 -315.99 0.871339
973300 -16187.8 -20019.2 296.687 -276.783 0.873693
973400 -16130.5 -19952.4 295.956 83.2924 0.879054
973500 -16100.1 -19964.7 299.262 397.477 0.884365
973600 -16125.7 -20006.2 300.493 368.898 0.88642
973700 -16195.4 -19993.8 294.134 234.756 0.884445
973800 -16179.5 -20002.4 296.033 -21.901 0.880201
973900 -16087.4 -19992.4 302.385 48.7052 0.876181
974000 -16048.4 -19939.6 301.319 -139.628 0.872129
974100 -16119 -19945.7 296.318 -109.351 0.869324
974200 -16180 -19991.9 295.183 31.0288 0.867912
974300 -16156.8 -19993.8 297.123 -102.243 0.866612
974400 -16091.4 -19932.4 297.437 -53.6882 0.866179
974500 -16014.8 -19905.2 301.256 18.5016 0.866245
974600 -16013.9 -19893.1 300.392 -78.4687 0.866404
974700 -16120.4 -19956.9 297.083 17.4172 0.867075
974800 -16189.5 -19994.6 294.657 -134.837 0.86791
974900 -16140.6 -19967.8 296.366 85.8716 0.869608
975000 -16075.2 -19953.9 300.354 45.5559 0.870658
975100 -16062.7 -19930.2 299.485 83.4263 0.87127
975200 -16115.3 -19960.2 297.74 79.1981 0.870994
975300 -16208.5 -20001.5 293.719 -23.966 0.87012
975400 -16195.6 -20019.7 296.128 -38.7022 0.869277
975500 -16117.9 -19974.7 298.653 -210.11 0.86906
975600 -16053.9 -19932.2 300.318 208.003 0.87025
975700 -16053 -19925.9 299.901 -125.12 0.870247
975800 -16082.9 -19961.3 300.33 -93.929 0.871299
975900 -16136.2 -19992 298.577 28.5804 0.873176
976000 -16203.8 -20028.5 296.167 -76.1399 0.875112
976100 -16231.2 -20035.4 294.579 351.907 0.87764
976200 -16139.6 -19985.5 297.811 235.716 0.877653
976300 -16040.6 -19944.2 302.282 -13.9545 0.874792
976400 -16077 -19958.6 300.576 -242.26 0.871317
976500 -16143.2 -19966.5 296.062 -351.004 0.869859
976600 -16160.2 -19971 295.092 196.877 0.871257
976700 -16088.8 -19959.2 299.715 297.733 0.871655
976800 -16001.9 -19907.1 302.403 12.9814 0.868922
976900 -16022.7 -19894.7 299.833 -243.098 0.864942
977000 -16072.6 -19954.7 300.613 -365.7 0.862665
977100 -16117.3 -19975 298.725 140.097 0.863154
977200 -16142 -19991.8 298.109 123.373 0.862778
977300 -16158.7 -20008.6 298.119 -218.37 0.861238
977400 -16196.2 -20013.1 295.568 -208.934 0.861532
977500 -16259.9 -20057.3 294.06 -9.44541 0.864126
977600 -16243.6 -20031.6 293.324 90.1451 0.867301
977700 -16133.2 -19985.4 298.302 41.0296 0.869839
977800 -16104.9 -19985.8 300.516 108.538 0.872108
977900 -16145.3 -20013.7 299.558 331.792 0.873078
978000 -16228.3 -20036.8 294.916 76.3694 0.871018
978100 -16250 -20048.9 294.174 -130.52 0.868034
978200 -16186.6 -20014.7 296.434 61.0352 0.865897
978300 -16151.3 -20007.1 298.574 -112.37 0.863758
978400 -16148.5 -19991.6 297.596 -105.632 0.862365
978500 -16136.6 -19976.4 297.337 -263.339 0.862291
978600 -16081.1 -19946.8 299.341 91.3054 0.864115
978700 -16030.4 -19905.6 300.079 98.4482 0.86554
978800 -16009.8 -19875 299.305 248.493 0.865872
978900 -16013.4 -19930.1 303.29 -121.379 0.864359
979000 -16120.2 -19969.4 298.067 21.116 0.86327
979100 -16169.1 -19979.8 295.088 -11.86 0.862242
979200 -16126.5 -19966.9 297.39 -26.0302 0.861082
979300 -16065.3 -19955.4 301.23 -371.854 0.860738
979400 -16102.9 -19961 298.755 -151.159 0.863762
979500 -16236.6 -20079.5 297.579 186.977 0.868403
979600 -16273.4 -20102.1 296.48 156.611 0.87175
979700 -16250.2 -20106.1 298.584 86.5099 0.87345
979800 -16223.9 -20116.3 301.42 30.935 0.874288
979900 -16295.6 -20141.7 297.824 107.079 0.874849
980000 -16361.5 -20138.8 292.498 -135.79 0.874778
980100 -16295.5 -20087.6 293.648 183.562 0.875033
980200 -16220.9 -20047.6 296.319 30.9793 0.874166
980300 -16178.7 -20050.1 299.785 71.7932 0.872683
980400 -16168 -20017 298.047 -123.213 0.870428
980500 -16149.8 -19962 295.206 -178.759 0.869266
980600 -16052.5 -19958.9 302.496 20.5529 0.869747
980700 -16047.7 -19909 299.003 56.7443 0.870035
980800 -16112.5 -19980.2 299.499 61.3364 0.86961
980900 -16212.1 -20027.1 295.42 -179.486 0.868774
981000 -16228.3 -20049.9 295.931 -178.489 0.869537
981100 -16202.8 -20053.1 298.148 148.378 0.872381
981200 -16160.3 -19997.3 297.12 61.4071 0.874889
981300 -16066.5 -19999.5 304.556 263.974 0.876646
981400 -16047.1 -19953.6 302.505 190.621 0.875884
981500 -16182.3 -20018 297.023 57.8645 0.873188
981600 -16221.7 -20045.6 296.107 22.7559 0.869375
981700 -16194 -20028.3 296.91 -288.199 0.865367
981800 -16121.7 -19987 299.316 -289.319 0.863801
981900 -16064.9 -19959.9 301.612 -115.373 0.865106
982000 -16122.5 -20001.7 300.388 26.8385 0.867781
982100 -16239.2 -20050.9 295.16 190.718 0.870053
982200 -16239.2 -20069.4 296.592 52.5477 0.871087
982300 -16183 -20045.1 299.064 -15.5229 0.871217
982400 -16132.7 -19981.5 298.032 64.9438 0.871406
982500 -16054.8 -19939 300.781 205.992 0.870832
982600 -15969.1 -19891.1 303.704 -354.304 0.868977
982700 -16020.3 -19905.4 300.848 -172.224 0.869818
982800 -16110.1 -19959.7 298.102 150.772 0.872198
982900 -16117.6 -19965.9 297.997 152.617 0.873455
983000 -16120.7 -19987.3 299.419 77.5002 0.873309
983100 -16161.9 -19950.2 293.346 -85.4987 0.872618
983200 -16134.5 -20006.5 299.834 -73.3363 0.872643
983300 -16073.2 -19960.3 301.003 198.499 0.873113
983400 -16037.9 -19904.3 299.401 185.315 0.871918
983500 -16024.3 -19900.1 300.121 -7.42807 0.868982
983600 -16056 -19905.3 298.071 87.4086 0.865329
983700 -16117.7 -19957.3 297.322 -235.654 0.861349
983800 -16194.9 -20008.2 295.289 -186.365 0.85931
983900 -16206.5 -19994.6 293.338 -368.091 0.85953
984000 -16121.4 -19971.9 298.164 -32.0164 0.862791
984100 -16095.9 -19982.2 300.936 55.3639 0.86668
984200 -16144.6 -19994.5 298.124 -41.4531 0.869939
984300 -16193.8 -20019.9 296.282 357.66 0.872698
984400 -16207.7 -20056.1 298.003 -105.073 0.873055
984500 -16250.1 -20053.3 294.51 2.64176 0.87366
984600 -16259.5 -20103.3 297.646 149.323 0.873988
984700 -16243.1 -20088.1 297.74 187.353 0.873015
984800 -16206.6 -20030.3 296.094 -0.418846 0.870749
984900 -16103.5 -19952.1 298.026 -147.444 0.86883
985000 -16057.7 -19933.3 300.111 25.1209 0.868355
985100 -16074.2 -19922.9 298.026 -47.1944 0.868154
985200 -16115 -19945.1 296.589 197.55 0.867784
985300 -16212 -20016.6 294.612 -89.2228 0.866341
985400 -16251.5 -20045.2 293.766 -162.737 0.865798
985500 -16195.1 -20067.3 299.85 -256.952 0.86711
985600 -16139 -20013.8 300.049 74.0538 0.870224
985700 -16035.9 -19952.2 303.26 307.434 0.87209
985800 -15992.1 -19903.6 302.89 -22.3966 0.871282
985900 -16073 -19926.4 298.394 -56.3463 0.870362
986000 -16122.7 -19953.7 296.662 -84.6034 0.870268
986100 -16125.4 -19994.7 299.621 -254.478 0.871226
986200 -16161.2 -19995.9 296.938 250.755 0.873912
986300 -16211.3 -20024.1 295.248 211.994 0.874697
986400 -16285.1 -20075.2 293.489 -197.236 0.873577
986500 -16291.4 -20109.4 295.648 -47.4777 0.873877
986600 -16215.3 -20060.7 297.773 30.5155 0.874848
986700 -16137.2 -20010.8 299.962 185.853 0.875273
986800 -16123.5 -19971.7 297.986 44.6149 0.874086
986900 -16107.6 -19969 299.007 -350.11 0.872782
987000 -16078.1 -19955.4 300.245 -7.49053 0.874172
987100 -16064.7 -19956.1 301.335 -22.8291 0.876216
987200 -16130.8 -19994 299.148 108.247 0.878344
987300 -16210.5 -20051.1 297.402 55.3945 0.879641
987400 -16248.8 -20109.1 298.922 -57.4809 0.88034
987500 -16306.9 -20103.9 294.024 68.2995 0.881436
987600 -16336.6 -20147.9 295.128 -67.6169 0.882421
987700 -16274.1 -20136 299.049 408.75 0.883171
987800 -16212.2 -20090.9 300.354 225.112 0.880461
987900 -16187.4 -20037 298.104 -315.71 0.875823
988000 -16126.7 -19986.9 298.92 -190.444 0.873544
988100 -16039.2 -19930.5 301.331 111.644 0.873156
988200 -16039.4 -19952.3 303.003 -75.3228 0.872334
988300 -16152.3 -19977.2 296.189 -337.874 0.872478
988400 -16194.9 -20083.4 301.112 273.693 0.874963
988500 -16251.6 -20074.6 296.037 109.7 0.875433
988600 -16262.8 -20091.6 296.487 106.249 0.874397
988700 -16214.9 -20087.8 299.905 -13.6847 0.872623
988800 -16128.2 -20027 301.914 -61.7669 0.870953
988900 -16097.3 -19977.6 300.473 -30.1973 0.870109
989000 -16154.8 -19960.6 294.706 16.506 0.869452
989100 -16221.7 -20033.8 295.195 -198.143 0.868758
989200 -16249.5 -20071 295.925 33.2748 0.86969
989300 -16231.9 -20053.2 295.902 -41.0643 0.870749
989400 -16156.8 -20062.5 302.444 57.8189 0.872074
989500 -16161.9 -20036.7 300.047 76.9537 0.872882
989600 -16241.5 -20072.5 296.662 -186.059 0.87317
989700 -16322 -20149.2 296.368 -63.6363 0.874842
989800 -16351.9 -20141.7 293.465 126.943 0.877084
989900 -16225.5 -20131.1 302.436 95.5274 0.87879
990000 -16184.8 -20076.3 301.344 186.321 0.879409
990100 -16260.2 -20122.2 299.056 148.692 0.877897
990200 -16304.1 -20079.3 292.336 -182.141 0.875343
990300 -16236.7 -20083 297.837 54.187 0.873785
990400 -16191.4 -20047.3 298.588 -253.369 0.872
990500 -16183.4 -20035.5 298.292 -118.749 0.872599
990600 -16198.1 -20069.2 299.765 259.079 0.874309
990700 -16229 -20036 294.8 160.343 0.873539
990800 -16140.6 -20037.2 301.74 -211.124 0.871536
990900 -16068 -19994.9 304.083 -127.14 0.87096
991000 -16137.8 -19971.3 296.851 220.521 0.871398
991100 -16182.5 -20002 295.774 100.892 0.870347
991200 -16166.3 -20037.7 299.785 -6.67031 0.867924
991300 -16173.5 -20025.9 298.32 -215.501 0.865188
991400 -16217.7 -20033.2 295.462 -505.016 0.864671
991500 -16215.3 -20047.7 296.767 18.4256 0.868543
991600 -16157.3 -20020.9 299.182 55.7268 0.873165
991700 -16106.4 -20027.7 303.648 315.348 0.877106
991800 -16192.8 -20054.1 299.001 104.208 0.878313
991900 -16277 -20133.9 298.66 -100.743 0.878515
992000 -16296.3 -20108.4 295.194 12.3784 0.879248
992100 -16255.7 -20118.5 299.124 -212.112 0.88038
992200 -16207.9 -20088.4 300.484 115.742 0.883347
992300 -16180.6 -20052.8 299.853 225.757 0.885361
992400 -16155.2 -20007.6 298.316 96.3887 0.885068
992500 -16129.8 -20015.3 300.88 -5.41869 0.884011
992600 -16159.8 -20002.1 297.533 193.845 0.882476
992700 -16224.1 -20030.5 294.748 -81.5591 0.879576
992800 -16240.9 -20066.3 296.228 -22.0732 0.87702
992900 -16190.9 -20051.2 298.926 -78.7247 0.87473
993000 -16110.6 -19964.4 298.419 -27.207 0.873019
993100 -16057.3 -19954 301.749 -155.632 0.871944
993200 -16091.4 -19950.8 298.856 -184.792 0.872294
993300 -16204.1 -20012.5 294.91 -1.46324 0.874301
993400 -16224.5 -20075.3 298.187 173.449 0.876828
993500 -16225.6 -20095.9 299.702 239.332 0.877668
993600 -16262.7 -20083.8 295.887 -5.85986 0.876283
993700 -16357.9 -20157.1 294.201 177.972 0.874247
993800 -16389.1 -20133.6 289.959 -120.685 0.870367
993900 -16282.8 -20102.6 295.794 -284.906 0.867108
994000 -16229.2 -20028.6 294.211 -80.9133 0.866154
994100 -16144.4 -20003.8 298.855 -107.799 0.866221
994200 -16109.5 -19993.8 300.784 -260.653 0.867591
994300 -16160.9 -20047 300.925 5.11439 0.871751
994400 -16257.8 -20076.1 295.675 350.184 0.876502
994500 -16274 -20140.8 299.431 384.523 0.878283
994600 -16287.8 -20103.6 295.483 52.9376 0.876457
994700 -16242.2 -20084.2 297.509 -60.607 0.873733
994800 -16133.1 -20027.1 301.536 74.9122 0.871251
994900 -16108.8 -19965.9 298.682 -404.346 0.86852
995000 -16114.8 -19978.1 299.159 -28.5298 0.868669
995100 -16139.5 -19991.2 298.261 -66.3664 0.869972
995200 -16228 -20077.6 298.094 -226.385 0.872007
995300 -16338.2 -20110.2 292.094 -91.4658 0.876326
995400 -16288.7 -20148.6 298.891 495.177 0.88133
995500 -16258.6 -20152.7 301.545 412.667 0.881992
995600 -16315 -20137.6 296.005 66.9396 0.878648
995700 -16353.5 -20127.5 292.252 -77.2423 0.874541
995800 -16245.2 -20107.6 299.094 -121.086 0.871715
995900 -16176.9 -20039.5 299.102 -155.84 0.870412
996000 -16183.3 -20042.8 298.865 -136.9 0.870376
996100 -16222.4 -20045.9 296.076 -87.8811 0.871852
996200 -16250.9 -20080.6 296.557 72.8258 0.873854
996300 -16276.5 -20095.6 295.733 -4.78535 0.874993
996400 -16253.8 -20070.4 295.544 -69.4204 0.876019
996500 -16166.2 -20041 300.052 71.2045 0.877421
996600 -16143.3 -20038.8 301.658 141.061 0.878121
996700 -16215.3 -20062.4 297.903 102.793 0.8775
996800 -16278.4 -20126.8 298.004 -35.2737 0.876128
996900 -16282.2 -20105.3 296.053 -152.187 0.875175
997000 -16246.9 -20083.5 297.092 -60.6404 0.875515
997100 -16202.3 -20116 303.065 26.9065 0.876562
997200 -16272.5 -20130.5 298.747 98.2555 0.877297
997300 -16363.5 -20150.9 293.287 42.3281 0.877095
997400 -16322.7 -20157 296.912 -149.376 0.876642
997500 -16263.1 -20124.9 299.042 146.057 0.876997
997600 -16239.8 -20098.2 298.78 18.9101 0.876597
997700 -16220.5 -20100.3 300.439 164.23 0.87547
997800 -16210.7 -20052.2 297.469 -215.819 0.873477
997900 -16199.7 -20044.2 297.704 82.0956 0.872969
998000 -16171.8 -20036.6 299.28 -41.9839 0.872242
998100 -16156.2 -20020.8 299.264 -64.2001 0.871829
998200 -16180.4 -20026.9 297.855 -173.871 0.872338
998300 -16226.2 -20046.4 295.821 113.746 0.873841
998400 -16273.3 -20124.3 298.205 65.616 0.874694
998500 -16355.1 -20163.3 294.89 40.072 0.874873
998600 -16375.3 -20182.1 294.784 -2.19826 0.874637
998700 -16271.7 -20132.2 298.943 13.2048 0.874337
998800 -16204.2 -20056 298.267 -22.7649 0.874052
998900 -16184.3 -20055.4 299.759 -43.954 0.874033
999000 -16196.2 -20044.2 297.976 -226.343 0.874578
999100 -16263.2 -20108.4 297.762 15.9304 0.876782
999200 -16353.8 -20123.1 291.884 176.401 0.8793
999300 -16332.2 -20178.4 297.833 224.102 0.88013
999400 -16301.8 -20171.9 299.681 -134.983 0.879276
999500 -16287.5 -20134.5 297.903 171.459 0.87906
999600 -16239.4 -20087.3 297.966 85.4468 0.877442
999700 -16180.5 -20054.3 299.971 117.415 0.874636
999800 -16167.8 -20048.6 300.515 -164.22 0.871171
999900 -16219.2 -20028.9 295.012 -443.567 0.869192
1000000 -16229.4 -20043.5 295.346 -120.337 0.87091
