# Radius 	finiterdf__met_met	rdf__met_met	finiterdf__met_wat	rdf__met_wat	finiterdf__wat_wat	rdf__wat_wat	
0.00806591 0	0	0	0	0	0	
0.0241977 0	0	0	0	0	0	
0.0403295 0	0	0	0	0	0	
0.0564614 0	0	0	0	0	0	
0.0725932 0	0	0	0	0	0	
0.088725 0	0	0	0	0	0	
0.104857 0	0	0	0	0	0	
0.120989 0	0	0	0	0	0	
0.13712 0	0	0	0	0	0	
0.153252 0	0	0	0	0	0	
0.169384 0	0	0	0	0	0	
0.185516 0	0	0	0	0	0	
0.201648 0	0	0	0	0	0	
0.21778 0	0	0	0	0	0	
0.233911 0	0	0	0	0	0	
0.250043 0	0	0	0	0	0	
0.266175 0	0	0	0	0	0	
0.282307 0	0	0	0	0	0	
0.298439 0	0	0	0	0	0	
0.31457 0	0	0	0	0	0	
0.330702 0	0	0	0	0	0	
0.346834 0	0	0	0	0	0	
0.362966 0	0	0	0	0	0	
0.379098 0	0	0	0	0	0	
0.395229 0	0	0	0	0	0	
0.411361 0	0	0	0	0	0	
0.427493 0	0	0	0	0	0	
0.443625 0	0	0	0	0	0	
0.459757 0	0	0	0	0	0	
0.475889 0	0	0	0	0	0	
0.49202 0	0	0	0	0	0	
0.508152 0	0	0	0	0	0	
0.524284 0	0	0	0	0	0	
0.540416 0	0	0	0	0	0	
0.556548 0	0	0	0	0	0	
0.572679 0	0	0	0	0	0	
0.588811 0	0	0	0	0	0	
0.604943 0	0	0	0	0	0	
0.621075 0	0	0	0	0	0	
0.637207 0	0	0	0	0	0	
0.653339 0	0	0	0	0	0	
0.66947 0	0	0	0	0	0	
0.685602 0	0	0	0	0	0	
0.701734 0	0	0	0	0	0	
0.717866 0	0	0	0	0	0	
0.733998 0	0	0	0	0	0	
0.750129 0	0	0	0	0	0	
0.766261 0	0	0	0	0	0	
0.782393 0	0	0	0	0	0	
0.798525 0	0	0	0	0	0	
0.814657 0	0	0	0	0	0	
0.830788 0	0	0	0	0	0	
0.84692 0	0	0	0	0	0	
0.863052 0	0	0	0	0	0	
0.879184 0	0	0	0	0	0	
0.895316 0	0	0	0	0	0	
0.911448 0	0	0	0	0	0	
0.927579 0	0	0	0	0	0	
0.943711 0	0	0	0	0	0	
0.959843 0	0	0	0	0	0	
0.975975 0	0	0	0	0	0	
0.992107 0	0	0	0	0	0	
1.00824 0	0	0	0	0	0	
1.02437 0	0	0	0	0	0	
1.0405 0	0	0	0	0	0	
1.05663 0	0	0	0	0	0	
1.07277 0	0	0	0	0	0	
1.0889 0	0	0	0	0	0	
1.10503 0	0	0	0	0	0	
1.12116 0	0	0	0	0	0	
1.13729 0	0	0	0	0	0	
1.15342 0	0	0	0	0	0	
1.16956 0	0	0	0	0	0	
1.18569 0	0	0	0	0	0	
1.20182 0	0	0	0	0	0	
1.21795 0	0	0	0	0	0	
1.23408 0	0	0	0	0	0	
1.25022 0	0	0	0	0	0	
1.26635 0	0	0	0	0	0	
1.28248 0	0	0	0	0	0	
1.29861 0	0	0	0	0	0	
1.31474 0	0	0	0	0	0	
1.33087 0	0	0	0	0	0	
1.34701 0	0	0	0	0	0	
1.36314 0	0	0	0	0	0	
1.37927 0	0	0	0	0	0	
1.3954 0	0	0	0	0	0	
1.41153 0	0	0	0	0	0	
1.42767 0	0	0	0	0	0	
1.4438 0	0	0	0	0	0	
1.45993 0	0	0	0	0	0	
1.47606 0	0	0	0	0	0	
1.49219 0	0	0	0	0	0	
1.50832 0	0	0	0	0	0	
1.52446 0	0	0	0	0	0	
1.54059 0	0	0	0	0	0	
1.55672 0	0	0	0	0	0	
1.57285 0	0	0	0	0	0	
1.58898 0	0	0	0	0	0	
1.60512 0	0	0	0	0	0	
1.62125 0	0	0	0	0	0	
1.63738 0	0	0	0	0	0	
1.65351 0	0	0	0	0	0	
1.66964 0	0	0	0	0	0	
1.68577 0	0	0	0	0	0	
1.70191 0	0	0	0	0	0	
1.71804 0	0	0	0	0	0	
1.73417 0	0	0	0	0	0	
1.7503 0	0	0	0	0	0	
1.76643 0	0	0	0	0	0	
1.78257 0	0	0	0	0	0	
1.7987 0	0	0	0	0	0	
1.81483 0	0	0	0	0	0	
1.83096 0	0	0	0	0	0	
1.84709 0	0	0	0	0	0	
1.86322 0	0	0	0	0	0	
1.87936 0	0	0	0	0	0	
1.89549 0	0	0	0	0	0	
1.91162 0	0	0	0	0	0	
1.92775 0	0	0	0	0	0	
1.94388 0	0	0	0	0	0	
1.96002 0	0	0	0	0	0	
1.97615 0	0	0	0	0	0	
1.99228 0	0	0	0	0	0	
2.00841 0	0	0	0	0	0	
2.02454 0	0	0	0	0	0	
2.04067 0	0	0	0	0	0	
2.05681 0	0	0	0	0	0	
2.07294 0	0	0	0	0	0	
2.08907 0	0	0	0	0	0	
2.1052 0	0	0	0	0	0	
2.12133 0	0	0	0	0	0	
2.13747 0	0	0	0	0	0	
2.1536 0	0	0	0	0	0	
2.16973 0	0	0	0	0	0	
2.18586 0	0	0	0	0	0	
2.20199 0	0	0	0	0	0	
2.21812 0	0	0	0	0	0	
2.23426 0	0	0	0	0	0	
2.25039 0	0	0	0	0	0	
2.26652 0	0	0	0	0	0	
2.28265 1.79861e-06	1.79945e-06	0	0	0	0	
2.29878 0	0	0	0	0	0	
2.31492 1.74882e-06	1.7496e-06	0	0	0	0	
2.33105 1.37976e-05	1.38036e-05	8.6235e-07	8.61863e-07	0	0	
2.34718 0.000112271	0.000112318	1.53097e-05	1.53008e-05	0	0	
2.36331 0.000370823	0.000370975	6.62782e-05	6.62393e-05	1.51014e-05	1.51076e-05	
2.37944 0.0012431	0.00124359	0.000264841	0.000264682	3.47604e-05	3.47743e-05	
2.39557 0.0034849	0.00348625	0.000970024	0.00096943	0.000218827	0.000218912	
2.41171 0.0088394	0.00884272	0.00297037	0.00296851	0.00082819	0.000828501	
2.42784 0.0202986	0.0203059	0.0082199	0.00821467	0.00276011	0.00276111	
2.44397 0.0419865	0.0420013	0.0203461	0.0203328	0.00831886	0.00832177	
2.4601 0.0797335	0.0797606	0.0449265	0.0448967	0.0217718	0.0217792	
2.47623 0.140411	0.140457	0.0895641	0.0895037	0.0511321	0.0511487	
2.49237 0.229059	0.229132	0.164589	0.164476	0.107489	0.107523	
2.5085 0.351006	0.351115	0.280732	0.280537	0.205858	0.205921	
2.52463 0.50797	0.508124	0.445795	0.445482	0.365457	0.365564	
2.54076 0.696222	0.696429	0.66473	0.66426	0.600243	0.600416	
2.55689 0.908403	0.908673	0.935162	0.9345	0.920947	0.921212	
2.57302 1.13978	1.14012	1.25431	1.25343	1.32915	1.32954	
2.58916 1.37227	1.37268	1.60582	1.6047	1.81968	1.82023	
2.60529 1.6003	1.6008	1.97691	1.97556	2.36957	2.37034	
2.62142 1.80436	1.80494	2.34079	2.33924	2.95301	2.95405	
2.63755 1.98128	1.98195	2.68085	2.67914	3.53803	3.53941	
2.65368 2.12246	2.12322	2.98005	2.97824	4.09236	4.09415	
2.66982 2.22618	2.22701	3.22854	3.22669	4.58635	4.58861	
2.68595 2.28217	2.28307	3.41222	3.41039	4.99859	5.00136	
2.70208 2.30254	2.3035	3.53683	3.53508	5.31718	5.32048	
2.71821 2.28913	2.29013	3.59723	3.59559	5.52064	5.52446	
2.73434 2.24398	2.245	3.59616	3.59467	5.633	5.63732	
2.75047 2.16976	2.17079	3.54341	3.54209	5.63079	5.63552	
2.76661 2.08303	2.08406	3.44381	3.44266	5.55894	5.56403	
2.78274 1.97438	1.97538	3.31587	3.31489	5.40659	5.41194	
2.79887 1.86179	1.86276	3.15811	3.15729	5.20195	5.20746	
2.815 1.73873	1.73966	2.98589	2.98522	4.9552	4.96078	
2.83113 1.61768	1.61856	2.79928	2.79874	4.67746	4.68303	
2.84727 1.49874	1.49957	2.60956	2.60913	4.38329	4.38876	
2.8634 1.38185	1.38263	2.42152	2.42117	4.08509	4.09042	
2.87953 1.27029	1.27101	2.23852	2.23825	3.78514	3.79025	
2.89566 1.16588	1.16655	2.06423	2.06402	3.49839	3.50328	
2.91179 1.06872	1.06933	1.89757	1.89741	3.22458	3.22922	
2.92792 0.980554	0.981112	1.74414	1.74401	2.96234	2.9667	
2.94406 0.897077	0.897587	1.60044	1.60035	2.72353	2.72763	
2.96019 0.822137	0.822601	1.46899	1.46891	2.49606	2.49989	
2.97632 0.755793	0.756216	1.35049	1.35043	2.29758	2.30116	
2.99245 0.695558	0.695943	1.242	1.24195	2.11106	2.1144	
3.00858 0.64222	0.642572	1.14454	1.14449	1.94387	1.94698	
3.02472 0.592457	0.592776	1.05739	1.05735	1.79646	1.79936	
3.04085 0.551436	0.551729	0.979388	0.979353	1.66265	1.66536	
3.05698 0.51359	0.513858	0.910907	0.910873	1.54481	1.54734	
3.07311 0.480552	0.480797	0.848658	0.848623	1.4389	1.44127	
3.08924 0.452764	0.45299	0.795062	0.795026	1.34716	1.34939	
3.10537 0.426454	0.426661	0.746825	0.746787	1.26356	1.26565	
3.12151 0.406892	0.407086	0.704959	0.704919	1.19235	1.19433	
3.13764 0.388102	0.388281	0.669389	0.669347	1.13116	1.13305	
3.15377 0.373968	0.374136	0.637704	0.637659	1.07615	1.07794	
3.1699 0.359889	0.360045	0.609999	0.609951	1.02821	1.02993	
3.18603 0.348778	0.348925	0.586678	0.586626	0.98736	0.989007	
3.20217 0.340855	0.340994	0.565751	0.565695	0.950818	0.952403	
3.2183 0.33406	0.334191	0.548878	0.548819	0.920762	0.922296	
3.23443 0.327776	0.3279	0.534485	0.534421	0.893948	0.895435	
3.25056 0.3247	0.324817	0.521952	0.521885	0.871815	0.873262	
3.26669 0.322445	0.322556	0.51314	0.513068	0.850189	0.851598	
3.28282 0.321737	0.321844	0.504173	0.504097	0.834321	0.8357	
3.29896 0.321139	0.32124	0.499045	0.498964	0.819799	0.821151	
3.31509 0.322107	0.322203	0.493583	0.493496	0.807964	0.809293	
3.33122 0.324224	0.324315	0.491325	0.491233	0.799617	0.800929	
3.34735 0.326761	0.326848	0.488447	0.48835	0.792792	0.794088	
3.36348 0.330602	0.330685	0.487662	0.487558	0.785939	0.787219	
3.37962 0.335727	0.335806	0.488996	0.488886	0.78058	0.781847	
3.39575 0.341184	0.341259	0.490059	0.489943	0.777462	0.778721	
3.41188 0.344579	0.344648	0.492514	0.492391	0.773712	0.77496	
3.42801 0.352538	0.352604	0.495814	0.495684	0.772345	0.773586	
3.44414 0.359492	0.359553	0.499531	0.499394	0.773058	0.774296	
3.46027 0.36772	0.367776	0.504094	0.503949	0.772127	0.77336	
3.47641 0.374481	0.374532	0.508942	0.508789	0.77303	0.774259	
3.49254 0.383868	0.383914	0.514727	0.514565	0.775463	0.776692	
3.50867 0.39307	0.393111	0.521298	0.521129	0.774573	0.775796	
3.5248 0.402294	0.40233	0.529031	0.528852	0.778186	0.779409	
3.54093 0.412194	0.412224	0.535515	0.535328	0.780617	0.78184	
3.55707 0.422987	0.423012	0.542781	0.542584	0.782892	0.784114	
3.5732 0.433506	0.433524	0.551221	0.551014	0.785547	0.786768	
3.58933 0.445598	0.44561	0.560917	0.560699	0.78959	0.790813	
3.60546 0.458014	0.458019	0.570354	0.570126	0.795688	0.796916	
3.62159 0.469332	0.46933	0.579016	0.578778	0.799483	0.800712	
3.63772 0.481946	0.481937	0.588985	0.588736	0.804027	0.805259	
3.65386 0.4933	0.493284	0.598738	0.598477	0.809528	0.810764	
3.66999 0.507643	0.507619	0.609617	0.609346	0.812732	0.813968	
3.68612 0.521969	0.521937	0.619226	0.618943	0.817548	0.818788	
3.70225 0.535216	0.535176	0.630677	0.630383	0.821939	0.823181	
3.71838 0.549117	0.549068	0.642152	0.641845	0.829067	0.830315	
3.73452 0.563219	0.563163	0.653112	0.652793	0.835298	0.836552	
3.75065 0.577691	0.577626	0.664369	0.664038	0.840781	0.842039	
3.76678 0.592416	0.592341	0.676348	0.676004	0.848346	0.849611	
3.78291 0.607656	0.607572	0.688819	0.688462	0.853927	0.855197	
3.79904 0.622326	0.622233	0.700077	0.699708	0.86086	0.862137	
3.81517 0.638887	0.638784	0.71241	0.712028	0.867027	0.868309	
3.83131 0.652935	0.652823	0.724753	0.724359	0.874559	0.875849	
3.84744 0.669453	0.669331	0.736842	0.736434	0.880244	0.881539	
3.86357 0.685351	0.685219	0.749089	0.748669	0.887292	0.888595	
3.8797 0.701212	0.701071	0.761144	0.760711	0.894986	0.896296	
3.89583 0.718102	0.71795	0.773597	0.773151	0.901892	0.90321	
3.91197 0.732113	0.731952	0.785811	0.785353	0.909547	0.910873	
3.9281 0.749538	0.749367	0.797516	0.797045	0.917381	0.918717	
3.94423 0.764635	0.764454	0.810436	0.809953	0.92473	0.926074	
3.96036 0.780745	0.780556	0.822797	0.822301	0.932172	0.933525	
3.97649 0.796274	0.796075	0.835926	0.835418	0.939377	0.940738	
3.99262 0.812333	0.812125	0.847867	0.847347	0.948302	0.949675	
4.00876 0.827823	0.827606	0.860384	0.859853	0.957147	0.958531	
4.02489 0.845095	0.844869	0.871903	0.87136	0.964588	0.965982	
4.04102 0.86083	0.860595	0.884262	0.883708	0.971167	0.972569	
4.05715 0.87771	0.877467	0.895768	0.895204	0.981816	0.983233	
4.07328 0.893166	0.892916	0.907928	0.907353	0.988234	0.98966	
4.08942 0.908662	0.908404	0.919843	0.919258	0.99665	0.998088	
4.10555 0.923865	0.9236	0.931543	0.930948	1.00524	1.0067	
4.12168 0.940526	0.940254	0.942921	0.942317	1.01336	1.01483	
4.13781 0.954698	0.954421	0.954409	0.953796	1.02074	1.02222	
4.15394 0.97122	0.970936	0.965837	0.965215	1.02731	1.02879	
4.17007 0.984989	0.984701	0.976403	0.975774	1.03485	1.03634	
4.18621 1.00092	1.00063	0.98685	0.986213	1.04327	1.04478	
4.20234 1.0164	1.01611	0.998515	0.997871	1.0514	1.05293	
4.21847 1.02941	1.02911	1.00908	1.00843	1.0592	1.06074	
4.2346 1.04508	1.04478	1.01876	1.0181	1.06593	1.06748	
4.25073 1.05936	1.05905	1.03032	1.02966	1.07243	1.07399	
4.26687 1.07373	1.07343	1.0394	1.03873	1.0792	1.08077	
4.283 1.08762	1.08731	1.04827	1.0476	1.08468	1.08627	
4.29913 1.10014	1.09983	1.05814	1.05747	1.09233	1.09393	
4.31526 1.11293	1.11263	1.06713	1.06645	1.09895	1.10057	
4.33139 1.12671	1.12641	1.07709	1.07641	1.10379	1.10542	
4.34752 1.14055	1.14025	1.08669	1.08601	1.10961	1.11125	
4.36366 1.1509	1.15061	1.09493	1.09424	1.11536	1.11701	
4.37979 1.16356	1.16327	1.10351	1.10283	1.11912	1.12079	
4.39592 1.1757	1.17542	1.11113	1.11045	1.12431	1.126	
4.41205 1.18831	1.18803	1.11887	1.11818	1.13032	1.13201	
4.42818 1.19714	1.19687	1.12654	1.12585	1.13228	1.13399	
4.44432 1.2072	1.20694	1.13236	1.13168	1.13779	1.13951	
4.46045 1.21821	1.21796	1.14001	1.13933	1.14152	1.14325	
4.47658 1.22873	1.22848	1.14665	1.14597	1.14636	1.14811	
4.49271 1.23862	1.23839	1.15216	1.15149	1.14828	1.15004	
4.50884 1.24725	1.24703	1.15771	1.15704	1.15236	1.15413	
4.52497 1.25547	1.25526	1.16317	1.16251	1.15504	1.15682	
4.54111 1.26085	1.26065	1.16777	1.16712	1.15777	1.15957	
4.55724 1.27025	1.27007	1.17217	1.17153	1.15941	1.16122	
4.57337 1.2767	1.27654	1.1758	1.17516	1.16131	1.16313	
4.5895 1.28101	1.28086	1.17899	1.17836	1.16305	1.16489	
4.60563 1.28641	1.28627	1.18039	1.17977	1.16387	1.16571	
4.62177 1.29156	1.29145	1.18374	1.18313	1.16432	1.16617	
4.6379 1.29547	1.29537	1.18449	1.18388	1.16607	1.16793	
4.65403 1.29682	1.29674	1.18603	1.18544	1.16658	1.16845	
4.67016 1.29897	1.29891	1.18627	1.18568	1.1674	1.16928	
4.68629 1.30179	1.30174	1.18674	1.18616	1.16635	1.16824	
4.70242 1.30369	1.30366	1.18667	1.18611	1.16665	1.16855	
4.71856 1.30378	1.30377	1.18633	1.18578	1.16557	1.16748	
4.73469 1.3051	1.30511	1.18436	1.18382	1.16547	1.16739	
4.75082 1.3028	1.30284	1.18253	1.182	1.16359	1.16551	
4.76695 1.30308	1.30313	1.18032	1.1798	1.16364	1.16557	
4.78308 1.30032	1.30039	1.17685	1.17634	1.16287	1.16481	
4.79922 1.30036	1.30045	1.1738	1.1733	1.15984	1.16179	
4.81535 1.2966	1.29671	1.17046	1.16997	1.15803	1.15998	
4.83148 1.29457	1.2947	1.16749	1.16701	1.15637	1.15832	
4.84761 1.29097	1.29112	1.16262	1.16216	1.1547	1.15666	
4.86374 1.28816	1.28832	1.15866	1.1582	1.15192	1.15389	
4.87987 1.28462	1.2848	1.15488	1.15443	1.14983	1.15181	
4.89601 1.28065	1.28085	1.14911	1.14868	1.1461	1.14808	
4.91214 1.27527	1.27549	1.14321	1.14279	1.1432	1.14518	
4.92827 1.27005	1.27029	1.13807	1.13766	1.14006	1.14204	
4.9444 1.26633	1.26658	1.13259	1.13219	1.13724	1.13923	
4.96053 1.26006	1.26033	1.1272	1.12681	1.13283	1.13481	
4.97667 1.2551	1.25538	1.12078	1.1204	1.12805	1.13004	
4.9928 1.2492	1.24949	1.11435	1.11397	1.12378	1.12576	
5.00893 1.24408	1.2444	1.10762	1.10726	1.12	1.12199	
5.02506 1.23812	1.23845	1.1008	1.10044	1.11496	1.11695	
5.04119 1.23138	1.23172	1.09454	1.0942	1.10832	1.1103	
5.05732 1.22575	1.2261	1.08706	1.08672	1.10476	1.10674	
5.07346 1.2192	1.21957	1.08041	1.08008	1.09845	1.10043	
5.08959 1.21269	1.21308	1.07241	1.07208	1.09259	1.09456	
5.10572 1.20493	1.20532	1.06586	1.06553	1.08529	1.08725	
5.12185 1.19899	1.19939	1.05885	1.05853	1.07939	1.08135	
5.13798 1.19222	1.19263	1.05031	1.05	1.07437	1.07633	
5.15411 1.18577	1.18619	1.0427	1.04239	1.0667	1.06864	
5.17025 1.17921	1.17964	1.0348	1.0345	1.05987	1.06181	
5.18638 1.17049	1.17093	1.02684	1.02654	1.05374	1.05567	
5.20251 1.16311	1.16356	1.01913	1.01884	1.04643	1.04835	
5.21864 1.15629	1.15675	1.01146	1.01117	1.03837	1.04027	
5.23477 1.14822	1.14869	1.00345	1.00316	1.0309	1.03279	
5.25091 1.14079	1.14127	0.995885	0.995598	1.02398	1.02586	
5.26704 1.1344	1.13488	0.986846	0.986561	1.01603	1.0179	
5.28317 1.12658	1.12707	0.979232	0.978948	1.00685	1.0087	
5.2993 1.11758	1.11807	0.970994	0.970711	0.999776	1.00161	
5.31543 1.11135	1.11184	0.962132	0.961849	0.991524	0.993346	
5.33156 1.10356	1.10406	0.954342	0.954059	0.983031	0.984837	
5.3477 1.09565	1.09615	0.947323	0.947039	0.975338	0.977128	
5.36383 1.08917	1.08967	0.938997	0.938712	0.967566	0.96934	
5.37996 1.08176	1.08226	0.931087	0.9308	0.958481	0.960236	
5.39609 1.0745	1.07501	0.92342	0.923131	0.951395	0.953134	
5.41222 1.06715	1.06766	0.915736	0.915445	0.94259	0.94431	
5.42836 1.05995	1.06046	0.908758	0.908464	0.935766	0.93747	
5.44449 1.05259	1.0531	0.901818	0.901521	0.926665	0.928348	
5.46062 1.04662	1.04713	0.894786	0.894485	0.919847	0.921513	
5.47675 1.03844	1.03894	0.889039	0.888733	0.912164	0.913811	
5.49288 1.03289	1.03339	0.882011	0.881701	0.90534	0.906969	
5.50901 1.027	1.02751	0.876243	0.875927	0.900185	0.901799	
5.52515 1.0212	1.02171	0.870732	0.870411	0.893423	0.895019	
5.54128 1.01497	1.01547	0.865475	0.865148	0.887513	0.889092	
5.55741 1.00975	1.01025	0.860652	0.86032	0.882578	0.884142	
5.57354 1.00309	1.00358	0.855309	0.85497	0.877536	0.879083	
5.58967 0.998815	0.999311	0.850082	0.849737	0.873433	0.874966	
5.60581 0.993896	0.994389	0.847781	0.847428	0.870048	0.871567	
5.62194 0.989601	0.99009	0.84398	0.84362	0.865556	0.867059	
5.63807 0.98441	0.984896	0.841028	0.84066	0.863383	0.864875	
5.6542 0.979188	0.979671	0.837749	0.837373	0.860351	0.861829	
5.67033 0.976007	0.976486	0.835796	0.835411	0.858341	0.859808	
5.68646 0.972068	0.972543	0.83324	0.832847	0.856747	0.858202	
5.7026 0.968511	0.968982	0.831501	0.831098	0.855375	0.856819	
5.71873 0.965365	0.965833	0.830249	0.829837	0.85556	0.856996	
5.73486 0.962394	0.962858	0.829056	0.828635	0.855779	0.857207	
5.75099 0.958933	0.959392	0.828948	0.828516	0.854731	0.856148	
5.76712 0.956711	0.957167	0.828217	0.827776	0.855483	0.856893	
5.78326 0.95375	0.954201	0.828205	0.827754	0.856743	0.858146	
5.79939 0.952143	0.952589	0.828973	0.828511	0.857315	0.85871	
5.81552 0.948856	0.949297	0.829053	0.82858	0.85984	0.861231	
5.83165 0.947497	0.947935	0.829843	0.82936	0.861639	0.863024	
5.84778 0.945033	0.945466	0.830779	0.830284	0.863816	0.865195	
5.86391 0.944367	0.944795	0.831812	0.831306	0.867456	0.868833	
5.88005 0.942642	0.943065	0.833936	0.833419	0.869537	0.870909	
5.89618 0.942255	0.942674	0.83565	0.835121	0.87255	0.873919	
5.91231 0.941308	0.941723	0.837663	0.837123	0.87633	0.877696	
5.92844 0.94049	0.9409	0.839835	0.839283	0.880247	0.881612	
5.94457 0.940189	0.940595	0.842163	0.8416	0.884649	0.886013	
5.96071 0.938738	0.939138	0.845185	0.844609	0.887965	0.889326	
5.97684 0.938572	0.938968	0.847788	0.847201	0.892223	0.893583	
5.99297 0.937033	0.937424	0.850099	0.849501	0.897041	0.898401	
6.0091 0.93724	0.937627	0.853762	0.853151	0.901978	0.90334	
6.02523 0.937586	0.937968	0.856921	0.856298	0.906186	0.907548	
6.04136 0.938448	0.938826	0.860731	0.860096	0.911041	0.912403	
6.0575 0.938512	0.938885	0.864106	0.86346	0.915617	0.91698	
6.07363 0.938622	0.938991	0.867739	0.867081	0.920125	0.921489	
6.08976 0.939208	0.939573	0.870549	0.869879	0.926036	0.927403	
6.10589 0.939219	0.939579	0.874481	0.873799	0.930525	0.931894	
6.12202 0.939651	0.940007	0.878539	0.877846	0.936429	0.937802	
6.13816 0.940148	0.9405	0.882261	0.881556	0.9413	0.942676	
6.15429 0.941044	0.941392	0.886445	0.885729	0.947209	0.948589	
6.17042 0.942234	0.942578	0.891042	0.890313	0.951934	0.953318	
6.18655 0.94322	0.943559	0.894963	0.894224	0.957056	0.958444	
6.20268 0.944732	0.945068	0.899867	0.899116	0.963201	0.964595	
6.21881 0.945362	0.945694	0.904094	0.903332	0.968067	0.969465	
6.23495 0.947242	0.94757	0.907807	0.907036	0.972715	0.974118	
6.25108 0.947489	0.947813	0.913049	0.912266	0.979939	0.981351	
6.26721 0.948546	0.948866	0.917203	0.91641	0.983583	0.984998	
6.28334 0.951061	0.951378	0.921285	0.920482	0.98994	0.991364	
6.29947 0.951437	0.95175	0.925314	0.924502	0.995068	0.9965	
6.31561 0.953371	0.953681	0.930265	0.929443	1.00004	1.00148	
6.33174 0.955136	0.955443	0.93483	0.933998	1.00662	1.00807	
6.34787 0.956446	0.956749	0.939531	0.93869	1.01167	1.01313	
6.364 0.959087	0.959388	0.943906	0.943056	1.0162	1.01767	
6.38013 0.959808	0.960106	0.947909	0.947052	1.02137	1.02285	
6.39626 0.961028	0.961323	0.952631	0.951765	1.02583	1.02731	
6.4124 0.963744	0.964037	0.957322	0.956448	1.03048	1.03198	
6.42853 0.96435	0.96464	0.961487	0.960606	1.03641	1.03791	
6.44466 0.967162	0.96745	0.966127	0.965239	1.04	1.04152	
6.46079 0.967903	0.968189	0.970401	0.969506	1.04503	1.04656	
6.47692 0.969368	0.969651	0.973705	0.972805	1.04989	1.05143	
6.49306 0.971425	0.971707	0.978919	0.978012	1.05428	1.05583	
6.50919 0.973364	0.973644	0.982774	0.981862	1.0585	1.06007	
6.52532 0.974916	0.975194	0.986693	0.985776	1.06286	1.06443	
6.54145 0.977198	0.977475	0.99103	0.990108	1.06735	1.06894	
6.55758 0.978799	0.979074	0.994703	0.993777	1.07085	1.07245	
6.57371 0.980727	0.981001	0.998241	0.997311	1.07501	1.07662	
6.58985 0.981316	0.981588	1.00193	1.001	1.07728	1.07891	
6.60598 0.983422	0.983693	1.00615	1.00522	1.08039	1.08203	
6.62211 0.984666	0.984936	1.0094	1.00846	1.08408	1.08574	
6.63824 0.986852	0.987122	1.01264	1.0117	1.08706	1.08873	
6.65437 0.988515	0.988784	1.0158	1.01486	1.08997	1.09165	
6.67051 0.989489	0.989758	1.01943	1.01849	1.0928	1.09449	
6.68664 0.991255	0.991523	1.02207	1.02112	1.09478	1.09649	
6.70277 0.992334	0.992601	1.02506	1.02411	1.09742	1.09914	
6.7189 0.994471	0.994738	1.0282	1.02725	1.09967	1.10141	
6.73503 0.995933	0.996201	1.03026	1.02931	1.10133	1.10308	
6.75116 0.995887	0.996154	1.03323	1.03229	1.10394	1.10571	
6.7673 0.997633	0.9979	1.0358	1.03485	1.10452	1.1063	
6.78343 1.00022	1.00049	1.0373	1.03636	1.10504	1.10683	
6.79956 0.999148	0.999416	1.03907	1.03814	1.10666	1.10847	
6.81569 1.00115	1.00141	1.04206	1.04112	1.10758	1.1094	
6.83182 1.00253	1.0028	1.04363	1.04269	1.10782	1.10965	
6.84796 1.00303	1.0033	1.04561	1.04468	1.10858	1.11043	
6.86409 1.0037	1.00397	1.0462	1.04527	1.10901	1.11087	
6.88022 1.00522	1.00549	1.04799	1.04707	1.10854	1.11042	
6.89635 1.00577	1.00604	1.04905	1.04814	1.10893	1.11082	
6.91248 1.00682	1.00709	1.05071	1.0498	1.10791	1.10981	
6.92861 1.00736	1.00763	1.05145	1.05055	1.10719	1.1091	
6.94475 1.00652	1.00679	1.05199	1.05108	1.10706	1.10898	
6.96088 1.00794	1.00822	1.05263	1.05173	1.10642	1.10835	
6.97701 1.00825	1.00853	1.05334	1.05245	1.10541	1.10736	
6.99314 1.00825	1.00853	1.05427	1.05338	1.10363	1.10558	
7.00927 1.00945	1.00973	1.0547	1.05382	1.10282	1.10478	
7.02541 1.01019	1.01047	1.05522	1.05435	1.10102	1.10299	
7.04154 1.01027	1.01055	1.05457	1.0537	1.10006	1.10205	
7.05767 1.01031	1.01059	1.05487	1.05401	1.09769	1.09968	
7.0738 1.01014	1.01042	1.05482	1.05397	1.09528	1.09728	
7.08993 1.0102	1.01049	1.05498	1.05412	1.09333	1.09533	
7.10606 1.00965	1.00994	1.05445	1.05361	1.09114	1.09315	
7.1222 1.01018	1.01047	1.05352	1.05268	1.0881	1.09012	
7.13833 1.00946	1.00974	1.05388	1.05305	1.08654	1.08857	
7.15446 1.01046	1.01075	1.05307	1.05225	1.08396	1.08599	
7.17059 1.00958	1.00987	1.05241	1.05159	1.08153	1.08356	
7.18672 1.01023	1.01053	1.05168	1.05086	1.0796	1.08164	
7.20286 1.0097	1.00999	1.05051	1.0497	1.0764	1.07844	
7.21899 1.00964	1.00993	1.04963	1.04883	1.07257	1.07462	
7.23512 1.00933	1.00962	1.04861	1.04781	1.07107	1.07312	
7.25125 1.0089	1.00919	1.04812	1.04733	1.06715	1.06921	
7.26738 1.00869	1.00899	1.04658	1.0458	1.06459	1.06665	
7.28351 1.00846	1.00876	1.04645	1.04568	1.06096	1.06302	
7.29965 1.00841	1.0087	1.04414	1.04338	1.05831	1.06037	
7.31578 1.00796	1.00826	1.04401	1.04325	1.0549	1.05697	
7.33191 1.00785	1.00815	1.04289	1.04214	1.05276	1.05482	
7.34804 1.00643	1.00673	1.04071	1.03996	1.04875	1.05081	
7.36417 1.0066	1.0069	1.04028	1.03954	1.0463	1.04837	
7.38031 1.00631	1.00662	1.03837	1.03764	1.04313	1.04519	
7.39644 1.00567	1.00598	1.03755	1.03681	1.04008	1.04214	
7.41257 1.00563	1.00593	1.03644	1.03571	1.0367	1.03876	
7.4287 1.00532	1.00562	1.03456	1.03383	1.03327	1.03533	
7.44483 1.00524	1.00555	1.03351	1.03279	1.03106	1.03312	
7.46096 1.00431	1.00462	1.03215	1.03144	1.02772	1.02977	
7.4771 1.00379	1.00409	1.0311	1.03039	1.02452	1.02657	
7.49323 1.00328	1.00358	1.02908	1.02838	1.02244	1.02449	
7.50936 1.00336	1.00366	1.02812	1.02742	1.01971	1.02176	
7.52549 1.00293	1.00324	1.02703	1.02633	1.01584	1.01788	
7.54162 1.00251	1.00282	1.02532	1.02462	1.01357	1.01561	
7.55776 1.0029	1.00321	1.02441	1.02372	1.0106	1.01264	
7.57389 1.00076	1.00107	1.02271	1.02203	1.00775	1.00978	
7.59002 1.00136	1.00167	1.02158	1.0209	1.00606	1.00809	
7.60615 1.00106	1.00137	1.02013	1.01946	1.00319	1.00522	
7.62228 1.00047	1.00078	1.01865	1.01798	1.00031	1.00233	
7.63841 1.00083	1.00114	1.01763	1.01696	0.998025	1.00004	
7.65455 1.00031	1.00061	1.01657	1.0159	0.995685	0.997692	
7.67068 1.00064	1.00094	1.01517	1.0145	0.993445	0.995448	
7.68681 1.00029	1.0006	1.01373	1.01307	0.99095	0.992946	
7.70294 0.999552	0.999859	1.01358	1.01292	0.988711	0.990702	
7.71907 0.998842	0.999149	1.01155	1.01089	0.986788	0.988774	
7.73521 0.99922	0.999527	1.0109	1.01025	0.984423	0.986402	
7.75134 0.999165	0.999472	1.00975	1.00909	0.983463	0.985438	
7.76747 0.998644	0.99895	1.00821	1.00756	0.981018	0.982987	
7.7836 0.998967	0.999274	1.00778	1.00713	0.979725	0.981688	
7.79973 0.998623	0.99893	1.00701	1.00636	0.978066	0.980023	
7.81586 0.997622	0.997928	1.00596	1.00531	0.976276	0.978227	
7.832 0.998446	0.998752	1.00539	1.00475	0.975307	0.977253	
7.84813 0.998909	0.999215	1.00465	1.004	0.974163	0.976103	
7.86426 0.998317	0.998623	1.00387	1.00323	0.972313	0.974246	
7.88039 0.998207	0.998512	1.00252	1.00188	0.972212	0.974142	
7.89652 0.998725	0.99903	1.0023	1.00166	0.970106	0.972028	
7.91266 0.998528	0.998833	1.00156	1.00092	0.969055	0.970971	
7.92879 0.999553	0.999859	1.00119	1.00055	0.967927	0.969837	
7.94492 0.999349	0.999654	1.00058	0.999941	0.967482	0.969387	
7.96105 0.998811	0.999116	0.999699	0.999057	0.966622	0.968521	
7.97718 0.999481	0.999786	0.999294	0.998652	0.9661	0.967994	
7.99331 0.999355	0.99966	0.998443	0.997802	0.965682	0.967571	
8.00945 1.00056	1.00087	0.998778	0.998137	0.965093	0.966976	
8.02558 1.00042	1.00073	0.997409	0.996768	0.964081	0.965958	
8.04171 1.00034	1.00065	0.99739	0.996748	0.963814	0.965685	
8.05784 1.00098	1.00128	0.996743	0.996101	0.9641	0.965967	
8.07397 1.00075	1.00105	0.996313	0.995671	0.964085	0.965947	
8.09011 1.00096	1.00126	0.996792	0.996149	0.963228	0.965084	
8.10624 1.00074	1.00105	0.996102	0.995458	0.963648	0.9655	
8.12237 1.0016	1.00191	0.995897	0.995253	0.962446	0.964291	
8.1385 1.00214	1.00245	0.996082	0.995437	0.962562	0.964402	
8.15463 1.00263	1.00294	0.995988	0.995343	0.963277	0.965113	
8.17076 1.00231	1.00262	0.995437	0.994791	0.963116	0.964947	
8.1869 1.0023	1.00261	0.99486	0.994214	0.963955	0.965783	
8.20303 1.00261	1.00292	0.995125	0.994477	0.96469	0.966514	
8.21916 1.00339	1.0037	0.995199	0.994551	0.964441	0.96626	
8.23529 1.00418	1.00449	0.995338	0.994689	0.96482	0.966635	
8.25142 1.00504	1.00535	0.995017	0.994367	0.965149	0.96696	
8.26756 1.00471	1.00502	0.995163	0.994513	0.965791	0.967598	
8.28369 1.00527	1.00558	0.995387	0.994736	0.966148	0.967951	
8.29982 1.00564	1.00596	0.995255	0.994602	0.966945	0.968746	
8.31595 1.00598	1.0063	0.994898	0.994245	0.968288	0.970086	
8.33208 1.00632	1.00664	0.995043	0.994389	0.968293	0.970087	
8.34821 1.00692	1.00723	0.99499	0.994336	0.969304	0.971096	
8.36435 1.00687	1.00719	0.995326	0.994671	0.969665	0.971453	
8.38048 1.00706	1.00738	0.995272	0.994616	0.970445	0.97223	
8.39661 1.00727	1.00759	0.995063	0.994406	0.971199	0.972982	
8.41274 1.00801	1.00834	0.995304	0.994646	0.971846	0.973625	
8.42887 1.00893	1.00925	0.996069	0.99541	0.972988	0.974766	
8.44501 1.0085	1.00883	0.995871	0.995211	0.973995	0.975771	
8.46114 1.00887	1.0092	0.995772	0.995111	0.974768	0.976542	
8.47727 1.00877	1.0091	0.996213	0.995552	0.975552	0.977324	
8.4934 1.00917	1.0095	0.995809	0.995147	0.976187	0.977957	
8.50953 1.00983	1.01016	0.996706	0.996043	0.976507	0.978274	
8.52566 1.01024	1.01057	0.996275	0.995611	0.977231	0.978996	
8.5418 1.0105	1.01084	0.996608	0.995944	0.978226	0.97999	
8.55793 1.01026	1.0106	0.996552	0.995887	0.979603	0.981366	
8.57406 1.01113	1.01147	0.996465	0.995799	0.980262	0.982023	
8.59019 1.0111	1.01144	0.997124	0.996458	0.98094	0.9827	
8.60632 1.01171	1.01206	0.996738	0.996071	0.982467	0.984228	
8.62246 1.01138	1.01173	0.996842	0.996174	0.983642	0.985402	
8.63859 1.0115	1.01185	0.997403	0.996735	0.983581	0.985338	
8.65472 1.01226	1.01261	0.996907	0.996238	0.985035	0.986793	
8.67085 1.01171	1.01206	0.997162	0.996492	0.98557	0.987327	
8.68698 1.01221	1.01257	0.996872	0.996202	0.986334	0.98809	
8.70311 1.01235	1.01271	0.997833	0.997162	0.986593	0.988348	
8.71925 1.01231	1.01267	0.99777	0.997098	0.987426	0.989181	
8.73538 1.0123	1.01266	0.997826	0.997153	0.989314	0.99107	
8.75151 1.01325	1.01362	0.997882	0.997209	0.990295	0.992052	
8.76764 1.01243	1.0128	0.998122	0.997448	0.990609	0.992365	
8.78377 1.01311	1.01347	0.997831	0.997157	0.991308	0.993064	
8.79991 1.01289	1.01326	0.99856	0.997886	0.991832	0.993588	
8.81604 1.01327	1.01364	0.998267	0.997593	0.992547	0.994303	
8.83217 1.01238	1.01276	0.998191	0.997516	0.993522	0.995279	
8.8483 1.01229	1.01267	0.997862	0.997187	0.993863	0.99562	
8.86443 1.01309	1.01347	0.997737	0.997061	0.994539	0.996297	
8.88056 1.01324	1.01363	0.998304	0.997628	0.995624	0.997383	
8.8967 1.01276	1.01314	0.997989	0.997312	0.996099	0.997858	
8.91283 1.01257	1.01295	0.998131	0.997453	0.995976	0.997735	
8.92896 1.0124	1.01279	0.997944	0.997266	0.997427	0.999188	
8.94509 1.01287	1.01326	0.998286	0.997608	0.998274	1.00004	
8.96122 1.01219	1.01258	0.998448	0.997769	0.998548	1.00031	
8.97736 1.01245	1.01285	0.997612	0.996933	0.998547	1.00031	
8.99349 1.01199	1.01239	0.998044	0.997364	0.998664	1.00043	
9.00962 1.01212	1.01252	0.997802	0.997122	1.00009	1.00186	
9.02575 1.01208	1.01248	0.998023	0.997343	0.999932	1.0017	
9.04188 1.01224	1.01265	0.997891	0.99721	1.00078	1.00254	
9.05801 1.01118	1.01158	0.9973	0.996619	1.00107	1.00284	
9.07415 1.01145	1.01186	0.997946	0.997264	1.0019	1.00367	
9.09028 1.01087	1.01128	0.997769	0.997087	1.00195	1.00372	
9.10641 1.01079	1.0112	0.997349	0.996666	1.00237	1.00414	
9.12254 1.00972	1.01013	0.997224	0.99654	1.00191	1.00369	
9.13867 1.00958	1.01	0.997303	0.996619	1.00281	1.00459	
9.15481 1.00964	1.01006	0.997525	0.99684	1.0023	1.00408	
9.17094 1.00913	1.00954	0.996841	0.996155	1.00321	1.00499	
9.18707 1.00948	1.0099	0.997106	0.99642	1.00358	1.00536	
9.2032 1.00861	1.00903	0.996684	0.995998	1.00385	1.00563	
9.21933 1.00808	1.0085	0.996319	0.995632	1.00361	1.00539	
9.23546 1.00805	1.00847	0.996285	0.995597	1.00393	1.00571	
9.2516 1.00743	1.00786	0.99617	0.995481	1.00402	1.00581	
9.26773 1.00724	1.00767	0.996258	0.995568	1.0039	1.00568	
9.28386 1.00705	1.00748	0.996193	0.995503	1.00415	1.00594	
9.29999 1.00577	1.0062	0.995608	0.994917	1.0043	1.00609	
9.31612 1.00623	1.00667	0.995782	0.99509	1.00459	1.00638	
9.33226 1.00578	1.00622	0.995384	0.994691	1.00455	1.00634	
9.34839 1.0048	1.00524	0.995112	0.994419	1.00454	1.00633	
9.36452 1.00426	1.00469	0.995154	0.994459	1.00451	1.0063	
9.38065 1.00443	1.00486	0.99462	0.993924	1.00445	1.00625	
9.39678 1.00454	1.00497	0.994798	0.994102	1.00488	1.00668	
9.41291 1.00314	1.00358	0.99472	0.994022	1.00454	1.00634	
9.42905 1.00247	1.00291	0.99425	0.993551	1.00477	1.00657	
9.44518 1.00204	1.00248	0.993877	0.993177	1.00444	1.00624	
9.46131 1.0022	1.00263	0.99342	0.992719	1.00392	1.00572	
9.47744 1.00172	1.00216	0.993555	0.992852	1.00405	1.00585	
9.49357 1.00081	1.00125	0.993386	0.992682	1.00385	1.00566	
9.50971 1.00056	1.001	0.993492	0.992786	1.00426	1.00606	
9.52584 0.999415	0.999852	0.993366	0.99266	1.00403	1.00583	
9.54197 0.999298	0.999735	0.992982	0.992274	1.00351	1.00531	
9.5581 0.998739	0.999175	0.992367	0.991658	1.0034	1.00521	
9.57423 0.998659	0.999095	0.992397	0.991686	1.00379	1.0056	
9.59036 0.997655	0.998091	0.992548	0.991835	1.00345	1.00526	
9.6065 0.998066	0.998501	0.992164	0.991449	1.00338	1.00519	
9.62263 0.996491	0.996925	0.992286	0.99157	1.00329	1.0051	
9.63876 0.996406	0.996839	0.991839	0.991122	1.00298	1.00479	
9.65489 0.996027	0.996459	0.991655	0.990936	1.0025	1.00431	
9.67102 0.995749	0.99618	0.992039	0.991318	1.00265	1.00446	
9.68716 0.995328	0.995758	0.991215	0.990493	1.00273	1.00454	
9.70329 0.995151	0.99558	0.991677	0.990952	1.0024	1.00421	
9.71942 0.99404	0.994468	0.991315	0.990588	1.00214	1.00396	
9.73555 0.994356	0.994783	0.990948	0.99022	1.00207	1.00388	
9.75168 0.994134	0.99456	0.990838	0.990108	1.00234	1.00416	
9.76781 0.992936	0.993359	0.99104	0.990307	1.00181	1.00363	
9.78395 0.993144	0.993566	0.990748	0.990014	1.00144	1.00325	
9.80008 0.992655	0.993076	0.990754	0.990017	1.00156	1.00338	
9.81621 0.99261	0.99303	0.990417	0.989679	1.00128	1.0031	
9.83234 0.991782	0.9922	0.990749	0.990008	1.00136	1.00318	
9.84847 0.991978	0.992394	0.99068	0.989937	1.00161	1.00343	
9.86461 0.99132	0.991734	0.990547	0.989802	1.00148	1.0033	
9.88074 0.990586	0.990998	0.990589	0.989842	1.00096	1.00278	
9.89687 0.990902	0.991312	0.990882	0.990132	1.00107	1.00289	
9.913 0.990149	0.990557	0.99067	0.989919	1.00085	1.00267	
9.92913 0.990348	0.990754	0.99068	0.989927	1.00096	1.00279	
9.94526 0.990061	0.990464	0.991103	0.990347	1.00071	1.00253	
9.9614 0.990265	0.990666	0.990979	0.990221	1.00088	1.00271	
9.97753 0.989755	0.990154	0.990419	0.989659	1.00121	1.00304	
9.99366 0.989681	0.990077	0.9908	0.990037	1.00025	1.00207	
10.0098 0.989421	0.989815	0.990931	0.990167	1.00049	1.00232	
10.0259 0.989127	0.989519	0.991411	0.990644	1.00101	1.00284	
10.0421 0.989302	0.989691	0.991236	0.990467	1.00027	1.00209	
10.0582 0.988636	0.989023	0.991797	0.991026	1.00086	1.00268	
10.0743 0.988984	0.989369	0.991806	0.991032	1.00084	1.00267	
10.0905 0.988471	0.988853	0.991709	0.990933	1.00065	1.00248	
10.1066 0.988886	0.989266	0.991763	0.990986	1.00065	1.00248	
10.1227 0.988415	0.988792	0.992007	0.991227	1.00059	1.00241	
10.1388 0.989082	0.989456	0.992723	0.991941	1.00109	1.00292	
10.155 0.988508	0.98888	0.992439	0.991655	1.00068	1.0025	
10.1711 0.98898	0.98935	0.992715	0.991929	1.00057	1.0024	
10.1872 0.988729	0.989096	0.993084	0.992296	1.00101	1.00284	
10.2034 0.988836	0.989201	0.993582	0.992791	1.00157	1.0034	
10.2195 0.988677	0.989039	0.993766	0.992974	1.00161	1.00344	
10.2356 0.988595	0.988954	0.99389	0.993096	1.00124	1.00307	
10.2518 0.988901	0.989258	0.993959	0.993164	1.00212	1.00396	
10.2679 0.989504	0.989859	0.994489	0.993692	1.00134	1.00317	
10.284 0.98951	0.989862	0.994468	0.993669	1.00123	1.00306	
10.3002 0.988714	0.989064	0.995279	0.994478	1.00205	1.00389	
10.3163 0.988637	0.988984	0.995303	0.994501	1.00204	1.00388	
10.3324 0.989606	0.989951	0.995917	0.995113	1.0015	1.00334	
10.3486 0.989373	0.989716	0.996072	0.995267	1.00216	1.004	
10.3647 0.989887	0.990228	0.996164	0.995357	1.00281	1.00465	
10.3808 0.989722	0.99006	0.996564	0.995756	1.00249	1.00433	
10.397 0.989667	0.990002	0.996891	0.996082	1.00213	1.00397	
10.4131 0.990274	0.990607	0.997165	0.996355	1.00278	1.00463	
10.4292 0.99026	0.990591	0.997605	0.996794	1.003	1.00485	
10.4454 0.990988	0.991317	0.99792	0.997108	1.00295	1.0048	
10.4615 0.990778	0.991105	0.998355	0.997542	1.00318	1.00503	
10.4776 0.991337	0.991663	0.99881	0.997997	1.00404	1.0059	
10.4937 0.991515	0.991838	0.998779	0.997965	1.00314	1.00499	
10.5099 0.991105	0.991426	0.999397	0.998582	1.00316	1.00501	
10.526 0.99187	0.992189	0.999342	0.998526	1.0038	1.00566	
10.5421 0.992035	0.992353	0.999825	0.999009	1.00346	1.00532	
10.5583 0.992281	0.992597	1.00013	0.999315	1.00375	1.00561	
10.5744 0.992458	0.992772	1.00087	1.00005	1.00394	1.00581	
10.5905 0.992928	0.99324	1.00094	1.00012	1.00384	1.0057	
10.6067 0.993134	0.993445	1.0013	1.00048	1.00396	1.00583	
10.6228 0.993134	0.993444	1.00166	1.00084	1.00404	1.00591	
10.6389 0.993864	0.994172	1.00208	1.00127	1.00476	1.00663	
10.6551 0.994137	0.994444	1.00196	1.00114	1.00381	1.00568	
10.6712 0.994366	0.994671	1.00242	1.0016	1.00401	1.00588	
10.6873 0.994504	0.994809	1.00281	1.00199	1.00445	1.00632	
10.7035 0.994965	0.995268	1.00339	1.00257	1.00448	1.00636	
10.7196 0.994456	0.994757	1.00314	1.00232	1.00464	1.00651	
10.7357 0.99564	0.995941	1.00346	1.00264	1.00477	1.00665	
10.7519 0.995752	0.996052	1.00395	1.00314	1.00469	1.00657	
10.768 0.995764	0.996062	1.00413	1.00332	1.00461	1.00649	
10.7841 0.996628	0.996927	1.00455	1.00373	1.00494	1.00683	
10.8003 0.996911	0.997208	1.00432	1.00351	1.00493	1.00681	
10.8164 0.996992	0.997289	1.00517	1.00436	1.00519	1.00707	
10.8325 0.996713	0.997009	1.00516	1.00435	1.00526	1.00715	
10.8486 0.997198	0.997494	1.00556	1.00475	1.00505	1.00694	
10.8648 0.997751	0.998046	1.00567	1.00486	1.00496	1.00685	
10.8809 0.998281	0.998576	1.0062	1.00539	1.0053	1.0072	
10.897 0.99862	0.998914	1.00617	1.00537	1.0049	1.0068	
10.9132 0.998724	0.999019	1.00634	1.00553	1.0047	1.0066	
10.9293 0.999048	0.999343	1.00643	1.00563	1.00455	1.00645	
10.9454 0.998932	0.999227	1.00651	1.00571	1.0048	1.0067	
10.9616 0.999438	0.999732	1.00701	1.00621	1.00407	1.00597	
10.9777 0.999701	0.999995	1.00695	1.00616	1.00461	1.00651	
10.9938 0.999918	1.00021	1.00719	1.0064	1.00441	1.00632	
11.01 1.00003	1.00033	1.00752	1.00673	1.00458	1.00649	
11.0261 1.00049	1.00079	1.00732	1.00652	1.00385	1.00576	
11.0422 1.00059	1.00089	1.00739	1.0066	1.00467	1.00658	
11.0584 1.00073	1.00102	1.00779	1.007	1.0043	1.00621	
11.0745 1.00095	1.00124	1.0076	1.00682	1.00414	1.00606	
11.0906 1.00068	1.00098	1.00723	1.00644	1.00423	1.00615	
11.1068 1.00152	1.00182	1.00757	1.00679	1.00385	1.00577	
11.1229 1.00167	1.00197	1.00778	1.007	1.00408	1.006	
11.139 1.00231	1.00261	1.00784	1.00706	1.00426	1.00619	
11.1552 1.00231	1.00261	1.00816	1.00738	1.00323	1.00516	
11.1713 1.00203	1.00233	1.00813	1.00735	1.00326	1.00519	
11.1874 1.00293	1.00323	1.0081	1.00732	1.00339	1.00531	
11.2035 1.00246	1.00276	1.00819	1.00742	1.00292	1.00485	
11.2197 1.00247	1.00278	1.00792	1.00715	1.00245	1.00438	
11.2358 1.00297	1.00327	1.0078	1.00703	1.00261	1.00454	
11.2519 1.00314	1.00344	1.00784	1.00708	1.00224	1.00417	
11.2681 1.00348	1.00378	1.00811	1.00735	1.0021	1.00403	
11.2842 1.00364	1.00394	1.00778	1.00702	1.00214	1.00407	
11.3003 1.00358	1.00389	1.00792	1.00716	1.00228	1.00421	
11.3165 1.00351	1.00382	1.00781	1.00705	1.00156	1.00349	
11.3326 1.00348	1.00379	1.00773	1.00697	1.00121	1.00315	
11.3487 1.00391	1.00422	1.00793	1.00718	1.00142	1.00336	
11.3649 1.00393	1.00425	1.00782	1.00707	1.00116	1.00309	
11.381 1.00385	1.00416	1.0076	1.00685	1.00086	1.00279	
11.3971 1.00418	1.0045	1.00735	1.0066	1.00036	1.0023	
11.4133 1.00429	1.0046	1.00748	1.00674	0.999818	1.00175	
11.4294 1.00459	1.00491	1.0072	1.00646	1.00024	1.00218	
11.4455 1.00413	1.00445	1.00712	1.00638	1.00019	1.00212	
11.4617 1.00468	1.005	1.00713	1.00639	0.999908	1.00184	
11.4778 1.00466	1.00498	1.00677	1.00604	0.999471	1.00141	
11.4939 1.00452	1.00485	1.00686	1.00612	0.999643	1.00158	
11.5101 1.00439	1.00472	1.0068	1.00607	0.999054	1.00099	
11.5262 1.0044	1.00473	1.00672	1.00599	0.998603	1.00054	
11.5423 1.00457	1.0049	1.00649	1.00576	0.998747	1.00068	
11.5584 1.00453	1.00486	1.0063	1.00558	0.998647	1.00058	
11.5746 1.00481	1.00514	1.00628	1.00555	0.998468	1.0004	
11.5907 1.00451	1.00485	1.00566	1.00493	0.997601	0.999534	
11.6068 1.00468	1.00502	1.00555	1.00483	0.998005	0.999938	
11.623 1.00479	1.00513	1.00542	1.0047	0.997523	0.999456	
11.6391 1.00487	1.0052	1.00551	1.00479	0.997111	0.999042	
11.6552 1.00492	1.00526	1.0051	1.00439	0.996872	0.998802	
11.6714 1.00461	1.00495	1.00499	1.00427	0.996811	0.998741	
11.6875 1.00471	1.00505	1.00478	1.00407	0.996475	0.998404	
11.7036 1.00439	1.00473	1.00465	1.00394	0.99665	0.998579	
11.7198 1.00438	1.00473	1.00445	1.00373	0.996279	0.998206	
11.7359 1.00443	1.00478	1.00433	1.00362	0.995664	0.997589	
11.752 1.00451	1.00486	1.00406	1.00335	0.996081	0.998007	
11.7682 1.00435	1.0047	1.00396	1.00325	0.996006	0.997931	
11.7843 1.00428	1.00463	1.00387	1.00317	0.995439	0.997362	
11.8004 1.00471	1.00506	1.00343	1.00273	0.995689	0.997611	
11.8166 1.0041	1.00445	1.0033	1.0026	0.99517	0.997091	
11.8327 1.00445	1.0048	1.00311	1.00241	0.994995	0.996914	
11.8488 1.00394	1.0043	1.00298	1.00227	0.995156	0.997074	
11.865 1.00406	1.00442	1.00268	1.00198	0.994889	0.996806	
11.8811 1.00436	1.00472	1.00244	1.00174	0.994871	0.996787	
11.8972 1.00368	1.00404	1.00241	1.0017	0.994324	0.996238	
11.9133 1.00407	1.00443	1.00232	1.00162	0.993904	0.995815	
11.9295 1.00415	1.00451	1.0023	1.0016	0.994265	0.996176	
11.9456 1.00361	1.00398	1.00168	1.00098	0.993819	0.995728	
11.9617 1.00416	1.00453	1.00163	1.00093	0.993696	0.995603	
11.9779 1.00404	1.00441	1.00127	1.00057	0.994	0.995906	
11.994 1.0034	1.00377	1.00128	1.00058	0.993763	0.995668	
12.0101 1.00319	1.00357	1.00111	1.00041	0.993527	0.995429	
12.0263 1.0037	1.00407	1.00074	1.00004	0.993277	0.995177	
12.0424 1.00276	1.00314	1.00082	1.00012	0.993624	0.995523	
12.0585 1.00352	1.00389	1.00075	1.00006	0.993324	0.995222	
12.0747 1.00308	1.00346	1.00044	0.999744	0.993201	0.995096	
12.0908 1.00297	1.00334	1.00008	0.999378	0.992887	0.99478	
12.1069 1.00268	1.00306	1.00005	0.999349	0.99278	0.994671	
12.1231 1.00235	1.00273	0.999778	0.99908	0.992951	0.99484	
12.1392 1.00274	1.00312	0.999764	0.999066	0.993284	0.995173	
12.1553 1.00246	1.00285	0.99955	0.998851	0.992956	0.994842	
12.1715 1.00231	1.00269	0.999471	0.998771	0.992591	0.994475	
12.1876 1.00148	1.00186	0.999577	0.998877	0.993085	0.994968	
12.2037 1.00236	1.00274	0.999244	0.998545	0.992793	0.994674	
12.2199 1.00248	1.00286	0.999089	0.998389	0.993202	0.995082	
12.236 1.00162	1.00201	0.998814	0.998113	0.993026	0.994904	
12.2521 1.00172	1.00211	0.999011	0.99831	0.993365	0.995242	
12.2682 1.00178	1.00217	0.998613	0.997911	0.992948	0.994822	
12.2844 1.00202	1.00241	0.998382	0.997679	0.993291	0.995164	
12.3005 1.00199	1.00238	0.998198	0.997494	0.993062	0.994933	
12.3166 1.00151	1.0019	0.998139	0.997435	0.992977	0.994846	
12.3328 1.00162	1.00201	0.998297	0.997592	0.992576	0.994442	
12.3489 1.00134	1.00173	0.99806	0.997354	0.993208	0.995073	
12.365 1.00098	1.00137	0.998347	0.99764	0.992665	0.994528	
12.3812 1.00116	1.00156	0.997848	0.99714	0.993272	0.995134	
12.3973 1.00105	1.00144	0.998103	0.997394	0.993116	0.994976	
12.4134 1.0012	1.00159	0.997816	0.997106	0.993168	0.995026	
12.4296 1.0011	1.00149	0.997737	0.997027	0.993476	0.995333	
12.4457 1.00101	1.0014	0.997522	0.99681	0.993357	0.995212	
12.4618 1.00063	1.00102	0.997404	0.996691	0.99386	0.995715	
12.478 1.00034	1.00074	0.997599	0.996885	0.993472	0.995325	
12.4941 1.00071	1.0011	0.997424	0.99671	0.993698	0.995549	
12.5102 1.00043	1.00082	0.997554	0.996838	0.993702	0.995551	
12.5264 1.00021	1.00061	0.997617	0.9969	0.993922	0.99577	
12.5425 1.00051	1.0009	0.997506	0.996788	0.993671	0.995517	
12.5586 1.00023	1.00063	0.997421	0.996701	0.993868	0.995712	
12.5748 1.00053	1.00093	0.997443	0.996722	0.993659	0.995502	
12.5909 1.00006	1.00045	0.997208	0.996487	0.993914	0.995756	
12.607 0.999959	1.00036	0.997363	0.99664	0.994118	0.995958	
12.6231 0.999759	1.00015	0.997109	0.996385	0.994414	0.996254	
12.6393 1.00029	1.00069	0.997291	0.996565	0.994454	0.996293	
12.6554 1.00001	1.00041	0.997243	0.996516	0.994441	0.996279	
12.6715 1.00003	1.00042	0.997312	0.996584	0.994852	0.996689	
12.6877 0.999604	1	0.997155	0.996425	0.995186	0.997022	
12.7038 1.00003	1.00042	0.997178	0.996447	0.994778	0.996612	
12.7199 0.999995	1.00039	0.997308	0.996575	0.995098	0.996931	
12.7361 0.999622	1.00002	0.997504	0.99677	0.995366	0.997199	
12.7522 0.999419	0.999816	0.997142	0.996407	0.995114	0.996946	
12.7683 0.999659	1.00006	0.997528	0.996792	0.994984	0.996814	
12.7845 0.999653	1.00005	0.997476	0.996739	0.995655	0.997485	
12.8006 0.999132	0.999528	0.997381	0.996642	0.995843	0.997672	
12.8167 0.999676	1.00007	0.99767	0.996929	0.995847	0.997675	
12.8329 0.999611	1.00001	0.997975	0.997233	0.996342	0.998171	
12.849 0.999194	0.99959	0.997453	0.996711	0.996227	0.998055	
12.8651 0.999549	0.999945	0.997443	0.996699	0.996052	0.997879	
12.8813 0.999106	0.999502	0.997517	0.996772	0.996303	0.99813	
12.8974 0.998563	0.998958	0.998025	0.997278	0.996618	0.998444	
12.9135 0.999157	0.999552	0.997739	0.996992	0.996584	0.998409	
12.9296 0.998902	0.999297	0.99774	0.996991	0.996977	0.998803	
12.9458 0.999131	0.999526	0.997919	0.997169	0.997217	0.999043	
12.9619 0.999122	0.999516	0.998044	0.997293	0.997249	0.999074	
12.978 0.998511	0.998905	0.997694	0.996942	0.996903	0.998727	
12.9942 0.999133	0.999527	0.998072	0.997318	0.997613	0.999439	
13.0103 0.999037	0.99943	0.998109	0.997354	0.997326	0.999151	
13.0264 0.999	0.999393	0.997948	0.997192	0.997248	0.999072	
13.0426 0.998784	0.999176	0.99827	0.997513	0.997605	0.99943	
13.0587 0.999186	0.999579	0.998313	0.997555	0.997951	0.999776	
13.0748 0.999109	0.999502	0.998528	0.997769	0.997823	0.999648	
13.091 0.998889	0.999281	0.998439	0.997679	0.997776	0.9996	
13.1071 0.998415	0.998807	0.99848	0.997719	0.998259	1.00009	
13.1232 0.998564	0.998955	0.998486	0.997725	0.998493	1.00032	
13.1394 0.998798	0.999189	0.998416	0.997654	0.998387	1.00021	
13.1555 0.99866	0.999051	0.998623	0.997859	0.998142	0.999967	
13.1716 0.998997	0.999388	0.998596	0.997832	0.998529	1.00036	
13.1878 0.998437	0.998827	0.998444	0.997679	0.998468	1.00029	
13.2039 0.998583	0.998972	0.998674	0.997907	0.998919	1.00075	
13.22 0.998436	0.998825	0.998791	0.998023	0.998965	1.00079	
13.2362 0.998307	0.998695	0.998933	0.998165	0.998873	1.0007	
13.2523 0.998787	0.999175	0.99903	0.998261	0.998825	1.00065	
13.2684 0.998329	0.998716	0.9992	0.998431	0.999357	1.00119	
13.2845 0.998501	0.998888	0.999038	0.998268	0.999241	1.00107	
13.3007 0.99814	0.998526	0.99875	0.997979	0.99898	1.00081	
13.3168 0.998564	0.99895	0.998917	0.998145	0.999308	1.00114	
13.3329 0.998816	0.999202	0.999546	0.998773	0.999647	1.00148	
13.3491 0.998296	0.998681	0.99945	0.998677	0.999512	1.00134	
13.3652 0.998709	0.999094	0.999588	0.998814	0.999512	1.00134	
13.3813 0.998593	0.998977	0.999762	0.998987	0.99918	1.00101	
13.3975 0.998561	0.998945	0.999578	0.998803	0.999633	1.00147	
13.4136 0.998567	0.99895	0.999429	0.998654	0.999511	1.00135	
13.4297 0.997666	0.998048	0.999968	0.999192	0.99997	1.00181	
13.4459 0.998316	0.998698	0.999846	0.99907	0.999497	1.00133	
13.462 0.99835	0.998732	0.999632	0.998855	0.999826	1.00166	
13.4781 0.998238	0.998619	0.999824	0.999047	0.999831	1.00167	
13.4943 0.998363	0.998744	0.999791	0.999013	1.00016	1.002	
13.5104 0.998209	0.998589	1.00001	0.999236	0.999818	1.00166	
13.5265 0.998153	0.998532	0.999892	0.999113	1.00011	1.00196	
13.5427 0.998177	0.998555	1.00004	0.999264	1.0002	1.00204	
13.5588 0.998153	0.99853	1.00012	0.999343	1.00012	1.00196	
13.5749 0.998279	0.998656	1.00009	0.999308	0.999846	1.00169	
13.5911 0.997865	0.998241	1.00031	0.99953	1.00002	1.00186	
13.6072 0.997923	0.998298	1.00031	0.999529	1.00008	1.00192	
13.6233 0.997916	0.99829	1.00038	0.999599	1.0001	1.00195	
13.6394 0.998488	0.998863	1.00043	0.999647	1.00027	1.00211	
13.6556 0.998619	0.998993	1.00075	0.999967	1.00043	1.00228	
13.6717 0.997942	0.998314	1.00036	0.999578	1.00013	1.00198	
13.6878 0.998257	0.998629	1.00072	0.999935	1.00063	1.00248	
13.704 0.998694	0.999066	1.00059	0.999808	1.00022	1.00207	
13.7201 0.997781	0.998152	1.00097	1.00019	0.999718	1.00157	
13.7362 0.998113	0.998484	1.00056	0.999779	1.00028	1.00213	
13.7524 0.998588	0.998958	1.00063	0.99985	1.00027	1.00213	
13.7685 0.998224	0.998593	1.00056	0.99978	1.00008	1.00193	
13.7846 0.998324	0.998692	1.00061	0.999827	0.999728	1.00158	
13.8008 0.997706	0.998074	1.00065	0.999869	0.999972	1.00183	
13.8169 0.998209	0.998576	1.00096	1.00017	0.99999	1.00185	
13.833 0.998258	0.998624	1.00081	1.00002	1.00019	1.00205	
13.8492 0.998193	0.998559	1.00096	1.00017	1.00003	1.00189	
13.8653 0.998186	0.998551	1.00106	1.00028	1.00002	1.00188	
13.8814 0.998361	0.998725	1.00075	0.999966	0.99982	1.00168	
13.8976 0.998081	0.998444	1.00086	1.00008	1.00011	1.00197	
13.9137 0.998393	0.998756	1.00115	1.00037	0.999876	1.00174	
13.9298 0.998318	0.99868	1.00099	1.00021	0.999927	1.00179	
13.946 0.998225	0.998587	1.00138	1.0006	0.999486	1.00135	
13.9621 0.998099	0.99846	1.00127	1.00049	0.99972	1.00158	
13.9782 0.998166	0.998527	1.00127	1.00049	0.999694	1.00156	
13.9943 0.997919	0.998278	1.00112	1.00034	1.00018	1.00205	
14.0105 0.998586	0.998945	1.00124	1.00046	0.999425	1.00129	
14.0266 0.998283	0.998641	1.00158	1.0008	0.999864	1.00173	
14.0427 0.998053	0.998411	1.00132	1.00054	0.99989	1.00176	
14.0589 0.998574	0.998931	1.0013	1.00052	0.999427	1.0013	
14.075 0.998267	0.998623	1.00136	1.00058	0.999185	1.00105	
14.0911 0.99845	0.998807	1.00146	1.00069	0.99961	1.00148	
14.1073 0.998186	0.998542	1.00152	1.00074	0.999478	1.00135	
14.1234 0.998465	0.99882	1.00135	1.00057	0.99964	1.00151	
14.1395 0.998789	0.999144	1.00159	1.00081	0.999178	1.00105	
14.1557 0.998493	0.998847	1.00154	1.00076	0.999637	1.00151	
14.1718 0.999066	0.99942	1.00155	1.00077	0.999241	1.00111	
14.1879 0.998194	0.998547	1.00148	1.00071	0.998776	1.00065	
14.2041 0.998476	0.998829	1.00158	1.00081	0.999449	1.00132	
14.2202 0.998157	0.998508	1.0016	1.00082	0.999329	1.0012	
14.2363 0.99836	0.99871	1.00159	1.00081	0.999111	1.00098	
14.2525 0.998773	0.999123	1.00166	1.00089	0.999454	1.00133	
14.2686 0.998368	0.998718	1.00142	1.00065	0.998664	1.00054	
14.2847 0.998646	0.998995	1.0016	1.00083	0.999055	1.00093	
14.3009 0.998681	0.99903	1.00165	1.00088	0.999292	1.00117	
14.317 0.998903	0.999252	1.00202	1.00125	0.998987	1.00086	
14.3331 0.999011	0.99936	1.00149	1.00071	0.999168	1.00105	
14.3492 0.998945	0.999293	1.00164	1.00087	0.998931	1.00081	
14.3654 0.998774	0.999121	1.00175	1.00098	0.998777	1.00065	
14.3815 0.999112	0.999459	1.00167	1.0009	0.998906	1.00078	
14.3976 0.998993	0.99934	1.00175	1.00097	0.998838	1.00072	
14.4138 0.999147	0.999494	1.00191	1.00114	0.998692	1.00057	
14.4299 0.998968	0.999315	1.00166	1.00089	0.99838	1.00026	
14.446 0.999305	0.999651	1.00155	1.00078	0.998623	1.0005	
14.4622 0.999063	0.999409	1.00184	1.00107	0.998626	1.0005	
14.4783 0.999528	0.999874	1.00183	1.00106	0.998284	1.00016	
14.4944 0.999601	0.999947	1.00188	1.00111	0.998508	1.00039	
14.5106 0.999405	0.999751	1.00156	1.00079	0.998659	1.00054	
14.5267 0.998804	0.999149	1.00193	1.00116	0.998341	1.00022	
14.5428 0.998795	0.99914	1.00177	1.001	0.998447	1.00033	
14.559 0.999232	0.999577	1.00168	1.00092	0.998279	1.00016	
14.5751 0.999497	0.999842	1.00187	1.0011	0.998251	1.00013	
14.5912 0.999476	0.99982	1.00189	1.00112	0.998045	0.999923	
14.6074 0.999542	0.999886	1.002	1.00123	0.998183	1.00006	
14.6235 0.999292	0.999636	1.00178	1.00101	0.998393	1.00027	
14.6396 0.99911	0.999454	1.00179	1.00103	0.998431	1.00031	
14.6558 0.999384	0.999728	1.00166	1.0009	0.997901	0.999779	
14.6719 0.999846	1.00019	1.00178	1.00102	0.997739	0.999617	
14.688 0.999499	0.999843	1.00186	1.0011	0.997868	0.999746	
14.7041 0.999562	0.999906	1.00171	1.00095	0.997801	0.999679	
14.7203 0.999789	1.00013	1.00174	1.00098	0.998083	0.999961	
14.7364 0.999425	0.999769	1.00183	1.00107	0.99771	0.999586	
14.7525 0.99983	1.00017	1.00186	1.0011	0.998141	1.00002	
14.7687 0.999631	0.999975	1.00188	1.00112	0.998433	1.00031	
14.7848 0.999862	1.00021	1.00166	1.0009	0.99819	1.00007	
14.8009 1.00032	1.00067	1.00172	1.00096	0.997867	0.999745	
14.8171 0.999813	1.00016	1.00172	1.00096	0.997672	0.999548	
14.8332 0.999803	1.00015	1.0018	1.00104	0.99801	0.999887	
14.8493 0.999851	1.0002	1.00196	1.0012	0.997786	0.999663	
14.8655 1.00034	1.00068	1.00189	1.00113	0.997745	0.999622	
14.8816 0.999769	1.00011	1.00193	1.00118	0.997584	0.99946	
14.8977 1.00019	1.00054	1.00161	1.00086	0.997777	0.999653	
14.9139 1.00029	1.00063	1.00192	1.00117	0.997342	0.999216	
14.93 0.999904	1.00025	1.00148	1.00072	0.997851	0.999726	
14.9461 1.00032	1.00066	1.00184	1.00108	0.997778	0.999653	
14.9623 1.00032	1.00066	1.00176	1.00101	0.997814	0.999689	
14.9784 0.999985	1.00033	1.00167	1.00092	0.997796	0.999671	
14.9945 1.00033	1.00068	1.00161	1.00086	0.997453	0.999327	
15.0107 1.00013	1.00047	1.00177	1.00102	0.997223	0.999096	
15.0268 1.00025	1.0006	1.00177	1.00102	0.997517	0.99939	
15.0429 1.00018	1.00053	1.00181	1.00106	0.997452	0.999324	
15.059 1.00065	1.001	1.00162	1.00087	0.997259	0.99913	
15.0752 1.0004	1.00075	1.00172	1.00097	0.997272	0.999143	
15.0913 1	1.00035	1.00173	1.00098	0.997328	0.999199	
15.1074 1.0008	1.00115	1.00174	1.00099	0.997624	0.999496	
15.1236 1.00115	1.00151	1.00185	1.0011	0.997431	0.999301	
15.1397 1.00048	1.00083	1.0016	1.00086	0.997377	0.999247	
15.1558 1.00052	1.00087	1.00162	1.00088	0.997886	0.999757	
15.172 1.00069	1.00104	1.00164	1.0009	0.997055	0.998924	
15.1881 1.0004	1.00076	1.00142	1.00067	0.997323	0.999191	
15.2042 1.00059	1.00095	1.00128	1.00054	0.997561	0.999429	
15.2204 1.00075	1.00111	1.00171	1.00096	0.997246	0.999113	
15.2365 1.00035	1.00071	1.00152	1.00078	0.99736	0.999228	
15.2526 1.00068	1.00103	1.0012	1.00046	0.997214	0.999081	
15.2688 1.00086	1.00121	1.00173	1.00099	0.996992	0.998857	
15.2849 1.00051	1.00087	1.00145	1.00071	0.997363	0.999229	
15.301 1.00066	1.00102	1.00162	1.00088	0.997054	0.998918	
15.3172 1.00065	1.00101	1.00131	1.00056	0.997486	0.999351	
15.3333 1.00052	1.00088	1.00132	1.00058	0.997394	0.999258	
15.3494 1.00076	1.00112	1.00152	1.00078	0.996824	0.998686	
15.3656 1.00096	1.00132	1.0011	1.00036	0.997242	0.999104	
15.3817 1.00077	1.00113	1.00125	1.00051	0.997301	0.999163	
15.3978 1.00053	1.00089	1.00142	1.00068	0.997192	0.999054	
15.4139 1.00089	1.00125	1.00124	1.0005	0.997587	0.999449	
15.4301 1.00091	1.00127	1.00131	1.00057	0.997012	0.998872	
15.4462 1.00047	1.00084	1.00084	1.00011	0.99718	0.99904	
15.4623 1.00068	1.00104	1.00101	1.00028	0.997265	0.999124	
15.4785 1.00071	1.00107	1.00121	1.00047	0.997133	0.998992	
15.4946 1.00078	1.00114	1.00105	1.00031	0.997056	0.998914	
15.5107 1.00086	1.00123	1.00118	1.00045	0.997269	0.999126	
15.5269 1.00063	1.001	1.00117	1.00044	0.997136	0.998992	
15.543 1.00079	1.00116	1.00111	1.00037	0.997309	0.999166	
15.5591 1.0006	1.00097	1.00123	1.0005	0.99736	0.999216	
15.5753 1.00108	1.00145	1.001	1.00027	0.9971	0.998955	
15.5914 1.00098	1.00134	1.00101	1.00028	0.997206	0.99906	
15.6075 1.00066	1.00103	1.00097	1.00023	0.997304	0.999158	
15.6237 1.00065	1.00102	1.00101	1.00028	0.997552	0.999406	
15.6398 1.00064	1.00101	1.00081	1.00008	0.997051	0.998904	
15.6559 1.00068	1.00106	1.00085	1.00012	0.997387	0.99924	
15.6721 1.00042	1.00079	1.0009	1.00017	0.997459	0.999312	
15.6882 1.00031	1.00069	1.00118	1.00044	0.996969	0.99882	
15.7043 1.00061	1.00098	1.00072	0.999985	0.997087	0.998938	
15.7205 1.00051	1.00089	1.00096	1.00023	0.997355	0.999205	
15.7366 1.00062	1.00099	1.00078	1.00005	0.997226	0.999076	
15.7527 1.00062	1.001	1.00067	0.999936	0.997214	0.999063	
15.7688 1.00084	1.00122	1.00077	1.00003	0.997233	0.999081	
15.785 1.00088	1.00126	1.00088	1.00014	0.997208	0.999056	
15.8011 1.00069	1.00107	1.00074	1	0.997208	0.999055	
15.8172 1.00045	1.00082	1.00054	0.999808	0.997342	0.999189	
15.8334 1.00018	1.00056	1.00057	0.999834	0.996838	0.998683	
15.8495 1.0004	1.00078	1.00068	0.999949	0.99744	0.999286	
15.8656 1.00031	1.00069	1.00061	0.999874	0.997332	0.999177	
15.8818 1.00077	1.00115	1.00059	0.999857	0.997443	0.999288	
15.8979 1.00042	1.0008	1.00045	0.999713	0.997116	0.998959	
15.914 1.00039	1.00077	1.00064	0.999907	0.997436	0.999279	
15.9302 1.0003	1.00068	1.00055	0.999813	0.997368	0.999211	
15.9463 1.00047	1.00085	1.00042	0.99968	0.997393	0.999236	
15.9624 1.00046	1.00084	1.00053	0.999793	0.997474	0.999316	
15.9786 1.00003	1.00042	1.00052	0.99978	0.997327	0.999168	
15.9947 1.00041	1.0008	1.00033	0.999598	0.997268	0.999108	
16.0108 1.00005	1.00044	1.00045	0.999709	0.997185	0.999024	
16.027 1.00046	1.00084	1.00034	0.999606	0.997383	0.999223	
16.0431 1.00043	1.00082	1.00046	0.999728	0.997336	0.999175	
16.0592 1.00025	1.00063	1.00043	0.999691	0.997263	0.999101	
16.0754 1.00027	1.00066	1.00021	0.999477	0.997729	0.999567	
16.0915 0.999956	1.00034	1.00052	0.99978	0.997186	0.999023	
16.1076 1.00002	1.00041	1.00026	0.999524	0.997462	0.999299	
16.1237 1.00027	1.00066	1.00028	0.999539	0.997129	0.998965	
16.1399 0.999948	1.00034	0.999697	0.998959	0.997391	0.999227	
16.156 1.00025	1.00064	1.00041	0.999675	0.997719	0.999555	
16.1721 0.999811	1.0002	1.00028	0.99954	0.997378	0.999213	
16.1883 0.999759	1.00015	1.00025	0.999507	0.997341	0.999176	
16.2044 1.00023	1.00062	1.00028	0.999535	0.997522	0.999356	
16.2205 0.999656	1.00004	1.00025	0.999509	0.997704	0.999539	
16.2367 0.999989	1.00038	1.00048	0.999739	0.997445	0.999278	
16.2528 0.999756	1.00014	1.00031	0.999571	0.997288	0.99912	
16.2689 0.999803	1.00019	1.0002	0.999463	0.997578	0.999411	
16.2851 0.99984	1.00023	1.00024	0.999495	0.997245	0.999077	
16.3012 0.999812	1.0002	1.00022	0.99948	0.997368	0.999199	
16.3173 1.00015	1.00054	1.00028	0.999536	0.997732	0.999563	
16.3335 0.999979	1.00037	1.0002	0.999457	0.99732	0.99915	
16.3496 0.999569	0.999959	1.00026	0.999514	0.997693	0.999524	
16.3657 0.999766	1.00016	1.00023	0.999485	0.997593	0.999423	
16.3819 0.999582	0.999972	1.00021	0.999469	0.997274	0.999102	
16.398 1.00021	1.0006	0.999824	0.99908	0.997684	0.999513	
16.4141 0.999707	1.0001	1.00012	0.999379	0.997497	0.999325	
16.4303 0.999508	0.999898	1.0001	0.999355	0.997732	0.99956	
16.4464 0.999613	1	1.00021	0.999463	0.997745	0.999573	
16.4625 0.998972	0.999361	1.0001	0.999358	0.9974	0.999227	
16.4786 0.999614	1	1.00016	0.999412	0.998014	0.999842	
16.4948 0.999796	1.00019	1.00007	0.999325	0.997865	0.999692	
16.5109 0.999314	0.999703	1.00007	0.999325	0.997667	0.999493	
16.527 0.999515	0.999904	0.999911	0.999163	0.997642	0.999468	
16.5432 0.999402	0.999791	1.00017	0.999421	0.997662	0.999487	
16.5593 0.999247	0.999636	1.00002	0.999267	0.998024	0.99985	
16.5754 0.999424	0.999813	1.00003	0.999277	0.997558	0.999383	
16.5916 0.999469	0.999858	1.00017	0.999425	0.998094	0.99992	
16.6077 0.999421	0.999809	1.00004	0.999289	0.998197	1.00002	
16.6238 0.999713	1.0001	1.00005	0.999296	0.998111	0.999937	
16.64 0.99975	1.00014	1.00009	0.999335	0.997778	0.999603	
16.6561 0.999391	0.99978	1.00028	0.999524	0.998172	0.999998	
16.6722 0.999073	0.999461	1.00011	0.999354	0.997637	0.999461	
16.6884 0.99928	0.999668	1.00019	0.999441	0.997881	0.999706	
16.7045 0.999284	0.999672	1.00009	0.999336	0.99778	0.999604	
16.7206 0.999421	0.999808	1.00036	0.999611	0.997921	0.999745	
16.7368 0.998965	0.999352	1.00045	0.999699	0.997949	0.999773	
16.7529 0.999241	0.999628	1.00037	0.999612	0.99818	1	
16.769 0.99932	0.999706	1.00022	0.999464	0.998129	0.999953	
16.7852 0.999117	0.999503	1.00022	0.999466	0.997936	0.99976	
16.8013 0.999071	0.999456	1.00016	0.999401	0.997951	0.999774	
16.8174 0.999122	0.999507	1.00024	0.999485	0.998252	1.00008	
16.8335 0.999496	0.999882	1.00024	0.999486	0.998173	0.999998	
16.8497 0.999138	0.999522	1.00046	0.999706	0.99833	1.00015	
16.8658 0.999247	0.999631	1.00023	0.999476	0.998074	0.999898	
16.8819 0.998777	0.999161	1.00035	0.999597	0.998017	0.999841	
16.8981 0.998937	0.99932	1.00002	0.999267	0.9983	1.00012	
16.9142 0.999186	0.999569	1.00029	0.99953	0.998277	1.0001	
16.9303 0.999344	0.999727	1.00024	0.999479	0.998493	1.00032	
16.9465 0.999287	0.99967	1.00006	0.999306	0.998155	0.99998	
16.9626 0.999358	0.99974	1.0001	0.999344	0.99844	1.00027	
16.9787 0.999187	0.999569	1.00041	0.999648	0.998041	0.999865	
16.9949 0.998935	0.999317	1.00037	0.999607	0.998367	1.00019	
17.011 0.999325	0.999706	1.00048	0.999724	0.998405	1.00023	
17.0271 0.998619	0.998999	1.00039	0.999625	0.998375	1.0002	
17.0433 0.998937	0.999317	1.00037	0.999607	0.998418	1.00024	
17.0594 0.998956	0.999335	1.00054	0.999776	0.998189	1.00001	
17.0755 0.998952	0.999331	1.00021	0.999451	0.998508	1.00033	
17.0917 0.999176	0.999554	1.00017	0.999411	0.998172	0.999997	
17.1078 0.998837	0.999215	1.00046	0.999697	0.998224	1.00005	
17.1239 0.999231	0.999609	1.00047	0.999709	0.998572	1.0004	
17.1401 0.998974	0.999351	1.00059	0.999831	0.99829	1.00012	
17.1562 0.999202	0.999579	1.00024	0.99948	0.998559	1.00039	
17.1723 0.998784	0.99916	1.00046	0.999695	0.99823	1.00006	
17.1884 0.998996	0.999372	1.00071	0.999949	0.998441	1.00027	
17.2046 0.998986	0.999361	1.00024	0.999478	0.998477	1.0003	
17.2207 0.998993	0.999367	1.00055	0.999789	0.998443	1.00027	
17.2368 0.999133	0.999507	1.00049	0.999729	0.99851	1.00034	
17.253 0.998969	0.999342	1.00055	0.999785	0.998355	1.00018	
17.2691 0.999205	0.999578	1.00065	0.999886	0.998613	1.00044	
17.2852 0.998953	0.999325	1.00047	0.999709	0.998569	1.0004	
17.3014 0.999025	0.999397	1.00068	0.999912	0.998723	1.00055	
17.3175 0.998789	0.99916	1.00056	0.9998	0.99867	1.0005	
17.3336 0.999253	0.999624	1.00072	0.999958	0.998214	1.00004	
17.3498 0.999208	0.999578	1.0007	0.999935	0.998727	1.00056	
17.3659 0.99919	0.999561	1.00085	1.00008	0.998843	1.00067	
17.382 0.999293	0.999663	1.00087	1.00011	0.998971	1.0008	
17.3982 0.999021	0.999391	1.00055	0.999782	0.998524	1.00036	
17.4143 0.999338	0.999708	1.00069	0.999925	0.998621	1.00045	
17.4304 0.999168	0.999537	1.00098	1.00022	0.998403	1.00023	
17.4466 0.999282	0.99965	1.00089	1.00013	0.998603	1.00044	
17.4627 0.999286	0.999655	1.00081	1.00004	0.99871	1.00054	
17.4788 0.999006	0.999374	1.00074	0.999973	0.998789	1.00062	
17.495 0.999098	0.999465	1.00085	1.00009	0.998524	1.00036	
17.5111 0.998945	0.999312	1.00064	0.999873	0.998871	1.00071	
17.5272 0.999178	0.999544	1.00086	1.0001	0.998411	1.00025	
17.5433 0.999392	0.999758	1.00082	1.00006	0.998694	1.00053	
17.5595 0.998866	0.999231	1.00084	1.00007	0.998689	1.00053	
17.5756 0.999132	0.999497	1.0008	1.00004	0.998704	1.00054	
17.5917 0.99897	0.999334	1.00071	0.999942	0.998704	1.00054	
17.6079 0.999293	0.999657	1.00111	1.00034	0.998616	1.00045	
17.624 0.999121	0.999484	1.00094	1.00018	0.998711	1.00055	
17.6401 0.999101	0.999464	1.00082	1.00005	0.998473	1.00031	
17.6563 0.999276	0.999639	1.00091	1.00015	0.998594	1.00043	
17.6724 0.999402	0.999765	1.001	1.00024	0.998847	1.00069	
17.6885 0.99939	0.999753	1.00072	0.999953	0.998239	1.00008	
17.7047 0.999397	0.999759	1.00073	0.999971	0.998536	1.00038	
17.7208 0.99909	0.999452	1.00099	1.00023	0.998879	1.00072	
17.7369 0.999726	1.00009	1.00093	1.00016	0.998313	1.00015	
17.7531 0.999713	1.00008	1.00093	1.00017	0.998523	1.00036	
17.7692 0.999158	0.999519	1.001	1.00023	0.998462	1.0003	
17.7853 0.999586	0.999948	1.00086	1.0001	0.99862	1.00046	
17.8015 0.999556	0.999917	1.001	1.00023	0.998773	1.00062	
17.8176 0.998957	0.999318	1.00113	1.00037	0.998728	1.00057	
17.8337 0.999115	0.999475	1.00094	1.00017	0.998572	1.00041	
17.8499 0.999387	0.999747	1.00076	1	0.998601	1.00044	
17.866 0.999507	0.999867	1.00097	1.00021	0.99834	1.00018	
17.8821 0.999431	0.999791	1.00118	1.00042	0.998529	1.00037	
17.8982 0.999447	0.999807	1.00106	1.0003	0.998409	1.00025	
17.9144 0.999329	0.999688	1.00101	1.00025	0.998313	1.00016	
17.9305 0.999422	0.999781	1.00102	1.00026	0.998724	1.00057	
17.9466 0.999417	0.999776	1.00112	1.00036	0.998272	1.00012	
17.9628 0.999405	0.999764	1.00108	1.00032	0.998549	1.00039	
17.9789 0.999529	0.999887	1.00115	1.00039	0.998512	1.00036	
17.995 0.999572	0.999931	1.00095	1.00019	0.998396	1.00024	
18.0112 0.999671	1.00003	1.00113	1.00037	0.99857	1.00042	
18.0273 0.999668	1.00003	1.00108	1.00032	0.998506	1.00035	
18.0434 0.999781	1.00014	1.00097	1.00021	0.998236	1.00008	
18.0596 0.999474	0.999832	1.00103	1.00027	0.998174	1.00002	
18.0757 0.999728	1.00009	1.00108	1.00032	0.998172	1.00002	
18.0918 0.999448	0.999807	1.00115	1.00039	0.998407	1.00025	
18.108 0.99945	0.999808	1.00121	1.00045	0.998503	1.00035	
18.1241 0.999585	0.999943	1.00114	1.00039	0.998683	1.00053	
18.1402 0.99977	1.00013	1.00105	1.00029	0.998467	1.00031	
18.1564 0.999849	1.00021	1.001	1.00024	0.998564	1.00041	
18.1725 0.999283	0.999641	1.00134	1.00058	0.998395	1.00024	
18.1886 0.999549	0.999907	1.00096	1.0002	0.998599	1.00045	
18.2048 0.999753	1.00011	1.00123	1.00047	0.998453	1.0003	
18.2209 0.999673	1.00003	1.00121	1.00046	0.99816	1.00001	
18.237 0.999696	1.00005	1.00119	1.00044	0.998002	0.99985	
18.2531 0.999392	0.99975	1.00109	1.00033	0.998259	1.00011	
18.2693 0.999614	0.999972	1.00084	1.00008	0.998308	1.00016	
18.2854 0.999542	0.9999	1.00115	1.0004	0.998217	1.00007	
18.3015 0.999746	1.0001	1.00106	1.00031	0.998289	1.00014	
18.3177 0.999888	1.00025	1.00113	1.00038	0.998743	1.00059	
18.3338 0.999439	0.999797	1.00096	1.00021	0.998198	1.00005	
18.3499 0.999663	1.00002	1.00116	1.00041	0.998106	0.999955	
18.3661 0.99963	0.999989	1.0011	1.00035	0.998183	1.00003	
18.3822 0.99947	0.999828	1.00098	1.00022	0.998222	1.00007	
18.3983 0.999563	0.999921	1.00119	1.00044	0.998189	1.00004	
18.4145 0.999823	1.00018	1.00123	1.00048	0.998177	1.00003	
18.4306 0.999505	0.999863	1.00098	1.00023	0.998236	1.00009	
18.4467 0.999928	1.00029	1.00114	1.00039	0.998174	1.00002	
18.4629 0.99979	1.00015	1.00094	1.00019	0.998151	1	
18.479 0.9996	0.999958	1.00101	1.00026	0.998336	1.00019	
18.4951 0.999872	1.00023	1.00101	1.00026	0.998136	0.999986	
18.5113 0.999762	1.00012	1.00123	1.00048	0.99811	0.99996	
18.5274 0.999555	0.999913	1.00101	1.00026	0.997869	0.999717	
18.5435 0.999978	1.00034	1.00097	1.00022	0.998094	0.999943	
18.5597 0.999688	1.00005	1.00113	1.00038	0.997811	0.999659	
18.5758 0.99989	1.00025	1.00115	1.00041	0.998261	1.00011	
18.5919 0.999933	1.00029	1.00125	1.00051	0.998207	1.00006	
18.608 1.00019	1.00055	1.00097	1.00022	0.998097	0.999946	
18.6242 0.999779	1.00014	1.00102	1.00027	0.998033	0.999881	
18.6403 1.00003	1.0004	1.00088	1.00013	0.998124	0.999972	
18.6564 1.00007	1.00043	1.00097	1.00022	0.998051	0.999899	
18.6726 0.999913	1.00027	1.00109	1.00034	0.998074	0.999923	
18.6887 0.99953	0.999891	1.001	1.00025	0.998125	0.999974	
18.7048 0.999839	1.0002	1.00087	1.00012	0.998004	0.999852	
18.721 0.999718	1.00008	1.00104	1.0003	0.998149	0.999997	
18.7371 0.999797	1.00016	1.00086	1.00011	0.997905	0.999752	
18.7532 0.999662	1.00002	1.00098	1.00023	0.998132	0.99998	
18.7694 0.999781	1.00014	1.00083	1.00009	0.997874	0.999722	
18.7855 1.00013	1.00049	1.00085	1.00011	0.998099	0.999947	
18.8016 0.999787	1.00015	1.00105	1.00031	0.998041	0.999889	
18.8178 0.999949	1.00031	1.00095	1.00021	0.997858	0.999705	
18.8339 0.999694	1.00006	1.00093	1.00019	0.998138	0.999985	
18.85 0.999756	1.00012	1.00095	1.0002	0.997909	0.999756	
18.8662 0.999927	1.00029	1.00075	1.00001	0.997977	0.999824	
18.8823 0.999786	1.00015	1.00092	1.00018	0.99815	0.999997	
18.8984 0.99988	1.00024	1.00095	1.0002	0.998082	0.999928	
18.9146 0.999875	1.00024	1.0009	1.00015	0.997836	0.999682	
18.9307 0.999866	1.00023	1.0008	1.00006	0.997847	0.999693	
18.9468 0.999972	1.00034	1.0009	1.00016	0.997852	0.999697	
18.9629 0.999989	1.00035	1.00088	1.00014	0.998154	0.999999	
18.9791 0.999908	1.00027	1.00082	1.00008	0.997862	0.999707	
18.9952 0.999988	1.00035	1.00094	1.00019	0.997659	0.999503	
19.0113 0.9999	1.00027	1.00089	1.00015	0.998066	0.99991	
19.0275 0.999753	1.00012	1.00101	1.00026	0.998031	0.999875	
19.0436 0.999865	1.00023	1.00072	0.999979	0.998014	0.999858	
19.0597 0.99983	1.0002	1.00091	1.00017	0.997885	0.999729	
19.0759 1.00023	1.0006	1.00069	0.999949	0.99801	0.999853	
19.092 0.999896	1.00026	1.00084	1.0001	0.998114	0.999958	
19.1081 0.999698	1.00007	1.00071	0.999965	0.997834	0.999676	
19.1243 1.00016	1.00053	1.00085	1.0001	0.998153	0.999997	
19.1404 0.999912	1.00028	1.0007	0.999954	0.998085	0.999929	
19.1565 1	1.00037	1.00084	1.0001	0.997987	0.99983	
19.1727 0.999748	1.00012	1.00065	0.99991	0.997911	0.999753	
19.1888 0.999704	1.00007	1.0006	0.99986	0.998035	0.999878	
19.2049 0.999978	1.00035	1.00077	1.00003	0.998113	0.999955	
19.2211 0.999543	0.999912	1.00089	1.00015	0.997987	0.999829	
19.2372 1.0002	1.00057	1.00096	1.00022	0.997741	0.999582	
19.2533 1.00007	1.00044	1.00098	1.00024	0.997974	0.999816	
19.2695 0.999624	0.999995	1.0008	1.00006	0.997922	0.999763	
19.2856 0.999885	1.00026	1.00077	1.00003	0.997993	0.999834	
19.3017 0.999521	0.999892	1.00076	1.00001	0.997622	0.999462	
19.3178 0.999756	1.00013	1.00079	1.00005	0.998082	0.999922	
19.334 0.999787	1.00016	1.00061	0.999865	0.997923	0.999763	
19.3501 0.999873	1.00024	1.00076	1.00002	0.997907	0.999746	
19.3662 0.99966	1.00003	1.00059	0.999849	0.997745	0.999584	
19.3824 0.999808	1.00018	1.00071	0.999967	0.998058	0.999897	
19.3985 0.999675	1.00005	1.00056	0.999821	0.997693	0.999531	
19.4146 0.999786	1.00016	1.00068	0.999938	0.997909	0.999748	
19.4308 0.999962	1.00033	1.00085	1.00011	0.998117	0.999956	
19.4469 0.999956	1.00033	1.00042	0.999674	0.997927	0.999764	
19.463 0.999805	1.00018	1.00079	1.00005	0.997941	0.999779	
19.4792 0.999718	1.00009	1.00065	0.999908	0.998239	1.00008	
19.4953 0.999558	0.999931	1.00055	0.999812	0.998222	1.00006	
19.5114 0.999933	1.00031	1.0007	0.999956	0.997758	0.999595	
19.5276 0.999864	1.00024	1.00077	1.00003	0.998036	0.999873	
19.5437 0.99999	1.00036	1.00073	0.999989	0.998186	1.00002	
19.5598 0.999923	1.0003	1.00064	0.999893	0.997709	0.999546	
19.576 0.999738	1.00011	1.00076	1.00002	0.997884	0.99972	
19.5921 0.999685	1.00006	1.00048	0.99974	0.998062	0.999898	
19.6082 0.999824	1.0002	1.00069	0.999952	0.998147	0.999984	
19.6244 0.999666	1.00004	1.00064	0.9999	0.99822	1.00006	
19.6405 0.999727	1.0001	1.00053	0.999792	0.997632	0.999467	
19.6566 0.999862	1.00024	1.00063	0.999883	0.99806	0.999896	
19.6727 0.999843	1.00022	1.00067	0.999928	0.998163	0.999999	
19.6889 0.999478	0.999853	1.00046	0.999715	0.998302	1.00014	
19.705 1.00013	1.0005	1.00074	0.999997	0.997836	0.999671	
19.7211 0.999453	0.999829	1.00081	1.00006	0.998052	0.999888	
19.7373 0.999743	1.00012	1.00049	0.999747	0.997811	0.999645	
19.7534 0.999737	1.00011	1.00052	0.999776	0.997996	0.99983	
19.7695 0.999617	0.999993	1.00073	0.999983	0.998091	0.999925	
19.7857 0.999739	1.00012	1.00056	0.999817	0.998174	1.00001	
19.8018 0.999975	1.00035	1.00049	0.999748	0.99799	0.999824	
19.8179 0.999225	0.999602	1.00057	0.999825	0.998017	0.999851	
19.8341 0.99964	1.00002	1.0005	0.999758	0.997971	0.999805	
19.8502 0.999668	1.00004	1.00062	0.999871	0.998138	0.999972	
19.8663 0.999547	0.999924	1.00072	0.99997	0.998003	0.999836	
19.8825 0.999867	1.00024	1.00056	0.999811	0.997835	0.999668	
19.8986 0.999791	1.00017	1.00075	1.00001	0.998127	0.999961	
19.9147 0.999699	1.00008	1.00047	0.999728	0.998236	1.00007	
19.9309 0.999688	1.00007	1.00056	0.999815	0.99815	0.999983	
19.947 0.99969	1.00007	1.00077	1.00002	0.997886	0.999718	
19.9631 0.999402	0.999779	1.00065	0.999903	0.997937	0.999769	
19.9793 0.999563	0.99994	1.00066	0.999917	0.998133	0.999966	
19.9954 0.999418	0.999794	1.00073	0.999984	0.998184	1.00002	
20.0115 0.999608	0.999984	1.00044	0.999695	0.998076	0.999909	
20.0276 0.999572	0.999948	1.0004	0.999656	0.998088	0.99992	
20.0438 0.999637	1.00001	1.00056	0.999813	0.998525	1.00036	
20.0599 0.999571	0.999948	1.00039	0.999638	0.998059	0.999892	
20.076 0.99987	1.00025	1.00051	0.999762	0.998288	1.00012	
20.0922 0.999709	1.00009	1.00063	0.99988	0.998183	1.00002	
20.1083 0.99962	0.999997	1.00048	0.999728	0.998197	1.00003	
20.1244 0.999593	0.999969	1.00081	1.00006	0.998299	1.00013	
20.1406 0.999592	0.999969	1.00069	0.999944	0.997941	0.999774	
20.1567 0.999336	0.999713	1.00046	0.999714	0.998197	1.00003	
20.1728 0.999678	1.00005	1.00053	0.999781	0.997969	0.999801	
20.189 0.999733	1.00011	1.00059	0.99984	0.997952	0.999784	
20.2051 0.999515	0.999891	1.00068	0.999928	0.998175	1.00001	
20.2212 0.999649	1.00003	1.0004	0.999653	0.998213	1.00005	
20.2374 0.999786	1.00016	1.00046	0.999713	0.997947	0.999779	
20.2535 0.999717	1.00009	1.00066	0.99991	0.998169	1	
20.2696 0.999703	1.00008	1.00059	0.999842	0.998118	0.99995	
20.2858 0.999555	0.999932	1.00074	0.99999	0.99841	1.00024	
20.3019 0.999376	0.999753	1.00043	0.999679	0.998083	0.999916	
20.318 0.999763	1.00014	1.00063	0.999882	0.998324	1.00016	
20.3342 0.999425	0.999801	1.00059	0.999833	0.998235	1.00007	
20.3503 0.999764	1.00014	1.00048	0.999727	0.998087	0.99992	
20.3664 0.999548	0.999925	1.0005	0.999743	0.998169	1	
20.3825 0.99927	0.999645	1.00033	0.999576	0.998086	0.999919	
20.3987 0.999589	0.999965	1.00042	0.999667	0.998147	0.99998	
20.4148 0.999721	1.0001	1.00062	0.999864	0.998388	1.00022	
20.4309 0.999845	1.00022	1.00055	0.999797	0.998278	1.00011	
20.4471 0.99936	0.999736	1.00059	0.999832	0.998399	1.00023	
20.4632 0.999819	1.0002	1.00048	0.999722	0.99826	1.00009	
20.4793 0.999485	0.999861	1.00063	0.999871	0.99824	1.00007	
20.4955 0.99958	0.999956	1.00067	0.999913	0.998236	1.00007	
20.5116 0.999716	1.00009	1.00041	0.999657	0.998194	1.00003	
20.5277 0.999619	0.999995	1.00049	0.999737	0.998425	1.00026	
20.5439 0.999629	1.00001	1.00038	0.999621	0.998461	1.0003	
20.56 0.999334	0.999709	1.00049	0.999733	0.998	0.999834	
20.5761 0.999455	0.999831	1.0006	0.99984	0.998581	1.00042	
20.5923 0.999574	0.99995	1.00056	0.999802	0.998235	1.00007	
20.6084 0.99936	0.999735	1.00062	0.999865	0.998776	1.00061	
20.6245 0.999505	0.999879	1.00061	0.999855	0.99839	1.00023	
20.6407 0.999672	1.00005	1.0007	0.999946	0.998413	1.00025	
20.6568 0.999447	0.999822	1.00065	0.999889	0.998331	1.00017	
20.6729 0.999628	1	1.00059	0.999832	0.99838	1.00022	
20.6891 0.999423	0.999798	1.00053	0.999776	0.998141	0.999977	
20.7052 0.99969	1.00006	1.00065	0.999886	0.998427	1.00027	
20.7213 0.999582	0.999956	1.0007	0.999941	0.998219	1.00006	
20.7374 0.999382	0.999756	1.00078	1.00002	0.998519	1.00036	
20.7536 0.999455	0.999828	1.00054	0.999783	0.998146	0.999983	
20.7697 0.999562	0.999936	1.00057	0.999811	0.998431	1.00027	
20.7858 0.999646	1.00002	1.0004	0.999642	0.998457	1.0003	
20.802 0.999467	0.999841	1.00065	0.999894	0.998297	1.00014	
20.8181 0.999548	0.999921	1.00064	0.99988	0.998503	1.00034	
20.8342 0.999675	1.00005	1.00063	0.999866	0.998426	1.00027	
20.8504 0.999593	0.999966	1.00057	0.999806	0.998448	1.00029	
20.8665 0.999412	0.999785	1.00064	0.999873	0.998568	1.00041	
20.8826 0.999654	1.00003	1.00073	0.999964	0.998501	1.00034	
20.8988 0.999685	1.00006	1.00032	0.999559	0.998545	1.00039	
20.9149 0.999669	1.00004	1.00066	0.999892	0.998636	1.00048	
20.931 0.999635	1.00001	1.00064	0.999877	0.998302	1.00015	
20.9472 0.999614	0.999987	1.00062	0.999861	0.998279	1.00012	
20.9633 0.999584	0.999957	1.00053	0.999767	0.998485	1.00033	
20.9794 0.999343	0.999715	1.00072	0.99996	0.998462	1.00031	
20.9956 0.999478	0.99985	1.00063	0.999865	0.998369	1.00021	
21.0117 0.99949	0.999862	1.00074	0.99998	0.998762	1.00061	
21.0278 0.999478	0.99985	1.00061	0.999843	0.998592	1.00044	
21.044 0.999721	1.00009	1.00049	0.99973	0.998656	1.0005	
21.0601 0.999603	0.999975	1.00079	1.00003	0.998461	1.00031	
21.0762 0.999436	0.999808	1.00063	0.99987	0.998206	1.00005	
21.0923 0.999429	0.999801	1.00054	0.99978	0.998387	1.00024	
21.1085 0.999706	1.00008	1.00068	0.999914	0.998337	1.00019	
21.1246 0.999732	1.0001	1.00071	0.999945	0.998485	1.00033	
21.1407 0.999505	0.999876	1.00052	0.99975	0.998475	1.00033	
21.1569 0.999641	1.00001	1.00075	0.999989	0.998379	1.00023	
21.173 0.999625	0.999996	1.00073	0.999966	0.99853	1.00038	
21.1891 0.999537	0.999909	1.00069	0.999922	0.998419	1.00027	
21.2053 0.999644	1.00002	1.00087	1.00011	0.998207	1.00006	
21.2214 0.99967	1.00004	1.00068	0.999912	0.998626	1.00048	
21.2375 0.999545	0.999917	1.00055	0.999782	0.998366	1.00022	
21.2537 0.999847	1.00022	1.00058	0.999813	0.998685	1.00054	
21.2698 0.999457	0.999828	1.0008	1.00004	0.998327	1.00018	
21.2859 0.999573	0.999944	1.00069	0.999923	0.998514	1.00037	
21.3021 0.999434	0.999805	1.00066	0.999898	0.998364	1.00022	
21.3182 0.999445	0.999816	1.00077	1	0.998682	1.00054	
21.3343 0.999406	0.999777	1.00072	0.999952	0.998495	1.00035	
21.3505 0.999572	0.999942	1.00074	0.999975	0.998279	1.00014	
21.3666 0.99969	1.00006	1.00063	0.999861	0.998616	1.00047	
21.3827 0.999825	1.0002	1.00077	0.999999	0.998394	1.00025	
21.3989 0.999716	1.00009	1.00063	0.999858	0.998448	1.00031	
21.415 0.999846	1.00022	1.00048	0.999713	0.998162	1.00002	
21.4311 0.999831	1.0002	1.00081	1.00005	0.998037	0.999895	
21.4472 0.999889	1.00026	1.00074	0.999971	0.998479	1.00034	
21.4634 0.999603	0.999974	1.0006	0.99983	0.998501	1.00036	
21.4795 0.999613	0.999984	1.00076	0.99999	0.998379	1.00024	
21.4956 0.999629	1	1.00052	0.99975	0.998697	1.00056	
21.5118 0.999694	1.00007	1.00062	0.99985	0.998173	1.00003	
21.5279 0.999657	1.00003	1.0007	0.999928	0.998495	1.00036	
21.544 0.999443	0.999815	1.00078	1.00001	0.998426	1.00029	
21.5602 0.99973	1.0001	1.00085	1.00008	0.998532	1.0004	
21.5763 0.999538	0.99991	1.0008	1.00003	0.998339	1.0002	
21.5924 0.999609	0.999981	1.00077	0.999998	0.99812	0.999983	
21.6086 0.999561	0.999933	1.00067	0.999906	0.998442	1.00031	
21.6247 0.999484	0.999855	1.00079	1.00003	0.998602	1.00047	
21.6408 0.999666	1.00004	1.00053	0.999761	0.998581	1.00045	
21.657 0.999509	0.999881	1.00082	1.00005	0.998367	1.00023	
21.6731 0.999805	1.00018	1.00082	1.00005	0.998415	1.00028	
21.6892 0.999676	1.00005	1.00071	0.999945	0.998389	1.00026	
21.7054 0.999661	1.00003	1.00066	0.999894	0.998366	1.00023	
21.7215 0.99951	0.999881	1.00079	1.00002	0.998481	1.00035	
21.7376 0.999538	0.99991	1.00062	0.999853	0.998395	1.00026	
21.7538 0.999726	1.0001	1.00074	0.999974	0.998159	1.00003	
21.7699 0.99986	1.00023	1.00063	0.999859	0.998868	1.00074	
21.786 0.999585	0.999957	1.00082	1.00005	0.998231	1.0001	
21.8021 0.999783	1.00015	1.00083	1.00006	0.998137	1.00001	
21.8183 0.999653	1.00003	1.00086	1.00009	0.9982	1.00007	
21.8344 0.999784	1.00016	1.00075	0.999984	0.998519	1.00039	
21.8505 0.999755	1.00013	1.00079	1.00003	0.99829	1.00016	
21.8667 0.999692	1.00006	1.00075	0.99998	0.998043	0.999913	
21.8828 0.99965	1.00002	1.00092	1.00015	0.998534	1.00041	
21.8989 0.999706	1.00008	1.00052	0.999754	0.998175	1.00005	
21.9151 0.99984	1.00021	1.00076	0.999987	0.998543	1.00042	
21.9312 0.999692	1.00007	1.00068	0.999906	0.998161	1.00003	
21.9473 0.999799	1.00017	1.00064	0.999865	0.998323	1.0002	
21.9635 0.99978	1.00015	1.00085	1.00008	0.998447	1.00032	
21.9796 0.999757	1.00013	1.00062	0.999853	0.998215	1.00009	
21.9957 0.999854	1.00023	1.00074	0.999966	0.998117	0.999991	
22.0119 0.999733	1.00011	1.00073	0.999957	0.998314	1.00019	
22.028 0.999556	0.999931	1.00071	0.999936	0.998136	1.00001	
22.0441 0.999581	0.999956	1.00074	0.999968	0.998234	1.00011	
22.0603 0.999673	1.00005	1.00068	0.999908	0.998159	1.00003	
22.0764 0.999787	1.00016	1.00065	0.999878	0.998271	1.00015	
22.0925 0.999881	1.00026	1.00069	0.999915	0.998168	1.00004	
22.1087 0.999876	1.00025	1.00068	0.999906	0.998303	1.00018	
22.1248 0.99929	0.999665	1.00072	0.999945	0.998224	1.0001	
22.1409 0.999697	1.00007	1.00078	1	0.998035	0.99991	
22.157 0.999571	0.999946	1.0006	0.999824	0.998534	1.00041	
22.1732 0.999741	1.00012	1.00087	1.0001	0.998335	1.00021	
22.1893 1.00004	1.00042	1.00069	0.999916	0.998101	0.999977	
22.2054 0.999778	1.00016	1.00067	0.999897	0.998233	1.00011	
22.2216 0.999962	1.00034	1.0007	0.999924	0.998286	1.00016	
22.2377 0.999631	1.00001	1.00052	0.999744	0.99824	1.00012	
22.2538 0.999533	0.999911	1.00075	0.999977	0.998207	1.00008	
22.27 0.999661	1.00004	1.00055	0.999774	0.998414	1.00029	
22.2861 0.999663	1.00004	1.00059	0.999813	0.998062	0.999939	
22.3022 0.999699	1.00008	1.00087	1.00009	0.998392	1.00027	
22.3184 0.999826	1.0002	1.00076	0.999987	0.998081	0.999958	
22.3345 0.999685	1.00006	1.00077	0.999997	0.998401	1.00028	
22.3506 0.999792	1.00017	1.00065	0.99988	0.998233	1.00011	
22.3668 0.999621	1	1.00081	1.00004	0.998058	0.999936	
22.3829 0.99986	1.00024	1.00081	1.00004	0.998158	1.00004	
22.399 0.999636	1.00002	1.00069	0.999916	0.998477	1.00036	
22.4152 0.999532	0.999911	1.0008	1.00003	0.998138	1.00002	
22.4313 0.999768	1.00015	1.00059	0.99982	0.998188	1.00007	
22.4474 0.99978	1.00016	1.0009	1.00012	0.998093	0.999972	
22.4636 0.999556	0.999936	1.00052	0.999742	0.998321	1.0002	
22.4797 0.999644	1.00002	1.0008	1.00002	0.998271	1.00015	
22.4958 0.999801	1.00018	1.00074	0.999966	0.998049	0.999929	
22.5119 0.999782	1.00016	1.00059	0.999815	0.998376	1.00026	
22.5281 0.999827	1.00021	1.00064	0.999862	0.998233	1.00011	
22.5442 0.999778	1.00016	1.00064	0.999867	0.997933	0.999813	
22.5603 0.999709	1.00009	1.00056	0.999789	0.998088	0.999968	
22.5765 0.999636	1.00002	1.00059	0.999814	0.998265	1.00015	
22.5926 0.999807	1.00019	1.00055	0.999773	0.99834	1.00022	
22.6087 0.999365	0.999747	1.00051	0.999735	0.99833	1.00021	
22.6249 0.999666	1.00005	1.00051	0.999731	0.998035	0.999916	
22.641 0.999597	0.999979	1.00075	0.999975	0.998155	1.00004	
22.6571 0.999632	1.00001	1.00071	0.999933	0.997841	0.999721	
22.6733 0.999493	0.999875	1.00069	0.999909	0.998284	1.00017	
22.6894 0.999636	1.00002	1.00068	0.999898	0.998179	1.00006	
22.7055 0.999744	1.00013	1.00058	0.999805	0.99806	0.999941	
22.7217 0.999714	1.0001	1.00067	0.999888	0.998127	1.00001	
22.7378 0.999726	1.00011	1.00041	0.999628	0.998052	0.999933	
22.7539 0.999687	1.00007	1.00068	0.999897	0.998209	1.00009	
22.7701 0.99994	1.00032	1.00076	0.999981	0.99827	1.00015	
22.7862 0.999747	1.00013	1.00072	0.999939	0.998144	1.00003	
22.8023 0.999654	1.00004	1.00067	0.999893	0.998099	0.99998	
22.8185 0.999589	0.999972	1.00077	0.999989	0.998138	1.00002	
22.8346 0.999405	0.999787	1.00081	1.00003	0.998033	0.999914	
22.8507 0.99961	0.999993	1.00068	0.999897	0.998033	0.999915	
22.8668 0.999655	1.00004	1.00054	0.999763	0.998074	0.999955	
22.883 0.99961	0.999993	1.00086	1.00008	0.998112	0.999993	
22.8991 0.99957	0.999953	1.00071	0.99993	0.998303	1.00018	
22.9152 0.999753	1.00014	1.00083	1.00004	0.998226	1.00011	
22.9314 0.999728	1.00011	1.00079	1.00001	0.998305	1.00019	
22.9475 0.999845	1.00023	1.00071	0.999933	0.997973	0.999855	
22.9636 0.999743	1.00013	1.00051	0.999725	0.998199	1.00008	
22.9798 0.999742	1.00013	1.00083	1.00004	0.998206	1.00009	
22.9959 0.999591	0.999975	1.00077	0.999989	0.998343	1.00023	
23.012 0.999897	1.00028	1.00061	0.999829	0.99814	1.00002	
23.0282 0.999608	0.999993	1.00076	0.999979	0.998286	1.00017	
23.0443 0.999643	1.00003	1.00065	0.99987	0.998123	1.00001	
23.0604 0.999733	1.00012	1.00071	0.999927	0.998052	0.999936	
23.0766 0.999473	0.999858	1.00072	0.99994	0.998221	1.0001	
23.0927 0.999862	1.00025	1.00069	0.999908	0.998129	1.00001	
23.1088 0.999679	1.00007	1.00082	1.00004	0.99792	0.999803	
23.125 0.99965	1.00004	1.00066	0.999881	0.998369	1.00025	
23.1411 0.999796	1.00018	1.00053	0.999741	0.998164	1.00005	
23.1572 0.999389	0.999775	1.00085	1.00006	0.998162	1.00005	
23.1734 0.999605	0.999991	1.0007	0.999917	0.998268	1.00015	
23.1895 0.999588	0.999973	1.00074	0.999956	0.998185	1.00007	
23.2056 0.999807	1.00019	1.00091	1.00013	0.998121	1.00001	
23.2217 0.999569	0.999955	1.00078	0.999999	0.998305	1.00019	
23.2379 0.999731	1.00012	1.00079	1.00001	0.997919	0.999803	
23.254 0.999632	1.00002	1.00083	1.00004	0.998172	1.00006	
23.2701 0.999737	1.00012	1.00079	1	0.998073	0.999958	
23.2863 0.999629	1.00002	1.00068	0.999894	0.998136	1.00002	
23.3024 0.999429	0.999816	1.00082	1.00004	0.997986	0.99987	
23.3185 0.999682	1.00007	1.0007	0.999915	0.998177	1.00006	
23.3347 0.999701	1.00009	1.00065	0.999864	0.998063	0.999947	
23.3508 0.999686	1.00007	1.00048	0.999692	0.998159	1.00004	
23.3669 0.999583	0.99997	1.00069	0.9999	0.998185	1.00007	
23.3831 0.999647	1.00003	1.00066	0.999873	0.998295	1.00018	
23.3992 0.999674	1.00006	1.00064	0.999855	0.99797	0.999854	
23.4153 0.999604	0.999991	1.00056	0.999772	0.998433	1.00032	
23.4315 1.00001	1.0004	1.0006	0.999815	0.998215	1.0001	
23.4476 0.999527	0.999914	1.00072	0.999929	0.997911	0.999796	
23.4637 0.999946	1.00033	1.00069	0.999899	0.998102	0.999987	
23.4799 0.999718	1.00011	1.00081	1.00002	0.99805	0.999935	
23.496 0.999602	0.999991	1.00077	0.999982	0.998118	1	
23.5121 0.999807	1.0002	1.00079	1	0.997752	0.999636	
23.5283 0.999511	0.9999	1.00068	0.999892	0.998209	1.00009	
23.5444 0.999647	1.00004	1.00075	0.999958	0.99829	1.00017	
23.5605 0.999597	0.999986	1.00088	1.0001	0.998193	1.00008	
23.5766 0.99961	0.999999	1.00082	1.00003	0.997977	0.999861	
23.5928 0.999841	1.00023	1.00082	1.00004	0.998372	1.00026	
23.6089 0.99975	1.00014	1.00065	0.999864	0.998255	1.00014	
23.625 0.999681	1.00007	1.00071	0.999918	0.998033	0.999918	
23.6412 1	1.0004	1.00074	0.99995	0.998046	0.999931	
23.6573 0.999458	0.999849	1.0007	0.999914	0.998293	1.00018	
23.6734 0.999702	1.00009	1.00071	0.999922	0.998122	1.00001	
23.6896 0.999845	1.00024	1.00076	0.999969	0.99787	0.999754	
23.7057 0.999633	1.00002	1.00071	0.999917	0.998192	1.00008	
23.7218 0.999646	1.00004	1.00059	0.9998	0.99806	0.999945	
23.738 0.999597	0.999989	1.0005	0.999711	0.99815	1.00004	
23.7541 0.999582	0.999974	1.00065	0.999857	0.998138	1.00002	
23.7702 0.999711	1.0001	1.00077	0.999983	0.998072	0.999957	
23.7864 0.999421	0.999813	1.00065	0.999861	0.998223	1.00011	
23.8025 0.999712	1.0001	1.00078	0.999987	0.998051	0.999936	
23.8186 0.999647	1.00004	1.00071	0.999915	0.997942	0.999827	
23.8348 0.999752	1.00014	1.00084	1.00005	0.998263	1.00015	
23.8509 0.99943	0.999822	1.00066	0.999868	0.998065	0.99995	
23.867 0.999845	1.00024	1.00066	0.99987	0.997895	0.999779	
23.8832 0.999796	1.00019	1.00086	1.00006	0.997968	0.999851	
23.8993 0.999467	0.999859	1.00088	1.00009	0.998217	1.0001	
23.9154 0.9995	0.999893	1.00084	1.00005	0.998068	0.999952	
23.9315 0.999494	0.999886	1.00077	0.999977	0.998083	0.999968	
23.9477 0.999342	0.999733	1.00074	0.999944	0.998215	1.0001	
23.9638 0.999735	1.00013	1.00074	0.999952	0.998282	1.00017	
23.9799 0.999539	0.99993	1.00082	1.00003	0.998153	1.00004	
23.9961 0.999776	1.00017	1.00074	0.999951	0.997816	0.9997	
24.0122 0.999415	0.999806	1.00068	0.999892	0.998139	1.00002	
24.0283 0.999778	1.00017	1.00094	1.00015	0.998252	1.00014	
24.0445 0.999419	0.99981	1.00065	0.999855	0.99818	1.00007	
24.0606 0.999583	0.999974	1.00071	0.999921	0.997972	0.999856	
24.0767 0.999455	0.999845	1.00088	1.00009	0.998142	1.00003	
24.0929 0.999725	1.00012	1.00081	1.00002	0.998009	0.999893	
24.109 0.999566	0.999957	1.00081	1.00002	0.998219	1.0001	
24.1251 0.999824	1.00022	1.00072	0.999926	0.997922	0.999805	
24.1413 0.999535	0.999927	1.00081	1.00002	0.997973	0.999856	
24.1574 0.999569	0.99996	1.00075	0.999955	0.997867	0.999749	
24.1735 0.999518	0.999909	1.00086	1.00007	0.998282	1.00017	
24.1897 0.999772	1.00016	1.00096	1.00017	0.998125	1.00001	
24.2058 0.999757	1.00015	1.00063	0.999839	0.998349	1.00023	
24.2219 0.999775	1.00017	1.00084	1.00005	0.998046	0.999929	
24.2381 0.999616	1.00001	1.00088	1.00008	0.997922	0.999805	
24.2542 0.999685	1.00008	1.00079	0.999996	0.998039	0.999922	
24.2703 0.999659	1.00005	1.00084	1.00005	0.997988	0.999871	
24.2864 0.999558	0.999951	1.00065	0.999856	0.998263	1.00015	
24.3026 0.999576	0.999969	1.0009	1.0001	0.998212	1.0001	
24.3187 0.999555	0.999948	1.00072	0.999923	0.998075	0.999958	
24.3348 0.999439	0.99983	1.00067	0.999873	0.997919	0.999801	
24.351 0.999354	0.999745	1.00073	0.999934	0.998289	1.00017	
24.3671 0.999665	1.00006	1.00069	0.999896	0.998205	1.00009	
24.3832 0.999571	0.999962	1.00078	0.999986	0.99781	0.999692	
24.3994 0.999412	0.999802	1.00093	1.00014	0.997992	0.999874	
24.4155 0.999679	1.00007	1.00062	0.999831	0.99805	0.999932	
24.4316 0.999702	1.00009	1.0007	0.999908	0.998218	1.0001	
24.4478 0.999715	1.00011	1.00085	1.00006	0.998132	1.00001	
24.4639 0.999692	1.00008	1.00074	0.999945	0.997964	0.999845	
24.48 0.99959	0.999982	1.0008	1.00001	0.998191	1.00007	
24.4962 0.999694	1.00009	1.00095	1.00015	0.998157	1.00004	
24.5123 0.999825	1.00022	1.00071	0.999919	0.997995	0.999876	
24.5284 0.999594	0.999986	1.00076	0.999967	0.998283	1.00017	
24.5446 0.999529	0.999921	1.00067	0.999875	0.997999	0.999881	
24.5607 0.999774	1.00017	1.00082	1.00003	0.998341	1.00022	
24.5768 0.999721	1.00011	1.00075	0.999959	0.998009	0.999891	
24.593 0.99968	1.00007	1.00097	1.00018	0.997887	0.999768	
24.6091 0.999405	0.999798	1.00072	0.999932	0.998129	1.00001	
24.6252 0.999607	0.999999	1.00077	0.99998	0.998227	1.00011	
24.6413 0.999582	0.999974	1.00089	1.0001	0.998203	1.00009	
24.6575 0.999788	1.00018	1.00093	1.00014	0.998027	0.999909	
24.6736 0.999456	0.999849	1.00094	1.00015	0.998111	0.999993	
24.6897 0.999729	1.00012	1.00075	0.999961	0.998215	1.0001	
24.7059 0.999483	0.999876	1.00084	1.00004	0.998127	1.00001	
24.722 0.99976	1.00015	1.00089	1.0001	0.998144	1.00003	
24.7381 0.99944	0.999832	1.00077	0.999982	0.998094	0.999976	
24.7543 0.99943	0.999822	1.00088	1.00009	0.998156	1.00004	
24.7704 0.999479	0.999871	1.00084	1.00005	0.997972	0.999853	
24.7865 0.999395	0.999786	1.00075	0.999963	0.998028	0.999909	
24.8027 0.999444	0.999835	1.00079	0.999999	0.99819	1.00007	
24.8188 0.999615	1.00001	1.00076	0.99997	0.998131	1.00001	
24.8349 0.999755	1.00015	1.001	1.00021	0.997853	0.999734	
24.8511 0.999395	0.999785	1.00093	1.00013	0.998165	1.00005	
24.8672 0.999726	1.00012	1.00088	1.00009	0.998241	1.00012	
24.8833 0.999379	0.999769	1.00091	1.00012	0.998178	1.00006	
24.8995 0.999813	1.0002	1.00083	1.00004	0.99782	0.999701	
24.9156 0.999465	0.999855	1.00077	0.999979	0.998105	0.999986	
24.9317 0.999615	1.00001	1.00074	0.999949	0.997974	0.999854	
24.9479 0.999583	0.999973	1.0009	1.00011	0.998195	1.00008	
24.964 0.999611	1	1.00085	1.00006	0.998058	0.999939	
24.9801 0.999542	0.999932	1.00095	1.00016	0.998194	1.00008	
24.9962 0.999457	0.999846	1.00085	1.00006	0.998197	1.00008	
25.0124 0.999291	0.99968	1.00097	1.00018	0.997885	0.999765	
25.0285 0.999554	0.999942	1.00088	1.00009	0.998367	1.00025	
25.0446 0.999558	0.999946	1.00071	0.999924	0.998082	0.999963	
25.0608 0.999295	0.999682	1.00098	1.00019	0.99806	0.999941	
25.0769 0.999544	0.999931	1.00081	1.00002	0.99807	0.999951	
25.093 0.999495	0.999882	1.00086	1.00007	0.998135	1.00002	
25.1092 0.999254	0.99964	1.0009	1.00011	0.998337	1.00022	
25.1253 0.999631	1.00002	1.00091	1.00012	0.998387	1.00027	
25.1414 0.999279	0.999663	1.0008	1.00002	0.998129	1.00001	
25.1576 0.999451	0.999836	1.00099	1.00021	0.99834	1.00022	
25.1737 0.999626	1.00001	1.00092	1.00014	0.998314	1.0002	
25.1898 0.999409	0.999792	1.00096	1.00017	0.998075	0.999958	
25.206 0.999236	0.999619	1.00082	1.00004	0.998277	1.00016	
25.2221 0.99958	0.999962	1.00104	1.00026	0.998114	0.999998	
25.2382 0.999476	0.999858	1.00093	1.00015	0.998271	1.00016	
25.2544 0.999376	0.999757	1.0007	0.999917	0.998486	1.00037	
25.2705 0.99961	0.999991	1.0008	1.00002	0.998333	1.00022	
25.2866 0.999229	0.999608	1.00102	1.00023	0.998251	1.00014	
25.3028 0.999729	1.00011	1.00083	1.00005	0.998078	0.999964	
25.3189 0.999412	0.999791	1.00085	1.00007	0.997958	0.999843	
25.335 0.999549	0.999928	1.00102	1.00023	0.998127	1.00001	
25.3511 0.999282	0.99966	1.00095	1.00017	0.998269	1.00016	
25.3673 0.999585	0.999964	1.00101	1.00023	0.998039	0.999925	
25.3834 0.999619	0.999997	1.00096	1.00018	0.998262	1.00015	
25.3995 0.999709	1.00009	1.00098	1.0002	0.998191	1.00008	
25.4157 0.999512	0.99989	1.00094	1.00016	0.998129	1.00002	
25.4318 0.999361	0.999738	1.00093	1.00015	0.998289	1.00018	
25.4479 0.999353	0.999729	1.00071	0.999935	0.998263	1.00015	
25.4641 0.999576	0.999953	1.00085	1.00007	0.998169	1.00006	
25.4802 0.999472	0.999848	1.00093	1.00016	0.998126	1.00001	
25.4963 0.999498	0.999873	1.00089	1.00011	0.998061	0.999949	
25.5125 0.999535	0.99991	1.00084	1.00006	0.998075	0.999963	
25.5286 0.999511	0.999886	1.00089	1.00012	0.997992	0.999879	
25.5447 0.999155	0.999529	1.00086	1.00008	0.998231	1.00012	
25.5609 0.99964	1.00001	1.00094	1.00016	0.998094	0.999981	
25.577 0.999766	1.00014	1.00094	1.00017	0.998321	1.00021	
25.5931 0.999504	0.999878	1.00097	1.00019	0.998214	1.0001	
25.6093 0.999523	0.999896	1.00096	1.00019	0.998494	1.00038	
25.6254 0.999608	0.999981	1.00101	1.00024	0.998165	1.00005	
25.6415 0.999591	0.999964	1.00068	0.999908	0.998264	1.00016	
25.6577 0.999618	0.999991	1.00083	1.00006	0.998166	1.00006	
25.6738 0.999785	1.00016	1.00114	1.00036	0.99799	0.99988	
25.6899 0.999546	0.999919	1.00084	1.00006	0.998139	1.00003	
25.706 0.999674	1.00005	1.00095	1.00017	0.99787	0.999759	
25.7222 0.999628	1	1.00081	1.00004	0.99821	1.0001	
25.7383 0.999718	1.00009	1.00087	1.0001	0.998305	1.0002	
25.7544 0.999574	0.999948	1.00088	1.0001	0.998167	1.00006	
25.7706 0.999474	0.999847	1.00076	0.999992	0.998344	1.00024	
25.7867 0.99926	0.999631	1.00083	1.00006	0.998155	1.00005	
25.8028 0.999632	1	1.0009	1.00013	0.998102	0.999994	
25.819 0.999438	0.999809	1.00084	1.00006	0.998246	1.00014	
25.8351 0.999537	0.999908	1.00102	1.00025	0.998251	1.00014	
25.8512 0.999644	1.00002	1.00083	1.00006	0.998033	0.999925	
25.8674 0.999597	0.999968	1.00099	1.00022	0.998153	1.00005	
25.8835 0.999561	0.999932	1.00087	1.0001	0.997691	0.999582	
25.8996 0.999599	0.999969	1.00074	0.999973	0.998288	1.00018	
25.9158 0.999765	1.00014	1.00072	0.999949	0.998461	1.00035	
25.9319 0.999578	0.999948	1.00074	0.999971	0.998042	0.999934	
25.948 0.999507	0.999878	1.00094	1.00017	0.998359	1.00025	
25.9642 0.999535	0.999905	1.00087	1.0001	0.998343	1.00024	
25.9803 0.999639	1.00001	1.0008	1.00003	0.998171	1.00007	
25.9964 0.999605	0.999975	1.00071	0.999943	0.997898	0.999792	
26.0126 0.999479	0.999849	1.00078	1.00002	0.998347	1.00024	
26.0287 0.999519	0.999888	1.00067	0.999906	0.99806	0.999954	
26.0448 0.999668	1.00004	1.00079	1.00002	0.997838	0.999731	
26.0609 0.999569	0.999938	1.00074	0.999974	0.998355	1.00025	
26.0771 0.999549	0.999917	1.00082	1.00005	0.998455	1.00035	
26.0932 0.999747	1.00012	1.00099	1.00023	0.997928	0.999823	
26.1093 0.999983	1.00035	1.00077	1.00001	0.997936	0.99983	
26.1255 0.999587	0.999957	1.00086	1.00009	0.998007	0.999901	
26.1416 0.999745	1.00012	1.001	1.00023	0.997998	0.999892	
26.1577 0.999384	0.999754	1.00081	1.00004	0.998076	0.999969	
26.1739 0.999728	1.0001	1.00078	1.00001	0.998121	1.00001	
26.19 0.999676	1.00005	1.00086	1.00009	0.998323	1.00022	
26.2061 0.99938	0.999749	1.00094	1.00018	0.998422	1.00032	
26.2223 0.999455	0.999824	1.00099	1.00023	0.998251	1.00015	
26.2384 0.999826	1.0002	1.00077	1	0.998059	0.999954	
26.2545 0.999605	0.999974	1.00081	1.00004	0.998075	0.999971	
26.2707 0.99952	0.999889	1.00083	1.00006	0.998209	1.00011	
26.2868 0.999814	1.00018	1.00095	1.00019	0.998222	1.00012	
26.3029 0.99966	1.00003	1.00082	1.00006	0.998443	1.00034	
26.3191 0.999589	0.999958	1.00086	1.0001	0.998074	0.999972	
26.3352 0.999665	1.00003	1.00073	0.999966	0.997763	0.999659	
26.3513 0.999586	0.999956	1.00073	0.999969	0.998423	1.00032	
26.3675 0.999647	1.00002	1.00069	0.999925	0.998011	0.999908	
26.3836 0.999412	0.999781	1.00066	0.999899	0.997732	0.999628	
26.3997 0.999659	1.00003	1.00092	1.00016	0.998225	1.00012	
26.4158 0.999642	1.00001	1.00067	0.999905	0.998075	0.999972	
26.432 0.999551	0.99992	1.00065	0.999887	0.998206	1.0001	
26.4481 0.999658	1.00003	1.00081	1.00005	0.998132	1.00003	
26.4642 0.999518	0.999887	1.00075	0.999983	0.997855	0.999751	
26.4804 0.999787	1.00016	1.00079	1.00003	0.997885	0.999779	
26.4965 0.999803	1.00017	1.00097	1.0002	0.998032	0.999926	
26.5126 0.999481	0.99985	1.00093	1.00017	0.998117	1.00001	
26.5288 0.999519	0.999888	1.00085	1.00008	0.998133	1.00003	
26.5449 0.999573	0.999941	1.00066	0.999898	0.998311	1.00021	
26.561 0.999713	1.00008	1.00075	0.999992	0.997961	0.999855	
26.5772 0.999375	0.999743	1.00085	1.00008	0.998009	0.999904	
26.5933 0.999835	1.0002	1.00093	1.00017	0.997931	0.999825	
26.6094 0.999969	1.00034	1.00068	0.999913	0.998195	1.00009	
26.6256 0.999609	0.999978	1.00082	1.00006	0.997845	0.999738	
26.6417 0.999574	0.999944	1.00078	1.00002	0.998016	0.999909	
26.6578 0.999463	0.999831	1.00074	0.999974	0.998112	1.00001	
26.674 0.99986	1.00023	1.00098	1.00022	0.998215	1.00011	
26.6901 0.999726	1.0001	1.00073	0.999969	0.998227	1.00012	
26.7062 0.999871	1.00024	1.0007	0.999942	0.998159	1.00005	
26.7224 0.999527	0.999897	1.00077	1.00001	0.997815	0.999708	
26.7385 0.999712	1.00008	1.00074	0.999974	0.99831	1.0002	
26.7546 1.00001	1.00038	1.00084	1.00008	0.998145	1.00004	
26.7707 0.99975	1.00012	1.00071	0.999946	0.997886	0.999779	
26.7869 0.999624	0.999997	1.00091	1.00015	0.998251	1.00014	
26.803 0.999714	1.00009	1.001	1.00024	0.998222	1.00012	
26.8191 0.999837	1.00021	1.00085	1.00009	0.998152	1.00005	
26.8353 0.999752	1.00013	1.0007	0.999945	0.99817	1.00007	
26.8514 0.999602	0.999977	1.00083	1.00007	0.998057	0.999951	
26.8675 0.999773	1.00015	1.00064	0.999877	0.998174	1.00007	
26.8837 0.999752	1.00013	1.00069	0.999933	0.998369	1.00027	
26.8998 0.999428	0.999803	1.00076	0.999996	0.997726	0.99962	
26.9159 0.999594	0.999968	1.00069	0.999932	0.99798	0.999873	
26.9321 0.999831	1.00021	1.00071	0.999949	0.997954	0.999847	
26.9482 0.999718	1.00009	1.00085	1.00009	0.99801	0.999902	
26.9643 0.999484	0.999859	1.00099	1.00023	0.997794	0.999685	
26.9805 0.999511	0.999885	1.00077	1.00001	0.998319	1.00021	
26.9966 0.999407	0.99978	1.00068	0.999918	0.997994	0.999886	
27.0127 0.999644	1.00002	1.00082	1.00006	0.997865	0.999756	
27.0289 0.999547	0.99992	1.00061	0.999854	0.998207	1.0001	
27.045 0.99987	1.00024	1.00078	1.00002	0.998062	0.999954	
27.0611 0.999434	0.999808	1.00096	1.0002	0.997905	0.999795	
27.0773 0.999872	1.00025	1.00072	0.99996	0.998155	1.00005	
27.0934 0.999386	0.999759	1.0008	1.00004	0.998069	0.999959	
27.1095 0.999688	1.00006	1.00064	0.99988	0.998237	1.00013	
27.1256 0.999747	1.00012	1.00083	1.00007	0.998145	1.00004	
27.1418 0.999632	1.00001	1.0009	1.00014	0.997953	0.999843	
27.1579 0.999844	1.00022	1.00072	0.999963	0.997913	0.999802	
27.174 0.99943	0.999805	1.0007	0.999941	0.997804	0.999692	
27.1902 0.999759	1.00013	1.00082	1.00006	0.99792	0.999807	
27.2063 1	1.00038	1.00101	1.00025	0.998289	1.00018	
27.2224 0.999722	1.0001	1.00099	1.00024	0.998355	1.00024	
27.2386 0.999468	0.999844	1.00076	1.00001	0.998301	1.00019	
27.2547 0.999924	1.0003	1.00049	0.999735	0.998189	1.00008	
27.2708 0.999711	1.00009	1.00073	0.999976	0.997995	0.999885	
27.287 0.999639	1.00002	1.00071	0.99995	0.998447	1.00034	
27.3031 0.999518	0.999896	1.00079	1.00003	0.998101	0.999992	
27.3192 0.999866	1.00024	1.00094	1.00018	0.998118	1.00001	
27.3354 0.999897	1.00028	1.0008	1.00004	0.998143	1.00003	
27.3515 0.999718	1.0001	1.00067	0.999914	0.998071	0.999962	
27.3676 0.999826	1.00021	1.00084	1.00008	0.998129	1.00002	
27.3838 0.99953	0.99991	1.0009	1.00014	0.997951	0.999841	
27.3999 0.99947	0.99985	1.00075	0.999994	0.99813	1.00002	
27.416 0.999732	1.00011	1.00075	0.999989	0.998024	0.999914	
27.4322 0.999519	0.999899	1.00091	1.00015	0.997871	0.999761	
27.4483 0.999564	0.999944	1.0008	1.00005	0.997993	0.999882	
27.4644 0.999805	1.00019	1.00073	0.999978	0.998042	0.999931	
27.4805 0.999758	1.00014	1.0007	0.999939	0.998415	1.00031	
27.4967 0.999897	1.00028	1.00068	0.999921	0.99795	0.999839	
27.5128 0.999428	0.99981	1.00089	1.00013	0.997762	0.99965	
27.5289 0.999666	1.00005	1.00071	0.999952	0.998124	1.00001	
27.5451 0.999627	1.00001	1.00073	0.999974	0.997938	0.999825	
27.5612 0.999652	1.00003	1.00065	0.999894	0.998261	1.00015	
27.5773 0.999159	0.999538	1.00077	1.00002	0.99803	0.999918	
27.5935 0.999591	0.999971	1.00055	0.999788	0.998204	1.00009	
27.6096 0.999587	0.999966	1.00065	0.999887	0.997838	0.999725	
27.6257 0.999401	0.999779	1.0007	0.999943	0.998144	1.00003	
27.6419 0.999623	1	1.00082	1.00006	0.99805	0.999937	
27.658 0.999422	0.9998	1.00085	1.0001	0.998115	1	
27.6741 0.999928	1.00031	1.00107	1.00031	0.998161	1.00005	
27.6903 0.999672	1.00005	1.00087	1.00011	0.997971	0.999857	
27.7064 0.999315	0.999693	1.00062	0.999862	0.998148	1.00004	
27.7225 0.999264	0.99964	1.00081	1.00006	0.998418	1.00031	
27.7387 0.999908	1.00029	1.00082	1.00006	0.998082	0.99997	
27.7548 0.999663	1.00004	1.00056	0.999806	0.998244	1.00013	
27.7709 1.00014	1.00052	1.00073	0.999976	0.998015	0.999903	
27.7871 0.999493	0.999872	1.00096	1.0002	0.998182	1.00007	
27.8032 0.99944	0.999819	1.0008	1.00004	0.998073	0.999961	
27.8193 0.999452	0.99983	1.00059	0.999828	0.998007	0.999895	
27.8354 0.999613	0.999991	1.00047	0.999715	0.998226	1.00011	
27.8516 0.999474	0.999851	1.00083	1.00007	0.998311	1.0002	
27.8677 0.99954	0.999917	1.00088	1.00013	0.998245	1.00014	
27.8838 0.999805	1.00018	1.00079	1.00003	0.998165	1.00005	
27.9 1	1.00038	1.00078	1.00002	0.997978	0.999867	
27.9161 0.999925	1.00031	1.00084	1.00008	0.998341	1.00023	
27.9322 0.999473	0.999853	1.00064	0.999884	0.998213	1.0001	
27.9484 0.999392	0.999771	1.00092	1.00016	0.998058	0.999949	
27.9645 0.999707	1.00009	1.0007	0.999941	0.997994	0.999884	
27.9806 0.999592	0.999971	1.0007	0.999943	0.99818	1.00007	
27.9968 0.999414	0.999792	1.00082	1.00006	0.998306	1.0002	
28.0129 0.99953	0.999908	1.00073	0.999969	0.997841	0.99973	
28.029 0.999989	1.00037	1.00081	1.00005	0.99807	0.999959	
28.0452 0.9995	0.999879	1.0008	1.00004	0.998021	0.99991	
28.0613 0.999656	1.00004	1.00086	1.00011	0.998162	1.00005	
28.0774 0.999542	0.999921	1.00097	1.00021	0.998087	0.999977	
28.0936 0.999436	0.999814	1.0007	0.999944	0.998442	1.00033	
28.1097 0.999872	1.00025	1.00083	1.00007	0.998282	1.00017	
28.1258 0.999581	0.99996	1.00088	1.00013	0.997951	0.999842	
28.142 0.999847	1.00023	1.00078	1.00002	0.998502	1.0004	
28.1581 0.99962	1	1.00087	1.00012	0.997727	0.999617	
28.1742 0.999424	0.999803	1.00076	1.00001	0.998246	1.00014	
28.1903 0.999581	0.99996	1.00077	1.00001	0.997845	0.999735	
28.2065 0.999694	1.00007	1.0008	1.00004	0.997817	0.999705	
28.2226 0.999443	0.999821	1.00088	1.00013	0.998094	0.999983	
28.2387 0.999364	0.999742	1.00078	1.00003	0.997921	0.999809	
28.2549 0.999825	1.0002	1.00079	1.00003	0.998154	1.00004	
28.271 0.99976	1.00014	1.00077	1.00001	0.997858	0.999745	
28.2871 0.999492	0.99987	1.00086	1.0001	0.99814	1.00003	
28.3033 0.999792	1.00017	1.00082	1.00007	0.997965	0.999851	
28.3194 0.999679	1.00006	1.00072	0.999966	0.998325	1.00021	
28.3355 0.99945	0.999829	1.00069	0.999941	0.99791	0.999797	
28.3517 0.999828	1.00021	1.00077	1.00002	0.998237	1.00012	
28.3678 0.999499	0.999878	1.00086	1.00011	0.998213	1.0001	
28.3839 0.999676	1.00006	1.00101	1.00026	0.998019	0.999907	
28.4001 0.999503	0.999881	1.00082	1.00007	0.998256	1.00014	
28.4162 0.999669	1.00005	1.00083	1.00008	0.99775	0.999635	
28.4323 0.999459	0.999837	1.00083	1.00008	0.99805	0.999936	
28.4485 0.999869	1.00025	1.00066	0.999914	0.997971	0.999856	
28.4646 0.999664	1.00004	1.0008	1.00005	0.998009	0.999894	
28.4807 0.999396	0.999775	1.00093	1.00018	0.998158	1.00004	
28.4969 0.999732	1.00011	1.00069	0.999939	0.997958	0.999842	
28.513 0.999627	1.00001	1.00072	0.999972	0.997959	0.999842	
28.5291 0.999379	0.999757	1.00061	0.999855	0.998237	1.00012	
28.5452 0.999534	0.999912	1.00054	0.999794	0.99803	0.999913	
28.5614 0.999566	0.999943	1.00056	0.999807	0.998113	0.999997	
28.5775 0.999571	0.999947	1.00081	1.00006	0.997925	0.999807	
28.5936 0.999628	1	1.00074	0.999984	0.997974	0.999856	
28.6098 0.999338	0.999713	1.00063	0.999879	0.99793	0.999811	
28.6259 0.999517	0.999892	1.00076	1.00001	0.998007	0.999888	
28.642 0.999555	0.99993	1.0007	0.999944	0.998252	1.00013	
28.6582 0.999485	0.999859	1.0007	0.999952	0.998147	1.00003	
28.6743 0.999552	0.999926	1.00073	0.999978	0.998268	1.00015	
28.6904 0.999288	0.99966	1.00062	0.999869	0.998404	1.00029	
28.7066 0.999664	1.00004	1.00079	1.00004	0.997994	0.999877	
28.7227 0.999536	0.999908	1.00065	0.999893	0.998328	1.00021	
28.7388 0.999309	0.999679	1.00082	1.00007	0.997936	0.999819	
28.755 0.999564	0.999933	1.0007	0.999947	0.99803	0.999913	
28.7711 0.999743	1.00011	1.00087	1.00012	0.998029	0.999911	
28.7872 0.99947	0.99984	1.00083	1.00007	0.997922	0.999803	
28.8034 0.999727	1.0001	1.00067	0.999913	0.997961	0.999842	
28.8195 0.999939	1.00031	1.00083	1.00008	0.998207	1.00009	
28.8356 0.999261	0.999631	1.00066	0.999904	0.998126	1.00001	
28.8518 0.999733	1.0001	1.00084	1.00009	0.99805	0.999931	
28.8679 0.999808	1.00018	1.00062	0.999864	0.998203	1.00008	
28.884 0.999783	1.00015	1.00066	0.999903	0.998467	1.00035	
28.9001 0.999275	0.999645	1.00064	0.999886	0.997927	0.999809	
28.9163 0.999819	1.00019	1.0007	0.999948	0.997995	0.999876	
28.9324 0.999426	0.999796	1.00077	1.00001	0.998089	0.99997	
28.9485 0.999642	1.00001	1.00066	0.999907	0.998356	1.00024	
28.9647 0.999623	0.999993	1.00084	1.00009	0.997909	0.99979	
28.9808 0.999698	1.00007	1.00082	1.00007	0.997839	0.999719	
28.9969 0.999347	0.999716	1.00058	0.999821	0.998245	1.00013	
29.0131 0.999499	0.999868	1.00063	0.999878	0.998222	1.0001	
29.0292 0.99963	0.999999	1.00057	0.999811	0.9977	0.999579	
29.0453 0.999612	0.999981	1.00083	1.00007	0.997813	0.99969	
29.0615 0.999863	1.00023	1.00064	0.999883	0.998034	0.99991	
29.0776 0.999502	0.999871	1.00074	0.999981	0.997949	0.999825	
29.0937 0.999292	0.999659	1.00076	1	0.998119	0.999995	
29.1099 0.999617	0.999984	1.00085	1.00009	0.998244	1.00012	
29.126 0.999405	0.999771	1.00087	1.00011	0.998062	0.999938	
29.1421 0.999378	0.999743	1.00075	0.999995	0.998143	1.00002	
29.1583 0.999611	0.999976	1.00058	0.999824	0.997998	0.999874	
29.1744 0.999837	1.0002	1.00069	0.999929	0.998295	1.00017	
29.1905 0.999438	0.999803	1.00077	1.00001	0.997973	0.999849	
29.2067 0.99937	0.999733	1.00051	0.999755	0.998382	1.00026	
29.2228 0.999627	0.999991	1.00096	1.0002	0.998053	0.99993	
29.2389 0.999699	1.00006	1.00073	0.999972	0.998063	0.999939	
29.255 0.999435	0.999797	1.00073	0.99997	0.998195	1.00007	
29.2712 0.999518	0.99988	1.00079	1.00003	0.997803	0.999677	
29.2873 0.999561	0.999922	1.0005	0.999739	0.998003	0.999877	
29.3034 0.999582	0.999943	1.00087	1.00011	0.998164	1.00004	
29.3196 0.999699	1.00006	1.0008	1.00004	0.998072	0.999947	
29.3357 0.999389	0.999749	1.00076	1	0.998065	0.999939	
29.3518 0.999337	0.999695	1.00061	0.999847	0.998109	0.999983	
29.368 0.999653	1.00001	1.00071	0.999953	0.998022	0.999895	
29.3841 0.999529	0.999887	1.00062	0.999862	0.997898	0.99977	
29.4002 0.999341	0.999697	1.00072	0.999959	0.998183	1.00006	
29.4164 0.999614	0.999971	1.00061	0.999847	0.997934	0.999805	
29.4325 0.999449	0.999804	1.0009	1.00014	0.99825	1.00012	
29.4486 0.999792	1.00015	1.00096	1.0002	0.998284	1.00016	
29.4648 0.999775	1.00013	1.00075	0.999986	0.998005	0.999877	
29.4809 0.999817	1.00017	1.00077	1.00001	0.997941	0.999813	
29.497 0.999707	1.00006	1.00074	0.999981	0.998298	1.00017	
29.5132 0.999675	1.00003	1.00096	1.0002	0.99832	1.00019	
29.5293 0.999599	0.999957	1.0005	0.99974	0.998149	1.00002	
29.5454 0.999654	1.00001	1.00065	0.999885	0.998341	1.00022	
29.5616 0.999679	1.00004	1.00079	1.00003	0.998263	1.00014	
29.5777 0.999959	1.00032	1.00089	1.00013	0.998013	0.999888	
29.5938 0.999802	1.00016	1.00039	0.999632	0.998062	0.999936	
29.6099 0.999776	1.00014	1.00079	1.00002	0.998239	1.00011	
29.6261 0.999656	1.00002	1.00073	0.999967	0.998326	1.0002	
29.6422 1.00014	1.0005	1.00101	1.00025	0.998261	1.00014	
29.6583 0.999683	1.00005	1.00078	1.00002	0.998434	1.00031	
29.6745 0.999609	0.999974	1.00081	1.00005	0.998088	0.999966	
29.6906 0.999744	1.00011	1.0009	1.00014	0.998079	0.999958	
29.7067 0.99984	1.00021	1.00071	0.999953	0.9983	1.00018	
29.7229 1.00019	1.00056	1.00088	1.00012	0.998413	1.00029	
29.739 0.999174	0.99954	1.00069	0.999927	0.998371	1.00025	
29.7551 0.999646	1.00001	1.00068	0.99992	0.998105	0.999988	
29.7713 0.999418	0.999783	1.00058	0.999821	0.998298	1.00018	
29.7874 0.999489	0.999854	1.0007	0.999935	0.998291	1.00018	
29.8035 0.999799	1.00017	1.00086	1.0001	0.998393	1.00028	
29.8197 0.999757	1.00012	1.00064	0.999882	0.998014	0.9999	
29.8358 0.999607	0.999973	1.00069	0.999926	0.99823	1.00012	
29.8519 0.999719	1.00009	1.00086	1.0001	0.998239	1.00013	
29.8681 0.999607	0.999974	1.00077	1.00001	0.998275	1.00016	
29.8842 0.999712	1.00008	1.00077	1.00001	0.998027	0.999914	
29.9003 0.999854	1.00022	1.00099	1.00023	0.998388	1.00028	
29.9165 0.999728	1.0001	1.00046	0.999698	0.998133	1.00002	
29.9326 0.999451	0.999819	1.00085	1.00009	0.998184	1.00007	
29.9487 0.999881	1.00025	1.00061	0.999853	0.998235	1.00013	
29.9648 1.00001	1.00039	1.00041	0.999642	0.998266	1.00016	
29.981 0.999803	1.00018	1.00092	1.00015	0.998211	1.0001	
29.9971 0.999525	0.999897	1.00053	0.999769	0.99803	0.999921	
30.0132 0.999426	0.999797	1.00075	0.999981	0.998063	0.999953	
30.0294 0.999743	1.00011	1.00068	0.999911	0.998217	1.00011	
30.0455 0.99957	0.999941	1.00087	1.00011	0.998052	0.999943	
30.0616 0.99953	0.9999	1.00082	1.00005	0.998294	1.00019	
30.0778 0.999764	1.00014	1.0007	0.999937	0.99833	1.00022	
30.0939 0.999488	0.999858	1.00068	0.999917	0.998081	0.999974	
30.11 0.999618	0.999989	1.00074	0.999973	0.99835	1.00025	
30.1262 0.999395	0.999764	1.00096	1.0002	0.998364	1.00026	
30.1423 0.999747	1.00012	1.00045	0.999681	0.998366	1.00026	
30.1584 0.999602	0.999971	1.00063	0.999863	0.998185	1.00008	
30.1746 0.999645	1.00001	1.00047	0.999702	0.998079	0.999977	
30.1907 0.999736	1.00011	1.0008	1.00004	0.997781	0.999677	
30.2068 0.999792	1.00016	1.00068	0.999909	0.99838	1.00028	
30.223 0.999682	1.00005	1.00061	0.999839	0.998521	1.00042	
30.2391 0.999863	1.00024	1.00081	1.00004	0.998324	1.00023	
30.2552 0.999833	1.00021	1.00079	1.00002	0.998764	1.00067	
30.2714 0.999823	1.0002	1.0007	0.999931	0.998306	1.00021	
30.2875 0.999854	1.00023	1.00067	0.999897	0.998409	1.00032	
30.3036 0.999774	1.00015	1.00066	0.999889	0.998244	1.00015	
30.3197 0.999942	1.00032	1.00081	1.00004	0.998287	1.0002	
30.3359 1.00003	1.00041	1.00089	1.00012	0.998374	1.00029	
30.352 0.999984	1.00037	1.00049	0.999717	0.998459	1.00038	
30.3681 1.00005	1.00044	1.00081	1.00003	0.998352	1.00027	
30.3843 0.99941	0.999796	1.00065	0.999879	0.998493	1.00041	
30.4004 0.99989	1.00028	1.00059	0.999819	0.997693	0.99961	
30.4165 0.999413	0.9998	1.00102	1.00025	0.998568	1.00049	
30.4327 0.999566	0.999953	1.0007	0.999924	0.998498	1.00042	
30.4488 0.999485	0.99987	1.00067	0.999901	0.998123	1.00005	
30.4649 0.999298	0.999681	1.00066	0.999884	0.998609	1.00054	
30.4811 0.999665	1.00005	1.00061	0.99984	0.998041	0.999967	
30.4972 1.00021	1.00059	1.00078	1	0.998253	1.00018	
30.5133 0.999472	0.999858	1.00047	0.999697	0.998279	1.00021	
30.5295 0.999538	0.999924	1.00095	1.00018	0.998328	1.00026	
30.5456 1.00009	1.00048	1.0006	0.999821	0.998213	1.00014	
30.5617 0.999649	1.00004	1.00061	0.999829	0.998309	1.00024	
30.5779 0.999366	0.999754	1.00067	0.999887	0.997844	0.999775	
30.594 0.999866	1.00026	1.00064	0.999865	0.997988	0.99992	
30.6101 0.999688	1.00008	1.00103	1.00025	0.998327	1.00026	
30.6263 0.999452	0.999841	1.00062	0.999846	0.998299	1.00023	
30.6424 0.999646	1.00003	1.00067	0.999889	0.998538	1.00048	
30.6585 0.9999	1.00029	1.00073	0.999952	0.998151	1.00009	
30.6746 0.99949	0.99988	1.0009	1.00012	0.998551	1.00049	
30.6908 0.999787	1.00018	1.00063	0.999851	0.998138	1.00008	
30.7069 0.99998	1.00037	1.00071	0.999928	0.997926	0.999867	
30.723 0.999384	0.999776	1.00063	0.999854	0.998116	1.00006	
30.7392 0.999482	0.999874	1.00066	0.999877	0.998624	1.00057	
30.7553 0.999683	1.00007	1.00046	0.999679	0.998575	1.00052	
30.7714 0.999473	0.999864	1.00088	1.00009	0.998321	1.00027	
30.7876 0.999562	0.999953	1.00074	0.999956	0.998378	1.00033	
30.8037 0.999456	0.999846	1.00061	0.999828	0.998034	0.999987	
30.8198 0.999873	1.00026	1.00092	1.00014	0.998309	1.00026	
30.836 0.999527	0.999918	1.00053	0.999743	0.997904	0.999857	
30.8521 0.999741	1.00013	1.00059	0.999802	0.998212	1.00017	
30.8682 0.999923	1.00032	1.00051	0.999722	0.998264	1.00022	
30.8844 0.999374	0.999766	1.0009	1.00011	0.998441	1.0004	
30.9005 0.9996	0.999992	1.00045	0.999657	0.998371	1.00033	
30.9166 0.999453	0.999844	1.00086	1.00007	0.998169	1.00013	
30.9328 0.999525	0.999916	1.00089	1.0001	0.99819	1.00015	
30.9489 0.999415	0.999804	1.00081	1.00002	0.99824	1.0002	
30.965 0.999871	1.00026	1.00062	0.99983	0.997998	0.999961	
30.9812 0.999547	0.999938	1.00055	0.99976	0.998414	1.00038	
30.9973 0.9997	1.00009	1.00064	0.999845	0.998457	1.00043	
31.0134 0.999878	1.00027	1.00053	0.999733	0.998245	1.00022	
31.0295 0.99998	1.00038	1.00049	0.999691	0.998031	1	
31.0457 0.999876	1.00027	1.00082	1.00002	0.998151	1.00012	
31.0618 0.999671	1.00007	1.00059	0.999792	0.998222	1.0002	
31.0779 0.999729	1.00013	1.00064	0.999838	0.998231	1.00021	
31.0941 0.999865	1.00027	1.00051	0.999713	0.998055	1.00003	
31.1102 0.99982	1.00022	1.00089	1.00009	0.998265	1.00024	
31.1263 0.999718	1.00012	1.00064	0.999841	0.998264	1.00024	
31.1425 0.999574	0.999977	1.00083	1.00003	0.997918	0.999895	
31.1586 0.999769	1.00017	1.00057	0.999766	0.998496	1.00048	
31.1747 0.999436	0.999839	1.00072	0.999917	0.998189	1.00017	
31.1909 0.999982	1.00039	1.0004	0.99959	0.998359	1.00034	
31.207 0.999646	1.00005	1.00074	0.99993	0.998279	1.00027	
31.2231 0.999382	0.999786	1.00064	0.999831	0.998273	1.00026	
31.2393 1.00006	1.00047	1.00086	1.00005	0.997948	0.999935	
31.2554 0.999752	1.00016	1.00043	0.999615	0.998114	1.0001	
31.2715 0.999597	1.00001	1.00072	0.999906	0.998497	1.00049	
31.2877 0.999786	1.0002	1.00064	0.999828	0.997777	0.999766	
31.3038 0.999921	1.00033	1.00059	0.999776	0.998458	1.00045	
31.3199 0.999777	1.00019	1.00078	0.999968	0.998187	1.00018	
31.3361 0.999543	0.999957	1.00079	0.999977	0.997903	0.999897	
31.3522 0.999546	0.99996	1.00086	1.00005	0.997936	0.999928	
31.3683 0.999806	1.00022	1.00061	0.999798	0.997973	0.999966	
31.3844 0.999785	1.0002	1.00103	1.00021	0.997972	0.999965	
31.4006 0.999327	0.999742	1.00091	1.0001	0.99781	0.999801	
31.4167 0.999728	1.00014	1.00063	0.999813	0.997718	0.999706	
31.4328 0.999528	0.999943	1.00068	0.999863	0.998274	1.00027	
31.449 0.999641	1.00006	1.0007	0.99988	0.9981	1.00009	
31.4651 0.999808	1.00023	1.00048	0.999657	0.997909	0.9999	
31.4812 0.999941	1.00036	1.00072	0.999897	0.998121	1.00011	
31.4974 0.999891	1.00031	1.00067	0.999849	0.998499	1.0005	
31.5135 0.999714	1.00014	1.00048	0.999654	0.998351	1.00035	
31.5296 0.999711	1.00014	1.00056	0.999739	0.998106	1.00011	
31.5458 0.999361	0.999784	1.0008	0.999975	0.998135	1.00014	
31.5619 0.999897	1.00032	1.00076	0.999936	0.997847	0.999845	
31.578 0.999786	1.00021	1.00053	0.999705	0.998316	1.00032	
31.5942 0.999982	1.00041	1.00098	1.00015	0.998169	1.00017	
31.6103 1.00033	1.00077	1.00067	0.999841	0.998259	1.00026	
31.6264 0.999986	1.00042	1.00071	0.99988	0.997881	0.999884	
31.6426 0.999697	1.00014	1.00074	0.999914	0.997813	0.999814	
31.6587 0.999821	1.00026	1.00068	0.999847	0.997743	0.999742	
31.6748 0.999359	0.999799	1.00089	1.00006	0.998075	1.00008	
31.691 0.999711	1.00015	1.00106	1.00023	0.998215	1.00022	
31.7071 0.999524	0.999965	1.00085	1.00002	0.997512	0.999509	
31.7232 0.999585	1.00003	1.00068	0.999848	0.998312	1.00031	
31.7393 0.999887	1.00033	1.00056	0.999725	0.997902	0.999902	
31.7555 0.999184	0.999625	1.00079	0.999957	0.997888	0.999887	
31.7716 0.999371	0.999811	1.00088	1.00005	0.997944	0.999943	
31.7877 0.999739	1.00018	1.00067	0.999834	0.998152	1.00015	
31.8039 0.999302	0.999741	1.00073	0.999899	0.998008	1.00001	
31.82 1.00002	1.00047	1.0007	0.999862	0.997697	0.999694	
31.8361 0.999267	0.999707	1.00082	0.999987	0.997953	0.99995	
31.8523 0.999299	0.999737	1.00087	1.00003	0.99785	0.999845	
31.8684 0.999266	0.999702	1.00111	1.00027	0.998017	1.00001	
31.8845 0.999355	0.99979	1.00082	0.999991	0.998333	1.00033	
31.9007 0.999751	1.00019	1.00106	1.00023	0.997943	0.999941	
31.9168 0.999364	0.999799	1.00083	1	0.997963	0.999961	
31.9329 0.999685	1.00012	1.00052	0.999685	0.997737	0.999732	
31.9491 0.999146	0.999578	1.00049	0.999658	0.998134	1.00013	
31.9652 0.999687	1.00012	1.00091	1.00008	0.997798	0.999793	
31.9813 0.999634	1.00007	1.0009	1.00007	0.997976	0.999971	
31.9975 0.999444	0.999877	1.00098	1.00014	0.997995	0.99999	
32.0136 0.999556	0.999988	1.00097	1.00014	0.9982	1.0002	
32.0297 0.999649	1.00008	1.00082	0.999988	0.998053	1.00005	
32.0459 0.999746	1.00018	1.00079	0.999952	0.997885	0.99988	
32.062 0.999206	0.999638	1.00058	0.999748	0.998223	1.00022	
32.0781 0.999816	1.00025	1.0011	1.00026	0.997891	0.999887	
32.0942 0.999645	1.00008	1.00067	0.999838	0.997403	0.999394	
32.1104 0.999492	0.999926	1.00064	0.999808	0.998182	1.00018	
32.1265 0.999489	0.999922	1.00105	1.00021	0.99764	0.99963	
32.1426 0.999268	0.999698	1.00086	1.00003	0.998021	1.00001	
32.1588 0.999285	0.999713	1.00087	1.00003	0.99803	1.00002	
32.1749 0.99948	0.999908	1.00104	1.0002	0.997596	0.999583	
32.191 0.999394	0.99982	1.00055	0.999713	0.998024	1.00001	
32.2072 0.999359	0.999784	1.00079	0.999951	0.997373	0.999355	
32.2233 1.0001	1.00053	1.00086	1.00003	0.997645	0.999624	
32.2394 0.99926	0.999686	1.0007	0.999863	0.998102	1.00008	
32.2556 0.999132	0.999555	1.00064	0.999799	0.998015	0.999995	
