# Time-averaged data for fix AveAll
# TimeStep v_TotEn v_PotEn c_T c_P v_Dens
100 -16170.6 -20003.4 296.796 -13.4666 0.871407
200 -16075.3 -19988.3 303.003 -190.015 0.869631
300 -15995 -19869 299.99 -47.2375 0.869229
400 -16012.6 -19911.7 301.933 36.8466 0.869642
500 -16129.7 -19972.1 297.542 106.066 0.869792
600 -16145.5 -19955.5 295.03 -343.004 0.869401
700 -16101.2 -19988.9 301.047 27.0598 0.87174
800 -16109.9 -19976.9 299.446 121.82 0.874463
900 -16196.8 -20033 297.06 269.415 0.875611
1000 -16268.8 -20063.6 293.858 194.077 0.874183
1100 -16241.2 -20071.8 296.631 -217.653 0.871134
1200 -16218.8 -20084 299.307 -204.517 0.869978
1300 -16224.7 -20070.2 297.777 1.70313 0.870714
1400 -16214.2 -20060.5 297.841 -41.831 0.871529
1500 -16137.7 -20019.5 300.594 -63.8144 0.87279
1600 -16047.9 -19981.8 304.621 79.4104 0.874812
1700 -16107.8 -20000 301.393 233.017 0.876064
1800 -16188.2 -20025.1 297.109 84.0668 0.875112
1900 -16185.4 -19991.8 294.753 -154.284 0.873404
2000 -16124.3 -20024.3 302.005 91.1663 0.872669
2100 -16144.2 -20023 300.357 45.4524 0.871126
2200 -16252.2 -20077.6 296.23 -53.6715 0.86883
2300 -16269.3 -20057.9 293.374 -70.4016 0.866795
2400 -16204.7 -20061.5 298.65 -173.918 0.865725
2500 -16154.2 -19998.7 297.697 73.7486 0.865607
2600 -16089.4 -19941.9 298.323 -234.289 0.865396
2700 -16020.5 -19937.7 303.335 -262.56 0.867391
2800 -16076.2 -19929.8 298.409 66.4291 0.872266
2900 -16196.9 -20036.5 297.325 207.353 0.877483
3000 -16241.6 -20115.7 299.994 13.8855 0.881367
3100 -16282.1 -20110.1 296.422 308.728 0.88428
3200 -16294.3 -20124.6 296.607 331.981 0.884491
3300 -16271.7 -20089.8 295.661 54.7209 0.881976
3400 -16174.9 -20041.4 299.406 59.8287 0.878227
3500 -16122.6 -19971.1 298.01 -198.734 0.874197
3600 -16086.4 -19903.3 295.569 -281.9 0.872123
3700 -16024.8 -19910.2 300.872 -45.6921 0.872903
3800 -16023.5 -19913.5 301.231 59.0723 0.874295
3900 -16058.6 -19932.4 299.974 76.3774 0.874878
4000 -16098.7 -19981.1 300.639 -64.49 0.874839
4100 -16175.4 -19996.5 295.885 -11.0024 0.875236
4200 -16205 -20026.5 295.924 -130.312 0.876121
4300 -16170.5 -20008.7 297.218 10.9343 0.877894
4400 -16070.4 -19962.9 301.423 167.173 0.879587
4500 -16061.8 -19981.1 303.493 192.483 0.879355
4600 -16130.9 -19993.9 299.132 86.3038 0.877502
4700 -16172.4 -20027.1 298.49 101.254 0.875283
4800 -16203.1 -20018.4 295.449 -176.513 0.872609
4900 -16147.7 -19995.3 297.942 -108.589 0.871523
5000 -16076.4 -19964.4 301.074 161.575 0.87145
5100 -16078.9 -19906.5 296.398 -92.3368 0.870617
5200 -16060.1 -19870.7 295.071 -48.6301 0.870473
5300 -16028 -19900.3 299.855 164.337 0.870511
5400 -16038.6 -19923.4 300.82 95.5647 0.869373
5500 -16128.6 -20000.3 299.812 -162.434 0.867646
5600 -16188.3 -20005.1 295.56 -23.9266 0.867416
5700 -16174.2 -20026.8 298.331 114.856 0.867564
5800 -16153.5 -19993.1 297.325 -114.621 0.86671
5900 -16091.3 -19958.6 299.465 -178.652 0.867076
6000 -16023.5 -19929.1 302.434 77.9301 0.868871
6100 -16032.8 -19935.3 302.197 136.019 0.869834
6200 -16158.5 -19993.7 296.985 74.9646 0.869526
6300 -16202.1 -20040.2 297.205 -210.521 0.868753
6400 -16207.3 -20045.3 297.202 -66.6399 0.869769
6500 -16203.3 -20081.2 300.284 227.268 0.871203
6600 -16253.9 -20080.3 296.304 -104.828 0.870877
6700 -16295.1 -20072.2 292.483 -127.025 0.871438
6800 -16214.5 -20095.7 300.545 72.2429 0.873088
6900 -16183.4 -20049.3 299.361 0.592175 0.874236
7000 -16199.7 -20097.2 301.808 18.1326 0.875055
7100 -16242.5 -20074.4 296.725 -26.7224 0.875906
7200 -16251.5 -20130.5 300.377 135.636 0.876969
7300 -16299.2 -20144 297.725 -22.7264 0.876626
7400 -16339.9 -20131.8 293.629 -496.894 0.877111
7500 -16247.6 -20097.2 298.1 264.15 0.881365
7600 -16168.3 -20056.9 301.119 432.359 0.883653
7700 -16206.1 -20094.3 301.092 125.844 0.882013
7800 -16290.3 -20113 296.02 157.939 0.878757
7900 -16306.9 -20147.5 297.402 14.1251 0.874478
8000 -16280.8 -20109.7 296.495 -260.542 0.87057
8100 -16161.4 -20040.9 300.416 -199.104 0.869229
8200 -16105.2 -20001.2 301.69 -73.3831 0.870053
8300 -16150.6 -20044.7 301.548 132.363 0.871129
8400 -16233.1 -20063.6 296.617 -40.1751 0.871279
8500 -16257.7 -20104.3 297.863 -183.501 0.871942
8600 -16258 -20081.3 296.06 -28.0424 0.873696
8700 -16170.6 -20043.7 299.921 -85.9201 0.875823
8800 -16102.9 -20032.1 304.263 128.532 0.877984
8900 -16174.5 -20048 299.949 -25.9493 0.879144
9000 -16230.5 -20060.1 296.548 150.481 0.879907
9100 -16225.3 -20060.9 297.014 10.9287 0.879395
9200 -16179.3 -20022.6 297.608 11.4875 0.878758
9300 -16065.6 -19998.4 304.538 -3.54857 0.878172
9400 -16077.6 -19979.3 302.132 -134.306 0.877686
9500 -16157.1 -20039.9 300.67 -29.9694 0.8784
9600 -16214.1 -20072.5 298.781 158.067 0.879492
9700 -16246.8 -20049.6 294.471 103.157 0.879173
9800 -16189.8 -20021.2 296.693 -62.6165 0.877929
9900 -16103.8 -19978.6 300.045 75.3328 0.876904
10000 -16104.9 -19982.7 300.285 -115.068 0.875644
10100 -16148.4 -20008.4 298.906 5.44292 0.875095
10200 -16204.2 -20009.1 294.632 -0.174355 0.874442
10300 -16180.4 -20001.9 295.917 -241.49 0.874197
10400 -16065.7 -19987.7 303.704 -154.388 0.87623
10500 -16085.7 -19988.5 302.218 117.966 0.879567
10600 -16155 -19994.2 297.292 204.617 0.88204
10700 -16190.9 -20050.1 298.843 213.162 0.882458
10800 -16217 -20048.4 296.69 13.8647 0.880754
10900 -16214.2 -20075.5 299.004 -37.0469 0.878771
11000 -16204.6 -20041 297.07 -107.151 0.877118
11100 -16175 -20027.9 298.358 -237.58 0.876752
11200 -16136.6 -20010.4 299.968 84.8874 0.878282
11300 -16146.1 -20026.5 300.49 26.9068 0.879401
11400 -16228.5 -20032.9 294.599 101.244 0.88027
11500 -16270.5 -20112.2 297.493 146.089 0.880037
11600 -16269 -20055 293.178 -180.888 0.878673
11700 -16152.8 -20035.5 300.66 69.3736 0.878548
11800 -16129 -20014.4 300.873 161.246 0.878017
11900 -16190 -20048.8 298.809 -81.709 0.875987
12000 -16256.4 -20052 293.911 62.4447 0.87431
12100 -16227.7 -20062.3 296.94 -312.658 0.872447
12200 -16160.4 -20027.4 299.449 -197.777 0.873156
12300 -16149.5 -20062.6 303.019 194.501 0.875755
12400 -16194.9 -20051.6 298.643 -150.12 0.877357
12500 -16235.8 -20100.1 299.234 208.13 0.880101
12600 -16315.2 -20197.1 300.604 -8.01257 0.881544
12700 -16382.2 -20172.6 293.512 -140.218 0.882692
12800 -16335.1 -20134.9 294.238 159.515 0.885217
12900 -16257.6 -20117.1 298.865 81.5737 0.887079
13000 -16238.1 -20085.4 297.919 -14.8692 0.888405
13100 -16244.7 -20123.9 300.395 256.303 0.889723
13200 -16321.5 -20119.7 294.12 65.1428 0.889119
13300 -16364.7 -20107.2 289.808 -117.808 0.887297
13400 -16247.6 -20105 298.702 35.2229 0.886079
13500 -16183.2 -20023.4 297.373 131.292 0.884084
13600 -16131.3 -19969 297.176 -149.975 0.880587
13700 -16056.6 -19916.4 298.886 -103.778 0.877831
13800 -16010.4 -19907.1 301.743 35.919 0.875646
13900 -16069.3 -19893.9 296.158 -188.6 0.873477
14000 -16186.9 -19995.5 294.919 57.9878 0.872449
14100 -16204 -20034.1 296.591 -105.786 0.870965
14200 -16179.3 -20010.9 296.703 -308.991 0.870727
14300 -16106.6 -19982.3 300.121 99.5216 0.873046
14400 -16017.9 -19906 301.078 77.7893 0.875105
14500 -15905.8 -19858.9 306.115 333.779 0.87609
14600 -15950.6 -19868.9 303.417 48.79 0.874256
14700 -16037.2 -19956.7 303.515 14.1389 0.871256
14800 -16122.2 -19971.9 298.104 -309.093 0.868608
14900 -16158.5 -19954.9 293.973 -124.15 0.868495
15000 -16113.4 -19989.4 300.141 -91.1206 0.869831
15100 -16060.9 -19936.4 300.108 10.6326 0.872162
15200 -16037.4 -19944.4 302.548 204.934 0.874355
15300 -16127.5 -20004.4 300.209 0.875821 0.87485
15400 -16222.6 -20059.4 297.107 -234.92 0.875551
15500 -16253.4 -20077.6 296.13 143.172 0.878021
15600 -16242.1 -20088.3 297.838 64.5256 0.879767
15700 -16194.6 -20082.9 301.091 326.463 0.88055
15800 -16139 -20002 299.137 150.757 0.87848
15900 -16086.8 -19966.1 300.402 29.4555 0.874341
16000 -16058.9 -19904.1 297.759 -81.9583 0.870137
16100 -16005.7 -19916.2 302.81 -249.073 0.86687
16200 -15994.2 -19849 298.5 51.7344 0.865372
16300 -16044.5 -19915 299.714 -253.831 0.864503
16400 -16148.3 -19991 297.566 -77.5043 0.865474
16500 -16193.8 -20007.3 295.301 -294.125 0.867766
16600 -16169 -20028.8 298.886 93.5825 0.872147
16700 -16156 -20056.5 302.035 43.2059 0.875986
16800 -16278.2 -20079.5 294.357 45.4833 0.878933
16900 -16296.5 -20087.8 293.584 159.239 0.880722
17000 -16219 -20065.3 297.845 243.187 0.880881
17100 -16166.6 -20041.2 300.037 175.446 0.878896
17200 -16174.1 -20049.2 300.076 -75.3463 0.875651
17300 -16269.1 -20064.6 293.909 -111.787 0.873509
17400 -16355.3 -20135.7 292.742 -3.69656 0.87277
17500 -16317.2 -20153 297.024 36.6516 0.87229
17600 -16188.5 -20058.8 299.704 -53.9642 0.871564
17700 -16159.1 -20013 298.434 -67.642 0.871438
17800 -16139.8 -19998.7 298.823 -73.6216 0.872068
17900 -16146.6 -20039.5 301.456 209.496 0.873075
18000 -16239.4 -20066.1 296.326 40.7723 0.872366
18100 -16287.8 -20086.8 294.18 0.985588 0.870647
18200 -16248.6 -20107.1 298.794 -236.042 0.869576
18300 -16151.6 -20064 302.958 -77.6658 0.870556
18400 -16051.7 -19986.6 304.711 160.277 0.872217
18500 -16098.5 -19960.5 299.054 49.4491 0.872574
18600 -16201.1 -19986.8 293.153 -194.123 0.872655
18700 -16191.1 -20040.4 298.074 130.264 0.874084
18800 -16190.9 -20089.1 301.862 -15.4374 0.874734
18900 -16275.2 -20111.1 297.042 5.29847 0.875003
19000 -16321.6 -20113.9 293.656 -278.589 0.875981
19100 -16286.1 -20132.2 297.831 182.448 0.878977
19200 -16257.4 -20081.4 296.111 -58.2326 0.880756
19300 -16217.4 -20068.9 298.239 241.352 0.882497
19400 -16215 -20077.9 299.132 302.278 0.882313
19500 -16227.3 -20071.2 297.661 64.7526 0.879242
19600 -16239.8 -20106 299.387 -64.2911 0.875537
19700 -16270.6 -20079.4 294.938 85.7548 0.872242
19800 -16226.2 -20064 297.184 -159.012 0.86878
19900 -16107.9 -19946 297.212 -24.36 0.86658
20000 -16028.3 -19909.8 300.564 -43.3188 0.865064
20100 -16019.6 -19893 299.943 -163.641 0.864283
20200 -16082.6 -19921.9 297.304 -93.4661 0.864897
20300 -16159.3 -20000.7 297.469 -220.574 0.86693
20400 -16210 -20055.4 297.775 -106.793 0.870732
20500 -16260.5 -20084 296.073 45.5137 0.874783
20600 -16368.1 -20150.1 292.857 -74.1188 0.878198
20700 -16410.6 -20196.7 293.178 210.058 0.881331
20800 -16335.7 -20178 297.531 116.219 0.882322
20900 -16275.8 -20125.9 298.139 121.839 0.881755
21000 -16262 -20127.4 299.324 109.124 0.880395
21100 -16273.5 -20112.3 297.266 16.7795 0.878417
21200 -16245.4 -20055.8 295.061 -4.04069 0.876493
21300 -16116.4 -20004 301.039 15.9782 0.874815
21400 -16092.3 -19962.2 299.671 -38.4892 0.873229
21500 -16131.7 -20011.5 300.433 -197.662 0.872526
21600 -16227.2 -20062.3 296.972 -233.475 0.873787
21700 -16262.2 -20092.6 296.615 222.044 0.876635
21800 -16249.1 -20091 297.502 176.298 0.877634
21900 -16213.9 -20091.7 300.279 -12.4933 0.876949
22000 -16140.2 -20092 306.012 49.7712 0.876152
22100 -16180.5 -20038.2 298.723 48.4927 0.874949
22200 -16252.2 -20060.1 294.87 48.3573 0.873073
22300 -16240.5 -20057 295.542 -18.8297 0.870925
22400 -16140.2 -20042.4 302.175 -8.35939 0.868796
22500 -16094.4 -19956.4 299.052 -55.6247 0.866743
22600 -16111.5 -20005.8 301.564 -39.3629 0.865378
22700 -16172.9 -20022.3 298.085 -302.757 0.864563
22800 -16206.3 -20025 295.708 -435.955 0.866986
22900 -16192.6 -20060.2 299.495 117.422 0.8731
23000 -16213.6 -20105.9 301.402 241.264 0.877899
23100 -16260.2 -20119 298.805 197.298 0.87984
23200 -16280.1 -20129.4 298.072 -2.98574 0.879816
23300 -16301.9 -20153 298.218 233.901 0.879394
23400 -16351.3 -20160.8 294.994 -86.8071 0.877605
23500 -16411.4 -20216.8 294.673 -14.7702 0.876263
23600 -16407.7 -20187.5 292.691 128.223 0.875175
23700 -16290.9 -20129.6 297.254 113.854 0.873127
23800 -16232.9 -20094.9 299.058 -165.901 0.870445
23900 -16212.1 -20076.4 299.239 -158.249 0.869298
24000 -16225.6 -20071.3 297.799 -175.334 0.870034
24100 -16270.7 -20069.4 294.157 31.3258 0.872079
24200 -16251.1 -20053.6 294.447 120.726 0.87365
24300 -16149.6 -20019.3 299.652 42.396 0.874105
24400 -16129 -20009.2 300.469 -30.5723 0.87417
24500 -16179.4 -20033.5 298.449 -39.3125 0.874603
24600 -16259 -20061.2 294.427 -294.086 0.875648
24700 -16332.9 -20150.1 295.593 -222.945 0.878997
24800 -16436.2 -20220.3 293.021 219.139 0.884083
24900 -16435.2 -20239.9 294.624 190.379 0.887128
25000 -16340.2 -20144.2 294.562 214.582 0.887912
25100 -16263.3 -20116.9 298.405 82.3736 0.88668
25200 -16235.3 -20079.8 297.704 215.002 0.884367
25300 -16195.7 -20061.3 299.337 -17.4906 0.880708
25400 -16150.7 -20012.2 299.022 -277.997 0.87787
25500 -16071.7 -19969.8 301.849 34.8875 0.87748
25600 -16066.1 -20021.3 306.276 202.512 0.877029
25700 -16172.1 -20017.9 297.801 -40.8481 0.874915
25800 -16194.6 -20006.3 295.165 -318.194 0.87353
25900 -16152.4 -20024.1 299.812 -25.2309 0.874885
26000 -16126.8 -20015.1 301.096 197.309 0.876321
26100 -16210.3 -20043.1 296.796 204.283 0.875827
26200 -16282.8 -20045.8 291.393 -327.888 0.873927
26300 -16227.2 -20085.1 298.741 21.2681 0.874349
26400 -16217.2 -20093.8 300.191 -145.442 0.87551
26500 -16257 -20102.5 297.774 94.8721 0.877384
26600 -16286.3 -20112.3 296.268 145.752 0.878594
26700 -16326.3 -20164.7 297.231 63.0373 0.878422
26800 -16376 -20160.8 293.077 -29.0158 0.877632
26900 -16317.4 -20111.4 293.799 -37.6991 0.87703
27000 -16222.9 -20083.6 298.963 -45.0096 0.876805
27100 -16183.1 -20020.8 297.18 135.803 0.876775
27200 -16134 -19991.2 298.687 147.888 0.875709
27300 -16057.5 -19954.4 301.756 -94.6981 0.873479
27400 -16005.2 -19926 303.612 -80.7561 0.871792
27500 -16106.6 -19970.8 299.23 -39.4374 0.870868
27600 -16198.6 -20050.3 298.263 -93.3618 0.870358
27700 -16246.5 -20101.8 298.538 -254.739 0.870851
27800 -16297.4 -20118.9 295.927 -137.882 0.873689
27900 -16312.8 -20115.9 294.504 220.737 0.877763
28000 -16224.1 -20081.9 298.731 514.736 0.879755
28100 -16154 -20050.7 301.747 97.6839 0.877486
28200 -16178.8 -19996.6 295.636 -217.339 0.874026
28300 -16150.9 -19992 297.44 -251.853 0.87273
28400 -16044.9 -19975.1 304.34 133.309 0.873596
28500 -16074.3 -19982.5 302.637 129.455 0.873545
28600 -16138.9 -20010.1 299.772 -2.6256 0.872065
28700 -16181.5 -20019.1 297.166 -252.41 0.870887
28800 -16197.7 -20027.5 296.568 -26.0634 0.871896
28900 -16166.5 -20018.5 298.287 163.82 0.873013
29000 -16072.3 -19934.1 299.041 -103.457 0.87319
29100 -16014.1 -19934.3 303.57 141.718 0.873746
29200 -16079 -19974 301.612 -129.241 0.873455
29300 -16144.4 -19967 296.004 156.16 0.873643
29400 -16134.5 -19974.2 297.335 43.4235 0.873185
29500 -16099.6 -19939 297.308 -13.2089 0.871949
29600 -16012.3 -19879.4 299.453 -20.6914 0.870504
29700 -15946.7 -19854.1 302.572 55.3669 0.869151
29800 -15981.8 -19863.9 300.612 -108.053 0.86734
29900 -16018.2 -19878.9 298.956 -88.7029 0.866104
30000 -16056.1 -19918.7 299.105 -57.4277 0.865472
30100 -16118.2 -19989.5 299.777 -80.3379 0.865333
30200 -16173.7 -19981.2 294.839 -181.402 0.866436
30300 -16154.3 -19983.4 296.513 -250.373 0.870196
30400 -16127.2 -19989.4 299.075 50.7858 0.877097
30500 -16137.8 -20016.8 300.369 455.901 0.883942
30600 -16242.9 -20070.6 296.399 222.416 0.887129
30700 -16286.6 -20101.6 295.419 239.882 0.88757
30800 -16255.2 -20103 297.96 284.337 0.885456
30900 -16222.3 -20071.6 298.082 28.4094 0.881132
31000 -16156.1 -20007.6 298.243 68.2292 0.876518
31100 -16043.7 -19934.4 301.284 -53.2553 0.871892
31200 -16041.9 -19924.3 300.639 -315.312 0.868603
31300 -16107.7 -19937.3 296.547 -208.994 0.868432
31400 -16166.4 -20031.8 299.319 -263.231 0.870632
31500 -16265.4 -20060.7 293.894 -64.7684 0.874631
31600 -16313.1 -20124 295.106 381.987 0.878394
31700 -16304.8 -20136.7 296.73 113.096 0.878733
31800 -16262.7 -20090.1 296.376 -258.98 0.877987
31900 -16187.4 -20043.2 298.579 36.4891 0.879103
32000 -16158 -20068.3 302.795 505.161 0.879627
32100 -16239 -20047 294.881 -63.3851 0.876364
32200 -16254.3 -20021.2 291.7 -378.064 0.8737
32300 -16196.9 -20020.3 296.067 -77.5109 0.874227
32400 -16151.4 -20014.3 299.129 -14.3845 0.876008
32500 -16133.5 -20002.6 299.614 61.7076 0.87775
32600 -16168.2 -20006.3 297.211 -85.1806 0.878831
32700 -16254.9 -20067.7 295.254 -52.0286 0.880793
32800 -16303.4 -20121.2 295.642 193.818 0.882873
32900 -16275.7 -20111.2 297.007 229.219 0.883182
33000 -16155.9 -20032.6 300.196 300.525 0.880921
33100 -16123.5 -19998.9 300.092 -86.4991 0.876317
33200 -16153.7 -20006.1 298.309 28.6434 0.872427
33300 -16224.2 -20032 294.866 -296.186 0.869383
33400 -16245.2 -20030.7 293.135 -123.349 0.868829
33500 -16122.5 -20006.2 300.741 137.189 0.869479
33600 -16099.8 -19985.6 300.901 26.6505 0.869129
33700 -16165.6 -20003.1 297.155 -174.701 0.868923
33800 -16210.3 -20035 296.173 -1.27569 0.869864
33900 -16172.4 -19986.2 295.323 0.176647 0.87094
34000 -16051.6 -19965.1 303.052 34.1382 0.872012
34100 -16058.1 -19909.8 298.26 124.284 0.872332
34200 -16086.4 -19919.7 296.834 -28.5305 0.871849
34300 -16092.7 -19967.5 300.054 -6.97675 0.871395
34400 -16177 -20019.8 297.57 -54.363 0.871383
34500 -16253 -20062.4 294.985 -91.0999 0.871863
34600 -16229.5 -20037.1 294.842 -220.946 0.873339
34700 -16137.2 -19998.9 299.039 50.8067 0.876534
34800 -16110.1 -19964.4 298.463 112.942 0.879454
34900 -16134.8 -20031.1 301.714 86.111 0.881289
35000 -16211.8 -20036.2 296.148 109.884 0.882061
35100 -16238.8 -20105.1 299.39 44.0319 0.881784
35200 -16259.3 -20114.9 298.568 90.8935 0.880871
35300 -16276.6 -20127.4 298.192 290.466 0.879092
35400 -16302.6 -20155.7 298.374 95.3638 0.874956
35500 -16302.2 -20100.6 294.136 -223.555 0.870213
35600 -16249.7 -20053.4 294.541 -288.108 0.867705
35700 -16190.9 -20006.9 295.491 -257.062 0.868283
35800 -16127.7 -20007.3 300.425 -199.802 0.871306
35900 -16130 -19993.7 299.187 75.074 0.875181
36000 -16190 -20030.8 297.413 -0.699428 0.87779
36100 -16300.7 -20054.9 290.712 47.0678 0.879601
36200 -16287.8 -20089.6 294.399 97.1659 0.880338
36300 -16243.1 -20071.9 296.487 32.81 0.880039
36400 -16202.9 -20062.6 298.881 111.748 0.879597
36500 -16168.8 -19996.3 296.384 250.843 0.878059
36600 -16075.2 -19959.9 300.814 -214.6 0.874949
36700 -16020.2 -19926.1 302.459 101.393 0.873239
36800 -16050.2 -19885.6 296.995 -73.1463 0.871232
36900 -16060.7 -19948.9 301.093 -246.585 0.870181
37000 -16113.1 -20004.2 301.315 -39.0607 0.871247
37100 -16173.2 -19987.1 295.335 66.398 0.87286
37200 -16148.2 -19963.3 295.428 2.71167 0.873976
37300 -16092.1 -19947.9 298.578 -25.2175 0.874871
37400 -16064.3 -19914.5 298.14 311.112 0.875722
37500 -16061.4 -19947.1 300.895 -14.0183 0.874205
37600 -16177.3 -19994.3 295.57 -187.33 0.872522
37700 -16234.2 -20018.1 293.005 -54.7931 0.87276
37800 -16153.3 -19985.1 296.725 57.5597 0.873533
37900 -16081.6 -19953.5 299.825 198.07 0.873537
38000 -16075.6 -19956.6 300.532 -143.107 0.872085
38100 -16150.4 -19967.1 295.548 -165.544 0.871549
38200 -16214.3 -20004.8 293.519 -17.738 0.872746
38300 -16156.9 -20020.4 299.176 22.2287 0.874291
38400 -16061 -19952.3 301.326 184.724 0.875375
38500 -16075.3 -19956.1 300.514 7.21882 0.875192
38600 -16163.7 -20009.1 297.78 -310.911 0.875015
38700 -16213.5 -20062 298.015 -155.501 0.877432
38800 -16234 -20092 298.754 145.155 0.881615
38900 -16247.7 -20065.8 295.661 261.193 0.884634
39000 -16210.8 -20074 299.156 318.366 0.885014
39100 -16136.7 -20012.1 300.1 185.062 0.882199
39200 -16029.9 -19938.9 302.703 -179.173 0.877839
39300 -16048.6 -19912.7 299.224 -262.209 0.875316
39400 -16117.2 -19973.2 298.596 247.749 0.874803
39500 -16206.7 -20052.4 297.799 -25.9879 0.8727
39600 -16225.4 -20024.8 294.209 -228.701 0.870781
39700 -16188.6 -20053.4 299.278 -113.288 0.871007
39800 -16168.7 -19978.4 295.015 -214.044 0.872728
39900 -16089 -20000.8 302.91 131.184 0.875936
40000 -16077 -19956.8 300.439 259.538 0.877696
40100 -16198 -19987.4 293.44 -264.681 0.877649
40200 -16207.3 -20019.4 295.194 47.5947 0.87905
40300 -16141.7 -19997.9 298.611 47.4162 0.880164
40400 -16092.6 -19984.2 301.352 -105.22 0.881058
40500 -16141.2 -19989.6 298.002 300.362 0.88215
40600 -16272.9 -20088.6 295.472 -124.555 0.881222
40700 -16270.2 -20072.2 294.412 179.52 0.880615
40800 -16202.6 -20058.7 298.597 5.0391 0.87898
40900 -16146.4 -19977.3 296.651 -53.8559 0.877372
41000 -16086 -19987.7 302.133 225.249 0.876144
41100 -16112.1 -19979.2 299.452 -153.323 0.873618
41200 -16258.2 -20048 293.465 -13.0903 0.872176
41300 -16260.1 -20025.3 291.567 48.2477 0.871271
41400 -16148.4 -19971.7 296.064 -76.2344 0.870182
41500 -16074.4 -19936.8 299.089 -87.1581 0.86986
41600 -16049.3 -19945 301.668 23.0284 0.87035
41700 -16121.2 -20001.1 300.442 -201.933 0.870948
41800 -16201.7 -20007 294.667 -256.963 0.873233
41900 -16187.4 -20027 297.33 217.577 0.877341
42000 -16137.8 -19993.9 298.603 375.537 0.87904
42100 -16061.2 -19931.9 299.732 -174.458 0.877833
42200 -15958.5 -19906.2 305.696 145.723 0.877489
42300 -15993.9 -19872.3 300.333 15.2083 0.876495
42400 -16103.2 -19965.1 299.056 82.4932 0.875095
42500 -16137.4 -19987.6 298.141 -34.5864 0.873148
42600 -16151 -19994 297.587 4.48828 0.871368
42700 -16153.9 -19976.4 296 -21.722 0.869825
42800 -16104.1 -19960.2 298.604 91.2221 0.868497
42900 -16019.3 -19882.8 299.174 68.2447 0.866533
43000 -15972.7 -19866.2 301.498 -43.2007 0.864071
43100 -16025.1 -19899.5 300.018 -62.0463 0.862104
43200 -16150.8 -19932.6 292.85 -118.325 0.860734
43300 -16129.2 -19969 297.346 -353.981 0.860918
43400 -16098.7 -19980.9 300.625 -103.257 0.864036
43500 -16132.3 -19982.5 298.151 -150.09 0.86848
43600 -16206.6 -20001.3 293.841 268.224 0.873536
43700 -16247.8 -20056.5 294.931 366.273 0.875837
43800 -16205.6 -20062.9 298.697 27.0364 0.874885
43900 -16107.4 -19984.7 300.246 -159.868 0.873585
44000 -16088.5 -19997.5 302.694 131.345 0.873374
44100 -16177.3 -20036.9 298.877 -21.5341 0.872258
44200 -16217.6 -20049.7 296.739 -190.184 0.871441
44300 -16212.8 -20055.1 297.534 57.3417 0.8723
44400 -16201.7 -20079.3 300.266 -10.7664 0.873063
44500 -16262 -20107.9 297.813 107.683 0.8736
44600 -16353.9 -20155.2 294.359 -36.3674 0.873202
44700 -16346 -20144.9 294.177 -162.002 0.873244
44800 -16252.2 -20081.9 296.557 -1.25327 0.874512
44900 -16196.9 -20043.6 297.876 109.175 0.875956
45000 -16192.4 -20044.4 298.28 67.3191 0.876653
45100 -16181.8 -20030.8 298.054 -110.301 0.876718
45200 -16136.8 -20014.8 300.301 234.623 0.877328
45300 -16092.4 -20007.4 303.159 -43.2312 0.876346
45400 -16148.5 -19994.2 297.797 -11.1527 0.87524
45500 -16232.5 -20061.6 296.505 -88.6569 0.874544
45600 -16242 -20059.5 295.613 -27.1116 0.87435
45700 -16211 -20103.5 301.417 -80.0094 0.874606
45800 -16254.1 -20086.3 296.749 218.075 0.875367
45900 -16334.2 -20132.5 294.126 -10.5513 0.874629
46000 -16336.4 -20181.7 297.77 115.059 0.87334
46100 -16298.4 -20150.6 298.301 21.0173 0.870955
46200 -16219.6 -20079.4 298.892 -238.74 0.868119
46300 -16143 -20033.4 301.263 -86.4749 0.867164
46400 -16139.4 -19995.4 298.591 -38.7284 0.867312
46500 -16197.7 -20025.5 296.409 -232.22 0.868119
46600 -16282 -20089.8 294.863 -220.024 0.871339
46700 -16284.5 -20105 295.847 347.062 0.876522
46800 -16218.6 -20090.3 299.807 57.8615 0.879242
46900 -16141.8 -20053.3 302.894 86.1443 0.880909
47000 -16169.4 -20056.7 301.011 238.999 0.881928
47100 -16301.6 -20147 297.772 80.5812 0.880923
47200 -16353.5 -20201.4 297.966 -21.0577 0.87899
47300 -16396.7 -20221.2 296.149 11.0908 0.877052
47400 -16396.2 -20212.3 295.51 -100.255 0.874997
47500 -16298.2 -20174.1 300.131 -91.3062 0.873774
47600 -16239.2 -20111.7 299.871 -27.4965 0.873342
47700 -16252.7 -20103.7 298.205 238.33 0.872771
47800 -16271.1 -20074.4 294.517 -257.417 0.870915
47900 -16178.7 -20059.5 300.511 -23.641 0.87052
48000 -16116.2 -19982.6 299.392 -151.538 0.87101
48100 -16103.5 -19991.2 301.051 70.9685 0.872687
48200 -16177.4 -20020.1 297.57 -83.2832 0.87455
48300 -16270.4 -20128.3 298.745 218.018 0.877044
48400 -16303 -20110.9 294.871 184.166 0.878352
48500 -16280.9 -20121.4 297.4 141.087 0.877827
48600 -16237.2 -20074.4 297.145 -200.345 0.875966
48700 -16134.4 -20025 301.273 76.4019 0.874877
48800 -16083.6 -19951.6 299.52 45.2605 0.873363
48900 -16080.8 -19948.6 299.506 -53.1462 0.870988
49000 -16117.4 -20015 301.821 -225.162 0.868825
49100 -16202.4 -20036.3 296.878 -122.05 0.868405
49200 -16242.7 -20066.8 296.121 -9.48174 0.869089
49300 -16245.1 -20087.5 297.546 -290.093 0.87073
49400 -16231.1 -20075.2 297.678 -13.0728 0.875181
49500 -16158.8 -20031 299.848 227.445 0.879547
49600 -16127.7 -20030.1 302.19 336.785 0.881614
49700 -16199.6 -20020.1 295.844 -7.94865 0.880811
49800 -16228.3 -20037.5 294.973 -113.042 0.879793
49900 -16137.5 -19992.8 298.535 39.6655 0.879655
50000 -16043.5 -19942.5 301.927 -56.0763 0.879356
50100 -16070.3 -19944.7 300.019 8.73873 0.879559
50200 -16152.6 -20044.8 301.394 22.7133 0.879683
50300 -16248.3 -20130.5 300.62 -45.668 0.879634
50400 -16292.7 -20086.2 293.751 205.403 0.879548
50500 -16243.4 -20078.8 296.996 -221.734 0.878279
50600 -16170 -20018.6 298.024 -177.033 0.878721
50700 -16137.5 -20061 303.824 128.547 0.880869
50800 -16179.7 -20031.7 298.286 80.021 0.881977
50900 -16208.4 -20081.1 299.888 12.5888 0.882515
51000 -16262.3 -20123.3 298.986 71.9606 0.883001
51100 -16331.7 -20157.8 296.279 81.591 0.882663
51200 -16370.3 -20181.4 295.118 49.5589 0.881604
51300 -16296.2 -20148.3 298.293 -50.7379 0.879911
51400 -16198.9 -20063.8 299.281 -89.1922 0.878256
51500 -16174.6 -20038.8 299.231 32.7354 0.87732
51600 -16177.3 -20028.9 298.256 114.447 0.876042
51700 -16201.1 -20015.2 295.351 -160.406 0.873595
51800 -16173.1 -20022.6 298.092 -174.999 0.872248
51900 -16110.8 -19991.8 300.532 -194.065 0.872545
52000 -16105.4 -20012.4 302.541 -48.89 0.874863
52100 -16224.5 -20086.1 299.028 179.186 0.878129
52200 -16270.4 -20076.8 294.754 22.6169 0.880379
52300 -16219.4 -20075.2 298.578 139.48 0.882251
52400 -16188.5 -20094.6 302.479 228.795 0.882978
52500 -16275.5 -20133.8 298.772 178.184 0.881335
52600 -16340.4 -20166.3 296.263 -65.5367 0.877812
52700 -16330.4 -20164.2 296.875 -67.2868 0.874308
52800 -16294.6 -20144.4 298.119 -152.026 0.871507
52900 -16228.9 -20097.7 299.585 -156.247 0.8702
53000 -16126.2 -20022.2 301.691 -234.747 0.870691
53100 -16090 -20010.6 303.596 119.53 0.87315
53200 -16210.2 -20073.3 299.139 -134.788 0.875286
53300 -16268.7 -20126.1 298.705 116.69 0.878023
53400 -16306.6 -20167.2 298.956 211.311 0.880066
53500 -16367.3 -20177.7 295.07 307.497 0.879858
53600 -16380.1 -20199.8 295.79 -33.2105 0.877052
53700 -16301.9 -20138.7 297.106 -7.8358 0.874196
53800 -16198.2 -20032.6 296.92 -163.326 0.871618
53900 -16146.3 -20010.8 299.245 -231.942 0.870516
54000 -16132.8 -19996.3 299.175 52.2651 0.871362
54100 -16182.2 -20028.5 297.838 108.264 0.872153
54200 -16291.8 -20099.7 294.874 -190.496 0.872099
54300 -16313.2 -20125.9 295.239 80.4007 0.873262
54400 -16272.9 -20136.3 299.166 104.682 0.874157
54500 -16251.7 -20105.7 298.443 57.16 0.874017
54600 -16199.7 -20068.7 299.597 -116.614 0.873372
54700 -16146.8 -20063.3 303.279 -83.7521 0.873563
54800 -16185.5 -19979.5 293.8 -191.088 0.874972
54900 -16171.9 -20051 300.387 22.3122 0.878507
55000 -16188.3 -20015.5 296.363 277.427 0.882615
55100 -16222.7 -20064.5 297.491 127.499 0.885054
55200 -16256.7 -20094.3 297.164 251.622 0.886053
55300 -16309.7 -20131.9 295.981 -88.9801 0.884908
55400 -16336.8 -20141.5 294.623 -207.933 0.884113
55500 -16267.2 -20114.6 297.923 289.637 0.884806
55600 -16167.1 -20029.6 299.098 -75.6622 0.883567
55700 -16143.2 -20028.5 300.858 -146.962 0.882302
55800 -16184.8 -20028 297.608 -38.3035 0.882489
55900 -16226.6 -20068.9 297.532 135.146 0.883253
56000 -16272.8 -20089.7 295.563 35.0203 0.882857
56100 -16373.6 -20140.1 291.663 -129.486 0.882015
56200 -16344.5 -20155.4 295.104 8.66337 0.8822
56300 -16259.4 -20114.6 298.529 230.328 0.882042
56400 -16227.9 -20070.8 297.577 23.9871 0.880037
56500 -16201.9 -20050.2 297.999 40.0693 0.877129
56600 -16119.1 -19987.6 299.566 -29.7142 0.873688
56700 -16029 -19951.6 303.753 21.3017 0.870232
56800 -16069.7 -19932.1 299.092 -327.962 0.866838
56900 -16115.7 -19939.4 296.1 -345.327 0.866203
57000 -16112.5 -19935 295.994 -214.1 0.869218
57100 -16008.7 -19936 304.12 338.242 0.873818
57200 -15997.7 -19942.6 305.472 67.5634 0.87599
57300 -16107.4 -20017.3 302.764 56.6477 0.877017
57400 -16205.4 -20079.5 299.995 81.3725 0.877324
57500 -16270.4 -20083.3 295.255 -159.397 0.877218
57600 -16240.3 -20036.6 293.972 -230.301 0.878639
57700 -16151.4 -20024.2 299.89 90.4251 0.881802
57800 -16149.9 -20021.6 299.81 271.307 0.884149
57900 -16175.1 -19995.8 295.86 349.544 0.883716
58000 -16157.4 -20025.1 299.502 -72.897 0.880323
58100 -16140.6 -19988.4 297.955 -13.2285 0.877326
58200 -16110.5 -19986.8 300.162 -70.3426 0.875125
58300 -16113 -19961.6 298.026 -106.04 0.873774
58400 -16140.1 -19989.5 298.078 17.0414 0.873426
58500 -16193.1 -20016 296.03 22.9733 0.872867
58600 -16231 -20000.9 291.927 -203.925 0.872422
58700 -16139.3 -20009.7 299.707 145.361 0.873569
58800 -16098.5 -19984.3 300.9 -23.7189 0.873897
58900 -16123.9 -19981.4 298.716 -213.805 0.874415
59000 -16162.2 -20018.1 298.584 134.986 0.876271
59100 -16211.1 -20023.5 295.22 -92.8179 0.877273
59200 -16238.9 -20035.1 293.958 68.1487 0.878644
59300 -16206.5 -20070.3 299.193 165.286 0.879239
59400 -16170.7 -20038.7 299.526 -41.2963 0.878518
59500 -16182.4 -20055 299.874 223.358 0.877865
59600 -16256 -20060.9 294.637 -68.5797 0.875727
59700 -16270.6 -20099.2 296.471 -180.174 0.87421
59800 -16198.9 -20076.6 300.271 130.63 0.874298
59900 -16098.2 -19994.9 301.746 327.557 0.873137
60000 -16091.1 -19951.8 298.96 -12.6451 0.869478
60100 -16102.1 -19902.4 294.279 -373.317 0.866798
60200 -15982.5 -19891.7 302.711 -68.0102 0.867454
60300 -15934.1 -19844.1 302.772 184.763 0.868634
60400 -16007 -19883.8 300.203 147.114 0.868027
60500 -16068.3 -19932.7 299.247 -139.941 0.866517
60600 -16108.7 -19958.5 298.113 -21.0408 0.866013
60700 -16148.7 -19976 296.374 -279.464 0.86639
60800 -16161.1 -19984 296.026 65.9451 0.868561
60900 -16113.5 -19960.6 297.901 -15.8755 0.870587
61000 -16047.3 -19955.6 302.645 388.504 0.871844
61100 -16080.7 -19927.8 297.905 71.582 0.869695
61200 -16139 -19955.1 295.509 -365.942 0.867341
61300 -16186.2 -20002.1 295.492 -78.8001 0.868227
61400 -16220.8 -20014.3 293.751 -62.1626 0.870163
61500 -16166.5 -19987.6 295.892 110.046 0.872341
61600 -16076.7 -19951.7 300.068 57.9224 0.873636
61700 -16051.5 -19925.6 299.991 -104.365 0.87449
61800 -16098.7 -19986.4 301.046 280.675 0.875538
61900 -16213.1 -20046.2 296.82 -58.8259 0.874476
62000 -16211.4 -20007.7 293.971 -84.7767 0.873632
62100 -16148.8 -20044.8 301.697 -65.2613 0.873939
62200 -16162.7 -20026.3 299.181 -98.7516 0.874753
62300 -16244.9 -20040.1 293.884 -22.7486 0.876312
62400 -16322.2 -20101.6 292.656 54.978 0.878275
62500 -16332.3 -20148.1 295.482 -2.55241 0.880096
62600 -16258.6 -20114.1 298.555 335.154 0.881256
62700 -16192.2 -20066 299.973 153.389 0.879782
62800 -16197.9 -20093.8 301.683 279.461 0.876439
62900 -16296.1 -20098.8 294.464 -244.624 0.871093
63000 -16301.6 -20101.8 294.269 -292.155 0.867742
63100 -16256.4 -20087.3 296.657 -217.962 0.8677
63200 -16222.3 -20064.5 297.523 26.3364 0.869494
63300 -16180.2 -20013.8 296.858 3.57127 0.870995
63400 -16100 -19980.2 300.467 -41.9571 0.872619
63500 -15999.1 -19932.1 304.554 -18.9417 0.874166
63600 -15903.8 -19863.8 306.642 204.513 0.875671
63700 -15969.5 -19905.7 304.799 -26.1859 0.875775
63800 -16091.7 -19972.8 300.536 -201.045 0.875925
63900 -16168.2 -20004.6 297.082 90.3785 0.877608
64000 -16216.4 -20047.1 296.638 -138.389 0.879112
64100 -16244.1 -20109.6 299.33 313.403 0.88086
64200 -16322 -20172.4 298.155 216.559 0.879968
64300 -16392.3 -20164.6 292.116 39.6457 0.87705
64400 -16334.1 -20149.9 295.475 -134.757 0.874116
64500 -16281.5 -20137.8 298.623 85.2023 0.872377
64600 -16278.1 -20145.1 299.446 -169.097 0.870803
64700 -16293.1 -20118.3 296.211 -5.98265 0.870586
64800 -16275.9 -20116.7 297.416 -37.8048 0.870711
64900 -16210 -20069.5 298.865 191.265 0.870611
65000 -16155.7 -20043.7 301.072 54.293 0.869174
65100 -16190.9 -20059.5 299.574 -404.173 0.868133
65200 -16271.7 -20074.6 294.487 -175.853 0.870188
65300 -16277.3 -20108.6 296.68 55.5371 0.873453
65400 -16196.6 -20085.2 301.117 139.57 0.875729
65500 -16101.9 -20027.8 304.007 181.874 0.876365
65600 -16144.3 -20003.8 298.867 29.9976 0.875251
65700 -16189.4 -19999.5 295.039 73.2512 0.873757
65800 -16159 -20013.3 298.459 115.51 0.871697
65900 -16053.6 -19974.9 303.657 13.5995 0.868811
66000 -15950.3 -19865.8 303.202 -177.058 0.86632
66100 -15985.1 -19908.5 303.818 -191.265 0.865679
66200 -16069.1 -19956.7 301.038 -30.3263 0.866801
66300 -16130.8 -19992.9 299.065 71.8822 0.868049
66400 -16191.9 -20021.6 296.554 -65.2204 0.868616
66500 -16214.4 -20020.2 294.702 -246.65 0.869926
66600 -16141.8 -20033.8 301.381 -5.16239 0.873452
66700 -16056 -19921.9 299.36 157.338 0.876999
66800 -16019.4 -19936.1 303.295 31.3041 0.879167
66900 -16145.6 -20021.7 300.149 140.759 0.880709
67000 -16230.4 -20025.4 293.876 23.1806 0.881088
67100 -16192 -20022.6 296.625 36.4202 0.881081
67200 -16122.7 -20001.9 300.387 196.493 0.880449
67300 -16132 -20027.8 301.675 -42.8273 0.878391
67400 -16229 -20053.4 296.15 83.1562 0.876323
67500 -16263.3 -20061.4 294.111 239.533 0.873437
67600 -16214.7 -20024.8 295.045 -243.876 0.868879
67700 -16160.5 -19996.8 297.068 -347.378 0.86678
67800 -16119.8 -19982.4 299.101 107.743 0.867691
67900 -16107.9 -19986.4 300.337 -16.7856 0.868092
68000 -16188.8 -19969.7 292.774 -340.141 0.869051
68100 -16239.7 -20067.8 296.437 184.973 0.872056
68200 -16250.4 -20104.2 298.418 131.128 0.87379
68300 -16311.6 -20113.6 294.414 156.645 0.87394
68400 -16327.9 -20105.4 292.516 -68.2741 0.873007
68500 -16228.6 -20088 298.861 185.069 0.871944
68600 -16192.7 -20053.6 298.974 -31.6781 0.869891
68700 -16206.9 -20064.1 298.688 -85.4145 0.86825
68800 -16245 -20032.5 293.287 -292.42 0.867793
68900 -16215.1 -20083.9 299.581 83.4769 0.869751
69000 -16164.4 -20057 301.426 198.036 0.870814
69100 -16198.3 -20040.6 297.533 -261.322 0.870564
69200 -16250.8 -20029.9 292.638 -7.30499 0.872016
69300 -16196.3 -20032.5 297.061 212.898 0.873568
69400 -16102.8 -19977.6 300.049 161.861 0.873094
69500 -16094.9 -19955.5 298.954 -108.194 0.871254
69600 -16125 -19975.9 298.203 -50.1413 0.87027
69700 -16230 -20056 296.275 -264.419 0.870535
69800 -16279.5 -20067.1 293.302 -1.29518 0.872714
69900 -16229.4 -20050.1 295.867 102.801 0.87479
70000 -16172.1 -20026.5 298.464 85.2699 0.875858
70100 -16158.1 -19993.4 296.994 84.8231 0.875749
70200 -16155.4 -20032.4 300.22 -148.338 0.875177
70300 -16156.7 -19961.7 294.644 110.336 0.875689
70400 -16045 -19981 304.785 345.877 0.875102
70500 -15972.5 -19854.1 300.576 -140.068 0.872029
70600 -15982.9 -19850.7 299.508 -107.324 0.870316
70700 -16025.8 -19923.9 301.852 -44.5862 0.86988
70800 -16090.5 -19950.4 298.897 -232.142 0.870248
70900 -16132.4 -20029 301.735 420.452 0.871586
71000 -16208.1 -20051 297.578 15.0756 0.870089
71100 -16224.2 -20032.8 294.918 -159.266 0.868414
71200 -16174.2 -19995.7 295.921 -186.236 0.868416
71300 -16107.9 -19944.2 297.074 47.9901 0.870029
71400 -16091 -19965 299.992 78.0994 0.871114
71500 -16130.6 -20013.9 300.71 -97.4544 0.871623
71600 -16218.4 -20084.2 299.348 127.813 0.87256
71700 -16278.1 -20113.2 296.976 -31.0074 0.872638
71800 -16279 -20109.3 296.608 39.3622 0.872722
71900 -16242.5 -20090.7 297.994 97.9365 0.872383
72000 -16141.7 -20009.1 299.478 -156.497 0.871586
72100 -16059.7 -19947.1 301.025 92.7904 0.871704
72200 -16079.7 -19954.4 300.043 3.21365 0.871361
72300 -16141.8 -20001.9 298.915 -101.85 0.87083
72400 -16224.1 -20086.6 299.094 8.32586 0.870997
72500 -16265.6 -20132.7 299.454 -254.993 0.871635
72600 -16292.2 -20107 295.398 -70.9948 0.874604
72700 -16250.6 -20090.1 297.319 -23.4155 0.878691
72800 -16184.5 -20104.1 303.517 189.066 0.882388
72900 -16227.7 -20074.3 297.864 185.719 0.884375
73000 -16240 -20084.7 297.72 255.992 0.884231
73100 -16254.3 -20113.6 298.849 -87.1665 0.88227
73200 -16286.1 -20084.9 294.167 36.8589 0.880642
73300 -16222.6 -20082.7 298.912 -17.2347 0.879075
73400 -16130.1 -20012.3 300.624 79.7688 0.877346
73500 -16123.4 -19987.1 299.189 -74.4628 0.875123
73600 -16144.7 -19986.4 297.486 -379.813 0.874013
73700 -16209.6 -20029.1 295.77 -190.056 0.876331
73800 -16309.9 -20123.6 295.319 215.003 0.880293
73900 -16333.4 -20158.5 296.198 100.698 0.88242
74000 -16300.1 -20156.5 298.622 118.278 0.883063
74100 -16214.9 -20086.9 299.827 126.613 0.882575
74200 -16126.3 -20001.4 300.074 230.904 0.880734
74300 -16120.7 -20025.2 302.347 -183.673 0.877455
74400 -16180.3 -20043.4 299.144 -14.6012 0.875687
74500 -16207.1 -20060.3 298.378 57.1176 0.874478
74600 -16214.5 -20037.7 296.057 -194.106 0.873161
74700 -16178.3 -20042.9 299.265 26.4825 0.873274
74800 -16110.1 -20001.5 301.335 -130.606 0.873481
74900 -16052.7 -19962.8 302.782 147.206 0.874279
75000 -16086.9 -19929.8 297.581 -25.0893 0.874236
75100 -16180.2 -20000.5 295.828 104.126 0.87405
75200 -16215.9 -20035.2 295.748 -46.4881 0.873363
75300 -16174.6 -20005.6 296.653 -85.1608 0.873029
75400 -16043.1 -19929.8 300.969 -137.223 0.873645
75500 -16033.8 -19936.3 302.189 122.572 0.875028
75600 -16110.6 -19982.7 299.843 72.8801 0.875584
75700 -16190.7 -20042.7 298.285 37.4052 0.875379
75800 -16214.5 -20013.3 294.16 32.9559 0.874668
75900 -16165.7 -20015.7 298.127 -85.1935 0.873767
76000 -16116.6 -19950.8 296.91 -58.3835 0.87377
76100 -16089.3 -19974.7 300.876 -50.8524 0.874397
76200 -16116.3 -19989.8 299.949 -134.486 0.875542
76300 -16167.6 -20033.5 299.36 -61.5001 0.877796
76400 -16233.5 -20068.7 296.984 285.233 0.880096
76500 -16266.4 -20079 295.231 213.553 0.87985
76600 -16188.6 -20051.6 299.139 -109.568 0.87773
76700 -16100.3 -19996.5 301.702 36.08 0.8764
76800 -16132.4 -19983.4 298.206 -115.623 0.875553
76900 -16175.9 -20008.1 296.751 -32.7443 0.875541
77000 -16203.4 -20032.2 296.483 88.6194 0.875822
77100 -16239.6 -20081.1 297.467 -88.5593 0.875621
77200 -16289.6 -20089.5 294.255 -51.6451 0.875918
77300 -16264.1 -20111.6 297.935 -255.999 0.877099
77400 -16187.5 -20058.3 299.745 26.0004 0.879978
77500 -16134.3 -20025.6 301.325 125.34 0.882279
77600 -16184.8 -20007.8 296.04 -33.9219 0.883349
77700 -16277.7 -20074.7 294.023 92.8685 0.884358
77800 -16280.3 -20119.2 297.268 257.837 0.884308
77900 -16224.6 -20108.7 300.767 127.36 0.882129
78000 -16135.6 -20017.3 300.581 162.249 0.878375
78100 -16079.2 -19961.5 300.635 -209.112 0.873903
78200 -16090.7 -19973.3 300.654 -100.447 0.87134
78300 -16208.5 -20028.5 295.808 -263.619 0.870547
78400 -16236.1 -20081.4 297.767 59.3567 0.871701
78500 -16236.5 -20079.2 297.561 14.1808 0.872577
78600 -16244.6 -20090.7 297.826 45.4781 0.873268
78700 -16252 -20090.7 297.258 89.7976 0.873345
78800 -16259.3 -20116.8 298.71 -55.3872 0.872758
78900 -16280.7 -20071.1 293.521 -64.5388 0.872635
79000 -16200.5 -20040.1 297.318 -108.766 0.873219
79100 -16136.3 -20006.4 299.683 282.096 0.874203
79200 -16151.5 -20041.2 301.2 -54.0731 0.873429
79300 -16237.4 -20062.7 296.218 -11.8656 0.872854
79400 -16266.4 -20108.7 297.53 108.667 0.872087
79500 -16262.7 -20054.6 293.628 -162.448 0.870695
79600 -16207 -20079.3 299.856 2.64958 0.870343
79700 -16206.2 -20061.6 298.541 -146.491 0.870473
79800 -16222.9 -20051.5 296.474 -146.234 0.872085
79900 -16171.9 -20009.2 297.141 104.225 0.875136
80000 -16057.9 -19983.4 303.978 167.105 0.877584
80100 -16091.1 -20000 302.689 211.242 0.87834
80200 -16183.8 -20057.7 299.982 -18.2841 0.877177
80300 -16245.2 -20087.1 297.506 11.45 0.875835
80400 -16254.6 -20043.6 293.412 33.664 0.874401
80500 -16165.7 -20035.7 299.681 4.42761 0.872329
80600 -16132.8 -20004.2 299.781 -118.808 0.870109
80700 -16136.8 -19989.9 298.367 -240.09 0.869152
80800 -16170.1 -20027.3 298.682 65.3066 0.869959
80900 -16230.7 -20032.6 294.411 7.73615 0.870851
81000 -16227.5 -20090.2 299.114 72.6966 0.871427
81100 -16197.3 -20007.1 295.016 -181.546 0.871707
81200 -16117.8 -20003 300.856 137.684 0.873219
81300 -16105.4 -19994.5 301.157 -125.184 0.874343
81400 -16177.6 -20001.9 296.136 133.1 0.876655
81500 -16224 -20026.4 294.446 -83.6424 0.878645
81600 -16164.3 -20044.2 300.448 48.6548 0.881193
81700 -16060.6 -19983.9 303.804 212.997 0.883653
81800 -16099.1 -19990.4 301.329 31.0095 0.884665
81900 -16234.9 -20094.7 298.885 274.784 0.885068
82000 -16257.7 -20082.6 296.18 -102.465 0.883317
82100 -16230.9 -20099.4 299.556 82.2933 0.881398
82200 -16213.5 -20046.4 296.804 -82.4869 0.879071
82300 -16169 -20043.7 300.046 -277.417 0.877496
82400 -16138.7 -20025.6 300.987 -108.653 0.878314
82500 -16171.7 -20009.7 297.203 368.228 0.879829
82600 -16251.5 -20086 296.929 -176.35 0.879052
82700 -16320.2 -20153.2 296.817 -151.893 0.879337
82800 -16345.2 -20148.3 294.496 119.663 0.880972
82900 -16249.6 -20119.1 299.643 79.984 0.881717
83000 -16171.9 -20055.3 300.715 102.302 0.88143
83100 -16202.2 -20093.3 301.314 -9.36084 0.880481
83200 -16293 -20128.4 296.996 75.0361 0.879205
83300 -16317.4 -20111.1 293.775 -49.6574 0.877401
83400 -16267.9 -20104.6 297.1 -209.886 0.87646
83500 -16227.2 -20095.5 299.539 26.9411 0.877083
83600 -16236.2 -20096 298.894 46.6414 0.877656
83700 -16248.3 -20073.4 296.196 -246.449 0.877893
83800 -16225.8 -20062.2 297.079 40.9242 0.880078
83900 -16220.7 -20096.5 300.126 73.7504 0.882343
84000 -16261.7 -20136.8 300.075 43.46 0.884159
84100 -16331.8 -20156.1 296.14 323.374 0.885271
84200 -16358 -20194.7 297.098 121.924 0.883607
84300 -16324.6 -20141.7 295.577 76.6363 0.880429
84400 -16181.1 -20029.7 298.021 64.8879 0.876095
84500 -16105.9 -19958.9 298.363 -245.713 0.871552
84600 -16056 -19924.9 299.592 -190.219 0.869361
84700 -16049 -19921.4 299.862 -136.268 0.869017
84800 -16116.9 -19976.3 298.858 -225.162 0.870421
84900 -16213.3 -20038.2 296.188 -20.882 0.873493
85000 -16239 -20081.9 297.576 207.739 0.876597
85100 -16235.5 -20069.8 296.914 29.2217 0.878189
85200 -16187.8 -20094.8 302.539 118.866 0.878877
85300 -16133.7 -20025.8 301.392 107.314 0.878602
85400 -16130.9 -20007.8 300.208 -156.217 0.877638
85500 -16210.2 -20099.4 301.165 245.835 0.877294
85600 -16297.7 -20102.9 294.661 101 0.875134
85700 -16282.2 -20098.9 295.556 -57.4335 0.872238
85800 -16195.5 -20014.4 295.716 -146.602 0.870366
85900 -16130.5 -19981.4 298.197 35.3952 0.869728
86000 -16118.2 -19979.3 298.989 104.309 0.869056
86100 -16137.5 -19980 297.549 -123.689 0.868125
86200 -16187.8 -20009.6 295.941 -137.909 0.868183
86300 -16256.1 -20081.2 296.198 -85.936 0.86935
86400 -16319 -20143.6 296.156 158.456 0.870779
86500 -16362.4 -20138.4 292.4 -102.198 0.871073
86600 -16261.3 -20080.7 295.759 -43.3313 0.871923
86700 -16171.4 -20032 298.956 232.385 0.872986
86800 -16148.7 -19990.1 297.466 26.0792 0.872077
86900 -16122.8 -20008.2 300.87 -166.846 0.870906
87000 -16146.5 -19974.8 296.452 -71.8751 0.871231
87100 -16186.3 -19960.7 292.28 12.7873 0.872467
87200 -16101.4 -19978.6 300.238 117.878 0.873219
87300 -16069.4 -19955.9 300.952 -503.046 0.873676
87400 -16113.7 -19992.7 300.379 -73.1053 0.878016
87500 -16189.2 -20069.5 300.475 299.81 0.883107
87600 -16225.5 -20056.6 296.668 308.841 0.884862
87700 -16222.4 -20101.9 300.412 120.134 0.883614
87800 -16268.7 -20134.7 299.366 95.879 0.881136
87900 -16357.6 -20154.9 294.045 -127.122 0.878137
88000 -16353.5 -20144.6 293.569 -136.623 0.876487
88100 -16289.5 -20113.9 296.153 -135.35 0.87638
88200 -16252 -20078.6 296.318 167.381 0.877104
88300 -16196.7 -20008.4 295.166 23.5227 0.876882
88400 -16118.1 -19992.2 299.999 -16.6911 0.87629
88500 -16111.5 -19981.1 299.643 -159.727 0.87594
88600 -16143.1 -19996.2 298.371 216.948 0.876568
88700 -16212.7 -20056.4 297.642 216.445 0.875459
88800 -16343.1 -20152.4 294.979 -95.6132 0.872492
88900 -16359.2 -20160.7 294.374 77.7236 0.870045
89000 -16290 -20096.1 294.73 -223.837 0.867354
89100 -16203.6 -20059.9 298.618 -178.871 0.866579
89200 -16176.7 -20028.2 298.243 25.5965 0.867737
89300 -16186.6 -20062.1 300.107 -37.4282 0.868971
89400 -16274.9 -20064.4 293.439 -63.3567 0.870312
89500 -16322.4 -20099.1 292.459 -143.777 0.872341
89600 -16224.4 -20116.5 301.391 102.888 0.875579
89700 -16180.1 -20068.1 301.074 183.711 0.877809
89800 -16219 -20092.9 299.975 224.001 0.878038
89900 -16254.1 -20065.5 295.139 -20.1148 0.876388
90000 -16215 -20032.9 295.64 -248.282 0.874999
90100 -16102.4 -20009.7 302.567 25.0437 0.875516
90200 -16119.3 -19992.8 299.947 113.635 0.876079
90300 -16161.1 -19990.8 296.553 -120.135 0.875813
90400 -16157 -20017.4 298.933 -158.854 0.876502
90500 -16160.4 -20026.7 299.396 151.171 0.878285
90600 -16230.1 -20057 296.335 7.96219 0.879178
90700 -16302.3 -20123.5 295.904 -14.161 0.879919
90800 -16310 -20125.5 295.457 64.6913 0.880572
90900 -16207.1 -20048.2 297.44 295.021 0.8803
91000 -16127.3 -19985.4 298.756 -204.308 0.878081
91100 -16116.9 -19983.3 299.403 109.952 0.876826
91200 -16141.3 -19986.5 297.757 -68.0921 0.875363
91300 -16192.2 -19981.5 293.428 -65.3464 0.874366
91400 -16170.1 -20008.7 297.244 -47.2534 0.873942
91500 -16098.5 -20017.5 303.474 -172.64 0.87437
91600 -16149.8 -20023.3 299.946 70.7198 0.876024
91700 -16231.1 -20059.3 296.443 -132.459 0.877536
91800 -16238.3 -20083.1 297.731 -68.2449 0.87996
91900 -16238.8 -20115.3 300.187 75.3723 0.882666
92000 -16315.1 -20128.2 295.278 238.763 0.884551
92100 -16399.9 -20181.8 292.852 186.527 0.884261
92200 -16356.7 -20171.1 295.379 -11.2937 0.882404
92300 -16225.1 -20135.6 302.81 194.905 0.880215
92400 -16244.6 -20081.8 297.134 112.085 0.876563
92500 -16250.2 -20060.4 295.048 -226.733 0.872821
92600 -16184.5 -20045.4 298.977 26.8548 0.870904
92700 -16115.8 -19983.7 299.513 80.8674 0.869163
92800 -16080.6 -19956.4 300.13 -133.619 0.867299
92900 -16118.8 -19978.1 298.847 7.08394 0.86647
93000 -16228.3 -20025.1 294.011 -242.802 0.866415
93100 -16214.3 -20006.4 293.645 113.506 0.868117
93200 -16123.2 -19974.3 298.216 312.048 0.868641
93300 -16079.2 -19940.4 298.996 11.5217 0.866263
93400 -16070.8 -19927.8 298.672 -373.568 0.864281
93500 -16111.1 -19968.9 298.734 75.5031 0.865253
93600 -16211.6 -19972.5 291.227 -166.81 0.866335
93700 -16166.2 -19974 294.863 -166.524 0.868523
93800 -16096.1 -19929.8 296.866 7.55985 0.872185
93900 -16079.1 -19988.4 302.719 87.3316 0.875597
94000 -16138.2 -19992.4 298.458 14.632 0.877754
94100 -16194.9 -20045.1 298.144 -35.4035 0.87933
94200 -16223.7 -20114.3 301.271 139.948 0.880833
94300 -16263.8 -20078.8 295.416 61.4975 0.881189
94400 -16246.2 -20068 295.946 -3.28342 0.881146
94500 -16183.7 -20073.5 301.214 228.923 0.880746
94600 -16171.6 -20042.3 299.736 131.552 0.878197
94700 -16212.6 -20025.8 295.281 -238.861 0.875041
94800 -16248.6 -20086.9 297.223 38.9525 0.87373
94900 -16267.9 -20119.8 298.28 -159.347 0.872723
95000 -16306.5 -20144 297.162 -317.572 0.873238
95100 -16343.5 -20124.5 292.782 149.977 0.876162
95200 -16267.1 -20107.7 297.398 131.822 0.87798
95300 -16184.3 -20033.6 298.075 118.153 0.87832
95400 -16155.2 -20033.7 300.341 76.2411 0.877673
95500 -16198.2 -20083.3 300.847 -198.853 0.876424
95600 -16296.7 -20107.8 295.118 1.5134 0.876703
95700 -16281.1 -20075.3 293.807 137.716 0.877245
95800 -16208.2 -20066.7 298.789 -54.3814 0.876801
95900 -16183.4 -20075.6 301.394 -3.7674 0.876444
96000 -16244.9 -20082.3 297.161 -262.455 0.876748
96100 -16319.5 -20098.6 292.64 177.43 0.878699
96200 -16254.8 -20112.3 298.709 -106.154 0.879701
96300 -16128.5 -20023.9 301.646 309.083 0.880972
96400 -16159.5 -20035.1 300.113 135.045 0.880014
96500 -16217.9 -20038.9 295.88 -25.2921 0.87748
96600 -16248.9 -20116.2 299.473 -91.5941 0.875226
96700 -16340.8 -20147.5 294.774 -262.131 0.873739
96800 -16391.7 -20188.2 293.985 -95.3711 0.874588
96900 -16310 -20131.3 295.907 63.4708 0.876701
97000 -16207.2 -20076.1 299.595 269.125 0.878088
97100 -16220.4 -20064.3 297.661 167.807 0.877004
97200 -16236.3 -20041.3 294.639 -29.1619 0.874251
97300 -16160.1 -19989.3 296.519 -52.3804 0.871561
97400 -16082.6 -19949.9 299.469 -41.0155 0.868907
97500 -16092.4 -19983.8 301.339 -119.677 0.866599
97600 -16154.7 -19947.6 293.711 67.3723 0.86502
97700 -16124 -19929.4 294.674 -165.252 0.862776
97800 -15993.2 -19831.7 297.236 -339.081 0.861625
97900 -15965.5 -19868.9 302.262 48.8457 0.863474
98000 -16033.3 -19881.7 298.004 18.1897 0.865951
98100 -16116.9 -19981.5 299.267 198.64 0.86858
98200 -16170.6 -19973.3 294.464 -121.284 0.870425
98300 -16129.3 -19957.7 296.452 62.1029 0.873359
98400 -16072.9 -20009.6 304.844 321.997 0.87609
98500 -16121.7 -19988.6 299.438 95.5294 0.876112
98600 -16149 -20017.5 299.564 35.7932 0.875224
98700 -16197.6 -20038.8 297.444 87.4504 0.87357
98800 -16235.9 -20051.3 295.455 -206.041 0.871038
98900 -16210.2 -20040.1 296.573 -168.551 0.870138
99000 -16103.2 -19973.2 299.683 107.61 0.870859
99100 -16058.1 -19955.4 301.792 136.439 0.870843
99200 -16129.1 -20013 300.754 21.0459 0.869429
99300 -16201.3 -20035.6 296.909 -192.398 0.867676
99400 -16212.5 -20056.8 297.685 -89.0402 0.867324
99500 -16214.9 -20071.6 298.654 -227.782 0.868397
99600 -16247.9 -20051.6 294.544 -11.3301 0.871667
99700 -16263.8 -20086.9 296.05 163.297 0.87548
99800 -16223.6 -20069.9 297.847 199.916 0.878079
99900 -16153.1 -20021.1 299.524 299.445 0.878317
100000 -16115.7 -20006.5 301.291 -45.4729 0.875881
100100 -16155.9 -19994 297.21 -244.871 0.873796
100200 -16267 -20083.1 295.51 -7.40573 0.873633
100300 -16289.7 -20088.6 294.174 -92.8867 0.87412
100400 -16220.8 -20081.2 298.939 15.6286 0.875335
100500 -16172.5 -20044.7 299.843 122.05 0.876275
100600 -16180.8 -20040.7 298.9 128.32 0.875943
100700 -16204.9 -20047.4 297.553 -6.18532 0.874418
100800 -16201.7 -20032.2 296.622 -172.897 0.873251
100900 -16158.4 -19980.6 295.977 -90.3851 0.873608
101000 -16088 -19965.2 300.235 -85.563 0.874856
101100 -16079.4 -19938.6 298.842 -48.0222 0.877413
101200 -16092.8 -19982.5 301.204 192.892 0.880384
101300 -16137.6 -19985.3 297.95 292.911 0.881652
101400 -16187.3 -20059.4 299.84 267.781 0.88027
101500 -16251.9 -20048.2 293.965 -2.23828 0.876112
101600 -16235.6 -20054.6 295.726 -362.795 0.8718
101700 -16191.6 -19998.3 294.778 -125.799 0.870213
101800 -16112.1 -19950 297.192 -70.6605 0.870159
101900 -16060.8 -19927.1 299.385 -147.774 0.871116
102000 -16062.4 -19944.7 300.632 4.87742 0.87328
102100 -16161.6 -20019.7 298.76 107.455 0.875717
102200 -16262.8 -20110.7 297.97 -33.858 0.877719
102300 -16262.4 -20066.6 294.583 63.8222 0.87984
102400 -16200.2 -20092.7 301.42 255.558 0.881295
102500 -16209.7 -20090.1 300.486 219.055 0.880573
102600 -16311.2 -20132.9 295.943 -136.77 0.877679
102700 -16342.5 -20159.7 295.588 -179.044 0.875237
102800 -16310.6 -20119.4 294.938 -84.7047 0.87445
102900 -16242.5 -20083.2 297.414 -15.6417 0.874617
103000 -16199 -20031.3 296.764 75.9918 0.874851
103100 -16168.5 -19991.8 296.057 58.7924 0.874429
103200 -16123.5 -19968.9 297.772 65.7382 0.873087
103300 -16092.6 -19968.7 300.144 -398.066 0.871397
103400 -16105.2 -19954.4 298.069 -209.248 0.872842
103500 -16120.3 -19998.5 300.314 155.815 0.876899
103600 -16142.8 -19993.5 298.18 210.647 0.880289
103700 -16185.3 -20063.2 300.291 404.093 0.881454
103800 -16278.5 -20092.3 295.326 103.203 0.879138
103900 -16285.3 -20084.3 294.182 -205.025 0.87563
104000 -16243.6 -20099.7 298.604 63.235 0.873473
104100 -16225.5 -20058 296.774 -84.0411 0.871151
104200 -16195.6 -20031.3 297.021 44.2164 0.869305
104300 -16119.7 -19987.8 299.528 -270.889 0.867641
104400 -16000.6 -19920.4 303.536 -198.462 0.868016
104500 -15997.8 -19905.1 302.569 -49.5268 0.870682
104600 -16042.9 -19930.1 301.007 -72.3179 0.874154
104700 -16124.5 -20032.7 302.638 120.077 0.877769
104800 -16224.2 -20075.5 298.224 -39.0829 0.880554
104900 -16262.1 -20089.7 296.395 331.278 0.882882
105000 -16248.7 -20094.4 297.793 179.562 0.882407
105100 -16200.8 -20096.6 301.674 62.5577 0.880182
105200 -16197.1 -20067 299.674 137.771 0.877418
105300 -16261.7 -20072 295.059 -178.805 0.873962
105400 -16282.8 -20099.6 295.561 -121.022 0.87206
105500 -16211.7 -20042.4 296.632 -167.831 0.871575
105600 -16112.7 -19998.5 300.901 77.7431 0.872583
105700 -16111.5 -19994.5 300.687 119.274 0.873062
105800 -16144.8 -19961.8 295.575 7.14659 0.872235
105900 -16122.7 -19964.1 297.463 -1.93458 0.871333
106000 -16012.3 -19896.3 300.759 -158.68 0.870523
106100 -15966.7 -19895.5 304.23 -54.2743 0.871059
106200 -16043 -19899.4 298.625 185.773 0.872262
106300 -16106.3 -19971 299.267 275.073 0.871645
106400 -16154.1 -19988.4 296.913 -91.1923 0.868753
106500 -16182.5 -20027.5 297.744 -257.88 0.86688
106600 -16254.4 -20042.9 293.367 11.5801 0.867193
106700 -16305.2 -20053 290.219 -106.276 0.867785
106800 -16214.1 -20081.5 299.478 1.3494 0.868945
106900 -16168.7 -20015.7 297.895 27.0761 0.86995
107000 -16162.8 -20014.9 298.293 -326.116 0.87134
107100 -16186.9 -20043.3 298.628 45.9802 0.874853
107200 -16278 -20102.9 296.188 68.6552 0.877919
107300 -16340.9 -20138.7 294.09 81.4745 0.879916
107400 -16292.8 -20107.9 295.429 187.832 0.880595
107500 -16213.8 -20094 300.469 -81.0604 0.879779
107600 -16214.7 -20073.1 298.782 -105.787 0.879607
107700 -16221.1 -20067.8 297.872 64.8094 0.880275
107800 -16244.2 -20088.2 297.667 19.4587 0.880733
107900 -16350.9 -20169.4 295.693 106.363 0.880786
108000 -16405.9 -20182.1 292.418 -90.6947 0.880153
108100 -16333.8 -20171.1 297.142 -0.0177554 0.88008
108200 -16278.2 -20141 299.123 22.3389 0.880021
108300 -16269.8 -20112.7 297.581 263.334 0.879415
108400 -16244.6 -20063.7 295.736 106.335 0.876863
108500 -16124.8 -20032.5 302.604 -32.9946 0.873229
108600 -16111.8 -19976.5 299.27 -288.36 0.870548
108700 -16140.5 -20008.4 299.519 -246.553 0.870673
108800 -16206.4 -19991.9 293.131 80.6663 0.872923
108900 -16245 -20048.4 294.524 400.39 0.874172
109000 -16205.5 -20069.5 299.215 -9.06245 0.872029
109100 -16144.8 -20000.8 298.591 -140.254 0.869821
109200 -16098 -19977.7 300.431 -34.81 0.86913
109300 -16121.5 -19997.9 300.172 172.972 0.86862
109400 -16231.6 -20062.2 296.629 -86.487 0.866955
109500 -16272.5 -20075.9 294.519 -149.324 0.865865
109600 -16233.9 -20070.1 297.058 -133.94 0.866252
109700 -16172.3 -20019.1 297.878 85.2249 0.867811
109800 -16126.6 -19982.5 298.591 13.1446 0.868725
109900 -16120.1 -19973.9 298.423 -394.813 0.870104
110000 -16131.7 -19993.9 299.074 140.513 0.874419
110100 -16166.5 -20005.1 297.248 344.126 0.877541
110200 -16223.9 -20049.8 296.261 184.819 0.877302
110300 -16304.5 -20087.6 292.949 148.918 0.875177
110400 -16276.6 -20096.3 295.782 80.605 0.87181
110500 -16172.5 -20064.2 301.363 -321.277 0.868195
110600 -16167.9 -20023.5 298.558 -83.6501 0.867334
110700 -16167.8 -19971.5 294.544 -24.8749 0.867607
110800 -16100.6 -19981.5 300.523 139.187 0.867932
110900 -16075.4 -19970.3 301.608 -94.486 0.867499
111000 -16199.9 -19997.9 294.104 -48.5229 0.867653
111100 -16234.3 -20016.6 292.886 162.676 0.867995
111200 -16167.9 -20048 300.458 -100.781 0.867142
111300 -16150.2 -20004.5 298.468 -106.423 0.867249
111400 -16163.7 -20017.7 298.441 194.353 0.868111
111500 -16218.9 -20046.7 296.416 -296.965 0.867792
111600 -16258.1 -20061.7 294.541 -23.8884 0.869377
111700 -16218.9 -20061.2 297.539 12.7065 0.87188
111800 -16133.1 -19998.8 299.347 255.863 0.873846
111900 -16083 -19978.4 301.644 -110.684 0.874053
112000 -16116.5 -19996.1 300.426 -28.2826 0.874924
112100 -16155.5 -19985 296.541 253.32 0.875794
112200 -16152.6 -19982.4 296.565 -250.921 0.87499
112300 -16128.7 -19978.7 298.133 121.358 0.875482
112400 -16087.2 -19961.1 299.978 33.1739 0.875632
112500 -16047.4 -19990.5 305.34 -70.0244 0.875352
112600 -16131.1 -19957.2 296.283 -137.175 0.875569
112700 -16191 -20007.5 295.534 7.42645 0.877336
112800 -16172.2 -20014.2 297.511 373.487 0.879412
112900 -16114.1 -20008.3 301.553 89.0105 0.878302
113000 -16099 -19960.4 299.01 -230.634 0.875776
113100 -16103.4 -19977.2 299.973 -60.6868 0.874521
113200 -16159.8 -20008.1 297.993 1.64002 0.873642
113300 -16220.7 -20036.3 295.468 -290.397 0.872811
113400 -16217.9 -20019.7 294.394 91.4332 0.874394
113500 -16110.9 -19998.6 301.047 322.141 0.875802
113600 -16090.2 -19995.7 302.426 128.911 0.874389
113700 -16143.8 -20002.7 298.822 -129.793 0.871293
113800 -16183.5 -20030.5 297.895 -99.4326 0.86889
113900 -16200.7 -20078.3 300.26 9.30108 0.86718
114000 -16247.5 -20096.2 298.024 -226.511 0.865626
114100 -16260.4 -20045.8 293.125 81.7986 0.865768
114200 -16207.8 -20066.8 298.825 -1.37353 0.865444
114300 -16174.7 -20019.5 297.724 -352.055 0.865167
114400 -16129.8 -19999.9 299.679 -55.297 0.868214
114500 -16073.1 -19955.2 300.62 263.599 0.87217
114600 -16034.2 -19950 303.222 183.764 0.873806
114700 -16099.6 -19964.5 299.28 -36.013 0.873776
114800 -16198.5 -20032.2 296.864 33.4121 0.873874
114900 -16216.5 -20033.3 295.557 -67.1797 0.873843
115000 -16192.9 -20087.6 301.591 -50.281 0.874243
115100 -16250.6 -20093.8 297.605 -75.9767 0.875292
115200 -16346 -20112.8 291.688 -183.865 0.877565
115300 -16300.4 -20111.7 295.134 103.007 0.881454
115400 -16235.8 -20122.6 300.983 341.558 0.884645
115500 -16263.7 -20134.8 299.763 310.982 0.884643
115600 -16294.3 -20096.9 294.454 285.634 0.881199
115700 -16257.6 -20074.3 295.553 -194.498 0.875401
115800 -16199.4 -20023.2 296.102 -275.237 0.87149
115900 -16178.8 -20083.5 302.361 -155.586 0.870647
116000 -16233.6 -20061.5 296.418 -53.4132 0.871324
116100 -16244.8 -20041.9 294.031 -224.199 0.872663
116200 -16152.8 -20040 301.011 39.2132 0.875513
116300 -16131.6 -20061.2 304.292 308.052 0.877663
116400 -16195.4 -20049.9 298.484 9.54228 0.877342
116500 -16244.3 -20075 296.638 23.4243 0.876676
116600 -16267.9 -20125.8 298.746 -73.0811 0.876006
116700 -16318 -20120.8 294.473 -14.9047 0.875848
116800 -16365.4 -20137.3 292.082 -18.1351 0.87589
116900 -16282.5 -20122.4 297.35 141.791 0.876077
117000 -16224.1 -20118.6 301.573 93.1501 0.875119
117100 -16251.8 -20077.9 296.277 -35.017 0.873272
117200 -16266.6 -20117.7 298.212 -15.9994 0.87196
117300 -16290.9 -20099.9 294.955 97.6917 0.870647
117400 -16246 -20053.3 294.817 82.9836 0.86848
117500 -16149.8 -20019.8 299.675 -7.70562 0.866061
117600 -16114.4 -19961.1 297.873 -60.749 0.863964
117700 -16085.2 -19940.7 298.561 -25.5337 0.862644
117800 -16022.3 -19944.3 303.703 53.3955 0.861588
117900 -16030.6 -19938.7 302.626 -293.067 0.860587
118000 -16142.4 -20001.7 298.849 -36.6402 0.861839
118100 -16188.5 -20019.5 296.659 -268.339 0.863905
118200 -16195.4 -20053.1 298.719 -58.9585 0.867473
118300 -16221.1 -20088.8 299.5 235.642 0.870951
118400 -16325.3 -20121.6 293.976 12.2273 0.87226
118500 -16342 -20175.9 296.88 -41.8944 0.873028
118600 -16294.1 -20108.1 295.336 87.0924 0.87375
118700 -16188.3 -20084.8 301.73 169.494 0.873655
118800 -16185.4 -20014.4 296.499 118.372 0.872094
118900 -16174 -20039.8 299.352 25.0689 0.869521
119000 -16204.1 -20093.4 301.17 -181.407 0.86736
119100 -16302.1 -20121.1 295.726 -320.792 0.867183
119200 -16310.6 -20105.5 293.863 27.3083 0.869378
119300 -16244.9 -20047.7 294.471 -217.956 0.872031
119400 -16185.7 -20050.2 299.255 -9.77422 0.876059
119500 -16201.4 -20069.4 299.524 207.123 0.88003
119600 -16266.9 -20135.7 299.579 364.481 0.881805
119700 -16337.6 -20125.8 293.344 182.781 0.879985
119800 -16322.3 -20140.2 295.642 51.4313 0.876382
119900 -16283.3 -20106.8 296.073 79.0101 0.872567
120000 -16251.7 -20073.4 295.938 -452.497 0.869127
120100 -16185.2 -20028.9 297.645 -30.1891 0.869397
120200 -16127 -20017.6 301.27 134.035 0.870273
120300 -16151.8 -20015.4 299.183 -118.793 0.870026
120400 -16247.2 -20090.5 297.612 -95.0458 0.870792
120500 -16332.6 -20112.8 292.724 -4.8432 0.872315
120600 -16294.5 -20118.5 296.118 -69.7039 0.873973
120700 -16219.9 -20086.7 299.43 -7.82813 0.87628
120800 -16197.3 -20069.5 299.85 95.8836 0.878401
120900 -16241.9 -20066.4 296.154 -81.7691 0.87981
121000 -16318.4 -20135.3 295.567 74.7996 0.881635
121100 -16411.1 -20236.1 296.197 110.179 0.882651
121200 -16477 -20285.7 294.932 147.054 0.882451
121300 -16446.8 -20234.3 293.295 -6.97916 0.881346
121400 -16324.9 -20156.3 296.687 136.749 0.879806
121500 -16268.9 -20098.8 296.573 -91.9179 0.877392
121600 -16215.7 -20101.5 300.899 -12.8147 0.875601
121700 -16220.5 -20079.8 298.851 -164.339 0.874298
121800 -16250.2 -20082.7 296.777 10.4878 0.874295
121900 -16289 -20121.7 296.796 -7.20257 0.87421
122000 -16345.2 -20154.9 295.009 -55.4632 0.874295
122100 -16348 -20147.3 294.203 -91.4427 0.875101
122200 -16244.7 -20075.4 296.636 230.169 0.876356
122300 -16162.3 -20009.6 297.914 58.9997 0.875953
122400 -16135.6 -20008.3 299.882 163.307 0.874568
122500 -16173.4 -20034.6 298.999 -37.3453 0.871955
122600 -16269 -20108.7 297.33 -30.5915 0.869317
122700 -16307.9 -20104.4 293.991 -165.704 0.867206
122800 -16276.4 -20083.5 294.81 -194.3 0.86667
122900 -16227.5 -20055.3 296.405 -198.587 0.8683
123000 -16171.6 -20031.8 298.913 46.9626 0.871551
123100 -16161.2 -20047.2 300.914 208.204 0.874452
123200 -16220.3 -20052.6 296.76 262.57 0.875253
123300 -16254.2 -20078.9 296.171 10.0426 0.873651
123400 -16189.7 -20043 298.384 33.276 0.87182
123500 -16071.2 -19943.8 299.878 46.0294 0.869807
123600 -16026.1 -19882.4 298.617 14.1431 0.867358
123700 -16006.2 -19906.3 302.009 -243.765 0.86518
123800 -16073.4 -19962.6 301.163 -110.114 0.86494
123900 -16168.3 -19996.1 296.409 -209.778 0.866182
124000 -16169.4 -19996.1 296.328 34.2347 0.868944
124100 -16126.4 -19967.9 297.469 -83.1899 0.871883
124200 -16042 -19954 302.937 310.999 0.875007
124300 -16024.4 -19927.3 302.227 282.089 0.875209
124400 -16147.2 -19953.8 294.767 -137.692 0.872907
124500 -16169 -20026.2 298.685 -106.879 0.871673
124600 -16188.2 -20016.5 296.444 -22.4235 0.871542
124700 -16173.5 -19945.6 292.098 -179.854 0.872202
124800 -16057.3 -19937.4 300.463 223.165 0.873825
124900 -16046.1 -19911.5 299.322 182.786 0.873534
125000 -16093.6 -19983.8 301.24 -78.6965 0.871764
125100 -16178.3 -19992.3 295.339 -34.6262 0.870645
125200 -16178.7 -19983.4 294.626 -59.9696 0.869919
125300 -16104.3 -19941.6 297.146 -105.171 0.869928
125400 -16058.1 -19924.3 299.384 12.9322 0.870863
125500 -16075.8 -19953.1 300.243 167.264 0.871502
125600 -16141.3 -19990 298.028 29.3964 0.87078
125700 -16187.5 -19992.7 294.656 60.7931 0.869346
125800 -16145 -19988.4 297.616 72.3848 0.867674
125900 -16001.8 -19891 301.164 -70.6279 0.865513
126000 -15989.6 -19899 302.729 -273.4 0.86433
126100 -16078.2 -19925 297.877 -268.399 0.865762
126200 -16131.6 -19977.5 297.811 -67.4587 0.8695
126300 -16186.7 -20055.9 299.618 1.01532 0.873704
126400 -16267.5 -20079.8 295.213 192.24 0.877015
126500 -16278 -20114.6 297.094 7.3494 0.878453
126600 -16270.9 -20117.4 297.86 118.283 0.879324
126700 -16264.7 -20128.2 299.178 266.388 0.878973
126800 -16283.9 -20122.8 297.272 83.876 0.876473
126900 -16281.1 -20100 295.721 -115.82 0.873567
127000 -16166 -20026.3 298.928 -59.9245 0.872048
127100 -16086.3 -19931.9 297.794 279.215 0.870952
127200 -16046.4 -19910.4 299.215 44.88 0.86791
127300 -16034 -19915.7 300.584 -191.883 0.864937
127400 -16115.3 -19972.8 298.709 -107.753 0.863985
127500 -16219 -20043.6 296.16 -124.454 0.864269
127600 -16217.4 -20040.8 296.068 -161.175 0.865694
127700 -16157.2 -19997.3 297.36 195.426 0.868021
127800 -16084.1 -19951.4 299.466 -55.9991 0.869036
127900 -16040.4 -19907.2 299.436 -90.4918 0.87038
128000 -16004.3 -19857 298.339 109.543 0.872309
128100 -15914 -19836.6 303.756 272.623 0.873136
128200 -15950.3 -19862.7 302.964 154.013 0.871463
128300 -16060.5 -19915.7 298.528 -147.204 0.868359
128400 -16115.6 -19941.8 296.281 -298.579 0.866831
128500 -16116.6 -19963.8 297.914 -99.292 0.86806
128600 -16087.5 -19946.3 298.817 101.894 0.870255
128700 -16050.4 -19939.3 301.136 103.351 0.871741
128800 -16061.4 -19942.3 300.524 232.694 0.871864
128900 -16141.9 -19957.2 295.447 79.999 0.869788
129000 -16180.3 -19973.5 293.732 -26.8413 0.866842
129100 -16102.4 -19943.3 297.426 -176.164 0.864735
129200 -16016.9 -19894.6 300.272 15.6533 0.863906
129300 -16033.8 -19909.1 300.089 -241.345 0.863334
129400 -16091.2 -19924.7 296.853 -54.5187 0.864797
129500 -16126.3 -19934 294.857 -39.9117 0.867112
129600 -16070 -19956.8 300.974 86.1646 0.869603
129700 -16002.3 -19929 304.067 324.775 0.870988
129800 -16060.6 -19885 296.145 -68.8656 0.869753
129900 -16128.9 -19974.1 297.756 -15.9416 0.868828
130000 -16207.6 -20005.1 294.068 -60.9128 0.868185
130100 -16305.9 -20033.5 288.655 -55.4448 0.867997
130200 -16292.4 -20073.1 292.764 29.7303 0.868597
130300 -16185 -20037.8 298.345 70.4677 0.868823
130400 -16144.5 -19975 296.626 45.0538 0.868331
130500 -16080.2 -19938.8 298.797 -64.1611 0.86773
130600 -16026 -19906 300.454 31.5562 0.867278
130700 -16058.4 -19928.1 299.655 -408.997 0.867148
130800 -16188.5 -19998.3 295.011 -78.6551 0.870322
130900 -16207.8 -20020.1 295.211 113.463 0.875043
131000 -16157.4 -20017.2 298.884 215.986 0.878673
131100 -16126 -20026.1 302.006 112.555 0.880391
131200 -16216.1 -20032.8 295.552 48.7863 0.880802
131300 -16288.1 -20070.4 292.887 -63.8792 0.880671
131400 -16247.9 -20078 296.589 154.789 0.881035
131500 -16207.3 -20048.9 297.484 131.936 0.880065
131600 -16181.4 -20016.2 296.953 -69.4723 0.877843
131700 -16152.1 -20000.1 297.97 31.5777 0.876001
131800 -16139.9 -19985.8 297.813 -133.892 0.874015
131900 -16123.1 -19942.5 295.761 -23.7106 0.872848
132000 -16092.1 -19948.7 298.638 -69.846 0.872248
132100 -16081.6 -19941.6 298.904 33.5221 0.872185
132200 -16095.8 -19928.2 296.771 -159.376 0.872166
132300 -16148.3 -19983.5 296.982 3.43713 0.873275
132400 -16208.1 -20000.8 293.692 -57.4498 0.875037
132500 -16172.5 -20002.6 296.585 25.6019 0.877429
132600 -16085.1 -19951.9 299.432 324.182 0.879517
132700 -16062.5 -19927 299.251 268.764 0.878838
132800 -16080.1 -19954.7 300.03 151.25 0.874986
132900 -16193.6 -20018.2 296.164 -139.804 0.869527
133000 -16244.1 -20026.1 292.859 -337.024 0.865193
133100 -16168.8 -19994.9 296.274 -201.563 0.863973
133200 -16105.7 -19977.1 299.792 -226.024 0.865287
133300 -16106.4 -19975.5 299.609 72.8764 0.868349
133400 -16177.9 -19997.2 295.748 -72.821 0.871225
133500 -16250.7 -20028.1 292.507 -249.941 0.87488
133600 -16202.3 -20044.5 297.519 156.729 0.879986
133700 -16176 -20095.8 303.53 283.295 0.883195
133800 -16205.9 -20020.2 295.362 116.293 0.883439
133900 -16206.2 -20104.8 301.888 4.92113 0.882477
134000 -16276 -20075.2 294.198 29.685 0.881505
134100 -16269.7 -20073.8 294.578 -54.8354 0.880732
134200 -16154.9 -20026.2 299.778 57.2823 0.88041
134300 -16126 -19986.5 298.938 247.596 0.87915
134400 -16130.5 -19952.5 295.963 -137.184 0.876612
134500 -16081.3 -19952.6 299.78 -65.3659 0.875144
134600 -16026.9 -19938.5 302.903 -61.2288 0.874394
134700 -16069.1 -19932.9 299.195 -21.0849 0.874222
134800 -16166.4 -19995.5 296.511 -40.1888 0.874469
134900 -16200.6 -20007.8 294.818 209.572 0.874715
135000 -16155.8 -19996.3 297.392 -162.53 0.873822
135100 -16054.3 -19951.2 301.761 72.5559 0.873843
135200 -16062.1 -19952.8 301.278 150.801 0.873274
135300 -16113.1 -19987.8 300.046 50.0956 0.871325
135400 -16173.2 -19997.6 296.15 -94.0723 0.86902
135500 -16183.7 -20030.7 297.891 -257.673 0.867849
135600 -16180.1 -20042.7 299.107 -32.6269 0.868728
135700 -16206.9 -20004.5 294.074 -181.672 0.870441
135800 -16185.5 -20027.4 297.502 166.562 0.873394
135900 -16132.8 -19995.5 299.111 162.819 0.875156
136000 -16093.6 -19975.1 300.572 -100.598 0.875574
136100 -16091.7 -19984.9 301.473 -64.2729 0.876447
136200 -16189 -20031 297.514 176.026 0.877716
136300 -16257.2 -20085 296.415 12.6474 0.877681
136400 -16262.7 -20079.3 295.548 95.0283 0.877089
136500 -16185.1 -20046.7 299.027 138.378 0.875734
136600 -16101.7 -19983.4 300.581 -92.0199 0.873201
136700 -16100.4 -19935.9 297.011 -223.506 0.871577
136800 -16080.5 -19927.4 297.895 205.924 0.87162
136900 -16052.5 -19899.4 297.893 112.569 0.870248
137000 -15966.5 -19882.2 303.212 -148.606 0.867897
137100 -15915.8 -19848.3 304.521 -47.575 0.866544
137200 -16013.2 -19888.5 300.083 178.681 0.865413
137300 -16087.7 -19934.4 297.876 -236.77 0.863035
137400 -16107 -19957.9 298.197 -134.052 0.86242
137500 -16141.5 -19977.1 297.019 -49.9682 0.86336
137600 -16187.1 -19991.8 294.619 -25.1908 0.864932
137700 -16173.2 -20020.3 297.907 261.422 0.866533
137800 -16108.2 -19967 298.806 -112.282 0.866459
137900 -16059.8 -19965.2 302.424 -106.621 0.86701
138000 -16130.1 -20011.9 300.592 14.0052 0.868927
138100 -16218.7 -20040.8 295.969 25.9672 0.871258
138200 -16206.6 -20025.1 295.69 133.114 0.873606
138300 -16155.8 -20032.5 300.191 279.953 0.874563
138400 -16145.6 -19995.3 298.111 -237.499 0.873743
138500 -16156.1 -20013.3 298.687 415.636 0.874046
138600 -16208.4 -20034 296.243 58.4129 0.871025
138700 -16239.7 -20057.1 295.605 -88.0134 0.866431
138800 -16199.4 -20028.5 296.511 -298.811 0.862676
138900 -16092.7 -19921.7 296.504 -187.612 0.861325
139000 -16039.8 -19937.4 301.818 -103.676 0.862184
139100 -16078.9 -19936 298.681 229.495 0.863825
139200 -16143.6 -20001.6 298.749 -16.8197 0.863807
139300 -16188.3 -19988.6 294.277 -305.909 0.864006
139400 -16164.9 -19989.4 296.157 116.919 0.866612
139500 -16151.8 -20005.4 298.402 -34.3427 0.869114
139600 -16135.1 -19980.3 297.757 -40.4152 0.871768
139700 -16099.8 -19977.5 300.276 426.455 0.874333
139800 -16111.6 -19999.1 301.034 225.07 0.873385
139900 -16216.6 -20063 297.855 -208.874 0.870378
140000 -16272.8 -20059 293.187 -123.935 0.868655
140100 -16219.6 -20060.2 297.402 -74.7051 0.868449
140200 -16149.3 -19986.2 297.116 -26.3434 0.869089
140300 -16112.6 -19972.7 298.919 -128.039 0.870107
140400 -16133.7 -20044 302.801 110.115 0.87211
140500 -16197.9 -20012 295.355 51.84 0.873423
140600 -16203.8 -20063.9 298.908 -39.0454 0.874373
140700 -16228.9 -20074.4 297.778 307.05 0.875433
140800 -16237.5 -20064.9 296.382 87.2422 0.87399
140900 -16131.9 -20042.4 302.82 -154.606 0.871161
141000 -16113.1 -20002.7 301.191 -155.311 0.869599
141100 -16182.9 -20002.1 295.749 -23.341 0.869487
141200 -16221 -20064 297.581 -141.108 0.869905
141300 -16261.5 -20078.4 295.568 -26.6365 0.871436
141400 -16327.8 -20114.4 293.221 14.8899 0.873717
141500 -16311 -20151.1 297.359 23.8793 0.876327
141600 -16241.7 -20112.8 299.758 297.289 0.878697
141700 -16194.4 -20067.9 299.956 172.317 0.878876
141800 -16189.9 -20054.8 299.279 204.98 0.876848
141900 -16223 -20070.6 297.94 -228.477 0.872894
142000 -16276.5 -20069.3 293.7 -235.818 0.870333
142100 -16239.8 -20050.4 295.082 -197.739 0.870024
142200 -16150.2 -20020.1 299.669 -13.7228 0.871701
142300 -16133.6 -19979.1 297.783 89.4978 0.873935
142400 -16137.4 -20013.4 300.137 178.866 0.87545
142500 -16232.8 -20047.8 295.421 -142.073 0.875791
142600 -16286.3 -20069.7 292.977 -15.7925 0.876742
142700 -16241.3 -20093 298.263 104.101 0.878258
142800 -16225.4 -20077.7 298.31 150.458 0.878879
142900 -16203.4 -20062.9 298.864 75.7203 0.8781
143000 -16097.8 -19980.5 300.663 -65.1469 0.876518
143100 -16038.6 -19974.8 304.801 -264.55 0.875619
143200 -16131.9 -20051.6 303.525 12.7545 0.876872
143300 -16214.6 -20077.4 299.122 78.9755 0.878221
143400 -16267.8 -20095.3 296.387 142.192 0.878823
143500 -16289.1 -20120.4 296.683 25.8536 0.878295
143600 -16265.1 -20095.9 296.644 -143.047 0.877488
143700 -16176.6 -20066.5 301.222 148.363 0.877368
143800 -16140.3 -20035.5 301.634 -67.4948 0.876571
143900 -16211.7 -20038.7 296.343 24.9282 0.876171
144000 -16281.5 -20106 296.158 -77.0201 0.875679
144100 -16285.9 -20110.6 296.167 9.61999 0.875533
144200 -16170.3 -20030.8 298.938 119.824 0.875347
144300 -16093.9 -20008.8 303.154 -200.633 0.874621
144400 -16149.8 -20025.9 300.153 45.2312 0.874958
144500 -16225.8 -20026.1 294.279 -134.347 0.875448
144600 -16214.9 -20062.6 297.954 237.66 0.87678
144700 -16190.4 -20069.4 300.374 67.0018 0.876373
144800 -16194.6 -20042.6 297.977 -346.102 0.875614
144900 -16224.5 -20069.8 297.763 138.399 0.87735
145000 -16262.5 -20043.6 292.792 68.1173 0.878445
145100 -16186.7 -20008.5 295.945 31.1607 0.878916
145200 -16125.6 -20046.6 303.624 -257.682 0.879411
145300 -16167.4 -19980.7 295.287 82.8648 0.881636
145400 -16161 -20033.3 299.855 253.261 0.883447
145500 -16179.3 -20043.7 299.245 15.5595 0.883255
145600 -16291.3 -20116.3 296.193 -109.428 0.882761
145700 -16329 -20132.1 294.498 268.72 0.882652
145800 -16284.6 -20164.2 300.419 -27.3634 0.880629
145900 -16268.3 -20105 297.094 -219.336 0.878501
146000 -16211 -20063 298.287 24.3234 0.878357
146100 -16138.7 -20022.1 300.715 177.729 0.877889
146200 -16143.7 -19999.8 298.601 -243.22 0.87624
146300 -16199.5 -20031.5 296.737 -154.349 0.876278
146400 -16282.7 -20087.7 294.645 -55.7897 0.878046
146500 -16301 -20110.7 295.008 318.934 0.880241
146600 -16201.3 -20077.1 300.123 -119.76 0.880158
146700 -16139.4 -20032.1 301.439 141.694 0.880246
146800 -16174.4 -20013.6 297.293 -0.448397 0.879516
146900 -16223.8 -20058.2 296.924 20.0178 0.87863
147000 -16305.4 -20077.8 292.123 -38.0249 0.877534
147100 -16340.1 -20120 292.704 -220.271 0.876847
147200 -16244.7 -20133.4 301.127 100.502 0.877867
147300 -16214.3 -20088.4 299.994 -18.5712 0.878546
147400 -16235.3 -20079.1 297.656 -125.047 0.879423
147500 -16269.4 -20116 297.868 210.394 0.881279
147600 -16387.5 -20154.1 291.673 109.078 0.881715
147700 -16383.8 -20175.2 293.59 89.4809 0.88086
147800 -16296.2 -20110.9 295.396 37.5972 0.879032
147900 -16244.1 -20089.7 297.792 27.5047 0.876394
148000 -16201.7 -20025 296.059 -172.393 0.873697
148100 -16134.3 -20016.5 300.627 -1.44336 0.872224
148200 -16129.3 -20008.8 300.414 99.7962 0.870752
148300 -16242.9 -20049.6 294.782 -62.7171 0.868476
148400 -16291.9 -20091.9 294.258 -471.363 0.867218
148500 -16242.6 -20097.4 298.501 -83.0474 0.869802
148600 -16223.5 -20121.2 301.827 103.782 0.873689
148700 -16306.7 -20128.5 295.944 68.1927 0.87662
148800 -16391.3 -20200.8 294.992 117.69 0.87861
148900 -16390.1 -20203.5 295.297 27.9912 0.879771
149000 -16354.4 -20162.9 294.916 197.052 0.880124
149100 -16291.1 -20111.8 295.856 -71.9677 0.879039
149200 -16225 -20051.6 296.32 -333.483 0.878576
149300 -16187.2 -20085.3 301.851 204.962 0.880626
149400 -16240.3 -20121.3 300.529 54.2864 0.88163
149500 -16295.2 -20142.8 297.948 -133.507 0.881935
149600 -16305.2 -20156 298.191 -11.3327 0.883235
149700 -16317.3 -20161.9 297.717 72.3684 0.884741
149800 -16354.6 -20167.6 295.268 168.66 0.885659
149900 -16372.5 -20154.6 292.874 -120.196 0.885325
150000 -16285.5 -20163.7 300.314 128.631 0.885597
150100 -16245.1 -20099.2 298.45 287.829 0.884579
150200 -16222.6 -20085.7 299.141 -184.488 0.881081
150300 -16194.3 -20073.6 300.392 -215.877 0.879148
150400 -16191 -20060.1 299.607 66.7203 0.879145
150500 -16232.1 -20069 297.112 -84.6675 0.878814
150600 -16276.6 -20087.9 295.134 -274.75 0.879301
150700 -16278.1 -20129.7 298.254 27.9747 0.882284
150800 -16262.6 -20166.6 302.313 301.689 0.885104
150900 -16357.7 -20220 299.085 -83.8552 0.885896
151000 -16416.6 -20210.4 293.781 96.2784 0.886739
151100 -16359.8 -20172.5 295.239 51.0483 0.88691
151200 -16282.3 -20138.5 298.612 320.809 0.886148
151300 -16255.6 -20078.8 296.057 -11.9024 0.882617
151400 -16209.7 -20060.3 298.181 -67.9427 0.878524
151500 -16145.2 -20004.4 298.839 -299.356 0.87502
151600 -16031.8 -19964.4 304.523 -37.8122 0.873709
151700 -15944 -19909.2 307.05 -26.7281 0.873367
151800 -16045.1 -19941.9 301.758 -0.628006 0.873045
151900 -16149.7 -20022.1 299.863 -36.506 0.87266
152000 -16215.3 -20008.1 293.7 -194.18 0.87275
152100 -16203.9 -20062.9 298.827 -35.2858 0.874589
152200 -16182.9 -20064.8 300.604 81.7441 0.877448
152300 -16237.5 -20072.7 296.984 211.304 0.879994
152400 -16306.1 -20119.9 295.327 81.8808 0.881183
152500 -16300.9 -20119.9 295.725 18.8073 0.881564
152600 -16201.9 -20080.9 300.378 244.842 0.881392
152700 -16129.4 -19998.7 299.623 -91.1807 0.87927
152800 -16132.8 -19994 298.994 -59.3605 0.877146
152900 -16192.5 -20028.7 297.058 -215.611 0.875582
153000 -16276.1 -20003.4 288.631 -273.373 0.875997
153100 -16202.3 -20047.5 297.759 293.908 0.878687
153200 -16169.4 -20024.3 298.509 -21.4778 0.879796
153300 -16182 -20057.1 300.077 140.343 0.880498
153400 -16237.5 -20070.7 296.825 51.2667 0.880127
153500 -16310.3 -20127.9 295.616 180.437 0.878717
153600 -16390.1 -20183.2 293.722 -38.0445 0.875942
153700 -16453.2 -20218.6 291.581 -417.403 0.873525
153800 -16400.5 -20175.3 292.306 -293.852 0.87483
153900 -16279.3 -20115.6 297.068 54.3503 0.878762
154000 -16215.8 -20061.1 297.767 149.389 0.882549
154100 -16167.9 -20023.7 298.578 337.265 0.884751
154200 -16135.8 -20017.2 300.562 159.194 0.883821
154300 -16127.5 -20020.7 301.481 62.2283 0.88116
154400 -16223.7 -20063.3 297.325 4.27672 0.878021
154500 -16292.6 -20085.4 293.696 -87.026 0.874979
154600 -16243 -20024.7 292.838 -238.935 0.873153
154700 -16163.7 -19996.1 296.766 33.6829 0.873376
154800 -16127.8 -20005.7 300.293 34.7494 0.873718
154900 -16125.7 -19964.2 297.239 -115.808 0.87367
155000 -16150.2 -20045.4 301.626 62.7006 0.874387
155100 -16275.7 -20130.5 298.497 40.242 0.874977
155200 -16309.9 -20101.7 293.618 150.109 0.874701
155300 -16231.1 -20050.8 295.781 -85.2905 0.873479
155400 -16151.2 -19993.9 297.567 133.294 0.872291
155500 -16110.5 -19966.9 298.628 -229.943 0.870612
155600 -16106.7 -19993.4 300.969 -45.8197 0.870715
155700 -16211.6 -20046.9 296.993 -76.0461 0.871636
155800 -16290.7 -20113.6 296.028 86.6706 0.873042
155900 -16270.3 -20066.6 293.97 -156.047 0.874177
156000 -16172.7 -19995.3 296.004 2.39007 0.876366
156100 -16133.6 -20010.8 300.23 274.683 0.878509
156200 -16147.5 -20001.2 298.418 94.1268 0.878548
156300 -16190.8 -20038 297.913 -135.932 0.877455
156400 -16276.4 -20056.6 292.729 -42.5447 0.877351
156500 -16253.7 -20062 294.906 -73.006 0.878254
156600 -16133.7 -20023.9 301.243 100.23 0.879981
156700 -16133.4 -20018 300.809 147.285 0.880886
156800 -16195.3 -20061.5 299.389 -89.6811 0.880525
156900 -16279.1 -20124.9 297.805 192.764 0.880342
157000 -16305.7 -20117.1 295.136 -166.645 0.878933
157100 -16280.4 -20156 300.116 128.006 0.878013
157200 -16288.8 -20100.7 295.181 -30.1484 0.876102
157300 -16200.2 -20054 298.423 -221.074 0.874056
157400 -16087.7 -19980.1 301.416 -171.729 0.873797
157500 -16127.3 -20024.9 301.815 -136.14 0.875431
157600 -16229.3 -20087.9 298.795 -53.8208 0.879046
157700 -16283.6 -20107.4 296.099 299.43 0.883277
157800 -16288.5 -20141.5 298.358 367.731 0.884906
157900 -16250.9 -20046.4 293.906 -8.96394 0.883183
158000 -16130.6 -20024.3 301.51 -6.81365 0.880869
158100 -16131.7 -20011 300.395 -132.39 0.878936
158200 -16199.1 -20024.7 296.244 -63.9754 0.878159
158300 -16246.6 -20093 297.848 91.0585 0.877919
158400 -16302.7 -20113 295.06 -63.048 0.87699
158500 -16383.9 -20162.2 292.579 -107.827 0.876617
158600 -16387.6 -20176.9 293.432 8.12331 0.877157
158700 -16274.7 -20090.9 295.513 80.0983 0.877569
158800 -16208.6 -20060.9 298.304 -64.1894 0.877237
158900 -16177.1 -20013.9 297.102 102.113 0.877373
159000 -16124.5 -20015 301.265 -41.1957 0.877031
159100 -16125.4 -20027.8 302.191 123.003 0.876309
159200 -16247.5 -20080.9 296.847 -122.972 0.874937
159300 -16295.1 -20129.8 296.949 -76.9496 0.874459
159400 -16284.3 -20098 295.313 156.714 0.874551
159500 -16198.1 -20063.9 299.355 -80.9862 0.87343
159600 -16133.9 -19979.5 297.786 -127.142 0.872692
159700 -16117.4 -19985.2 299.507 -29.7912 0.873336
159800 -16132.5 -19986.7 298.454 157.915 0.874253
159900 -16145.4 -20028.4 300.68 55.8281 0.873765
160000 -16203.8 -20053.8 298.133 -67.5133 0.872691
160100 -16230 -20064.9 296.958 92.5649 0.871789
160200 -16210.3 -20036 296.249 -338.272 0.870645
160300 -16153.3 -20015 299.032 -173.207 0.872105
160400 -16120.3 -20009.8 301.182 151.116 0.875699
160500 -16213 -20018.2 294.66 -115.73 0.878728
160600 -16295.3 -20087.3 293.634 196.887 0.882169
160700 -16265.8 -20065.1 294.203 153.678 0.884399
160800 -16219.1 -20110.4 301.33 219.285 0.884851
160900 -16233.9 -20046.9 295.264 119.675 0.883305
161000 -16195.9 -20037.6 297.491 -85.6571 0.880532
161100 -16143.4 -20025.7 300.63 -69.1191 0.878463
161200 -16173.8 -20026.5 298.333 231.989 0.876549
161300 -16311.9 -20082.3 291.961 -318.98 0.873345
161400 -16294.2 -20082.6 293.361 -238.082 0.872597
161500 -16206.5 -20062.8 298.618 121.504 0.874
161600 -16169.5 -20002 296.775 157.802 0.874811
161700 -16116.9 -19984.5 299.49 78.5618 0.874063
161800 -16062.7 -19915.3 298.332 -146.521 0.872285
161900 -15973.4 -19935 306.766 -129.172 0.872155
162000 -15961.5 -19873.1 302.902 118.849 0.87318
162100 -16066.4 -19966.5 302.003 -93.316 0.873312
162200 -16146.5 -20002.3 298.573 -52.9467 0.874029
162300 -16187.5 -20049.1 299.026 259.886 0.874996
162400 -16243.4 -20066.1 296.014 -73.4224 0.874296
162500 -16278.5 -20084.9 294.75 -44.2632 0.873708
162600 -16213 -20014.8 294.391 -49.6356 0.873672
162700 -16100.8 -19974.5 299.967 -13.078 0.874073
162800 -16089.1 -19981.3 301.398 -76.0354 0.874726
162900 -16166.3 -20032.5 299.387 170.729 0.876107
163000 -16242.4 -20087 297.708 98.1198 0.876363
163100 -16269 -20106.9 297.194 -45.3836 0.875318
163200 -16270.8 -20082.5 295.168 -156.329 0.874533
163300 -16169.4 -20056.2 300.976 57.5401 0.875091
163400 -16118.9 -20042.3 303.811 -140.142 0.87593
163500 -16185.6 -20042.5 298.666 105.524 0.877861
163600 -16228 -20060 296.734 335.711 0.87918
163700 -16232.5 -20078.8 297.844 97.8999 0.877297
163800 -16187.1 -19968.7 292.827 -276.347 0.874031
163900 -16053.6 -19953.5 301.993 -90.7492 0.872683
164000 -16085.9 -19980.7 301.596 97.1828 0.872402
164100 -16183.9 -20001.1 295.586 87.6081 0.871318
164200 -16198.7 -20039.3 297.406 21.0343 0.868932
164300 -16160.4 -20003.1 297.567 -307.444 0.866282
164400 -16085.1 -19980.9 301.682 -354.527 0.866612
164500 -16040.9 -19964.8 303.847 203.918 0.870269
164600 -16148.4 -19990.9 297.547 0.364387 0.872372
164700 -16214.7 -20062.2 297.936 -179.032 0.874284
164800 -16244.3 -20078.3 296.893 141.905 0.877928
164900 -16260.5 -20095.7 296.985 261.563 0.880113
165000 -16234.6 -20059.5 296.187 110.055 0.879737
165100 -16132.1 -19992.2 298.912 125.29 0.87831
165200 -16089.8 -19961.2 299.783 -69.5698 0.875834
165300 -16101.7 -19961.9 298.923 -95.5495 0.873739
165400 -16157.3 -19962.9 294.688 57.8115 0.872554
165500 -16222.1 -20051.2 296.512 -13.6934 0.871098
165600 -16289.2 -20085 293.93 45.319 0.86974
165700 -16341.1 -20160.8 295.785 -129.632 0.868309
165800 -16351.6 -20113.1 291.276 -220.078 0.867981
165900 -16233.4 -20081.4 297.974 -197.534 0.869704
166000 -16180.3 -20042.7 299.086 30.1187 0.87318
166100 -16187.4 -20047.9 298.948 314.754 0.876427
166200 -16237.3 -20062.5 296.209 -63.5492 0.877284
166300 -16298.5 -20136.9 297.235 36.2679 0.877956
166400 -16383.3 -20165.8 292.904 135.945 0.878221
166500 -16360 -20145.2 293.109 -3.55312 0.877542
166600 -16245.9 -20123.9 300.298 -18.2265 0.876773
166700 -16241.7 -20074.3 296.786 -58.6174 0.876139
166800 -16243.2 -20120.6 300.248 6.02767 0.876234
166900 -16296.4 -20138.6 297.525 76.8312 0.876208
167000 -16364.3 -20144.8 292.748 -21.3961 0.875304
167100 -16321.3 -20169.1 297.951 -27.5745 0.874579
167200 -16194.1 -20016.2 295.971 148.904 0.874093
167300 -16155.5 -20067.1 302.9 -18.8687 0.872367
167400 -16208.2 -20029.4 295.901 -79.3186 0.870429
167500 -16228 -20074.8 297.882 36.2728 0.868968
167600 -16245.7 -20069 296.057 -134.847 0.867415
167700 -16266.6 -20090 296.074 -201.785 0.867117
167800 -16238.2 -20082.3 297.676 -174.94 0.86882
167900 -16166.2 -20020.6 298.469 23.156 0.872383
168000 -16112.8 -20028.8 303.245 207.191 0.87625
168100 -16188.1 -20078.4 301.245 38.5965 0.878923
168200 -16267.9 -20129.7 299.044 137.046 0.881032
168300 -16299.9 -20154.5 298.481 104.497 0.882
168400 -16353.7 -20194.3 297.399 51.0407 0.882087
168500 -16394.7 -20170.1 292.35 12.5935 0.881592
168600 -16307.8 -20174 299.38 81.0044 0.88086
168700 -16235.6 -20099.5 299.205 -43.4004 0.879365
168800 -16216.8 -20028.8 295.184 -111.378 0.877699
168900 -16174.2 -20042 299.509 14.8941 0.87706
169000 -16164.7 -20044.4 300.427 223.07 0.87621
169100 -16272 -20109.9 297.191 -213.808 0.873432
169200 -16348.5 -20133.3 293.079 -133.188 0.871692
169300 -16297.5 -20110.9 295.3 -31.312 0.871194
169400 -16208.8 -20071.2 299.094 -203.706 0.87134
169500 -16191.7 -20061.2 299.64 -170.795 0.873441
169600 -16228.2 -20074.8 297.867 111.826 0.877437
169700 -16268 -20112.3 297.69 222.517 0.880774
169800 -16376.8 -20206.3 296.54 -84.293 0.882223
169900 -16436.7 -20226.4 293.46 97.8107 0.883978
170000 -16373.5 -20201.8 296.444 264.505 0.884964
170100 -16305 -20147.6 297.56 -70.6086 0.883856
170200 -16265.8 -20091 296.213 -43.5396 0.882959
170300 -16232.8 -20120.1 301.019 158.873 0.882501
170400 -16248.9 -20107.7 298.806 42.3827 0.880593
170500 -16253.9 -20094.8 297.426 -269.376 0.87804
170600 -16259.8 -20120.3 298.939 -170.732 0.877706
170700 -16283.3 -20114.6 296.683 -186.996 0.8798
170800 -16299.3 -20169.3 299.673 328.098 0.883111
170900 -16397.6 -20191.6 293.788 47.4187 0.884131
171000 -16409 -20219.4 295.06 -103.714 0.884537
171100 -16338 -20180 297.509 82.0296 0.885429
171200 -16267.9 -20117.1 298.068 -102.797 0.886085
171300 -16242 -20103.6 299.024 187.966 0.887206
171400 -16240.4 -20074.2 296.874 201.658 0.886646
171500 -16212.5 -20013.2 294.305 -184.367 0.884591
171600 -16120.9 -20024 302.245 3.74209 0.883665
171700 -16143.4 -20081.9 304.981 46.7663 0.882792
171800 -16230.9 -20065.4 296.934 -142.302 0.881795
171900 -16255.8 -20076.4 295.853 -29.4951 0.881971
172000 -16207.5 -20073.9 299.402 104.648 0.882311
172100 -16178.1 -20101.2 303.797 25.6946 0.881759
172200 -16290.8 -20114 296.05 88.958 0.880614
172300 -16323.8 -20131.3 294.836 332.239 0.878351
172400 -16275.5 -20113.8 297.226 -107.653 0.873086
172500 -16194.1 -20008 295.334 -338.85 0.8681
172600 -16141.5 -20032.2 301.283 -325.123 0.866547
172700 -16167 -20023.5 298.639 -137.763 0.868319
172800 -16193.6 -20019.6 296.271 55.9206 0.871426
172900 -16192.4 -20072.1 300.43 185.768 0.874038
173000 -16261.8 -20076.2 295.372 -42.8206 0.875156
173100 -16304.9 -20088.3 292.966 -39.0155 0.875961
173200 -16231.9 -20082.8 298.2 -29.9527 0.87741
173300 -16168.5 -20044.3 300.129 225.962 0.879018
173400 -16173.1 -20026 298.351 7.71497 0.878864
173500 -16182.1 -20014.5 296.767 -91.4143 0.878138
173600 -16170.3 -20032.1 299.043 42.5627 0.878039
173700 -16184 -20033.2 298.07 -97.3725 0.878008
173800 -16262.8 -20066.7 294.563 -23.9049 0.878615
173900 -16310 -20129.8 295.791 -23.2824 0.879741
174000 -16293 -20105.2 295.203 215.796 0.880749
174100 -16211.6 -20097.9 300.943 82.0407 0.880094
174200 -16187.2 -20039.8 298.326 -209.92 0.8787
174300 -16189.4 -20025.4 297.047 -176.132 0.879175
174400 -16137.9 -19990.6 298.338 133.861 0.881237
174500 -16081.7 -20017.9 304.81 383.72 0.881688
174600 -16155 -20005.7 298.185 -56.1424 0.878985
174700 -16221.4 -20043.1 295.939 -167.826 0.876702
174800 -16225.8 -20103.2 300.254 -91.1771 0.876061
174900 -16260.2 -20130 299.668 59.9561 0.876078
175000 -16305.3 -20131.6 296.294 12.3613 0.875812
175100 -16294.3 -20134.2 297.352 -111.802 0.875645
175200 -16255.4 -20058.9 294.528 -60.1447 0.876147
175300 -16175.5 -20045.2 299.657 3.56268 0.877323
175400 -16159.9 -20029.6 299.654 65.7367 0.878626
175500 -16181.7 -20023.1 297.465 -33.1886 0.879516
175600 -16215.9 -20094.6 300.357 120.733 0.880488
175700 -16356 -20135.8 292.697 20.8353 0.880708
175800 -16343.4 -20163 295.778 118.079 0.880294
175900 -16259.6 -20092.7 296.825 -26.3043 0.878863
176000 -16185.3 -20039.2 298.432 -152.807 0.87754
176100 -16154.9 -20050 301.627 121.887 0.877111
176200 -16208.5 -20061.9 298.393 190.468 0.875822
176300 -16314.3 -20121 294.774 -102.83 0.872669
176400 -16366.4 -20135.2 291.839 -88.6815 0.869915
176500 -16306.8 -20113.4 294.767 -426.602 0.868449
176600 -16212.8 -20033.7 295.88 -119.982 0.870379
176700 -16140.5 -20005.7 299.305 87.0893 0.874009
176800 -16134.7 -20023.6 301.147 82.9127 0.877431
176900 -16212 -20057.9 297.815 -3.10842 0.880154
177000 -16291.6 -20089 294.055 197.026 0.882636
177100 -16279.3 -20113.7 296.921 119.315 0.8837
177200 -16267.8 -20116.4 298.019 -72.411 0.883491
177300 -16243.6 -20062.8 295.737 60.6093 0.883622
177400 -16148.1 -20028.9 300.514 157.289 0.883354
177500 -16105.8 -19986.9 300.538 137.185 0.881508
177600 -16121 -19976.2 298.531 -73.4807 0.878145
177700 -16135.4 -19988 298.33 -49.5828 0.87502
177800 -16153.8 -19971.7 295.647 -86.5343 0.872396
177900 -16127.1 -20002.2 300.074 -257.262 0.870727
178000 -16071.9 -19902.1 296.596 -144.639 0.871361
178100 -15993.6 -19892.3 301.899 -0.107223 0.873619
178200 -16001 -19909 302.617 111.084 0.87614
178300 -16115.9 -20030 303.091 94.0321 0.87785
178400 -16198.5 -20046.9 298.007 142.18 0.878484
178500 -16237.4 -20054.3 295.566 112.013 0.877998
178600 -16226.5 -20059.3 296.797 -282.998 0.876736
178700 -16148.7 -19993.7 297.742 -62.548 0.877494
178800 -16075.3 -19973 301.824 122.657 0.87934
178900 -16107.7 -19978.8 299.761 249.243 0.880057
179000 -16152.8 -19982.5 296.555 -62.995 0.878737
179100 -16150.3 -20000.3 298.132 -18.875 0.877374
179200 -16149.7 -19995 297.764 7.89401 0.87601
179300 -16144.8 -19978 296.834 -193.265 0.874402
179400 -16133.7 -19999 299.317 -117.504 0.874256
179500 -16140.1 -19994 298.434 19.2289 0.87546
179600 -16154.2 -19999.1 297.733 -48.0099 0.876841
179700 -16146.5 -19965.1 295.702 24.7695 0.878721
179800 -16055.1 -19994.2 305.032 221.723 0.880656
179900 -15981.2 -19937.9 306.391 217.443 0.88065
180000 -16056.7 -19946.6 301.22 37.5406 0.878239
180100 -16160.4 -20009.1 298.031 -182.449 0.875363
180200 -16204.9 -20039.8 296.966 -246.048 0.874135
180300 -16230.3 -20045.2 295.413 4.95245 0.875252
180400 -16204.3 -20086.8 300.643 -64.1654 0.87668
180500 -16165.2 -20046.6 300.563 48.4565 0.878414
180600 -16151.5 -20011.6 298.91 196.358 0.87977
180700 -16162.5 -20010.1 297.939 23.1854 0.879518
180800 -16198.4 -20035.8 297.158 -90.3998 0.879022
180900 -16248 -20062.2 295.358 -103.415 0.879517
181000 -16247.4 -20077.7 296.604 103.151 0.880758
181100 -16172.8 -20024.6 298.267 143.774 0.881222
181200 -16078.5 -19949.2 299.73 -74.3953 0.880501
181300 -16054.4 -19931.8 300.247 27.2702 0.880071
181400 -16111.9 -20030 303.404 167.742 0.879176
181500 -16190 -20028.6 297.244 -34.2941 0.87689
181600 -16207.7 -20058 298.158 -101.817 0.874357
181700 -16209.7 -20019.3 294.999 -327.985 0.872891
181800 -16136.2 -20010.7 300.025 -94.464 0.874321
181900 -16093.7 -19992.9 301.939 19.8929 0.877308
182000 -16181.6 -20053.8 299.85 190.677 0.880144
182100 -16274 -20097.3 296.062 14.3958 0.881615
182200 -16272.4 -20099.7 296.368 371.877 0.882404
182300 -16235.7 -20117.3 300.573 124.62 0.880304
182400 -16228.2 -20098.1 299.673 -141.58 0.876468
182500 -16288.6 -20122.4 296.871 -107.17 0.873295
182600 -16358.2 -20134.8 292.452 -189.61 0.871602
182700 -16325.5 -20185.8 298.926 -121.527 0.871813
182800 -16224 -20103.8 300.441 166.943 0.872906
182900 -16159.4 -20037.9 300.329 144.501 0.872448
183000 -16167.8 -20040.1 299.859 81.4965 0.870408
183100 -16196.4 -20033.5 297.134 -197.253 0.8679
183200 -16200.9 -20047.2 297.844 -318.534 0.867051
183300 -16183 -20037.5 298.474 -167.435 0.869116
183400 -16183.2 -20047.4 299.231 -7.65599 0.873481
183500 -16296.2 -20107.5 295.127 144.127 0.878419
183600 -16325.6 -20100.5 292.312 141.934 0.882519
183700 -16246.2 -20123 300.203 557.136 0.884755
183800 -16248.9 -20157.1 302.634 47.4515 0.882327
183900 -16325.6 -20137.6 295.185 -216.134 0.878829
184000 -16328.1 -20141.7 295.305 -158.013 0.8773
184100 -16289.4 -20129.6 297.367 -5.24638 0.877186
184200 -16270 -20134.7 299.269 -46.3794 0.877414
184300 -16282.4 -20129.4 297.895 9.74491 0.877977
184400 -16338.6 -20145.7 294.81 -37.9559 0.878609
184500 -16395.6 -20179.8 293.035 -11.984 0.879665
184600 -16331.4 -20143.7 295.209 222.295 0.880688
184700 -16245.9 -20115.4 299.644 191.791 0.879981
184800 -16230.6 -20089.7 298.834 78.6048 0.876974
184900 -16237.7 -20065.1 296.372 -157.428 0.87282
185000 -16201.5 -20020.8 295.757 -158.175 0.86975
185100 -16086.3 -19943.7 298.701 -377.309 0.868483
185200 -16029.3 -19900.8 299.796 -100.197 0.870509
185300 -16043.9 -19959.7 303.225 36.2351 0.87392
185400 -16152.1 -20021.5 299.629 80.3035 0.877213
185500 -16196 -20042.3 297.843 -22.0391 0.880134
185600 -16223.4 -20058.6 296.982 -102.941 0.883472
185700 -16236.9 -20085.9 298.052 336.15 0.8873
185800 -16254.6 -20078.5 296.111 415.54 0.888059
185900 -16261.5 -20096.6 296.97 28.0507 0.88506
186000 -16238.1 -20109 299.746 37.6434 0.881458
186100 -16225.9 -20077.5 298.251 -32.1363 0.877905
186200 -16214.6 -20064.3 298.107 -3.9088 0.874762
186300 -16187.8 -20013.5 296.247 -53.0089 0.872164
186400 -16100.2 -19965.9 299.346 -50.3208 0.870315
186500 -16051.2 -19943.2 301.376 15.9187 0.869013
186600 -16087 -19916.5 296.544 -100.792 0.867844
186700 -16165.5 -19970.9 294.67 -258.167 0.868076
186800 -16267.9 -20049.6 292.843 -208.183 0.870644
186900 -16279.5 -20109.7 296.602 142.641 0.874621
187000 -16204.8 -20059.7 298.504 181.812 0.876957
187100 -16092.5 -20004.3 302.915 -57.8489 0.877361
187200 -16104.4 -19991.4 300.999 5.51627 0.877843
187300 -16155.3 -20022.8 299.482 -34.445 0.87839
187400 -16229.2 -20094.7 299.327 91.3024 0.87903
187500 -16257.2 -20073.8 295.55 224.612 0.878725
187600 -16224.3 -20048.2 296.112 77.2545 0.876529
187700 -16167.5 -20033.6 299.374 32.9784 0.873566
187800 -16109.2 -19963.4 298.455 -129.343 0.870967
187900 -15990.4 -19919.5 304.254 19.5944 0.869523
188000 -15968.3 -19888.3 303.546 -178.755 0.86834
188100 -16048 -19953.7 302.445 -152.422 0.868798
188200 -16109.2 -19952.8 297.633 -126.369 0.870913
188300 -16127.2 -19955.3 296.434 -75.5176 0.873923
188400 -16103.4 -19978.7 300.087 43.2319 0.877286
188500 -16099.4 -19955.1 298.565 265.267 0.879955
188600 -16146.1 -19992.2 297.828 155.609 0.880502
188700 -16220 -20031.2 295.126 134.329 0.878894
188800 -16224 -20006.4 292.899 -176.196 0.87644
188900 -16114.9 -19994.6 300.431 56.9726 0.875599
189000 -16096.2 -19974.4 300.319 15.0432 0.874474
189100 -16121.4 -19929.9 294.911 -157.171 0.873305
189200 -16084.4 -19980.6 301.708 -25.5745 0.873497
189300 -16067.9 -19973.1 302.408 256.024 0.873641
189400 -16179.3 -20037.1 298.726 107.412 0.871708
189500 -16253.2 -20084.5 296.679 -112.454 0.86894
189600 -16272.5 -20093.4 295.874 -69.1044 0.866861
189700 -16212.5 -20010.3 294.089 -212.033 0.865689
189800 -16121.9 -20004.7 300.668 81.2005 0.866406
189900 -16137.3 -20001.5 299.223 91.3875 0.866633
190000 -16196.5 -20051.2 298.494 -239.88 0.86622
190100 -16278 -20092.4 295.369 -157.511 0.867961
190200 -16295.7 -20099.8 294.576 -71.2165 0.87144
190300 -16176.7 -20045.5 299.588 189.245 0.875485
190400 -16107.7 -19990.4 300.663 197.536 0.877525
190500 -16142.4 -19987.8 297.769 -36.1485 0.877664
190600 -16188 -20025.5 297.164 75.6192 0.877953
190700 -16238.3 -20083.5 297.761 38.2896 0.877741
190800 -16303.3 -20121.6 295.672 58.1509 0.876851
190900 -16377.4 -20170.1 293.687 -27.3959 0.875582
191000 -16383 -20185.9 294.481 76.0002 0.874621
191100 -16263.1 -20101.9 297.256 42.8495 0.87281
191200 -16198.3 -20079.9 300.579 -26.6136 0.870545
191300 -16220.6 -20088.5 299.516 167.492 0.868404
191400 -16278.4 -20043.7 291.571 -301.247 0.865276
191500 -16204.5 -20038.1 296.856 -169.125 0.864532
191600 -16114.5 -19954.5 297.349 -252.71 0.865989
191700 -16090.7 -19963.4 299.883 44.8991 0.869433
191800 -16109.6 -19965.6 298.596 123.225 0.872586
191900 -16183 -20030.1 297.903 37.1152 0.874412
192000 -16281.4 -20113 296.709 104.397 0.875726
192100 -16297.5 -20100.9 294.516 2.75901 0.876414
192200 -16249.8 -20055.8 294.723 146.83 0.87646
192300 -16179.9 -20015.9 297.048 -15.8352 0.875457
192400 -16154.5 -20033.2 300.352 -5.16422 0.874353
192500 -16190.4 -20043.4 298.354 4.55699 0.873274
192600 -16247.6 -20051.8 294.579 121.145 0.872211
192700 -16248 -20065.3 295.596 -179.875 0.870353
192800 -16140.7 -19988.5 297.961 -278.989 0.869974
192900 -16078.6 -19987.6 302.7 40.4347 0.872086
193000 -16136.9 -19998.1 298.996 89.2557 0.874224
193100 -16194.4 -20003.8 294.987 99.7947 0.875449
193200 -16188.9 -20076.1 301.013 127.407 0.875674
193300 -16252.8 -20086.8 296.888 136.389 0.874418
193400 -16375 -20155.6 292.754 -234.852 0.872236
193500 -16372.5 -20119.6 290.16 -337.787 0.872224
193600 -16284.9 -20107.3 295.996 7.56716 0.875347
193700 -16214 -20083.2 299.621 323.071 0.878524
193800 -16184.9 -20034 298.058 179.65 0.878815
193900 -16158.3 -20042.5 300.782 -103.192 0.877396
194000 -16170.8 -20069.4 301.89 9.93599 0.8764
194100 -16278.9 -20103.5 296.166 -54.0676 0.875681
194200 -16301.4 -20087.3 293.162 -33.9678 0.875377
194300 -16219.4 -20058.6 297.293 -11.2163 0.875563
194400 -16168.7 -20032.6 299.206 -28.3844 0.875769
194500 -16157.3 -19973.5 295.51 -48.9927 0.876283
194600 -16109 -19995.3 300.938 240.03 0.87724
194700 -16082.5 -19966.9 300.799 -49.7351 0.876296
194800 -16119.2 -20008.1 301.143 100.644 0.875262
194900 -16227 -20082.3 298.537 -82.6403 0.873623
195000 -16284.1 -20098 295.337 -101.001 0.872208
195100 -16262.2 -20094.3 296.738 78.8272 0.871619
195200 -16181.9 -20065.2 300.707 -28.9307 0.870205
195300 -16129.7 -20003.7 299.992 -155.364 0.868785
195400 -16102.4 -19985.2 300.672 -249.259 0.869137
195500 -16111.5 -20010.9 301.948 -25.0051 0.871858
195600 -16211.5 -20067.4 298.584 338.021 0.875314
195700 -16263.2 -20060.8 294.074 83.8448 0.877006
195800 -16224.5 -20098.2 299.964 -34.4042 0.877819
195900 -16184.9 -20015.1 296.599 70.7606 0.878921
196000 -16094.7 -20014 303.501 143.967 0.879646
196100 -16113.3 -20044.5 304.418 56.4159 0.87896
196200 -16229.3 -20050.9 295.924 -38.9969 0.877633
196300 -16228.6 -20063.6 296.97 -8.97634 0.876344
196400 -16195.5 -20075.2 300.431 -191.992 0.875343
196500 -16197.5 -20046.2 298.025 20.2819 0.875739
196600 -16219.4 -20033.1 295.322 181.318 0.875778
196700 -16184.6 -20013.2 296.476 -115.797 0.874537
196800 -16087.7 -19955.6 299.516 -11.1439 0.873995
196900 -16060.2 -19945.5 300.865 115.96 0.873576
197000 -16109.2 -19955.6 297.848 -244.362 0.872619
197100 -16197.4 -19980.7 292.964 -97.1894 0.873474
197200 -16288.7 -20077 293.351 -49.5856 0.875713
197300 -16369.2 -20108.2 289.538 55.6144 0.878416
197400 -16296.9 -20130.8 296.876 201.985 0.880558
197500 -16236.1 -20090.2 298.451 6.47152 0.881206
197600 -16227.6 -20095 299.481 215.452 0.881254
197700 -16247.6 -20077.6 296.575 86.1046 0.87954
197800 -16266.6 -20047.6 292.786 -64.7404 0.876921
197900 -16168.9 -20010.7 297.499 -3.98384 0.874413
198000 -16100.5 -19984.9 300.796 -77.3506 0.872076
198100 -16117.7 -19953.7 297.044 -129.606 0.870648
198200 -16126.2 -19975.1 298.043 -69.2655 0.870222
198300 -16109.8 -19983.8 299.985 56.1035 0.870325
198400 -16134.2 -19991.8 298.716 -60.0939 0.870187
198500 -16177 -19976.3 294.199 -135.252 0.87058
198600 -16174 -20023.5 298.093 5.033 0.872231
198700 -16123.1 -19959.9 297.103 65.0813 0.874098
198800 -16039 -19959 303.554 22.6457 0.875592
198900 -16080.3 -19982.1 302.139 324.719 0.876822
199000 -16160.8 -19986.3 296.238 -66.054 0.87551
199100 -16156.9 -20018.1 298.996 -71.8416 0.873937
199200 -16161.2 -19994.2 296.808 10.3055 0.873113
199300 -16161.3 -20022 298.957 -176.225 0.872534
199400 -16165.1 -20027.7 299.104 152.448 0.873017
199500 -16211.7 -20049.8 297.209 115.894 0.872309
199600 -16258.8 -20059.8 294.339 10.5809 0.870113
199700 -16220.1 -20069.4 298.073 -392.145 0.868085
199800 -16129.9 -20015.8 300.912 -300.585 0.869398
199900 -16113.5 -19994 300.487 18.1891 0.873848
200000 -16210.9 -20029.4 295.685 102.2 0.878919
200100 -16301.2 -20113.3 295.195 222.782 0.882951
200200 -16278.8 -20091.9 295.278 264.413 0.884676
200300 -16207.1 -20063.1 298.587 172.747 0.883798
200400 -16183.1 -20061.4 300.32 106.702 0.881219
200500 -16210.9 -20061.6 298.182 34.8431 0.877559
200600 -16213.1 -20046.1 296.819 -66.8695 0.873823
200700 -16204.3 -20074.1 299.661 -56.0241 0.871087
200800 -16240.2 -20063 296.029 -316.029 0.869199
200900 -16349.3 -20113 291.445 -195.559 0.870134
201000 -16378.1 -20193.5 295.45 52.9023 0.872965
201100 -16316.3 -20159.4 297.598 31.7311 0.875456
201200 -16213.5 -20045.7 296.754 4.24411 0.877282
201300 -16169.6 -20023.9 298.465 75.5566 0.878805
201400 -16183.4 -20071.1 301.046 297.011 0.87935
201500 -16245.3 -20046.7 294.36 -37.8867 0.877749
201600 -16224.1 -20034.1 295.036 71.4582 0.876089
201700 -16092 -19966.7 300.037 -37.0126 0.873842
201800 -16068.6 -19934.6 299.372 -188.448 0.872084
201900 -16090.5 -19921.9 296.69 42.6482 0.872021
202000 -16104.9 -19954.2 298.075 -49.626 0.871938
202100 -16127.8 -20007.1 300.395 13.0876 0.872039
202200 -16218.5 -20023.6 294.647 -52.9782 0.8723
202300 -16243.8 -20062.5 295.702 17.8388 0.873052
202400 -16186.3 -20053.6 299.472 106.108 0.873562
202500 -16112.3 -19997.7 300.867 -16.4949 0.872976
202600 -16052 -19947.6 301.665 -155.097 0.872778
202700 -15996.1 -19963.5 307.217 227.857 0.873585
202800 -16106.8 -19976.8 299.679 -58.9459 0.872897
202900 -16153.8 -19972.2 295.679 -54.8697 0.872426
203000 -16132.1 -19991.8 298.885 -73.4058 0.872642
203100 -16114.6 -19993.3 300.348 178.743 0.873066
203200 -16162.6 -20010.8 297.99 -12.6904 0.872144
203300 -16251.8 -20063.2 295.144 -24.324 0.871165
203400 -16280.4 -20082.7 294.433 46.4585 0.870361
203500 -16195.3 -20037.8 297.549 -103.262 0.869255
203600 -16106.8 -19946 297.297 -99.1162 0.869
203700 -16085.4 -19940.4 298.514 -133.614 0.86987
203800 -16070 -19913.9 297.655 -114.587 0.872331
203900 -16056.1 -19981 303.93 173.326 0.875736
204000 -16166.8 -20014.4 297.942 -55.6631 0.877951
204100 -16217.2 -20051.1 296.882 274.555 0.880167
204200 -16239.4 -20103.9 299.252 143.78 0.880253
204300 -16297.6 -20100.3 294.467 -84.4946 0.878568
204400 -16298.9 -20092.6 293.766 -226.963 0.878033
204500 -16192.8 -20101.9 302.712 100.104 0.879199
204600 -16173.6 -19996.3 296.017 89.7809 0.879563
204700 -16138.5 -20023.8 300.866 74.7001 0.87923
204800 -16152.2 -20019.6 299.475 -33.4661 0.87828
204900 -16258.3 -20084.6 296.289 -109.796 0.877501
205000 -16300.3 -20099.1 294.166 -127.262 0.877796
205100 -16257.7 -20127.8 299.685 -38.0283 0.879186
205200 -16197.2 -20076.8 300.416 82.4279 0.881093
205300 -16098.8 -19994.5 301.668 242.102 0.882416
205400 -16070.6 -20013.6 305.329 206.581 0.881348
205500 -16167.2 -20025.7 298.788 -204.033 0.878179
205600 -16201 -20051 298.124 -156.534 0.876467
205700 -16224.3 -20069.3 297.74 5.36769 0.87639
205800 -16267.9 -20110.4 297.548 25.3651 0.876448
205900 -16348.2 -20149.9 294.385 -117.078 0.876329
206000 -16368.7 -20109.2 289.649 -31.7103 0.877165
206100 -16267.8 -20110.7 297.579 76.5148 0.878468
206200 -16246.1 -20081.3 296.984 111.135 0.879651
206300 -16205.8 -20054.4 298.024 165.626 0.87985
206400 -16136.4 -20004.8 299.555 213.923 0.877827
206500 -16087.9 -19942.2 298.468 66.7393 0.873208
206600 -15988.6 -19890.1 302.115 -251.085 0.867565
206700 -15928.4 -19850.3 303.695 -218.866 0.864027
206800 -15996.8 -19898.5 302.13 -252.161 0.862782
206900 -16067.8 -19964.2 301.719 10.4765 0.86363
207000 -16149.3 -20000.4 298.215 -39.59 0.8649
207100 -16190.8 -20011.3 295.848 46.7527 0.866414
207200 -16154.6 -19968.9 295.362 0.656338 0.867766
207300 -16060.2 -19947.7 301.033 -20.5145 0.869241
207400 -16055.8 -19960.8 302.388 -14.6936 0.870885
207500 -16105.1 -19966.1 298.981 21.7801 0.872633
207600 -16135 -19987.5 298.318 31.5721 0.874198
207700 -16165.9 -20010 297.671 -13.8484 0.875485
207800 -16201.9 -20046.1 297.678 28.029 0.877026
207900 -16287 -20045.9 291.072 201.076 0.878087
208000 -16272.9 -20062 293.413 -43.496 0.877495
208100 -16178.9 -20005.2 296.296 250.95 0.876687
208200 -16124.4 -19985 298.945 -0.46885 0.87405
208300 -16103.2 -19953.6 298.156 -281.276 0.871407
208400 -16074.5 -19928.6 298.446 52.7433 0.87088
208500 -16011.3 -19977 307.087 154.419 0.869962
208600 -16094.9 -19937.6 297.565 -167.682 0.867995
208700 -16138.2 -19963.4 296.207 -227.728 0.867613
208800 -16127.6 -20005.8 300.312 -31.9157 0.869162
208900 -16186.7 -20012 296.214 58.5643 0.87119
209000 -16256.3 -20033.7 292.507 78.2216 0.872721
209100 -16187.7 -20022.1 296.923 -49.9441 0.87364
209200 -16077.6 -19940.7 299.149 239.819 0.874645
209300 -16077.8 -19959.6 300.587 262.228 0.873496
209400 -16138.6 -19961 295.992 -183.215 0.870183
209500 -16165 -20025.4 298.934 -169.116 0.868149
209600 -16216.9 -20043.2 296.296 -381.458 0.868202
209700 -16292.8 -20067.8 292.321 -46.4824 0.871381
209800 -16239.3 -20053 295.321 90.0575 0.875505
209900 -16131.8 -20033.7 302.149 481.102 0.878225
210000 -16160.8 -20003.7 297.578 133.145 0.876753
210100 -16195.4 -20024.7 296.523 -298.416 0.874184
210200 -16188.3 -20028.3 297.351 127.938 0.873822
210300 -16117.9 -19971.9 298.441 194.496 0.872884
210400 -16032.9 -19930.6 301.825 -100.778 0.870424
210500 -16037.1 -19906.7 299.648 -335.35 0.868835
210600 -16127 -19972.2 297.753 4.21296 0.870056
210700 -16217.3 -20066.8 298.091 -76.2237 0.871731
210800 -16230 -20050.3 295.827 -51.5605 0.873815
210900 -16180.5 -20025.8 297.763 78.5523 0.876439
211000 -16130.4 -20029.4 301.925 248.1 0.877948
211100 -16172.1 -19987.9 295.475 84.4458 0.87715
211200 -16270.2 -20056.1 293.165 44.3653 0.875496
211300 -16300.5 -20061.7 291.25 -141.072 0.873646
211400 -16187.1 -19997.7 295.08 -58.1166 0.87305
211500 -16141.6 -20021 300.409 -104.37 0.873347
211600 -16158.2 -20001.4 297.604 -234.955 0.874485
211700 -16171.8 -19972.1 294.281 -60.2172 0.877778
211800 -16102.2 -19958.3 298.597 167.904 0.881616
211900 -16043.8 -19969.3 303.974 275.398 0.883272
212000 -16102.1 -19940.7 297.248 125.493 0.882453
212100 -16121.7 -19971.6 298.123 177.063 0.880365
212200 -16134.6 -19993.1 298.788 -105.89 0.877336
212300 -16149.5 -19981.7 296.751 -76.0584 0.875571
212400 -16146.6 -20005.8 298.844 -83.5866 0.874996
212500 -16181.1 -20077.5 301.724 71.8272 0.875097
212600 -16324.3 -20100 292.379 50.3573 0.874779
212700 -16311.3 -20127 295.474 88.9744 0.873982
212800 -16232.3 -20082.6 298.151 -170.338 0.872834
212900 -16165.3 -20036.5 299.775 -330.11 0.873252
213000 -16148 -19991.6 297.635 -128.984 0.87654
213100 -16130.6 -20012.6 300.606 143.474 0.880748
213200 -16141.5 -20001.6 298.912 232.808 0.883234
213300 -16219.4 -20054.5 296.979 383.155 0.88284
213400 -16273.7 -20082.1 294.905 188.927 0.879246
213500 -16228.1 -20056.5 296.453 -300.981 0.874694
213600 -16120.3 -19985.1 299.276 -88.8768 0.872615
213700 -16094.9 -19949.6 298.491 -81.1521 0.871966
213800 -16093.9 -19935.8 297.502 -59.299 0.872155
213900 -16080.7 -19931.3 298.172 -92.2684 0.873142
214000 -16034.3 -19936.4 302.166 -203.45 0.875123
214100 -16038 -19947.4 302.724 163.591 0.878296
214200 -16146.7 -19988.4 297.491 146.239 0.880128
214300 -16180.7 -20021.4 297.411 187.474 0.880081
214400 -16173.1 -19993.9 295.869 -84.8764 0.878459
214500 -16100 -19953.2 298.376 -89.9018 0.877595
214600 -16028.5 -19934.9 302.501 256.583 0.877616
214700 -16060.4 -19933.3 299.902 31.8021 0.875746
214800 -16109.1 -19987.8 300.348 -98.6932 0.873346
214900 -16145.4 -19984.5 297.283 31.4696 0.871734
215000 -16142.1 -19970.8 296.478 -70.7154 0.870341
215100 -16102.6 -19975.8 299.927 56.8719 0.869413
215200 -16060.4 -19925.9 299.335 -74.915 0.868119
215300 -15980.1 -19870.5 301.259 -42.0864 0.867272
215400 -15946.6 -19827.1 300.496 -94.3996 0.867093
215500 -16002.5 -19861.4 298.818 21.3695 0.86775
215600 -16093.5 -19913.4 295.8 -9.2588 0.868449
215700 -16111.5 -19950.5 297.278 8.58843 0.869097
215800 -16103.2 -19929.1 296.265 -12.4328 0.869879
215900 -16078.2 -19933.2 298.516 290.678 0.870363
216000 -16089 -19972.4 300.713 130.359 0.868274
216100 -16103.8 -19919.6 295.476 -368.162 0.865105
216200 -16067 -19920.2 298.373 -352.374 0.865248
216300 -16009.8 -19885.8 300.145 253.275 0.868337
216400 -15927.1 -19867.6 305.137 -14.0637 0.869971
216500 -15952.4 -19831 300.346 -41.4867 0.871272
216600 -16063.2 -19891.2 296.427 -33.6445 0.872996
216700 -16099 -19947.1 297.987 7.41091 0.875186
216800 -16125.5 -19975.9 298.155 -11.5297 0.877476
216900 -16209.6 -20053 297.623 -13.4731 0.8799
217000 -16292 -20080.8 293.39 163.899 0.88221
217100 -16267.3 -20119.7 298.317 88.0146 0.883114
217200 -16242.2 -20074 296.717 50.6425 0.883002
217300 -16205 -20071.8 299.427 143.974 0.88226
217400 -16148.3 -20018.4 299.688 -71.57 0.880687
217500 -16067.5 -19949.8 300.63 -83.9348 0.879471
217600 -16054 -19944.1 301.234 73.6926 0.878743
217700 -16126 -19963.5 297.165 -86.26 0.877557
217800 -16188.1 -19986.6 294.144 -30.7957 0.876785
217900 -16156.4 -20016.7 298.928 112.773 0.876183
218000 -16033.6 -19960.8 304.106 -139.239 0.87504
218100 -16012.5 -19944 304.437 -15.0882 0.874371
218200 -16087.4 -19934 297.862 -404.745 0.874531
218300 -16113.3 -19961.5 297.986 128.955 0.878358
218400 -16142 -20054.6 302.978 249.073 0.881903
218500 -16247.2 -20083.8 297.093 274.381 0.882912
218600 -16270.9 -20106.5 297.015 3.32577 0.881451
218700 -16238 -20036.1 294.111 -80.9878 0.879659
218800 -16148.5 -19996.7 297.996 145.28 0.878186
218900 -16131.2 -20027 301.681 128.283 0.875508
219000 -16177.7 -20032.9 298.532 -13.3603 0.871239
219100 -16206.8 -20020.9 295.353 -336.438 0.866879
219200 -16175.9 -20036.6 298.956 -179.3 0.865351
219300 -16064.4 -19970.6 302.484 129.839 0.865596
219400 -16028.7 -19967.9 305.035 -24.1809 0.865179
219500 -16116 -19969.1 298.366 -210.756 0.865043
219600 -16164.6 -19995.9 296.682 -132.494 0.866641
219700 -16162 -20000.2 297.213 55.8585 0.869508
219800 -16121.3 -20038.4 303.325 108.178 0.872375
219900 -16178.4 -20051.8 299.935 304.27 0.873917
220000 -16270.8 -20077.8 294.795 -139.085 0.873136
220100 -16265.8 -20097.1 296.686 -49.4331 0.872919
220200 -16203.5 -20056.5 298.359 56.1818 0.873314
220300 -16125.5 -20026.4 302.071 -30.0005 0.87361
220400 -16142.6 -20007.2 299.259 8.96297 0.87402
220500 -16273.7 -20061.8 293.339 -103.684 0.874736
220600 -16277.6 -20121.5 297.653 211.034 0.876077
220700 -16253.2 -20096.5 297.613 171.416 0.875559
220800 -16205.8 -20026.2 295.841 -117.281 0.873339
220900 -16093.9 -19979.9 300.917 -186.217 0.871732
221000 -16083.6 -19966.2 300.654 -310.771 0.872117
221100 -16145.7 -20032.5 300.977 126.804 0.875425
221200 -16224.9 -20081.9 298.669 46.8202 0.878688
221300 -16241.7 -20047 294.663 171.242 0.881792
221400 -16195 -20086.8 301.36 248.82 0.883623
221500 -16211.3 -20072.6 299.004 340.668 0.882801
221600 -16317.5 -20134.7 295.596 202.336 0.878347
221700 -16383.2 -20152.8 291.897 -479.298 0.872616
221800 -16325.3 -20095.1 291.916 -310.059 0.870877
221900 -16240.5 -20070.5 296.584 16.9841 0.872043
222000 -16175.2 -20059.4 300.78 42.6826 0.873562
222100 -16173.1 -20052 300.365 -28.068 0.874644
222200 -16254.7 -20080.3 296.241 -47.0233 0.875823
222300 -16330 -20168.6 297.243 -26.5915 0.877617
222400 -16356.5 -20178.1 295.931 155.407 0.879488
222500 -16335.7 -20150.4 295.396 114.637 0.879937
222600 -16294.7 -20125.3 296.633 -87.4894 0.879547
222700 -16230.8 -20089.9 298.837 4.75632 0.879592
222800 -16184.8 -20044.8 298.898 96.2913 0.879502
222900 -16164.5 -20023.2 298.801 -167.708 0.878958
223000 -16104.4 -20006 302.124 58.0713 0.879476
223100 -16088.9 -20004.3 303.2 20.5446 0.879724
223200 -16181.7 -20024.8 297.596 -29.3115 0.879655
223300 -16232.9 -20058.2 296.221 67.7504 0.879871
223400 -16238.3 -20082.7 297.693 -71.3663 0.879801
223500 -16226.3 -20055.8 296.542 -156.865 0.880511
223600 -16144.1 -20052.7 302.666 268.109 0.88228
223700 -16135.8 -20007.6 299.813 264.714 0.88173
223800 -16195.7 -20010.9 295.432 -20.5656 0.878555
223900 -16248.3 -20052.5 294.58 -78.7157 0.875102
224000 -16287.6 -20097.6 295.033 -322.759 0.872815
224100 -16269.4 -20071.1 294.388 -159.666 0.873129
224200 -16169.8 -20039.4 299.648 -88.9662 0.875339
224300 -16134.5 -20010.5 300.142 -124.774 0.878798
224400 -16160.1 -20003.5 297.614 287.228 0.88302
224500 -16230.2 -20048.2 295.647 467.874 0.88444
224600 -16319 -20085.6 291.674 -13.8883 0.882105
224700 -16263.7 -20050.2 293.219 44.4909 0.87923
224800 -16188.5 -20018.1 296.555 39.7234 0.87601
224900 -16144 -19992.4 298.01 -162.172 0.873121
225000 -16107.7 -19990 300.633 47.0889 0.871631
225100 -16114.6 -19945 296.609 -138.445 0.87015
225200 -16130 -19989 298.827 -255.281 0.870057
225300 -16189.9 -20044.6 298.5 -0.711459 0.872078
225400 -16269.5 -20086.1 295.545 -174.704 0.874412
225500 -16288.6 -20134.6 297.814 41.5705 0.877588
225600 -16286.2 -20129.9 297.639 -72.9065 0.880004
225700 -16234.3 -20110.7 300.172 330.508 0.881652
225800 -16208.8 -20104.7 301.683 27.3014 0.880938
225900 -16263 -20089.7 296.329 10.9905 0.879749
226000 -16315.8 -20124.6 294.934 -138.887 0.878927
226100 -16343 -20133.6 293.524 33.5665 0.879379
226200 -16259 -20075.9 295.569 178.304 0.879252
226300 -16172.8 -20034.2 299.006 -197.329 0.877983
226400 -16152.4 -20031 300.343 105.103 0.878229
226500 -16193.4 -20038.5 297.753 -177.544 0.878364
226600 -16285.8 -20136.6 298.194 44.4103 0.879267
226700 -16355.4 -20158.1 294.465 -195.554 0.880372
226800 -16336.9 -20164.1 296.368 122.77 0.882748
226900 -16296.7 -20124.6 296.418 186.286 0.884182
227000 -16245.3 -20082.3 297.117 287.145 0.883473
227100 -16220 -20104.2 300.773 -22.0392 0.88061
227200 -16249.9 -20106.5 298.641 248.748 0.877358
227300 -16268.4 -20113.7 297.763 -94.0828 0.872519
227400 -16265.2 -20099.5 296.909 -109.5 0.868511
227500 -16224.3 -20072.4 297.98 -274.982 0.866463
227600 -16103.2 -19994.9 301.358 -218.017 0.866999
227700 -16088.6 -19981.9 301.484 100.784 0.869176
227800 -16158.2 -20029.4 299.774 121.039 0.870617
227900 -16239.4 -20075.2 297.026 67.6524 0.870699
228000 -16246.6 -20083.2 297.09 -105.62 0.870253
228100 -16236.2 -20085.8 298.098 145.212 0.8703
228200 -16208.7 -20002.7 293.793 -162.661 0.869599
228300 -16098.1 -20002.9 302.373 -64.8284 0.870224
228400 -16115.7 -20008.4 301.432 -87.3462 0.871746
228500 -16190.9 -20068 300.234 -39.7648 0.873858
228600 -16264.5 -20136.2 299.814 44.542 0.876228
228700 -16314 -20171.7 298.727 236.718 0.877632
228800 -16322.3 -20119.6 294.048 -17.9872 0.877125
228900 -16256.8 -20098.9 297.522 56.9542 0.876428
229000 -16207.2 -20082.4 300.086 -132.595 0.875578
229100 -16213.3 -20063.7 298.16 -137.997 0.876031
229200 -16229 -20094.9 299.362 224.32 0.877413
229300 -16293.1 -20122.9 296.564 -27.4366 0.877581
229400 -16338.3 -20139.4 294.339 60.7197 0.877439
229500 -16250.1 -20118 299.509 21.7405 0.876683
229600 -16151.9 -20022.5 299.722 17.2513 0.875721
229700 -16159.6 -20046.8 301.01 23.3907 0.874576
229800 -16226 -20053.4 296.377 2.45996 0.873218
229900 -16271.2 -20098.7 296.387 -135.128 0.87208
230000 -16292.1 -20097.1 294.64 -78.013 0.871936
230100 -16248.5 -20065.8 295.592 240.956 0.872249
230200 -16161.3 -20034.6 299.936 142.187 0.870695
230300 -16137.5 -19993.8 298.621 -195.466 0.867848
230400 -16121.6 -19933.8 295.201 -108.411 0.866331
230500 -16017.9 -19876.8 298.819 -237.522 0.866373
230600 -15975.3 -19875.4 302.015 26.3871 0.868414
230700 -16039.6 -19937.9 301.867 157.408 0.87062
230800 -16121.6 -19983.2 299.027 217.467 0.871274
230900 -16153.6 -19992.6 297.277 -150.858 0.870203
231000 -16157.6 -19989.8 296.754 -383.096 0.870424
231100 -16091.1 -19933 297.496 207.684 0.873791
231200 -16000.4 -19915.1 303.141 295.371 0.876387
231300 -16045.9 -19950.9 302.386 368.425 0.875822
231400 -16116 -19949.9 296.881 -105.089 0.87196
231500 -16126.7 -19986.2 298.863 -428.842 0.868563
231600 -16145.9 -19975.5 296.55 -144 0.868657
231700 -16164.5 -19999.3 296.954 30.0284 0.870523
231800 -16184.5 -20027.9 297.618 135.41 0.872316
231900 -16192.7 -20004.6 295.182 -60.8252 0.873384
232000 -16133.3 -19974.2 297.427 32.6972 0.87465
232100 -16060.7 -19962.4 302.133 121.802 0.876051
232200 -16087.3 -19978.8 301.339 86.7165 0.876509
232300 -16190.2 -20006.3 295.505 31.4587 0.875628
232400 -16213 -20050.3 297.146 8.73218 0.874477
232500 -16190.5 -20003.9 295.297 29.425 0.873162
232600 -16109.4 -19959.5 298.138 131.025 0.871039
232700 -16067 -19959.2 301.394 -122.872 0.867591
232800 -16094.7 -19955.1 298.934 -297.864 0.864932
232900 -16131.2 -20000.6 299.631 -140.312 0.864931
233000 -16166.7 -19996 296.527 -5.74728 0.866712
233100 -16164.9 -20026.8 299.052 -35.2726 0.868931
233200 -16169.8 -20024 298.454 321.4 0.871016
233300 -16205.5 -20051.4 297.81 -76.8624 0.870884
233400 -16295.2 -20078 292.928 -103.466 0.870883
233500 -16372.7 -20163.6 293.549 -193.313 0.872054
233600 -16395.8 -20138.9 289.857 -72.6124 0.87524
233700 -16272.2 -20112.2 297.355 267.79 0.879201
233800 -16226.1 -20063.7 297.175 265.672 0.880887
233900 -16187.7 -20050.3 299.108 76.0822 0.880154
234000 -16152.3 -20008.6 298.619 -32.4934 0.878457
234100 -16102.4 -19994.3 301.372 82.6675 0.876699
234200 -16057 -19919.2 299.075 99.5954 0.874258
234300 -16003.1 -19883.8 300.506 -90.0213 0.870919
234400 -15973.4 -19864.9 301.342 -140.961 0.868388
234500 -16034.5 -19903.2 299.576 -42.0197 0.867088
234600 -16139.3 -19992.1 298.351 -105.002 0.866466
234700 -16170.9 -19977.2 294.744 -36.3692 0.866718
234800 -16129.9 -19973.6 297.641 -61.0346 0.867738
234900 -16053.6 -19973.8 303.559 -4.4783 0.869484
235000 -16081.2 -19943.3 299.064 25.7212 0.871078
235100 -16210.8 -20016.1 294.672 126.046 0.872325
235200 -16214.7 -20025 295.054 -2.84409 0.872646
235300 -16134.9 -19965.8 296.652 -79.8883 0.872998
235400 -16079.2 -19983.2 302.309 185.461 0.873757
235500 -16124.7 -19980.8 298.6 138.254 0.8731
235600 -16166.7 -20008.2 297.472 -185.224 0.871122
235700 -16191.4 -20068.1 300.198 -85.0634 0.870079
235800 -16230.8 -20067 297.061 -11.7387 0.869891
235900 -16242.5 -20073.2 296.638 142.843 0.869759
236000 -16222.3 -20064.4 297.518 -163.008 0.868539
236100 -16190.9 -20040.8 298.121 -25.0546 0.868222
236200 -16127.3 -19976.3 298.052 26.042 0.868478
236300 -16069.2 -19992 303.77 229.541 0.867791
236400 -16132.7 -19977.4 297.718 -374.283 0.865505
236500 -16162.1 -20006 297.661 -238.181 0.866073
236600 -16164.7 -20011.1 297.851 157.061 0.869018
236700 -16154.6 -19993.7 297.285 243.107 0.870716
236800 -16086 -19976.5 301.261 -269.436 0.870935
236900 -16031.6 -19967.2 304.755 220.489 0.872445
237000 -16134.6 -20008.2 299.956 79.4777 0.872737
237100 -16211.4 -20057.9 297.861 -3.38037 0.872137
237200 -16229.3 -20029.1 294.245 -123.456 0.871676
237300 -16164.2 -20043.1 300.366 -89.2692 0.872442
237400 -16144.7 -20050.1 302.417 57.3582 0.874101
237500 -16232.8 -20068.9 297.056 121.767 0.875483
237600 -16268.2 -20094.6 296.299 50.4586 0.87562
237700 -16245.3 -20026.5 292.8 -11.2555 0.875093
237800 -16156.4 -20016.8 298.936 122.576 0.874746
237900 -16131.7 -20001.8 299.685 166.62 0.873097
238000 -16156 -19998.8 297.568 -75.8643 0.869591
238100 -16170.6 -19961.1 293.518 -115.679 0.866468
238200 -16095.5 -19961.2 299.343 -323.265 0.86473
238300 -16019.4 -19907.4 301.067 -199.47 0.865632
238400 -16020.7 -19880.5 298.888 9.33484 0.868698
238500 -16085.3 -19975.2 301.215 259.018 0.871619
238600 -16201.9 -20027.1 296.209 -140.111 0.872841
238700 -16212.6 -20043.2 296.63 65.9169 0.874959
238800 -16195.2 -20040.5 297.767 161.749 0.876748
238900 -16151.2 -20018.7 299.484 -160.125 0.877683
239000 -16077.2 -19968 301.283 337.339 0.879197
239100 -16068.8 -19949.3 300.488 188.76 0.877947
239200 -16149.5 -19980.6 296.67 -66.4984 0.874628
239300 -16236.9 -20054.2 295.597 -184.16 0.871514
239400 -16247.8 -20070.4 296.007 -161.598 0.870319
239500 -16178.9 -19996.4 295.613 56.176 0.870627
239600 -16085.2 -19977.9 301.435 -63.514 0.8707
239700 -16107.5 -19980.8 299.931 -31.643 0.87139
239800 -16173.9 -20025.6 298.264 95.2595 0.872247
239900 -16217.2 -20022.3 294.654 -128.625 0.872511
240000 -16185.7 -20033.1 297.929 69.4493 0.873745
240100 -16089.9 -20020.8 304.39 190.656 0.874509
240200 -16121.5 -19972.2 298.182 -108.604 0.873863
240300 -16166.6 -19955.7 293.419 18.6745 0.87385
240400 -16057.2 -19966.4 302.714 -12.3342 0.873878
240500 -15999.2 -19932.6 304.587 -5.3887 0.873962
240600 -16075.8 -19921.4 297.795 166.04 0.873755
240700 -16106.7 -19933.7 296.349 26.2139 0.872141
240800 -16082.7 -19916.3 296.854 17.5698 0.869922
240900 -16001.6 -19926.2 303.905 3.73841 0.866944
241000 -15946.2 -19828.5 300.629 -252.606 0.863644
241100 -15951 -19834 300.69 -93.9788 0.862343
241200 -16044.8 -19871.3 296.31 -213.799 0.862445
241300 -16092.3 -19917 296.167 -78.3953 0.864497
241400 -16087.9 -19978.2 301.245 169.478 0.867408
241500 -16171.2 -20012 297.415 -23.1939 0.869109
241600 -16227.4 -20016.8 293.444 -40.7275 0.870864
241700 -16184.3 -20016.3 296.73 0.645089 0.873228
241800 -16123.3 -19985.6 299.081 -137.369 0.875929
241900 -16097.6 -19992.6 301.614 317.897 0.879192
242000 -16185.8 -20039.1 298.387 237.225 0.879889
242100 -16265.9 -20026.8 291.228 -52.5564 0.878332
242200 -16188.1 -20039 298.205 6.40791 0.877048
242300 -16127.2 -19991.4 299.226 130.133 0.875529
242400 -16112.1 -19973.9 299.038 111.686 0.872994
242500 -16126.9 -19978.9 298.285 8.76121 0.869282
242600 -16151.7 -19934.2 292.9 -230.282 0.865734
242700 -16078.8 -19909.3 296.618 -40.4912 0.864268
242800 -15996.4 -19892.5 301.701 116.99 0.863365
242900 -16027.6 -19928.6 302.073 -119.821 0.861784
243000 -16097 -19899.5 294.448 -142.895 0.861111
243100 -16090.6 -19961.9 299.783 -169.954 0.861992
243200 -16110.2 -19959.2 298.047 -127.907 0.864615
243300 -16169.5 -20001.1 296.705 65.8685 0.868215
243400 -16285.5 -20054.2 291.838 -221.228 0.871512
243500 -16290.4 -20131.7 297.451 104.017 0.875962
243600 -16270.9 -20128.6 298.723 179.495 0.879067
243700 -16265.4 -20071.4 294.722 198.188 0.880118
243800 -16144.1 -20057.1 303.003 -77.5507 0.879651
243900 -16146 -20049.5 302.274 -6.47788 0.879393
244000 -16239.4 -20095.6 298.606 129.009 0.879047
244100 -16300.4 -20123.6 296.055 -115.774 0.878057
244200 -16314.6 -20107.7 293.722 13.4235 0.878215
244300 -16218.5 -20087.3 299.58 -67.3285 0.878456
244400 -16157 -19998 297.433 -82.6786 0.878965
244500 -16142.4 -20019.8 300.251 96.2552 0.880279
244600 -16179.9 -20028 297.985 117.382 0.880683
244700 -16271.5 -20102.9 296.691 -263.608 0.880346
244800 -16338.8 -20151.8 295.264 133.096 0.88168
244900 -16314 -20107.4 293.744 -3.50649 0.882184
245000 -16246.5 -20082 297.011 -129.204 0.882728
245100 -16200.2 -20033.4 296.826 102.583 0.884013
245200 -16156.6 -20014.4 298.731 189.676 0.884417
245300 -16124.6 -20007.8 300.696 75.0526 0.883257
245400 -16188.3 -20053.2 299.28 57.4028 0.881183
245500 -16295.6 -20116 295.842 -92.7099 0.878805
245600 -16300.8 -20081.7 292.773 -144.49 0.877323
245700 -16211 -20060.9 298.121 -21.5474 0.877196
245800 -16163.9 -20014.3 298.166 -90.9667 0.877579
245900 -16150.1 -20042.5 301.409 271.153 0.87819
246000 -16228.3 -20095.5 299.461 -41.4558 0.876912
246100 -16315.1 -20109.3 293.808 -121.399 0.87556
246200 -16274.5 -20075.5 294.34 27.3633 0.875307
246300 -16180.5 -20019.5 297.278 63.4194 0.875146
246400 -16132.8 -20032 301.939 -5.00966 0.874313
246500 -16180.7 -20000.6 295.804 -57.7936 0.873511
246600 -16201.8 -20034.1 296.758 -123.4 0.873396
246700 -16149.6 -20044 301.567 -55.281 0.87427
246800 -16076.4 -19981.2 302.378 75.2018 0.875791
246900 -16102.7 -20000.5 301.833 205.749 0.876564
247000 -16210.5 -20052.1 297.48 -241.519 0.876145
247100 -16232.3 -20054 295.936 -116.327 0.877255
247200 -16204.9 -20076 299.763 189.111 0.879482
247300 -16215.8 -20096.3 300.488 22.4439 0.880515
247400 -16322.7 -20142.4 295.789 -16.0304 0.880923
247500 -16360.2 -20143.4 292.957 164.366 0.881327
247600 -16310.4 -20182.4 299.833 -86.6076 0.880807
247700 -16288.5 -20141.9 298.393 83.9638 0.880431
247800 -16277.8 -20123.5 297.797 -10.8648 0.879513
247900 -16209.7 -20068.6 298.822 81.9747 0.878398
248000 -16157.3 -20046.1 301.134 3.85962 0.876619
248100 -16161.7 -19993.7 296.735 -195.076 0.874712
248200 -16171.9 -20063 301.31 -230.587 0.874698
248300 -16248.7 -20054.2 294.684 119.596 0.876459
248400 -16281.8 -20109.6 296.409 -171.98 0.877908
248500 -16282.1 -20126.2 297.671 355.316 0.88044
248600 -16265.7 -20133.7 299.528 293.088 0.880242
248700 -16265.7 -20121 298.544 -205.318 0.87732
248800 -16292.2 -20139.1 297.891 -102.165 0.87561
248900 -16321.7 -20102.3 292.75 28.0873 0.874763
249000 -16240.3 -20080 297.327 -122.327 0.873847
249100 -16140 -19954.7 295.399 -150.753 0.8741
249200 -16103.4 -19988.3 300.834 64.3061 0.875757
249300 -16143.3 -20030.2 300.985 190.88 0.876977
249400 -16233.2 -20050.6 295.608 17.7831 0.876796
249500 -16239.3 -20058.7 295.758 105.957 0.8758
249600 -16206.3 -20058.8 298.318 22.1599 0.873862
249700 -16194.1 -20062.8 299.58 -172.82 0.871673
249800 -16250.1 -20069.9 295.788 -120.693 0.870792
249900 -16357.7 -20118.9 291.247 -250.04 0.871418
250000 -16320.2 -20141.7 295.925 83.1394 0.874086
250100 -16257 -20113.6 298.638 210.511 0.876306
250200 -16233.2 -20061.1 296.42 -20.5904 0.876934
250300 -16209 -20068.2 298.839 90.0378 0.877617
250400 -16212.3 -20105.5 301.473 195.203 0.877501
250500 -16253.1 -20094.6 297.472 32.38 0.875443
250600 -16268.1 -20114.4 297.844 -206.686 0.873219
250700 -16269.7 -20133.5 299.197 -77.2528 0.872689
250800 -16298.5 -20100.6 294.425 -56.1078 0.872934
250900 -16286.1 -20126.6 297.391 -106.127 0.873748
251000 -16220 -20072.2 298.305 102.564 0.875444
251100 -16150.5 -20011.2 298.953 239.816 0.876394
251200 -16094.9 -19946.2 298.224 120.046 0.875135
251300 -16006.4 -19895.7 301.172 14.4447 0.872391
251400 -15950.4 -19886.8 304.817 25.8911 0.869315
251500 -16067.8 -19918.5 298.177 -175.418 0.866398
251600 -16122.1 -19983.9 299.04 -180.377 0.864803
251700 -16154.1 -20005.4 298.23 -268.623 0.865128
251800 -16200.6 -20027.1 296.312 -210.104 0.868132
251900 -16231.6 -20073.5 297.501 85.8231 0.873036
252000 -16267.7 -20138 299.701 245.113 0.876844
252100 -16358 -20129.7 292.066 -172.881 0.878903
252200 -16322 -20148.6 296.316 114.142 0.881477
252300 -16264.9 -20117.1 298.296 36.9303 0.883124
252400 -16254.4 -20128.9 300.032 85.4834 0.8843
252500 -16280.3 -20133.2 298.358 248.381 0.884419
252600 -16286.1 -20098.3 295.2 432.455 0.881935
252700 -16241.9 -20077.5 297.017 -146.486 0.876518
252800 -16213.3 -20087.9 300.03 -117.449 0.872221
252900 -16218.5 -20054.2 297.023 -188.289 0.869855
253000 -16202.7 -20014 295.134 -308.012 0.869626
253100 -16120.2 -19966 297.804 -80.7631 0.871883
253200 -16074.1 -19963.3 301.164 256.708 0.87465
253300 -16122.4 -19985.2 299.121 44.2085 0.875394
253400 -16192.9 -20036.9 297.666 114.643 0.875282
253500 -16225.7 -20036.8 295.115 -148.011 0.874546
253600 -16173.2 -20039.2 299.372 -83.9271 0.87479
253700 -16057.1 -19969 302.924 198.82 0.875708
253800 -16038.8 -19921.2 300.637 217.911 0.874823
253900 -16077.8 -19932.9 298.531 -25.7921 0.872126
254000 -16109.2 -19993.1 300.753 -49.721 0.869419
254100 -16128.3 -19929.6 294.355 -234.629 0.867372
254200 -16081.4 -19943 299.026 -249.191 0.867821
254300 -16041.8 -19916.3 300.023 292.214 0.870036
254400 -16026.6 -19916 301.18 2.83869 0.870101
254500 -16094.5 -19973.1 300.347 -273.102 0.870267
254600 -16192.3 -20030.9 297.245 43.844 0.872564
254700 -16224.3 -20041.3 295.576 181.771 0.874542
254800 -16195.3 -20055 298.884 275.567 0.874526
254900 -16126.1 -19991.8 299.339 -175.859 0.872522
255000 -16047.8 -19955.8 302.618 -66.991 0.871695
255100 -16070.4 -19933.8 299.163 194.567 0.871401
255200 -16196.2 -20028.9 296.784 -21.1114 0.869795
255300 -16242.2 -20057.5 295.442 -174.371 0.868148
255400 -16191.2 -19989.9 294.154 -361.022 0.868262
255500 -16109 -19961.8 298.35 49.0608 0.871668
255600 -16087.9 -19959.1 299.771 244.935 0.874903
255700 -16126.2 -20007.9 300.579 -60.4242 0.87608
255800 -16227.3 -20051.8 296.153 -106.916 0.877421
255900 -16250.3 -20106.3 298.594 225.729 0.87936
256000 -16271.8 -20132.5 298.954 181.035 0.87951
256100 -16301.5 -20100.1 294.152 -16.5371 0.877788
256200 -16218.3 -20058.9 297.401 57.9043 0.875977
256300 -16135 -20007.3 299.851 -198.336 0.874276
256400 -16130.5 -19993.8 299.161 9.86281 0.874106
256500 -16161 -20030.6 299.646 57.6807 0.874056
256600 -16261 -20075.5 295.387 -7.25246 0.873552
256700 -16281.5 -20078.4 294.014 -99.7048 0.873195
256800 -16243.6 -20102.7 298.837 -25.3755 0.873597
256900 -16243.9 -20095.5 298.256 -25.1288 0.874268
257000 -16241.2 -20079.3 297.206 173.064 0.874774
257100 -16189 -20060.8 299.82 54.2974 0.87414
257200 -16087.2 -19990.7 302.272 -96.0045 0.873046
257300 -16067.1 -19948.9 300.595 -54.3035 0.87268
257400 -16144.8 -19989.2 297.698 -179.946 0.873249
257500 -16210.3 -20003 293.692 -98.4705 0.875225
257600 -16199 -20080.1 300.54 168.202 0.877955
257700 -16231.9 -20098 299.372 78.2289 0.879278
257800 -16258.2 -20083.1 296.183 73.5762 0.879598
257900 -16246.8 -20112 299.305 29.0298 0.879501
258000 -16290.7 -20107.5 295.556 -41.2957 0.879041
258100 -16361.4 -20154.4 293.722 -104.86 0.878926
258200 -16323.6 -20102.4 292.619 -192.457 0.87982
258300 -16228 -20113.7 300.89 41.9588 0.882164
258400 -16229.1 -20085.4 298.616 153.045 0.884305
258500 -16261.8 -20104.2 297.539 229.144 0.884825
258600 -16329.4 -20155.2 296.251 -22.8561 0.883613
258700 -16405.7 -20176.7 292.019 -59.8795 0.882382
258800 -16345 -20140 293.872 98.5511 0.881331
258900 -16251.9 -20079.8 296.421 69.2985 0.879658
259000 -16206.6 -20062.4 298.573 -148.562 0.877637
259100 -16184.1 -20061.9 300.284 34.3927 0.876586
259200 -16213.7 -20023.9 295.047 -115.88 0.87574
259300 -16190.6 -20020.2 296.553 -148.101 0.875799
259400 -16099.4 -19999 301.969 154.607 0.877016
259500 -16111.9 -20028.6 303.289 195.551 0.877064
259600 -16203 -20036.1 296.827 -60.2942 0.875303
259700 -16218.1 -20053 296.955 55.9181 0.873588
259800 -16193.1 -20003.6 295.073 -257.953 0.871902
259900 -16105.2 -19978.1 299.906 -7.63734 0.872175
260000 -16060.6 -19919.1 298.785 -43.134 0.872922
260100 -16063.9 -19929.6 299.343 -62.0293 0.874189
260200 -16084.9 -19946.8 299.049 273.923 0.875678
260300 -16095.2 -19907.4 295.196 -12.5941 0.875165
260400 -16061.3 -19934.5 299.926 -14.4613 0.874529
260500 -16015.5 -19922.1 302.509 -36.5453 0.87402
260600 -15996.2 -19933.4 304.879 -91.8355 0.873792
260700 -16112 -19992.9 300.517 -112.283 0.874334
260800 -16191.9 -20031.1 297.29 -344.546 0.876766
260900 -16231.6 -20094.4 299.124 238.55 0.882316
261000 -16302.6 -20130.6 296.424 287.969 0.886622
261100 -16359.2 -20203.5 297.689 438.377 0.888048
261200 -16397.6 -20194 293.975 150.699 0.885371
261300 -16359.4 -20168.4 294.958 80.6485 0.880843
261400 -16246.4 -20095 298.025 -163.325 0.875876
261500 -16190.7 -20067.3 300.194 -220.461 0.872515
261600 -16185.6 -20041.8 298.613 20.2092 0.871221
261700 -16224.6 -20038.7 295.346 -30.1575 0.870173
261800 -16240.9 -20045 294.575 -233.861 0.869807
261900 -16161.2 -20036.9 300.116 227.159 0.871102
262000 -16103.7 -19980.5 300.207 -80.8185 0.870871
262100 -16101.8 -19971 299.612 110.548 0.870649
262200 -16183.1 -19992.6 294.993 -211.44 0.870352
262300 -16247 -20088.6 297.481 67.0319 0.871304
262400 -16291.3 -20117.3 296.27 -192.802 0.872115
262500 -16333 -20174.8 297.489 -47.907 0.874325
262600 -16401.9 -20183.1 292.806 30.7404 0.877119
262700 -16401.1 -20181.1 292.713 14.7427 0.879444
262800 -16296.5 -20167.1 299.726 285.322 0.880915
262900 -16262.5 -20080.3 295.639 -124.3 0.88032
263000 -16200.7 -20047.9 297.911 306.163 0.879899
263100 -16164.4 -20063.6 301.938 82.3048 0.877423
263200 -16199.6 -20037.2 297.17 12.6319 0.87428
263300 -16204.9 -20036.8 296.727 58.6427 0.871862
263400 -16197 -20039.6 297.559 -57.1799 0.869696
263500 -16178.2 -20001.4 296.047 -303.485 0.868655
263600 -16115 -20010.5 301.653 7.52743 0.870047
263700 -16119.1 -19993.2 299.993 -37.8967 0.871566
263800 -16229 -20030 294.335 -166.512 0.873238
263900 -16250.7 -20064.7 295.341 -28.9727 0.875894
264000 -16208.5 -20102.8 301.556 9.18257 0.878573
264100 -16194.9 -20068.8 299.977 183.567 0.880837
264200 -16272.6 -20127.3 298.488 26.4132 0.881566
264300 -16355.1 -20165.2 295.042 163.166 0.881429
264400 -16341.4 -20118 292.442 -95.879 0.880264
264500 -16245.6 -20114.5 299.595 175.287 0.879451
264600 -16218.6 -20039.8 295.898 -51.6055 0.877539
264700 -16170.6 -20034.8 299.229 -124.086 0.876039
264800 -16149.2 -20036.8 301.043 -41.9955 0.875742
264900 -16247 -20066.7 295.776 -215.747 0.876142
265000 -16312.9 -20123.5 295.073 -109.914 0.878457
265100 -16297.2 -20172.1 300.06 271.555 0.881609
265200 -16295.4 -20120.3 296.184 302.375 0.882123
265300 -16284.2 -20150 299.352 -122.046 0.880271
265400 -16262.1 -20087 296.188 -31.467 0.879243
265500 -16188.5 -20033.6 297.757 -33.6469 0.878689
265600 -16120.3 -20000.3 300.453 1.00377 0.8782
265700 -16124.1 -19991.9 299.509 -153.995 0.878093
265800 -16210.3 -20029.1 295.714 79.4205 0.879149
265900 -16293.2 -20100.6 294.831 221.747 0.879495
266000 -16281.5 -20100.1 295.699 118.879 0.877682
266100 -16221.3 -20040.4 295.741 -114.876 0.874699
266200 -16177.1 -20034.1 298.676 -96.0509 0.87265
266300 -16156.9 -19967.5 295.079 -220.725 0.8717
266400 -16098.2 -19955.5 298.697 -99.7889 0.872847
266500 -16064.3 -19966.1 302.139 4.06849 0.875228
266600 -16156.4 -19996.4 297.36 128.035 0.8774
266700 -16256.7 -20088.9 296.754 27.4969 0.878625
266800 -16257 -20056.3 294.207 23.14 0.879469
266900 -16192.9 -20120.3 304.121 33.5407 0.880362
267000 -16239 -20104.7 299.344 104.309 0.880795
267100 -16304.7 -20127.6 296.035 30.3173 0.880369
267200 -16300.6 -20169.5 299.595 91.3447 0.87931
267300 -16305.5 -20117.7 295.203 75.6929 0.877179
267400 -16244.7 -20085.6 297.418 -61.5193 0.874057
267500 -16145.8 -20029.8 300.763 -228.044 0.87104
267600 -16138.9 -20006.1 299.459 -366.834 0.870081
267700 -16165.8 -20020.6 298.503 -27.7117 0.872274
267800 -16226.5 -20049.8 296.056 -32.6663 0.875874
267900 -16339.8 -20108.7 291.85 49.1506 0.880308
268000 -16348.8 -20179.5 296.631 244.401 0.884496
268100 -16312.5 -20156.2 297.637 279.056 0.886545
268200 -16221.6 -20089.6 299.524 133.057 0.886058
268300 -16105.8 -20037.1 304.429 104.718 0.884022
268400 -16165.6 -20048.9 300.708 158.458 0.880544
268500 -16250.5 -20076.6 296.278 -133.906 0.875519
268600 -16265.7 -20067.3 294.384 -190.4 0.871847
268700 -16193.8 -20061.4 299.488 19.6724 0.870145
268800 -16143.4 -20029.2 300.902 -11.5199 0.868339
268900 -16153.7 -20014.3 298.948 -330.985 0.867109
269000 -16173 -20045.8 299.897 -209.781 0.868829
269100 -16222.7 -20087.1 299.25 -167.714 0.872701
269200 -16277.2 -20109.6 296.767 195.188 0.877514
269300 -16278.9 -20105.6 296.33 67.4221 0.880378
269400 -16202.9 -20075.6 299.889 -13.427 0.882039
269500 -16086.3 -19985.3 301.922 198.57 0.883205
269600 -16124.2 -20065.3 305.184 223.389 0.882548
269700 -16235.5 -20102.1 299.41 171.92 0.879966
269800 -16279.9 -20100 295.812 -101.802 0.87662
269900 -16245.9 -20043.2 294.049 -186.324 0.874891
270000 -16154.2 -20054.6 302.032 125.144 0.874975
270100 -16170 -20044.8 300.049 -61.9428 0.874144
270200 -16212.5 -20039.3 296.335 -142.789 0.873723
270300 -16207.7 -20032.6 296.185 110.653 0.874535
270400 -16099.6 -20026.6 304.092 40.0459 0.874531
270500 -16073.6 -19958.7 300.848 -63.5704 0.874259
270600 -16134.3 -19989.9 298.564 -157.054 0.874709
270700 -16192.1 -20044.5 298.316 157.758 0.875973
270800 -16242.5 -20064.4 295.958 71.6357 0.876377
270900 -16245 -20069.7 296.17 -29.1967 0.875776
271000 -16218.8 -20021.3 294.454 -160.358 0.87567
271100 -16149.2 -20039.1 301.215 57.9772 0.877019
271200 -16152.5 -20039.2 300.974 -4.88645 0.877978
271300 -16248.3 -20093.5 297.763 339.092 0.878412
271400 -16295 -20118.2 296.054 39.8327 0.876328
271500 -16275.5 -20114.8 297.298 68.1691 0.873348
271600 -16223 -20051 296.429 -241.65 0.870053
271700 -16128.1 -20014.4 300.938 -92.4009 0.868632
271800 -16104.1 -19989 300.827 -122.063 0.868426
271900 -16129.5 -20010.5 300.534 -155.74 0.869487
272000 -16205.1 -20073.1 299.522 91.4566 0.871918
272100 -16266.8 -20105.1 297.218 12.1424 0.873925
272200 -16274.2 -20100.1 296.261 53.5716 0.875336
272300 -16226.8 -20086.4 298.877 -34.2844 0.876498
272400 -16113.1 -20036.3 303.794 161.069 0.877765
272500 -16122.6 -20046.4 303.843 91.5473 0.87772
272600 -16210 -20098.8 301.139 -103.592 0.876757
272700 -16245.7 -20035.1 293.437 -156.377 0.87652
272800 -16192.1 -20064.1 299.83 89.1719 0.877812
272900 -16162 -20038.2 300.161 404.324 0.878152
273000 -16226 -20077.2 298.219 -77.1434 0.875186
273100 -16337.2 -20121.8 293.065 -385.765 0.872648
273200 -16310.4 -20141.6 296.675 -2.04703 0.873195
273300 -16274.7 -20150.5 300.126 -36.0692 0.874466
273400 -16283.9 -20102.3 295.68 -80.1569 0.876239
273500 -16285.3 -20149.9 299.257 116.955 0.878981
273600 -16290.3 -20122.4 296.746 127.473 0.880884
273700 -16250.5 -20074.1 296.085 170.532 0.881421
273800 -16182.7 -20079.1 301.72 224.776 0.880191
273900 -16194.6 -20042.7 297.978 2.14361 0.876609
274000 -16216.3 -19993.1 292.457 -68.65 0.871988
274100 -16130.5 -20032.8 302.176 -213.775 0.867593
274200 -16100.3 -19963.2 299.127 -130.223 0.864919
274300 -16139.8 -19997.4 298.719 -40.2267 0.863327
274400 -16220.6 -19983.1 291.355 -220.709 0.862363
274500 -16163.8 -19967.6 294.55 -215.785 0.863761
274600 -16078 -19973.7 301.671 427.254 0.866656
274700 -16117.9 -19986.1 299.543 -239.123 0.866931
274800 -16165.8 -19968.1 294.43 -2.04151 0.868621
274900 -16132.5 -19991.5 298.826 301.785 0.87052
275000 -16080.2 -19978.2 301.847 -128.036 0.870278
275100 -16078.4 -19938.1 298.882 -66.6189 0.870831
275200 -16126.4 -19973 297.864 180.96 0.872088
275300 -16188.9 -20004.2 295.441 96.8722 0.871772
275400 -16189.4 -20032 297.557 -144.496 0.870405
275500 -16133.7 -19981.6 297.97 -171.259 0.870155
275600 -16029.5 -19903 299.944 26.3533 0.871662
275700 -16024.1 -19975.2 305.958 -49.7591 0.873377
275800 -16116 -19991.4 300.101 -1.20816 0.875553
275900 -16170.2 -20020.3 298.137 338.406 0.877999
276000 -16207.5 -20035.1 296.397 165.088 0.877646
276100 -16253 -20128.7 300.114 -37.8887 0.875433
276200 -16344.6 -20114.3 291.911 -342.782 0.873489
276300 -16318 -20119.7 294.39 -205.824 0.874527
276400 -16256.9 -20117.4 298.936 243.797 0.877551
276500 -16248.9 -20090.4 297.476 154.852 0.878762
276600 -16245.3 -20117.4 299.841 39.4131 0.87845
276700 -16293.3 -20073.3 292.708 -26.5368 0.877855
276800 -16277.3 -20094.8 295.611 274.078 0.877102
276900 -16169.9 -20038.7 299.588 105.873 0.873837
277000 -16152 -20050.1 301.852 -115.411 0.869448
277100 -16212.2 -20033.5 295.903 -285.674 0.866513
277200 -16228.7 -20063.8 296.975 -70.1819 0.865949
277300 -16199.6 -20029.7 296.589 -173.887 0.866585
277400 -16063.8 -19987.5 303.837 188.143 0.868488
277500 -16044.1 -19926.1 300.606 -89.4588 0.869271
277600 -16093.3 -19977.3 300.76 -78.8082 0.870467
277700 -16170.2 -19980.1 295.021 49.3234 0.872323
277800 -16192.7 -20059.1 299.395 183.236 0.873769
277900 -16218.2 -20043.9 296.25 -185.257 0.874067
278000 -16206.6 -20042 297 116.296 0.875523
278100 -16186.8 -20011.3 296.151 91.9222 0.876163
278200 -16158.1 -20018.6 298.943 -143.795 0.875954
278300 -16146.7 -20011.9 299.307 158.727 0.876637
278400 -16165 -20031.2 299.381 -127.933 0.876466
278500 -16248.9 -20051.4 294.449 -137.596 0.877306
278600 -16287.4 -20126.1 297.258 21.8283 0.879427
278700 -16265.2 -20093.2 296.421 469.485 0.880943
278800 -16155.5 -20038.1 300.66 152.516 0.878755
278900 -16095.7 -19975.7 300.456 -24.8252 0.874668
279000 -16121.8 -19985.6 299.193 -38.2216 0.870694
279100 -16168.9 -20031.9 299.138 -272.094 0.867474
279200 -16210.2 -20028.4 295.668 -286.552 0.866617
279300 -16173.8 -20001.2 296.382 -185.647 0.86862
279400 -16029.4 -19955.9 304.047 136.288 0.872296
279500 -16067.3 -19943.4 300.145 103.04 0.874739
279600 -16150.4 -20007.5 298.675 234.754 0.875658
279700 -16222.2 -20060.4 297.221 -13.947 0.874733
279800 -16259.8 -20076 295.512 -170.015 0.874045
279900 -16227.6 -20070.8 297.605 -45.1335 0.874691
280000 -16106 -19986.2 300.465 39.8436 0.875804
280100 -16076.8 -19981.2 302.342 -28.5538 0.876497
280200 -16140.5 -20012.6 299.846 75.0182 0.877063
280300 -16207.3 -20040.5 296.823 57.0765 0.876992
280400 -16206.4 -20041.7 296.991 -81.8658 0.876309
280500 -16197.2 -20074.4 300.23 -285.172 0.876855
280600 -16247.6 -20063.7 295.507 -31.023 0.87944
280700 -16346.1 -20133.8 293.308 173.863 0.881869
280800 -16394 -20173.3 292.658 7.48601 0.882644
280900 -16305.6 -20136.8 296.672 194.147 0.882573
281000 -16251 -20111.9 298.975 26.8677 0.881225
281100 -16247.5 -20081.6 296.893 -56.7637 0.87984
281200 -16231.4 -20092.3 298.975 175.694 0.878824
281300 -16200 -20079.2 300.389 150.318 0.876255
281400 -16180.8 -20038.4 298.713 -205.312 0.872762
281500 -16157.3 -19986.2 296.491 -204.997 0.871188
281600 -16087 -19975.1 301.076 77.2571 0.871455
281700 -16083.9 -19980.7 301.75 -176.266 0.871616
281800 -16173.5 -20028.1 298.485 187.864 0.872791
281900 -16230.2 -20103.7 299.947 -88.4438 0.87303
282000 -16258.8 -20092.7 296.88 -171.973 0.873648
282100 -16260.2 -20129.5 299.623 235.844 0.875401
282200 -16310.3 -20149.3 297.272 -184.628 0.875884
282300 -16396.7 -20163.4 291.68 33.0679 0.877217
282400 -16346.4 -20146.4 294.261 -94.2104 0.878753
282500 -16271.5 -20136.4 299.282 40.9884 0.880861
282600 -16284.7 -20175.3 301.279 135.683 0.882712
282700 -16350.5 -20156.5 294.721 127.171 0.883308
282800 -16342.6 -20133.2 293.528 177.51 0.882491
282900 -16233.8 -20086.4 298.329 44.1969 0.879955
283000 -16195.3 -20014.2 295.718 -231.021 0.87729
283100 -16141.7 -20005.4 299.195 -129.392 0.876765
283200 -16117.5 -20000.6 300.694 63.6376 0.877422
283300 -16176.6 -20005.2 296.474 123.051 0.877384
283400 -16262.3 -20053.4 293.568 -167.665 0.876592
283500 -16237.9 -20015.2 292.499 18.1003 0.876909
283600 -16116.1 -19992.7 300.184 -90.1726 0.877505
283700 -16122.5 -19988.5 299.368 177.425 0.878401
283800 -16175.1 -20025.8 298.18 -85.2402 0.878292
283900 -16223.6 -20032.7 294.963 44.4923 0.878673
284000 -16246.7 -20122.9 300.152 227.431 0.878565
284100 -16323.9 -20105.8 292.857 -203.348 0.876295
284200 -16338 -20117.3 292.656 -258.816 0.875399
284300 -16235.5 -20105 299.64 -114.376 0.877445
284400 -16199.4 -20033.1 296.868 -116.41 0.881527
284500 -16168.3 -20028 298.878 144.707 0.887404
284600 -16139.8 -20029.6 301.209 473.076 0.892236
284700 -16227 -20058.8 296.721 323.693 0.892993
284800 -16305.1 -20107.7 294.455 132.257 0.890514
284900 -16271.2 -20104.1 296.806 -94.8712 0.886587
285000 -16199 -20043 297.659 -150.512 0.883221
285100 -16145 -19992.9 297.967 -170.334 0.881615
285200 -16135.7 -20017 300.549 202.184 0.881282
285300 -16170.6 -20034.4 299.194 -94.5943 0.879772
285400 -16224.5 -20081.3 298.654 28.7268 0.878475
285500 -16283.2 -20100.8 295.621 -240.739 0.877453
285600 -16281.9 -20112.7 296.64 -260.658 0.878511
285700 -16179.2 -20085.4 302.484 103.317 0.882051
285800 -16163.1 -20085.1 303.703 238.531 0.884978
285900 -16260.4 -20120.7 298.929 214.214 0.885671
286000 -16311.9 -20142.7 296.645 -78.1471 0.884428
286100 -16306.5 -20133.6 296.356 -90.251 0.883341
286200 -16246.2 -20129 300.666 -46.8059 0.883303
286300 -16140.8 -20046.8 302.465 138.631 0.883352
286400 -16133.4 -20038.8 302.415 215.592 0.882116
286500 -16201.6 -20067.5 299.359 -109.486 0.879081
286600 -16231.8 -20075.8 297.671 -111.028 0.876563
286700 -16246 -20101.5 298.557 -318.215 0.875402
286800 -16254.8 -20059.9 294.652 -116.778 0.876928
286900 -16173.8 -20053.6 300.436 138.593 0.879914
287000 -16110.4 -20011.2 302.066 159.696 0.88227
287100 -16148.9 -20019 299.685 178.081 0.883224
287200 -16265.6 -20133.4 299.505 15.3522 0.882482
287300 -16318.9 -20150.9 296.733 32.3304 0.881222
287400 -16311.9 -20137.5 296.236 -33.549 0.879779
287500 -16243.5 -20103.5 298.904 -241.52 0.878465
287600 -16187.1 -20046.9 298.889 11.0015 0.878679
287700 -16172.7 -20070.8 301.855 65.9381 0.879356
287800 -16278.7 -20146.1 299.484 -8.84208 0.879482
287900 -16370.6 -20181.3 295.087 -130.135 0.879797
288000 -16353.5 -20178.8 296.218 97.8191 0.881136
288100 -16292.7 -20194.9 302.173 172.875 0.881901
288200 -16315 -20162.5 297.931 217.877 0.880698
288300 -16387.8 -20169.9 292.872 -264.775 0.877728
288400 -16362 -20180.3 295.671 -29.3954 0.87641
288500 -16256.6 -20132.6 300.14 76.4373 0.875495
288600 -16217.6 -20040 295.991 -239.479 0.874214
288700 -16159.1 -20032.8 299.969 -113.593 0.874733
288800 -16123.8 -19999.8 300.142 -127.767 0.876954
288900 -16083.4 -19995 302.9 44.7793 0.880463
289000 -16134.8 -20006.8 299.83 158.953 0.883813
289100 -16208.8 -20036.2 296.384 254.913 0.885607
289200 -16241.8 -20096.8 298.516 78.3479 0.88504
289300 -16303.2 -20108.9 294.704 204.111 0.883175
289400 -16353.5 -20150.1 293.993 -155.747 0.879962
289500 -16332.5 -20167.7 296.983 -252.348 0.877912
289600 -16241.4 -20084 297.559 109.073 0.877694
289700 -16179.9 -20081.7 302.144 -110.805 0.877161
289800 -16211.9 -20031.4 295.772 18.0223 0.877359
289900 -16211.2 -20031.1 295.799 178.085 0.877361
290000 -16096 -19985.3 301.171 -75.716 0.87607
290100 -16054.4 -19955.2 302.065 -81.159 0.875216
290200 -16118.7 -20009.2 301.265 26.9211 0.874956
290300 -16197.8 -20034.6 297.111 -204.206 0.874929
290400 -16202.6 -20052.2 298.101 -59.699 0.876619
290500 -16210.3 -20106.7 301.721 162.325 0.878943
290600 -16301.6 -20124.1 296 -83.2173 0.880419
290700 -16361 -20180.7 295.779 117.342 0.882362
290800 -16345.6 -20183.6 297.2 160.563 0.883784
290900 -16326.4 -20159.1 296.79 -134.934 0.884039
291000 -16292.1 -20125.5 296.844 242.199 0.884544
291100 -16264.2 -20142.1 300.288 161.521 0.883512
291200 -16284.4 -20138 298.409 63.1426 0.880524
291300 -16296.7 -20124.1 296.373 -259.641 0.876587
291400 -16249.4 -20066.8 295.605 -196.895 0.874329
291500 -16179.1 -20107.4 304.192 -101.008 0.873903
291600 -16210.8 -20032.2 295.915 -60.9738 0.874512
291700 -16193.1 -20050.8 298.723 -14.492 0.876091
291800 -16180.6 -20034.3 298.418 285.611 0.877547
291900 -16210.9 -20052.8 297.502 38.9413 0.876824
292000 -16279.5 -20056.4 292.473 -198.21 0.875418
292100 -16260 -20093.7 296.866 -80.5569 0.875802
292200 -16173.9 -20029.9 298.591 68.3704 0.877158
292300 -16109 -19982.4 299.939 79.6306 0.877904
292400 -16111.6 -19998.7 301.003 8.74061 0.877981
292500 -16158.3 -20014.1 298.575 -113.539 0.877973
292600 -16184.4 -20037.8 298.389 252.867 0.878597
292700 -16203.5 -20068 299.248 126.409 0.877239
292800 -16237.3 -20048.8 295.152 -89.8135 0.874657
292900 -16224.7 -20075.4 298.182 -79.6764 0.872675
293000 -16152.1 -20009.7 298.718 -234.701 0.871423
293100 -16066.7 -19948.1 300.562 -122.582 0.872483
293200 -16077.3 -20025.1 305.705 45.9844 0.874974
293300 -16188.1 -20058.7 299.723 100.513 0.876897
293400 -16228.5 -20089.8 299.004 122.827 0.877865
293500 -16263.5 -20079.6 295.507 -77.3228 0.877842
293600 -16256.9 -20066.7 295.018 -59.9333 0.878424
293700 -16169.4 -20064.6 301.63 35.2637 0.879856
293800 -16151.4 -20049.6 301.863 41.8064 0.880888
293900 -16239.3 -20067.4 296.431 -184.979 0.881721
294000 -16320.9 -20148.4 296.388 174.488 0.884003
294100 -16333.7 -20182.7 298.052 271.507 0.884893
294200 -16316.6 -20123.4 294.786 80.5071 0.883245
294300 -16237.4 -20105.1 299.502 181.17 0.880287
294400 -16192.4 -20028.6 297.061 125.065 0.87548
294500 -16151.7 -19975 296.061 -280.394 0.869855
294600 -16095 -19919.6 296.161 -284.02 0.867015
294700 -16072 -19926.3 298.464 -111.737 0.867121
294800 -16072.3 -19936.1 299.197 -122.046 0.868422
294900 -16106.5 -19952.9 297.854 -106.492 0.870962
295000 -16184.3 -20016.9 296.781 138.164 0.874077
295100 -16245.4 -20038.4 293.715 152.189 0.875392
295200 -16197.1 -20006.5 294.984 185.285 0.875064
295300 -16065.4 -19936.3 299.747 -11.1907 0.873354
295400 -16071.3 -19954.2 300.677 -206.685 0.872023
295500 -16134.6 -19940.7 294.725 -182.962 0.872801
295600 -16134.5 -19991.1 298.637 31.8802 0.874906
295700 -16098.9 -19961.4 299.099 52.6023 0.876619
295800 -16041.2 -19918.6 300.256 -75.8003 0.877767
295900 -16000.7 -19898.4 301.822 31.1237 0.879397
296000 -16060.6 -19964.4 302.297 148.678 0.880544
296100 -16158.8 -19966.3 294.839 -29.3479 0.880288
296200 -16155.1 -20008.4 298.388 126.09 0.880099
296300 -16129.6 -19959 296.536 16.0977 0.879066
296400 -16036.2 -19900.6 299.242 240.023 0.877359
296500 -15977.7 -19855.3 300.262 -185.777 0.874359
296600 -15981.1 -19837.7 298.647 -304.331 0.873075
296700 -15997.9 -19852.9 298.516 85.1342 0.874389
296800 -16064.3 -19914.5 298.147 91.6126 0.875286
296900 -16206.8 -20021.7 295.411 0.530347 0.875045
297000 -16217.7 -20033.9 295.513 66.5441 0.874552
297100 -16148.2 -19984.3 297.057 -79.756 0.873801
297200 -16087 -19970.9 300.754 -111.354 0.873809
297300 -16106.4 -19966.3 298.898 224.463 0.874416
297400 -16200.4 -20053.3 298.354 25.4858 0.873495
297500 -16284.2 -20091.7 294.835 -55.1728 0.8723
297600 -16262.6 -20100.4 297.183 43.5076 0.871516
297700 -16217.7 -20080.7 299.134 -99.8576 0.870567
297800 -16169.3 -20032.9 299.181 76.0766 0.870029
297900 -16075.6 -19959.7 300.768 -159.244 0.869205
298000 -16013.1 -19917.1 302.314 -198.445 0.869877
298100 -16061.9 -19931.6 299.653 111.03 0.872394
298200 -16169.2 -20023.2 298.435 34.1155 0.874308
298300 -16197.6 -20020.2 296.002 44.1554 0.875496
298400 -16159.5 -20000.5 297.434 44.5639 0.876222
298500 -16114.1 -20000.7 300.959 98.1957 0.876585
298600 -16126.8 -20003.4 300.192 -61.8969 0.876126
298700 -16233.1 -20059.9 296.33 -3.238 0.875926
298800 -16269.8 -20044.9 292.328 165.777 0.875717
298900 -16203.9 -20034.3 296.608 22.8704 0.874287
299000 -16158.8 -20016.6 298.732 -98.6945 0.872532
299100 -16144.1 -19999.8 298.575 65.7828 0.871479
299200 -16167.2 -20047.6 300.488 175.153 0.869531
299300 -16285.6 -20044.2 291.055 -303.509 0.866416
299400 -16279.5 -20090.9 295.14 -316.476 0.86607
299500 -16218 -20047.1 296.511 20.7007 0.868554
299600 -16158.1 -19984.3 296.28 169.954 0.870934
299700 -16103.4 -19963.2 298.888 -161.692 0.872213
299800 -16118.9 -20054 304.72 127.083 0.87449
299900 -16178.5 -19980.7 294.432 285.343 0.875576
300000 -16155.9 -20018.8 299.132 2.40366 0.874356
300100 -16137.9 -19962.7 296.172 8.51736 0.872826
300200 -16045.5 -19928.4 300.676 -28.8677 0.870973
300300 -15992 -19887.8 301.676 -255.066 0.869617
300400 -16038.1 -19913.2 300.071 -247.538 0.870795
300500 -16098.7 -19960 299.01 -72.946 0.874468
300600 -16135.3 -20026.8 301.341 63.5867 0.879003
300700 -16192 -20058.5 299.405 249.247 0.882539
300800 -16249.9 -20090.4 297.388 156.315 0.883715
300900 -16260.4 -20067.4 294.796 168 0.88297
301000 -16212.6 -20034.9 295.978 96.7146 0.880795
301100 -16159.9 -19990.9 296.662 -39.4794 0.877997
301200 -16146.7 -20013.3 299.414 27.5392 0.875615
301300 -16157.7 -19986.5 296.488 -45.8273 0.873406
301400 -16144.6 -20002.4 298.736 -224.157 0.871759
301500 -16119.2 -19939.5 295.826 -46.9385 0.872297
301600 -16049.1 -19992.2 305.337 138.41 0.873255
301700 -16118.3 -20003.3 300.841 -143.918 0.873438
301800 -16205.3 -20069.1 299.2 76.6684 0.874367
301900 -16238.2 -20079.8 297.48 18.3237 0.87473
302000 -16254.1 -20071.8 295.631 -51.1279 0.874784
302100 -16197.6 -20021.6 296.116 -47.7784 0.875301
302200 -16093 -19956.9 299.204 43.6652 0.876246
302300 -16084.5 -19976.3 301.363 64.6513 0.876679
302400 -16149.7 -19995.1 297.778 -57.5934 0.876749
302500 -16216.4 -20075.8 298.86 7.90965 0.8772
302600 -16246.8 -20063 295.508 -48.2099 0.877626
302700 -16210.2 -20022.8 295.23 -123.622 0.878558
302800 -16162.8 -20043.8 300.532 211.664 0.880059
302900 -16183.2 -20043.7 298.942 18.9593 0.879665
303000 -16260 -20078.7 295.711 -190.864 0.879292
303100 -16360.9 -20113.4 290.583 118.894 0.880308
303200 -16324.9 -20115.3 293.521 157.07 0.880441
303300 -16201.9 -20075.4 299.952 64.9706 0.879181
303400 -16199.2 -20045.6 297.846 -6.64851 0.87725
303500 -16207.3 -20026.7 295.762 -222.65 0.875888
303600 -16164.8 -20030.4 299.337 -121.357 0.876586
303700 -16114 -19993.1 300.382 82.5715 0.878059
303800 -16096.5 -19995.7 301.939 17.1806 0.878775
303900 -16174.8 -19995.5 295.864 -89.8747 0.879476
304000 -16234.5 -20056.5 295.958 44.0052 0.8806
304100 -16238 -20073.2 296.985 -93.3325 0.881517
304200 -16182.8 -20045.5 299.108 -28.2031 0.883052
304300 -16086.7 -19972.6 300.912 117.763 0.88427
304400 -16079.2 -19982.3 302.242 92.2994 0.88428
304500 -16173.7 -20017.3 297.628 104.418 0.883356
304600 -16198.8 -19991.6 293.701 -68.5995 0.88204
304700 -16164.4 -20045.5 300.541 -93.5536 0.881566
304800 -16179.6 -20036.9 298.694 -115.982 0.881806
304900 -16249.8 -20080 296.59 75.9869 0.882922
305000 -16326.7 -20088.1 291.263 13.9188 0.883614
305100 -16266.4 -20090.5 296.126 154.914 0.883767
305200 -16230.7 -20086.3 298.561 278.818 0.882285
305300 -16225.1 -20048.4 296.066 36.7923 0.878565
305400 -16159.3 -19992.7 296.848 -112.382 0.874674
305500 -16065.6 -19897.6 296.738 -142.355 0.872299
305600 -16029.6 -19915.5 300.906 -107.944 0.871527
305700 -16049.3 -19900 298.18 44.615 0.871636
305800 -16097 -19953.3 298.619 -88.7588 0.871907
305900 -16190.4 -19989 294.153 -29.0375 0.872714
306000 -16212 -20043.8 296.718 42.4091 0.873679
306100 -16201.9 -20043.7 297.491 -28.2662 0.874538
306200 -16184.4 -20017.4 296.819 -71.3794 0.875518
306300 -16151.7 -20025.5 299.973 113.772 0.876864
306400 -16153.4 -20009.9 298.629 -74.7954 0.877652
306500 -16206.4 -20051 297.715 247.822 0.878524
306600 -16278.1 -20071.5 293.746 8.97536 0.877713
306700 -16234.9 -20060.6 296.243 -3.06125 0.876362
306800 -16152.8 -20016.4 299.186 14.8101 0.874916
306900 -16127 -19961 296.888 -248.261 0.873786
307000 -16107.8 -19947.8 297.36 -185.787 0.8748
307100 -16081.5 -19954.9 299.942 -29.0454 0.877604
307200 -16116 -20006.8 301.285 359.856 0.880407
307300 -16236.4 -20038.7 294.437 35.2148 0.880599
307400 -16227.6 -20046.3 295.703 -55.6373 0.880125
307500 -16160.3 -20036.2 300.133 -16.8387 0.879932
307600 -16133.5 -20012.6 300.386 198.24 0.879721
307700 -16195.1 -20065.7 299.727 -87.9959 0.878073
307800 -16298.1 -20060.3 291.334 -145.861 0.876947
307900 -16234 -20014.4 292.738 7.67267 0.8772
308000 -16140.4 -19973.9 296.849 92.2654 0.87772
308100 -16089.1 -19967.4 300.328 347.686 0.876938
308200 -16089.8 -19960 299.693 -146.24 0.873088
308300 -16167.6 -20018.2 298.177 -166.284 0.869866
308400 -16255.9 -20072 295.501 -30.6064 0.867946
308500 -16234.7 -20004.9 291.952 -202.102 0.866542
308600 -16149.5 -19978.2 296.48 -156.357 0.866919
308700 -16109.7 -19988.7 300.371 92.5069 0.869083
308800 -16143.8 -20000.7 298.66 294.021 0.870723
308900 -16197.7 -19979.6 292.855 -92.5074 0.869884
309000 -16127.5 -19980.3 298.345 -48.5186 0.869374
309100 -16028.5 -19881.9 298.389 50.9502 0.869285
309200 -16005.1 -19893.9 301.13 38.6773 0.868621
309300 -16060.9 -19910.1 298.069 -182.963 0.867422
309400 -16115.7 -19938.2 296.005 -142.271 0.867648
309500 -16126.5 -19991.8 299.313 127.801 0.869454
309600 -16150.2 -20021.2 299.757 -14.6437 0.870741
309700 -16169.9 -20014.2 297.685 -112.541 0.872214
309800 -16180.8 -20060.1 300.396 -31.0547 0.874967
309900 -16248.3 -20108.9 298.948 103.064 0.878228
310000 -16315 -20136.7 295.943 346.84 0.880379
310100 -16310.7 -20115.2 294.604 -6.33598 0.879819
310200 -16237.4 -20077.2 297.339 -28.4762 0.878815
310300 -16196.4 -20072.1 300.117 109.268 0.877897
310400 -16231.1 -20093.5 299.09 -55.9757 0.876111
310500 -16288.5 -20139.3 298.191 -107.959 0.874741
310600 -16339.5 -20132.1 293.687 -3.86681 0.874392
310700 -16289.5 -20097.1 294.842 -75.2003 0.874238
310800 -16183.2 -20080.6 301.8 83.1915 0.874517
310900 -16193.3 -20022.9 296.548 -13.604 0.874288
311000 -16193.9 -20050.5 298.639 2.34317 0.873909
311100 -16206.4 -20034.2 296.41 -229.674 0.873838
311200 -16178.3 -20033.1 298.505 6.92596 0.875602
311300 -16131.7 -20055.1 303.811 295.841 0.877484
311400 -16204.3 -20036.4 296.736 -130.891 0.877132
311500 -16252.2 -20078.5 296.293 -3.12803 0.877511
311600 -16256.8 -20105.2 298.007 231.614 0.878089
311700 -16239.1 -20064.4 296.214 -150.686 0.876967
311800 -16115.8 -19979.1 299.157 170.433 0.876296
311900 -16064.2 -19964.6 302.026 -136.465 0.874608
312000 -16114.3 -19948.4 296.899 -136.856 0.873723
312100 -16173.8 -20040 299.388 113.387 0.874097
312200 -16255.4 -20028.1 292.139 -48.7769 0.87368
312300 -16229.7 -20019 293.424 23.7484 0.87333
312400 -16162.2 -19988 296.255 -21.1494 0.872872
312500 -16142.9 -20037.2 301.561 -52.9855 0.872483
312600 -16195.5 -20028 296.775 -88.6838 0.872846
312700 -16252.4 -20090.8 297.225 114.054 0.873783
312800 -16278.7 -20059.5 292.774 -69.6998 0.874088
312900 -16166.4 -19999.5 296.821 10.83 0.874889
313000 -16096.2 -19990.8 301.58 241.709 0.875605
313100 -16138.9 -20015 300.152 32.1346 0.874305
313200 -16218.5 -20054.8 297.072 -215.47 0.872513
313300 -16260.4 -20103.6 297.602 -59.8004 0.872416
313400 -16268.2 -20096.7 296.468 -59.1791 0.873082
313500 -16206.2 -20064.1 298.738 132.016 0.874125
313600 -16088 -19998.6 302.82 193.266 0.874137
313700 -16110.8 -20041.2 304.359 137.33 0.872148
313800 -16227.5 -20109.5 300.608 -227.131 0.869058
313900 -16285.1 -20105.7 295.853 -47.0725 0.867555
314000 -16278.4 -20113 296.94 -172.924 0.86686
314100 -16220.2 -20086.4 299.385 -104.345 0.867502
314200 -16161.3 -20067.1 302.446 9.55377 0.869579
314300 -16178.1 -20058 300.443 317.985 0.871323
314400 -16280.6 -20061.4 292.777 -20.7699 0.870595
314500 -16276.5 -20132.4 298.586 -172.382 0.8697
314600 -16237.4 -20086.9 298.09 -67.8954 0.870296
314700 -16142 -20024 300.611 97.4785 0.871885
314800 -16065.6 -19926.7 298.99 286.981 0.872266
314900 -16019.5 -19926.7 302.552 22.8327 0.870188
315000 -16058.4 -19876 295.62 -97.3891 0.867493
315100 -16127.1 -19965.8 297.254 -366.284 0.865933
315200 -16186.2 -20042.2 298.594 35.1491 0.867412
315300 -16249.5 -20066.4 295.566 141.534 0.868965
315400 -16257.7 -20092.2 296.924 -260.458 0.869808
315500 -16185.4 -20026 297.403 39.0661 0.872557
315600 -16085.4 -19984 301.892 373.288 0.874959
315700 -16117.3 -20019.2 302.155 61.5478 0.874319
315800 -16190.3 -20014 296.09 -296.53 0.873258
315900 -16198.4 -20041.8 297.616 14.2452 0.874395
316000 -16188.6 -20063.2 300.031 80.72 0.87591
316100 -16244.5 -20050.9 294.75 340.107 0.876127
316200 -16314.5 -20088.9 292.275 -40.3282 0.873547
316300 -16250 -20070.1 295.819 -195.794 0.870911
316400 -16165.6 -20013.5 297.961 -243.996 0.870032
316500 -16145.4 -20004.8 298.859 140.974 0.871215
316600 -16148.6 -19996.8 297.991 85.0593 0.871661
316700 -16141.7 -19960.5 295.716 -76.8609 0.871161
316800 -16067.6 -19972.7 302.4 138.927 0.870977
316900 -16072.3 -19961.2 301.136 -26.9179 0.869625
317000 -16138 -19941 294.491 -28.7054 0.867824
317100 -16129.3 -19963.9 296.94 -379.958 0.866549
317200 -16041.3 -19953.9 302.982 191.246 0.86794
317300 -15973.3 -19925.7 306.059 -68.0429 0.868788
317400 -16052.9 -19920.1 299.456 -351.911 0.870302
317500 -16096.1 -19953 298.665 243.247 0.874868
317600 -16123.3 -19976.8 298.4 183.426 0.878181
317700 -16170.2 -20011.4 297.444 -8.02141 0.879874
317800 -16270.3 -20102.6 296.761 253.842 0.881149
317900 -16322.6 -20102.9 292.737 -159.424 0.880609
318000 -16277.4 -20105.2 296.409 -61.0817 0.881137
318100 -16241.7 -20094.1 298.317 68.825 0.882415
318200 -16246.3 -20122.5 300.162 155.757 0.882936
318300 -16305.3 -20132.5 296.37 46.9313 0.882212
318400 -16381.5 -20105.4 288.369 -160.125 0.88104
318500 -16331.7 -20147.1 295.443 -158.438 0.881174
318600 -16231.2 -20115.5 300.783 329.75 0.882251
318700 -16254.8 -20124.1 299.624 291.448 0.880643
318800 -16311.7 -20137.7 296.272 -339.595 0.876746
318900 -16336.1 -20165.6 296.543 -144.65 0.875138
319000 -16326 -20139.5 295.304 115.6 0.87486
319100 -16243.1 -20115.9 299.895 -103.226 0.873949
319200 -16188 -20063.4 300.103 -94.4604 0.873862
319300 -16185.8 -20041.8 298.595 161.95 0.874463
319400 -16263.6 -20111.6 297.979 134.74 0.87371
319500 -16354.2 -20156.4 294.426 5.91995 0.871657
319600 -16326.4 -20121.1 293.847 -45.5502 0.869127
319700 -16245.2 -20056 295.094 -205.719 0.867014
319800 -16187.4 -20050.3 299.126 -173.338 0.866807
319900 -16174.1 -20053 300.364 7.81186 0.868207
320000 -16231.7 -20063 296.682 44.4005 0.869887
320100 -16299 -20130.1 296.666 -60.0192 0.871571
320200 -16376.7 -20152.1 292.347 102.892 0.873622
320300 -16451.9 -20213.7 291.298 -247.739 0.875666
320400 -16370.1 -20188.7 295.7 194.741 0.879689
320500 -16293.2 -20138.4 297.76 306.554 0.882199
320600 -16269.9 -20121.1 298.228 180.746 0.882036
320700 -16239.9 -20103.2 299.154 82.7854 0.879779
320800 -16213.7 -20086.7 299.91 110.201 0.876257
320900 -16234.1 -20096.4 299.085 -193.174 0.871974
321000 -16307.5 -20116 294.921 -329.551 0.869423
321100 -16308.2 -20093 293.082 -261.396 0.870073
321200 -16203.3 -20077.4 299.996 100.405 0.87304
321300 -16189.6 -20066 300.168 368.907 0.875071
321400 -16224.2 -20049.5 296.214 -203.048 0.874194
321500 -16219.5 -20031.6 295.196 -246.604 0.874898
321600 -16106.6 -20006.8 302.017 301.265 0.877539
321700 -16102.7 -20002.3 301.971 25.9303 0.878167
321800 -16147.5 -19987.5 297.356 3.29232 0.878075
321900 -16181.5 -20077.8 301.716 64.9036 0.877756
322000 -16249.8 -20032 292.873 -134.727 0.877182
322100 -16237.3 -20139.2 302.149 123.639 0.877581
322200 -16290.6 -20128.2 297.172 112.369 0.876868
322300 -16293.5 -20072.3 292.619 -324.92 0.875512
322400 -16214 -20047.8 296.869 221.489 0.876227
322500 -16175 -20012.4 297.152 104.703 0.875635
322600 -16146.9 -20012.8 299.359 45.329 0.873569
322700 -16117.7 -19944.7 296.346 -10.5598 0.87032
322800 -16010 -19891.4 300.561 -334.534 0.86701
322900 -15978.4 -19927.3 305.79 -36.1673 0.865884
323000 -16067.3 -19937.2 299.674 -229.953 0.865988
323100 -16126.1 -20009 300.673 -152.949 0.868233
323200 -16202.8 -20060 298.687 46.589 0.872369
323300 -16266.7 -20115.1 298.005 127.959 0.876647
323400 -16294.8 -20120.9 296.275 119.036 0.879626
323500 -16265.5 -20087.8 295.978 249.567 0.881612
323600 -16135.4 -20014.5 300.379 256.343 0.88145
323700 -16092.1 -19961.4 299.63 60.8865 0.878548
323800 -16107.4 -19946.9 297.32 -258.211 0.87527
323900 -16122.2 -19991 299.585 -138.461 0.874121
324000 -16196.7 -20046.1 298.08 -95.1504 0.874181
324100 -16276.3 -20075.5 294.193 -12.6386 0.875411
324200 -16270.5 -20099.5 296.504 253.685 0.87671
324300 -16217.3 -20056.5 297.29 6.37667 0.876099
324400 -16153.5 -20009.4 298.587 -32.1433 0.874925
324500 -16136 -19970.3 296.907 -226.596 0.87416
324600 -16111 -19972.8 299.043 -83.3981 0.875456
324700 -16128.1 -20038.5 302.809 155.324 0.877744
324800 -16239.4 -20084.4 297.745 171.663 0.878942
324900 -16272.5 -20122.9 298.167 102.147 0.878279
325000 -16273.1 -20077.1 294.569 80.6444 0.876249
325100 -16188.9 -20046.5 298.717 -26.8657 0.873373
325200 -16133.4 -20023.2 301.209 -85.2109 0.870476
325300 -16168.1 -20045 300.212 44.5862 0.867939
325400 -16211.2 -20035.7 296.158 -227.172 0.865102
325500 -16198.2 -20039.5 297.454 -295.814 0.864266
325600 -16178.1 -20045.7 299.489 41.6129 0.865991
325700 -16191.5 -20060.3 299.582 32.4878 0.867924
325800 -16221 -20080.1 298.829 149.544 0.869692
325900 -16265.2 -20110.5 297.762 98.8264 0.870495
326000 -16302 -20124.4 295.996 41.6035 0.870162
326100 -16311.1 -20134.2 296.044 80.4886 0.869019
326200 -16277 -20117.9 297.429 93.0163 0.866704
326300 -16195.4 -20029.6 296.909 -105.662 0.863121
326400 -16135.7 -20021.5 300.906 -329.573 0.860185
326500 -16152.3 -20018.8 299.408 -186.663 0.859754
326600 -16239.7 -20013.7 292.25 -339.199 0.861721
326700 -16296.6 -20118.8 295.972 -208.435 0.867287
326800 -16327.7 -20169.1 297.465 339.023 0.874735
326900 -16385.2 -20160.1 292.314 11.8982 0.879429
327000 -16326.9 -20130.7 294.553 -44.786 0.88298
327100 -16239.5 -20110.5 299.752 142.526 0.886631
327200 -16240.2 -20125.9 300.892 520.459 0.888158
327300 -16302.9 -20115 295.19 140.46 0.885198
327400 -16314.3 -20116.6 294.437 -229.291 0.881363
327500 -16190.4 -20034.4 297.668 142.27 0.879302
327600 -16121.1 -20020.4 301.949 89.4979 0.876524
327700 -16160.8 -20021.8 298.981 -126.275 0.873278
327800 -16233.4 -20053.9 295.839 -198.075 0.871256
327900 -16245.6 -20059.4 295.328 -130.553 0.871339
328000 -16171 -20078.2 302.557 46.1333 0.872702
328100 -16074.4 -19972.8 301.882 -107.782 0.873874
328200 -16061.1 -19987.6 304.048 5.19921 0.8758
328300 -16198.4 -20078.2 300.435 3.55391 0.87767
328400 -16262.2 -20091.3 296.504 -69.5477 0.87935
328500 -16281.5 -20144 299.097 170.74 0.881518
328600 -16336.6 -20197.8 298.998 277.73 0.881917
328700 -16415.4 -20239.2 296.106 -9.24717 0.879755
328800 -16425.5 -20207.6 292.871 -92.5036 0.877779
328900 -16320.3 -20151.3 296.663 -76.2902 0.876762
329000 -16264.8 -20111.5 297.871 114.725 0.876343
329100 -16236.3 -20037.7 294.363 24.1145 0.87518
329200 -16144.3 -20004.3 298.902 -71.4062 0.873812
329300 -16105.7 -19984.1 300.324 145.958 0.87272
329400 -16135.1 -20000 299.28 40.4386 0.870538
329500 -16226.2 -20047.4 295.899 -161.686 0.86811
329600 -16284.8 -20100 295.436 -127.94 0.867176
329700 -16276.9 -20107.1 296.596 13.0186 0.867389
329800 -16222.1 -19987.9 291.609 163.289 0.86743
329900 -16148.9 -20028.9 300.454 128.564 0.866082
330000 -16152.3 -19993.6 297.456 -347.76 0.863927
330100 -16160.7 -20017.3 298.638 -152.833 0.864742
330200 -16217.8 -20054.7 297.114 217.497 0.866901
330300 -16296.5 -20093.9 294.057 76.5705 0.867374
330400 -16271.5 -20064.4 293.712 72.5928 0.866887
330500 -16163.5 -20030.1 299.409 -206.718 0.866044
330600 -16142.4 -19995.3 298.351 48.5098 0.866562
330700 -16136.4 -19986.3 298.124 -92.7246 0.867068
330800 -16149.8 -20026.5 300.195 -96.5378 0.868383
330900 -16254.1 -20085.8 296.714 -104.413 0.871127
331000 -16303.2 -20141.3 297.208 95.2969 0.87479
331100 -16296.5 -20123 296.314 108.571 0.877822
331200 -16228.3 -20120.8 301.423 351.497 0.87957
331300 -16143 -20055.1 302.942 221.719 0.878137
331400 -16179.4 -20035.8 298.627 -103.173 0.874621
331500 -16287 -20105.8 295.713 -196.139 0.871799
331600 -16291 -20093.5 294.45 -110.68 0.870586
331700 -16232.8 -20076 297.601 -77.1925 0.870575
331800 -16188.3 -20038.3 298.129 6.041 0.871448
331900 -16176.6 -20030.3 298.417 -184.043 0.872797
332000 -16191 -20073.1 300.619 138.449 0.875415
332100 -16223 -20063.1 297.362 106.08 0.877144
332200 -16243.2 -20095.6 298.319 -82.3617 0.87807
332300 -16286.1 -20115.1 296.498 -43.9024 0.879815
332400 -16399.1 -20174.8 292.373 276.142 0.88184
332500 -16397.8 -20180.6 292.926 114.91 0.88185
332600 -16299 -20153.8 298.5 29.3751 0.880421
332700 -16263.1 -20107.4 297.689 111.781 0.878071
332800 -16245.8 -20091.1 297.763 -48.1263 0.874612
332900 -16179 -20010 296.657 -374.106 0.871507
333000 -16078.1 -19970 301.375 -104.403 0.871387
333100 -16090.2 -19972.9 300.656 -151.656 0.87311
333200 -16158 -20020.9 299.134 113.181 0.875868
333300 -16209.3 -20023.7 295.372 -196.683 0.878568
333400 -16209 -20084.7 300.12 261.009 0.882775
333500 -16230.8 -20073.1 297.537 172.062 0.885274
333600 -16243.7 -20089 297.767 -17.2123 0.885918
333700 -16250.3 -20099.4 298.058 191.824 0.886419
333800 -16279.7 -20075.1 293.904 246.415 0.885204
333900 -16242.1 -20067.9 296.259 -144.043 0.881879
334000 -16156.2 -20028.3 299.84 -112.971 0.879255
334100 -16120.5 -19979.7 298.847 93.1124 0.877313
334200 -16101.2 -19944.3 297.592 -117.915 0.874911
334300 -16052.7 -19951.6 301.918 -181.072 0.873399
334400 -16025 -19894.8 299.663 -96.3264 0.873599
334500 -16052.3 -19936.4 300.765 101.365 0.874664
334600 -16158.7 -20007.2 298.015 -115.311 0.875351
334700 -16224.5 -20080.9 298.625 -15.9551 0.876918
334800 -16253 -20070.6 295.621 76.195 0.878977
334900 -16227.7 -20114.1 300.951 125.756 0.88058
335000 -16236.3 -20088.8 298.323 120.881 0.881242
335100 -16279.8 -20072.5 293.695 85.77 0.880757
335200 -16248.3 -20122.4 299.996 -60.5942 0.878981
335300 -16215 -20052.5 297.163 -232.871 0.877561
335400 -16149 -20042.9 301.531 98.8567 0.878056
335500 -16121.6 -20001.2 300.421 -5.54691 0.878305
335600 -16176.1 -20011.8 297.023 -40.3217 0.878353
335700 -16260 -20076.6 295.54 -101.089 0.87876
335800 -16303.2 -20093.9 293.538 9.13554 0.88032
335900 -16225.8 -20046.5 295.863 225.566 0.881906
336000 -16131 -19974.7 297.642 57.5873 0.881536
336100 -16115.9 -20026.3 302.807 -0.941764 0.880449
336200 -16185.4 -20001.9 295.537 -25.4721 0.879299
336300 -16206.6 -20037 296.611 52.9718 0.878256
336400 -16184.7 -20053.2 299.558 -55.3484 0.876861
336500 -16155.2 -20033 300.283 83.3575 0.875501
336600 -16156.4 -20026.8 299.711 60.6714 0.873471
336700 -16203.9 -20015.6 295.166 -131.063 0.87081
336800 -16216.9 -20031.1 295.357 -393.821 0.869634
336900 -16150.5 -20041 301.272 -234.012 0.872149
337000 -16086.9 -19965.2 300.317 433.057 0.876453
337100 -16035.5 -19947.6 302.937 177.337 0.877439
337200 -16053.6 -19921.9 299.545 103.21 0.875893
337300 -16147.2 -20001.2 298.438 -101.906 0.873781
337400 -16220 -20044.1 296.124 12.2504 0.872455
337500 -16218.5 -20035.9 295.606 -159.944 0.871355
337600 -16150.7 -20014.3 299.178 -11.4811 0.871501
337700 -16045.1 -19966.4 303.652 -68.4927 0.872006
337800 -16038.7 -19939.5 302.065 -148.743 0.873325
337900 -16174.3 -19985.2 295.098 -130.07 0.876127
338000 -16185 -19999.6 295.389 41.1712 0.880018
338100 -16137.6 -20030.1 301.42 339.815 0.883441
338200 -16165.4 -20037.9 299.875 217.642 0.883933
338300 -16275.6 -20110.3 296.944 40.5701 0.882304
338400 -16316.6 -20155.3 297.249 108.252 0.879962
338500 -16307.3 -20123.9 295.543 -301.549 0.877288
338600 -16226.7 -20067.2 297.394 -19.9714 0.876922
338700 -16157.8 -20005 297.912 202.98 0.876754
338800 -16155.5 -20031.8 300.167 92.4303 0.87479
338900 -16197.2 -20002.3 294.651 -266.214 0.872551
339000 -16158.8 -19999.3 297.393 -103.788 0.872621
339100 -16066 -19987.2 303.64 301.191 0.873338
339200 -16088.8 -19936.9 297.989 -103.988 0.871902
339300 -16102.4 -19969.8 299.471 -288.697 0.87155
339400 -16129.7 -19991.8 299.065 175.812 0.873427
339500 -16174.7 -19993 295.674 13.1898 0.873687
339600 -16172.1 -20008.5 297.079 36.283 0.873577
339700 -16102.4 -19991.9 301.184 209.214 0.873332
339800 -16072 -19946.7 300.04 -41.0399 0.871441
339900 -16080.5 -19951.8 299.78 -35.9113 0.869737
340000 -16160.4 -19998.2 297.18 -172.948 0.868836
340100 -16229.2 -20043.8 295.389 -137.747 0.869587
340200 -16213 -20014.6 294.383 -5.92127 0.871643
340300 -16133.9 -19998.6 299.264 113.772 0.87336
340400 -16101.1 -19955.2 298.449 27.4761 0.873871
340500 -16106.4 -19960.2 298.422 -69.5334 0.873966
340600 -16129.9 -19960 296.593 -393.554 0.875263
340700 -16140.3 -19985 297.722 -172.763 0.879592
340800 -16166.6 -20031.2 299.262 226.198 0.884441
340900 -16245.8 -20065.8 295.807 -51.6399 0.887215
341000 -16272.7 -20080.8 294.89 199.078 0.889316
341100 -16212.7 -20086.1 299.942 334.39 0.889335
341200 -16118 -20002.5 300.8 169.878 0.886485
341300 -16061.9 -19983.6 303.677 -46.3451 0.882483
341400 -16158.3 -20004.9 297.869 -205.531 0.879428
341500 -16237.7 -20088.4 298.181 127.26 0.878121
341600 -16249.8 -20082.1 296.752 86.5826 0.876239
341700 -16222.3 -20038.6 295.518 -174.843 0.874063
341800 -16132.1 -19992.9 298.963 -89.3705 0.873142
341900 -16082.3 -19950.9 299.564 -53.2803 0.873157
342000 -16096 -19967.4 299.784 -158.137 0.874173
342100 -16186.5 -20001.2 295.393 -147.591 0.876594
342200 -16268.4 -20083.6 295.429 135.252 0.880075
342300 -16256.2 -20053.4 294.037 204.777 0.882231
342400 -16209.6 -20077.5 299.516 -125.349 0.882632
342500 -16189.9 -20018 296.431 135.997 0.883787
342600 -16130.8 -20019.4 301.118 414.552 0.88367
342700 -16050.3 -19936.2 300.909 92.2156 0.879769
342800 -15987.2 -19911.2 303.859 -112.347 0.875082
342900 -16072.6 -19940.2 299.492 -437.514 0.872215
343000 -16164.8 -20021.4 298.645 -224.015 0.873474
343100 -16203 -20045.5 297.545 308.868 0.876251
343200 -16251.3 -20096.9 297.792 -56.2786 0.87677
343300 -16309.3 -20115.1 294.708 27.6906 0.877256
343400 -16329.6 -20114.3 293.072 -114.353 0.877602
343500 -16233.5 -20112.1 300.341 -42.4109 0.878811
343600 -16184.6 -20045.1 298.936 232.253 0.880133
343700 -16192.5 -20055.8 299.165 37.496 0.879618
343800 -16268.1 -20102 296.879 -32.1433 0.878625
343900 -16357.4 -20176.3 295.721 25.1754 0.877898
344000 -16358.6 -20147.9 293.432 156.347 0.876874
344100 -16299.8 -20155.1 298.542 -53.269 0.874874
344200 -16275 -20093.8 295.709 -239.438 0.873386
344300 -16229 -20077 297.97 6.64808 0.87369
344400 -16205 -20085.2 300.469 129.483 0.874207
344500 -16254.2 -20084.1 296.575 -44.2427 0.873825
344600 -16353.7 -20126.1 292.118 -194.928 0.87373
344700 -16358.5 -20138.4 292.704 -10.4668 0.875147
344800 -16245.9 -20097.5 298.252 96.9768 0.87694
344900 -16218 -20101.5 300.72 90.071 0.878076
345000 -16264.8 -20130.5 299.346 250.407 0.877924
345100 -16334.9 -20124.2 293.428 79.8619 0.875386
345200 -16294 -20100.1 294.737 -323.056 0.872516
345300 -16229.9 -20097 299.456 86.9759 0.872185
345400 -16236.3 -20094.4 298.759 -75.8751 0.871469
345500 -16261.6 -20099.9 297.223 -334.374 0.871536
345600 -16310.2 -20149.7 297.315 77.6831 0.874396
345700 -16389.4 -20187.9 294.143 100.754 0.877033
345800 -16418.1 -20221.8 294.542 93.9972 0.878383
345900 -16327.8 -20146.1 295.673 -173.29 0.878997
346000 -16235.3 -20092.3 298.671 168.024 0.88092
346100 -16221 -20115.3 301.561 66.9732 0.881854
346200 -16294 -20158.4 299.243 164.797 0.881558
346300 -16348.8 -20117.7 291.849 -135.15 0.880317
346400 -16300.9 -20185.7 300.825 3.69003 0.879807
346500 -16317.1 -20164.2 297.9 -17.8155 0.879446
346600 -16319.6 -20125.8 294.738 66.3837 0.878924
346700 -16193.8 -20060.8 299.45 -91.9951 0.87806
346800 -16157.6 -20091.4 304.619 13.5924 0.877932
346900 -16245.5 -20098.9 298.389 15.7671 0.877698
347000 -16284 -20073.7 293.459 -276.84 0.877533
347100 -16220.4 -20066.3 297.814 82.483 0.879671
347200 -16166.8 -20028.9 299.063 126.48 0.881723
347300 -16165.1 -20020.2 298.529 92.6926 0.882662
347400 -16173.7 -20035 299.001 102.569 0.882725
347500 -16195.7 -20076.4 300.505 364.735 0.881158
347600 -16247.6 -20109.5 299.05 44.5582 0.876246
347700 -16265.4 -20046.1 292.765 -418.308 0.870793
347800 -16206.7 -20076 299.622 -44.1606 0.868453
347900 -16194.4 -20031.2 297.113 -154.758 0.867341
348000 -16183.7 -20023.2 297.315 -345.036 0.867902
348100 -16135.5 -19967.4 296.722 120.382 0.871179
348200 -16023.5 -19968 305.446 174.708 0.873728
348300 -16074.6 -20031.2 306.377 -107.469 0.874844
348400 -16165.1 -20005.5 297.386 3.54193 0.876541
348500 -16202.5 -20038 297.008 220.041 0.87811
348600 -16227.2 -20068.2 297.436 -61.9985 0.878146
348700 -16257.5 -20098.4 297.422 -89.4995 0.878202
348800 -16299.2 -20095.4 293.97 -153.402 0.879432
348900 -16276.7 -20116.7 297.355 283.133 0.881622
349000 -16197.5 -20073.9 300.178 110.229 0.88201
349100 -16166.1 -20068.9 302.217 104.105 0.880808
349200 -16248.5 -20057.5 294.954 -240.219 0.878829
349300 -16311.3 -20071.2 291.148 94.8283 0.878479
349400 -16189.7 -20045.9 298.607 101.119 0.877557
349500 -16138.5 -20015.9 300.249 -150.486 0.875704
349600 -16164.8 -19974.4 295.003 -187.205 0.875047
349700 -16150.5 -20007.2 298.647 69.7866 0.876301
349800 -16117.1 -20006.8 301.202 -37.0034 0.877341
349900 -16164.8 -20060.5 301.661 90.8625 0.87827
350000 -16278.6 -20116.3 297.171 -48.7278 0.878782
350100 -16305.8 -20154.7 298.044 -115.942 0.879774
350200 -16328 -20154.9 296.346 -69.7685 0.882201
350300 -16339.2 -20176.3 297.128 106.71 0.885792
350400 -16296.2 -20139.6 297.616 218.093 0.888743
350500 -16213.8 -20102.2 301.103 606.57 0.889267
350600 -16196.3 -20058.1 299.041 74.6665 0.884526
350700 -16222.2 -20067 297.732 -377.202 0.878521
350800 -16290.1 -20099.1 294.954 -65.2616 0.875385
350900 -16343 -20120 292.471 -73.8207 0.873542
351000 -16259.2 -20061.3 294.416 -181.219 0.872422
351100 -16180.3 -20039.1 298.809 -31.7265 0.872898
351200 -16171.7 -20045.4 299.967 -24.3913 0.873995
351300 -16211.1 -20049.4 297.221 148.553 0.874979
351400 -16275.2 -20067.5 293.664 110.686 0.874623
351500 -16301 -20117.8 295.553 -424.366 0.873891
351600 -16253.3 -20098.3 297.738 21.3679 0.87631
351700 -16188.1 -20081.9 301.522 66.045 0.879234
351800 -16219.9 -20079.8 298.893 138.43 0.881437
351900 -16301.2 -20108.9 294.858 255.522 0.881983
352000 -16339.8 -20129.8 293.478 187.007 0.880146
352100 -16242.6 -20076.9 296.916 -74.2275 0.876784
352200 -16160.6 -20018.6 298.753 -172.487 0.87411
352300 -16122.9 -19960.5 297.172 -165.209 0.873087
352400 -16063.3 -19951.9 301.118 41.4094 0.873557
352500 -16067.5 -19907 297.314 -155.569 0.874156
352600 -16115.2 -19998.8 300.732 61.552 0.875611
352700 -16229.2 -20049.9 295.86 187.954 0.876589
352800 -16275.5 -20125.5 298.133 -144.6 0.876554
352900 -16307.3 -20144.8 297.155 76.7385 0.877187
353000 -16323.1 -20119.9 294.008 -3.31946 0.876946
353100 -16226.7 -20074.2 297.936 -120.082 0.87698
353200 -16181.3 -20101.3 303.548 321.937 0.877704
353300 -16255.2 -20077.3 295.972 -87.7873 0.876068
353400 -16263.7 -20091.9 296.439 -141.334 0.874629
353500 -16231.6 -20102.1 299.715 -76.7492 0.874688
353600 -16265.4 -20103.3 297.192 92.5784 0.875669
353700 -16364.9 -20184.8 295.795 148.171 0.875907
353800 -16388.3 -20194.1 294.702 -131.448 0.874873
353900 -16322.9 -20179.4 298.638 -100.699 0.874422
354000 -16257.7 -20129.4 299.814 28.0152 0.874999
354100 -16182.4 -20069.1 300.974 -94.4968 0.875921
354200 -16074.5 -19990.1 303.212 114.705 0.877626
354300 -16102.6 -20019.5 303.311 66.6058 0.878756
354400 -16199.2 -20064 299.274 33.0373 0.879037
354500 -16250.3 -20114.5 299.226 -95.904 0.879038
354600 -16299.4 -20152.4 298.364 97.1937 0.879778
354700 -16359.9 -20165.4 294.682 218.041 0.879685
354800 -16361.4 -20132.5 292.021 -73.0967 0.877733
354900 -16223.6 -20086.7 299.146 -119.867 0.876009
355000 -16188.8 -20047.5 298.799 51.1121 0.874996
355100 -16179.1 -20009.1 296.581 -139.112 0.873538
355200 -16128.8 -19977.8 298.049 -217.699 0.873323
355300 -16076.7 -19990.3 303.053 119.101 0.875344
355400 -16136.8 -19997.5 298.954 181.911 0.876698
355500 -16257.1 -20083.5 296.304 126.963 0.876179
355600 -16279.4 -20123.3 297.654 -78.244 0.874385
355700 -16267.7 -20132.1 299.244 97.3489 0.872482
355800 -16289.2 -20097.4 294.892 -139.985 0.870089
355900 -16273.6 -20099.6 296.274 -283.764 0.868962
356000 -16175.4 -20039.7 299.238 165.847 0.869868
356100 -16124.5 -20006.3 300.595 -22.9126 0.870099
356200 -16137.3 -19976.2 297.27 -19.5944 0.870197
356300 -16187.5 -20034.1 297.872 -117.994 0.870753
356400 -16285.7 -20058.5 292.15 -81.3431 0.872632
356500 -16252.9 -20081 296.432 239.77 0.875146
356600 -16183.9 -20048.9 299.294 85.28 0.875804
356700 -16177.6 -20050.1 299.874 22.7253 0.87555
356800 -16193.8 -20035.5 297.492 -203.027 0.875409
356900 -16197 -20066.7 299.654 -1.15902 0.876736
357000 -16222.4 -20065.8 297.618 137.339 0.878232
357100 -16240.1 -20051.6 295.148 41.8673 0.878664
357200 -16166.1 -20034.6 299.569 128.076 0.878473
357300 -16095.5 -20010.6 303.175 -167.014 0.877275
357400 -16158.5 -20000.5 297.514 -121.412 0.877514
357500 -16213.8 -20059.6 297.807 206.998 0.878844
357600 -16253.3 -20094.9 297.477 16.1086 0.878544
357700 -16350.5 -20166.6 295.498 -107.088 0.877897
357800 -16411 -20160 290.307 -105.238 0.878194
357900 -16334.7 -20148.4 295.321 -16.527 0.879614
358000 -16269.6 -20087.4 295.631 244.183 0.88126
358100 -16202.5 -20047.2 297.724 106.756 0.880947
358200 -16155.8 -20025.8 299.675 -62.7378 0.879696
358300 -16172.4 -20066.1 301.514 240.845 0.878323
358400 -16275.9 -20097.1 295.899 -166.848 0.874988
358500 -16287.5 -20060.5 292.17 -160.181 0.872641
358600 -16204.9 -20009 294.574 -112.44 0.872099
358700 -16114.5 -19966.6 298.289 -8.00235 0.872518
358800 -16078 -19960.5 300.646 162.048 0.873005
358900 -16117.8 -19982.8 299.29 -3.7416 0.872185
359000 -16223.6 -20070 297.854 -357.95 0.871588
359100 -16269.7 -20073 294.516 -77.8081 0.874168
359200 -16221.7 -20058.6 297.11 185.064 0.877577
359300 -16188 -20087 301.93 328.056 0.879175
359400 -16242.9 -20057.5 295.388 79.7946 0.877962
359500 -16236.2 -20030.7 293.833 -47.1912 0.875651
359600 -16185.2 -20021.6 297.076 -148.445 0.873839
359700 -16159.7 -20000.6 297.42 -64.1845 0.873312
359800 -16117.7 -19959 297.456 12.4561 0.87366
359900 -16063.7 -19972.1 302.651 148.066 0.873666
360000 -16087.1 -19954.2 299.458 -4.01874 0.872262
360100 -16199.3 -20007.8 294.914 92.9157 0.870568
360200 -16221.4 -20019.5 294.113 -149.877 0.868526
360300 -16154 -19978.2 296.131 -145.389 0.867663
360400 -16108.7 -19975.5 299.432 -126.979 0.868403
360500 -16107.1 -19961.4 298.468 -170.837 0.870663
360600 -16120.2 -19971.2 298.21 -16.7488 0.874259
360700 -16181.3 -20012.6 296.684 -118.176 0.878397
360800 -16268.9 -20067.9 294.18 203.873 0.883418
360900 -16289.8 -20153.1 299.164 464.446 0.886155
361000 -16340.8 -20152.6 295.171 47.8703 0.88462
361100 -16402.8 -20159.6 290.909 -99.2782 0.882395
361200 -16332.7 -20136.2 294.531 81.994 0.881333
361300 -16240.1 -20098.7 298.794 155.952 0.879665
361400 -16223 -20076 298.362 -9.98459 0.876676
361500 -16217.6 -20066.3 298.029 -115.634 0.874088
361600 -16214.4 -20076.2 299.041 -153.753 0.872941
361700 -16226.6 -20051.3 296.171 106.437 0.872939
361800 -16222.5 -20072.9 298.157 -163.036 0.872787
361900 -16187.9 -20017.9 296.578 -244.372 0.873893
362000 -16104.4 -19995 301.273 77.8848 0.876825
362100 -16091 -19978.9 301.067 323.244 0.878988
362200 -16174.1 -20059.5 300.876 -121.009 0.878403
362300 -16260.6 -20093.8 296.835 29.6432 0.87834
362400 -16263.8 -20105.7 297.502 -2.92526 0.878565
362500 -16240 -20065.8 296.258 171.399 0.878271
362600 -16168.5 -20032.7 299.236 13.7165 0.876732
362700 -16102.3 -19979.5 300.233 163.346 0.87458
362800 -16085.2 -19961.8 300.186 -305.873 0.871726
362900 -16165.8 -20012.6 297.874 -191.667 0.871469
363000 -16242.7 -20007.8 291.556 -68.0008 0.87318
363100 -16167.5 -19989.5 295.96 207.621 0.875179
363200 -16114.5 -20017.2 302.213 290.431 0.875277
363300 -16183.1 -20043.8 298.958 -117.588 0.873211
363400 -16225.4 -20040.6 295.433 -75.9276 0.87173
363500 -16190.3 -20006.2 295.487 18.6383 0.871089
363600 -16114 -19981.3 299.469 -100.262 0.870435
363700 -16099.5 -19944.4 297.729 -164.272 0.870652
363800 -16100.5 -19978.8 300.324 -44.8802 0.87254
363900 -16139.1 -19978.7 297.319 386.078 0.874522
364000 -16214.6 -20034.5 295.792 121.706 0.873511
364100 -16276.9 -20018.8 289.761 -219.774 0.871216
364200 -16165.3 -20050.4 300.843 94.489 0.870188
364300 -16143.3 -19994.9 298.256 -181.442 0.868957
364400 -16159.3 -20033.8 300.029 -100.587 0.869271
364500 -16206.2 -20023 295.563 91.3319 0.870478
364600 -16253.4 -20097.2 297.646 -126.155 0.871345
364700 -16322.9 -20089 291.629 -146.439 0.873245
364800 -16304.7 -20137.3 296.783 183.158 0.876306
364900 -16212 -20090.5 300.338 105.325 0.878284
365000 -16181.2 -20050.8 299.649 121.834 0.878906
365100 -16215.1 -20055.4 297.379 34.4184 0.878384
365200 -16330.4 -20137.4 294.806 0.697697 0.877427
365300 -16369.3 -20157.8 293.368 -115.849 0.876358
365400 -16291.1 -20100.1 294.957 -193.967 0.876541
365500 -16226.8 -20093.2 299.402 126.059 0.878265
365600 -16222.6 -20048.2 296.246 165.705 0.879008
365700 -16186.6 -20049 299.088 -22.4643 0.878543
365800 -16130.3 -20007 300.198 189.019 0.877762
365900 -16059.1 -19947.4 301.092 -169.603 0.875798
366000 -16004.4 -19888.8 300.794 64.9609 0.874486
366100 -16025 -19902.3 300.246 84.3385 0.872732
366200 -16141.4 -19971.5 296.589 -16.8843 0.86999
366300 -16171.8 -19963.6 293.619 -91.4421 0.867084
366400 -16091 -19890.7 294.229 -161.281 0.864844
366500 -16014.2 -19867 298.35 5.56296 0.864025
366600 -15982.2 -19824.2 297.51 -69.0064 0.863274
366700 -15949.8 -19832.2 300.64 -52.0033 0.862961
366800 -15980.7 -19846 299.309 -117.469 0.863321
366900 -16090.1 -19924.8 296.941 -66.4991 0.864859
367000 -16142.8 -19991.9 298.065 143.667 0.867446
367100 -16169.8 -19996.5 296.32 10.7341 0.869074
367200 -16178.7 -20047.9 299.615 41.6722 0.870697
367300 -16239.5 -20056.2 295.556 301.63 0.871849
367400 -16286.2 -20095.1 294.945 -23.1079 0.870622
367500 -16246.9 -20078.4 296.698 -51.4886 0.868955
367600 -16159.8 -20033.9 299.99 -73.6605 0.867671
367700 -16127.1 -19985.2 298.756 -77.5385 0.866954
367800 -16122 -19969 297.899 -94.7712 0.86714
367900 -16133 -19935.5 294.45 -195.143 0.868571
368000 -16088.5 -19969.3 300.516 -7.46112 0.871762
368100 -16084.4 -19960.3 300.137 191.849 0.875479
368200 -16148.8 -19997.2 298.007 258.807 0.87747
368300 -16218.3 -20053.6 296.988 -104.656 0.877197
368400 -16259.1 -20097 297.192 1.10367 0.877573
368500 -16282.8 -20059.1 292.423 158.306 0.877917
368600 -16177.6 -20039.9 299.081 41.9844 0.876985
368700 -16112.3 -19962.7 298.159 71.7325 0.875477
368800 -16065.6 -19936.8 299.769 103.549 0.873131
368900 -16045.3 -19911.6 299.388 -128.418 0.869955
369000 -16091.3 -19920.8 296.549 -423.78 0.868155
369100 -16171.9 -20005 296.818 -31.6839 0.869931
369200 -16223.8 -20019.6 293.929 91.6052 0.87229
369300 -16174.8 -20013.1 297.226 -91.4066 0.874302
369400 -16059.8 -19925 299.309 130.948 0.876578
369500 -16051.9 -19944.6 301.439 59.9432 0.877899
369600 -16116.2 -19983.2 299.45 31.2124 0.878685
369700 -16184.9 -20033.7 298.039 22.0264 0.8791
369800 -16204.6 -20031.5 296.341 -5.85246 0.879233
369900 -16192.4 -20036.5 297.672 -62.0042 0.879322
370000 -16179.3 -20040.7 299.012 250.887 0.879706
370100 -16196.9 -20029.3 296.767 -36.4219 0.87849
370200 -16264.9 -20092.7 296.406 -51.602 0.876981
370300 -16300.6 -20098.7 294.11 -106.119 0.876201
370400 -16248 -20098.9 298.201 60.9508 0.876114
370500 -16162.9 -19998.8 297.036 -69.8655 0.87557
370600 -16098.8 -19982.9 300.77 -33.7021 0.875518
370700 -16112.1 -19983.3 299.773 -1.70847 0.875967
370800 -16148.1 -19976.3 296.441 -84.0832 0.876745
370900 -16163.9 -20041.4 300.256 -19.0276 0.87835
371000 -16265.9 -20074.8 294.948 88.4728 0.880231
371100 -16344.1 -20140.4 293.967 377.28 0.881279
371200 -16309.8 -20151.7 297.495 122.192 0.879177
371300 -16249.4 -20068 295.697 -49.8168 0.874922
371400 -16175 -20007.8 296.795 -262.368 0.871038
371500 -16136.4 -19988 298.25 -132.452 0.869198
371600 -16139.2 -20006.5 299.464 -94.5942 0.868839
371700 -16170.2 -20013.4 297.601 -89.5114 0.869563
371800 -16250.3 -20075.6 296.214 -46.6076 0.871175
371900 -16328.7 -20085.5 290.913 -45.9026 0.873451
372000 -16260.3 -20074.7 295.371 38.6259 0.876387
372100 -16209 -20112 302.234 342.665 0.879145
372200 -16259.8 -20111.3 298.245 39.4986 0.879294
372300 -16303.4 -20114.4 295.115 72.2459 0.878511
372400 -16277.2 -20105.6 296.458 -126.908 0.877433
372500 -16172.5 -20067 301.575 -124.378 0.877175
372600 -16123.1 -20019.2 301.699 350.986 0.877754
372700 -16145.2 -19999.2 298.44 -264.003 0.875808
372800 -16174.6 -20024.5 298.123 -83.6179 0.87478
372900 -16213.9 -20019.9 294.727 103.627 0.87479
373000 -16184.7 -20032.7 297.973 20.111 0.873842
373100 -16094.9 -19987.7 301.444 -141.763 0.872553
373200 -16076.4 -20012.4 304.782 -76.358 0.872302
373300 -16177.1 -20013.9 297.107 60.2152 0.872496
373400 -16201.2 -20033.8 296.781 -179.248 0.872579
373500 -16178.6 -20017.3 297.252 59.9656 0.874151
373600 -16119.8 -19990.3 299.714 182.807 0.875369
373700 -16046.9 -19965.5 303.434 79.4565 0.874911
373800 -16053.7 -19939.5 300.9 -216.082 0.873891
373900 -16165.3 -19977.7 295.214 -163.888 0.874703
374000 -16182.3 -19993.6 295.132 129.831 0.877213
374100 -16134.3 -20014 300.43 29.6655 0.879043
374200 -16105.8 -20007 302.095 148.022 0.88029
374300 -16182.9 -20030.7 297.957 182.489 0.880229
374400 -16245.4 -20044.9 294.216 57.3897 0.878334
374500 -16208.6 -20069.6 298.984 19.6337 0.875594
374600 -16145.8 -19996.6 298.191 -112.209 0.872391
374700 -16056 -19953.3 301.789 -308.224 0.870227
374800 -16054.7 -19941.3 300.966 90.8239 0.870489
374900 -16190 -20014.3 296.134 -96.578 0.870969
375000 -16229.9 -20077.2 297.919 -45.0718 0.871961
375100 -16241.7 -20091.6 298.122 -164.732 0.873734
375200 -16275.5 -20149.7 299.998 -34.6495 0.877022
375300 -16361.4 -20147.1 293.149 26.037 0.881127
375400 -16340.6 -20173.2 296.783 136.642 0.885285
375500 -16286.9 -20133.5 297.866 364.602 0.887845
375600 -16257.9 -20133.1 300.08 193.617 0.8871
375700 -16267.6 -20130.1 299.101 131.662 0.88409
375800 -16284.9 -20117.2 296.761 -12.9063 0.879894
375900 -16279.8 -20125.2 297.773 -318.483 0.8766
376000 -16235.5 -20099.3 299.195 89.0401 0.875684
376100 -16174.1 -20049.8 300.115 -111.559 0.87483
376200 -16122.6 -20015.7 301.464 -28.6167 0.874807
376300 -16111 -20012.9 302.146 -33.716 0.875065
376400 -16211.8 -20067.7 298.587 -86.935 0.875658
376500 -16280.9 -20113.1 296.748 -34.4911 0.877105
376600 -16298.6 -20129.7 296.662 30.1409 0.878528
376700 -16267.8 -20101 296.834 -82.0379 0.879952
376800 -16169.2 -20114.3 305.49 405.555 0.881345
376900 -16209.6 -20085.6 300.144 -161.725 0.879902
377000 -16261.6 -20144.8 300.694 81.8856 0.879214
377100 -16317.6 -20172.1 298.479 -231.209 0.878522
377200 -16339.1 -20173.8 296.943 -89.6497 0.879516
377300 -16321.1 -20156.1 296.965 276.774 0.880957
377400 -16238.7 -20100.1 299.01 180.584 0.880284
377500 -16153.6 -20058.7 302.392 105.141 0.877929
377600 -16180 -20015.8 297.03 -384.041 0.875179
377700 -16207.1 -20084.4 300.242 148.208 0.875308
377800 -16319.3 -20125.3 294.722 -148.394 0.874952
377900 -16354.3 -20157.5 294.507 -142.641 0.875628
378000 -16325.3 -20187.2 299.053 115.378 0.877655
378100 -16318.8 -20167.7 298.042 0.910551 0.878585
378200 -16294.3 -20149.7 298.549 104.75 0.878991
378300 -16234.5 -20115.5 300.529 43.9917 0.878542
378400 -16198.4 -20075.3 300.206 -43.4005 0.877855
378500 -16221.5 -20116 301.58 92.5345 0.877543
378600 -16324.7 -20128.2 294.534 130.265 0.876298
378700 -16323.8 -20132.2 294.904 -42.1101 0.874237
378800 -16277.8 -20149.8 299.829 -48.3299 0.872855
378900 -16284.8 -20153.3 299.562 -171.797 0.872187
379000 -16393.8 -20149.9 290.853 -327.357 0.873342
379100 -16426.8 -20218.4 293.602 107.34 0.876783
379200 -16342.4 -20231.4 301.152 223.025 0.87911
379300 -16277.2 -20115.2 297.196 186.307 0.879094
379400 -16139 -20091.7 306.079 39.8366 0.877278
379500 -16119.5 -20030.3 302.844 -88.6674 0.875214
379600 -16190 -20053.1 299.145 -63.8178 0.874121
379700 -16249.8 -20063.9 295.354 -87.0816 0.874092
379800 -16241.4 -20064.1 296.017 -169.486 0.875195
379900 -16153.8 -20055.3 302.113 61.558 0.877406
380000 -16149.1 -20069.5 303.585 205.789 0.878792
380100 -16290.7 -20129.5 297.262 -215.61 0.878889
380200 -16318.6 -20140.5 295.955 106.822 0.880282
380300 -16289.9 -20136.1 297.834 325.165 0.88076
380400 -16254.8 -20146.4 301.348 132.386 0.878393
380500 -16265.3 -20097.1 296.719 -123.382 0.874511
380600 -16279.4 -20117.5 297.213 -256.544 0.872118
380700 -16275.3 -20103.5 296.444 -59.2392 0.872029
380800 -16221.7 -20087.9 299.38 -48.0394 0.872679
380900 -16181.9 -20068.7 300.979 -52.392 0.873898
381000 -16181.5 -20008.2 296.324 182.522 0.875345
381100 -16150.5 -20061.3 302.841 149.618 0.875228
381200 -16213.8 -20059.4 297.789 -356.652 0.874327
381300 -16285.4 -20089.8 294.596 -9.36692 0.876063
381400 -16258.7 -20056.8 294.112 135.995 0.878137
381500 -16171.2 -20042.3 299.763 65.2024 0.879101
381600 -16171.4 -20034.2 299.125 149.991 0.879133
381700 -16193.6 -20038 297.702 43.8504 0.877882
381800 -16225.9 -20063.7 297.191 -11.0917 0.875963
381900 -16286.8 -20072.2 293.126 -128.237 0.874296
382000 -16274.6 -20067.1 293.679 40.5627 0.873808
382100 -16157.4 -20027.7 299.696 160.185 0.872876
382200 -16136.5 -19992.7 298.616 -177.629 0.87067
382300 -16149.8 -20008.1 298.77 -244.771 0.869863
382400 -16186.3 -20013.4 296.355 -54.2125 0.871302
382500 -16244 -20090.5 297.856 -2.06196 0.873474
382600 -16329.4 -20132.8 294.518 16.6302 0.875731
382700 -16334.9 -20140.4 294.684 -41.8476 0.878182
382800 -16233.5 -20093.5 298.899 254.33 0.880821
382900 -16157.2 -19991 296.875 77.2561 0.881303
383000 -16132.9 -19993.6 298.955 79.1226 0.880577
383100 -16149.1 -20002.3 298.375 130.66 0.879037
383200 -16204.9 -20017.2 295.21 -168.95 0.876729
383300 -16244.7 -20042.3 294.073 -284.598 0.875921
383400 -16214 -20089.5 300.103 29.8998 0.877554
383500 -16185.2 -20087 302.135 27.4641 0.879411
383600 -16255.1 -20101 297.813 -131.144 0.881207
383700 -16321.7 -20108.5 293.238 202.136 0.883843
383800 -16275.3 -20102.6 296.371 140.788 0.885541
383900 -16238.1 -20113.8 300.121 15.599 0.886136
384000 -16252.8 -20110.2 298.697 129.317 0.886086
384100 -16272.9 -20118.5 297.793 269.989 0.88476
384200 -16326.8 -20149.1 295.984 125.824 0.880103
384300 -16404.9 -20149.4 289.957 -331.03 0.873315
384400 -16335.9 -20153.2 295.594 -184.684 0.868687
384500 -16233.8 -20056.9 296.041 -274.752 0.866103
384600 -16198.1 -20062.5 299.239 -246.089 0.866103
384700 -16194.2 -20030.4 297.057 116.187 0.868343
384800 -16173.4 -20046.4 299.91 72.2611 0.86997
384900 -16178.9 -20033.3 298.466 -274.867 0.871284
385000 -16222.8 -20034.4 295.155 -35.7539 0.875015
385100 -16237 -20073.2 297.055 248.196 0.879412
385200 -16240.3 -20105.3 299.287 162.701 0.881496
385300 -16257.1 -20089.1 296.737 134.481 0.881491
385400 -16265.7 -20106.5 297.417 51.8437 0.880424
385500 -16264.3 -20106 297.488 103.93 0.878428
385600 -16247.5 -20113.5 299.362 -85.4916 0.875853
385700 -16235.1 -20053.1 295.652 -130.905 0.874154
385800 -16164.5 -20041.9 300.253 -131.82 0.873749
385900 -16110.2 -19977.8 299.496 179.352 0.874322
386000 -16097.6 -19968.2 299.723 191.684 0.873442
386100 -16163.7 -20003.6 297.341 -70.0538 0.871038
386200 -16232.8 -20006.6 292.229 -253.143 0.86951
386300 -16181.8 -20031.3 298.084 -143.997 0.870203
386400 -16119.1 -19999.2 300.466 -46.5014 0.872134
386500 -16135.7 -20044.8 302.705 -34.9853 0.874391
386600 -16231.1 -20041.8 295.083 -113.799 0.876962
386700 -16224.6 -20054.1 296.536 88.6478 0.880134
386800 -16199.5 -20086.4 300.992 209.638 0.882037
386900 -16230.7 -20070.9 297.371 108.676 0.881761
387000 -16286.4 -20121 296.935 -138.606 0.880744
387100 -16352.9 -20158.2 294.668 6.6739 0.880857
387200 -16367.8 -20150.1 292.887 156.204 0.880971
387300 -16246 -20063.4 295.605 -57.8628 0.879834
387400 -16160.5 -20033.5 299.907 -22.7587 0.879292
387500 -16159.9 -20008.7 298.032 154.023 0.878878
387600 -16181 -20033 298.284 133.484 0.877023
387700 -16213.4 -20035.4 295.957 -94.6816 0.874613
387800 -16250.1 -20034.9 293.085 31.384 0.87292
387900 -16181.8 -20036.6 298.496 -57.6504 0.871529
388000 -16100 -19946.8 297.878 -52.7684 0.870676
388100 -16072.9 -19990.5 303.357 136.834 0.87013
388200 -16134 -19987 298.362 46.6342 0.86859
388300 -16170.2 -20014.3 297.672 -284.931 0.867118
388400 -16166.5 -20009.1 297.557 -163.035 0.867945
388500 -16140.6 -19975 296.921 56.646 0.870433
388600 -16060.5 -19981.8 303.648 131.028 0.872387
388700 -16073.9 -19979.1 302.404 -27.2511 0.873028
388800 -16183.3 -20035.7 298.31 -2.51641 0.873758
388900 -16230.8 -20085.2 298.471 171.382 0.874118
389000 -16244.8 -20073.5 296.474 -258.081 0.873578
389100 -16212.8 -20082 299.616 40.1005 0.874821
389200 -16180.9 -20033.3 298.315 72.4567 0.875918
389300 -16120.1 -20014.2 301.549 68.5328 0.876244
389400 -16109.6 -19974.8 299.306 408.676 0.87548
389500 -16169.2 -19997.3 296.43 -75.4572 0.8717
389600 -16239.3 -20061.4 295.969 -259.282 0.868304
389700 -16277.1 -20066.7 293.453 -17.5608 0.867251
389800 -16235.2 -20098.6 299.165 122.516 0.866758
389900 -16149.3 -20007.4 298.759 -117.703 0.865569
390000 -16098.2 -19970.2 299.833 -35.8776 0.865208
390100 -16074.5 -19913.7 297.295 -137.208 0.865458
390200 -15982.2 -19889.8 302.591 130.608 0.866346
390300 -15914.2 -19804.1 301.217 12.5358 0.866497
390400 -15937.9 -19851 303.017 -4.03635 0.866359
390500 -16064.7 -19896 296.679 -189.448 0.866549
390600 -16099 -19939.2 297.371 -186.378 0.868298
390700 -16120.6 -19984.9 299.232 -9.46925 0.871512
390800 -16171.5 -19986.2 295.392 226.443 0.874087
390900 -16208.8 -20022.4 295.309 56.0277 0.874319
391000 -16219.3 -20061.2 297.502 -22.8663 0.874184
391100 -16207 -20044.2 297.144 74.0798 0.873941
391200 -16147.4 -19984.1 297.095 -169.033 0.873644
391300 -16065.5 -19929.9 299.245 195.13 0.874394
391400 -16031.4 -19926.1 301.592 -39.1624 0.873732
391500 -16095.1 -19940 297.736 -40.1053 0.873044
391600 -16186.9 -19974.9 293.328 -252.958 0.873207
391700 -16176.1 -20002.9 296.332 136.556 0.874963
391800 -16148.3 -19997.5 298.073 35.6843 0.876295
391900 -16112.2 -19957.7 297.781 220.245 0.876648
392000 -16034.2 -19955.9 303.679 11.8609 0.875049
392100 -16030.8 -19926.2 301.644 -33.555 0.873312
392200 -16151.7 -19961.5 295.018 -172.219 0.872098
392300 -16166.4 -19996.7 296.604 22.4812 0.872226
392400 -16124.1 -19949.1 296.194 -0.855488 0.872631
392500 -16044.1 -19941.3 301.788 119.898 0.87283
392600 -16015.2 -19863.8 298.026 -102.696 0.872064
392700 -15967 -19847 300.451 -221.921 0.87237
392800 -15928 -19873.9 305.559 206.514 0.874337
392900 -16023.4 -19878.2 298.496 -81.1921 0.874953
393000 -16089.9 -19940.1 298.141 -75.5316 0.875924
393100 -16140.8 -19982.5 297.484 251.971 0.877307
393200 -16171.1 -19980.4 294.976 -105.419 0.877097
393300 -16108.9 -19990.4 300.57 -61.5947 0.877558
393400 -16047.1 -19985.3 304.955 294.35 0.878322
393500 -16135.8 -19990.6 298.505 -4.28987 0.877028
393600 -16175.5 -20010.8 296.991 18.413 0.875077
393700 -16170.6 -19999.2 296.471 -252.565 0.873099
393800 -16112.8 -19993.3 300.49 44.4119 0.873145
393900 -16045.1 -19959.5 303.119 9.34767 0.873245
394000 -16104 -19980.7 300.196 -216.3 0.873434
394100 -16216.8 -20037.5 295.861 -24.0289 0.875347
394200 -16244.1 -20091.8 297.952 3.28814 0.878206
394300 -16278.6 -20127.9 298.08 219.602 0.881256
394400 -16345.7 -20160.1 295.377 236.87 0.882387
394500 -16388.3 -20149.3 291.234 -21.2885 0.88141
394600 -16294.1 -20127.4 296.835 -8.02505 0.880209
394700 -16215.6 -20066.1 298.17 85.9339 0.878803
394800 -16194.9 -20063.4 299.563 78.0221 0.876212
394900 -16189.2 -20021 296.721 60.5492 0.872056
395000 -16113.1 -19980.8 299.5 -46.5083 0.866055
395100 -16033.2 -19881.2 297.974 -293.262 0.85992
395200 -15993.1 -19879.4 300.941 -364.998 0.856702
395300 -16035.8 -19866.9 296.665 -404.839 0.857369
395400 -16160.7 -19957.6 294.011 -174.049 0.861821
395500 -16175.7 -19991.4 295.472 125.789 0.867704
395600 -16146.4 -20026.4 300.45 307.704 0.8717
395700 -16173.4 -20002.9 296.539 8.06301 0.872769
395800 -16202.9 -20021 295.654 -76.6905 0.873557
395900 -16222.9 -20051 296.435 94.1414 0.874821
396000 -16205.2 -20048.5 297.607 203.939 0.874981
396100 -16158.4 -20014.3 298.59 7.6005 0.873231
396200 -16102.3 -19974.9 299.883 79.7663 0.871199
396300 -16077.5 -19993 303.196 84.1446 0.868874
396400 -16180.5 -20020.3 297.337 -289.639 0.86619
396500 -16246.9 -20075.8 296.495 -371.331 0.866214
396600 -16234 -20055.2 295.899 103.923 0.869287
396700 -16167.5 -20064.6 301.78 166.04 0.871619
396800 -16201.8 -20092.5 301.276 -117.641 0.872755
396900 -16334 -20191.6 298.714 13.3926 0.874455
397000 -16385.8 -20230.1 297.689 176.768 0.875928
397100 -16410.7 -20223.1 295.217 87.9354 0.87597
397200 -16363 -20185.5 296.005 -3.52309 0.875106
397300 -16260.9 -20109.3 298.009 6.21695 0.873801
397400 -16219.8 -20071.3 298.244 -280.588 0.872917
397500 -16212.8 -20062.8 298.13 140.14 0.874471
397600 -16218 -20067.2 298.064 -93.4878 0.875497
397700 -16235.8 -20118.3 300.642 -17.8092 0.876595
397800 -16313.2 -20112.8 294.229 90.9056 0.878141
397900 -16311.9 -20114 294.417 9.23572 0.879084
398000 -16230.2 -20097.4 299.46 133.83 0.879619
398100 -16220 -20125.1 302.393 298.608 0.879037
398200 -16270.2 -20121.2 298.206 71.9397 0.875642
398300 -16278.6 -20076.8 294.121 -199.799 0.871408
398400 -16226.6 -20067 297.387 -291.028 0.868997
398500 -16178.9 -20042.2 299.162 -223.222 0.869443
398600 -16179 -20062.8 300.742 79.4562 0.871966
398700 -16289.2 -20101 295.167 54.1814 0.873891
398800 -16344.5 -20136.2 293.609 -56.844 0.875393
398900 -16313 -20165.3 298.31 -24.9175 0.877289
399000 -16277.5 -20103.5 296.265 6.26475 0.879503
399100 -16203 -20110.5 302.586 262.563 0.881283
399200 -16224.9 -20105.5 300.494 212.956 0.880614
399300 -16369.2 -20183.1 295.331 96.0247 0.877765
399400 -16381.5 -20152.3 291.998 -119.55 0.874342
399500 -16273.7 -20094.1 295.836 -161.151 0.872272
399600 -16180.5 -19994.7 295.351 -234.398 0.872101
399700 -16100.5 -19999.8 301.947 -179.048 0.874185
399800 -16144.5 -20054.8 302.798 88.619 0.877279
399900 -16228.5 -20082.8 298.463 9.269 0.879479
400000 -16258.2 -20087.7 296.542 -6.52012 0.881038
400100 -16261.7 -20106.6 297.73 5.09457 0.882369
400200 -16260.5 -20107.7 297.906 -22.8028 0.883687
400300 -16258 -20105.9 297.963 12.4351 0.884933
400400 -16253.3 -20100.6 297.921 140.201 0.885758
400500 -16228.1 -20066.9 297.26 201.127 0.885025
400600 -16160.6 -20062.4 302.141 226.044 0.882549
400700 -16164.1 -20059.2 301.617 161.596 0.878319
400800 -16269 -20076.3 294.825 -124.73 0.873397
400900 -16280.9 -20113.7 296.793 -276.683 0.870695
401000 -16268.6 -20109 297.393 -176.532 0.870752
401100 -16227.9 -20094.3 299.397 -171.422 0.872589
401200 -16150.6 -20077.9 304.119 294.15 0.875213
401300 -16145.5 -20056.6 302.866 71.7523 0.875691
401400 -16252.9 -20062.5 295.003 -72.4793 0.875271
401500 -16267.4 -20092.7 296.218 -108.862 0.875421
401600 -16225.1 -20095.9 299.735 96.3178 0.876308
401700 -16181.8 -20071 301.163 -60.2395 0.876563
401800 -16164.6 -20063.2 301.889 124.837 0.876985
401900 -16230.1 -20034.4 294.589 -78.18 0.876689
402000 -16253 -20099.3 297.838 -27.431 0.876938
402100 -16241.7 -20073.4 296.707 4.49759 0.877534
402200 -16181.9 -20068.8 300.99 -183.186 0.878437
402300 -16150.2 -20050.5 302.022 188.497 0.880252
402400 -16216.5 -20039.7 296.052 -41.0279 0.88117
402500 -16297.9 -20127.5 296.548 271.704 0.881764
402600 -16374.1 -20150.7 292.443 -101.744 0.880364
402700 -16301.2 -20110.2 294.955 -221.853 0.879782
402800 -16189.2 -20040.4 298.225 -105.117 0.881101
402900 -16154.2 -20013.7 298.865 -59.5253 0.883709
403000 -16150.2 -20034.3 300.771 195.242 0.887047
403100 -16214.2 -20063.3 298.065 189.162 0.888634
403200 -16292.4 -20107 295.388 237.959 0.888074
403300 -16307.1 -20122.4 295.439 134.269 0.885557
403400 -16228 -20098.9 299.75 62.2025 0.881302
403500 -16114.3 -20031.5 303.331 -54.0378 0.876368
403600 -16124.4 -20016.8 301.41 -205.847 0.872561
403700 -16170.4 -19993.7 296.063 -230.671 0.870827
403800 -16180.1 -20002.6 295.994 -348.673 0.871895
403900 -16118.6 -20020 302.11 124.147 0.87546
404000 -16060.6 -19959.8 301.938 149.557 0.877682
404100 -16112.5 -19976.6 299.216 8.71247 0.878246
404200 -16216.2 -20038.9 296.02 -72.002 0.87869
404300 -16249 -20084.2 296.98 177.696 0.879444
404400 -16252.9 -20080.1 296.359 84.4892 0.878669
404500 -16176.1 -20057.8 300.584 -8.07096 0.877241
404600 -16107.8 -20022 303.104 116.961 0.875836
404700 -16138.5 -19965.6 296.357 -177.777 0.874006
404800 -16180.4 -20024.9 297.703 -144.085 0.873929
404900 -16292.4 -20112 295.771 104.052 0.874886
405000 -16331 -20131.9 294.326 -47.2088 0.875311
405100 -16276.8 -20145.8 299.598 16.1812 0.876041
405200 -16230.2 -20089.9 298.876 5.71577 0.876539
405300 -16156.6 -20047.7 301.31 46.0843 0.876797
405400 -16083.7 -20033.4 305.855 76.0121 0.876521
405500 -16160.4 -20013.4 298.367 -185.305 0.875637
405600 -16213.2 -20038 296.174 -210.019 0.876514
405700 -16216.3 -20121.7 302.421 61.6455 0.879292
405800 -16282.7 -20122.5 297.342 -36.4363 0.881811
405900 -16323 -20161.9 297.271 125.936 0.884325
406000 -16326.3 -20153.2 296.339 111.883 0.88578
406100 -16294.6 -20094.1 294.22 275.344 0.885673
406200 -16252.2 -20130.6 300.329 241.067 0.883185
406300 -16254.9 -20085 296.587 -102.772 0.878803
406400 -16219.9 -20077.2 298.695 -143.067 0.875197
406500 -16112.9 -20053.6 305.146 -40.791 0.873359
406600 -16099.5 -20008.3 302.684 201.185 0.871751
406700 -16214.8 -20052.4 297.169 -292.96 0.869095
406800 -16248.9 -20102.7 298.425 -95.8411 0.868701
406900 -16280.6 -20131.5 298.199 -334.713 0.869987
407000 -16328.3 -20161.9 296.859 -66.4174 0.873992
407100 -16394 -20187.8 293.778 137.31 0.878351
407200 -16447.5 -20233.9 293.206 195.546 0.881217
407300 -16362.4 -20174.6 295.199 172.287 0.882086
407400 -16282.1 -20148.3 299.383 177.227 0.880764
407500 -16259.5 -20086.8 296.365 -265.174 0.878404
407600 -16188.3 -20035.2 297.889 9.11615 0.878047
407700 -16122.1 -20000.4 300.327 131.293 0.877916
407800 -16126.2 -19994.4 299.539 121.646 0.87659
407900 -16176.3 -20016.3 297.357 -139.816 0.874273
408000 -16315 -20101 293.177 -56.3484 0.873025
408100 -16352.7 -20132.8 292.717 39.874 0.872418
408200 -16275.7 -20118.4 297.563 -126.08 0.871816
408300 -16227.5 -20090.9 299.168 -171.141 0.872427
408400 -16233.1 -20107 299.983 4.25238 0.874547
408500 -16326.5 -20140.6 295.35 166.975 0.876727
408600 -16372.2 -20131.2 291.086 -80.5736 0.877741
408700 -16310.9 -20163 298.289 262.33 0.878947
408800 -16290.9 -20146.8 298.586 191.262 0.877804
408900 -16278.1 -20098.1 295.803 -386.89 0.875276
409000 -16170.2 -20015.4 297.761 -20.2925 0.87549
409100 -16099.6 -19966.2 299.41 124.769 0.876278
409200 -16125 -20025.1 302.01 29.9939 0.876373
409300 -16214.7 -20061.4 297.874 235.538 0.875609
409400 -16244.5 -20067.9 296.071 -162.579 0.873069
409500 -16232 -20079.4 297.923 173.471 0.871154
409600 -16174.2 -20037.7 299.177 -201.448 0.868393
409700 -16067.5 -20000.3 304.538 -75.7862 0.866862
409800 -16109.3 -20021.2 302.918 -224.911 0.866763
409900 -16178.3 -20030.9 298.331 142.557 0.868306
410000 -16191.5 -20028.6 297.137 102.254 0.868834
410100 -16205.7 -20088 300.63 -6.74444 0.868383
410200 -16296.9 -20095.2 294.126 -213.891 0.86832
410300 -16321.6 -20131 294.987 -73.8635 0.870041
410400 -16253.6 -20094.3 297.413 366.917 0.87208
410500 -16205.1 -20072.9 299.511 103.104 0.871229
410600 -16202.1 -20055.5 298.392 -203.146 0.869324
410700 -16219.9 -20076.2 298.616 -182.44 0.869315
410800 -16266.9 -20073.2 294.748 17.8324 0.870663
410900 -16234.5 -20050.7 295.515 -122.16 0.872679
411000 -16134.6 -20029.3 301.594 263.694 0.87573
411100 -16131.9 -19971.1 297.292 110.32 0.876823
411200 -16134.5 -20001.4 299.437 35.1276 0.877051
411300 -16212.7 -20050.7 297.2 -15.9389 0.876908
411400 -16301.3 -20082.5 292.798 -94.1949 0.876757
411500 -16255.3 -20084.1 296.486 82.183 0.877483
411600 -16206.7 -20087.4 300.505 265.778 0.87733
411700 -16234.1 -20126.5 301.418 -179.711 0.874976
411800 -16283.2 -20076.2 293.715 -220.443 0.873507
411900 -16255.8 -20103.4 297.942 -71.5301 0.874019
412000 -16252.6 -20101 298.006 -188.11 0.875809
412100 -16247.9 -20089.9 297.513 79.2997 0.879453
412200 -16201.9 -20118.7 303.3 523.379 0.882466
412300 -16212 -20047.3 296.989 233.494 0.880987
412400 -16256.5 -20121.3 299.276 35.838 0.876718
412500 -16330.5 -20107.3 292.46 -199.428 0.872333
412600 -16287 -20090.5 294.529 -218.548 0.869974
412700 -16197.8 -20016.6 295.714 -118.227 0.869803
412800 -16164.8 -20069.4 302.358 -281.624 0.871135
412900 -16219.8 -20052.5 296.791 133.104 0.874345
413000 -16250.5 -20079.2 296.486 2.12451 0.876771
413100 -16235.8 -20094.4 298.796 379.876 0.878377
413200 -16205.9 -20077.9 299.828 -79.8295 0.877313
413300 -16191.1 -20037 297.812 -83.3402 0.87643
413400 -16176.8 -20079.5 302.211 62.5499 0.876443
413500 -16239 -20044.8 294.707 16.5284 0.875967
413600 -16272.9 -20104.6 296.708 276.929 0.874769
413700 -16244.3 -20078.7 296.923 -185.938 0.871866
413800 -16148.5 -20048.9 302.035 -67.1453 0.870465
413900 -16139 -20046 302.541 147.147 0.869642
414000 -16224.2 -20042.8 295.695 -50.0542 0.86763
414100 -16232.2 -20045.4 295.279 -233.489 0.866278
414200 -16203.3 -20060.4 298.678 -54.6145 0.866848
414300 -16193.8 -20022.9 296.51 -101.374 0.868335
414400 -16142.3 -20034 301.359 -31.4215 0.870588
414500 -16039.5 -19962.3 303.772 304.229 0.87277
414600 -15981.2 -19895.9 303.144 -43.3324 0.87268
414700 -16043.8 -19944.2 302.027 -5.40423 0.872393
414800 -16142.2 -19968.2 296.268 -12.6534 0.872618
414900 -16164.9 -20034.3 299.636 78.6961 0.872499
415000 -16227.1 -20045.5 295.678 2.39013 0.871618
415100 -16254.4 -20046.4 293.633 -161.125 0.871107
415200 -16153.3 -20022.2 299.59 120.838 0.871681
415300 -16101.2 -19964 299.12 112.676 0.871586
415400 -16112 -19968.8 298.656 66.1158 0.870282
415500 -16129.2 -19953.3 296.13 -194.457 0.868437
415600 -16148.9 -20008.6 298.883 -224.106 0.868285
415700 -16196.5 -20007.5 295.113 -164.949 0.870364
415800 -16194.3 -20014.8 295.843 129.088 0.873979
415900 -16147.2 -20057.5 302.804 253.173 0.876875
416000 -16167.4 -20011 297.627 210.426 0.877274
416100 -16238.2 -20044.9 294.78 -8.83041 0.875741
416200 -16263.9 -20049.8 293.165 127.565 0.873763
416300 -16165.2 -20030.3 299.298 -95.7743 0.870784
416400 -16095 -19951 298.597 -82.1149 0.868552
416500 -16085.9 -19935.7 298.117 -34.8109 0.867085
416600 -16092.3 -19935.7 297.621 -130.986 0.866272
416700 -16084.2 -19963.1 300.369 29.2673 0.866477
416800 -16115.7 -20002.5 300.977 89.0574 0.866288
416900 -16210.9 -20051.3 297.389 -457.01 0.865941
417000 -16262.2 -20079.6 295.608 -27.7143 0.869209
417100 -16255.8 -20116.4 298.956 30.7397 0.873708
417200 -16250.1 -20048.7 294.152 269.031 0.877545
417300 -16156.4 -20021 299.259 144.786 0.879028
417400 -16102.5 -19974.4 299.832 58.546 0.879083
417500 -16104.1 -19951.9 297.956 32.9392 0.878369
417600 -16100.9 -19982 300.538 -21.6094 0.877332
417700 -16158.6 -20020.5 299.049 228.111 0.875935
417800 -16255 -20064.7 295.009 -183.178 0.873093
417900 -16257 -20067.2 295.046 -61.6756 0.871735
418000 -16181.5 -20012.2 296.63 -85.3557 0.871369
418100 -16120.1 -19983.9 299.198 -109.547 0.871543
418200 -16116.6 -19964.1 297.934 -31.9988 0.872797
418300 -16127.9 -20005.5 300.266 93.2653 0.874518
418400 -16214.3 -20046.7 296.771 261.577 0.875157
418500 -16271.5 -20076.4 294.637 -126.345 0.873998
418600 -16250.8 -20098.5 297.954 73.7378 0.873254
418700 -16236.1 -20059.8 296.091 -40.5576 0.871777
418800 -16162.4 -19984.2 295.946 -186.274 0.870873
418900 -16088.9 -19974 300.844 14.4483 0.871771
419000 -16101 -19969.8 299.584 -1.50913 0.872656
419100 -16146.2 -20017 299.744 46.7108 0.873453
419200 -16230.9 -20034.8 294.56 79.4064 0.873895
419300 -16242.3 -20067.9 296.239 -4.5325 0.873727
419400 -16230.7 -20104.1 299.939 -81.1364 0.873494
419500 -16240.7 -20061.8 295.891 184.468 0.873716
419600 -16200.6 -20008.6 294.878 -78.6411 0.872894
419700 -16129.9 -19999.1 299.616 92.9689 0.872122
419800 -16128.8 -19985.2 298.625 -106.62 0.870675
419900 -16134.7 -19966.1 296.69 -220.373 0.869827
420000 -16098.4 -19978.7 300.479 96.3512 0.870769
420100 -16048.1 -19969.2 303.637 -86.552 0.871549
420200 -16099.6 -19987.3 301.05 170.941 0.872725
420300 -16203.8 -20037.5 296.865 -11.5177 0.872874
420400 -16227.6 -20057.7 296.584 42.5458 0.872802
420500 -16210.6 -20079 299.55 -73.8886 0.872708
420600 -16179.8 -20014.2 296.918 42.6607 0.872951
420700 -16098.6 -19991.4 301.44 73.6431 0.872665
420800 -16068 -19948.2 300.462 85.1712 0.871679
420900 -16125 -19958.7 296.863 -8.32374 0.869876
421000 -16230.9 -20045.7 295.397 -443.95 0.868478
421100 -16263.1 -20087.5 296.147 -214.039 0.870902
421200 -16251 -20095.5 297.708 7.93512 0.875881
421300 -16241.9 -20093.7 298.268 210.378 0.880695
421400 -16235.4 -20092.6 298.689 359.516 0.883131
421500 -16275.5 -20120.6 297.747 387.566 0.88205
421600 -16397.1 -20181.8 293.074 -44.0504 0.877881
421700 -16392.3 -20188.8 293.984 -37.2234 0.873988
421800 -16298.5 -20095.4 294.014 79.5293 0.870746
421900 -16212.1 -20042.9 296.64 -171.564 0.867618
422000 -16169.5 -20044.8 300.092 -133.871 0.866061
422100 -16170 -19989.6 295.777 -47.2052 0.865933
422200 -16125.3 -19990.9 299.337 65.9717 0.86621
422300 -16038.5 -19936.3 301.83 -175.284 0.866272
422400 -16036.2 -19928 301.368 42.5871 0.867389
422500 -16152.8 -20011.4 298.797 -71.75 0.868645
422600 -16212.6 -20045.8 296.828 -75.707 0.870373
422700 -16201.5 -20029.4 296.418 14.0823 0.872679
422800 -16146 -20010.9 299.285 138.536 0.87479
422900 -16095.3 -19979.6 300.784 147.766 0.875398
423000 -16057.9 -19950.7 301.446 -24.1826 0.874546
423100 -16085.2 -19994.9 302.754 -60.5845 0.873983
423200 -16199 -20055.3 298.617 196.925 0.873715
423300 -16257.7 -20068.9 295.127 3.39297 0.872004
423400 -16233.7 -20067.7 296.892 -404.35 0.870554
423500 -16161.3 -20030.1 299.583 -25.2569 0.872219
423600 -16097.4 -20007.4 302.782 66.8205 0.874705
423700 -16076.8 -19979.9 302.239 313.188 0.876165
423800 -16160.7 -20008.7 297.979 38.3664 0.874958
423900 -16237.7 -20058.6 295.877 -88.3875 0.873312
424000 -16247.1 -20068.1 295.886 -44.7239 0.872445
424100 -16169.4 -20012.4 297.585 -156.675 0.872132
424200 -16089.8 -19956.2 299.399 -5.1273 0.873213
424300 -16092.7 -19966.5 299.975 60.5025 0.874458
424400 -16136 -19988.1 298.296 2.36782 0.875305
424500 -16226.4 -20065 297.247 196.09 0.875844
424600 -16302.4 -20101.8 294.215 -19.2633 0.874802
424700 -16277.4 -20086.4 294.955 199.41 0.873235
424800 -16211.9 -20056.2 297.683 -101.684 0.870226
424900 -16159.5 -20009.7 298.145 -65.7041 0.867709
425000 -16113.8 -19961.8 297.977 -316.289 0.8665
425100 -16023.3 -19965.8 305.292 171.257 0.867562
425200 -16016.9 -19908.9 301.38 118.414 0.867715
425300 -16142.6 -19978 297.004 -159.266 0.866839
425400 -16175 -20002.2 296.365 -119.75 0.867123
425500 -16170.8 -20062.8 301.378 0.855266 0.868654
425600 -16236.1 -20052.6 295.54 -105.51 0.870541
425700 -16312.1 -20106.9 293.853 150.923 0.87324
425800 -16324 -20107.3 292.967 -18.5239 0.87517
425900 -16208.3 -20083.6 300.092 123.459 0.87706
426000 -16177.9 -20059 300.538 351.706 0.877699
426100 -16212.7 -20054.2 297.472 -209.496 0.875454
426200 -16261 -20068.3 294.82 -228.137 0.87468
426300 -16263.6 -20081.5 295.644 141.844 0.875645
426400 -16176 -20062.2 300.929 131.051 0.875775
426500 -16130.3 -20006.4 300.15 -257.98 0.875211
426600 -16158.7 -20024.5 299.357 78.1662 0.876352
426700 -16272.3 -20091.9 295.774 -60.3967 0.877362
426800 -16309.7 -20149.2 297.315 -140.804 0.87923
426900 -16315.6 -20149.3 296.866 217.835 0.882486
427000 -16282 -20102.1 295.816 405.29 0.883888
427100 -16170.4 -20085.9 303.201 172.833 0.881534
427200 -16175.2 -20025.7 298.169 -201.616 0.87695
427300 -16204.1 -20038.9 296.95 -284.595 0.874075
427400 -16262.7 -20098.9 297.062 -155.454 0.87399
427500 -16345.2 -20123.1 292.545 -48.4634 0.875576
427600 -16319.4 -20181 299.027 124.35 0.87761
427700 -16246.6 -20146.9 302.022 127.758 0.878516
427800 -16168.1 -20068.6 302.039 87.0503 0.878048
427900 -16156.2 -20041.6 300.87 -53.9511 0.877031
428000 -16240.7 -20102.8 299.071 109.975 0.876082
428100 -16326.1 -20105.5 292.664 -203.279 0.874596
428200 -16274.2 -20096.8 296.006 -152.401 0.874864
428300 -16214.8 -20084.5 299.657 172.322 0.876405
428400 -16211.6 -20073.3 299.036 85.9396 0.876824
428500 -16230.9 -20056.3 296.222 91.0144 0.875955
428600 -16280.5 -20109.4 296.497 -276.07 0.874611
428700 -16325.8 -20110.8 293.093 -197.161 0.87551
428800 -16269.9 -20092.7 296.024 312.254 0.878093
428900 -16183.9 -20077.8 301.526 137.248 0.87874
429000 -16189.2 -20038.7 298.091 16.0721 0.877704
429100 -16204.9 -20027.4 296.006 87.3949 0.876109
429200 -16160.9 -20009.7 298.039 24.1913 0.873555
429300 -16055.1 -19956.5 302.112 -174.099 0.870666
429400 -16058.7 -19959.3 302.04 -172.289 0.868859
429500 -16153.5 -20007.8 298.461 -405.025 0.868938
429600 -16201.3 -20060.1 298.808 -28.3424 0.872791
429700 -16237 -20095.6 298.799 87.7954 0.877511
429800 -16283.8 -20109.8 296.271 -10.9401 0.881601
429900 -16306.6 -20140.8 296.906 215.67 0.885533
430000 -16352.3 -20160 294.848 328.501 0.887043
430100 -16354.8 -20140 293.11 173.935 0.885493
430200 -16253.6 -20076.4 296.019 136.078 0.88236
430300 -16186.8 -20030.3 297.623 111.635 0.878023
430400 -16135 -19992.5 298.708 -369.09 0.873356
430500 -16088.1 -19964 300.133 -213.117 0.872139
430600 -16103.2 -19990.9 301.052 343.941 0.872626
430700 -16216.9 -20012.6 293.922 -258.72 0.871258
430800 -16231.3 -20046 295.401 29.8496 0.871355
430900 -16159.2 -19999.2 297.353 -69.8668 0.871627
431000 -16085.6 -19925.6 297.354 2.10531 0.872321
431100 -16052.7 -19902.3 298.1 -23.1553 0.873126
431200 -16048.6 -19934.9 300.942 -87.5397 0.874355
431300 -16091.3 -19954.1 299.12 117.49 0.875954
431400 -16163.4 -20016.5 298.374 -179.344 0.876985
431500 -16205.1 -20051.6 297.857 49.8334 0.879106
431600 -16206.5 -20033.8 296.366 121.664 0.881044
431700 -16184.4 -20063.4 300.376 71.4385 0.882072
431800 -16212.4 -20084.1 299.815 -61.9391 0.882472
431900 -16287.9 -20080.1 293.651 144.131 0.883108
432000 -16273.8 -20129.3 298.556 211.605 0.882511
432100 -16197.9 -20063.2 299.312 129.38 0.879633
432200 -16082.6 -19957.6 300.068 -86.0276 0.875606
432300 -16070.5 -19970.7 302.014 85.0019 0.872207
432400 -16124.4 -19987.6 299.146 -286.157 0.868746
432500 -16167.3 -20016 298.031 -357.176 0.868005
432600 -16184.9 -20022.7 297.182 -36.985 0.870519
432700 -16180.9 -20037.9 298.668 49.3138 0.873456
432800 -16190.9 -20054.8 299.202 92.9961 0.8756
432900 -16206.7 -20051.6 297.738 -98.7474 0.877001
433000 -16202.7 -20021.2 295.689 70.4292 0.878736
433100 -16160.3 -20036.2 300.135 -9.30417 0.879926
433200 -16156.1 -20021.1 299.288 169.237 0.880899
433300 -16229.7 -20031.1 294.368 21.0577 0.880656
433400 -16257.3 -20064 294.773 232.467 0.879659
433500 -16186.9 -20112.9 304.015 136.181 0.87692
433600 -16182.5 -20025.3 297.57 -188.626 0.873323
433700 -16191.7 -20014.6 296.037 -54.9526 0.871306
433800 -16133.5 -19992.9 298.855 148.797 0.870042
433900 -16071.9 -19957.3 300.871 -37.4793 0.868161
434000 -16050.8 -19906.2 298.542 8.37835 0.866692
434100 -16008.3 -19886.9 300.347 -40.7064 0.865351
434200 -15992.5 -19901.8 302.722 -259.148 0.864871
434300 -16090.7 -19949.1 298.774 -21.1825 0.866749
434400 -16152.9 -19974.5 295.932 -39.7337 0.868581
434500 -16144.9 -19992.3 297.933 -99.2382 0.87037
434600 -16109.3 -19979.1 299.664 272.413 0.87239
434700 -16038.9 -19910 299.768 88.3848 0.871903
434800 -15958.6 -19863.1 302.347 -18.4303 0.870528
434900 -15995 -19883.2 301.091 -72.956 0.869503
435000 -16076.8 -19902.1 296.223 -165.461 0.869389
435100 -16084.7 -19953.5 299.585 -383.791 0.871154
435200 -16114.4 -19964.2 298.113 351.864 0.875336
435300 -16181 -19993.5 295.225 -131.632 0.877466
435400 -16265.2 -20036.8 292.059 138.542 0.879489
435500 -16291.5 -20129 297.163 258.78 0.880465
435600 -16307.6 -20145.1 297.161 -61.9299 0.879478
435700 -16307.5 -20117 294.988 -23.7575 0.878441
435800 -16215.9 -20021.5 294.694 -138.453 0.877999
435900 -16140 -20006.8 299.432 184.921 0.878476
436000 -16120.9 -19965 297.675 50.15 0.877525
436100 -16095.7 -19994.2 301.886 6.52613 0.875892
436200 -16156.6 -19995.8 297.294 -194.272 0.874451
436300 -16238.4 -20055.6 295.588 126.171 0.874383
436400 -16239.5 -20060.5 295.886 60.3755 0.87381
436500 -16158.4 -20014.6 298.613 79.0541 0.872201
436600 -16049.5 -19917 299.488 30.3561 0.869644
436700 -16038 -19908 299.675 -217.77 0.867302
436800 -16076.1 -19939.8 299.186 102.3 0.866405
436900 -16161.5 -20024.7 299.154 -207.151 0.865289
437000 -16215.5 -20041.4 296.263 -207.766 0.865926
437100 -16209.3 -20071.7 299.09 51.7672 0.868206
437200 -16216.9 -20037.3 295.84 -15.4103 0.87024
437300 -16173.4 -20061.5 301.08 -110.255 0.87272
437400 -16111.3 -20040.8 304.285 496.115 0.8756
437500 -16185.8 -20025.8 297.352 146.339 0.874815
437600 -16244.1 -20044.8 294.309 16.4544 0.871959
437700 -16215.5 -20061.1 297.794 -231.307 0.869193
437800 -16191 -20032.3 297.453 -166.197 0.868396
437900 -16176.8 -20007.2 296.609 -220.633 0.869656
438000 -16149.5 -20001.2 298.263 36.8534 0.872787
438100 -16148.3 -19994.7 297.85 172.241 0.875557
438200 -16162.7 -20017.1 298.469 34.4735 0.877177
438300 -16221.3 -20060.5 297.291 150.279 0.877891
438400 -16294.3 -20078.9 293.06 -113.997 0.877506
438500 -16265.5 -20102.8 297.149 71.5406 0.877943
438600 -16189.5 -20041.3 298.27 184.106 0.877701
438700 -16132.7 -19999.8 299.452 234.125 0.875362
438800 -16124.2 -19986.5 299.076 -274.973 0.871425
438900 -16125 -19953 296.425 -89.5668 0.869455
439000 -16104.3 -19941.7 297.155 246.046 0.868222
439100 -16066.5 -19935 299.562 -116.771 0.865477
439200 -16000.5 -19884.4 300.752 -210.175 0.863518
439300 -15935.4 -19873.4 304.946 -73.7778 0.863596
439400 -16021.3 -19913.8 301.424 63.4025 0.864494
439500 -16107 -19957.8 298.198 -134.337 0.864975
439600 -16142.5 -19983 297.394 -50.8122 0.866459
439700 -16183.2 -20040.3 298.676 -194.061 0.868807
439800 -16259.4 -20068.8 294.98 44.2897 0.872495
439900 -16288.1 -20085 294.016 2.28815 0.87624
440000 -16183 -20053.9 299.753 27.8815 0.87979
440100 -16113.4 -19990.8 300.25 321.693 0.882269
440200 -16132.1 -20001.8 299.66 290.644 0.881811
440300 -16203.8 -20046 297.53 56.0531 0.878667
440400 -16280 -20047.1 291.708 -401.729 0.875706
440500 -16229.9 -20045.9 295.495 -86.8461 0.876246
440600 -16184.8 -20050.2 299.316 303.337 0.877478
440700 -16181.6 -20003.4 295.949 -11.7225 0.876433
440800 -16124.6 -19970 297.777 160.051 0.874945
440900 -16073.6 -19967.1 301.496 -8.74051 0.872593
441000 -16091.8 -19906.5 295.398 -91.5572 0.870317
441100 -16077.8 -19944.8 299.442 -62.7018 0.869272
441200 -16058.2 -19954.3 301.699 -48.0124 0.869138
441300 -16133.2 -20004.1 299.746 -8.62479 0.869411
441400 -16210.7 -20023.3 295.229 -123.922 0.870045
441500 -16197 -20019.8 296.027 -121.117 0.871553
441600 -16134.5 -20014 300.419 50.0087 0.873995
441700 -16077.2 -19994.1 303.308 11.7983 0.87626
441800 -16115.9 -19983.2 299.468 227.156 0.877751
441900 -16221.4 -20067.8 297.852 -128.425 0.877559
442000 -16266.9 -20067.7 294.322 63.8289 0.877878
442100 -16226.2 -20055.6 296.54 36.5452 0.877828
442200 -16129.6 -20014.2 300.806 -77.1012 0.877701
442300 -16115.8 -19984.7 299.591 190.761 0.877722
442400 -16150.6 -20035.8 300.856 -60.3004 0.876352
442500 -16214.8 -20071.9 298.679 9.42382 0.875414
442600 -16242.6 -20045.8 294.505 -102.742 0.874743
442700 -16212.1 -20068 298.589 16.8697 0.874652
442800 -16193.1 -20039.5 297.849 101.839 0.874374
442900 -16161.7 -19991.2 296.541 -125.478 0.873438
443000 -16040.5 -19954.4 303.075 -49.689 0.873431
443100 -16006.6 -19900.2 301.504 72.2909 0.873969
443200 -16055.1 -19923.4 299.545 170.276 0.873809
443300 -16104.9 -19936.4 296.702 27.5693 0.872139
443400 -16123.3 -20006.7 300.716 -40.7762 0.870102
443500 -16147.2 -19953.7 294.762 -124.034 0.868335
443600 -16114.4 -19959.8 297.769 -138.479 0.867541
443700 -16093.6 -19966 299.863 -40.4706 0.868215
443800 -16122.5 -20026 302.267 108.491 0.869396
443900 -16225.3 -20054.1 296.488 155.587 0.869593
444000 -16229.6 -20039.9 295.058 -25.8906 0.8682
444100 -16155.6 -20017.2 299.025 5.66164 0.866433
444200 -16104.4 -19941.2 297.106 -148.773 0.86456
444300 -16045.2 -19911.5 299.389 -353.072 0.863826
444400 -15985.4 -19876 301.268 -0.488578 0.866203
444500 -16014.4 -19945.1 304.38 170.391 0.869493
444600 -16152.5 -20025 299.869 146.166 0.871515
444700 -16232.8 -20075.4 297.551 198.76 0.872084
444800 -16276.6 -20083.6 294.795 -109.86 0.871197
444900 -16232 -20050.6 295.702 130.605 0.870497
445000 -16147.5 -20030.3 300.674 -131.646 0.869123
445100 -16140.1 -20002.6 299.101 -162.181 0.868732
445200 -16169.8 -20021.6 298.271 68.5515 0.869676
445300 -16266.2 -20056.3 293.487 -219.766 0.870617
445400 -16334.1 -20090.3 290.864 -164.174 0.873696
445500 -16261.6 -20073.3 295.16 212.071 0.878529
445600 -16213.7 -20073.1 298.861 257.559 0.881377
445700 -16206.7 -20050.6 297.663 3.88752 0.881952
445800 -16177.8 -19991.7 295.328 123.26 0.882173
445900 -16066.9 -19953.5 300.963 189.874 0.881035
446000 -16054.8 -19969.5 303.14 -63.672 0.878329
446100 -16131.1 -19982.1 298.203 -115.483 0.875974
446200 -16163.9 -19992.4 296.461 -17.3135 0.874742
446300 -16153.2 -19987.3 296.899 50.7698 0.87388
446400 -16084.7 -19976.3 301.351 -237.799 0.872721
446500 -16029.3 -19958.1 304.231 17.9956 0.873038
446600 -16143.1 -19977.7 296.94 -120.063 0.873999
446700 -16213.5 -20062.7 298.065 64.4188 0.876037
446800 -16256 -20121.2 299.303 126.064 0.877591
446900 -16320.5 -20088 291.743 -59.7969 0.87796
447000 -16260.9 -20105.6 297.72 -61.1519 0.878842
447100 -16209.6 -20093.5 300.751 -83.2 0.880414
447200 -16228.3 -20069.4 297.44 1.37674 0.882865
447300 -16250.8 -20094.3 297.623 23.401 0.885773
447400 -16291.8 -20139.7 297.963 289.997 0.888377
447500 -16381.2 -20180.1 294.171 376.23 0.888378
447600 -16416.5 -20180.4 291.457 -15.7419 0.884903
447700 -16309.9 -20137.5 296.398 26.7582 0.880724
447800 -16247 -20059.8 295.249 -84.8692 0.876405
447900 -16181.1 -20048.9 299.51 -118.241 0.872829
448000 -16140.8 -19988.1 297.923 -218.247 0.870524
448100 -16090.2 -19953.5 299.162 22.3773 0.869997
448200 -16012.1 -19932.8 303.6 -115.295 0.869564
448300 -16048.7 -19933.8 300.846 -86.6268 0.870019
448400 -16169 -19999.5 296.617 -12.922 0.871625
448500 -16195.2 -20075.9 300.505 -160.572 0.873588
448600 -16263.1 -20125.2 299.067 -3.664 0.876984
448700 -16335.8 -20150.1 295.367 282.427 0.880346
448800 -16315.3 -20075.7 291.197 -67.7624 0.881557
448900 -16228.6 -20047.2 295.693 64.0379 0.882835
449000 -16178.3 -20028.9 298.176 83.6497 0.883626
449100 -16140.7 -20008.3 299.494 381.677 0.883088
449200 -16137.8 -20043.1 302.411 14.0324 0.879401
449300 -16247.7 -20066.2 295.692 -81.8772 0.875346
449400 -16268.2 -20076.6 294.906 -224.712 0.872628
449500 -16213.6 -20045 296.689 -27.0786 0.872056
449600 -16145 -19969.7 296.164 3.24875 0.871884
449700 -16086.5 -19928 297.468 -37.702 0.871557
449800 -16080.6 -19940.8 298.917 135.504 0.871588
449900 -16107.5 -19990.2 300.663 13.4919 0.870749
450000 -16198 -20003 294.649 -145.419 0.86987
450100 -16223.1 -20046.4 296.062 -222.842 0.870438
450200 -16200.7 -20019.1 295.686 40.2739 0.872594
450300 -16152.1 -19979.9 296.416 -174.443 0.874998
450400 -16103.8 -19945 297.443 48.3438 0.878265
450500 -16080.5 -19946.3 299.355 125.741 0.880957
450600 -16087.2 -19937.4 298.143 348.744 0.88184
450700 -16101.8 -19956.3 298.483 77.8037 0.879937
450800 -16142.8 -20037 301.553 -224.252 0.877699
450900 -16290.5 -20115 296.154 92.2426 0.876854
451000 -16298.5 -20111.6 295.276 -80.3159 0.875936
451100 -16239.8 -20118.2 300.331 -108.095 0.875986
451200 -16215.6 -20060.2 297.711 82.1555 0.87661
451300 -16184.1 -20035.2 298.213 26.7619 0.876685
451400 -16128.3 -20027.5 301.94 240.302 0.876126
451500 -16112.9 -19979 299.376 -38.2418 0.873786
451600 -16152.2 -19976 296.101 -186.886 0.872073
451700 -16198.7 -20025.5 296.333 -176.223 0.872406
451800 -16224.2 -20048.8 296.165 -40.2039 0.874124
451900 -16217.2 -20037 295.792 196.462 0.875937
452000 -16128.7 -19992.7 299.214 157.249 0.876093
452100 -16079.4 -19969.9 301.259 74.2826 0.874698
452200 -16125.8 -19995.9 299.68 56.0077 0.872424
452300 -16203 -19974.2 292.023 -282.856 0.870228
452400 -16166.2 -19959.7 293.757 -138.779 0.870523
452500 -16119.3 -19987.6 299.547 166.596 0.872035
452600 -16125.6 -20002.8 300.236 295.281 0.87199
452700 -16197 -20010 295.265 -197.402 0.869695
452800 -16252.8 -20072.4 295.775 -345.631 0.869114
452900 -16237.6 -20021.4 293.006 -8.8276 0.871451
453000 -16119.1 -20032 302.998 44.6895 0.874086
453100 -16139.3 -19999.4 298.906 209.625 0.875792
453200 -16188.9 -20026.9 297.2 94.986 0.875536
453300 -16223 -20047.2 296.134 120.675 0.873986
453400 -16255.4 -20048.9 293.749 -64.7896 0.871918
453500 -16200.7 -20029.8 296.51 -71.2792 0.870702
453600 -16114 -19985.2 299.772 -76.3171 0.870437
453700 -16084.8 -19950.2 299.327 -95.5046 0.871058
453800 -16073.4 -19947.3 299.979 -7.30818 0.872342
453900 -16157.7 -20027.7 299.672 -34.3985 0.873629
454000 -16233.4 -20030.8 294.059 -64.4869 0.874973
454100 -16193.9 -20058.8 299.287 203.811 0.876285
454200 -16184.6 -20076.1 301.346 81.8175 0.875801
454300 -16278.6 -20085.7 294.802 -152.763 0.87466
454400 -16301.3 -20067.1 291.614 -129.09 0.874881
454500 -16231.6 -20045.3 295.321 284.845 0.875983
454600 -16188.5 -20032 297.622 14.5527 0.875104
454700 -16145.8 -19969.2 296.067 -194.219 0.87389
454800 -16062 -19947.8 300.906 -38.1607 0.874336
454900 -16060.7 -19993.8 304.565 -27.9981 0.875246
455000 -16133 -19993.8 298.967 -118.683 0.876597
455100 -16176.9 -20055.2 300.323 155.653 0.878788
455200 -16244.1 -20052.3 294.895 202.561 0.879595
455300 -16248.9 -20101.4 298.319 -94.2689 0.878844
455400 -16233.1 -20122.2 301.152 282.458 0.878159
455500 -16283.6 -20094.4 295.096 72.066 0.875336
455600 -16298.4 -20093 293.839 86.5033 0.871364
455700 -16212.2 -20028.9 295.554 -169.73 0.86725
455800 -16119.7 -19977.6 298.736 -293.455 0.864871
455900 -16115.7 -20013.2 301.806 -308.964 0.865647
456000 -16175.6 -19995.3 295.785 182.783 0.868567
456100 -16194.7 -20041 297.85 -155.934 0.87047
456200 -16242.3 -20089.9 297.939 -54.8191 0.873305
456300 -16338.6 -20130.1 293.602 127.921 0.876353
456400 -16311.3 -20092.4 292.792 233.14 0.877897
456500 -16222.4 -20098.5 300.151 139.388 0.877365
456600 -16213.9 -20041.3 296.378 78.4127 0.87545
456700 -16173 -20025.3 298.308 -234.686 0.87324
456800 -16099.8 -20008.2 302.646 -66.4084 0.87291
456900 -16135.1 -20000.1 299.284 -36.9812 0.873449
457000 -16261.2 -20115.1 298.43 -89.3792 0.874395
457100 -16308.2 -20096.8 293.373 202.562 0.875612
457200 -16257.3 -20111.5 298.449 14.1059 0.875571
457300 -16202.5 -20076.5 299.983 110.259 0.874928
457400 -16204.4 -20047.8 297.615 14.0845 0.87341
457500 -16200.4 -20056.7 298.612 -169.198 0.872008
457600 -16191.2 -20017.7 296.306 -256.8 0.87233
457700 -16142.4 -20020.9 300.334 -0.989998 0.874676
457800 -16154.5 -20050.6 301.694 200.569 0.877129
457900 -16246.8 -20091.4 297.713 146.445 0.877925
458000 -16292.5 -20127 296.923 113.028 0.877151
458100 -16293.3 -20108 295.396 84.4441 0.87533
458200 -16218.9 -20073.7 298.498 10.7584 0.872699
458300 -16119.9 -20046.3 304.048 -96.9396 0.870189
458400 -16160.9 -20038.7 300.276 -64.4121 0.868759
458500 -16227.6 -20054.6 296.345 -130.441 0.86837
458600 -16232.7 -20047.1 295.369 -69.1713 0.86908
458700 -16157.2 -20041.2 300.765 130.833 0.870066
458800 -16092.8 -19984.8 301.381 194.091 0.869854
458900 -16038.2 -19934.2 301.69 54.8696 0.867945
459000 -16014 -19918.6 302.356 -173.82 0.866118
459100 -16090.9 -19945.6 298.49 41.4289 0.865691
459200 -16146.6 -19946.9 294.28 -125.44 0.865287
459300 -16098.3 -19943.2 297.736 -117.382 0.865915
459400 -16056.4 -19954.2 301.827 -28.7352 0.867522
459500 -16102.6 -19949.3 297.869 -122.613 0.869499
459600 -16138 -20005.9 299.511 310.012 0.871544
459700 -16159.5 -19997.3 297.183 125.547 0.870974
459800 -16154.5 -20007.9 298.391 -109.43 0.869581
459900 -16142.1 -19961.6 295.769 103.738 0.86891
460000 -16075.2 -19989.8 303.133 -15.2807 0.867639
460100 -16089.3 -19952.6 299.155 76.219 0.866228
460200 -16172.2 -19957.3 293.104 -196.351 0.864461
460300 -16179.2 -19995 295.481 -167.703 0.8646
460400 -16078.1 -19948.8 299.731 164.293 0.866163
460500 -16013.7 -19886.4 299.886 -98.4472 0.866932
460600 -16009.9 -19863.3 298.391 231.568 0.867668
460700 -16044.6 -19899.7 298.522 -87.63 0.866954
460800 -16141.1 -19959.4 295.674 -166.522 0.866832
460900 -16198.2 -20041.5 297.605 -175.869 0.868545
461000 -16214.7 -20044 296.522 28.8661 0.871567
461100 -16184 -20051.7 299.5 76.2308 0.874389
461200 -16122.3 -20048.5 304.028 373.101 0.876069
461300 -16176.8 -20016.9 297.359 262.76 0.87431
461400 -16228.2 -20019.6 293.586 -42.8442 0.87019
461500 -16164.9 -20010 297.751 -311.306 0.867212
461600 -16086 -19978.2 301.397 -69.4506 0.866719
461700 -16087.1 -19907.9 295.869 -0.884826 0.867017
461800 -16074.9 -19950.5 300.116 166.85 0.867198
461900 -16100.3 -19948.1 297.956 50.9244 0.866177
462000 -16185.1 -19994.4 294.977 -92.0318 0.864779
462100 -16242.7 -20034.9 293.659 -280.269 0.864567
462200 -16182.9 -20026 297.595 102.406 0.866436
462300 -16099.6 -19982.8 300.699 96.2945 0.867578
462400 -16105.4 -19987.8 300.639 -31.7953 0.867786
462500 -16150.3 -19983.7 296.84 249.394 0.867806
462600 -16182.4 -20023.9 297.471 -49.0931 0.866255
462700 -16221 -20056.7 297.018 -82.3052 0.864711
462800 -16290.3 -20092 294.394 -203.899 0.864235
462900 -16324 -20108.6 293.06 -108.972 0.865688
463000 -16245.2 -20097.4 298.301 -358.773 0.868772
463100 -16172.4 -20060.3 301.061 256.745 0.873755
463200 -16202.5 -20094 301.345 147.23 0.87611
463300 -16260.3 -20115 298.49 37.9921 0.876427
463400 -16287.2 -20114.6 296.382 123.89 0.876287
463500 -16276 -20107.1 296.668 129.84 0.875151
463600 -16194.3 -20011.6 295.599 -134.457 0.873424
463700 -16078.2 -19950.6 299.864 38.086 0.873013
463800 -16079.9 -19948.9 299.606 59.6093 0.872214
463900 -16131.9 -19972 297.363 -207.803 0.871352
464000 -16172.4 -19968.2 293.93 -28.9654 0.872465
464100 -16125.7 -20007 300.551 56.227 0.873554
464200 -16054.3 -19929.2 300.06 67.1435 0.874173
464300 -15984.6 -19924.9 305.125 -54.3187 0.874371
464400 -16065.5 -19935.6 299.683 -1.9486 0.874729
464500 -16153.2 -19988.7 297.011 267.44 0.874805
464600 -16138.7 -19941.6 294.479 14.8891 0.872759
464700 -16058 -19916.4 298.779 -206.757 0.870614
464800 -16022.6 -19879.2 298.639 -286.78 0.870636
464900 -16007.4 -19852.1 297.721 69.7359 0.873004
465000 -15942.8 -19836.1 301.485 5.64378 0.875229
465100 -15854.6 -19788 304.589 113.975 0.877093
465200 -15895.1 -19780 300.828 129.365 0.877634
465300 -15985.2 -19832.6 297.924 -91.8868 0.877284
465400 -16035.9 -19930.6 301.588 164.875 0.87741
465500 -16096.8 -19927 296.598 -198.439 0.876606
465600 -16107.6 -19944.5 297.117 221.15 0.876741
465700 -16062.5 -19909.5 297.893 5.82988 0.875449
465800 -15940.4 -19831.9 301.344 -55.6789 0.873801
465900 -15908.8 -19802.2 301.486 95.5564 0.872474
466000 -15954.8 -19825.4 299.722 157.026 0.870114
466100 -15999.7 -19834.7 296.971 -129.235 0.866601
466200 -16016.5 -19852.3 297.024 -248.884 0.864425
466300 -16007.8 -19857.9 298.139 -43.5288 0.864488
466400 -15959.5 -19816.5 298.667 -362.012 0.865547
466500 -15913 -19809.6 301.74 -24.1292 0.869439
466600 -15951.7 -19826.8 300.067 218.802 0.873738
466700 -16050.7 -19907.1 298.631 68.5546 0.876053
466800 -16116.5 -19987.1 299.729 251.631 0.876951
466900 -16142.2 -19925.2 292.939 252.286 0.8754
467000 -16073.3 -19891.2 295.64 30.4741 0.872107
467100 -16012.3 -19848 297.023 -198.504 0.868868
467200 -15979 -19846.2 299.46 -151.395 0.867799
467300 -15989.4 -19888.7 301.94 210.383 0.867956
467400 -16104.7 -19920.9 295.514 -154.232 0.86692
467500 -16121.9 -19925.6 294.54 -104.711 0.86718
467600 -16060 -19924.2 299.228 -301.559 0.868709
467700 -16032.5 -19935.7 302.246 -73.0979 0.872285
467800 -16116.8 -19976.2 298.858 101.188 0.876039
467900 -16196.8 -20029.6 296.794 260.331 0.878193
468000 -16202 -20045.1 297.599 -20.4217 0.878077
468100 -16185.2 -20013.1 296.419 -63.2454 0.877986
468200 -16100.8 -19992.6 301.366 412.949 0.877709
468300 -16069.9 -19945.2 300.085 -83.2541 0.874508
468400 -16110.2 -19956.4 297.834 -247.971 0.872077
468500 -16228.8 -20040.7 295.18 -18.205 0.871966
468600 -16303 -20116.9 295.329 30.5203 0.87234
468700 -16281.1 -20132.4 298.226 -75.9733 0.872544
468800 -16248.5 -20110.7 299.075 -201.187 0.873489
468900 -16217.1 -20103.6 300.96 90.306 0.876019
469000 -16240.8 -20074.3 296.852 227.444 0.877737
469100 -16270.5 -20099.5 296.508 -54.0334 0.877385
469200 -16272.1 -20125.5 298.391 -45.995 0.877237
469300 -16290.3 -20150.2 298.897 2.70943 0.877516
469400 -16344.5 -20122.9 292.58 -129.279 0.878257
469500 -16295.9 -20137.4 297.473 161.812 0.879779
469600 -16213.6 -20098.8 300.858 230.456 0.879926
469700 -16212.9 -20056.6 297.634 297.473 0.877495
469800 -16192.2 -19994.8 294.459 -434.961 0.873213
469900 -16134.3 -19996.3 299.055 -129.278 0.872271
470000 -16133 -19992.8 298.893 84.5526 0.872637
470100 -16163.5 -20036.1 299.878 1.13772 0.872731
470200 -16241.6 -20065.7 296.121 -26.2623 0.872601
470300 -16277.6 -20075.8 294.117 -160.409 0.872832
470400 -16204 -20039.5 297 -221.899 0.874759
470500 -16107.7 -19994.7 300.991 17.1198 0.878486
470600 -16138.2 -20037.7 301.961 385.01 0.881891
470700 -16236.5 -20098.1 299.033 251.447 0.881747
470800 -16295.9 -20098.1 294.426 -23.8403 0.879171
470900 -16242.4 -20042.1 294.235 -222.278 0.877219
471000 -16162.8 -20025.2 299.094 51.1921 0.877123
471100 -16146.4 -19981.9 297.006 -53.1736 0.877007
471200 -16099.8 -19968.8 299.601 -101.704 0.877283
471300 -16066.1 -19973.5 302.577 365.246 0.877693
471400 -16166.9 -20030.2 299.164 89.8519 0.875599
471500 -16274.8 -20117.6 297.57 89.628 0.872753
471600 -16292.1 -20077.6 293.137 -225.425 0.870141
471700 -16200.4 -20033.4 296.807 -148.593 0.869497
471800 -16132.7 -19974.5 297.488 95.4874 0.870127
471900 -16115 -20001.5 300.959 14.8725 0.870009
472000 -16174.2 -20005.5 296.675 77.9756 0.86965
472100 -16248.5 -20051.2 294.469 63.9404 0.868917
472200 -16288.1 -20127.2 297.285 -39.9771 0.867721
472300 -16339.4 -20104.6 291.563 -164.364 0.867183
472400 -16271.3 -20092.9 295.932 9.31659 0.867786
472500 -16185.4 -20045 298.874 -5.40283 0.868371
472600 -16155.2 -20029.7 300.026 98.4242 0.868856
472700 -16185.6 -20026.6 297.433 137.44 0.868543
472800 -16273.4 -20050.9 292.521 -172.961 0.867284
472900 -16281.3 -20077 293.928 -76.639 0.867326
473000 -16166.7 -20031.5 299.281 37.159 0.868214
473100 -16143.6 -20036.2 301.427 135.111 0.868647
473200 -16190.3 -20026.2 297.036 -207.472 0.868335
473300 -16205.4 -20010 294.613 -64.83 0.869367
473400 -16111.3 -19966.2 298.508 56.7016 0.871285
473500 -16033.2 -19913.3 300.464 15.483 0.872849
473600 -16050.2 -19950.6 302.027 -5.32174 0.874082
473700 -16134 -20007.6 299.95 94.8937 0.875417
473800 -16194.6 -20024.8 296.597 -24.1753 0.876195
473900 -16181.2 -20013.2 296.741 15.2171 0.876749
474000 -16138.5 -20017.3 300.364 1.41175 0.877421
474100 -16144.4 -20000.5 298.601 230.411 0.877875
474200 -16232.5 -20044.2 295.159 21.2214 0.876314
474300 -16274 -20076.5 294.451 -144.012 0.874379
474400 -16201.4 -19995.6 293.806 -150.567 0.873648
474500 -16122.1 -20019 301.76 264.882 0.873982
474600 -16151.7 -19990.3 297.245 -87.5757 0.872482
474700 -16165.7 -19993.5 296.412 -96.9622 0.871184
474800 -16134.4 -20006.8 299.857 -217.915 0.871167
474900 -16093.3 -19940.7 297.924 14.3861 0.873091
475000 -16027.4 -19938.7 302.871 171.596 0.875315
475100 -16060 -19948.7 301.121 -23.9004 0.876381
475200 -16167.5 -20008.4 297.424 187.621 0.877701
475300 -16185.9 -19997.8 295.173 211.781 0.877483
475400 -16127.8 -19975.2 297.927 -129.587 0.874873
475500 -16071.9 -19959.8 301.066 -254.423 0.872788
475600 -16087.2 -19931.6 297.696 -237.947 0.873192
475700 -16161 -20010.7 298.104 116.48 0.875748
475800 -16285.1 -20096.6 295.147 -69.1262 0.878257
475900 -16280.5 -20096.7 295.512 123.927 0.881297
476000 -16202.9 -20020.6 295.628 132.073 0.883643
476100 -16129 -20006.1 300.23 124.855 0.885102
476200 -16126.2 -19964.9 297.256 3.67746 0.885378
476300 -16121.8 -20003.1 300.554 218.055 0.885264
476400 -16206.2 -20038.3 296.741 275.058 0.883135
476500 -16292.9 -20088.3 293.901 -194.45 0.87858
476600 -16250.1 -20075.2 296.207 -14.6561 0.875433
476700 -16182 -20018.7 297.102 -105.038 0.872762
476800 -16137.9 -19960.1 295.98 -152.152 0.870994
476900 -16087.4 -19930.8 297.62 -333.673 0.871198
477000 -16066.9 -19945.7 300.363 64.0247 0.874049
477100 -16099.8 -19974.8 300.061 37.466 0.876774
477200 -16152.6 -20026.1 299.953 5.31506 0.879017
477300 -16195.2 -20054.9 298.884 373.127 0.880479
477400 -16229.1 -20083 298.428 117.423 0.878883
477500 -16245.8 -20058.2 295.218 -60.2948 0.876295
477600 -16173.3 -20022.2 298.038 -91.6262 0.874284
477700 -16078 -19966.2 301.082 -53.6454 0.873078
477800 -16091 -19933.7 297.564 -69.4918 0.872651
477900 -16096.1 -19940.7 297.711 140.442 0.872577
478000 -16079 -19928.3 298.069 -41.8641 0.871599
478100 -16036.5 -19924.3 301.062 -231.079 0.871138
478200 -16011 -19913.2 302.172 -6.13865 0.872392
478300 -16096.4 -19948 298.254 68.9079 0.87403
478400 -16168.4 -20000.4 296.73 105.56 0.874993
478500 -16169.1 -19992.8 296.093 62.5178 0.874859
478600 -16110.6 -19970.5 298.9 92.378 0.874037
478700 -16042.7 -19975.6 304.552 111.472 0.872243
478800 -16115.2 -19961.1 297.815 -163.553 0.869775
478900 -16191.7 -19965.5 292.232 -169.014 0.868587
479000 -16133.9 -19976.8 297.579 -149.925 0.869127
479100 -16073.7 -19968 301.56 23.6529 0.871356
479200 -16112.6 -20004 301.331 39.7 0.873537
479300 -16204.2 -20038.7 296.933 258.556 0.874761
479400 -16212.3 -20041.5 296.515 88.8378 0.873909
479500 -16172.7 -19995.6 296.029 92.1507 0.871852
479600 -16093.9 -19971.7 300.277 -6.19353 0.868737
479700 -16072.5 -19952.9 300.484 -263.082 0.865834
479800 -16118.9 -19956.7 297.184 -110.023 0.865062
479900 -16238.8 -20011.5 292.141 -166.355 0.865729
480000 -16290.7 -20071.1 292.739 -39.838 0.868267
480100 -16232.4 -20081 298.019 187.815 0.871154
480200 -16191.7 -20040.1 298.006 -88.0666 0.872918
480300 -16185 -20083.9 301.919 92.813 0.875291
480400 -16289.6 -20080.4 293.548 223.844 0.87683
480500 -16324.6 -20103.9 292.656 214.114 0.876242
480600 -16267.6 -20073.8 294.74 -151.624 0.874
480700 -16195.4 -20032.4 297.119 99.4308 0.87212
480800 -16131.8 -19995.4 299.182 68.6953 0.86924
480900 -16123 -19992.2 299.617 -31.4632 0.865278
481000 -16139.9 -19960.2 295.825 -152.978 0.861282
481100 -16056.3 -19926.2 299.675 -217.474 0.858526
481200 -15950.6 -19817.9 299.469 -227.231 0.85805
481300 -15917 -19807.6 301.277 -123.52 0.859783
481400 -15976.6 -19880 302.269 -24.6822 0.862801
481500 -16071.7 -19917.4 297.796 55.7829 0.866436
481600 -16110.6 -19994.3 300.738 199.948 0.869474
481700 -16193.9 -20062.5 299.563 28.8096 0.870961
481800 -16251.5 -20063.7 295.198 -118.924 0.87211
481900 -16239.5 -20076.2 297.098 175.656 0.874046
482000 -16206.8 -20051.7 297.738 233.032 0.874684
482100 -16095.4 -19981.9 300.951 110.053 0.873049
482200 -16020.7 -19929.2 302.659 61.021 0.870108
482300 -16055.1 -19897.8 297.563 -224.639 0.866584
482400 -16079.6 -19934.6 298.515 -38.425 0.864711
482500 -16152.8 -19974.1 295.909 -203.786 0.863807
482600 -16248.2 -20066.1 295.642 -185.27 0.864589
482700 -16259.3 -20080.5 295.893 -180.903 0.867565
482800 -16230.9 -20076.3 297.776 182.863 0.871944
482900 -16216.6 -20071.2 298.485 -135.543 0.875244
483000 -16217.7 -20038.7 295.888 278.376 0.879145
483100 -16180.1 -20035.9 298.58 379.972 0.880696
483200 -16103.5 -19973 299.637 -133.049 0.878841
483300 -15994.9 -19916.6 303.68 72.0974 0.877459
483400 -16010.9 -19912.8 302.151 165.373 0.875597
483500 -16072.3 -19953.9 300.579 -241.182 0.873146
483600 -16131.6 -20006.3 300.048 183.429 0.872299
483700 -16211.2 -20052.8 297.478 85.8168 0.870213
483800 -16253.7 -20086.6 296.811 -314.118 0.868055
483900 -16245.2 -20046.9 294.392 -171.49 0.868686
484000 -16170.5 -20010.4 297.348 60.0149 0.870693
484100 -16144 -20004.7 298.956 -110.738 0.872384
484200 -16157.5 -20017.8 298.926 43.7271 0.874665
484300 -16198.9 -20068 299.605 181.516 0.875934
484400 -16289 -20097.5 294.917 -267.687 0.875987
484500 -16300.5 -20109.7 294.965 46.4311 0.877849
484600 -16259 -20114.4 298.547 111.679 0.879299
484700 -16242.9 -20079 297.052 242.656 0.879259
484800 -16227.3 -20073.7 297.852 -103.789 0.87761
484900 -16209.7 -20061.2 298.244 71.2623 0.87658
485000 -16175.4 -19996.8 295.916 92.8967 0.875007
485100 -16061.7 -19942.5 300.512 -210.111 0.873122
485200 -16035.8 -19942.2 302.498 1.41664 0.87297
485300 -16122.5 -20017.7 301.63 51.1424 0.872952
485400 -16195.4 -20040.9 297.778 -167.28 0.872667
485500 -16208.3 -20021.9 295.308 108.195 0.873441
485600 -16151.5 -20005.8 298.461 147.706 0.873384
485700 -16084.8 -19997.2 302.964 -190.902 0.872408
485800 -16155.7 -20037 300.548 88.4127 0.872537
485900 -16239.2 -20038.3 294.193 -90.4632 0.872304
486000 -16204.7 -20017.5 295.251 49.188 0.872521
486100 -16124.2 -19981.5 298.692 134.557 0.872571
486200 -16069.2 -19936.1 299.439 -115.321 0.871783
486300 -16059 -19970.8 302.919 -73.0917 0.871656
486400 -16177 -20010.6 296.856 31.1692 0.872175
486500 -16219.2 -20045 296.252 -199.508 0.872791
486600 -16210.5 -20099.4 301.142 135.988 0.874861
486700 -16276.4 -20110.4 296.893 68.6468 0.876185
486800 -16326.2 -20103.1 292.468 92.0684 0.876535
486900 -16247.7 -20106.9 298.843 -10.3526 0.876533
487000 -16179.2 -20048.9 299.656 67.3693 0.876237
487100 -16168.6 -20002.6 296.891 -66.7977 0.87535
487200 -16144.2 -20000 298.575 -105.615 0.875039
487300 -16130 -19978 297.977 26.4488 0.875798
487400 -16113.7 -20026.2 302.968 166.505 0.876498
487500 -16200.7 -20081.5 300.51 -23.7328 0.875777
487600 -16299.9 -20150 298.134 63.9698 0.874626
487700 -16331.4 -20134.8 294.516 -83.4693 0.872807
487800 -16270.1 -20111.2 297.442 -113.047 0.871281
487900 -16210.3 -20104.2 301.525 -4.06083 0.870596
488000 -16220.7 -20060.2 297.321 -46.8423 0.86997
488100 -16231.6 -20115 300.72 83.9709 0.869721
488200 -16266.3 -20128.1 299.045 80.0872 0.868617
488300 -16279.8 -20098.9 295.737 -56.7499 0.866562
488400 -16244.5 -20067.9 296.069 -419.504 0.86547
488500 -16157.3 -20009.6 298.305 -4.91358 0.867804
488600 -16118.2 -20029.9 302.907 292.617 0.87035
488700 -16163.9 -20043.4 300.41 -98.0609 0.87067
488800 -16234.7 -20085.5 298.186 -61.3975 0.87173
488900 -16288.1 -20154.3 299.384 185.439 0.873349
489000 -16323.2 -20120.8 294.07 27.2659 0.873467
489100 -16282.7 -20138.2 298.56 -62.0303 0.87328
489200 -16253.2 -20115.7 299.095 -0.861929 0.873591
489300 -16254.1 -20107.7 298.405 53.5477 0.873871
489400 -16254.2 -20073.8 295.779 12.7041 0.873568
489500 -16214.6 -20092.4 300.282 -173.061 0.873189
489600 -16194.4 -20065.8 299.783 -302.587 0.87492
489700 -16213.3 -20078 299.267 331.866 0.879091
489800 -16295.2 -20129.6 296.918 140.494 0.881075
489900 -16350.3 -20137.6 293.269 115.739 0.88141
490000 -16290 -20116.2 296.288 81.5464 0.880631
490100 -16225.6 -20096.9 299.778 -31.586 0.879189
490200 -16229.5 -20093.4 299.211 31.2447 0.877747
490300 -16257.4 -20109.4 298.285 -104.328 0.875856
490400 -16311.2 -20125.5 295.372 -76.1675 0.874601
490500 -16396.6 -20173.9 292.499 -80.2877 0.874193
490600 -16421.7 -20191.9 291.949 -55.3768 0.874844
490700 -16312 -20143.8 296.721 135.769 0.875976
490800 -16246.1 -20098.5 298.31 82.0288 0.875933
490900 -16226.4 -20096.1 299.662 -88.1617 0.875098
491000 -16254.6 -20105.7 298.215 -32.4854 0.874829
491100 -16345.3 -20148.8 294.529 98.2145 0.874944
491200 -16389 -20183.7 293.841 51.7894 0.874251
491300 -16313.7 -20126.8 295.268 -190.211 0.872935
491400 -16245.9 -20118.2 299.858 -119.802 0.873136
491500 -16251.8 -20101 298.069 97.3381 0.874618
491600 -16269.8 -20112.7 297.578 177.486 0.875498
491700 -16300.8 -20113.1 295.215 -106.907 0.874985
491800 -16283.5 -20104 295.848 18.7658 0.874941
491900 -16195.9 -20108 302.943 38.1336 0.874939
492000 -16202.5 -20074.9 299.862 37.2842 0.8744
492100 -16269.6 -20091.2 295.932 -175.587 0.873574
492200 -16364 -20136.2 292.109 -104.51 0.874133
492300 -16444.6 -20238.1 293.752 -1.29535 0.875952
492400 -16424.7 -20212.2 293.286 359.282 0.877703
492500 -16292.5 -20126.5 296.893 15.1988 0.876705
492600 -16224.1 -20062.9 297.261 -112.244 0.875152
492700 -16171.8 -20051.2 300.406 -103.37 0.874742
492800 -16179.5 -20056.9 300.25 16.0385 0.875298
492900 -16267.1 -20095.1 296.426 -78.2282 0.875818
493000 -16333.8 -20120.9 293.264 -70.9112 0.876886
493100 -16294.4 -20123 296.472 186.26 0.878676
493200 -16196.9 -20065 299.529 286.848 0.878823
493300 -16188.3 -20031.8 297.624 -34.851 0.876543
493400 -16180.6 -20020 297.305 -74.3092 0.874319
493500 -16137.8 -19968.3 296.619 -55.6068 0.872484
493600 -16058.4 -19973.9 303.203 9.84148 0.871119
493700 -16070.6 -19919 298.005 -260.28 0.869967
493800 -16127.6 -19947 295.755 -281.341 0.871168
493900 -16227.6 -20067.2 297.33 264.424 0.874937
494000 -16311.5 -20109.5 294.1 63.7475 0.876931
494100 -16267.2 -20064.1 294.021 -49.2377 0.877963
494200 -16170 -20006.5 297.082 88.5006 0.879283
494300 -16133.5 -20016.5 300.69 174.904 0.879853
494400 -16166.8 -20037.4 299.718 153.66 0.878609
494500 -16251.5 -20051.7 294.275 -229.628 0.875997
494600 -16261.4 -20085.1 296.092 -154.395 0.875414
494700 -16207.8 -20081.7 299.979 14.1917 0.876487
494800 -16067.1 -20022.8 306.309 435.732 0.876825
494900 -16058.6 -19969.3 302.826 190.516 0.873494
495000 -16132.4 -19976.4 297.669 -520.103 0.868587
495100 -16154.6 -19994.7 297.365 -162.317 0.86772
495200 -16149.6 -19998 298.008 -150.919 0.869136
495300 -16131.7 -19999.4 299.5 59.9153 0.871741
495400 -16119.5 -19998.1 300.348 -85.6989 0.87412
495500 -16154 -20020 299.365 -47.3932 0.876931
495600 -16233.6 -20067.8 296.909 72.0317 0.880248
495700 -16293.9 -20143.2 298.073 107.32 0.882984
495800 -16331.7 -20131.6 294.252 -20.8364 0.884573
495900 -16261.4 -20103.8 297.542 306.345 0.885986
496000 -16156.1 -20026.9 299.737 333.708 0.884454
496100 -16137.1 -19990.5 298.388 -6.42611 0.880074
496200 -16148.5 -19999.5 298.209 -98.2544 0.876367
496300 -16188 -19993.6 294.686 -92.0387 0.874218
496400 -16196 -20024.3 296.448 11.6083 0.873179
496500 -16144.6 -19991.8 297.915 -131.511 0.872412
496600 -16058.3 -19926.9 299.567 -174.416 0.872914
496700 -16036.1 -19928.6 301.419 -3.19341 0.874841
496800 -16109.1 -19953.1 297.662 82.2043 0.876558
496900 -16189.3 -19983.4 293.803 -66.2708 0.877546
497000 -16185.9 -20029.5 297.634 134.511 0.878694
497100 -16157.3 -19968.4 295.111 -6.63479 0.878614
497200 -16084.3 -19951.9 299.498 33.5561 0.878592
497300 -16068.6 -19985.7 303.326 79.6824 0.878408
497400 -16146.9 -19960 295.273 -100.593 0.877317
497500 -16163.6 -19994.4 296.636 -106.262 0.877273
497600 -16141.8 -19972.3 296.613 144.957 0.878095
497700 -16092.7 -19959.9 299.462 109.497 0.877485
497800 -16061.2 -19937 300.128 -53.8061 0.875996
497900 -16104.7 -19973.2 299.565 6.31149 0.874894
498000 -16207.3 -19999.8 293.678 -161.781 0.873976
498100 -16193.5 -19974.8 292.806 -27.3715 0.874488
498200 -16093.9 -19930.3 297.075 133.635 0.875648
498300 -16063 -19953.1 301.232 -2.7696 0.875596
498400 -16121.2 -19977.7 298.633 78.3962 0.875029
498500 -16166 -19982.6 295.546 -12.3858 0.873994
498600 -16170.1 -20056.6 300.957 -100.583 0.872987
498700 -16282.1 -20088.9 294.785 -203.758 0.873184
498800 -16332.1 -20107.6 292.357 -103.025 0.875216
498900 -16263 -20079.7 295.55 -23.2584 0.878407
499000 -16201.8 -20081.7 300.449 170.286 0.881556
499100 -16204.1 -20061.8 298.725 130.099 0.883409
499200 -16257.3 -20106.9 298.102 232.266 0.883721
499300 -16363.5 -20130.4 291.688 47.5143 0.882019
499400 -16342.5 -20126.3 293.004 -32.4571 0.879892
499500 -16260.9 -20061.1 294.27 91.0896 0.877806
499600 -16198.4 -20051.3 298.35 -61.1676 0.875172
499700 -16168.9 -20013.4 297.71 -273.881 0.873156
499800 -16110 -19951.7 297.49 -239.71 0.873732
499900 -16028.1 -19950.9 303.77 138.494 0.876176
500000 -16072.6 -19982.1 302.733 176.757 0.877775
500100 -16131.3 -19974.4 297.597 103.742 0.877576
500200 -16145.7 -19969.8 296.121 -13.3429 0.876197
500300 -16104.8 -19956.4 298.248 13.7841 0.874992
500400 -16019.1 -19895.2 300.15 -96.3958 0.87395
500500 -15972.8 -19894.6 303.694 120.51 0.873325
500600 -16081.9 -19930.7 298.04 -85.508 0.871859
500700 -16141.5 -19958.7 295.589 -240.931 0.871344
500800 -16104.9 -19938.7 296.877 239.375 0.872535
500900 -16047.3 -19945.3 301.846 6.23605 0.872249
501000 -16073.1 -19944.7 299.808 -145.269 0.871675
501100 -16171.1 -20014.9 297.656 -18.8677 0.872347
501200 -16212.7 -20054.4 297.487 -4.51092 0.873372
501300 -16214.9 -20040.6 296.255 -73.3805 0.874581
501400 -16193.7 -20052.7 298.828 -42.8479 0.876901
501500 -16195.8 -20084.9 301.159 3.83431 0.880125
501600 -16297.8 -20108.4 295.079 208.858 0.883276
501700 -16356.1 -20153.4 294.044 304.784 0.884689
501800 -16306.2 -20159 298.346 -66.9661 0.883772
501900 -16238.9 -20075.8 297.118 88.3585 0.882667
502000 -16205.2 -20099.5 301.564 -6.13111 0.880664
502100 -16217.8 -20035.5 295.627 -277.529 0.878636
502200 -16184.5 -19973.4 293.399 -57.8736 0.878874
502300 -16116.1 -19985.9 299.658 -40.3727 0.880315
502400 -16091.3 -19956.3 299.291 205.876 0.88191
502500 -16128.2 -19993.3 299.296 -34.7602 0.88214
502600 -16236.5 -20055 295.688 -116.083 0.882518
502700 -16266.5 -20120.6 298.446 67.7324 0.883868
502800 -16280.1 -20097 295.566 37.5134 0.885009
502900 -16243.4 -20109.7 299.389 121.457 0.88588
503000 -16122 -20010.7 301.132 238.696 0.88546
503100 -16080.1 -19971.8 301.361 106.432 0.882696
503200 -16128.3 -19957.6 296.532 -33.3247 0.878482
503300 -16166.1 -19997.4 296.68 -117.524 0.874206
503400 -16213 -20034.2 295.899 -260.347 0.871244
503500 -16264.7 -20047.8 292.948 -275.306 0.870779
503600 -16221 -20071.7 298.184 -33.5363 0.872775
503700 -16146.9 -20020.1 299.93 -103.529 0.875538
503800 -16109.7 -19986.7 300.219 190.255 0.878886
503900 -16111.1 -19993.6 300.65 249.077 0.880741
504000 -16181 -20007.2 296.287 72.3696 0.880154
504100 -16220.1 -20001.9 292.847 -193.59 0.878888
504200 -16146 -19984.8 297.256 -60.2402 0.879063
504300 -16083.8 -19947.6 299.2 53.0695 0.879883
504400 -16088.2 -19967.5 300.403 -225.192 0.881124
504500 -16153.4 -19996.4 297.586 188.704 0.883516
504600 -16246.2 -20079.1 296.804 184.916 0.884661
504700 -16271.8 -20077.2 294.675 121.079 0.884047
504800 -16239.2 -20050.8 295.156 -304.199 0.882422
504900 -16166.4 -20012.5 297.828 -84.7308 0.883192
505000 -16125.2 -20028.5 302.257 418.839 0.884599
505100 -16167 -19990.7 296.096 18.5164 0.882898
505200 -16185.6 -20030.6 297.745 60.0422 0.880161
505300 -16142.3 -19984.7 297.542 -150.476 0.877157
505400 -16007.1 -19917 302.762 151.573 0.874761
505500 -16017.7 -19920.5 302.219 -197.41 0.871711
505600 -16110.4 -19945.5 296.976 -244.91 0.870572
505700 -16132.2 -19940.8 294.923 -90.7348 0.871497
505800 -16076.8 -19912.2 296.992 -242.864 0.873699
505900 -16014.7 -19912.3 301.817 45.6286 0.877902
506000 -16033.3 -19948 303.138 160.649 0.881996
506100 -16099.8 -19996.3 301.73 251.897 0.884314
506200 -16167.1 -20003.2 297.053 126.074 0.884112
506300 -16208.3 -20023.4 295.426 180.24 0.882373
506400 -16194.9 -20013 295.661 96.2977 0.879447
506500 -16090.9 -19991 302.013 274.97 0.875682
506600 -16083 -19974.4 301.335 -38.1098 0.87041
506700 -16129.2 -19974.1 297.735 -251.743 0.866311
506800 -16138.3 -19965.6 296.373 -116.847 0.864922
506900 -16123.3 -19967.7 297.697 -251.8 0.865182
507000 -16119.4 -19968.8 298.086 -102.547 0.867372
507100 -16118.2 -19983.2 299.289 -113.51 0.870558
507200 -16134.8 -19970.1 296.994 105.629 0.874031
507300 -16144.1 -19967.2 296.043 212.968 0.875832
507400 -16101.1 -19957.3 298.612 -125.683 0.875793
507500 -16047.7 -19960.3 302.983 104.358 0.876229
507600 -16113.1 -19970.8 298.722 30.4706 0.87604
507700 -16187.5 -20055.2 299.504 -39.6358 0.875467
507800 -16243.2 -20097 298.428 -145.631 0.875646
507900 -16256.9 -20050.3 293.749 78.5191 0.876901
508000 -16208.6 -20049.9 297.453 52.2236 0.877482
508100 -16175.1 -20027.8 298.344 157.308 0.877239
508200 -16171 -20023.2 298.303 59.3319 0.87566
508300 -16179.5 -20022 297.546 -265.258 0.873891
508400 -16201.3 -20044.9 297.636 -62.1425 0.874272
508500 -16254.8 -20069.5 295.401 75.1327 0.875336
508600 -16288.4 -20138.4 298.126 125.555 0.875719
508700 -16326.1 -20136 295.025 -53.5766 0.875219
508800 -16294.4 -20126.3 296.733 -104.166 0.87506
508900 -16208.3 -20107.7 301.955 118.451 0.87571
509000 -16190.2 -20018.9 296.478 -28.9762 0.87572
509100 -16142.5 -20054.5 302.929 91.7886 0.875576
509200 -16094.7 -19966.9 299.848 -9.19144 0.874838
509300 -16092.5 -19982.2 301.203 -93.3512 0.874041
509400 -16163.3 -20001 297.17 -4.48505 0.873988
509500 -16234.7 -20071.3 297.092 -102.714 0.87436
509600 -16261.8 -20066.5 294.615 75.1573 0.875177
509700 -16177 -20045.4 299.555 61.0434 0.875693
509800 -16101.8 -20015.3 303.043 73.0555 0.875703
509900 -16149.4 -20000.5 298.212 -61.109 0.875029
510000 -16189.4 -20013.7 296.137 -83.6841 0.874732
510100 -16164.2 -19990.3 296.277 -125.482 0.875319
510200 -16037.6 -19930 301.417 26.5348 0.877342
510300 -16044.3 -19950.1 302.449 315.815 0.879182
510400 -16119.2 -20004.6 300.87 89.0115 0.878469
510500 -16207.1 -20062.2 298.519 26.9526 0.876433
510600 -16233.8 -20058.4 296.164 -21.9467 0.873706
510700 -16202.8 -20026.6 296.102 58.3059 0.870561
510800 -16136.5 -20032.7 301.708 -323.396 0.867046
510900 -16072.7 -19960.6 301.064 -80.4881 0.865976
511000 -15999.9 -19910.9 302.856 2.42497 0.865908
511100 -16004.7 -19848 297.61 -205.786 0.866264
511200 -16030.9 -19874.8 297.65 -79.8365 0.868361
511300 -16097.7 -19976.4 300.354 -69.3102 0.871425
511400 -16199.5 -20039.2 297.332 281.438 0.875149
511500 -16235.3 -20077.4 297.517 206.022 0.876637
511600 -16236.8 -20049.4 295.235 151.328 0.875831
511700 -16146.3 -20018 299.806 -55.3146 0.873647
511800 -16064.1 -19972 302.618 43.4112 0.871807
511900 -16092.3 -19973.3 300.528 41.1816 0.869767
512000 -16141.1 -20002.2 298.994 -96.7171 0.867162
512100 -16173.1 -20017.1 297.661 -235.863 0.865501
512200 -16172.6 -20003.1 296.621 -196.831 0.866154
512300 -16117.5 -19996.8 300.4 62.4511 0.868605
512400 -16018.7 -19955.4 304.847 38.7623 0.870871
512500 -16042.5 -19957.5 303.16 200.941 0.872336
512600 -16156.4 -20016.5 298.91 233.215 0.872094
512700 -16193.3 -20023.9 296.63 -49.2192 0.869946
512800 -16183.1 -20051.4 299.546 75.2697 0.867602
512900 -16200.8 -20034 296.83 -136.023 0.864899
513000 -16233 -20024.2 293.577 -357.015 0.863608
513100 -16150.1 -20000.6 298.164 -140.514 0.86542
513200 -16083.5 -19953.4 299.668 154.823 0.868687
513300 -16090.4 -19974.9 300.796 355.202 0.870503
513400 -16159.9 -19976.1 295.507 -115.833 0.869245
513500 -16257.3 -20075.2 295.643 -111.62 0.868618
513600 -16337.8 -20134 293.962 75.5064 0.869034
513700 -16401.2 -20181.2 292.715 -77.2683 0.869001
513800 -16436.4 -20188.4 290.538 51.4939 0.869616
513900 -16324.9 -20102.5 292.52 22.4524 0.870046
514000 -16217.5 -20069.9 298.32 -108.235 0.870227
514100 -16173.2 -20053.7 300.492 101.575 0.870881
514200 -16199.7 -20057.1 298.699 94.7614 0.870699
514300 -16250 -20034.8 293.082 173.157 0.869452
514400 -16194.4 -20040.5 297.824 -5.19927 0.866708
514500 -16085.6 -19967.3 300.588 -239.534 0.863913
514600 -16068.1 -19933.6 299.326 -182.777 0.863028
514700 -16096.7 -19955.4 298.803 -7.17479 0.863948
514800 -16154.9 -20023 299.536 -22.7611 0.865212
514900 -16257.6 -20037.9 292.731 7.46224 0.866761
515000 -16260.7 -20076.6 295.494 12.9637 0.868947
515100 -16237 -20113.8 300.201 154.998 0.871008
515200 -16254.7 -20122.1 299.478 63.0352 0.871679
515300 -16314.4 -20096.3 292.851 -151.786 0.871795
515400 -16301.3 -20123.1 295.944 79.0197 0.87324
515500 -16193 -20059.6 299.419 144.608 0.874316
515600 -16143.9 -20015.9 299.829 179.499 0.873835
515700 -16156.1 -19989.2 296.822 -130.259 0.872078
515800 -16145.2 -20001.7 298.629 -15.5269 0.8707
515900 -16091.3 -19959.9 299.568 -45.3977 0.869563
516000 -16042.3 -19931.1 301.136 32.024 0.868638
516100 -16060 -19925.8 299.357 78.4862 0.867219
516200 -16147.5 -19985 297.156 -203.68 0.865097
516300 -16213.5 -20054.9 297.461 -312.941 0.864618
516400 -16225.7 -20037.2 295.147 -195.533 0.86736
516500 -16194.4 -20044.6 298.147 121.455 0.8723
516600 -16189.6 -20063.4 299.97 216.499 0.876563
516700 -16223.6 -20083.8 298.925 256.545 0.878843
516800 -16268 -20103.3 296.992 338.663 0.878302
516900 -16293.3 -20088 293.853 -214.596 0.875137
517000 -16215 -20073.6 298.799 34.0015 0.873332
517100 -16139 -20017.3 300.323 50.1487 0.871349
517200 -16146.6 -20015.2 299.57 -77.0789 0.869012
517300 -16211.7 -20007.2 293.915 -231.515 0.867772
517400 -16208.5 -20014.3 294.708 -149.359 0.868507
517500 -16092.3 -19994.9 302.207 40.2691 0.870645
517600 -16099.6 -20006.3 302.518 140.739 0.872364
517700 -16183.5 -20061.8 300.319 102.558 0.872708
517800 -16247.7 -20092.9 297.756 14.1574 0.872077
517900 -16257.7 -20076.5 295.715 123.143 0.871077
518000 -16205.7 -20034.8 296.513 70.3248 0.869062
518100 -16104.6 -20010.6 302.463 -89.5689 0.866507
518200 -16100.3 -19953.5 298.38 -134.022 0.864754
518300 -16115.7 -19987.9 299.843 -35.0217 0.864132
518400 -16169.1 -20023.8 298.492 -123.086 0.864095
518500 -16230.5 -20024.4 293.785 65.8036 0.864887
518600 -16176.5 -20019.3 297.569 72.8699 0.865513
518700 -16051 -19942.7 301.358 90.8949 0.865083
518800 -16052.3 -19927.3 300.066 -326.721 0.864313
518900 -16118.8 -19972.4 298.412 -99.9575 0.866473
519000 -16197.1 -20050.8 298.41 94.4521 0.869981
519100 -16229.1 -20040 295.101 36.9338 0.872774
519200 -16200.5 -20016.7 295.515 111.631 0.875433
519300 -16140 -19967.3 296.372 148.848 0.877462
519400 -16124.6 -20010.6 300.918 67.0098 0.878501
519500 -16169.3 -20012.1 297.568 -28.5582 0.878799
519600 -16193.7 -19990.6 294.017 -55.5993 0.879029
519700 -16128.3 -20010.3 300.612 44.4445 0.879815
519800 -16079 -20012.1 304.565 -15.2952 0.880627
519900 -16186.8 -20030.8 297.667 -86.7113 0.881718
520000 -16261.7 -20108.6 297.893 228.102 0.883573
520100 -16276.5 -20105.4 296.493 90.7021 0.884167
520200 -16242.5 -20086.5 297.669 337.119 0.882955
520300 -16155.8 -20024.3 299.563 -9.46668 0.878608
520400 -16083 -19953.5 299.717 -47.8737 0.873516
520500 -16076.6 -19940 299.169 -70.4992 0.868739
520600 -16076.1 -19889.9 295.321 -143.971 0.864573
520700 -16065.2 -19938.1 299.9 -202.32 0.86227
520800 -16094.1 -19956.2 299.065 -142.212 0.862004
520900 -16158.8 -20047.9 301.156 -96.3015 0.863129
521000 -16244.4 -20024.8 292.737 -169.142 0.865538
521100 -16206.7 -20013.8 294.807 148.564 0.8689
521200 -16153.2 -20048 301.597 19.8472 0.871173
521300 -16174.7 -20038.6 299.204 18.7763 0.872816
521400 -16253.2 -20073.6 295.835 57.2996 0.874101
521500 -16351.2 -20141 293.47 41.7538 0.874782
521600 -16356.9 -20144 293.254 -183.837 0.875553
521700 -16213.8 -20101.6 301.058 302.496 0.8773
521800 -16198.8 -20057.3 298.79 -79.2243 0.877067
521900 -16223.6 -20076.5 298.352 89.3981 0.876781
522000 -16267.8 -20088.6 295.874 -156.803 0.87624
522100 -16280.7 -20073.6 293.709 -33.8469 0.876967
522200 -16189.8 -20061 299.774 237.834 0.878055
522300 -16129.9 -20000.4 299.717 -55.6734 0.877295
522400 -16112.4 -19972.6 298.913 23.6049 0.87668
522500 -16156.5 -20044.8 301.094 -20.2199 0.875779
522600 -16272.5 -20069.7 294.041 -19.1146 0.874973
522700 -16282.5 -20123.8 297.452 125.649 0.874324
522800 -16247.8 -20087.5 297.329 -223.586 0.872949
522900 -16182.1 -20044.6 299.097 -15.8525 0.873
523000 -16113.4 -19989 300.114 31.0546 0.873424
523100 -16036.7 -19936.7 302.001 67.1192 0.873595
523200 -15985.7 -19939.9 306.199 18.9588 0.873184
523300 -16080.7 -19963.2 300.647 -113.337 0.872604
523400 -16180.4 -20043.1 299.116 -22.9099 0.872768
523500 -16231.9 -20046.8 295.417 45.4157 0.873155
523600 -16217.8 -20027.1 294.98 -61.7715 0.873421
523700 -16135 -20033.1 301.853 293.171 0.873915
523800 -16133.6 -20013 300.403 214.172 0.871956
523900 -16234.2 -20051.7 295.615 -356.502 0.868029
524000 -16284.7 -20049.8 291.552 -142.761 0.866307
524100 -16218.7 -20054.2 297.01 -277.668 0.866465
524200 -16148.5 -20000.9 298.315 107.632 0.868826
524300 -16109.5 -19970.8 299.007 -210.845 0.871299
524400 -16111.5 -19966 298.479 19.3709 0.87545
524500 -16129.6 -19998.1 299.562 225.884 0.879585
524600 -16211.4 -20065.7 298.457 50.3207 0.881612
524700 -16286 -20120.2 296.905 88.5394 0.882778
524800 -16307.7 -20124.3 295.542 282.854 0.882905
524900 -16263.1 -20089.7 296.314 -27.592 0.880792
525000 -16153.5 -20048.6 301.623 26.2367 0.878481
525100 -16142 -20005.1 299.146 -74.6527 0.876279
525200 -16174 -20024.2 298.143 -224.023 0.87499
525300 -16242.9 -20048.6 294.703 67.1901 0.875266
525400 -16343.1 -20112.5 291.883 -216.175 0.875707
525500 -16333.8 -20121.1 293.281 172.959 0.877559
525600 -16248.8 -20107.9 298.836 -47.3901 0.878252
525700 -16222.9 -20061.4 297.243 -141.034 0.879154
525800 -16211.1 -20106 301.606 187.393 0.881221
525900 -16288.7 -20120.8 296.742 10.8245 0.882049
526000 -16367 -20184.8 295.636 44.4907 0.88241
526100 -16362.6 -20164 294.366 153.186 0.882465
526200 -16322.6 -20149.4 296.331 98.7591 0.88124
526300 -16276.4 -20111.6 296.983 17.3088 0.878674
526400 -16223.1 -20080.4 298.699 73.1115 0.875538
526500 -16171.8 -19992.4 295.858 -327.519 0.872425
526600 -16046.6 -19971.7 303.942 -118.535 0.871779
526700 -16065.5 -19991.9 304.042 89.6787 0.872106
526800 -16150 -19972.6 296.008 -272.159 0.872259
526900 -16184.1 -20047.9 299.196 135.588 0.874408
527000 -16243.1 -20063.9 295.867 83.4594 0.875847
527100 -16284.2 -20101.6 295.608 -119.23 0.876668
527200 -16247.5 -20063.7 295.518 -7.16796 0.878449
527300 -16145.9 -20017.7 299.815 268.232 0.880597
527400 -16109.2 -19977.6 299.557 256.379 0.880361
527500 -16122.6 -19998.8 300.161 -133.326 0.877654
527600 -16220.1 -20033.1 295.26 -168.391 0.875596
527700 -16267.8 -20078.2 295.063 -124.362 0.87501
527800 -16233.6 -20048.8 295.441 -170.643 0.876019
527900 -16172.3 -20016.7 297.696 -193.327 0.878985
528000 -16162.4 -20047.9 300.878 152.289 0.883952
528100 -16219.6 -20099 300.412 215.789 0.888498
528200 -16302.8 -20141.3 297.235 344.541 0.890949
528300 -16326.5 -20161.4 296.966 310.114 0.890231
528400 -16307.3 -20121.6 295.365 272.974 0.886126
528500 -16193.5 -20043.6 298.137 -4.26244 0.879437
528600 -16133.8 -19992 298.763 -187.171 0.873407
528700 -16112.1 -19913 294.32 -361.217 0.869873
528800 -16033.8 -19899.8 299.366 -350.313 0.870401
528900 -16003.7 -19888.1 300.792 33.355 0.873838
529000 -16043.6 -19899.6 298.591 107.925 0.87628
529100 -16173.8 -20005.9 296.75 25.8559 0.877422
529200 -16233.2 -20049.8 295.537 152.311 0.877979
529300 -16206.4 -20036.9 296.619 -88.5908 0.877591
529400 -16129.1 -19982.6 298.406 -46.451 0.877601
529500 -16084.4 -19975.4 301.31 -20.6906 0.878091
529600 -16120.3 -19990.6 299.703 34.8648 0.878648
529700 -16172 -20045.8 299.969 -123.661 0.879327
529800 -16214.4 -20098.5 300.77 161.622 0.880875
529900 -16254.6 -20090.1 297.006 75.2489 0.880985
530000 -16281.1 -20112.1 296.661 75.8531 0.880017
530100 -16280.4 -20063.9 292.985 -76.1969 0.878505
530200 -16166.6 -20015.5 298.042 44.0259 0.877653
530300 -16109.7 -19988.4 300.347 14.2834 0.876419
530400 -16133.1 -19994.7 299.026 -122.876 0.875013
530500 -16214.6 -20067.2 298.334 2.6286 0.874966
530600 -16288.5 -20145.6 298.682 -146.254 0.875069
530700 -16304.6 -20089 293.047 -212.554 0.876391
530800 -16273 -20150.7 300.268 106.661 0.879627
530900 -16258.5 -20059.7 294.354 2.61121 0.882205
531000 -16177.1 -20066 301.143 175.618 0.884708
531100 -16168.8 -20125.6 306.398 367.54 0.885436
531200 -16246.8 -20088.7 297.5 129.572 0.88263
531300 -16242.9 -20060.7 295.636 -80.3172 0.878763
531400 -16186.2 -20035.5 298.071 80.5681 0.875357
531500 -16114.8 -19958.4 297.636 -200.434 0.871957
531600 -16048.9 -19934 300.847 -222.707 0.870516
531700 -16055.7 -19957.4 302.131 -113.636 0.871184
531800 -16178.9 -20011.2 296.757 -28.5658 0.872923
531900 -16219.3 -20078.6 298.856 3.9614 0.874775
532000 -16250.2 -20094.8 297.714 67.3972 0.876392
532100 -16298.8 -20127.3 296.469 -90.4282 0.877585
532200 -16349.7 -20177.2 296.386 85.1145 0.879239
532300 -16420.5 -20200.8 292.735 20.8261 0.880078
532400 -16401.1 -20201.7 294.305 33.7613 0.880627
532500 -16290.3 -20156.3 299.363 393.57 0.880155
532600 -16263.2 -20099.8 297.087 -64.7633 0.877057
532700 -16251.4 -20124.1 299.889 93.4551 0.874519
532800 -16257.2 -20083 296.258 -64.6326 0.871887
532900 -16238.9 -20107.4 299.565 -129.748 0.870105
533000 -16214.8 -20052.9 297.21 -33.1198 0.869771
533100 -16174.9 -20067.2 301.398 160.282 0.869622
533200 -16184.7 -20024.7 297.356 -12.1783 0.868461
533300 -16228.6 -20069.4 297.418 -195.233 0.867784
533400 -16288.8 -20079.9 293.564 -274.409 0.868939
533500 -16244.3 -20104.7 298.931 64.255 0.872094
533600 -16167.4 -20077.4 302.78 -55.3544 0.874931
533700 -16183.6 -20039.1 298.558 195.522 0.877314
533800 -16292.9 -20104.3 295.143 144.951 0.87791
533900 -16316.9 -20113.3 293.973 -15.318 0.877104
534000 -16245.3 -20068 296.019 -43.3981 0.876524
534100 -16162.5 -20019.5 298.667 60.2166 0.876274
534200 -16163.7 -20026.1 299.091 45.6103 0.875533
534300 -16174.3 -19988.6 295.365 67.3001 0.874207
534400 -16110.4 -19988.6 300.32 -35.2691 0.872594
534500 -16049.9 -19985.6 304.765 99.5659 0.870843
534600 -16143.4 -19982.7 297.297 -175.889 0.868472
534700 -16198.4 -20023.4 296.189 -135.178 0.867788
534800 -16187.8 -20053.7 299.361 -128.994 0.86869
534900 -16213.7 -20050.8 297.132 -94.8414 0.870931
535000 -16263.3 -20099.3 297.042 -13.2069 0.873786
535100 -16324.1 -20112.4 293.348 -113.787 0.877111
535200 -16303.4 -20108.1 294.624 -7.61127 0.881338
535300 -16195.8 -20081.3 300.878 34.5643 0.885423
535400 -16183.2 -20079.1 301.686 512.873 0.888228
535500 -16244.6 -20074.2 296.552 216.226 0.886608
535600 -16265.2 -20088.2 296.033 -188.674 0.883183
535700 -16202.6 -20037.9 296.99 69.6759 0.881259
535800 -16073.8 -19976.2 302.188 120.382 0.879239
535900 -16098.2 -19983.6 300.868 -21.1852 0.876626
536000 -16186.7 -20048.8 299.067 -50.4318 0.874264
536100 -16246.6 -20090.8 297.685 -125.8 0.872646
536200 -16269.8 -20066.6 294.007 -185.338 0.872532
536300 -16203.1 -20073.8 299.734 82.1111 0.874002
536400 -16106.2 -20008 302.139 34.7611 0.874922
536500 -16113.7 -20018.8 302.397 170.035 0.874974
536600 -16157.6 -19978.8 295.9 -77.0655 0.874173
536700 -16156 -20011.3 298.545 26.681 0.873679
536800 -16155.7 -20029.3 299.956 -121.992 0.873129
536900 -16228.3 -20069.8 297.471 -116.439 0.873651
537000 -16317 -20120.1 294.502 -81.2473 0.87524
537100 -16302.8 -20127.5 296.171 -11.1092 0.877653
537200 -16251 -20111.5 298.946 182.575 0.880031
537300 -16235.6 -20063.4 296.409 192.433 0.88084
537400 -16215.8 -20058.3 297.554 -41.4111 0.880065
537500 -16207.9 -20045.7 297.183 214.732 0.878921
537600 -16197.9 -20057.3 298.851 121.8 0.876233
537700 -16175 -19973.6 294.148 -105.035 0.872288
537800 -16061.9 -19947.7 300.907 -196.832 0.869252
537900 -16045 -19913 299.518 -200.076 0.868415
538000 -16086 -19935.5 298.093 -142.456 0.869641
538100 -16170 -20014.5 297.698 -57.6425 0.872224
538200 -16267.3 -20072.1 294.625 33.6841 0.875254
538300 -16259.9 -20098.4 297.232 230.645 0.877596
538400 -16232.7 -20087.4 298.488 87.0618 0.877861
538500 -16223.2 -20065.7 297.548 147.256 0.877
538600 -16213 -20070 298.674 -35.2767 0.875096
538700 -16173.2 -20007.9 296.947 -233.576 0.873584
538800 -16101.1 -19962.3 298.991 -100.961 0.874104
538900 -16041.9 -19947.8 302.457 130.597 0.8756
539000 -16096.6 -19975.2 300.345 177.989 0.875993
539100 -16183.5 -20037.9 298.465 -159.387 0.874853
539200 -16214.9 -20080.7 299.356 -177.778 0.875171
539300 -16253.6 -20073.2 295.771 145.842 0.876833
539400 -16242.6 -20057 295.38 -63.7538 0.877697
539500 -16132.9 -20015.2 300.635 49.903 0.878899
539600 -16097.8 -19969.3 299.798 117.541 0.879658
539700 -16135.5 -20032.1 301.734 10.1973 0.87946
539800 -16210.6 -20053.6 297.586 108.639 0.878844
539900 -16226.9 -20067.3 297.39 29.7004 0.877252
540000 -16225.6 -20054.8 296.517 -220.245 0.87556
540100 -16174.3 -20023 298.024 -66.259 0.875704
540200 -16099.7 -20015.1 303.19 144.691 0.87645
540300 -16134.4 -19997.8 299.17 -55.8667 0.876177
540400 -16158.3 -20012.2 298.426 -144.275 0.876622
540500 -16165.3 -20018.5 298.376 256.372 0.877743
540600 -16203.7 -20060.7 298.675 -210.841 0.877329
540700 -16277.3 -20082.7 294.67 -161.407 0.878389
540800 -16289.8 -20095.8 294.724 139.515 0.881055
540900 -16182.4 -20066.4 300.76 405.14 0.882461
541000 -16139.5 -20041 302.117 -136.66 0.880584
541100 -16197 -20046 298.053 -23.2214 0.87928
541200 -16264.3 -20115.3 298.206 232.472 0.878173
541300 -16287 -20084.6 294.076 -126.074 0.875135
541400 -16250.1 -20085.3 296.989 -159.104 0.872987
541500 -16213.3 -20083.2 299.667 0.614512 0.87226
541600 -16219.4 -20090.8 299.782 17.2505 0.871425
541700 -16314.9 -20102 293.264 -367.657 0.871001
541800 -16341.6 -20129.3 293.301 -9.01805 0.873614
541900 -16270.8 -20099 296.438 72.6512 0.876878
542000 -16218.7 -20032.1 295.296 48.9332 0.879414
542100 -16181.5 -20052.4 299.75 125.586 0.881472
542200 -16194 -20068.9 300.061 125.636 0.882534
542300 -16284.8 -20097.5 295.24 15.8787 0.882627
542400 -16331.6 -20134.4 294.471 -46.0151 0.88229
542500 -16289.9 -20098.9 294.954 -51.8029 0.882219
542600 -16255.2 -20127.7 299.866 121.418 0.882651
542700 -16275.3 -20118.2 297.576 -37.1628 0.882225
542800 -16282.6 -20085.3 294.464 -9.22467 0.881869
542900 -16198.2 -20056.8 298.796 -40.8967 0.881889
543000 -16123.4 -20018.5 301.623 -19.1452 0.882131
543100 -16142 -20020.7 300.352 264.164 0.881935
543200 -16183 -20041.9 298.819 -26.5409 0.879521
543300 -16220.7 -20092.9 299.848 -248.932 0.876798
543400 -16272.8 -20097.5 296.175 -283.16 0.875987
543500 -16275.3 -20095 295.78 -65.6484 0.87779
543600 -16255.2 -20125 299.661 27.5487 0.88103
543700 -16273.9 -20135.3 299.011 237.965 0.884267
543800 -16318.3 -20144.2 296.26 218.446 0.88547
543900 -16333.1 -20195.3 299.069 58.5557 0.884842
544000 -16404.6 -20230 296.224 172.713 0.883145
544100 -16457.4 -20235.6 292.57 -147.133 0.879766
544200 -16375.5 -20182.6 294.811 -145.081 0.877365
544300 -16293.7 -20119.6 296.263 -276.436 0.876701
544400 -16247.4 -20135.5 301.081 -230.19 0.87883
544500 -16268.9 -20129.8 298.973 267.1 0.882931
544600 -16364.2 -20199 296.957 66.9585 0.885214
544700 -16405.5 -20219.5 295.335 50.4391 0.886227
544800 -16376.5 -20188.5 295.189 43.6718 0.88696
544900 -16340.9 -20212.3 299.789 203.587 0.886805
545000 -16346.9 -20185.4 297.242 -178.82 0.885424
545100 -16344.6 -20214.4 299.66 11.2285 0.885157
545200 -16376.7 -20179.2 294.451 -72.1359 0.885204
545300 -16362 -20210.1 297.982 49.1478 0.885871
545400 -16322.9 -20208.4 300.878 15.4934 0.886211
545500 -16327.9 -20177.3 298.085 -86.096 0.886412
545600 -16377.8 -20226.9 298.063 306.394 0.886864
545700 -16447.9 -20217.6 291.912 -16.5895 0.885229
545800 -16403.6 -20237.2 296.866 -11.7202 0.882952
545900 -16309.9 -20176.4 299.409 -59.4352 0.880562
546000 -16295.3 -20172.7 300.25 117.793 0.878387
546100 -16323.5 -20147.4 296.11 -188.208 0.875528
546200 -16300.1 -20123.4 296.058 66.9585 0.873541
546300 -16198.6 -20092.5 301.529 -175.885 0.871233
546400 -16161 -20012.2 298.218 -132.253 0.870252
546500 -16172.6 -20069.8 301.789 -38.1164 0.870795
546600 -16232.6 -20073.2 297.403 -131.699 0.871882
546700 -16267.2 -20098.4 296.674 110.441 0.874328
546800 -16261.6 -20113.2 298.256 256.41 0.876215
546900 -16241.8 -20105.3 299.171 -2.30793 0.875834
547000 -16213.1 -20067.9 298.498 -83.3968 0.874971
547100 -16180.4 -20036.2 298.582 -61.0945 0.875016
547200 -16136.5 -20013.7 300.232 147.93 0.875512
547300 -16137.3 -20013.5 300.159 -55.5061 0.875029
547400 -16226.2 -20054.8 296.476 -112.564 0.874934
547500 -16299.3 -20130.6 296.683 -198.399 0.87615
547600 -16296.6 -20106.9 295.048 -0.655054 0.879297
547700 -16257.9 -20146.7 301.134 161.778 0.883044
547800 -16268.4 -20094.7 296.291 176.032 0.88544
547900 -16246 -20086.6 297.4 32.1307 0.886585
548000 -16214.1 -20099 300.831 367.166 0.886794
548100 -16265.2 -20132.6 299.481 255.712 0.88366
548200 -16360.8 -20140.8 292.71 75.1741 0.878059
548300 -16326.8 -20151.7 296.186 -341.712 0.872267
548400 -16261 -20096 296.968 -247.397 0.869701
548500 -16208.6 -20059 298.159 -103.314 0.869899
548600 -16184.8 -20062.8 300.294 -17.0599 0.871112
548700 -16217.2 -20069.5 298.304 -163.917 0.87254
548800 -16347.4 -20109.8 291.349 -114.431 0.875338
548900 -16381.2 -20186.2 294.646 99.4424 0.879064
549000 -16326.1 -20166.3 297.368 269.722 0.881477
549100 -16293.7 -20139.3 297.794 418.352 0.881013
549200 -16266.9 -20095.9 296.501 -131.381 0.877471
549300 -16142.7 -19997.5 298.505 -90.5204 0.874759
549400 -16099.5 -20002.4 302.226 86.5191 0.873026
549500 -16172.6 -20024.5 298.276 -137.177 0.871271
549600 -16233 -20083.1 298.14 -216.154 0.870636
549700 -16289.3 -20137.6 297.998 -370.628 0.872307
549800 -16358.7 -20155.4 294.003 296.451 0.8766
549900 -16372.7 -20177.9 294.659 185.052 0.878687
550000 -16277.3 -20146.1 299.586 104.769 0.878404
550100 -16221.5 -20104.5 300.681 117.653 0.877109
550200 -16247.6 -20084.8 297.139 -149.404 0.875241
550300 -16270.5 -20084.4 295.331 -24.1381 0.874479
550400 -16211.5 -20090.7 300.392 -78.0137 0.874265
550500 -16140.8 -20018 300.239 -3.67088 0.874663
550600 -16127.3 -19997.3 299.679 -138.306 0.875411
550700 -16196.7 -20018.7 295.958 64.1309 0.877031
550800 -16292.1 -20141.6 298.094 82.6996 0.878162
550900 -16335.6 -20110 292.281 8.47899 0.87851
551000 -16273.8 -20097.5 296.094 162.262 0.878521
551100 -16233.1 -20084.3 298.219 -214.555 0.877433
551200 -16221.6 -20072 298.158 44.8801 0.87789
551300 -16194.8 -20040.5 297.791 284.313 0.877954
551400 -16124.4 -20008.1 300.744 82.5146 0.875477
551500 -16050.8 -19936.6 300.896 -138.94 0.872226
551600 -16057.7 -19986.2 304.206 -224.627 0.870453
551700 -16189.2 -20043.9 298.497 -30.3661 0.870678
551800 -16253.3 -20108.3 298.515 70.2311 0.871434
551900 -16301.1 -20101.8 294.312 91.5839 0.871538
552000 -16257.4 -20123.8 299.4 -204.919 0.871141
552100 -16197.6 -20072.9 300.092 -51.8783 0.872049
552200 -16127.3 -19995.3 299.519 158.599 0.87351
552300 -16039.4 -20006.5 307.195 62.0517 0.873722
552400 -16119.1 -20016.8 301.826 49.1475 0.872857
552500 -16185 -20021.3 297.068 -392.039 0.872395
552600 -16191.8 -20057.8 299.361 109.762 0.874828
552700 -16242.7 -20098 298.54 138.746 0.877006
552800 -16309 -20119.2 295.051 -8.96165 0.878
552900 -16302 -20140.9 297.27 232.572 0.878674
553000 -16226.4 -20084.7 298.766 217.884 0.877292
553100 -16114.7 -19994.2 300.416 -3.99396 0.87363
553200 -16101.1 -19966.3 299.302 -252.744 0.869426
553300 -16132.7 -19997.2 299.254 -204.441 0.867247
553400 -16230.4 -20041.5 295.119 17.7392 0.867061
553500 -16267 -20088.6 295.934 -137.806 0.867071
553600 -16246.3 -20084.6 297.225 -56.3596 0.868287
553700 -16219.8 -20066.8 297.896 -10.212 0.870393
553800 -16202.1 -20047.8 297.795 58.6375 0.872611
553900 -16196.7 -20048.4 298.264 -210.729 0.874974
554000 -16221.1 -20105.2 300.773 341.133 0.878995
554100 -16304.6 -20101 293.975 46.4449 0.880782
554200 -16312.2 -20146.1 296.888 32.6994 0.881803
554300 -16279.9 -20114.3 296.919 159.216 0.882669
554400 -16244 -20109.5 299.33 365.149 0.881473
554500 -16253.5 -20115.3 299.037 144.261 0.876818
554600 -16259.3 -20060.8 294.374 6.04806 0.870309
554700 -16193.9 -20066.2 299.856 -240.242 0.864518
554800 -16147.1 -20022.3 300.08 -263.988 0.861596
554900 -16149.7 -19991.4 297.485 -54.055 0.861175
555000 -16195.6 -20041 297.769 -281.513 0.861867
555100 -16269.1 -20101.7 296.784 -151.459 0.86475
555200 -16305.8 -20102.4 293.993 -137.44 0.868649
555300 -16246.2 -20093.8 297.948 15.5112 0.873326
555400 -16155.3 -20032.9 300.266 16.1037 0.877306
555500 -16153.9 -20053.5 301.966 314.052 0.879758
555600 -16225.8 -20115.9 301.23 267.613 0.879086
555700 -16281.1 -20119.3 297.213 -88.4642 0.876296
555800 -16284.5 -20100.1 295.464 40.2298 0.874263
555900 -16221.5 -20068.3 297.881 -84.6285 0.872531
556000 -16145.9 -20030.1 300.773 -57.5813 0.871682
556100 -16141.7 -20024.7 300.681 74.1663 0.871293
556200 -16169.2 -20003.5 296.914 -87.8612 0.870436
556300 -16151 -19976.6 296.234 -165.819 0.870624
556400 -16126.1 -20017.2 301.313 36.8009 0.872303
556500 -16187.7 -20052.5 299.271 -113.976 0.873754
556600 -16298.8 -20104.6 294.7 77.7468 0.875742
556700 -16292 -20126 296.888 75.339 0.877234
556800 -16251.4 -20100.8 298.084 -68.4076 0.878012
556900 -16205.5 -20070.5 299.293 195.993 0.879133
557000 -16148.8 -20041.8 301.461 322.108 0.878406
557100 -16092.6 -19987.9 301.644 -128.837 0.87492
557200 -16087.1 -19944.6 298.712 -78.5145 0.872299
557300 -16140.5 -20022.5 300.608 -55.4462 0.870896
557400 -16244.9 -20082.4 297.162 -248.606 0.870145
557500 -16265.2 -20050.4 293.113 -111.114 0.871395
557600 -16197.8 -20047.4 298.096 58.8032 0.873945
557700 -16163.9 -20038.8 300.06 133.705 0.87596
557800 -16174.4 -20029.9 298.555 95.3053 0.876572
557900 -16198.5 -20058.8 298.929 88.433 0.876082
558000 -16209.8 -20016.2 294.75 -31.2115 0.874986
558100 -16189.5 -20050.7 298.99 85.3846 0.874107
558200 -16200.7 -20067 299.391 -40.1282 0.872669
558300 -16259.1 -20081.2 295.973 133.019 0.871196
558400 -16338.3 -20149.8 295.144 77.3 0.868493
558500 -16414.4 -20190 292.366 -196.984 0.865487
558600 -16356.6 -20151.4 293.858 -201.391 0.86463
558700 -16239.1 -20056.2 295.585 -49.0635 0.865464
558800 -16180 -20023.1 297.595 281.84 0.866357
558900 -16127.9 -20010.4 300.645 -20.413 0.86537
559000 -16132.2 -19992.2 298.9 -325.921 0.864571
559100 -16188.6 -20018.6 296.579 -255.427 0.866444
559200 -16266.4 -20048.2 292.849 -31.9515 0.870773
559300 -16253.3 -20075.7 295.994 164.578 0.87504
559400 -16148 -20051.7 302.293 202.332 0.877488
559500 -16138.2 -20011.9 299.964 187.488 0.877583
559600 -16160.9 -20004 297.594 -23.393 0.876259
559700 -16159.5 -19999.3 297.342 144.139 0.874857
559800 -16151.8 -20026.6 300.047 -78.4026 0.872752
559900 -16181.8 -20018.4 297.091 95.2198 0.871269
560000 -16235.2 -20037.1 294.403 13.2121 0.869459
560100 -16320.8 -20109.6 293.392 -231.192 0.868178
560200 -16323.2 -20134 295.092 -97.0501 0.86886
560300 -16236.7 -20055.1 295.682 -34.0109 0.870359
560400 -16156.4 -20027.9 299.795 0.815851 0.872018
560500 -16148.1 -19999.1 298.203 219.191 0.873261
560600 -16157.8 -20010.4 298.333 -151.941 0.87282
560700 -16201 -20017.2 295.51 -117.335 0.873523
560800 -16247.2 -20054.2 294.795 -164.349 0.875799
560900 -16218.1 -20080.5 299.089 334.68 0.878592
561000 -16167.6 -20047.4 300.437 43.3005 0.87879
561100 -16125.1 -19998.8 299.962 26.7611 0.878318
561200 -16096.2 -19967.6 299.786 260.469 0.877391
561300 -16110.8 -19991.8 300.528 -127.034 0.874577
561400 -16191.9 -20010.2 295.668 23.0565 0.872532
561500 -16225.4 -20038.8 295.293 -60.9527 0.870764
561600 -16175.7 -20028.8 298.374 -263.043 0.869831
561700 -16059.5 -19973.8 303.112 -67.1526 0.871104
561800 -16069.8 -19998.5 304.227 168.358 0.87288
561900 -16152.8 -20018.6 299.352 187.271 0.873261
562000 -16195.2 -20045.6 298.156 61.1437 0.871911
562100 -16224.7 -20027.6 294.48 -68.1411 0.869921
562200 -16171.3 -20031.1 298.89 -173.223 0.868791
562300 -16084.3 -19992.4 302.631 -24.3587 0.869098
562400 -16098.3 -19938.4 297.365 -117.607 0.869827
562500 -16127.1 -19960.3 296.825 -132.179 0.871775
562600 -16192.4 -20001.9 294.994 228.865 0.874475
562700 -16232.4 -20065.1 296.785 87.6511 0.875394
562800 -16237.1 -20104.7 299.492 52.9937 0.875253
562900 -16257.9 -20045.3 293.283 48.0573 0.874534
563000 -16201.7 -20069.9 299.542 101.383 0.873361
563100 -16119.1 -19979.7 298.954 168.648 0.871133
563200 -16067.3 -19935.5 299.534 -126.497 0.867608
563300 -16061.7 -19899.4 297.176 -268.288 0.865612
563400 -16108.2 -19933 296.172 -87.4164 0.866325
563500 -16149.4 -19973.9 296.15 -19.2601 0.867709
563600 -16162.2 -20015.1 298.349 -223.928 0.869361
563700 -16180 -20001.1 295.893 -55.2078 0.872654
563800 -16142.4 -20003.5 298.993 161.867 0.875649
563900 -16087 -19995.9 302.689 162.606 0.876974
564000 -16133.6 -20005.4 299.822 192.543 0.876502
564100 -16224.8 -19999.1 292.271 24.8697 0.874524
564200 -16191.5 -20029.5 297.201 -45.781 0.872758
564300 -16149.4 -19991.4 297.515 -163.424 0.87175
564400 -16106.6 -19958.1 298.245 6.70156 0.87213
564500 -16063.2 -19929.5 299.391 -61.0924 0.872564
564600 -15946.9 -19853.1 302.479 70.384 0.873151
564700 -15916.8 -19850.8 304.634 -21.3978 0.873477
564800 -16025.7 -19931.3 302.43 122.816 0.873746
564900 -16128.3 -20012.7 300.793 -89.6866 0.873312
565000 -16194 -19996.1 294.42 38.279 0.873185
565100 -16173.7 -19999.4 296.248 -18.5222 0.872985
565200 -16091.6 -19965.4 299.976 92.9191 0.872688
565300 -16048 -19933.6 300.887 37.1272 0.871684
565400 -16101.5 -19979.7 300.309 -97.7765 0.870442
565500 -16202.7 -20025.6 296.028 -189.35 0.870318
565600 -16213.6 -20049.9 297.065 60.6982 0.871539
565700 -16201.9 -20040.9 297.277 59.2858 0.872589
565800 -16151.3 -19991.9 297.401 -23.492 0.873112
565900 -16078.9 -19970.6 301.363 152.493 0.873563
566000 -16068.8 -19961.1 301.405 11.4345 0.873061
566100 -16177.6 -20002.1 296.16 -88.324 0.872165
566200 -16238.1 -20043 294.638 -116.324 0.872127
566300 -16205.8 -20067.2 299.012 16.2103 0.873097
566400 -16167.2 -20017.2 298.131 165.858 0.873669
566500 -16080.9 -19945.3 299.238 -198.102 0.873481
566600 -15979.3 -19839.7 298.934 93.4797 0.874513
566700 -15982.6 -19921.4 305.01 308.233 0.87487
566800 -16076.3 -19938.7 299.088 -43.2154 0.872591
566900 -16121.9 -19993 299.757 -303.526 0.870141
567000 -16180 -20029 298.051 -211.698 0.870355
567100 -16232.8 -20042.2 294.982 23.4316 0.872687
567200 -16229.5 -20065.5 297.044 -22.5363 0.875587
567300 -16137.7 -20039.4 302.131 185.745 0.878928
567400 -16099.7 -20006.6 302.536 337.948 0.880905
567500 -16173.5 -20012.9 297.312 -18.0593 0.879914
567600 -16230 -20040 295.03 -91.4202 0.878731
567700 -16206.6 -20046.6 297.351 28.8749 0.878271
567800 -16181.5 -20049.8 299.547 -58.9795 0.877588
567900 -16193.9 -20058.8 299.283 -13.2366 0.877211
568000 -16208 -20051.7 297.645 -15.1048 0.877199
568100 -16222.9 -20087.9 299.291 -41.4493 0.877496
568200 -16248.2 -20052.4 294.578 -143.847 0.878199
568300 -16184.6 -20054.4 299.665 61.3117 0.880293
568400 -16102.7 -20010.3 302.585 442.314 0.881524
568500 -16120.3 -19960.4 297.361 -25.8406 0.879374
568600 -16192.5 -20047.8 298.543 -216.199 0.877029
568700 -16314.9 -20070.6 290.83 -183.284 0.876342
568800 -16263.9 -20089.9 296.269 -159.496 0.877674
568900 -16178.3 -20063.9 300.886 0.404646 0.880606
569000 -16179.7 -20058.9 300.387 81.2209 0.883727
569100 -16245.5 -20065.1 295.775 149.173 0.88598
569200 -16283.6 -20075.2 293.605 142.493 0.88691
569300 -16205.4 -20080.5 300.069 235.229 0.886411
569400 -16140.6 -20040.1 301.97 0.601186 0.883805
569500 -16183.6 -20035.7 298.293 38.9934 0.880806
569600 -16235.3 -20014.8 292.666 -329.95 0.878089
569700 -16153.7 -19999.5 297.808 -51.6396 0.877829
569800 -16068.4 -19932 299.186 145.07 0.878382
569900 -16074.8 -19946.2 299.79 56.6815 0.87767
570000 -16123.6 -19957.9 296.914 -99.7078 0.876609
570100 -16178.4 -19988.7 295.057 54.6949 0.876085
570200 -16218.3 -20001.7 292.969 -3.53251 0.875174
570300 -16162.4 -19997.1 296.941 32.8551 0.874149
570400 -16067.3 -19925.4 298.755 -62.5526 0.872951
570500 -16044.6 -19955.3 302.831 -260.753 0.872629
570600 -16122.1 -19975.5 298.391 73.0688 0.874092
570700 -16160.2 -19937.4 292.49 -197.791 0.875929
570800 -16110.9 -19968.4 298.711 199.381 0.879114
570900 -16106.6 -19972.9 299.391 159.048 0.880961
571000 -16131.2 -19971.5 297.373 53.171 0.881168
571100 -16176.8 -20042.8 299.366 263.246 0.880545
571200 -16273.5 -20061.7 293.343 -39.1451 0.877605
571300 -16256 -20090.3 296.915 69.3255 0.874266
571400 -16194.1 -20059 299.284 -58.4262 0.870476
571500 -16102.6 -19948.8 297.833 -317.746 0.867357
571600 -16007.2 -19926.1 303.462 -268.706 0.867233
571700 -16037.4 -19927.8 301.261 42.8436 0.869437
571800 -16113.2 -19959 297.809 -87.1308 0.871853
571900 -16159.2 -20042.6 300.715 -28.9878 0.875152
572000 -16227.7 -20076.9 298.071 148.765 0.878607
572100 -16261.4 -20076.5 295.425 19.5965 0.880917
572200 -16246.9 -20091.6 297.714 176.91 0.88298
572300 -16228 -20087.3 298.856 332.27 0.883097
572400 -16225.2 -20067.2 297.511 -16.6869 0.880345
572500 -16211.5 -20062.7 298.224 -172.385 0.877489
572600 -16181.7 -20047.8 299.373 -58.7039 0.875978
572700 -16155 -20000.5 297.779 96.4404 0.875002
572800 -16106.4 -19971.7 299.318 -71.1034 0.873299
572900 -16079.8 -19981.2 302.106 -339.378 0.872639
573000 -16171.9 -20032.5 298.945 78.1744 0.874696
573100 -16261.6 -20092.8 296.679 173.9 0.876393
573200 -16259 -20081.6 296.005 65.1349 0.876556
573300 -16213.8 -20054.9 297.435 -24.6278 0.87623
573400 -16125.8 -20000.3 300.026 -54.3881 0.875977
573500 -16071.3 -19967.5 301.705 44.4434 0.875926
573600 -16094.6 -19951.9 298.696 -35.655 0.875806
573700 -16122.2 -19965.1 297.576 79.4882 0.875679
573800 -16125.7 -19936.4 295.085 -117.415 0.875309
573900 -16036.5 -19934.8 301.863 163.23 0.875537
574000 -15979.2 -19872.8 301.502 42.0649 0.874497
574100 -16029.3 -19913.2 300.751 109.195 0.872315
574200 -16083.8 -19894.7 295.099 -375.398 0.869419
574300 -16056.9 -19874.6 295.632 -119.487 0.86925
574400 -16006.4 -19885.2 300.363 -54.7656 0.87075
574500 -16003.2 -19880.5 300.24 -54.9751 0.873226
574600 -16081.1 -19898.5 295.606 93.7167 0.876315
574700 -16160.2 -20009.1 298.047 346.784 0.878501
574800 -16200.5 -20001.9 294.366 -224.715 0.878235
574900 -16142.7 -19981.5 297.262 48.2838 0.879346
575000 -16031.6 -19925 301.489 478.808 0.879934
575100 -16042.4 -19897.5 298.526 -42.4666 0.876408
575200 -16065.2 -19915.8 298.17 -174.512 0.87271
575300 -16115.8 -19963.1 297.918 -243.654 0.870906
575400 -16186.6 -19975.1 293.368 32.188 0.871016
575500 -16173.4 -20005.8 296.767 -38.608 0.871229
575600 -16048.9 -19924.8 300.13 -15.3294 0.871713
575700 -16016.3 -19885.1 299.582 150.47 0.87231
575800 -16062.3 -19939.8 300.257 -100.786 0.871813
575900 -16151.3 -20011.6 298.925 -25.7409 0.871799
576000 -16200.1 -20020.8 295.867 10.1698 0.87245
576100 -16182.1 -20024 297.499 -88.0695 0.873181
576200 -16161.4 -20001.7 297.377 30.8003 0.874493
576300 -16157.4 -20046.6 301.165 -2.1639 0.875942
576400 -16256.8 -20061.9 294.65 -111.458 0.877635
576500 -16292.9 -20062.5 291.906 248.423 0.88029
576600 -16212.9 -20096.3 300.714 95.3063 0.881329
576700 -16182.8 -20033.9 298.218 109.793 0.881082
576800 -16156.2 -19995.6 297.31 340.111 0.879058
576900 -16062.3 -19958 301.668 -142.838 0.874069
577000 -16006 -19902.3 301.719 -319.966 0.870208
577100 -16057.3 -19913.8 298.633 -206.685 0.869118
577200 -16166.2 -19987.9 295.94 25.7606 0.869948
577300 -16175.7 -19978.8 294.499 24.4835 0.870752
577400 -16116.2 -19992.8 300.192 -2.44973 0.871561
577500 -16094.6 -19955.2 298.949 155.894 0.872003
577600 -16134.1 -20003 299.59 -193.437 0.871555
577700 -16269.8 -20030.3 291.191 78.7614 0.872461
577800 -16262 -20093.5 296.696 -56.8889 0.873192
577900 -16208.2 -20052.2 297.671 109.322 0.874176
578000 -16178.7 -20089.5 302.84 137.434 0.874564
578100 -16261 -20053.7 293.696 85.344 0.873335
578200 -16315.4 -20062.5 290.161 -47.5055 0.87092
578300 -16203.9 -20021 295.58 -251.288 0.868188
578400 -16144.5 -19992.6 297.98 -180.56 0.867172
578500 -16111.7 -19978.5 299.429 69.9097 0.867854
578600 -16116.3 -19984.6 299.541 -248.718 0.868636
578700 -16174.3 -19994.3 295.803 125.754 0.871574
578800 -16208.9 -20027.8 295.722 214.055 0.874018
578900 -16174.9 -20023.6 298.022 80.0775 0.874643
579000 -16099.6 -19975.6 300.145 54.4159 0.87425
579100 -16059.1 -19915.7 298.645 -5.74072 0.873149
579200 -15986 -19877.4 301.338 -143.884 0.872248
579300 -15929.7 -19860.4 304.376 -110.731 0.872699
579400 -15999.6 -19896.6 301.769 92.9365 0.874132
579500 -16108.5 -19935 296.311 -150.463 0.8752
579600 -16106.1 -19939.5 296.845 -111.847 0.8776
579700 -16067.4 -19950.9 300.725 255.262 0.8808
579800 -16100.6 -19964.9 299.24 74.3132 0.882127
579900 -16203.8 -20031.6 296.41 136.917 0.882383
580000 -16246.8 -20060.9 295.353 133.474 0.881292
580100 -16216.4 -20020.2 294.555 22.5022 0.878863
580200 -16143.6 -19956.3 295.242 -83.5266 0.876096
580300 -16117.9 -19992.3 300.019 77.2153 0.873834
580400 -16146.4 -19973.8 296.376 -244.673 0.871535
580500 -16149.8 -19973.7 296.107 -40.0408 0.870882
580600 -16074.8 -19902.9 296.436 -177.258 0.871368
580700 -15982.6 -19900.2 303.365 -132.654 0.873367
580800 -16024.4 -19893.1 299.58 29.9174 0.876614
580900 -16098.5 -19967.8 299.625 220.168 0.879735
581000 -16158.4 -20029.8 299.787 276.746 0.88074
581100 -16198.2 -20045.1 297.886 31.1604 0.879131
581200 -16214.7 -20041.3 296.319 246.072 0.876512
581300 -16188.8 -20037.8 298.055 -219.903 0.872445
581400 -16088.2 -19974.8 300.965 -153.19 0.869955
581500 -15999.3 -19917.5 303.411 66.496 0.869037
581600 -16050 -19915.3 299.312 -54.9154 0.867754
581700 -16110.7 -19952.5 297.488 -81.0044 0.866841
581800 -16123.9 -19958.5 296.938 -114.657 0.867121
581900 -16104.5 -19931.8 296.368 -60.9816 0.868369
582000 -16031.2 -19951.2 303.552 -20.6564 0.870344
582100 -15930.3 -19921.5 309.066 324.205 0.872196
582200 -16019.4 -19901.7 300.635 76.3908 0.871439
582300 -16097.4 -19960.2 299.121 -135.996 0.869779
582400 -16148 -19981.7 296.865 -72.1547 0.869195
582500 -16166.5 -19984.4 295.641 -57.4534 0.869534
582600 -16103.1 -19945.2 297.511 113.035 0.870037
582700 -16005 -19924.7 303.527 -64.3329 0.869844
582800 -16036.4 -19924.8 301.108 -207.501 0.870495
582900 -16088.7 -19960.4 299.812 5.1624 0.87292
583000 -16139.7 -20013.7 299.984 -51.1323 0.875705
583100 -16202.2 -20048.2 297.825 227.392 0.878556
583200 -16234.4 -20059.6 296.211 21.5229 0.879936
583300 -16211.4 -20033.1 295.937 292.987 0.880484
583400 -16182.6 -20023.9 297.457 102.36 0.878519
583500 -16151.7 -19990.2 297.236 -32.6576 0.875379
583600 -16106.5 -19937.9 296.689 -76.2193 0.87237
583700 -16036.4 -19949.1 302.98 -113.26 0.869916
583800 -16065.1 -19916.6 298.246 -39.1663 0.868388
583900 -16179.1 -19971 293.632 30.4426 0.867454
584000 -16159.6 -19973.4 295.327 47.3489 0.866224
584100 -16077.4 -19932.7 298.541 -104.377 0.86461
584200 -16018.3 -19875 298.645 -161.831 0.863782
584300 -15992.2 -19903.2 302.849 -241.724 0.864625
584400 -16095.1 -19913.8 295.703 -92.9857 0.86774
584500 -16160.7 -20010.1 298.087 -104.839 0.872607
584600 -16165.6 -19991.4 296.258 417.213 0.878051
584700 -16148.1 -20032.8 300.817 119.372 0.88006
584800 -16209.4 -20031.8 295.989 -136.52 0.88071
584900 -16289 -20083.4 293.82 207.126 0.882096
585000 -16261.6 -20091.7 296.588 135.566 0.881914
585100 -16161.2 -20030.5 299.625 260.121 0.88004
585200 -16114.9 -19960 297.75 27.0273 0.876047
585300 -16087.9 -19908.6 295.859 -110.277 0.872081
585400 -16042.4 -19903.1 298.961 -64.6256 0.869631
585500 -16026.8 -19905.3 300.34 52.3365 0.867824
585600 -16105 -19960.7 298.574 -240.732 0.866109
585700 -16201.9 -19995.9 293.789 -298.771 0.866863
585800 -16171.6 -20009.8 297.215 -25.8004 0.870014
585900 -16122.5 -19980.9 298.779 26.4265 0.873142
586000 -16089.7 -19956.6 299.435 52.3466 0.875622
586100 -16035.1 -19984.4 305.818 86.5736 0.876996
586200 -16126.7 -19992 299.313 -31.1729 0.877456
586300 -16205.5 -20017.6 295.19 178.565 0.877897
586400 -16202 -20049.2 297.915 189.038 0.876751
586500 -16170.7 -20022 298.229 -110.719 0.874312
586600 -16088.1 -19954.5 299.402 82.2564 0.872643
586700 -16023.4 -19940.1 303.299 7.50769 0.870687
586800 -16075.5 -19962.4 300.99 17.5629 0.868523
586900 -16159.1 -20027 299.515 -198.023 0.866838
587000 -16174.9 -20004 296.515 -22.6198 0.866856
587100 -16153.4 -20000.6 297.913 24.8878 0.867075
587200 -16103.8 -19949.7 297.806 -263.929 0.867582
587300 -16021 -19912.1 301.306 -258.501 0.870373
587400 -16033 -19944.9 302.921 230.175 0.874942
587500 -16149.2 -19981.1 296.727 7.08263 0.877967
587600 -16166.3 -19994.9 296.476 172.234 0.879971
587700 -16127.8 -19979.3 298.241 195.365 0.880357
587800 -16095.9 -19994.6 301.9 70.1958 0.879109
587900 -16168.3 -20019 298.185 39.7806 0.877063
588000 -16247.1 -20031.1 293.02 -207.719 0.87511
588100 -16220 -20053.2 296.832 -2.20133 0.874797
588200 -16179 -20017.1 297.209 234.899 0.874347
588300 -16147 -19995.3 298.002 -237.642 0.872375
588400 -16144.9 -20030.6 300.898 -126.961 0.872351
588500 -16178.4 -20046.3 299.515 59.9308 0.873567
588600 -16186 -20008.7 296.017 -13.9305 0.874157
588700 -16164.6 -20010.7 297.833 -93.7205 0.875192
588800 -16104.6 -19972.5 299.512 207.731 0.876767
588900 -16013.2 -19934.8 303.667 203.56 0.876513
589000 -16038.2 -19906.2 299.521 70.047 0.874279
589100 -16153.8 -19998.8 297.741 -77.4555 0.871319
589200 -16198.4 -20044.1 297.792 -140.16 0.869096
589300 -16188.4 -20004.5 295.506 -93.7329 0.868193
589400 -16122.2 -19957.6 297.003 -135.005 0.868467
589500 -16051.6 -19938.8 301.017 51.8388 0.869914
589600 -16063.2 -19945.1 300.6 39.839 0.870923
589700 -16143 -20005.9 299.122 -31.3527 0.871429
589800 -16195.1 -20036.7 297.482 45.9802 0.87231
589900 -16187.7 -19994.7 294.804 61.054 0.872936
590000 -16116.7 -19972.6 298.59 -28.0296 0.872893
590100 -16074 -19962 301.074 -196.461 0.873255
590200 -16114.3 -19945.8 296.698 123.8 0.875184
590300 -16210.7 -19979.2 291.813 51.1006 0.876663
590400 -16279.2 -20085.2 294.729 179.539 0.877583
590500 -16283.3 -20079.6 293.971 134.179 0.876827
590600 -16172.9 -20022.6 298.111 33.5582 0.874452
590700 -16101.2 -19942 297.42 -48.6973 0.870971
590800 -16039.4 -19859.9 295.845 -365.04 0.86746
590900 -15973.7 -19865.9 301.404 -97.1161 0.866481
591000 -16002.9 -19905.9 302.236 -0.459288 0.86674
591100 -16071 -19944.5 299.948 -230.785 0.867468
591200 -16119.8 -19992.7 299.901 -167.715 0.870552
591300 -16168.7 -20001.4 296.783 157.911 0.875627
591400 -16196.9 -20016.1 295.75 441.254 0.879492
591500 -16205.7 -20065.9 298.924 232.716 0.879716
591600 -16221.2 -20074.9 298.415 231.711 0.877075
591700 -16259.1 -20050 293.55 -18.4716 0.872438
591800 -16207.8 -20025 295.594 -270.377 0.868125
591900 -16108.7 -19973.8 299.3 -117.464 0.866199
592000 -16084.9 -19931.1 297.835 -305.646 0.866107
592100 -16072.3 -19915.4 297.592 -179.402 0.868731
592200 -16034 -19967 304.554 164.283 0.872679
592300 -16104.2 -19983.6 300.404 0.968877 0.875377
592400 -16195 -20035 297.358 282.883 0.877096
592500 -16242.6 -20088.9 297.843 75.7145 0.876542
592600 -16280.4 -20093.8 295.294 -80.3171 0.87515
592700 -16236.2 -20061.3 296.197 -113.74 0.874523
592800 -16136.3 -20032.8 301.73 186.993 0.874781
592900 -16145.3 -20023.4 300.299 -32.4434 0.873727
593000 -16199 -20033.9 296.965 -164.393 0.873059
593100 -16238.2 -20046.8 294.917 65.7264 0.873591
593200 -16283.6 -20083.2 294.231 21.759 0.873835
593300 -16299.1 -20143 297.654 146.594 0.873787
593400 -16295.7 -20129 296.835 -156.734 0.87269
593500 -16242.6 -20039.5 294.015 101.763 0.872516
593600 -16145.4 -20025.5 300.459 -8.20697 0.871863
593700 -16148.1 -20016.6 299.561 -204.34 0.871355
593800 -16191.4 -20031.6 297.374 -110.082 0.872725
593900 -16255.5 -20038.6 292.95 -32.4308 0.874949
594000 -16281.8 -20073.2 293.593 8.41974 0.877552
594100 -16185.4 -20030.9 297.779 302.737 0.879751
594200 -16113 -19979.2 299.383 148.797 0.879325
594300 -16114.2 -20000.6 300.95 -116.298 0.877751
594400 -16188.1 -20030.5 297.545 71.6505 0.876534
594500 -16273.4 -20078.2 294.627 -81.7832 0.875289
594600 -16274 -20117.2 297.606 -31.1745 0.874692
594700 -16254.6 -20064.2 294.998 -72.3922 0.874433
594800 -16197.5 -20075.9 300.331 -60.9034 0.875074
594900 -16176.7 -20045.7 299.598 -35.5907 0.876167
595000 -16245.2 -20060.2 295.417 0.264313 0.877353
595100 -16313.9 -20081.9 291.779 -92.0919 0.878739
595200 -16250.1 -20129 300.364 267.867 0.880209
595300 -16217.6 -20055.5 297.194 -33.7428 0.87958
595400 -16199.8 -20067.2 299.476 -133.108 0.879271
595500 -16169.9 -20050.4 300.491 166.963 0.879887
595600 -16140.9 -19984.7 297.651 147.438 0.879056
595700 -16108.6 -19991.1 300.642 122.199 0.876894
595800 -16133 -19989.5 298.629 -144.434 0.874318
595900 -16204.2 -20007.5 294.51 -136.187 0.873087
596000 -16206.8 -20013.2 294.748 -20.4071 0.873223
596100 -16088.5 -19943 298.474 -141.589 0.874037
596200 -16044.7 -19922.3 300.271 304.365 0.875209
596300 -16070.3 -19909.4 297.282 -91.5667 0.874513
596400 -16088.2 -19930.9 297.564 -227.77 0.874475
596500 -16129.7 -20032.3 302.206 5.36763 0.876197
596600 -16249.7 -20071.6 295.956 173.452 0.877675
596700 -16276.2 -20114.6 297.231 191.696 0.877473
596800 -16261.9 -20103.8 297.499 -8.16813 0.875692
596900 -16191.5 -20010.1 295.702 -213.358 0.874315
597000 -16086 -19943.4 298.699 103.937 0.874386
597100 -16067.7 -19964.6 301.759 15.9647 0.873832
597200 -16133.4 -19989.4 298.594 -155.593 0.873546
597300 -16194.1 -20028.7 296.94 -9.85147 0.874399
597400 -16189.4 -20008.2 295.716 88.8874 0.875134
597500 -16156.1 -20008 298.276 -160.688 0.875496
597600 -16159.7 -20036.8 300.227 30.1614 0.877084
597700 -16194.9 -20032.1 297.136 61.7289 0.878648
597800 -16202.7 -20048.3 297.781 316.253 0.87897
597900 -16208.1 -20080.1 299.838 -159.552 0.877192
598000 -16224.9 -20059.7 296.956 -39.7163 0.876488
598100 -16212.2 -20025.6 295.297 31.4314 0.876093
598200 -16133.9 -20055.9 303.708 205.803 0.875153
598300 -16148 -20001 298.367 -100.094 0.872689
598400 -16257.1 -20020.9 291.458 -432.613 0.870943
598500 -16266.8 -20062.1 293.887 -183.643 0.873219
598600 -16193.8 -20039.7 297.813 350.02 0.877322
598700 -16173.8 -20025 298.223 59.5026 0.878833
598800 -16162.7 -20003.2 297.399 -6.63811 0.879335
598900 -16130.2 -20013.6 300.712 82.0592 0.879828
599000 -16149.2 -20024.8 300.115 150.156 0.879348
599100 -16244.3 -20033.8 293.44 -2.56192 0.877427
599200 -16235 -20032.5 294.068 -260.654 0.875482
599300 -16144.7 -19999.9 298.537 5.43567 0.87575
599400 -16116.3 -19987.2 299.744 139.249 0.876287
599500 -16148.5 -19998.5 298.135 -90.7459 0.875884
599600 -16183.5 -20044.1 298.95 -198.006 0.876177
599700 -16271.8 -20100.5 296.474 114.851 0.877843
599800 -16358.1 -20164.7 294.762 -81.7275 0.879612
599900 -16354.2 -20185.8 296.703 365.21 0.88176
600000 -16331.1 -20161 296.575 145.141 0.881175
600100 -16252.9 -20102.4 298.092 19.528 0.878683
600200 -16176.6 -20035 298.781 -66.7745 0.875622
600300 -16164.1 -20008.4 297.688 -240.072 0.872927
600400 -16166.3 -20021.3 298.521 -118.794 0.872282
600500 -16195.9 -20066.3 299.704 -132.635 0.872928
600600 -16287.8 -20109.3 295.922 -125.786 0.875151
600700 -16339.5 -20142.7 294.499 260.535 0.878259
600800 -16295.5 -20088.2 293.689 69.934 0.879751
600900 -16218.8 -20046.3 296.391 111.998 0.880374
601000 -16179.4 -20022.6 297.604 -22.5794 0.880145
601100 -16154.6 -20080 303.972 6.70089 0.879933
601200 -16248.4 -20108.2 298.887 -2.28047 0.879669
601300 -16299 -20105.6 294.767 -20.614 0.879374
601400 -16250.9 -20065.9 295.421 8.09034 0.879124
601500 -16168.3 -19995.4 296.356 81.8852 0.878634
601600 -16123.3 -19959.5 297.06 -46.9754 0.877467
601700 -16090.5 -19988.1 301.812 80.6814 0.87648
601800 -16140.6 -20019.2 300.34 77.4085 0.874703
601900 -16207.6 -20021 295.293 -344.534 0.872044
602000 -16189.5 -20018 296.465 -255.705 0.872139
602100 -16129.2 -19958.7 296.538 -250.153 0.87533
602200 -16068.7 -19938.1 299.636 264.516 0.880731
602300 -16065.4 -19939.1 299.965 306.275 0.884285
602400 -16140 -19983.8 297.652 73.4333 0.884935
602500 -16259.9 -20112.1 298.298 54.9181 0.884702
602600 -16292.8 -20127.7 296.963 139.254 0.88376
602700 -16272.9 -20092.6 295.784 100.435 0.881288
602800 -16188.1 -20039.5 298.234 -0.0243471 0.877992
602900 -16132 -19979.2 297.905 -209.385 0.875119
603000 -16107.7 -19988.7 300.53 -68.0855 0.873746
603100 -16127.2 -19985.2 298.754 -297.474 0.873767
603200 -16151 -20029.4 300.331 90.2749 0.876195
603300 -16185.1 -20022.5 297.155 -129.906 0.878435
603400 -16188.2 -20017.3 296.508 -40.6357 0.881403
603500 -16130.8 -20023.2 301.416 373.81 0.884256
603600 -16088.3 -19997.8 302.735 356.394 0.883528
603700 -16159.5 -19985.5 296.277 -352.26 0.880323
603800 -16241.4 -20054.1 295.241 41.482 0.8797
603900 -16264.8 -20079.5 295.391 79.7856 0.879271
604000 -16164.5 -20029.2 299.265 42.8414 0.878025
604100 -16076.4 -19961.2 300.826 -189.917 0.876783
604200 -16089 -19947.7 298.806 -65.376 0.877146
604300 -16142.9 -19987.7 297.729 149.033 0.877827
604400 -16219.4 -20029.2 295.016 -22.9468 0.877697
604500 -16234.1 -20080.2 297.828 75.9614 0.877416
604600 -16218.8 -20032.4 295.305 -178.817 0.876842
604700 -16128 -20001.3 299.933 81.3862 0.877347
604800 -16078 -19938.2 298.92 -30.181 0.877569
604900 -16066.3 -19978.7 302.962 66.6285 0.877778
605000 -16168.8 -20020.3 298.249 -106.324 0.877683
605100 -16225.6 -20058 296.767 -66.578 0.878315
605200 -16226 -20085.2 298.842 -53.4139 0.87959
605300 -16233.7 -20075.1 297.463 23.3503 0.881185
605400 -16257.4 -20107.1 298.108 208.053 0.882004
605500 -16315.9 -20127.1 295.121 1.59584 0.881236
605600 -16330.7 -20095.8 291.56 -58.0093 0.880697
605700 -16221.3 -20062.3 297.435 220.916 0.880521
605800 -16174.2 -20004.4 296.597 97.9384 0.878357
605900 -16118.9 -19984.5 299.334 -149.611 0.875198
606000 -16095.1 -19999.7 302.358 -39.0687 0.873462
606100 -16194 -20024.4 296.614 89.4827 0.872133
606200 -16223.9 -20016.6 293.688 6.32896 0.870034
606300 -16178.4 -20045.5 299.454 -101.432 0.868088
606400 -16165 -20012.3 297.921 -20.8457 0.86704
606500 -16149.6 -20022.2 299.874 -75.5139 0.866347
606600 -16134.4 -19960.9 296.309 -105.763 0.866593
606700 -16082.4 -19971.6 301.159 231.177 0.867345
606800 -16073.1 -19941.3 299.543 -63.4236 0.866429
606900 -16144.4 -20007.5 299.144 162.922 0.865585
607000 -16238 -20060.9 296.032 -60.2362 0.863564
607100 -16229.7 -20026.7 294.028 -241.601 0.862096
607200 -16164.3 -20037.4 299.919 -104.325 0.862658
607300 -16148.7 -19965.6 295.567 -202.209 0.864655
607400 -16118.9 -19979.6 298.958 84.0225 0.868375
607500 -16118.8 -20003.1 300.786 93.0269 0.871557
607600 -16153 -20010.8 298.735 -28.3257 0.873979
607700 -16172.9 -20039.1 299.378 275.077 0.87612
607800 -16211.1 -20041.6 296.623 192.14 0.875804
607900 -16218 -20043.1 296.205 -141.682 0.873921
608000 -16114.9 -19973.6 298.803 -86.9873 0.873234
608100 -16032.1 -19904.8 299.883 277.182 0.872979
608200 -16044.6 -19927.9 300.706 41.1018 0.870552
608300 -16121.4 -19935.8 295.373 -57.6752 0.867833
608400 -16151.8 -19956 294.582 -316.066 0.866135
608500 -16098.5 -19931.1 296.782 -228.182 0.867059
608600 -16077.1 -19940.8 299.188 -68.7726 0.870373
608700 -16079.3 -19924.4 297.751 59.8371 0.873845
608800 -16090.4 -19984.6 301.552 154.08 0.876064
608900 -16196.2 -20055.4 298.841 -31.6883 0.877082
609000 -16242.6 -20075.3 296.791 309.256 0.877557
609100 -16220.8 -20013 293.649 -94.7526 0.875819
609200 -16117.1 -19946.9 296.561 -91.7096 0.874784
609300 -16086.3 -19988 302.13 191.462 0.874538
609400 -16136.7 -19984.5 297.952 4.57153 0.872879
609500 -16193.1 -20024.5 296.688 -262.459 0.871436
609600 -16242.2 -20046.3 294.577 -317.472 0.872742
609700 -16242.8 -20055 295.201 67.7473 0.87651
609800 -16157.3 -20006.9 298.103 153.417 0.879615
609900 -16095.9 -19986.9 301.301 265.864 0.880487
610000 -16113.1 -19981.3 299.539 -69.8534 0.879241
610100 -16206.1 -20040 296.882 91.6359 0.87813
610200 -16260.4 -20075.9 295.461 -76.9958 0.876789
610300 -16242.9 -20085.1 297.524 -192.518 0.876406
610400 -16203.9 -20087.2 300.71 110.712 0.877174
610500 -16231.3 -20074.4 297.593 120.912 0.877238
610600 -16345.9 -20112.2 291.653 -10.7987 0.876356
610700 -16320 -20116.8 294.009 40.4559 0.875455
610800 -16236.5 -20077.8 297.46 -131.96 0.874356
610900 -16190.6 -20014.7 296.126 -127.541 0.874421
611000 -16132.1 -19962.6 296.619 -51.026 0.875919
611100 -16081.9 -19949 299.453 82.0203 0.877738
611200 -16087.5 -19989.6 302.164 119.441 0.878662
611300 -16136.9 -20001.8 299.284 12.7944 0.878568
611400 -16175.1 -20042.5 299.48 95.2166 0.877953
611500 -16222.6 -20043.1 295.845 -78.7252 0.876917
611600 -16215.5 -20066.5 298.209 -30.5074 0.876463
611700 -16155.8 -20017.7 299.05 126.241 0.876214
611800 -16054.8 -19961.9 302.553 -72.5456 0.875077
611900 -16067 -19964.7 301.823 -21.0495 0.874121
612000 -16156.1 -19989.3 296.829 -123.376 0.873579
612100 -16179.7 -19994.8 295.427 -300.917 0.874436
612200 -16147 -19988.5 297.466 -118.243 0.878307
612300 -16107.3 -19981.5 300.004 299.518 0.883462
612400 -16138.4 -20021.7 300.708 417.754 0.885909
612500 -16275.4 -20076.6 294.351 -53.5493 0.88492
612600 -16283 -20129.9 297.887 -44.4778 0.883926
612700 -16260.8 -20098.5 297.175 -10.4696 0.883305
612800 -16198.9 -20059.9 298.985 156.339 0.882388
612900 -16132.5 -20028.6 301.702 88.9995 0.880279
613000 -16115.2 -19987.8 299.878 129.982 0.876676
613100 -16178.4 -20035.1 298.648 -330.82 0.872109
613200 -16249.5 -20032.2 292.918 -366.678 0.870316
613300 -16192.4 -20015.7 296.063 10.886 0.871568
613400 -16116 -19967.7 298.258 -191.118 0.87368
613500 -16115.7 -20028.4 302.982 65.8906 0.877597
613600 -16173.8 -20013.1 297.305 98.0075 0.881187
613700 -16205.4 -20085.7 300.471 21.9739 0.884157
613800 -16240.8 -20068.8 296.418 253.182 0.886613
613900 -16241.9 -20082.8 297.424 102.741 0.886838
614000 -16210.4 -20064.7 298.463 136.95 0.885763
614100 -16081.9 -19989.9 302.619 -15.2973 0.883546
614200 -16067.2 -19995.4 304.187 69.4097 0.881046
614300 -16161.6 -19982 295.84 6.82269 0.878037
614400 -16172.8 -19986.2 295.291 -23.4908 0.875139
614500 -16124.1 -20006.4 300.632 -100.01 0.872434
614600 -16105.1 -19971.4 299.391 -257.192 0.87071
614700 -16142.3 -19983.4 297.446 -84.1217 0.87129
614800 -16209.8 -20007 294.04 -13.6129 0.872831
614900 -16215.6 -20070 298.472 -119.036 0.8749
615000 -16199.8 -20071.2 299.792 308.386 0.877435
615100 -16232.6 -20071.2 297.248 104.314 0.877573
615200 -16302.1 -20140.8 297.247 -80.7043 0.87657
615300 -16342.2 -20104.2 291.319 -122.185 0.876242
615400 -16245.1 -20076.3 296.673 135.576 0.87677
615500 -16178.2 -20047 299.582 -135.131 0.876706
615600 -16200 -20072.7 299.89 -29.6844 0.877575
615700 -16272.3 -20106.3 296.891 103.131 0.878837
615800 -16310.1 -20111.7 294.38 118.04 0.879228
615900 -16225.3 -20065.3 297.355 258.053 0.877987
616000 -16135.8 -20011.2 300.096 -220.555 0.874846
616100 -16131.3 -19979.5 297.991 -209.547 0.873278
616200 -16129.9 -19962.3 296.77 -89.6695 0.873902
616300 -16090.7 -19949.4 298.803 258.608 0.875157
616400 -16028.7 -19943.1 303.114 -67.8648 0.87448
616500 -16093.2 -19968.9 300.114 -52.9768 0.874057
616600 -16192.2 -20032.2 297.359 -11.0695 0.874371
616700 -16207.4 -20056.1 298.031 86.353 0.874471
616800 -16220 -20055.3 296.993 -40.2461 0.874046
616900 -16215.2 -20052.9 297.173 -74.5721 0.873747
617000 -16147.2 -19991.6 297.694 -11.3342 0.874012
617100 -16061 -19944 300.691 -17.1323 0.874939
617200 -16052.1 -19928.2 300.146 94.9651 0.876198
617300 -16127.1 -19982.2 298.528 98.9816 0.876378
617400 -16231.5 -20043.9 295.218 -46.1335 0.875777
617500 -16232.8 -20068.1 296.989 89.2404 0.875385
617600 -16195.5 -20032.1 297.096 -160.824 0.874304
617700 -16119.4 -19970.7 298.228 129.855 0.873968
617800 -16062.4 -19971.1 302.678 -79.4821 0.873041
617900 -16127.1 -19972.8 297.793 -12.1558 0.872317
618000 -16241.9 -19995.5 290.668 -229.288 0.872075
618100 -16177.3 -19998.2 295.872 -89.8411 0.873818
618200 -16105 -19959.8 298.5 83.1315 0.876612
618300 -16065.3 -19933.6 299.547 184.06 0.878754
618400 -16048.3 -19907.9 298.871 160.944 0.879517
618500 -16052.1 -19935.5 300.715 43.5941 0.878701
618600 -16147 -19995.2 297.99 17.6166 0.877245
618700 -16192.3 -19964 292.067 -261.733 0.875876
618800 -16115 -19934.4 295.761 38.5898 0.876344
618900 -16048.7 -19897.3 298.018 89.2934 0.877123
619000 -16026.1 -19839.2 295.271 55.6721 0.877083
619100 -15955.3 -19818.3 299.135 -36.7367 0.876572
619200 -15935 -19839.8 302.37 187.872 0.875996
619300 -15977.9 -19823 297.749 -81.3396 0.87363
619400 -15994.3 -19859.4 299.296 -37.4519 0.871482
619500 -16041.9 -19887.8 297.807 -96.0665 0.869889
619600 -16150.9 -19943.2 293.665 -19.6688 0.869097
619700 -16167.6 -19936.9 291.881 -160.34 0.868798
619800 -16114.9 -19928.1 295.281 88.4917 0.869612
619900 -16046.7 -19893.4 297.878 124.801 0.869942
620000 -15991.2 -19869.6 300.327 -65.1075 0.869096
620100 -16003.2 -19871.5 299.55 173.096 0.868454
620200 -16109.9 -19920.4 295.072 -154.934 0.866541
620300 -16148.3 -19928.1 292.697 -183.862 0.865271
620400 -16101.3 -19955.8 298.473 -58.3141 0.8659
620500 -16097.2 -19940.7 297.627 18.9684 0.867434
620600 -16096.5 -19954.5 298.753 169.126 0.869138
620700 -16068.5 -19922.8 298.46 187.754 0.869235
620800 -16020 -19905.8 300.901 -215.496 0.867766
620900 -16019.7 -19914.8 301.621 -8.99933 0.867649
621000 -16105.5 -19929.4 296.111 -292.093 0.868257
621100 -16133.3 -19947.5 295.352 52.8177 0.871254
621200 -16086.1 -19967.2 300.537 319.603 0.87415
621300 -16013.1 -19886.2 299.915 129.533 0.87431
621400 -15910.5 -19837.4 304.089 -45.6425 0.87306
621500 -15940.9 -19833.3 301.408 107.358 0.871919
621600 -16025.9 -19879.7 298.422 -126.195 0.870143
621700 -16064.6 -19925.1 298.944 -74.1466 0.869323
621800 -16102.1 -19936.6 296.929 78.1405 0.869144
621900 -16137.8 -19980.7 297.585 -87.4299 0.868485
622000 -16207.4 -19978.9 292.045 -101.384 0.868373
622100 -16227.6 -20002 292.272 21.3472 0.869034
622200 -16121.8 -19949.1 296.376 35.3106 0.869797
622300 -16066.5 -19953.4 300.991 292.93 0.870087
622400 -16104.7 -19950.3 297.787 -99.5859 0.868073
622500 -16140.5 -19923.9 292.969 -487.084 0.866899
622600 -16046.5 -19895.7 298.068 142.293 0.869687
622700 -15995 -19905 302.775 214.57 0.871777
622800 -16058.4 -19912.7 298.463 -94.0931 0.871926
622900 -16111.2 -19963.8 298.331 42.5028 0.872549
623000 -16177.5 -20035.8 298.776 159.968 0.872801
623100 -16266.5 -20102.4 297.034 -20.1578 0.871797
623200 -16289.4 -20107 295.622 101.117 0.870615
623300 -16251.7 -20101.1 298.084 -7.32047 0.868662
623400 -16200.2 -20033.5 296.834 147.393 0.866318
623500 -16127.6 -20019.4 301.362 -170.59 0.863047
623600 -16113.7 -20007.5 301.52 -37.6094 0.860678
623700 -16228.6 -20053.5 296.189 -160.9 0.859103
623800 -16275.1 -20068.3 293.73 -209.375 0.859015
623900 -16221.7 -20083.5 299.047 -263.656 0.86142
624000 -16158.5 -20010.5 298.282 -154.257 0.866411
624100 -16110.9 -20026.7 303.226 261.323 0.872279
624200 -16204.9 -20059.9 298.522 201.252 0.875452
624300 -16287.9 -20096.4 294.911 -54.5754 0.876456
624400 -16257.1 -20086.4 296.525 7.09598 0.877547
624500 -16189.8 -20070.5 300.508 271.726 0.87815
624600 -16166.5 -20019.1 298.336 133.733 0.876351
624700 -16159.5 -19982.6 296.048 -220.358 0.873911
624800 -16078.8 -19942.9 299.227 -77.4486 0.873341
624900 -16019.8 -19908.8 301.151 167.984 0.873379
625000 -16057.2 -19923.7 299.412 100.473 0.872261
625100 -16135.7 -19926.2 293.525 114.573 0.870012
625200 -16122 -19943.5 295.926 -230.183 0.867256
625300 -15992.6 -19881.8 301.166 -60.5839 0.866413
625400 -15957.2 -19849.7 301.421 -97.457 0.866426
625500 -16010.2 -19884.3 299.996 -92.9673 0.867388
625600 -16088.6 -19915.5 296.334 23.0527 0.869256
625700 -16111.2 -19950.9 297.333 -59.7417 0.870814
625800 -16118.4 -19981.3 299.123 52.702 0.872897
625900 -16195.6 -20004.2 294.929 139.274 0.874583
626000 -16269.6 -20074.1 294.61 -114.347 0.875207
626100 -16250.1 -20073.7 296.087 113.415 0.87638
626200 -16152.1 -20012.1 298.899 136.86 0.876443
626300 -16102.4 -20000.2 301.835 3.67782 0.8755
626400 -16147.8 -20014.5 299.419 -13.4129 0.874292
626500 -16180.9 -19983.9 294.495 -99.2395 0.873313
626600 -16146 -20007.5 299.02 -59.6969 0.873303
626700 -16131.8 -20017.8 300.92 157.754 0.873508
626800 -16255.6 -20050.5 293.862 -127.574 0.872971
626900 -16265.3 -20029.9 291.517 24.1878 0.87308
627000 -16188.1 -20091.1 302.229 79.7385 0.873124
627100 -16195.5 -20010.8 295.441 -27.067 0.872574
627200 -16156.7 -19992.9 297.057 150.75 0.871789
627300 -16048.5 -19902.6 298.445 -19.3304 0.869834
627400 -16009.7 -19900.1 301.254 -90.1587 0.867849
627500 -16060.9 -19959 301.855 -177.749 0.866806
627600 -16128.3 -19938.3 295.031 -81.9513 0.867296
627700 -16120.6 -19974.3 298.413 127.564 0.868527
627800 -16102.4 -19924.2 295.945 109.369 0.86889
627900 -16012 -19912.6 302.047 -134.319 0.868424
628000 -15949.5 -19856.3 302.531 -83.1514 0.868729
628100 -15988.7 -19899.3 302.825 -43.9339 0.87021
628200 -16057.8 -19951.6 301.522 101.613 0.872196
628300 -16127.6 -19981.2 298.409 135.467 0.873275
628400 -16169.8 -19991.9 295.969 -168.986 0.873489
628500 -16156.3 -20007.1 298.19 47.6552 0.874931
628600 -16111.7 -19994.6 300.674 220.415 0.87618
628700 -16061.4 -19949.6 301.086 15.9627 0.875721
628800 -16073.3 -19939.6 299.389 56.0327 0.874577
628900 -16146.9 -19977.9 296.657 -90.2939 0.873095
629000 -16199.7 -20000.9 294.345 103.624 0.871939
629100 -16169.6 -20023.1 298.401 -175.885 0.87004
629200 -16066.2 -19965.6 301.957 45.5595 0.869344
629300 -16055.4 -19981.4 304.013 7.31624 0.868522
629400 -16152.4 -20018.5 299.374 -169.686 0.867467
629500 -16198.6 -20032.1 296.858 0.634405 0.867688
629600 -16194.7 -20034.1 297.302 -47.2041 0.868278
629700 -16149.5 -20015 299.33 -17.7021 0.869284
629800 -16077.6 -19968.9 301.326 75.4231 0.870503
629900 -16016.3 -19948.5 304.498 4.51008 0.870994
630000 -16090.5 -19986.8 301.717 -161.054 0.871575
630100 -16193 -20026.8 296.875 -1.3636 0.873647
630200 -16218.3 -20086.4 299.527 16.0925 0.876062
630300 -16265.7 -20090.6 296.18 125.439 0.878264
630400 -16305.8 -20119.8 295.346 40.333 0.879502
630500 -16332.7 -20144.8 295.196 29.9487 0.880321
630600 -16306.3 -20158.8 298.318 47.3311 0.880818
630700 -16247.8 -20139.3 301.343 114.304 0.880871
630800 -16254.1 -20095.2 297.438 37.3171 0.879703
630900 -16304.9 -20124.5 295.778 -346.453 0.878553
631000 -16352.6 -20151.9 294.205 -14.0169 0.880265
631100 -16346.9 -20209 299.064 -102.773 0.88285
631200 -16318.5 -20173.1 298.486 177.502 0.885979
631300 -16269.9 -20147.1 300.232 386.195 0.887342
631400 -16237 -20088.4 298.236 148.463 0.885198
631500 -16194 -20032.9 297.267 64.968 0.881313
631600 -16103.3 -19991.9 301.118 49.7953 0.877061
631700 -16076.8 -19942.7 299.362 -181.197 0.872704
631800 -16108.5 -19959.6 298.217 -318.427 0.870339
631900 -16225.1 -20049.7 296.158 -210.872 0.871027
632000 -16269.9 -20074.7 294.631 157.729 0.873394
632100 -16225.7 -20076.5 298.191 276.715 0.874263
632200 -16165.1 -20055.4 301.256 65.9536 0.872911
632300 -16125.3 -19998.9 299.962 -201.676 0.871164
632400 -16077.3 -19988.3 302.856 -35.7241 0.870772
632500 -16134.5 -20035.9 302.106 95.9356 0.871026
632600 -16237 -20070.4 296.851 42.6785 0.870563
632700 -16244.6 -20079 296.919 -210.035 0.869901
632800 -16214.2 -20080.6 299.397 -24.6895 0.870958
632900 -16210 -20084.7 300.039 81.5375 0.872297
633000 -16268.4 -20089.8 295.909 153.349 0.872626
633100 -16317.3 -20119 294.391 34.6771 0.871674
633200 -16262.6 -20085.4 296.025 14.3295 0.870356
633300 -16166.3 -20029.5 299.154 194.038 0.868754
633400 -16137.3 -19973.4 297.056 -43.4385 0.865842
633500 -16106 -19968.2 299.075 -349.666 0.863786
633600 -16091.2 -19955 299.204 81.4719 0.864372
633700 -16099.2 -19958.8 298.867 121.544 0.864472
633800 -16136 -19942.4 294.756 -312.012 0.863935
633900 -16110.6 -19969.8 298.843 -197.191 0.865982
634000 -16095.7 -19983.6 301.065 35.525 0.86954
634100 -16180.9 -20064.7 300.753 -138.244 0.87246
634200 -16281.5 -20088.2 294.777 95.9679 0.875424
634300 -16257.6 -20098.1 297.394 50.5058 0.877182
634400 -16226.1 -20111.7 300.89 46.9178 0.878024
634500 -16268.2 -20083.3 295.43 74.0128 0.878179
634600 -16323 -20103.9 292.78 32.5611 0.877636
634700 -16310.5 -20146.7 297.059 -90.4315 0.877027
634800 -16230.6 -20089.7 298.835 -93.216 0.877278
634900 -16159.7 -20017.5 298.737 110.42 0.878267
635000 -16116.6 -20007.7 301.314 64.6874 0.878077
635100 -16178.6 -20028.5 298.12 27.5576 0.877363
635200 -16304 -20093.8 293.472 -23.8559 0.876466
635300 -16292.1 -20140.7 298.021 -174.275 0.876033
635400 -16251.5 -20090.8 297.3 119.142 0.876888
635500 -16189.2 -20060.1 299.742 -220.836 0.877359
635600 -16107.7 -19984.1 300.176 59.1556 0.879295
635700 -16020.5 -19939.2 303.448 290.074 0.880766
635800 -16043.8 -19911.4 299.489 220.145 0.879413
635900 -16182.5 -20024.6 297.516 -73.0141 0.87594
636000 -16228.8 -20046.8 295.657 -232.35 0.873327
636100 -16198.8 -20039.8 297.437 36.8681 0.872726
636200 -16137.1 -20025.3 301.092 57.4782 0.871914
636300 -16133.6 -19974.8 297.448 -137.328 0.87071
636400 -16166.9 -19988.7 295.941 -209.155 0.870963
636500 -16195.7 -20040.5 297.73 -45.6081 0.873228
636600 -16227.1 -20064.3 297.139 63.449 0.875962
636700 -16243.4 -20051.3 294.865 259.312 0.877766
636800 -16193 -20068.9 300.135 251.552 0.877364
636900 -16129.3 -20007.6 300.317 -74.4995 0.87466
637000 -16107.2 -20034.4 304.106 32.4199 0.872109
637100 -16223.4 -20048.1 296.176 150.552 0.869378
637200 -16262.6 -20092.6 296.579 -126.517 0.865786
637300 -16224.6 -20023.7 294.188 -447.387 0.863662
637400 -16129.5 -19997.2 299.503 -68.7668 0.86555
637500 -16107.2 -19989.3 300.623 166.07 0.867984
637600 -16140.3 -19992 298.256 -157.505 0.869021
637700 -16202.6 -20047.2 297.713 -28.07 0.871031
637800 -16318.8 -20138.1 295.749 -36.7188 0.873301
637900 -16370 -20172.2 294.426 291.328 0.875143
638000 -16328.4 -20144.6 295.514 131.849 0.874512
638100 -16254.9 -20083.6 296.484 -64.3724 0.872947
638200 -16190.9 -20057.6 299.424 -138.722 0.872098
638300 -16180.4 -20073.9 301.5 -14.9291 0.872313
638400 -16247.4 -20089.2 297.495 15.5608 0.872664
638500 -16342.5 -20142.3 294.243 73.8038 0.872624
638600 -16333 -20130.8 294.089 -132.695 0.872361
638700 -16278.1 -20151.5 299.944 91.7906 0.872906
638800 -16251.9 -20113 298.984 151.51 0.872637
638900 -16248.4 -20068.7 295.827 -111.89 0.871479
639000 -16198.2 -20043.5 297.766 -95.7979 0.871287
639100 -16095.8 -19969.4 299.955 4.89311 0.871774
639200 -16078.8 -19969.8 301.3 -152.19 0.872578
639300 -16137.4 -20002.7 299.31 -19.8106 0.874566
639400 -16203.7 -20057.1 298.393 40.5996 0.876789
639500 -16227.8 -20060.1 296.759 143.306 0.878473
639600 -16214.4 -20035.7 295.902 213.659 0.878456
639700 -16155 -20016.4 299.011 -57.1687 0.876813
639800 -16122.3 -20020.8 301.887 10.9018 0.875336
639900 -16206.9 -20030.5 296.085 -6.8326 0.873929
640000 -16314.8 -20129.7 295.409 -15.8518 0.872722
640100 -16308.4 -20129.7 295.909 -118.869 0.871739
640200 -16245.3 -20076.2 296.649 -228.909 0.872185
640300 -16176.6 -20080.3 302.287 116.225 0.874191
640400 -16207.3 -20095.1 301.054 41.8562 0.875535
640500 -16254.6 -20086.6 296.734 101.25 0.87642
640600 -16267.4 -20112.8 297.771 87.6484 0.876565
640700 -16272.1 -20117.8 297.798 18.5823 0.87578
640800 -16273.3 -20119.4 297.824 -124.053 0.874841
640900 -16260 -20109 298.049 -66.2024 0.874997
641000 -16237.7 -20099.1 299.016 276.596 0.875338
641100 -16214.7 -20044 296.528 -133.838 0.873422
641200 -16163.8 -20057.5 301.513 -124.208 0.872373
641300 -16161.3 -20060.1 301.909 -30.1957 0.872561
641400 -16272.4 -20128.4 298.592 -236.115 0.873273
641500 -16335.8 -20149.9 295.354 19.2605 0.876504
641600 -16309.8 -20166.7 298.662 -17.3478 0.88123
641700 -16273.1 -20143.6 299.723 354.687 0.886611
641800 -16257.8 -20149.8 301.388 515.594 0.889267
641900 -16334.2 -20177.4 297.604 127.462 0.887446
642000 -16381.9 -20172.6 293.538 88.6454 0.883547
642100 -16327 -20193.8 299.431 10.0502 0.878454
642200 -16281.4 -20137 298.566 -436.806 0.873758
642300 -16191.2 -20056.4 299.303 -280.818 0.873051
642400 -16100.6 -20027.8 304.106 152.141 0.874935
642500 -16144.7 -19988 297.606 113.451 0.875821
642600 -16172.4 -20007.1 296.951 -160.451 0.875924
642700 -16168.3 -20058.2 301.216 53.6059 0.876858
642800 -16272.7 -20105.3 296.786 24.8384 0.877671
642900 -16326.4 -20105.5 292.642 -15.714 0.878184
643000 -16250.4 -20096.5 297.832 117.734 0.878459
643100 -16191.2 -20069.2 300.296 20.0701 0.87805
643200 -16197.9 -20066.9 299.596 77.837 0.877109
643300 -16271.9 -20069.7 294.084 -141.286 0.875596
643400 -16339.5 -20141.1 294.385 -186.302 0.875263
643500 -16389.2 -20147.1 290.997 -110.955 0.87675
643600 -16293.6 -20153.4 298.889 104.742 0.879533
643700 -16262.7 -20171.5 302.68 125.71 0.881693
643800 -16325.2 -20161.1 297.039 -38.1439 0.882703
643900 -16339.6 -20147.3 294.854 -88.2851 0.88392
644000 -16286.9 -20190.6 302.289 129.647 0.885953
644100 -16289.1 -20138.4 298.078 220.655 0.886837
644200 -16351.2 -20174.5 296.064 186.4 0.885429
644300 -16396.6 -20214.2 295.621 -95.5675 0.882293
644400 -16364.8 -20147.2 292.893 -388.901 0.879966
644500 -16261.3 -20149.9 301.121 152.039 0.880545
644600 -16263.1 -20125.9 299.123 113.041 0.8805
644700 -16308.4 -20156.6 297.984 194.439 0.878824
644800 -16361.3 -20142.9 292.834 -314.582 0.875463
644900 -16335.1 -20159 296.112 -193.503 0.874364
645000 -16228.7 -20098.2 299.638 -58.1316 0.875264
645100 -16191.6 -20054.9 299.161 -85.5456 0.87709
645200 -16191.9 -20043.6 298.266 166.014 0.880282
645300 -16212.4 -20070.2 298.733 238.345 0.882308
645400 -16290.7 -20126.1 297 66.1265 0.882049
645500 -16344.3 -20115.4 292.025 18.8027 0.881043
645600 -16269.2 -20083.5 295.367 -115.925 0.879873
645700 -16199.7 -20059.2 298.867 -146.394 0.879478
645800 -16188.5 -20039.6 298.214 -63.643 0.880649
645900 -16213.5 -20115.2 302.129 383.404 0.882205
646000 -16316.5 -20109.3 293.697 -171.11 0.881246
646100 -16313.5 -20133.7 295.825 -6.77793 0.880906
646200 -16273.1 -20140.8 299.498 114.026 0.880517
646300 -16256.9 -20073.6 295.551 -119.562 0.879294
646400 -16156 -20032.9 300.218 75.0373 0.878724
646500 -16079.3 -19941.2 299.056 86.3525 0.877541
646600 -16092.2 -19995.4 302.246 -147.406 0.875761
646700 -16182.3 -20043.2 298.967 -74.132 0.875088
646800 -16232.5 -20079.8 297.923 116.241 0.874983
646900 -16244.3 -20070.9 296.322 21.6497 0.87396
647000 -16206 -20062.7 298.646 -339.903 0.87283
647100 -16105.2 -19983 300.278 -36.3928 0.874416
647200 -16046 -19949.6 302.281 239.412 0.876576
647300 -16095.7 -19949.7 298.435 -37.304 0.877071
647400 -16232.3 -20022.1 293.471 -73.8195 0.877651
647500 -16235 -20089.5 298.48 72.441 0.878809
647600 -16241.4 -20092.1 298.181 102.378 0.879463
647700 -16260.4 -20055 293.839 -89.7989 0.879389
647800 -16167.2 -20016.9 298.11 271.708 0.879629
647900 -16099.9 -19972.6 299.888 18.8738 0.877949
648000 -16106.1 -19984 300.294 -262.691 0.875733
648100 -16166.1 -19996.1 296.584 -260.62 0.8758
648200 -16245.8 -20058 295.202 41.4804 0.878556
648300 -16349.1 -20113.3 291.482 -48.424 0.881444
648400 -16394.4 -20194.5 294.265 -10.8863 0.884736
648500 -16298.8 -20147.3 298.015 486.984 0.8879
648600 -16217.1 -20092.6 300.103 229.558 0.887155
648700 -16207.2 -20039.9 296.787 -38.8871 0.883831
648800 -16177.8 -20042.5 299.267 50.0859 0.880479
648900 -16158.6 -20010 298.238 -67.1382 0.876915
649000 -16098.8 -19981.8 300.682 -217.092 0.874247
649100 -16074.6 -19961.7 301.001 -84.6008 0.873719
649200 -16153.1 -20032.8 300.426 27.4786 0.874033
649300 -16245.5 -20053.5 294.877 -54.7496 0.874161
649400 -16228.5 -20074.6 297.829 -37.4828 0.874906
649500 -16213.6 -20088.1 300.026 -4.26703 0.876
649600 -16251.2 -20061 295.019 -186.501 0.877227
649700 -16290.8 -20135.7 297.738 181.919 0.87963
649800 -16358.3 -20181.1 296.021 339.104 0.880423
649900 -16393.1 -20188.2 293.877 -72.4302 0.87837
650000 -16320.4 -20159.6 297.288 -8.89861 0.87654
650100 -16222.6 -20059.5 297.115 94.2112 0.875059
650200 -16188.1 -20047.7 298.873 -119.999 0.873407
650300 -16196.2 -20052.6 298.623 -100.521 0.872879
650400 -16249.2 -20086.5 297.147 -59.3768 0.873309
650500 -16338.5 -20106.4 291.775 -73.042 0.874219
650600 -16338.4 -20144.7 294.749 56.5577 0.875526
650700 -16221.9 -20100.1 300.318 147.098 0.8761
650800 -16200.9 -20053.3 298.312 90.6618 0.875175
650900 -16212.5 -20068.6 298.601 -65.9332 0.873975
651000 -16232.6 -20038.7 294.726 -83.2911 0.873387
651100 -16181.8 -20051.4 299.644 -177.13 0.873706
651200 -16099.3 -19965.8 299.407 96.4781 0.875136
651300 -16067.5 -19960.7 301.478 27.8205 0.876028
651400 -16143.1 -19995.2 298.291 220.458 0.876231
651500 -16245.9 -20085.1 297.289 -129.31 0.874853
651600 -16271.7 -20103.6 296.727 33.9442 0.874202
651700 -16248.9 -20053.7 294.632 -50.1442 0.873818
651800 -16160.6 -20026.4 299.356 202.561 0.873551
651900 -16132.3 -19991.1 298.81 43.1117 0.871687
652000 -16129.5 -19974 297.709 -224.027 0.869475
652100 -16116.5 -19973.5 298.671 -169.417 0.869278
652200 -16111 -19974.1 299.147 -25.6185 0.870766
652300 -16165.9 -20051.8 300.915 -80.8638 0.872647
652400 -16244.2 -20034.2 293.484 -152.217 0.875329
652500 -16213.2 -20083.9 299.728 -35.9783 0.879373
652600 -16203 -20090.4 301.025 -36.1729 0.883623
652700 -16295.3 -20110.1 295.403 430.315 0.887061
652800 -16326.3 -20140.9 295.389 135.036 0.887019
652900 -16313.6 -20188.9 300.09 172.434 0.885147
653000 -16321.8 -20135.1 295.286 -51.1354 0.882357
653100 -16300.6 -20149.5 298.044 38.0387 0.879971
653200 -16303.9 -20175.4 299.795 -113.864 0.877823
653300 -16331.5 -20168.2 297.101 23.3782 0.876752
653400 -16329.4 -20154.7 296.222 15.5508 0.875738
653500 -16225.1 -20077.2 298.292 -204.145 0.87482
653600 -16141.4 -20015.9 300.024 -105.364 0.875636
653700 -16145.8 -20029.6 300.743 80.4056 0.877433
653800 -16225.2 -20079.4 298.458 -58.115 0.878599
653900 -16279.5 -20098.5 295.723 15.7256 0.879999
654000 -16265.2 -20100 296.955 162.599 0.881383
654100 -16251.6 -20106.2 298.484 211.258 0.881257
654200 -16246.2 -20102.1 298.59 151.717 0.878918
654300 -16206.7 -20043.2 297.087 -333.53 0.87566
654400 -16128.4 -20029.7 302.108 51.6399 0.8748
654500 -16124.1 -20010.3 300.928 -35.9718 0.874254
654600 -16216.9 -20056.2 297.304 -8.61836 0.873921
654700 -16272.3 -20100.9 296.47 -22.0843 0.873695
654800 -16248.5 -20055.4 294.792 -81.4487 0.873641
654900 -16191.2 -20078.5 301.02 119.219 0.873932
655000 -16201.8 -20042.3 297.395 -77.0669 0.873741
655100 -16205.7 -20055.5 298.117 -39.3667 0.874193
655200 -16206.1 -20061.7 298.56 -120.16 0.875171
655300 -16208.5 -20061 298.317 31.3969 0.877036
655400 -16232.1 -20067.3 296.984 227.582 0.878379
655500 -16314.4 -20108.5 293.803 -125.416 0.878236
655600 -16320.8 -20135 295.353 -126.644 0.879043
655700 -16257 -20130.5 299.944 131.148 0.880918
655800 -16203.1 -20027 296.113 97.7304 0.881813
655900 -16098.2 -19977.2 300.374 140.983 0.881688
656000 -16095.1 -20034.5 305.055 331.264 0.879936
656100 -16180.7 -20029.4 298.026 -273.313 0.875472
656200 -16201.7 -20044.4 297.568 -184.811 0.872992
656300 -16200.5 -20064.4 299.207 101.07 0.87217
656400 -16256.9 -20073.6 295.554 -98.6239 0.870812
656500 -16324.2 -20123.5 294.205 -254.345 0.87035
656600 -16347.2 -20184 297.108 -137.366 0.872316
656700 -16350.3 -20158.8 294.921 190.173 0.875473
656800 -16273.7 -20102.3 296.476 107.166 0.877159
656900 -16188.2 -20063.2 300.062 28.5456 0.877794
657000 -16181.8 -20031.8 298.128 -114.296 0.878227
657100 -16205 -20082.8 300.287 159.566 0.87952
657200 -16317.2 -20132 295.402 -14.6162 0.879727
657300 -16347.1 -20153.9 294.78 -32.8853 0.879796
657400 -16295 -20164.2 299.615 341.255 0.879663
657500 -16262.4 -20111 298.025 4.98765 0.876942
657600 -16200.4 -20071.1 299.738 89.2266 0.873285
657700 -16099.9 -19997.1 301.785 -39.5338 0.868887
657800 -16089.2 -19938.2 298.051 -262.344 0.86524
657900 -16107.2 -19976.9 299.655 -201.533 0.864091
658000 -16198.7 -20043.7 297.743 -54.9635 0.86484
658100 -16272.3 -20109.7 297.154 -37.0688 0.86625
658200 -16286.8 -20108.7 295.951 -187.376 0.868105
658300 -16260.9 -20115.2 298.466 -52.7102 0.871383
658400 -16186.5 -20094.6 302.628 161.74 0.87485
658500 -16182.5 -20074.9 301.418 156.676 0.876622
658600 -16284.8 -20115.1 296.602 111.633 0.876922
658700 -16314.2 -20109.2 293.874 133.476 0.876046
658800 -16273.3 -20116.9 297.637 79.7663 0.874044
658900 -16236.3 -20064.8 296.464 -59.9266 0.871608
659000 -16185.5 -20031.3 297.806 14.2866 0.86981
659100 -16169.9 -20039.5 299.64 -93.0738 0.868484
659200 -16189.1 -20056.8 299.502 -149.518 0.868245
659300 -16218.2 -20056.8 297.25 20.2249 0.868913
659400 -16264.8 -20086.1 295.907 -137.005 0.869825
659500 -16347.1 -20128.7 292.836 63.1563 0.871575
659600 -16355.5 -20169.3 295.328 -213.902 0.873083
659700 -16253.4 -20087.7 296.917 141.613 0.875755
659800 -16183.4 -20058 300.033 111.686 0.877467
659900 -16195.6 -20074.9 300.398 129.509 0.87764
660000 -16244.3 -20045.6 294.36 109.32 0.876503
660100 -16212.1 -20036.5 296.148 -170.05 0.874901
660200 -16093.5 -20004.5 302.858 -5.41286 0.874583
660300 -16097.1 -19951 298.433 -32.8967 0.874631
660400 -16119.2 -19956.5 297.15 -3.9391 0.874813
660500 -16171.3 -20022.5 298.221 -262.147 0.875537
660600 -16268.6 -20085.3 295.552 90.2176 0.878062
660700 -16298.5 -20095.1 293.996 188.276 0.879808
660800 -16219 -20026.1 294.803 25.1238 0.879819
660900 -16155.5 -20034.4 300.372 56.8057 0.879176
661000 -16187.8 -20030.7 297.584 -63.9193 0.878315
661100 -16228.5 -20058 296.544 166.442 0.878017
661200 -16242.4 -20054.9 295.227 77.4009 0.876369
661300 -16164.2 -19987.3 296.051 -168.423 0.874023
661400 -16079.7 -19955.6 300.131 -109.993 0.873216
661500 -16080.5 -19966.7 300.931 -57.6692 0.873503
661600 -16149.8 -19971.2 295.916 -132.556 0.87435
661700 -16205.3 -20045.4 297.364 42.2334 0.876426
661800 -16243.2 -20065 295.948 114.901 0.878218
661900 -16352.9 -20137.2 293.043 -139.268 0.879036
662000 -16375.9 -20167.5 293.604 -39.7437 0.880791
662100 -16293.6 -20130.9 297.151 52.103 0.883088
662200 -16221.2 -20050.3 296.511 131.464 0.884631
662300 -16194.8 -20049.8 298.517 203.297 0.884832
662400 -16196.6 -20041.3 297.723 -28.8107 0.883473
662500 -16185.2 -20041.3 298.6 39.1744 0.882117
662600 -16149.2 -20021.2 299.836 197.685 0.880311
662700 -16137.1 -20020.6 300.721 -171.575 0.877238
662800 -16191.6 -20020.9 296.528 -193.722 0.875909
662900 -16252.9 -20103 298.139 -2.96442 0.876428
663000 -16340.7 -20166.2 296.229 26.7286 0.877137
663100 -16396.2 -20197.8 294.381 29.7076 0.877419
663200 -16360.5 -20140.8 292.733 -8.95537 0.877266
663300 -16306.7 -20129.4 296.018 -103.445 0.877444
663400 -16247.8 -20101.1 298.38 144.403 0.87827
663500 -16214.1 -20122.6 302.663 -79.8893 0.8781
663600 -16291.2 -20138.8 297.945 30.5311 0.878202
663700 -16361.8 -20141.6 292.692 168.906 0.878205
663800 -16313.5 -20136 295.993 56.3795 0.87677
663900 -16262 -20117.8 298.577 -176.92 0.87519
664000 -16240.8 -20103.8 299.132 -43.9159 0.874986
664100 -16244.3 -20076.4 296.748 -133.067 0.875349
664200 -16220.9 -20075 298.443 -36.8053 0.876865
664300 -16185.3 -20066.6 300.546 167.973 0.878526
664400 -16200.2 -20040.9 297.412 6.56162 0.878724
664500 -16227.9 -20048.5 295.856 -189.291 0.879174
664600 -16229.4 -20114 300.811 51.1086 0.88094
664700 -16287.5 -20110.2 296.014 -4.092 0.882283
664800 -16355.2 -20200.6 297.774 112.978 0.883421
664900 -16414.7 -20219.7 294.643 62.507 0.883636
665000 -16412.9 -20216.2 294.512 140.232 0.883119
665100 -16295 -20146.3 298.227 197.675 0.881225
665200 -16214 -20068.1 298.448 -7.61023 0.877629
665300 -16187.2 -20053.5 299.395 -197.319 0.874395
665400 -16188.6 -20010.3 295.944 -261.576 0.873466
665500 -16131.2 -20052.9 303.683 0.0614036 0.874705
665600 -16139.8 -20006.2 299.405 -121.218 0.876217
665700 -16221.9 -20043.1 295.893 -155.362 0.878773
665800 -16276.4 -20121.4 297.737 185.388 0.881872
665900 -16357 -20144.4 293.286 -108.765 0.883418
666000 -16441.4 -20220.8 292.663 126.767 0.885082
666100 -16445 -20250 294.641 160.554 0.885645
666200 -16329 -20145.9 295.57 -96.029 0.884788
666300 -16238.1 -20122.7 300.805 -36.032 0.884406
666400 -16252 -20116.6 299.256 11.9243 0.884687
666500 -16318.9 -20140.5 295.923 293.087 0.88453
666600 -16326.7 -20124 294.05 27.3906 0.882153
666700 -16206.7 -20076.5 299.667 -251.829 0.879587
666800 -16160.6 -20011.6 298.204 -147.552 0.879645
666900 -16165.5 -20032.9 299.482 207.963 0.880879
667000 -16225.8 -20094.8 299.596 27.9289 0.880238
667100 -16321.8 -20129 294.815 -309.314 0.879757
667200 -16319.4 -20117.9 294.138 128.124 0.881692
667300 -16261.5 -20110.7 298.071 118.087 0.882995
667400 -16228.7 -20073.6 297.74 18.791 0.882765
667500 -16211.6 -20097.2 300.888 96.9046 0.882067
667600 -16255 -20121.9 299.438 175.333 0.880546
667700 -16298.1 -20149.9 298.266 163.029 0.877255
667800 -16296.6 -20123 296.304 -130.896 0.872762
667900 -16242 -20061.5 295.77 -193.082 0.86957
668000 -16159 -20033.2 300.005 -148.976 0.868275
668100 -16159.1 -20058.6 301.965 -86.9162 0.868625
668200 -16219.5 -20064.7 297.759 -89.1764 0.869964
668300 -16238.5 -20074.1 297.018 50.3072 0.872037
668400 -16230.4 -20082.1 298.265 -6.9819 0.87387
668500 -16194.1 -20042.5 298.003 100.996 0.875185
668600 -16086.7 -19999.4 302.99 30.8528 0.875742
668700 -16060.3 -19994.2 304.627 78.9455 0.876187
668800 -16148.8 -20037.5 301.126 164.45 0.87578
668900 -16212.1 -20063.6 298.241 63.5215 0.87376
669000 -16229.9 -20034.3 294.597 -250.461 0.87132
669100 -16161.7 -20023.2 299.021 -138.974 0.870933
669200 -16101.6 -19975.5 299.978 -185.119 0.872256
669300 -16073.5 -19971 301.806 -127.843 0.875347
669400 -16092.2 -19989.3 301.771 206.259 0.879224
669500 -16199 -20058.7 298.879 19.2354 0.881467
669600 -16279.5 -20109.2 296.558 69.8349 0.883131
669700 -16294.7 -20090.9 293.963 -31.1463 0.884121
669800 -16213 -20080 299.44 35.4247 0.885214
669900 -16173.9 -20069.9 301.693 190.039 0.885863
670000 -16220.3 -20079.4 298.837 200.986 0.884571
670100 -16234.1 -20062.6 296.466 -19.2903 0.881843
670200 -16217.7 -20053.9 297.062 53.6857 0.879365
670300 -16188.4 -20062.7 300.012 71.3059 0.876866
670400 -16138.3 -20017.1 300.361 -14.2487 0.873997
670500 -16094.5 -19994.7 302.022 -272.08 0.872188
670600 -16142 -20038.3 301.711 135.115 0.872284
670700 -16239.1 -20057.9 295.711 -242.899 0.872045
670800 -16254.9 -20121.6 299.422 76.3103 0.873473
670900 -16260.4 -20065.9 294.683 99.7031 0.874154
671000 -16169.7 -20044.9 300.082 34.2035 0.873782
671100 -16105.8 -19986.3 300.492 -14.8807 0.873261
671200 -16123 -19992.8 299.662 -118.841 0.872998
671300 -16186.6 -20035.4 298.038 -141.128 0.873814
671400 -16293.5 -20109.2 295.473 -111.864 0.875907
671500 -16342.4 -20152.6 295.052 233.639 0.878487
671600 -16322.8 -20145.4 296.004 24.4677 0.879212
671700 -16271.5 -20124.2 298.339 214.793 0.879052
671800 -16230.9 -20113.4 300.647 -166.721 0.877606
671900 -16218.1 -20016.3 294.118 -83.1244 0.877215
672000 -16115.1 -19983.8 299.58 -191.293 0.878053
672100 -16068.7 -19966.4 301.825 83.9489 0.8804
672200 -16120.6 -20011.3 301.279 247.048 0.881907
672300 -16190.8 -20041.7 298.203 36.8946 0.881352
672400 -16224.8 -20089.7 299.286 67.682 0.880294
672500 -16261.6 -20094.4 296.794 -163.854 0.87878
672600 -16254.1 -20056.8 294.465 -254.214 0.878916
672700 -16129.3 -19981.3 298.282 145.407 0.881061
672800 -16090.7 -19963.4 299.887 -5.64773 0.882322
672900 -16120.5 -19994.1 299.955 18.5227 0.883339
673000 -16207 -20065.1 298.759 147.441 0.884125
673100 -16264.5 -20067.5 294.494 198.679 0.883551
673200 -16231.2 -20079.7 298.016 -91.3502 0.881309
673300 -16205 -20068.4 299.166 69.0177 0.879303
673400 -16211.1 -20051.9 297.415 -155.785 0.877107
673500 -16219 -20035.5 295.529 -397.957 0.876416
673600 -16172.8 -20039.4 299.411 -80.8912 0.879162
673700 -16140.8 -20016 300.085 270.855 0.883008
673800 -16188.2 -20064.9 300.203 356.361 0.884273
673900 -16297.5 -20132 296.927 -63.6954 0.882526
674000 -16316.4 -20147.2 296.642 128.444 0.880893
674100 -16295.1 -20137.1 297.512 -30.7518 0.878338
674200 -16226.7 -20076.4 298.107 -385.356 0.876272
674300 -16130.2 -20056.5 304.039 -14.3806 0.877358
674400 -16164.4 -20059.2 301.602 8.86154 0.878964
674500 -16229.1 -20110.3 300.547 27.6419 0.880518
674600 -16276.7 -20121.1 297.695 219.033 0.881416
674700 -16308.1 -20122.9 295.404 34.5642 0.880408
674800 -16282.1 -20120.5 297.231 -21.6088 0.879028
674900 -16168.5 -20044.2 300.121 82.4407 0.877937
675000 -16124.8 -20010.3 300.876 -18.9143 0.876007
675100 -16159.2 -20005.7 297.863 -43.4696 0.874089
675200 -16233.3 -20071.9 297.247 -433.662 0.873134
675300 -16325.7 -20116.6 293.557 -170.247 0.876025
675400 -16319.8 -20186.5 299.427 109.21 0.880704
675500 -16330 -20185 298.52 242.076 0.88377
675600 -16354 -20182 296.425 19.2941 0.884862
675700 -16331.3 -20167.8 297.083 179.137 0.885114
675800 -16219.9 -20104.9 300.837 -47.9017 0.884046
675900 -16191.3 -20080.1 301.13 103.098 0.882964
676000 -16249.7 -20110.3 298.948 -226.968 0.881612
676100 -16336 -20178.6 297.556 -63.5356 0.882121
676200 -16361 -20176.8 295.484 135.431 0.883078
676300 -16329.9 -20168.5 297.249 -16.6818 0.882841
676400 -16288.1 -20118.1 296.579 -138.507 0.883005
676500 -16264.5 -20152.7 301.09 346.076 0.88381
676600 -16306.3 -20168.5 299.079 163.433 0.881802
676700 -16335.7 -20123.8 293.336 -183.546 0.87854
676800 -16264.1 -20116.2 298.289 -110.331 0.877054
676900 -16202 -20094.4 301.415 15.4723 0.876864
677000 -16233.8 -20135.4 302.12 263.911 0.876259
677100 -16273.9 -20100.8 296.345 -285.111 0.874192
677200 -16256.9 -20087.7 296.641 -194.939 0.874324
677300 -16213.7 -20104.4 301.281 -8.58026 0.876395
677400 -16203.8 -20068.5 299.267 -68.0224 0.878513
677500 -16241.6 -20097.1 298.554 24.4438 0.880807
677600 -16311.6 -20103 293.595 21.1502 0.882985
677700 -16292.5 -20112.6 295.819 95.0702 0.884411
677800 -16193.3 -20047.2 298.426 87.427 0.884948
677900 -16157 -20056.1 301.931 -1.24999 0.88485
678000 -16202.8 -20060.3 298.709 108.752 0.884272
678100 -16245.6 -20075 296.539 -158.777 0.883212
678200 -16239.2 -20075.7 297.085 -269.91 0.883808
678300 -16147.4 -20057.3 302.772 176.793 0.886316
678400 -16076.1 -20017.8 305.228 119.291 0.887364
678500 -16152.1 -20029.7 300.272 109.244 0.886721
678600 -16217.4 -20072.7 298.545 69.637 0.885216
678700 -16238.1 -20062.5 296.147 60.0773 0.883353
678800 -16215.1 -20077.2 299.065 -49.9712 0.881131
678900 -16164.8 -20002.6 297.183 -352.184 0.879972
679000 -16067.4 -20000.2 304.539 245.439 0.881219
679100 -16098.2 -19976.1 300.291 116.426 0.880866
679200 -16179.2 -20059.9 300.5 -24.1078 0.879534
679300 -16219.7 -20043.2 296.076 -235.039 0.878728
679400 -16203.1 -20044.7 297.481 -3.86684 0.879734
679500 -16160.9 -20019.8 298.816 156.762 0.880784
679600 -16084.7 -19983.3 301.889 141.093 0.880282
679700 -16016.5 -19942.8 304.038 103.71 0.878613
679800 -16089.2 -19958.6 299.632 29.8477 0.876205
679900 -16167.8 -20015 297.917 -131.45 0.874071
680000 -16183.8 -20013.5 296.56 -256.847 0.873592
680100 -16159 -19984 296.192 -147.16 0.875435
680200 -16066.2 -19946.8 300.5 122.051 0.878229
680300 -16042 -19931.6 301.197 -115.229 0.879807
680400 -16068.4 -19944.4 300.141 203.006 0.88158
680500 -16115.2 -19984 299.587 173.05 0.881855
680600 -16159.3 -20021.8 299.092 30.5436 0.880336
680700 -16188.5 -20002.2 295.319 47.0241 0.878349
680800 -16155 -19995 297.351 -50.4639 0.876267
680900 -16041.2 -19939.4 301.857 -29.465 0.874647
681000 -16016.3 -19901.1 300.822 -257.805 0.873763
681100 -16073.5 -19934.1 298.95 -209.114 0.87518
681200 -16181.2 -20056.1 300.061 24.0609 0.878499
681300 -16224.4 -20064.5 297.359 108.274 0.881632
681400 -16223.4 -20068.9 297.776 -20.0305 0.883869
681500 -16233.9 -20124.4 301.266 150.096 0.885863
681600 -16333.6 -20170.7 297.13 337.363 0.886032
681700 -16368.4 -20130.1 291.286 23.3307 0.883415
681800 -16290.5 -20107.5 295.57 6.81761 0.880327
681900 -16229.2 -20072.2 297.588 -179.787 0.877754
682000 -16204.4 -20063.6 298.841 -131.947 0.876963
682100 -16203.3 -20051.4 297.981 23.2087 0.877263
682200 -16205.7 -20064.1 298.783 -267.979 0.877882
682300 -16230.5 -20074.1 297.633 -151.867 0.880729
682400 -16278.8 -20133.8 298.516 220.391 0.884715
682500 -16348.1 -20150.6 294.455 281.221 0.88647
682600 -16348.2 -20167.3 295.732 62.6005 0.885639
682700 -16240.4 -20092.9 298.323 185.145 0.883849
682800 -16166.8 -20026.8 298.904 -153.504 0.880982
682900 -16175.8 -20064.6 301.136 -155.915 0.879505
683000 -16247.6 -20072.7 296.203 -153.809 0.879986
683100 -16270 -20095.5 296.235 107.405 0.881377
683200 -16205 -20068.6 299.189 208.082 0.881732
683300 -16095.4 -20037.6 305.27 162.179 0.880466
683400 -16144.8 -20013.3 299.565 52.4061 0.87759
683500 -16205.9 -20027.3 295.911 -290.16 0.874715
683600 -16206.8 -20034.4 296.391 -148.225 0.874473
683700 -16128.6 -19981.4 298.348 -186.114 0.876011
683800 -16031 -19929.4 301.878 86.5823 0.878598
683900 -16053.7 -19933.7 300.451 9.16032 0.880451
684000 -16124.2 -19978.4 298.454 40.886 0.881904
684100 -16179 -19991.4 295.221 -39.5166 0.882924
684200 -16162.5 -19992.7 296.599 139.678 0.883956
684300 -16089.6 -19989.1 301.959 14.3763 0.884066
684400 -15969.4 -19895.6 304.033 257.484 0.883366
684500 -15916.3 -19827.8 302.892 -48.5589 0.881036
684600 -15977.4 -19839.5 299.066 -111.752 0.879148
684700 -16047.4 -19895.1 297.956 94.2672 0.878116
684800 -16083.1 -19996.8 303.062 29.1922 0.876662
684900 -16152.2 -19974.5 295.988 -300.055 0.875435
685000 -16169.6 -20012.8 297.597 75.7854 0.876252
685100 -16168.3 -20027.1 298.815 234.067 0.876629
685200 -16198.4 -20025.5 296.357 57.1965 0.875049
685300 -16236.5 -20044.9 294.901 -287.191 0.873322
685400 -16214.3 -20036.7 295.993 46.247 0.873747
685500 -16131.6 -20022.9 301.327 3.19877 0.874137
685600 -16125.4 -19989.8 299.247 -77.176 0.874512
685700 -16180.9 -19994.4 295.307 79.2833 0.875305
685800 -16276.6 -20053.4 292.467 -241.69 0.875836
685900 -16262.8 -20097 296.905 -154.02 0.878345
686000 -16183.4 -20048 299.258 189.3 0.881699
686100 -16108 -20020.7 302.985 154.089 0.883264
686200 -16037.4 -19978.9 305.212 235.131 0.88305
686300 -16078.2 -20007.6 304.275 289.404 0.880642
686400 -16198.6 -20046.6 297.971 -212.01 0.877217
686500 -16236.8 -20092.9 298.6 -81.0959 0.876005
686600 -16279.6 -20115.1 297.002 -166.465 0.876035
686700 -16326.3 -20125.2 294.172 -175.141 0.877633
686800 -16273.1 -20142.6 299.643 183.825 0.880053
686900 -16174.5 -20064.4 301.214 18.7058 0.88078
687000 -16164.1 -20054.5 301.257 -1.63158 0.881078
687100 -16245.9 -20110.7 299.28 6.11022 0.881342
687200 -16317.9 -20159.6 297.487 196.45 0.881105
687300 -16303.5 -20106.9 294.523 -13.7886 0.879589
687400 -16240.1 -20154.7 303.133 -24.7526 0.87804
687500 -16257.4 -20091.5 296.897 -14.2927 0.876746
687600 -16303.9 -20119.4 295.461 -31.7073 0.875742
687700 -16326.9 -20102 292.334 -93.5543 0.875173
687800 -16231.2 -20117.9 300.973 -25.7198 0.875513
687900 -16200.6 -20059 298.778 186.746 0.875758
688000 -16203.5 -20036 296.775 -99.3119 0.874845
688100 -16159.7 -20041 300.551 -134.763 0.87446
688200 -16088.5 -19952.8 299.241 -12.0206 0.875156
688300 -16026.1 -19943.7 303.368 37.3116 0.876254
688400 -16087.9 -19959.8 299.831 431.64 0.876462
688500 -16176.1 -19999 296.027 -157.324 0.873631
688600 -16171.9 -20016.9 297.741 -28.3076 0.871273
688700 -16154.5 -20003.1 298.018 -144.587 0.869651
688800 -16110.5 -19946.8 297.064 -181.543 0.869458
688900 -16017.5 -19940.9 303.816 19.4654 0.870747
689000 -16050 -19933 300.69 -177.256 0.872519
689100 -16117.4 -19993.5 300.152 358.238 0.875108
689200 -16170.3 -20038.7 299.553 54.9894 0.87525
689300 -16212.7 -20086.2 299.95 -127.076 0.874682
689400 -16271.6 -20112.1 297.399 71.5352 0.874737
689500 -16325.4 -20102.2 292.456 -121.06 0.874651
689600 -16236.7 -20077.1 297.389 -119.021 0.875704
689700 -16158.1 -20039.6 300.565 60.4967 0.878044
689800 -16184.3 -20038.5 298.459 145.162 0.879967
689900 -16235.8 -20073.2 297.151 -24.8357 0.880787
690000 -16289.4 -20104.7 295.439 -187.676 0.882079
690100 -16308.1 -20112.7 294.614 127.117 0.885083
690200 -16218.9 -20074 298.522 204.099 0.887258
690300 -16129 -19966.8 297.185 215.846 0.887628
690400 -16090.2 -19986.2 301.692 297.379 0.885584
690500 -16145.8 -20018.9 299.92 -268.82 0.88091
690600 -16211.4 -20043 296.702 -159.672 0.877907
690700 -16214.4 -20060 297.789 -117.871 0.876427
690800 -16202.4 -20021.8 295.754 -23.2864 0.876021
690900 -16132.2 -20020.1 301.067 23.3206 0.876161
691000 -16067.2 -19965.1 301.845 22.9342 0.875968
691100 -16087.9 -19994.1 302.485 4.43181 0.875584
691200 -16212.2 -20056.6 297.696 -71.2877 0.874948
691300 -16253.9 -20051.3 294.055 -109.037 0.875094
691400 -16213.3 -20076.5 299.15 47.6766 0.876425
691500 -16171.7 -20054.7 300.688 151.263 0.877576
691600 -16171.5 -20046.3 300.045 -99.7854 0.877698
691700 -16237.6 -20072 296.923 18.3606 0.878293
691800 -16310.6 -20124.7 295.348 -39.137 0.879257
691900 -16319.6 -20135.7 295.507 117.629 0.880267
692000 -16225.3 -20099.2 299.974 255.405 0.880274
692100 -16155.6 -20037 300.558 -30.6414 0.878092
692200 -16160 -20017.8 298.733 -65.4812 0.875634
692300 -16167 -19982.4 295.444 -194.531 0.873493
692400 -16128.3 -19969.8 297.469 -226.883 0.873313
692500 -16046.1 -19973.9 304.152 261.633 0.874977
692600 -15946.1 -19942.5 309.466 180.012 0.874514
692700 -16043.3 -19937.2 301.525 -86.4439 0.872186
692800 -16118.6 -19979.9 299.001 -32.3447 0.870303
692900 -16178.5 -20030.6 298.291 -178.055 0.869024
693000 -16250.2 -20097.2 297.897 -104.823 0.869409
693100 -16302.4 -20119.1 295.55 62.3092 0.870931
693200 -16301.8 -20144 297.521 105.047 0.871827
693300 -16238 -20113.5 300.105 -85.846 0.871873
693400 -16155.1 -20031.2 300.149 -296.768 0.872885
693500 -16130.2 -20021.1 301.302 214.366 0.876226
693600 -16195.7 -20017.7 295.955 380.041 0.87784
693700 -16272.2 -20063.2 293.561 -41.764 0.876406
693800 -16238.3 -20073.8 297.01 -132.508 0.874817
693900 -16108.2 -20013.1 302.383 -42.2076 0.874369
694000 -16116.1 -19992.5 300.176 72.8732 0.874458
694100 -16168.7 -19994.6 296.259 75.3374 0.87382
694200 -16197 -20031 296.891 -196.871 0.872624
694300 -16216.6 -20014.4 294.084 -74.3647 0.873201
694400 -16169.4 -20085.8 303.274 -46.5651 0.874666
694500 -16197.8 -20071.1 299.933 77.9557 0.87637
694600 -16293.1 -20138.9 297.807 8.75743 0.877983
694700 -16320.4 -20113.8 293.75 -59.0232 0.879465
694800 -16261.4 -20101.6 297.373 85.8331 0.881373
694900 -16228.4 -20110.9 300.648 -155.431 0.88307
695000 -16267.5 -20165.3 301.832 101.152 0.886097
695100 -16322.5 -20149.4 296.339 306.955 0.888325
695200 -16313.4 -20134.6 295.898 188.875 0.887742
695300 -16269.8 -20116 297.835 87.174 0.885134
695400 -16198.5 -20084.2 300.894 -57.8241 0.881486
695500 -16071.2 -20004.8 304.605 -139.808 0.87811
695600 -16069.8 -19979.2 302.734 -189.569 0.875913
695700 -16129.3 -19981.3 298.283 -218.643 0.875952
695800 -16171.3 -20071 301.978 4.46291 0.877983
695900 -16236.7 -20061.8 296.198 -8.18471 0.880234
696000 -16244.7 -20062.2 295.612 -39.7107 0.882871
696100 -16193.3 -20059.2 299.359 187.597 0.885917
696200 -16191.8 -20113 303.643 141.113 0.887705
696300 -16339.1 -20137.5 294.137 -113.476 0.888381
696400 -16325.4 -20135.5 295.043 136.092 0.889738
696500 -16247.8 -20123.1 300.091 146.183 0.890279
696600 -16214.5 -20064.1 298.098 236.254 0.888931
696700 -16191.3 -20064 299.889 -44.7759 0.885209
696800 -16165.8 -20034 299.535 -62.7036 0.880503
696900 -16158.7 -20004.7 297.817 -306.275 0.875864
697000 -16147 -19981.3 296.914 -435.832 0.87376
697100 -16113.6 -20006.6 301.459 -199.897 0.875884
697200 -16135.8 -20021 300.855 1.90832 0.880483
697300 -16229.2 -20058.1 296.496 -58.7439 0.885562
697400 -16255.2 -20107.4 298.302 484.706 0.890375
697500 -16284.4 -20121.2 297.106 -30.9167 0.891648
697600 -16341.1 -20134.3 293.727 97.5039 0.892269
697700 -16399.2 -20192.9 293.77 202.09 0.892061
697800 -16384.8 -20198.3 295.301 304.532 0.889827
697900 -16288.7 -20131.7 297.589 -95.6564 0.885338
698000 -16239.8 -20128 301.086 67.697 0.881322
698100 -16261.6 -20099.6 297.2 -129.869 0.877427
698200 -16282.4 -20105.8 296.071 -233.137 0.875312
698300 -16257.7 -20121.2 299.171 -107.917 0.875619
698400 -16233.4 -20121.3 301.058 179.769 0.876638
698500 -16286.5 -20119.7 296.824 -18.9294 0.876364
698600 -16329.5 -20130.2 294.313 -218.928 0.876448
698700 -16271.8 -20128.3 298.627 -7.11761 0.878138
698800 -16175.4 -20044.5 299.609 167.398 0.879618
698900 -16147.9 -20005.9 298.754 207.094 0.879567
699000 -16161.2 -20044 300.668 66.2327 0.877909
699100 -16194.9 -20048.7 298.422 134.607 0.875362
699200 -16205.8 -20019.8 295.348 -156.639 0.871997
699300 -16157.6 -19977.7 295.816 -192.206 0.869982
699400 -16108.3 -19966.3 298.754 -133.383 0.870142
699500 -16108.8 -19969.2 298.932 48.7269 0.871536
699600 -16129.4 -19977.9 298.013 -126.355 0.872863
699700 -16163.8 -20015.4 298.248 31.4335 0.874972
699800 -16277.4 -20073.9 293.987 -0.257181 0.876965
699900 -16307.6 -20113.4 294.705 78.0112 0.878729
700000 -16235.3 -20035.9 294.306 -23.979 0.879885
700100 -16153.7 -20011.9 298.76 123.122 0.880893
700200 -16160.8 -20059.5 301.9 184.811 0.881006
700300 -16242.9 -20077.3 296.927 -51.7131 0.879488
700400 -16270.8 -20081.6 295.096 -16.5456 0.878098
700500 -16227.4 -20069.8 297.543 33.1141 0.876802
700600 -16190.8 -20045.5 298.494 -151.402 0.875219
700700 -16181.4 -20026.9 297.784 -155.582 0.875207
700800 -16183.3 -20031.5 297.989 53.2976 0.876625
700900 -16177.3 -20009.5 296.745 142.931 0.877514
701000 -16093.9 -19970 300.157 -114.564 0.877682
701100 -16008.4 -19926.4 303.393 77.327 0.878482
701200 -16057.3 -19982.9 303.989 229.444 0.878286
701300 -16135 -19993.9 298.818 -144.907 0.876306
701400 -16176.8 -20032.2 298.548 -93.4478 0.875281
701500 -16214.6 -20039.4 296.176 -136.697 0.875404
701600 -16235.3 -20045.2 295.024 -73.7818 0.876922
701700 -16196.2 -20070.7 300.031 415.893 0.87865
701800 -16151.9 -20022.3 299.713 18.076 0.877321
701900 -16155.5 -20013.5 298.752 11.5989 0.875039
702000 -16165.7 -19979.9 295.356 -252.01 0.873112
702100 -16151.9 -20066.2 303.109 84.2525 0.872862
702200 -16231.9 -20087.1 298.529 -91.4069 0.872162
702300 -16291.6 -20055.9 291.498 -107.856 0.872423
702400 -16222.4 -20037.4 295.42 18.4266 0.873804
702500 -16166.7 -20021.3 298.488 36.2276 0.875223
702600 -16165.9 -20053.1 301.013 79.4057 0.876484
702700 -16222.9 -20024.5 294.383 -238.724 0.877401
702800 -16270.5 -20099.9 296.536 27.1098 0.880343
702900 -16337.6 -20118.7 292.794 375.167 0.8831
703000 -16344.1 -20186 297.502 201.831 0.882924
703100 -16289 -20103.5 295.381 221.185 0.880281
703200 -16182.6 -20042.6 298.902 -299.585 0.875743
703300 -16140.8 -19982.9 297.519 -257.713 0.873317
703400 -16118.9 -20001.1 300.627 -24.2846 0.873135
703500 -16185 -20039.3 298.465 113.168 0.873416
703600 -16264.9 -20054.6 293.454 -124.401 0.872846
703700 -16226.8 -20030.6 294.55 -114.666 0.87322
703800 -16156.6 -20035.9 300.396 -80.597 0.875176
703900 -16157.4 -20040.1 300.666 -16.4136 0.877952
704000 -16208.4 -20069.7 299.01 132.783 0.881211
704100 -16248 -20106.4 298.784 208.377 0.883892
704200 -16257.7 -20087 296.53 86.0258 0.884686
704300 -16236.9 -20113.1 300.157 217.048 0.884358
704400 -16295.1 -20126.2 296.671 131.775 0.88195
704500 -16384.3 -20140.8 290.886 -106.62 0.877623
704600 -16321.8 -20083.9 291.327 -233.754 0.873685
704700 -16255.2 -20108.6 298.393 -42.1683 0.871252
704800 -16212.9 -20057 297.674 -290.333 0.869471
704900 -16153.5 -20006.7 298.377 -332.936 0.870448
705000 -16078.1 -19950.7 299.876 -69.7417 0.874888
705100 -16029.8 -19965.4 304.763 312.104 0.880782
705200 -16151.2 -20016.5 299.319 302.981 0.884552
705300 -16193.5 -20022.6 296.51 158.427 0.885679
705400 -16178.6 -20029.1 298.161 242.584 0.88489
705500 -16181.7 -20074.6 301.455 -15.6554 0.8819
705600 -16247.8 -20063.8 295.503 -246.384 0.878455
705700 -16258.4 -20028.8 291.968 -171.214 0.876967
705800 -16157.1 -20041.8 300.814 -28.9089 0.877186
705900 -16156.3 -20040.6 300.791 -22.929 0.877758
706000 -16218.9 -20097.9 300.378 246.125 0.878561
706100 -16288.2 -20108.1 295.798 -31.4001 0.877433
706200 -16274.9 -20088 295.267 -120.976 0.875565
706300 -16237.5 -20097 298.861 -36.4971 0.874383
706400 -16236.6 -20077.8 297.447 -147.718 0.873776
706500 -16220.6 -20035.7 295.425 -70.3384 0.874217
706600 -16147 -19967.8 295.871 63.1548 0.875558
706700 -16087.1 -19963 300.135 28.0387 0.876738
706800 -16130.2 -20018 301.056 82.5516 0.877629
706900 -16203.2 -20013.9 295.087 -34.7177 0.877942
707000 -16197.6 -20049.7 298.295 74.708 0.878333
707100 -16186.3 -20037.4 298.215 186.941 0.878034
707200 -16154 -19986.4 296.766 32.4459 0.876023
707300 -16081.4 -19967.5 300.919 -240.079 0.873883
707400 -16043.2 -19907.5 299.235 135.543 0.873098
707500 -16046.3 -19937.5 301.313 51.5781 0.871337
707600 -16152.3 -19979.8 296.39 -260.533 0.86911
707700 -16182.7 -19983.1 294.285 -139.609 0.869004
707800 -16152.7 -20030.1 300.255 101.901 0.870538
707900 -16163 -20013.8 298.189 -43.1655 0.87144
708000 -16223.8 -20021.2 294.056 27.2092 0.872509
708100 -16252.8 -20072.5 295.784 -76.7687 0.87368
708200 -16211.3 -20064 298.339 14.3433 0.875455
708300 -16153.1 -20053.9 302.066 368.222 0.877209
708400 -16153.4 -20005.8 298.316 -16.6223 0.876085
708500 -16230.7 -20075.7 297.742 261.992 0.87391
708600 -16311.1 -20100.6 293.441 -252.589 0.870146
708700 -16267.1 -20068.5 294.362 -75.7727 0.867499
708800 -16192.1 -20025.5 296.849 -262.729 0.86603
708900 -16160.1 -20025.7 299.337 -8.10869 0.866759
709000 -16178.4 -20047.3 299.591 -58.565 0.868074
709100 -16252.8 -20074 295.9 -119.621 0.870155
709200 -16318.4 -20096.9 292.594 -178.162 0.873667
709300 -16351.2 -20154.1 294.483 248.587 0.878681
709400 -16312.4 -20164.7 298.312 330.721 0.881884
709500 -16255.1 -20115 298.891 138.224 0.881624
709600 -16189.2 -20045.2 298.593 -31.724 0.879973
709700 -16128.6 -20039.2 302.822 10.13 0.878444
709800 -16194.7 -20054.1 298.854 -169.73 0.877028
709900 -16310.7 -20139.8 296.511 -138.535 0.877362
710000 -16307.4 -20096.6 293.423 23.7965 0.878925
710100 -16216.1 -20072.2 298.6 -87.926 0.880384
710200 -16201.7 -20112.6 302.846 298.595 0.882283
710300 -16266.9 -20124 298.678 64.3012 0.882073
710400 -16305.8 -20121.6 295.475 128.266 0.880535
710500 -16297.1 -20140.9 297.647 -75.2142 0.878069
710600 -16256 -20097.7 297.488 -54.2723 0.87607
710700 -16122.3 -20056.5 304.646 -13.011 0.874707
710800 -16084.8 -19936.6 298.268 -121.085 0.873778
710900 -16081.7 -19947.6 299.366 -96.4021 0.87375
711000 -16112.8 -19983.9 299.758 -69.9298 0.87459
711100 -16198.7 -20061.6 299.124 49.8195 0.876169
711200 -16261.2 -20110.1 298.043 -15.9929 0.877761
711300 -16267.2 -20082.3 295.429 37.9419 0.879597
711400 -16232.3 -20139 302.515 231.575 0.881095
711500 -16278.5 -20123.4 297.735 201.134 0.880378
711600 -16365.1 -20162.1 294.029 -111.928 0.877711
711700 -16361.6 -20161 294.213 -335.85 0.875861
711800 -16234.5 -20111.2 300.196 112.643 0.876487
711900 -16205 -20071.9 299.44 60.586 0.876766
712000 -16246 -20103.4 298.699 105.548 0.876095
712100 -16292.5 -20080.4 293.318 -247.577 0.874555
712200 -16240.5 -20077.4 297.118 -75.9186 0.874731
712300 -16143.6 -20019.5 300.138 -62.2219 0.876133
712400 -16147.2 -20069 303.686 -11.951 0.878435
712500 -16213.6 -20072.8 298.837 69.0043 0.881294
712600 -16256.7 -20107.3 298.175 228.235 0.883622
712700 -16304 -20147.4 297.615 126.328 0.884128
712800 -16344.1 -20165 295.874 18.4124 0.883232
712900 -16375.2 -20171.8 293.992 -0.62584 0.881983
713000 -16351.6 -20171.1 295.767 0.887293 0.880872
713100 -16271.2 -20132.4 298.994 -76.6022 0.879605
713200 -16215.2 -20082.8 299.495 -193.968 0.878969
713300 -16186 -20040.4 298.475 99.2727 0.880002
713400 -16136.3 -20016.7 300.479 280.122 0.879878
713500 -16085.4 -20004 303.444 -37.207 0.877472
713600 -16170.4 -20053 300.65 -42.6836 0.874915
713700 -16242.1 -20029.5 293.284 -156.611 0.872712
713800 -16192.3 -20021.5 296.524 -258.745 0.872206
713900 -16125.3 -20001.9 300.191 14.7385 0.873928
714000 -16143 -20038.8 301.672 223.662 0.87561
714100 -16210.9 -20025.7 295.404 -61.3929 0.875876
714200 -16200.3 -20042.4 297.52 74.3414 0.876222
714300 -16204.2 -20083.5 300.397 12.4709 0.876231
714400 -16261.7 -20078.8 295.583 -57.4958 0.875888
714500 -16293.2 -20106.7 295.304 -295.247 0.87642
714600 -16245.2 -20098.1 298.359 89.6018 0.879441
714700 -16174.5 -20068.6 301.55 179.87 0.882169
714800 -16195.2 -20074.1 300.371 66.8758 0.883483
714900 -16284.2 -20092.6 294.908 127.671 0.883705
715000 -16317.1 -20142.7 296.242 100.933 0.882839
715100 -16280 -20104.2 296.136 41.9606 0.880783
715200 -16234.6 -20075.5 297.42 5.09335 0.878035
715300 -16204.6 -20006.7 294.419 -172.306 0.87538
715400 -16121.1 -19943.4 295.984 18.9659 0.873821
715500 -16049.9 -19907.4 298.713 -119.209 0.87239
715600 -16036.8 -19911.1 300.011 -32.0798 0.872031
715700 -16083.8 -19919.6 297.034 15.8386 0.872052
715800 -16194.9 -20014.9 295.805 -103.783 0.871909
715900 -16239.9 -20069.7 296.566 27.4698 0.872641
716000 -16221.5 -20034.6 295.276 95.4872 0.873344
716100 -16178.6 -20041.7 299.148 115.784 0.873017
716200 -16168.2 -20023.6 298.544 -221.409 0.871881
716300 -16174 -20026.2 298.293 -160.696 0.872629
716400 -16177.6 -20045.2 299.489 276.885 0.874636
716500 -16222.7 -20060.7 297.202 109.226 0.874576
716600 -16309 -20088.6 292.674 -351.964 0.874087
716700 -16377.5 -20148.7 292.023 179.454 0.875841
716800 -16363.2 -20155.7 293.678 -52.1014 0.87681
716900 -16264.8 -20147.4 300.653 135.884 0.878176
717000 -16250.7 -20109.2 298.794 62.928 0.878948
717100 -16259.6 -20070.6 295.106 196.836 0.878422
717200 -16165.6 -20037.8 299.846 -21.9993 0.876222
717300 -16106.4 -20009.7 302.251 -104.207 0.874169
717400 -16147.8 -19991.2 297.614 -160.522 0.87305
717500 -16181.4 -20022.7 297.453 -33.3171 0.873218
717600 -16209.8 -20056.5 297.873 161.877 0.873795
717700 -16313 -20124 295.114 -45.5989 0.873166
717800 -16369 -20118 290.307 -143.342 0.872829
717900 -16278.4 -20121.1 297.56 148.339 0.873464
718000 -16234.3 -20107.7 299.938 -68.9471 0.87333
718100 -16230.6 -20073.9 297.614 -42.0424 0.873546
718200 -16218.6 -20056.9 297.222 271.171 0.87385
718300 -16171.9 -20025.9 298.434 111.674 0.871888
718400 -16086.6 -19967.7 300.532 -219.904 0.868791
718500 -16077.3 -19982.6 302.41 -243.732 0.867482
718600 -16166.9 -19999.6 296.786 -101.127 0.868225
718700 -16210.9 -20072.8 299.052 119.533 0.870312
718800 -16232.3 -20055 296.013 182.43 0.871636
718900 -16198.2 -20018.8 295.847 -234.027 0.871464
719000 -16124.6 -20002.7 300.303 14.0827 0.873083
719100 -16117.6 -20045.9 304.191 71.0575 0.874991
719200 -16165.8 -20021.7 298.587 51.6448 0.876128
719300 -16188.9 -20024.1 296.984 224.235 0.876556
719400 -16206.9 -20075.9 299.599 -70.0355 0.875238
719500 -16269.7 -20091.2 295.923 -81.4035 0.874058
719600 -16323.6 -20098.3 292.298 10.0462 0.873691
719700 -16250.7 -20068.4 295.63 -208.289 0.873664
719800 -16160.9 -20026.8 299.363 -185.796 0.875599
719900 -16166.3 -20045.5 300.385 181.63 0.879498
720000 -16224.8 -20049.2 296.147 169.215 0.882383
720100 -16277.9 -20110.5 296.782 0.571902 0.884048
720200 -16351.8 -20143.5 293.617 -13.8569 0.885468
720300 -16397.7 -20156.6 291.071 238.496 0.886767
720400 -16288.2 -20073.1 293.093 21.1398 0.886247
720500 -16201.6 -20061.2 298.873 -89.5071 0.885495
720600 -16175.2 -20057.4 300.626 287.872 0.884921
720700 -16204.8 -20070.7 299.359 -57.561 0.881954
720800 -16281.9 -20102.7 295.871 185.876 0.878713
720900 -16315.5 -20119.1 294.53 -52.9646 0.873885
721000 -16226.2 -20027.5 294.361 -138.115 0.868984
721100 -16129.8 -19993.4 299.176 -288.54 0.865753
721200 -16121.9 -19994.2 299.854 -247.039 0.865414
721300 -16140.2 -19938.7 294.142 -104.933 0.867249
721400 -16087.4 -19947.2 298.884 245.375 0.870129
721500 -16026.3 -19932.3 302.473 275.651 0.871007
721600 -16084.8 -19954.3 299.638 -214.685 0.869462
721700 -16186.7 -20027.8 297.444 -146.356 0.86939
721800 -16209.6 -20057 297.922 59.0545 0.870711
721900 -16231.9 -20096.7 299.281 -76.4016 0.87184
722000 -16301.5 -20103.8 294.44 -98.1468 0.873459
722100 -16300.7 -20083.3 292.91 26.2286 0.875767
722200 -16171.2 -20058.7 301.037 197.304 0.877699
722300 -16178.8 -20066.8 301.074 5.79956 0.877991
722400 -16238.2 -20062.3 296.126 -85.8732 0.877823
722500 -16247.2 -20088.1 297.422 -112.45 0.878578
722600 -16217.9 -20081.8 299.208 152.883 0.879962
722700 -16169.8 -20033.8 299.208 18.112 0.88017
722800 -16127.2 -20010.5 300.706 6.1613 0.880194
722900 -16149.9 -20042.3 301.408 195.89 0.87977
723000 -16254.1 -20058.8 294.624 177.063 0.877716
723100 -16265.7 -20092.4 296.326 -156.376 0.874904
723200 -16242.6 -20115.2 299.879 -15.5616 0.873664
723300 -16245.7 -20050.7 294.647 81.5671 0.872804
723400 -16180.4 -20038.7 298.771 -29.9193 0.871556
723500 -16099.4 -19976.4 300.221 -99.6066 0.870809
723600 -16094.4 -19993.1 301.901 39.6819 0.870988
723700 -16186.8 -20037 298.15 8.05497 0.870539
723800 -16241.6 -20035 293.747 -161.643 0.870409
723900 -16195.6 -20039 297.618 -123.335 0.871675
724000 -16158.9 -20005.5 297.863 -195.223 0.874069
724100 -16148.4 -20032.6 300.779 273.861 0.877779
724200 -16241 -20062.4 295.917 -38.8171 0.879392
724300 -16311 -20119.5 294.916 106.394 0.880654
724400 -16280 -20098.6 295.699 30.5188 0.881072
724500 -16205.3 -20069.5 299.224 122.881 0.880932
724600 -16164.7 -20006.3 297.478 40.9419 0.880001
724700 -16139.1 -20019 300.443 -12.0127 0.878735
724800 -16159.1 -20029.7 299.721 -30.7329 0.877239
724900 -16256.3 -20035.9 292.677 -312.765 0.876581
725000 -16246.6 -20095.5 298.04 80.8819 0.878515
725100 -16208.4 -20069.4 298.981 -134.373 0.880219
725200 -16179 -20083.5 302.352 -32.2841 0.882835
725300 -16248.3 -20104.4 298.607 449.875 0.885188
725400 -16341.2 -20154.6 295.292 92.3275 0.88414
725500 -16332.8 -20162.8 296.581 -75.6619 0.881949
725600 -16287.5 -20165.9 300.323 151.517 0.880033
725700 -16256.3 -20118.2 299.054 97.0079 0.876877
725800 -16202.1 -20069.2 299.455 -42.6635 0.873204
725900 -16149.8 -20033.9 300.766 -146.332 0.870262
726000 -16150.2 -19998.6 298.002 -60.6718 0.868751
726100 -16169.3 -19984.3 295.422 -97.9184 0.868249
726200 -16100.6 -19977.8 300.238 -296.431 0.868882
726300 -16062.8 -20008.1 305.505 195.401 0.871508
726400 -16161.8 -20017.6 298.583 -20.8925 0.8729
726500 -16190.2 -20027.2 297.122 42.7561 0.873773
726600 -16208.1 -20064.6 298.632 171.184 0.874131
726700 -16248.5 -20072.1 296.078 -145.289 0.873229
726800 -16239 -20083.8 297.728 118.792 0.873084
726900 -16200.2 -20054.2 298.443 39.0497 0.872567
727000 -16144.2 -20014 299.662 -79.2232 0.871754
727100 -16089.7 -19978.4 301.129 71.25 0.871479
727200 -16100.4 -19999.2 301.91 -48.564 0.870874
727300 -16199.6 -19976 292.424 -175.171 0.870666
727400 -16188.5 -20053.4 299.284 72.7506 0.871994
727500 -16189.2 -20031.2 297.512 5.0465 0.872876
727600 -16187.9 -20049.1 298.996 -6.99686 0.873223
727700 -16188.6 -20075.8 301.006 52.5475 0.87364
727800 -16263.7 -20109.7 297.817 53.7778 0.873519
727900 -16320.1 -20105.1 293.095 -231.804 0.87338
728000 -16267.9 -20104.7 297.105 54.5304 0.874905
728100 -16187.9 -20043 298.523 25.7442 0.876157
728200 -16173.7 -20051.8 300.301 122.703 0.876829
728300 -16207.3 -20064.5 298.683 -23.456 0.876572
728400 -16242.1 -20078.3 297.059 156.381 0.876192
728500 -16267 -20106.9 297.349 -242.292 0.875069
728600 -16329.3 -20106.4 292.479 235.225 0.875134
728700 -16322.9 -20121.7 294.17 -99.6827 0.874003
728800 -16228.9 -20100.5 299.798 -4.85671 0.873297
728900 -16210 -20097.3 301.023 82.3923 0.872727
729000 -16249.3 -20049.9 294.304 -54.6724 0.871374
729100 -16188.6 -20029.5 297.423 -43.5645 0.870342
729200 -16081.4 -19990.9 302.732 65.8025 0.869786
729300 -16098.3 -19952.5 298.458 199.217 0.868418
729400 -16131.6 -19954.3 296.013 -265.951 0.865658
729500 -16124.9 -19972.2 297.923 -363.687 0.865273
729600 -16054.3 -19950.9 301.735 247.137 0.86771
729700 -16047 -19995.6 305.765 -63.6908 0.868817
729800 -16147.7 -19964.7 295.575 -139.883 0.870243
729900 -16167.4 -20034.7 299.465 -7.1979 0.872954
730000 -16208.9 -20040.6 296.714 214.309 0.8758
730100 -16274.3 -20123.5 298.071 203.747 0.876675
730200 -16367.1 -20147.3 292.726 -88.5903 0.875659
730300 -16358.5 -20162.8 294.593 26.1357 0.87502
730400 -16217 -20049.3 296.766 77.3683 0.874235
730500 -16164.8 -20048 300.697 -71.7628 0.872893
730600 -16199.9 -20066.7 299.426 92.198 0.871724
730700 -16272.2 -20103.7 296.701 -189.669 0.870278
730800 -16314.7 -20124.5 295.013 -289.374 0.870413
730900 -16269.7 -20118.6 298.038 -99.9042 0.873359
731000 -16168 -20050.3 300.627 32.2649 0.877653
731100 -16151.4 -20010.7 298.855 315.396 0.881473
731200 -16168.9 -20027.5 298.799 307.962 0.882626
731300 -16189.2 -20009.9 295.865 196.832 0.880549
731400 -16177.7 -20048.9 299.769 39.6224 0.876563
731500 -16178.5 -19998.9 295.838 -310.004 0.872779
731600 -16133.2 -19957.7 296.147 -343.543 0.871891
731700 -16056.2 -19918.2 299.054 -67.3657 0.874127
731800 -16028.1 -19896 299.518 214.665 0.876915
731900 -16066.1 -19939.1 299.91 134.848 0.877591
732000 -16197.7 -20025.6 296.419 -155.446 0.876995
732100 -16242.6 -20050.3 294.855 -91.3187 0.877657
732200 -16196.7 -20028.3 296.708 -94.311 0.879165
732300 -16126.3 -20025.5 301.941 250.544 0.880957
732400 -16146.9 -20011.8 299.283 89.9442 0.88066
732500 -16206.9 -20070.9 299.211 -58.9459 0.879524
732600 -16246.5 -20073.7 296.364 -28.5106 0.879011
732700 -16235.3 -20080.3 297.745 -18.8689 0.87866
732800 -16215.4 -20043.8 296.457 -266.466 0.878968
732900 -16155.5 -20010.3 298.504 112.629 0.881166
733000 -16090.3 -19983.4 301.465 237.754 0.882465
733100 -16123.7 -20019.4 301.665 242.331 0.881482
733200 -16251.7 -20094.5 297.57 -163.539 0.878586
733300 -16280.7 -20114.2 296.852 -159.693 0.877001
733400 -16268 -20083.5 295.458 -24.9816 0.877013
733500 -16179.2 -20036.2 298.665 -45.486 0.877431
733600 -16129.6 -20011.3 300.58 210.294 0.877975
733700 -16157.5 -20010.6 298.369 -41.6024 0.877073
733800 -16189.7 -20044.7 298.515 -133.815 0.876576
733900 -16203.4 -20034 296.622 155.377 0.876864
734000 -16195.4 -20028.4 296.817 44.3798 0.875925
734100 -16169.6 -19997.4 296.413 -285.33 0.874806
734200 -16114.8 -19973.3 298.787 123.147 0.875677
734300 -16073.6 -19974.8 302.091 184.111 0.875742
734400 -16149.7 -20006.5 298.653 16.5224 0.874211
734500 -16244.6 -20069.9 296.213 -189.54 0.872553
734600 -16244.2 -20063.9 295.78 -145.647 0.872357
734700 -16176.8 -19986.4 295.005 -115.941 0.87384
734800 -16095.3 -19959.9 299.26 173.803 0.87627
734900 -16098.5 -19992.6 301.545 72.1656 0.877401
735000 -16163.2 -19996.5 296.842 -128.656 0.877905
735100 -16216.4 -20074.9 298.789 243.668 0.879097
735200 -16293.5 -20098.8 294.673 -126.925 0.87888
735300 -16393.1 -20126.1 289.074 -160.638 0.879361
735400 -16436.1 -20186.6 290.424 -35.1707 0.881605
735500 -16326.1 -20137.2 295.119 254.539 0.884101
735600 -16232.6 -20052.9 295.831 104.284 0.884488
735700 -16179.5 -20087.3 302.603 27.6494 0.883795
735800 -16220.8 -20050.3 296.542 29.2758 0.882547
735900 -16253.5 -20070.5 295.574 15.0219 0.880988
736000 -16233.6 -20053.4 295.791 57.6418 0.879097
736100 -16136.9 -20026.7 301.209 -118.224 0.876543
736200 -16107.9 -19953.2 297.761 -48.7391 0.874751
736300 -16096.2 -19957.3 298.989 -53.7709 0.873562
736400 -16084 -19938.7 298.489 -127.466 0.872721
736500 -16094.9 -19987.7 301.443 -120.074 0.873108
736600 -16180 -20008.2 296.448 29.9111 0.875059
736700 -16216.6 -20028.3 295.161 146.107 0.877231
736800 -16171.4 -20018.9 297.935 237.231 0.878246
736900 -16063.8 -19964.2 302.028 -46.3124 0.877558
737000 -16051.4 -19954.5 302.241 14.4503 0.876909
737100 -16096.6 -19957.7 298.989 26.9856 0.875631
737200 -16136.1 -20027.4 301.334 -136.482 0.874044
737300 -16211.6 -20064.4 298.351 -69.748 0.873446
737400 -16257 -20061.8 294.63 -121.333 0.873737
737500 -16231.4 -20088.7 298.691 116.584 0.875119
737600 -16221.7 -20066.9 297.758 51.9806 0.875618
737700 -16200.7 -20015.2 295.384 -78.4655 0.875574
737800 -16133.5 -20002.8 299.625 23.9062 0.876352
737900 -16102.4 -19995.2 301.443 149.675 0.876567
738000 -16197.4 -19999.1 294.391 -184.002 0.875847
738100 -16317.4 -20097.9 292.744 -40.1784 0.87658
738200 -16273.8 -20098.6 296.181 197.27 0.877694
738300 -16189.9 -20047.8 298.741 3.10236 0.877527
738400 -16144.4 -20008.2 299.199 45.1687 0.876749
738500 -16129.5 -20003.1 299.957 -239.377 0.875742
738600 -16174.6 -20031.2 298.642 -49.8528 0.876857
738700 -16273.1 -20079.3 294.736 223.928 0.878777
738800 -16280.6 -20121.8 297.452 31.343 0.879057
738900 -16237 -20070.3 296.834 -99.0478 0.878603
739000 -16118.2 -19991.1 299.897 124.438 0.878782
739100 -16076.5 -19953.1 300.187 3.89244 0.878238
739200 -16102.1 -19967.4 299.313 -251.995 0.87755
739300 -16177 -20000.7 296.096 21.4605 0.879063
739400 -16242.3 -20083 297.411 137.219 0.880721
739500 -16284.3 -20085.1 294.32 46.4472 0.881024
739600 -16288.6 -20100.6 295.185 138.275 0.880867
739700 -16230.5 -20087.8 298.701 157.637 0.879534
739800 -16182.5 -20046.8 299.237 6.96458 0.876319
739900 -16138.6 -19945.5 294.794 -56.3232 0.872334
740000 -16039.8 -19902.4 299.107 -92.2981 0.868765
740100 -16022.3 -19898.6 300.167 -249.612 0.866175
740200 -16060.2 -19919 298.817 -279.146 0.86592
740300 -16139.3 -19950.2 295.1 -156.33 0.868611
740400 -16218.2 -20017.3 294.187 12.1548 0.872892
740500 -16333.4 -20127.8 293.824 -66.0468 0.877284
740600 -16366.6 -20160.8 293.811 183.401 0.881849
740700 -16297.4 -20134.3 297.118 281.196 0.884534
740800 -16231.6 -20090.6 298.829 212.816 0.884305
740900 -16219.3 -20081.1 299.043 225.268 0.88182
741000 -16217.1 -20048.1 296.661 -260.336 0.878099
741100 -16195.9 -20035.7 297.341 -40.0625 0.876397
741200 -16157 -20016.8 298.886 -12.4783 0.875587
741300 -16041 -19939.3 301.868 -157.515 0.875316
741400 -15958.6 -19877.8 303.485 66.1867 0.876226
741500 -16010.5 -19937.9 304.126 132.625 0.876537
741600 -16106.4 -19993.3 300.99 -11.6783 0.875615
741700 -16164 -20008.3 297.689 -171.741 0.874989
741800 -16197.8 -20039.8 297.507 -60.6449 0.876036
741900 -16252.4 -20114.1 299.038 155.618 0.877456
742000 -16339.3 -20135.2 293.937 -229.437 0.877703
742100 -16340.5 -20185.5 297.741 -42.7004 0.879414
742200 -16301.9 -20144.7 297.575 229.174 0.881448
742300 -16172.3 -20093.7 303.658 41.7716 0.881646
742400 -16183.1 -20083 302 19.4681 0.881203
742500 -16263.1 -20097.6 296.932 18.7071 0.880664
742600 -16287.6 -20106.6 295.724 58.4841 0.879942
742700 -16276.4 -20162 300.882 -176.789 0.879109
742800 -16301.9 -20093.1 293.578 117.105 0.879275
742900 -16277.9 -20086.1 294.889 -122.463 0.879111
743000 -16186.9 -20069.1 300.619 -91.9261 0.879757
743100 -16172.8 -20049.9 300.23 100.9 0.881226
743200 -16230.2 -20071.3 297.436 184.64 0.881804
743300 -16320.4 -20122.9 294.452 108.176 0.880535
743400 -16343.6 -20125.8 292.884 -69.2725 0.878257
743500 -16212.1 -20091 300.366 53.3114 0.876214
743600 -16169.2 -20011.2 297.514 -167.076 0.87399
743700 -16138.8 -20013 300.001 -64.3614 0.872953
743800 -16139.3 -20008.2 299.594 5.86052 0.872696
743900 -16215.3 -20035.3 295.807 115.43 0.872179
744000 -16291.4 -20090.5 294.192 2.72757 0.870641
744100 -16271.3 -20072 294.315 -179.327 0.868726
744200 -16149.6 -19993.8 297.684 -169.382 0.868028
744300 -16116.4 -19965.3 298.04 -22.3851 0.869225
744400 -16108.1 -19998.3 301.243 -18.175 0.871321
744500 -16168.2 -20022.3 298.442 298.543 0.873417
744600 -16246.3 -20067.3 295.886 -9.42926 0.873539
744700 -16256 -20076.7 295.861 121.927 0.873209
744800 -16224.6 -20086.1 299.021 -114.787 0.872152
744900 -16132.6 -20009.6 300.217 -176.267 0.871868
745000 -16044.2 -19966 303.691 -38.3152 0.873061
745100 -16104.6 -19968.3 299.188 -89.2222 0.875251
745200 -16178.9 -20057.3 300.321 78.8666 0.878534
745300 -16235.5 -20069.7 296.902 286.552 0.881013
745400 -16245.8 -20058.9 295.269 92.2696 0.881502
745500 -16203.8 -20046 297.523 -4.0633 0.880821
745600 -16164.1 -20039.3 300.074 -95.663 0.88015
745700 -16177.2 -20074.1 301.756 56.7055 0.880035
745800 -16228.9 -20067.5 297.246 -216.238 0.8797
745900 -16248.3 -20090.8 297.543 39.2264 0.880947
746000 -16264.6 -20119.9 298.544 109.791 0.882363
746100 -16326.3 -20156 296.556 337.734 0.882614
746200 -16398 -20183.8 293.157 142.932 0.879904
746300 -16352.2 -20144.6 293.669 -169.696 0.87533
746400 -16233.3 -20067 296.868 -186.96 0.871951
746500 -16179.8 -20029.7 298.119 -216.085 0.870579
746600 -16141.7 -20021.8 300.459 -84.8304 0.87107
746700 -16173 -20029.4 298.622 78.1385 0.872573
746800 -16264.6 -20089.1 296.158 -86.7135 0.87384
746900 -16291.3 -20089.5 294.114 -38.0193 0.875664
747000 -16242.5 -20061.5 295.732 139.551 0.878019
747100 -16197.7 -20051 298.384 106.872 0.879188
747200 -16202.7 -20079.5 300.201 112.065 0.879112
747300 -16250.2 -20090.1 297.344 -53.1957 0.878036
747400 -16286.9 -20076.7 293.469 -229.084 0.877552
747500 -16205.2 -20043.4 297.22 -73.4972 0.879083
747600 -16125.9 -20017.1 301.321 101.079 0.88174
747700 -16151.3 -20042.2 301.294 143.725 0.883711
747800 -16237.6 -20128.4 301.286 186.602 0.884055
747900 -16295.4 -20103.5 294.881 -154.751 0.88302
748000 -16272.6 -20098 296.227 47.218 0.883095
748100 -16204.9 -20066.7 299.042 277.088 0.882604
748200 -16153.4 -20009.8 298.624 -21.1399 0.879492
748300 -16087.3 -19976.5 301.164 -289.915 0.876235
748400 -15972.7 -19920.9 305.728 72.5411 0.874683
748500 -16012.9 -19909.3 301.724 -298.057 0.872918
748600 -16103.3 -19996.1 301.443 -207.606 0.873778
748700 -16170 -20056.6 300.959 -0.261574 0.87728
748800 -16250.4 -20090.3 297.351 125.025 0.881104
748900 -16278.5 -20118.7 297.366 276.83 0.883854
749000 -16280.2 -20118.4 297.216 107.093 0.884358
749100 -16278.3 -20121.4 297.592 -50.8676 0.883629
749200 -16238.9 -20112.6 299.963 -46.8871 0.88341
749300 -16214.9 -20057.9 297.582 323.21 0.883027
749400 -16189.2 -20080.5 301.325 156.763 0.8799
749500 -16228 -20090.3 299.086 -58.7543 0.875001
749600 -16292.6 -20056 291.422 -467.082 0.87068
749700 -16225.6 -20058.3 296.792 -168.851 0.87028
749800 -16185.5 -20063.3 300.284 59.3103 0.871902
749900 -16208.6 -20074.3 299.346 -144.809 0.873396
750000 -16254.6 -20089 296.922 -143.703 0.875956
750100 -16281.8 -20106 296.125 137.37 0.879757
750200 -16259.8 -20163.1 302.262 381.996 0.88215
750300 -16308 -20159.5 298.249 91.8244 0.881255
750400 -16367.7 -20168.4 294.31 91.0177 0.878949
750500 -16344.3 -20173.9 296.547 14.0072 0.875854
750600 -16243.6 -20078.6 296.975 -28.0715 0.872794
750700 -16168.1 -19988.6 295.841 -297.391 0.870735
750800 -16130 -20002.5 299.866 -257.101 0.871454
750900 -16143.4 -20038.9 301.648 -9.84228 0.874298
751000 -16254.2 -20119.8 299.342 -145.986 0.876971
751100 -16295.6 -20079.3 292.995 -94.9898 0.880019
751200 -16224 -20063.3 297.3 105.546 0.883052
751300 -16165.8 -20055.2 301.178 278.978 0.884042
751400 -16189.4 -20036 297.864 144.238 0.882579
751500 -16267.6 -20096.6 296.507 120.005 0.880191
751600 -16368.1 -20133.3 291.562 -22.343 0.877319
751700 -16338.7 -20135.1 293.982 -200.346 0.875134
751800 -16286.7 -20112.7 296.272 -62.3042 0.874737
751900 -16241.3 -20079.8 297.234 -112.811 0.875516
752000 -16184.2 -20060.4 300.154 162.064 0.876923
752100 -16160.8 -19988.6 296.415 60.3539 0.877045
752200 -16081.3 -19999.1 303.378 41.4031 0.876415
752300 -16078.1 -20006.9 304.232 -166.612 0.875651
752400 -16180.5 -20051.2 299.732 90.8567 0.875864
752500 -16228.5 -20071.5 297.59 101.162 0.875678
752600 -16259.5 -20092.7 296.832 -54.6316 0.874608
752700 -16272.4 -20109.3 297.112 -101.115 0.874042
752800 -16238.6 -20083.5 297.738 -70.3927 0.874451
752900 -16161 -20042.3 300.552 126.231 0.875256
753000 -16135.8 -20020.7 300.827 40.6236 0.875359
753100 -16189.5 -20007.8 295.669 161.99 0.874671
753200 -16291.9 -20148.6 298.65 -166.59 0.872679
753300 -16356.4 -20117.7 291.264 -208.133 0.872068
753400 -16278.7 -20064.7 293.166 63.2989 0.873218
753500 -16193.1 -20043 298.126 70.7171 0.874215
753600 -16146.7 -19987.3 297.4 20.9853 0.87468
753700 -16103.1 -19969.6 299.412 -40.6161 0.87486
753800 -16071 -19977.9 302.537 -41.8911 0.875445
753900 -16132.4 -20014 300.578 70.111 0.876301
754000 -16216.1 -20042.6 296.314 62.6108 0.876632
754100 -16215.7 -20030.3 295.389 -82.5661 0.876607
754200 -16144.1 -19992.5 298.004 289.62 0.876766
754300 -16074.9 -19974.2 301.946 -31.3723 0.874725
754400 -16106.9 -19999.6 301.44 -241.804 0.872481
754500 -16149 -19981.7 296.785 -226.074 0.87222
754600 -16133.2 -19971.3 297.211 9.01454 0.874281
754700 -16110 -19986.3 300.171 128.668 0.876778
754800 -16161.9 -20026.9 299.296 54.068 0.87845
754900 -16264.2 -20068 294.552 143.568 0.879654
755000 -16264.8 -20073.9 294.962 486.032 0.878925
755100 -16207.8 -20051 297.598 -28.9824 0.873993
755200 -16142 -19964.1 295.973 -384.577 0.868864
755300 -16107.6 -19996.8 301.171 -248.9 0.867303
755400 -16143.9 -20004.3 298.931 35.842 0.86804
755500 -16208.6 -20050.5 297.5 69.5942 0.868675
755600 -16239.9 -20032.2 293.659 35.7273 0.868723
755700 -16157.9 -20021.5 299.189 -11.3587 0.868382
755800 -16063.8 -19963.2 301.954 -333.416 0.868528
755900 -16085.3 -19981.5 301.706 261.821 0.870843
756000 -16148.5 -19988.3 297.341 136.13 0.871676
756100 -16179.5 -19993.1 295.312 4.63415 0.871114
756200 -16129.8 -19982.8 298.359 -15.0039 0.870289
756300 -16025.9 -19929.9 302.308 -62.8616 0.869656
756400 -16022.7 -19915.3 301.429 61.5412 0.86917
756500 -16070.1 -19945.2 300.073 -136.673 0.868632
756600 -16108.7 -19964.4 298.573 -93.6403 0.869218
756700 -16129.5 -19945.2 295.475 -84.4243 0.870931
756800 -16088.5 -19972.6 300.775 277.941 0.873482
756900 -16057.7 -19973.9 303.251 263.955 0.87381
757000 -16142 -19988.3 297.84 37.6232 0.871411
757100 -16223.8 -20038.8 295.421 -178.402 0.86817
757200 -16217.4 -20031.7 295.367 -351.746 0.866368
757300 -16142.1 -20009.9 299.507 -9.70489 0.867594
757400 -16104.7 -19977 299.857 32.7781 0.869516
757500 -16115.1 -19971.7 298.638 95.2948 0.871307
757600 -16114.1 -19969.2 298.526 -38.9103 0.87289
757700 -16141.1 -20037.3 301.707 97.9255 0.874711
757800 -16236.8 -20081.6 297.725 -26.9346 0.876242
757900 -16269.3 -20062.4 293.721 46.5228 0.878218
758000 -16226.2 -20122.6 301.723 394.822 0.879458
758100 -16241.9 -20070.3 296.457 -29.7889 0.877491
758200 -16220.8 -20049.8 296.505 -101.981 0.875082
758300 -16088 -19998.8 302.83 136.819 0.873281
758400 -16069.2 -19911 297.496 -32.6461 0.870476
758500 -16070.9 -19941.1 299.69 -33.0468 0.86768
758600 -16101.3 -19942.8 297.469 -357.863 0.86555
758700 -16173 -19977.6 294.617 -382.274 0.866714
758800 -16231.4 -20057 296.236 57.778 0.871387
758900 -16284.1 -20100.6 295.542 15.1211 0.875933
759000 -16354.1 -20152.2 294.108 65.2669 0.879944
759100 -16351.7 -20176.5 296.179 259.566 0.882834
759200 -16254.3 -20100.7 297.852 187.997 0.882946
759300 -16175.6 -20033.4 298.737 205.384 0.881219
759400 -16147.2 -20000.1 298.349 123.236 0.877797
759500 -16158.4 -20050.4 301.387 22.5995 0.873375
759600 -16257.1 -20038.5 292.821 -398.01 0.86985
759700 -16250.8 -20044.1 293.733 -111.396 0.869678
759800 -16187.6 -19984.8 294.039 132.404 0.870697
759900 -16117.7 -19992.8 300.068 36.4764 0.870827
760000 -16114.1 -19987.5 299.937 -85.4372 0.870544
760100 -16177.7 -20025.3 297.937 -223.537 0.871088
760200 -16266.3 -20055.4 293.413 203.245 0.873145
760300 -16259 -20074 295.419 132.61 0.873696
760400 -16220.6 -20068.1 297.935 129.061 0.8728
760500 -16206.4 -20055.3 298.039 -85.8323 0.870956
760600 -16205.9 -20076 299.687 -149.798 0.869675
760700 -16242.8 -20050.7 294.874 -131.239 0.870091
760800 -16263.4 -20112.8 298.077 176.144 0.871473
760900 -16273.1 -20057.5 293.047 226.353 0.871234
761000 -16185.5 -20016 296.618 105.385 0.86885
761100 -16104.7 -19955.2 298.172 7.40145 0.865511
761200 -16070.8 -19946 300.08 -165.997 0.862421
761300 -16095.5 -19959 299.175 -273.673 0.861098
761400 -16203.9 -20021.8 295.642 -334.051 0.862539
761500 -16238.4 -20043.8 294.675 -52.6374 0.866607
761600 -16202.8 -20018.6 295.482 145.51 0.871083
761700 -16162.9 -20043 300.466 166.937 0.873843
761800 -16184.9 -20023.8 297.266 273.406 0.874358
761900 -16196.7 -20045.2 298.017 -144.902 0.87292
762000 -16179.6 -20048.9 299.618 56.0589 0.87217
762100 -16170 -19992.2 295.972 -39.8958 0.871589
762200 -16133 -20017.2 300.779 149.644 0.871096
762300 -16125.4 -19966.3 297.427 -52.9372 0.869792
762400 -16103.2 -19942.3 297.28 -27.4198 0.8688
762500 -16034.4 -19939.5 302.392 -54.4487 0.868278
762600 -16033.8 -19944.3 302.815 -192.703 0.868433
762700 -16154.3 -19993.2 297.273 -4.48142 0.869958
762800 -16178.9 -19995.3 295.528 -213.16 0.872024
762900 -16140.9 -20029.5 301.116 216.558 0.875365
763000 -16181.3 -20062 300.505 -58.7946 0.877289
763100 -16281.1 -20117.9 297.108 -183.692 0.879375
763200 -16301.5 -20121.1 295.771 69.4222 0.882801
763300 -16262.2 -20114.8 298.325 112.412 0.885495
763400 -16240.5 -20133.9 301.489 298.588 0.886695
763500 -16347.2 -20153.9 294.774 36.0596 0.885453
763600 -16404.1 -20212.5 294.908 -187.968 0.883858
763700 -16360.1 -20165 294.637 -15.0879 0.883935
763800 -16276.4 -20118.4 297.512 155.874 0.88413
763900 -16245.4 -20119.8 300.019 -22.9401 0.883092
764000 -16277.2 -20169.6 301.41 61.3125 0.882016
764100 -16352 -20165.6 295.314 -61.8841 0.880596
764200 -16353.4 -20169.2 295.479 -212.799 0.879754
764300 -16320.5 -20160.7 297.366 -48.2268 0.880581
764400 -16288.9 -20150.7 299.044 311.598 0.881769
764500 -16276.2 -20127.1 298.199 -27.2836 0.880767
764600 -16248.4 -20085.1 297.097 -336.037 0.879775
764700 -16172.9 -20077.7 302.379 95.7993 0.881398
764800 -16193.9 -20075 300.539 252.669 0.882495
764900 -16285.9 -20132.7 297.885 -66.812 0.881598
765000 -16319.5 -20138.1 295.702 -29.2371 0.880976
765100 -16288.1 -20129.4 297.456 -126.485 0.880833
765200 -16255 -20120.7 299.34 137.351 0.881556
765300 -16285.7 -20153.5 299.504 75.9857 0.881393
765400 -16402.1 -20172.9 292 -18.7169 0.880199
765500 -16377.7 -20209.4 296.71 -193.611 0.879164
765600 -16316.2 -20166.1 298.125 238.263 0.879578
765700 -16260.4 -20114 298.407 15.5271 0.8785
765800 -16166.2 -20051.8 300.887 -4.20232 0.876528
765900 -16106.1 -20033.2 304.1 -58.5111 0.874385
766000 -16210.2 -20059 298.036 -142.299 0.872684
766100 -16292.1 -20097.8 294.701 -287.35 0.872267
766200 -16249.2 -20045.4 293.963 -215.911 0.874732
766300 -16173 -20064.5 301.338 190.415 0.879463
766400 -16184 -20052.8 299.584 138.472 0.88313
766500 -16260.8 -20104.9 297.674 273.759 0.885347
766600 -16336.6 -20144.4 294.864 78.6346 0.885147
766700 -16338.8 -20182 297.602 -53.271 0.88411
766800 -16328.3 -20190.1 299.041 7.50984 0.883651
766900 -16331.9 -20162.5 296.63 242.762 0.882458
767000 -16305.8 -20131.7 296.267 82.6027 0.879051
767100 -16180.7 -20076.1 301.646 -83.9285 0.874676
767200 -16152.4 -20035.9 300.724 -204.893 0.870936
767300 -16209.4 -20078.6 299.617 -281.523 0.869335
767400 -16274.4 -20082.7 294.905 -209.283 0.870378
767500 -16271 -20096 296.192 -97.4017 0.873752
767600 -16230.3 -20065.4 296.979 7.92488 0.878078
767700 -16208.1 -20074.7 299.412 -170.983 0.882336
767800 -16228.3 -20107.5 300.388 266.319 0.887067
767900 -16288.7 -20140.2 298.249 318.672 0.888738
768000 -16345.3 -20152.4 294.81 150.729 0.887486
768100 -16336 -20180.1 297.672 93.3198 0.885147
768200 -16245.5 -20087.6 297.517 75.6032 0.882579
768300 -16140.9 -19995.5 298.485 4.44279 0.880266
768400 -16104.3 -19981.4 300.228 125.346 0.878287
768500 -16146.9 -20059.7 302.994 -258.943 0.876216
768600 -16257.2 -20096.8 297.32 -78.5486 0.876157
768700 -16279.1 -20125.6 297.857 150.531 0.876921
768800 -16281 -20128.2 297.912 -206.176 0.876946
768900 -16297.9 -20176.3 300.327 81.9683 0.878109
769000 -16382.6 -20154.5 292.078 -27.125 0.878938
769100 -16354.7 -20169 295.365 41.5528 0.879706
769200 -16273 -20116.3 297.617 79.1783 0.879988
769300 -16253.9 -20116.7 299.122 -29.658 0.879597
769400 -16270.1 -20128.2 298.753 -129.908 0.879628
769500 -16315.5 -20138 295.998 43.1573 0.880585
769600 -16394.9 -20212.1 295.587 -40.0314 0.881419
769700 -16481.7 -20252.6 292.003 176.958 0.882311
769800 -16430.5 -20210.7 292.721 22.2841 0.881936
769900 -16349.3 -20179.2 296.57 -99.1466 0.881292
770000 -16297 -20118.2 295.9 20.6269 0.881312
770100 -16218.4 -20087.7 299.628 -19.9873 0.881217
770200 -16186 -20045.2 298.842 268.212 0.880889
770300 -16192.4 -20038.3 297.815 130.531 0.878437
770400 -16222.2 -20052.1 296.567 -210.4 0.874496
770500 -16245.9 -20045.7 294.24 -190.184 0.872328
770600 -16192.9 -20044.4 298.25 62.0994 0.871897
770700 -16111.9 -19951.7 297.334 -257.951 0.871657
770800 -16063 -19986.7 303.834 119.172 0.873241
770900 -16119.9 -19998.6 300.357 43.4483 0.874064
771000 -16168.4 -20036.5 299.532 107.368 0.87431
771100 -16210.7 -20060.8 298.135 -142.706 0.874014
771200 -16240.9 -20049.5 294.923 -126.198 0.874726
771300 -16182.1 -20051.9 299.667 -7.07807 0.876995
771400 -16075.4 -19952.9 300.259 27.76 0.879607
771500 -16061.3 -19983.8 303.746 142.83 0.882059
771600 -16142.2 -20019.1 300.217 -7.79851 0.883635
771700 -16186.2 -20052.7 299.407 138.461 0.884937
771800 -16228.6 -20080 298.232 194.972 0.884973
771900 -16282 -20094.7 295.242 79.8541 0.883131
772000 -16288.7 -20099.2 295.076 -17.6767 0.880176
772100 -16178.7 -20020.8 297.521 -50.1126 0.876892
772200 -16106.4 -19990.5 300.773 -120.283 0.87376
772300 -16137.2 -20012.7 300.107 -80.6697 0.871408
772400 -16215.4 -20042.1 296.328 -414.464 0.870293
772500 -16238.8 -20070.9 296.739 40.2494 0.872553
772600 -16221.3 -20081.3 298.906 -88.0638 0.875472
772700 -16194.6 -20032.3 297.182 56.9105 0.879016
772800 -16138.5 -20017.7 300.39 347.769 0.882125
772900 -16133 -20020.3 301.015 17.2923 0.882811
773000 -16182.5 -19983.1 294.31 75.4049 0.882575
773100 -16187 -20038.6 298.256 -100.547 0.881903
773200 -16171.3 -20024.1 298.349 132.308 0.881696
773300 -16135.6 -19994.5 298.823 -14.9443 0.880518
773400 -16098.5 -20006.3 302.612 -187.739 0.879358
773500 -16160.5 -19987 296.306 173.992 0.879475
773600 -16223.7 -20038.6 295.408 335.408 0.878164
773700 -16215.7 -20050 296.913 -351.211 0.873827
773800 -16093.2 -19968.1 300.059 -51.351 0.871155
773900 -16047.8 -19919 299.773 -220.975 0.869664
774000 -16066.3 -19931 299.265 -193.271 0.869898
774100 -16146.7 -19979 296.755 97.4016 0.871926
774200 -16244.5 -20075.4 296.649 85.1615 0.87381
774300 -16260.4 -20098.6 297.217 -350.001 0.87572
774400 -16238.7 -20083.5 297.728 361.083 0.879997
774500 -16220.5 -20093.3 299.899 140.308 0.882321
774600 -16273.5 -20109.8 297.072 90.6613 0.882957
774700 -16362.8 -20151.9 293.411 103.81 0.882697
774800 -16346.3 -20166.3 295.81 32.479 0.881546
774900 -16259.9 -20110.4 298.169 -72.1373 0.879952
775000 -16204.8 -20038 296.823 109.747 0.878438
775100 -16175.5 -20019.5 297.663 -48.322 0.876317
775200 -16149.3 -19998.7 298.077 27.708 0.874151
775300 -16125.8 -19980.6 298.507 -60.5745 0.871777
775400 -16103.1 -19994.9 301.368 -143.404 0.870057
775500 -16127.4 -20010 300.657 -193.443 0.869913
775600 -16220.3 -20069 298.031 213.813 0.87109
775700 -16282.3 -20082.9 294.303 -209.266 0.871049
775800 -16239.7 -20048.3 294.927 -258.093 0.872617
775900 -16164 -20033.8 299.666 228.741 0.876419
776000 -16158.7 -20014.1 298.551 229.073 0.878521
776100 -16171.5 -20034.1 299.098 191.064 0.878238
776200 -16249 -20086 297.12 197.232 0.875705
776300 -16344.3 -20115.1 291.997 -53.7902 0.871633
776400 -16303.2 -20111.2 294.876 -188.331 0.868284
776500 -16236.1 -20082.9 297.882 -205.498 0.866764
776600 -16198.7 -20006.9 294.89 -259.968 0.867499
776700 -16136.1 -20006 299.672 136.697 0.870232
776800 -16120.9 -19996.5 300.111 -63.2659 0.872377
776900 -16142.4 -20013.5 299.762 169.937 0.87433
777000 -16174.8 -20051.3 300.187 -71.2587 0.87507
777100 -16225.6 -20070.9 297.765 -114.798 0.876281
777200 -16235.8 -20037.2 294.362 -22.1882 0.878656
777300 -16170.1 -20053.9 300.744 295.196 0.880863
777400 -16156 -20066.8 302.844 192.003 0.880312
777500 -16303.6 -20096.7 293.722 -102.388 0.878089
777600 -16292.7 -20116.2 296.082 -237.433 0.876925
777700 -16222.8 -20102.3 300.413 173.593 0.877441
777800 -16199.5 -20065.5 299.371 28.5195 0.87692
777900 -16228 -20063.9 297.036 71.5938 0.875859
778000 -16286.1 -20099.4 295.291 -103.33 0.874478
778100 -16319.7 -20107.2 293.292 -169.982 0.874076
778200 -16237.1 -20103.3 299.385 163.009 0.874898
778300 -16167.7 -20035.9 299.541 207.899 0.8744
778400 -16177.1 -20069.7 301.426 -88.6273 0.871981
778500 -16233.1 -20071.1 297.203 -301.272 0.870495
778600 -16243.4 -20053.3 295.03 6.04951 0.871512
778700 -16211.2 -20064.4 298.381 -42.2589 0.873018
778800 -16191.7 -20056 299.238 127.41 0.874592
778900 -16210 -20074 299.215 -45.0658 0.875214
779000 -16302.9 -20127 296.118 179.249 0.875635
779100 -16356.5 -20148.6 293.647 -162.105 0.875056
779200 -16315.4 -20165 298.101 10.5907 0.875543
779300 -16217.8 -20122.5 302.366 106.206 0.876191
779400 -16153.5 -20067.4 303.076 79.9128 0.875946
779500 -16242 -20090.4 298.004 29.342 0.874623
779600 -16333.5 -20113.9 292.74 31.8949 0.8729
779700 -16283.2 -20108.7 296.233 -84.5138 0.871131
779800 -16192.2 -20027.1 296.956 -356.1 0.870291
779900 -16130.7 -19991 298.922 93.2194 0.872246
780000 -16133.2 -20013.8 300.497 -75.2351 0.874182
780100 -16195.7 -20041.2 297.776 -26.372 0.876642
780200 -16258.3 -20081.5 296.052 251.966 0.87916
780300 -16379.7 -20132 290.567 -86.756 0.880045
780400 -16419.5 -20213.7 293.81 13.2811 0.881392
780500 -16364.3 -20203.4 297.289 333.174 0.882433
780600 -16312.2 -20138.9 296.327 137.944 0.880525
780700 -16271.3 -20102.3 296.66 -99.9832 0.877059
780800 -16242.9 -20093.6 298.186 -93.2125 0.874386
780900 -16241.9 -20118.4 300.182 -98.0377 0.872555
781000 -16284.8 -20070.1 293.118 -161.799 0.871721
781100 -16226.5 -20096.8 299.701 -133.623 0.872423
781200 -16147.3 -20040.5 301.475 74.7326 0.874475
781300 -16174.2 -20047.8 299.95 94.9316 0.876108
781400 -16260.1 -20087 296.338 127.618 0.876766
781500 -16282.1 -20046.7 291.513 141.097 0.876218
781600 -16221.5 -20055 296.852 83.738 0.874014
781700 -16201.2 -20052.4 298.225 -164.235 0.870868
781800 -16200 -20040.1 297.368 -207.797 0.868952
781900 -16172.5 -20003.6 296.668 -169.244 0.869223
782000 -16103.3 -20047.7 305.443 105.815 0.870837
782100 -16164.7 -20008.8 297.677 3.03275 0.872098
782200 -16230.3 -20053.7 296.068 -63.6676 0.873603
782300 -16237.3 -20087.3 298.13 10.6336 0.875687
782400 -16228.9 -20067.7 297.265 -93.6111 0.878114
782500 -16204.4 -20059.6 298.531 235.908 0.881433
782600 -16180 -20069.7 301.203 516.586 0.882858
782700 -16202.8 -20060.3 298.713 331.427 0.879229
782800 -16255.1 -20059.6 294.608 -241.384 0.87246
782900 -16227.9 -20057 296.507 -391.46 0.867792
783000 -16143.9 -20003.5 298.87 -75.5102 0.866883
783100 -16091.8 -19953.8 299.061 -148.424 0.867287
783200 -16074.4 -19961 300.961 -117.35 0.86884
783300 -16183.2 -20034.3 298.211 19.2387 0.871415
783400 -16289.1 -20126.1 297.12 72.8286 0.873508
783500 -16318.5 -20148 296.542 -87.2148 0.875028
783600 -16302.1 -20130.1 296.422 -183.071 0.877338
783700 -16220.9 -20076.1 298.535 -67.9588 0.880926
783800 -16148 -20040.3 301.401 129.671 0.88455
783900 -16147.5 -19977.2 296.557 233.224 0.886612
784000 -16135.4 -20012.1 300.202 219.745 0.886181
784100 -16186 -20047.9 299.053 30.1508 0.883902
784200 -16287.6 -20081.3 293.774 86.2426 0.881395
784300 -16285.3 -20146.5 299.004 -78.5367 0.878855
784400 -16310.7 -20167 298.614 -79.513 0.877366
784500 -16358.4 -20152.8 293.822 -61.6396 0.87697
784600 -16304.7 -20160.7 298.589 47.31 0.877046
784700 -16218.8 -20101.2 300.639 -72.8283 0.876646
784800 -16198.8 -20066.6 299.508 69.2627 0.876658
784900 -16250.3 -20055 294.624 -61.1452 0.876438
785000 -16347.5 -20107.9 291.191 -134.686 0.876689
785100 -16303 -20105.7 294.464 19.2974 0.878075
785200 -16218.9 -20075.2 298.616 -60.3559 0.879524
785300 -16186 -20030.5 297.705 -64.2692 0.88166
785400 -16163.4 -20038.2 300.049 175.784 0.884187
785500 -16237.6 -20105.7 299.536 190.651 0.885095
785600 -16338.2 -20132.8 293.837 46.6792 0.884095
785700 -16313.1 -20124.8 295.163 -99.7642 0.882826
785800 -16230.8 -20077.2 297.847 -57.8397 0.882424
785900 -16181.5 -20019.7 297.221 185.165 0.882335
786000 -16159.3 -20033.5 300.006 215.495 0.880612
786100 -16163.9 -19981.4 295.609 -79.0328 0.876919
786200 -16099.7 -19958.1 298.781 -210.923 0.873927
786300 -15964.8 -19874.6 302.754 -158.836 0.873068
786400 -15975.2 -19880.8 302.438 -183.114 0.873798
786500 -16073.1 -19975.1 302.154 96.4937 0.876122
786600 -16163 -20029 299.368 95.0558 0.877814
786700 -16212.6 -20021 294.908 129.323 0.878271
786800 -16194.5 -20053.4 298.82 30.6092 0.877606
786900 -16158.2 -20062.9 302.363 -214.406 0.87686
787000 -16184.9 -20024.6 297.333 -43.0529 0.87769
787100 -16251.2 -20075.3 296.123 116.796 0.879067
787200 -16274.1 -20074.6 294.298 -119.514 0.879854
787300 -16192.4 -20057.8 299.318 130.007 0.88105
787400 -16115 -20023.8 302.681 131.084 0.881505
787500 -16141.2 -20006 299.278 199.951 0.880281
787600 -16167.3 -20025.7 298.777 -131.501 0.877425
787700 -16182.6 -19996.7 295.354 68.9453 0.875072
787800 -16156.9 -20019.8 299.127 94.5395 0.872156
787900 -16101.5 -19953.9 298.312 -126.542 0.868282
788000 -15992.2 -19893.8 302.128 -221.497 0.865345
788100 -15997.2 -19906.4 302.712 9.1866 0.864102
788200 -16064.5 -19890.4 296.261 -6.34052 0.86284
788300 -16070.5 -19916.5 297.817 -297.997 0.86212
788400 -16073.4 -19938 299.262 115.588 0.863601
788500 -16109 -19919.7 295.08 -261.581 0.865242
788600 -16164.1 -19988.9 296.177 -1.27202 0.869052
788700 -16223.2 -20048.6 296.225 108.3 0.87375
788800 -16271.5 -20082.1 295.073 258.566 0.877701
788900 -16252.8 -20060.9 294.89 171.585 0.879662
789000 -16162.2 -20057 301.596 210.442 0.879933
789100 -16153.9 -20000.4 297.863 -88.8185 0.878413
789200 -16176.4 -20049 299.876 -206.551 0.877383
789300 -16288.2 -20078.7 293.52 123.808 0.877909
789400 -16321.3 -20097.3 292.402 51.2597 0.877549
789500 -16253.9 -20082 296.431 67.635 0.876455
789600 -16206.9 -20054.3 297.929 69.6359 0.874485
789700 -16195 -20044.9 298.123 25.3046 0.871303
789800 -16169.5 -19963.1 293.768 76.6862 0.86741
789900 -16061.8 -19904.3 297.547 -224.982 0.86265
790000 -16022 -19922.9 302.074 -332.954 0.859866
790100 -16082.7 -19953.6 299.745 -76.7926 0.860077
790200 -16140 -19969 296.506 -192.211 0.861394
790300 -16140.5 -19986.3 297.803 -41.7958 0.864408
790400 -16146 -19994.9 298.043 232.571 0.867833
790500 -16228.4 -20026.7 294.128 22.5422 0.869684
790600 -16284 -20058.8 292.306 195.736 0.870798
790700 -16205.9 -20005.4 294.218 -3.40759 0.870689
790800 -16126.4 -20012.9 300.956 138.375 0.870086
790900 -16145 -20001.9 298.659 207.678 0.867899
791000 -16183.8 -19977.1 293.733 -351.854 0.864203
791100 -16114.4 -19951.3 297.115 -247.701 0.863321
791200 -16038.9 -19955.2 303.267 147.749 0.864842
791300 -16082.9 -19928.6 297.798 -50.4751 0.865497
791400 -16111.5 -19940.4 296.496 -130.881 0.866528
791500 -16071.1 -19899.1 296.426 25.7012 0.868559
791600 -15958.1 -19864.6 302.501 -50.4401 0.87088
791700 -15963.8 -19861.4 301.809 310.516 0.87354
791800 -16021.5 -19863.9 297.539 34.8284 0.873873
791900 -16048.6 -19910.1 299.019 76.6694 0.873282
792000 -16084.2 -19911.6 296.382 -6.64939 0.871956
792100 -16156 -19950 293.787 -357.181 0.870731
792200 -16202.5 -19986 292.984 37.338 0.872255
792300 -16146.6 -20027.4 300.516 69.3031 0.874408
792400 -16113.4 -20005.4 301.384 -59.0948 0.87679
792500 -16152.6 -19989.2 297.096 152.404 0.879946
792600 -16224.9 -20030.7 294.705 404.371 0.881858
792700 -16227 -20054.2 296.363 166.82 0.880445
792800 -16148.3 -20028.1 300.437 48.4876 0.876634
792900 -16080.6 -19936.5 298.586 -91.6841 0.871848
793000 -16054.7 -19951.1 301.726 -116.008 0.86768
793100 -16139.5 -19974.5 296.967 -272.313 0.864746
793200 -16224.2 -20041.4 295.591 -418.096 0.864573
793300 -16211.3 -20030.1 295.718 -116.614 0.868315
793400 -16145.7 -20027.8 300.618 113.147 0.873083
793500 -16123.6 -19993.2 299.647 30.4815 0.876978
793600 -16143 -20055.6 302.975 319.668 0.879862
793700 -16256.4 -20085.1 296.479 206.689 0.879659
793800 -16289.9 -20105.5 295.461 123.297 0.877284
793900 -16251.8 -20082.3 296.622 -15.271 0.874293
794000 -16163.1 -20042.6 300.414 116.917 0.871489
794100 -16128.1 -19955.3 296.369 18.627 0.867975
794200 -16090.9 -19954.6 299.186 -214.602 0.865029
794300 -16084.5 -19927.1 297.561 -102.778 0.864352
794400 -16080.8 -19931.3 298.169 -189.641 0.864931
794500 -16093 -19953.2 298.924 -108.023 0.866987
794600 -16138.3 -20000.9 299.103 -186.565 0.870255
794700 -16237.1 -20035.7 294.153 -116.234 0.874769
794800 -16268.2 -20090.1 295.947 152.344 0.879636
794900 -16246.9 -20100.8 298.432 73.5017 0.882407
795000 -16240.2 -20104.3 299.224 13.2211 0.883901
795100 -16252.6 -20098.5 297.816 120.2 0.885144
795200 -16254.9 -20098.7 297.652 50.6443 0.885244
795300 -16255.5 -20106.5 298.205 133.386 0.884392
795400 -16262.2 -20095.6 296.844 -17.9346 0.882717
795500 -16228.9 -20062.5 296.862 -43.0876 0.881408
795600 -16120.9 -19974.6 298.416 141.039 0.880409
795700 -16067.9 -19935.8 299.514 -25.2496 0.878203
795800 -16083.9 -19943.3 298.862 -105.379 0.876186
795900 -16148.1 -19959.6 295.146 -205.963 0.875519
796000 -16217.9 -20018.6 294.312 5.57215 0.876255
796100 -16269 -20062.6 293.764 -138.039 0.877486
796200 -16242.1 -20044.2 294.414 215.836 0.8796
796300 -16138.2 -20009.9 299.807 292.457 0.880043
796400 -16113.4 -19977.3 299.208 4.86395 0.877812
796500 -16131.2 -20001 299.663 -151.085 0.875286
796600 -16222.5 -20034.9 295.218 -81.3192 0.873924
796700 -16286.6 -20073 293.204 -286.984 0.87404
796800 -16244.8 -20073.6 296.485 183.36 0.87615
796900 -16209.5 -20063 298.406 92.9206 0.877081
797000 -16192.7 -20009.9 295.589 170.612 0.876774
797100 -16140.2 -19980.6 297.382 -100.274 0.875081
797200 -16101.4 -19961.9 298.945 -126.155 0.87413
797300 -16096.2 -19945.4 298.071 206.272 0.874169
797400 -16105.4 -19971.5 299.382 169.977 0.872577
797500 -16133.2 -19951.1 295.647 -139.141 0.86937
797600 -16095.7 -19949.4 298.413 -222.599 0.867327
797700 -15974.8 -19902.5 304.145 -136.405 0.867413
797800 -16000.9 -19937.7 304.849 -92.0628 0.868862
797900 -16087.6 -19949.9 299.08 38.699 0.871343
798000 -16143.8 -20002.2 298.778 -96.2125 0.873904
798100 -16193 -20022.3 296.531 36.5282 0.877248
798200 -16235.9 -20098.3 299.088 366.76 0.880106
798300 -16347.6 -20123.8 292.42 12.4676 0.879913
798400 -16337.8 -20130.5 293.689 93.1271 0.879093
798500 -16272.4 -20109.2 297.107 -8.92523 0.877765
798600 -16232.2 -20071.4 297.291 -106.39 0.87634
798700 -16206.8 -20073.6 299.426 -39.5144 0.875796
798800 -16188.3 -20030.2 297.506 -86.013 0.875613
798900 -16090.3 -19983.2 301.444 49.5854 0.876056
799000 -16060.8 -19954.2 301.49 -0.33054 0.876363
799100 -16119 -19953.1 296.896 41.2082 0.87667
799200 -16183.5 -20025.2 297.483 -28.5432 0.876575
799300 -16280.1 -20092.5 295.219 -57.1973 0.876588
799400 -16359.2 -20169 295.023 51.2836 0.877448
799500 -16462.6 -20199.8 289.394 -303.277 0.878496
799600 -16501.3 -20253.1 290.524 106.102 0.882067
799700 -16387.3 -20209 295.94 311.264 0.885566
799800 -16311.6 -20173.9 299.084 333.856 0.886172
799900 -16287.3 -20126.9 297.32 197.222 0.883322
800000 -16256.3 -20133.1 300.21 -76.5925 0.878256
800100 -16236.2 -20070.9 296.944 -50.7701 0.873558
800200 -16169.4 -20041.7 299.858 -286.604 0.869765
800300 -16100.8 -19986.3 300.879 -103.246 0.868533
800400 -16104.7 -19986.8 300.616 -51.4997 0.868623
800500 -16212.3 -20028.4 295.506 -286.864 0.869368
800600 -16257.3 -20057.6 294.28 -286.687 0.872837
800700 -16219.5 -20061.8 297.53 158.542 0.878721
800800 -16197 -20098.4 302.108 475.375 0.882479
800900 -16247.6 -20099.6 298.283 15.965 0.882059
801000 -16265.6 -20098.3 296.784 181.214 0.880662
801100 -16248.1 -20045.4 294.042 -222.371 0.878604
801200 -16172.4 -20016.6 297.68 -92.5014 0.878317
801300 -16134.6 -19988.6 298.438 -19.3165 0.878907
801400 -16141.9 -20007.7 299.354 -143.676 0.87994
801500 -16201 -20071.7 299.734 40.0699 0.881847
801600 -16296.9 -20128.5 296.703 73.5273 0.883484
801700 -16319.1 -20154.9 297.03 119.38 0.884191
801800 -16307.8 -20154.1 297.85 -72.2454 0.884004
801900 -16279.2 -20121.6 297.54 223.233 0.883993
802000 -16178.2 -20074.4 301.709 -42.5595 0.882489
802100 -16121.9 -20001.7 300.44 214.323 0.880694
802200 -16163.3 -20043.8 300.496 -14.8371 0.877667
802300 -16244.9 -20038.5 293.757 -127.812 0.874429
802400 -16231.1 -20048.7 295.616 -62.3923 0.872495
802500 -16199.3 -20068.9 299.644 -278.283 0.872008
802600 -16228.9 -20139.8 302.84 180.733 0.873475
802700 -16331.7 -20152.5 295.87 -76.2248 0.874001
802800 -16335.4 -20162.4 296.35 -206.232 0.874851
802900 -16285.4 -20133.6 297.988 162.974 0.877252
803000 -16224.2 -20091.5 299.466 274.351 0.878317
803100 -16198.6 -20098.8 302.022 138.549 0.876618
803200 -16297.3 -20114 295.549 -341.351 0.874109
803300 -16355.4 -20154.4 294.179 76.2273 0.873965
803400 -16304.4 -20131.5 296.358 -69.1291 0.873914
803500 -16217.3 -20030 295.236 125.591 0.874131
803600 -16160.4 -20024.1 299.188 83.9062 0.873485
803700 -16162.6 -20018.3 298.568 113.062 0.871653
803800 -16190.4 -20016.5 296.284 -272.259 0.869373
803900 -16176.5 -20030.1 298.414 36.7214 0.868954
804000 -16124.4 -20038.3 303.075 83.6282 0.868589
804100 -16171.3 -20028.2 298.66 -139.849 0.867541
804200 -16207.5 -19977.8 291.96 -359.327 0.867996
804300 -16135.2 -20005 299.661 258.613 0.8712
804400 -16129 -20010.6 300.578 76.9894 0.872832
804500 -16160.2 -20014.7 298.479 -73.2316 0.873486
804600 -16188.5 -20046.1 298.717 -16.1542 0.874687
804700 -16219.5 -20063.3 297.651 148.826 0.876
804800 -16230.7 -20081.5 298.193 110.548 0.876064
804900 -16233.7 -20087.1 298.39 70.7674 0.874983
805000 -16243.9 -20095.2 298.229 27.8163 0.87299
805100 -16276.6 -20088.4 295.17 -235.417 0.87093
805200 -16268.7 -20057 293.351 -17.7736 0.870822
805300 -16156.9 -20036.7 300.433 67.5238 0.871169
805400 -16139.6 -20017.4 300.287 103.654 0.870754
805500 -16200.9 -20051.3 298.158 65.672 0.869547
805600 -16250.1 -20049.7 294.229 -10.4758 0.867618
805700 -16215.4 -20047.7 296.753 -299.417 0.865804
805800 -16176.4 -20016.9 297.392 -91.8368 0.866355
805900 -16172.2 -20053.4 300.55 93.8392 0.868228
806000 -16218.3 -20056.7 297.232 86.2994 0.869401
806100 -16262.9 -20054.2 293.586 -201.857 0.870146
806200 -16192.7 -20046.2 298.401 -35.1916 0.872496
806300 -16102.5 -20026.4 303.846 230.963 0.874958
806400 -16153.5 -20018.5 299.29 200.255 0.875526
806500 -16222.2 -20079.8 298.721 -24.0114 0.874245
806600 -16274.8 -20113.2 297.226 -60.5673 0.87278
806700 -16281.3 -20107.6 296.298 -310.865 0.872113
806800 -16265.4 -20117.8 298.318 68.5722 0.873894
806900 -16266.9 -20088 295.895 -69.2845 0.876093
807000 -16228.6 -20058.4 296.566 191.72 0.878472
807100 -16178 -20075.4 301.801 221.99 0.879134
807200 -16196.5 -20024.2 296.402 3.2471 0.877893
807300 -16181.7 -20036.5 298.503 61.2918 0.876192
807400 -16157.7 -20005.1 297.931 -188.298 0.874112
807500 -16113.7 -19999.9 300.934 -0.277812 0.873268
807600 -16072.3 -19962.5 301.24 -205.149 0.873083
807700 -16090 -19969.9 300.443 218.333 0.874127
807800 -16185.2 -20026.8 297.483 -41.702 0.873688
807900 -16242 -20072.2 296.589 -102.696 0.873329
808000 -16242.2 -20067 296.174 5.99938 0.874003
808100 -16163.4 -19990.2 296.333 44.3044 0.875051
808200 -16065.1 -19959.6 301.58 -87.5972 0.875809
808300 -16095.9 -19968 299.84 -19.4398 0.87729
808400 -16168.2 -20016.7 298.013 169.251 0.879262
808500 -16216.6 -20044.2 296.39 171.411 0.879981
808600 -16217.4 -20041.6 296.132 14.913 0.879136
808700 -16123.1 -20031.3 302.64 0.124681 0.877917
808800 -16067 -19954.3 301.02 -10.0792 0.876431
808900 -16114.5 -20000 300.879 -148.79 0.874902
809000 -16216.2 -20053.9 297.182 -219.516 0.874594
809100 -16247.4 -20091.2 297.652 22.1323 0.876253
809200 -16249 -20074.9 296.258 -113.894 0.878539
809300 -16188.1 -20035.5 297.927 61.7021 0.881781
809400 -16093.8 -19985.5 301.361 487.055 0.884582
809500 -16103.6 -19999.9 301.712 275.829 0.883193
809600 -16152.4 -20030.1 300.279 -130.081 0.8788
809700 -16201.4 -20038.1 297.103 -13.211 0.875088
809800 -16215.4 -20076.4 298.987 -139.353 0.872092
809900 -16252.5 -20074.8 295.987 -404.624 0.870821
810000 -16294.6 -20076.7 292.872 -206.617 0.873194
810100 -16231.2 -20043.2 295.185 267.837 0.8773
810200 -16138 -20038.1 302.009 262.729 0.879233
810300 -16164.6 -20059.1 301.575 35.3227 0.878566
810400 -16245.8 -20065.4 295.777 -196.698 0.877301
810500 -16258.1 -20105.9 297.956 -28.1973 0.877684
810600 -16269.3 -20123.1 298.429 179.636 0.878342
810700 -16347.1 -20158.5 295.137 -269.187 0.878041
810800 -16408.5 -20229 295.845 -194.063 0.879757
810900 -16388.3 -20194.6 294.742 -17.8683 0.883554
811000 -16290.8 -20185 301.556 437.47 0.887173
811100 -16270.4 -20141.8 299.788 187.877 0.886822
811200 -16304.7 -20171.9 299.462 -3.1495 0.88441
811300 -16328.4 -20166.7 297.227 49.0389 0.882195
811400 -16323.8 -20149.6 296.257 208.321 0.879328
811500 -16283.1 -20096.4 295.285 -118.717 0.875125
811600 -16228.1 -20076.6 298.014 -187.799 0.872492
811700 -16205 -20044 297.279 -327.315 0.872259
811800 -16180 -20015 296.965 -18.7329 0.874577
811900 -16156.1 -20026.3 299.696 90.3856 0.876934
812000 -16172.9 -20036.8 299.206 73.802 0.878354
812100 -16191.9 -20038.5 297.867 197.298 0.878676
812200 -16213.7 -20100.8 301.002 -189.292 0.877744
812300 -16280.5 -20148.9 299.555 -81.2901 0.87827
812400 -16324.5 -20172.4 297.968 -65.5592 0.879707
812500 -16334 -20150.9 295.56 337.301 0.881061
812600 -16293.4 -20134.6 297.447 94.5402 0.879899
812700 -16224.2 -20093.9 299.653 56.1854 0.877436
812800 -16132.5 -20012.4 300.449 28.718 0.874566
812900 -16027.1 -19971.9 305.468 -172.234 0.871796
813000 -16092.9 -19955.2 299.081 11.8941 0.870512
813100 -16155.1 -19993.3 297.218 201.414 0.869078
813200 -16182.2 -20013.5 296.68 -383.033 0.866504
813300 -16201.7 -20051.5 298.115 -300.128 0.867266
813400 -16261.9 -20062.2 294.28 104.464 0.870922
813500 -16287.7 -20146.9 298.842 266.359 0.873434
813600 -16331.9 -20149.5 295.615 -16.1868 0.873625
813700 -16368.7 -20191.4 296.019 56.9316 0.873453
813800 -16379.9 -20188 294.883 -161.848 0.873121
813900 -16292.5 -20084.9 293.671 -176.855 0.874172
814000 -16195.6 -20059.7 299.225 201.653 0.876682
814100 -16183 -20057.9 300.059 119.179 0.877753
814200 -16244.8 -20105 298.92 2.08652 0.877519
814300 -16314.7 -20118.5 294.553 -157.508 0.877411
814400 -16299.6 -20140.6 297.428 -52.5784 0.878472
814500 -16255.1 -20123.7 299.567 169.443 0.880041
814600 -16158 -20070.9 303.005 237.289 0.880228
814700 -16088.4 -19989.3 302.071 -107.615 0.878268
814800 -16135.4 -19993.5 298.754 47.1363 0.876774
814900 -16208.5 -20033.2 296.169 -121.086 0.875267
815000 -16213.7 -20035.3 295.934 -7.93604 0.874679
815100 -16196.9 -20061.8 299.282 50.3431 0.874202
815200 -16204.5 -20046 297.473 -153.817 0.873296
815300 -16200 -20050 298.129 -45.5287 0.873827
815400 -16188.6 -20071.9 300.71 164.647 0.874488
815500 -16241.8 -20058.6 295.553 -85.8496 0.874073
815600 -16289.1 -20103.1 295.343 -37.1544 0.874175
815700 -16259.6 -20046.1 293.208 -101.832 0.874761
815800 -16152.8 -20024.9 299.84 101.308 0.876251
815900 -16144.8 -20037 301.393 245.197 0.877098
816000 -16215.1 -20063.7 298.025 24.4873 0.875686
816100 -16271 -20108 297.122 -245.234 0.873898
816200 -16267.1 -20081.7 295.389 47.0522 0.873842
816300 -16233.5 -20058.7 296.214 -232.713 0.874124
816400 -16199.2 -20064.8 299.337 -6.25093 0.876225
816500 -16211.2 -20069.8 298.794 113.628 0.879227
816600 -16255.4 -20126.9 299.793 100.763 0.881686
816700 -16302.1 -20095.6 293.75 -76.5534 0.883371
816800 -16250.2 -20118.5 299.544 184.179 0.885581
816900 -16126.3 -20084.9 306.534 481.373 0.886117
817000 -16131.6 -20024 301.409 137.274 0.882342
817100 -16221 -20045.2 296.134 -91.9285 0.876772
817200 -16231.4 -20068.6 297.145 -91.3373 0.871863
817300 -16206.6 -20013.4 294.779 -105.848 0.868038
817400 -16132.3 -20006.1 299.973 -301.652 0.865945
817500 -16102.7 -19977.5 300.054 -135.237 0.866632
817600 -16156.1 -20002.8 297.868 -150.81 0.868902
817700 -16277 -20104.3 296.365 -210.494 0.872636
817800 -16295.4 -20099.5 294.574 115.968 0.87756
817900 -16246.6 -20119 299.862 11.8024 0.881424
818000 -16229.5 -20080.2 298.186 -46.9074 0.884944
818100 -16241.3 -20121 300.431 125.469 0.888246
818200 -16318.9 -20154.6 297.027 177.1 0.889905
818300 -16375.6 -20176.8 294.354 197.345 0.890073
818400 -16334.6 -20162.7 296.427 193.153 0.8882
818500 -16235.1 -20088.4 298.386 120.908 0.88425
818600 -16220.4 -20117.9 301.808 8.56407 0.879683
818700 -16266.2 -20074.1 294.867 -4.89649 0.875546
818800 -16240.9 -20078.6 297.178 -136.402 0.872297
818900 -16152.4 -20026.5 299.999 -123.844 0.870625
819000 -16071.7 -20002.9 304.415 -98.0171 0.870204
819100 -16103 -19978.3 300.087 -400.876 0.871295
819200 -16146.5 -20043.1 301.732 1.40221 0.875349
819300 -16226.6 -20090.9 299.234 195.154 0.879227
819400 -16295.8 -20145.2 298.084 43.4529 0.881101
819500 -16317.8 -20114.3 293.986 55.0019 0.882119
819600 -16253.1 -20108.7 298.558 200.096 0.882314
819700 -16190.5 -20106 303.201 97.5042 0.880827
819800 -16269.3 -20055.7 293.211 -122.92 0.878594
819900 -16369.7 -20146.9 292.497 11.6839 0.877331
820000 -16311.6 -20106.1 293.824 -123.437 0.876483
820100 -16212.5 -20026.8 295.365 -116.174 0.876527
820200 -16154.1 -20014.4 298.921 -85.8541 0.877907
820300 -16132.2 -19979.9 297.949 -80.8875 0.880309
820400 -16111.7 -20014.9 302.254 182.33 0.882995
820500 -16193.5 -20068.3 300.045 128.38 0.883923
820600 -16287.6 -20118.1 296.623 85.7912 0.883513
820700 -16296 -20118 295.96 -51.7599 0.882626
820800 -16246.6 -20091.7 297.744 132.916 0.881754
820900 -16150 -20016.9 299.442 35.7718 0.87994
821000 -16107.1 -19993.2 300.921 -232.273 0.878013
821100 -16122.7 -19971.5 298.03 -54.5304 0.877875
821200 -16148.5 -20022.3 299.971 301.023 0.878261
821300 -16183.8 -20012.4 296.474 114.772 0.876254
821400 -16181.1 -20046.2 299.305 -174.067 0.873175
821500 -16187.5 -20025 297.158 138.788 0.871083
821600 -16190.5 -20038.2 297.952 -83.562 0.868592
821700 -16172.8 -19965.8 293.713 -241.405 0.867056
821800 -16094.6 -19989.1 301.572 -195.57 0.867757
821900 -16101.9 -19991 301.154 -54.9136 0.87028
822000 -16161.3 -20029.3 299.519 143.42 0.87306
822100 -16194.9 -20027.7 296.797 -93.1456 0.874706
822200 -16172 -20010 297.199 119.066 0.876382
822300 -16163 -20079.9 303.311 286.29 0.876711
822400 -16274.4 -20084.8 295.064 -17.3772 0.87498
822500 -16282.8 -20104.9 295.974 -30.4333 0.873309
822600 -16239.3 -20108.3 299.602 -25.3104 0.872138
822700 -16237.8 -20102.7 299.281 24.16 0.871416
822800 -16296.6 -20097.3 294.306 -88.9674 0.870969
822900 -16318.9 -20119.5 294.301 -53.5692 0.871149
823000 -16222.9 -20076.9 298.439 -201.831 0.871997
823100 -16160.5 -20055.4 301.606 -63.888 0.87444
823200 -16214.5 -20113.9 301.959 27.8757 0.877261
823300 -16286.9 -20118.1 296.675 155.768 0.879226
823400 -16289 -20119.8 296.644 201.204 0.879688
823500 -16250.7 -20113 299.082 -26.7231 0.878508
823600 -16175.5 -19996 295.847 33.4617 0.877188
823700 -16064.2 -19960.2 301.687 70.1163 0.87578
823800 -16090 -19966.8 300.203 -39.3688 0.87386
823900 -16158 -20009.3 298.232 -188.679 0.872396
824000 -16222.5 -20054.7 296.757 -27.6132 0.872755
824100 -16241 -20070.7 296.563 0.834989 0.873468
824200 -16210.6 -20065.3 298.496 -230.139 0.87444
824300 -16087.9 -19983.8 301.678 69.2762 0.877143
824400 -16078.5 -20025.7 305.657 224.182 0.879224
824500 -16188.1 -20048 298.901 -95.5369 0.879447
824600 -16258.4 -20084.7 296.3 109.688 0.880019
824700 -16279.1 -20103.5 296.146 142.908 0.879789
824800 -16224.9 -20030 294.656 -14.1373 0.878299
824900 -16110.4 -19966.8 298.628 125.675 0.876665
825000 -16085.6 -19978.5 301.455 -112.111 0.874303
825100 -16156.5 -20043.8 301.02 8.91332 0.872348
825200 -16233.6 -20054.6 295.882 -303.771 0.870909
825300 -16219.4 -20041.2 295.948 -147.944 0.872182
825400 -16166.7 -20054.1 301.03 41.2839 0.875001
825500 -16182 -20031.3 298.072 64.9278 0.877512
825600 -16290.3 -20120.5 296.597 140.447 0.87923
825700 -16362.8 -20172.5 295.003 112.117 0.879764
825800 -16348 -20195.7 297.951 116.203 0.879018
825900 -16278.6 -20078.4 294.246 -8.7458 0.877143
826000 -16178.8 -20082.9 302.32 103.277 0.875206
826100 -16214.7 -20075.5 298.967 -132.745 0.872545
826200 -16259.1 -20060.7 294.386 -207.406 0.870957
826300 -16206 -20041.3 296.993 -38.9892 0.871244
826400 -16122.7 -20014.3 301.353 -66.9622 0.872204
826500 -16127.8 -19984.5 298.651 122.562 0.873762
826600 -16143.3 -20009.6 299.389 205.853 0.874212
826700 -16182.8 -20045.2 299.091 -121.245 0.87292
826800 -16282.3 -20114.7 296.762 169.253 0.872107
826900 -16332.2 -20098.4 291.641 101.719 0.86983
827000 -16254.7 -20044.1 293.437 -345.741 0.866715
827100 -16162.1 -20019.4 298.696 5.63553 0.865921
827200 -16133.9 -20021.6 301.049 -190.272 0.865803
827300 -16177.3 -20019.7 297.542 21.8297 0.867063
827400 -16240.8 -20044.8 294.568 61.1028 0.868697
827500 -16295.4 -20133.1 297.179 -69.4655 0.870148
827600 -16381.5 -20169.8 293.349 -258.879 0.872745
827700 -16374.7 -20210.3 297.015 240.899 0.877981
827800 -16286.9 -20166.3 300.401 44.2915 0.882397
827900 -16196.8 -20056.7 298.895 212.181 0.886074
828000 -16173.5 -20067 301.5 447.13 0.887619
828100 -16214.2 -20063.3 298.06 298.45 0.88494
828200 -16221 -20032.8 295.171 -310.282 0.879818
828300 -16180.1 -20043 299.128 -169.391 0.877146
828400 -16175.2 -20074.6 301.956 -78.3491 0.876322
828500 -16270 -20073.9 294.556 -92.337 0.876196
828600 -16317.6 -20095.2 292.522 -110.695 0.877116
828700 -16280.6 -20105.4 296.175 51.6339 0.879286
828800 -16245.6 -20118.6 299.907 391.227 0.880596
828900 -16254.1 -20087.5 296.842 46.0855 0.87865
829000 -16251.6 -20074.5 296.028 -121.672 0.876232
829100 -16174.8 -20048.8 299.988 109.166 0.87464
829200 -16123.5 -20041.4 303.39 -144.511 0.872706
829300 -16193.5 -20025.3 296.716 -10.7215 0.871587
829400 -16235.2 -20051 295.483 -188.427 0.87106
829500 -16211.5 -20039.5 296.428 119.446 0.871857
829600 -16188.9 -20042.9 298.437 -124.072 0.872194
829700 -16191.6 -20065.4 299.971 -24.3607 0.873388
829800 -16278.4 -20113 296.94 -20.4444 0.874752
829900 -16359.4 -20175 295.461 -140.691 0.876502
830000 -16345.9 -20177.7 296.721 54.9746 0.879395
830100 -16300.7 -20169.4 299.577 135.642 0.881663
830200 -16258.4 -20138.6 300.464 133.682 0.882621
830300 -16217.4 -20115.9 301.887 -5.08315 0.882389
830400 -16242.4 -20098.6 298.611 124.082 0.881877
830500 -16303.7 -20113.9 295.052 278.15 0.880259
830600 -16300.5 -20135.2 296.945 -54.7323 0.876583
830700 -16214.3 -20095.7 300.557 -3.23363 0.873037
830800 -16140.8 -20013.6 299.896 -9.85799 0.869988
830900 -16148.5 -20038.5 301.222 -196.359 0.867837
831000 -16264 -20049.8 293.154 -105.699 0.867318
831100 -16288.1 -20120.6 296.776 -111.634 0.868038
831200 -16254.9 -20066.6 295.163 -63.7112 0.869525
831300 -16177.4 -20028.1 298.185 -48.6596 0.871413
831400 -16151.9 -20062.3 302.81 35.8807 0.873649
831500 -16199.9 -20046.9 297.898 177.749 0.87517
831600 -16223.9 -20084.7 298.964 76.0252 0.875047
831700 -16255.1 -20137.4 300.632 -54.2958 0.874253
831800 -16303.8 -20150.2 297.852 -106.159 0.874036
831900 -16318.8 -20165.1 297.845 -122.367 0.874718
832000 -16323 -20178.6 298.563 0.0705771 0.876489
832100 -16336.5 -20165.1 296.479 362.151 0.87779
832200 -16304.3 -20145.6 297.449 97.0232 0.876123
832300 -16168 -20050.7 300.665 -27.104 0.873398
832400 -16139.7 -20009.2 299.638 74.2027 0.870935
832500 -16156.7 -19983.2 296.314 -250.87 0.868618
832600 -16159.6 -20023.6 299.21 -350.846 0.868718
832700 -16177.6 -20033.7 298.601 -127.564 0.871885
832800 -16242.1 -20042.9 294.314 49.4208 0.876163
832900 -16258.6 -20100.2 297.476 127.713 0.879488
833000 -16256.4 -20119.3 299.125 315.997 0.880954
833100 -16277 -20120.4 297.617 22.8967 0.879748
833200 -16303.5 -20107.6 294.574 -65.8631 0.878103
833300 -16257.5 -20103 297.78 43.9777 0.877258
833400 -16171.8 -20040.6 299.579 291.562 0.875724
833500 -16138.1 -20020.6 300.649 -13.4765 0.872042
833600 -16188.5 -20038.4 298.12 -283.907 0.868931
833700 -16306.2 -20072.6 291.654 -234.534 0.868463
833800 -16296.2 -20084.6 293.362 -141.598 0.870471
833900 -16243.4 -20080.2 297.11 -31.9514 0.873526
834000 -16194.2 -20041.8 297.944 266.945 0.876535
834100 -16140.8 -20030.2 301.176 -0.386891 0.877337
834200 -16145.5 -20019.6 299.995 -177.529 0.877961
834300 -16243.4 -20055.2 295.171 55.0426 0.880077
834400 -16291.8 -20125.7 296.881 194.918 0.881545
834500 -16312.9 -20137.2 296.142 146.36 0.881386
834600 -16281.3 -20092.9 295.152 25.6255 0.879835
834700 -16168 -20020.6 298.332 177.971 0.877824
834800 -16115.4 -19999.3 300.756 -61.7018 0.874429
834900 -16136 -20002.7 299.426 -44.5963 0.871388
835000 -16226.9 -20055 296.433 72.7491 0.869025
835100 -16271.6 -20069 294.059 78.4342 0.8661
835200 -16230.7 -20024 293.74 -371.797 0.863175
835300 -16188.6 -20071.2 300.653 -45.854 0.863019
835400 -16217.8 -20059.1 297.449 -56.8377 0.863924
835500 -16254 -20070.8 295.558 -112.312 0.865233
835600 -16249.5 -20090.1 297.4 -76.565 0.867739
835700 -16196.3 -20079.6 300.707 262.133 0.870597
835800 -16179.8 -20062.3 300.651 145.604 0.870962
835900 -16217.7 -20047.5 296.567 -65.8926 0.86996
836000 -16267.2 -20053.7 293.211 -189.221 0.869688
836100 -16212.3 -20063.7 298.239 20.8893 0.870786
836200 -16131.3 -20012.6 300.549 -38.4681 0.871991
836300 -16136.3 -20019.9 300.728 91.7785 0.873319
836400 -16210.3 -20046.8 297.078 -47.5307 0.874096
836500 -16266.8 -20090.6 296.094 -164.181 0.875304
836600 -16268 -20099.4 296.689 84.3197 0.877783
836700 -16258.8 -20101.4 297.557 209.405 0.879468
836800 -16243.2 -20069.7 296.312 128.57 0.879235
836900 -16185.4 -20059.9 300.024 -149.514 0.878044
837000 -16145.2 -20013.2 299.528 -92.6123 0.877938
837100 -16130.5 -20003.9 299.943 63.2922 0.878693
837200 -16152.8 -19987.4 296.937 262.587 0.878719
837300 -16181 -20012.4 296.691 -43.4772 0.876786
837400 -16199.9 -20052.5 298.331 24.4518 0.874675
837500 -16246.2 -20046.5 294.281 -192.554 0.872487
837600 -16216 -20037.9 295.956 -113.68 0.871839
837700 -16119 -20004.7 300.893 175.417 0.872216
837800 -16097.4 -19959.8 299.087 76.6711 0.871232
837900 -16121.3 -19978.3 298.668 -260.759 0.869513
838000 -16234 -20030.3 293.97 -354.298 0.869962
838100 -16281.1 -20082.5 294.367 -50.8436 0.874236
838200 -16245.7 -20108.8 299.139 162.32 0.880086
838300 -16234.8 -20094.4 298.868 243.757 0.884787
838400 -16270.1 -20113.5 297.62 274.474 0.887319
838500 -16373.8 -20180.7 294.792 299.376 0.88715
838600 -16393.1 -20190.6 294.062 207.399 0.883688
838700 -16308.1 -20118 295.026 -243.836 0.87882
838800 -16223.3 -20064.1 297.412 95.1487 0.875703
838900 -16179.1 -20020.1 297.432 -131.328 0.872483
839000 -16135.8 -20007.6 299.815 -191.978 0.870471
839100 -16113.9 -19991.1 300.237 -100.453 0.870248
839200 -16143.2 -19988.5 297.768 57.1933 0.87085
839300 -16209.1 -20020.5 295.143 -114.983 0.87126
839400 -16215.1 -20031.2 295.502 56.4391 0.872666
839500 -16131.3 -19975.1 297.651 136.224 0.873784
839600 -16066.6 -20004 304.894 -39.9094 0.873617
839700 -16123.2 -19995.8 299.879 -120.858 0.87372
839800 -16179.2 -20034.8 298.562 64.532 0.874609
839900 -16213.7 -20053.6 297.35 70.4619 0.875019
840000 -16233.3 -20078.5 297.76 254.048 0.874388
840100 -16284.7 -20085.9 294.344 -121.754 0.871892
840200 -16323.8 -20111.9 293.339 -159.528 0.870445
840300 -16251.2 -20083.4 296.753 -44.0484 0.870472
840400 -16173.5 -20042.9 299.632 -77.0793 0.871169
840500 -16174.9 -20065.1 301.246 98.8408 0.87236
840600 -16253 -20124 299.752 -51.0492 0.873012
840700 -16307.5 -20136.7 296.517 178.447 0.873802
840800 -16301.6 -20142.6 297.431 148.249 0.872992
840900 -16267.7 -20113.9 297.832 -101.053 0.870718
841000 -16191.1 -20024.5 296.845 36.6392 0.869242
841100 -16094.8 -20005.3 302.812 -81.4147 0.867661
841200 -16113.6 -19988.4 300.049 -134.457 0.866551
841300 -16153.9 -19987.1 296.824 -125.883 0.866782
841400 -16156.4 -19988.9 296.771 18.4989 0.868037
841500 -16085.3 -19981.1 301.675 -49.6601 0.869592
841600 -16018.6 -19947.7 304.254 171.87 0.871566
841700 -16094.9 -19957.7 299.127 155.422 0.87233
841800 -16172 -20049.9 300.289 -60.5865 0.871632
841900 -16215.5 -20049.5 296.891 -20.2582 0.871467
842000 -16226.1 -20107.1 300.532 275.259 0.871046
842100 -16292.7 -20086.6 293.78 -174.09 0.868383
842200 -16305.4 -20066.8 291.266 -353.171 0.866845
842300 -16168.1 -19989.8 295.938 -115.663 0.868456
842400 -16120.2 -20008.2 301.073 159.756 0.871577
842500 -16150.6 -20016.8 299.388 -169.274 0.874366
842600 -16233 -20104.1 299.768 135.368 0.878387
842700 -16313 -20143.3 296.603 299.849 0.881545
842800 -16324.5 -20152.2 296.4 146.616 0.882119
842900 -16290.6 -20146.3 298.564 46.1248 0.880881
843000 -16190.7 -20043.1 298.312 -154.961 0.879348
843100 -16097.3 -20007.9 302.82 -42.939 0.879052
843200 -16151.6 -20016.9 299.318 189.987 0.878868
843300 -16212.9 -20063.6 298.185 -324.551 0.877773
843400 -16256.9 -20084.9 296.428 57.7992 0.878831
843500 -16259.7 -20072.8 295.274 85.0418 0.880027
843600 -16134.9 -20052.7 303.375 231.308 0.880029
843700 -16124.4 -19987.5 299.143 -21.017 0.878122
843800 -16167 -20023.3 298.624 -87.2275 0.876073
843900 -16225.8 -20049 296.054 -335.406 0.875066
844000 -16279.7 -20052.6 292.158 -163.366 0.877013
844100 -16248.2 -20095.9 297.95 186.684 0.880624
844200 -16176.1 -20035.8 298.88 117.826 0.88317
844300 -16104.8 -19973.4 299.566 223.933 0.884218
844400 -16098.8 -20015.1 303.263 192.181 0.883205
844500 -16174.2 -20002.6 296.451 186.948 0.880004
844600 -16177.3 -19986.3 294.953 -247.722 0.875355
844700 -16126.4 -19962.8 297.078 -313.743 0.872908
844800 -16082.4 -19960 300.266 12.108 0.873175
844900 -16099.1 -19974.4 300.083 -206.381 0.874126
845000 -16222.6 -19996.2 292.213 -91.1502 0.876612
845100 -16236.6 -20090.8 298.458 72.0662 0.879924
845200 -16247.2 -20081.5 296.911 192.601 0.882544
845300 -16223.6 -20051.6 296.427 -13.6146 0.883537
845400 -16112.3 -20035.9 303.828 191.674 0.884211
845500 -16140.1 -20068.7 304.214 217.308 0.882993
845600 -16210.8 -20025.1 295.366 -199.588 0.880253
845700 -16204.5 -20082.2 300.271 16.4011 0.879046
845800 -16230.9 -20056.9 296.269 -80.4367 0.878327
845900 -16260.7 -20086.1 296.225 268.58 0.877844
846000 -16251.6 -20069 295.606 -85.6254 0.875571
846100 -16169.8 -20010.5 297.412 48.7808 0.873794
846200 -16092 -19972.2 300.467 -8.37689 0.872531
846300 -16095.9 -19968.1 299.844 3.53219 0.871611
846400 -16151.6 -19946 293.823 -2.60499 0.870673
846500 -16127.6 -19967.4 297.339 -172.119 0.870131
846600 -16028.6 -19927.1 301.88 -30.7072 0.87102
846700 -16035.4 -19961.8 304.052 -59.9662 0.872226
846800 -16151.2 -20036.7 300.879 -48.9453 0.873653
846900 -16220.3 -20055.6 296.995 -144.9 0.875695
847000 -16233.3 -20063.8 296.62 68.3064 0.878521
847100 -16179.7 -20005.6 296.265 15.5649 0.880597
847200 -16094.8 -19992.2 301.801 79.0803 0.882255
847300 -16118.6 -20056.3 304.918 174.287 0.88277
847400 -16196.3 -20056.1 298.892 115.666 0.881693
847500 -16238 -20085.6 297.949 111.527 0.87959
847600 -16281.1 -20122.1 297.433 -199.525 0.876969
847700 -16306 -20088.4 292.895 -301.571 0.876381
847800 -16207.3 -20071.9 299.264 96.065 0.878281
847900 -16146.2 -20041.9 301.672 261.388 0.879247
848000 -16179.2 -20034.1 298.512 -14.0253 0.877912
848100 -16222.2 -20078.3 298.607 11.297 0.876395
848200 -16277.2 -20108.4 296.672 -220.262 0.875401
848300 -16386.2 -20132.9 290.125 37.8934 0.87592
848400 -16438.8 -20253 295.355 -229.843 0.876934
848500 -16388.6 -20234.2 297.789 15.4978 0.879784
848600 -16272.4 -20163.7 301.327 274.082 0.882395
848700 -16239.5 -20089.9 298.157 403.009 0.881909
848800 -16223.2 -20088.7 299.331 -72.8517 0.87819
848900 -16234.2 -20034 294.237 -165.012 0.875172
849000 -16191 -20030.3 297.3 -104.69 0.87384
849100 -16109.1 -20000.4 301.331 -115.307 0.873992
849200 -16104.1 -19963.2 298.831 130.802 0.874832
849300 -16169 -20026.3 298.691 53.5182 0.874653
849400 -16274.5 -20090.5 295.491 99.9721 0.874066
849500 -16275.3 -20090.1 295.404 -28.4857 0.872538
849600 -16219.6 -20044.4 296.174 -226.082 0.871308
849700 -16163 -20001.3 297.229 -182.358 0.872392
849800 -16141.4 -20007.4 299.364 -44.8325 0.875327
849900 -16153.4 -20036.5 300.691 174.558 0.877968
850000 -16192.9 -20013.8 295.876 171.732 0.878886
850100 -16185.2 -20026.7 297.473 -89.1106 0.878494
850200 -16172.8 -20033.8 298.977 -78.1971 0.878577
850300 -16172 -20013.6 297.48 -194.206 0.87956
850400 -16172.2 -20041.4 299.617 -13.3169 0.881918
850500 -16200.1 -20029.7 296.551 -54.7094 0.884486
850600 -16243 -20085.2 297.524 78.7419 0.887053
850700 -16324.9 -20101.3 292.43 173.526 0.888313
850800 -16308.4 -20123.3 295.414 81.8688 0.888011
850900 -16219.1 -20086.5 299.471 280.48 0.88676
851000 -16190.1 -20048.3 298.763 -7.2825 0.883626
851100 -16183.1 -20013.9 296.645 82.9315 0.880371
851200 -16171.1 -20044 299.903 -186.769 0.877406
851300 -16186.3 -20019.9 296.861 -150.253 0.876554
851400 -16207 -20073.4 299.403 164.76 0.876885
851500 -16316.6 -20098.9 292.883 143.274 0.875894
851600 -16324.6 -20104.9 292.735 8.80097 0.873853
851700 -16234.2 -20100.6 299.394 -257.933 0.872043
851800 -16191.5 -20030.7 297.292 -115.353 0.872557
851900 -16152.8 -20029.9 300.233 95.1071 0.874014
852000 -16142.5 -19969.8 296.37 -19.5175 0.874863
852100 -16101.6 -19982.2 300.496 229.673 0.875689
852200 -16099.5 -20016.9 303.35 148.141 0.874295
852300 -16193.7 -20033.3 297.317 -285.55 0.871798
852400 -16231.7 -20025.2 293.761 -46.4769 0.871411
852500 -16184.3 -20054.7 299.706 -60.0989 0.871918
852600 -16137.6 -19986.3 298.032 -40.8493 0.873116
852700 -16024.7 -19968.8 305.417 175.006 0.874393
852800 -16019.3 -19964.1 305.473 62.2575 0.874259
852900 -16102.5 -19955.7 298.376 -83.3895 0.873506
853000 -16139.7 -20022.2 300.647 -27.3243 0.87363
853100 -16220.5 -20061.6 297.44 8.43604 0.874149
853200 -16259.1 -20047.7 293.373 -111.937 0.874842
853300 -16204.9 -20050.3 297.771 55.2542 0.876141
853400 -16160.4 -20001.1 297.411 -79.8377 0.877252
853500 -16154 -20039.7 300.895 104.841 0.878958
853600 -16201.8 -20069.5 299.498 -86.6016 0.880324
853700 -16249.7 -20044.4 293.848 154.566 0.88214
853800 -16219.4 -20020.6 294.347 -98.6972 0.883154
853900 -16168.4 -20014.6 297.836 382.494 0.884223
854000 -16157.3 -19995.5 297.212 44.4536 0.882614
854100 -16128.8 -19998.6 299.664 -106.302 0.879736
854200 -16105.9 -19968.8 299.134 -78.9751 0.877592
854300 -16133.7 -19999.6 299.357 -181.192 0.876661
854400 -16213.3 -20046.3 296.815 106.894 0.876736
854500 -16260.1 -20044.4 293.045 0.28103 0.876301
854600 -16204.4 -20083.2 300.355 32.4987 0.875561
854700 -16131.7 -20017.9 300.934 -90.3754 0.874613
854800 -16031.1 -19929.7 301.892 -61.838 0.874271
854900 -15958.5 -19877.4 303.466 -25.1545 0.874564
855000 -16028.9 -19948.1 303.483 131.584 0.875053
855100 -16109.6 -19945 296.998 29.8514 0.874231
855200 -16111.2 -19958.8 297.944 -41.4047 0.873016
855300 -16109.3 -19972.4 299.144 -330.375 0.872612
855400 -16154 -20001.5 297.935 -80.1566 0.874851
855500 -16243.2 -20105.2 299.059 -91.5131 0.878775
855600 -16317.9 -20116.1 294.112 272.63 0.883513
855700 -16297.6 -20116.9 295.748 307.634 0.886015
855800 -16261.6 -20114.2 298.326 225.62 0.885569
855900 -16246 -20085.9 297.348 -11.6743 0.88304
856000 -16204.7 -20034.3 296.548 105.302 0.880108
856100 -16084.2 -20012.5 304.196 160.222 0.876232
856200 -16036.9 -19924.6 301.05 -327.311 0.871484
856300 -16071.5 -19950.6 300.384 -144.599 0.869669
856400 -16118.5 -19972.3 298.422 84.4865 0.869349
856500 -16158.3 -20027.8 299.638 -117.001 0.868646
856600 -16231.7 -20052.1 295.838 -164.167 0.868981
856700 -16262.4 -20086.7 296.139 -94.6157 0.870855
856800 -16222.2 -20110.7 301.107 20.0397 0.873822
856900 -16112 -20003.4 301.334 129.952 0.876239
857000 -16075.2 -19986.8 302.9 114.556 0.877295
857100 -16153.6 -20016.1 299.102 114.013 0.877177
857200 -16213.9 -20007.8 293.784 -94.7563 0.876253
857300 -16186 -20067.7 300.582 71.1912 0.87589
857400 -16188.2 -20015.5 296.374 -206.029 0.875399
857500 -16189.6 -20033.7 297.677 -110.646 0.87655
857600 -16173 -20041.9 299.591 113.469 0.878614
857700 -16193.2 -20062.7 299.636 43.0739 0.879935
857800 -16272.3 -20108.7 297.071 137.72 0.880733
857900 -16327.9 -20153.2 296.219 -20.0164 0.880124
858000 -16324.4 -20145.2 295.873 16.9511 0.879512
858100 -16209.5 -20116.7 302.562 310.939 0.878543
858200 -16176.4 -20034.4 298.749 -48.6359 0.875029
858300 -16193 -20044.9 298.276 -27.8925 0.871446
858400 -16249.1 -20049.9 294.32 -272.821 0.868828
858500 -16310.1 -20090.9 292.771 -191.498 0.868469
858600 -16262.4 -20099.7 297.145 -217.573 0.870361
858700 -16170.6 -20086.4 303.226 -5.2118 0.874327
858800 -16195.7 -20066.7 299.752 326.176 0.877936
858900 -16247.8 -20118.1 299.698 189.952 0.878406
859000 -16279.2 -20107.5 296.455 -81.6303 0.87709
859100 -16266.8 -20094.1 296.371 -38.5892 0.876384
859200 -16228.7 -20084.1 298.548 -73.3264 0.876322
859300 -16192.2 -20065.1 299.901 27.1083 0.876863
859400 -16200.5 -20055.8 298.541 120.406 0.877044
859500 -16225.6 -20064 297.226 -117.391 0.876459
859600 -16236 -20075.9 297.347 -120.141 0.876757
859700 -16240.5 -20092.1 298.251 28.7734 0.877853
859800 -16263.6 -20126 299.09 219.452 0.878572
859900 -16348 -20174.5 296.309 99.2597 0.877385
860000 -16387.5 -20156.1 291.825 -142.115 0.875687
860100 -16297.4 -20108 295.079 213.509 0.874896
860200 -16240.8 -20071 296.596 105.803 0.872615
860300 -16194.4 -20055.5 298.988 -107.96 0.869981
860400 -16161 -20013.1 298.293 -84.5931 0.868496
860500 -16111.7 -20004.4 301.435 -245.133 0.868236
860600 -16095.2 -19989.4 301.551 127.925 0.869563
860700 -16202.5 -20035.1 296.777 -168.506 0.870539
860800 -16239.8 -20068.9 296.512 -56.6516 0.872593
860900 -16226.7 -20086.3 298.873 -30.2247 0.875232
861000 -16227.1 -20086.3 298.848 126.785 0.877803
861100 -16275.4 -20129.1 298.415 146.024 0.878994
861200 -16361.2 -20179 295.634 -146.845 0.879
861300 -16386.1 -20181.1 293.874 -43.4109 0.880165
861400 -16297.7 -20120.8 296.048 158.791 0.881748
861500 -16226.1 -20098.5 299.859 216.796 0.881827
861600 -16247.6 -20145.8 301.864 4.60927 0.880063
861700 -16338.3 -20195.2 298.67 10.3549 0.877832
861800 -16378.4 -20155.3 292.471 -0.900841 0.875524
861900 -16310.2 -20127.6 295.604 -239.554 0.87385
862000 -16240.6 -20055.8 295.434 9.69515 0.874031
862100 -16188.8 -20043.7 298.504 68.387 0.874311
862200 -16166.2 -20029.5 299.159 107.468 0.873616
862300 -16173.5 -20043.8 299.703 -123.014 0.872432
862400 -16271.6 -20069.6 294.103 -184.003 0.872662
862500 -16301.5 -20129.1 296.4 -75.9094 0.874304
862600 -16272 -20120.5 298.016 88.5906 0.876733
862700 -16172.6 -20044.9 299.856 73.1121 0.878386
862800 -16115.2 -20008.9 301.512 -38.9177 0.879541
862900 -16140 -19992.3 298.313 218.125 0.880582
863000 -16190.8 -20045.9 298.525 104.656 0.879907
863100 -16321.4 -20104.4 292.937 150.279 0.877634
863200 -16341 -20153.7 295.246 -246.092 0.874437
863300 -16277.5 -20066.7 293.417 -157.467 0.873021
863400 -16196.3 -20074.2 300.291 25.9031 0.873018
863500 -16205.2 -20075.4 299.69 -53.7334 0.873336
863600 -16260.6 -20103.2 297.56 9.79356 0.874052
863700 -16338.2 -20119.6 292.821 38.8186 0.874757
863800 -16342 -20165 296.039 104.658 0.875224
863900 -16225.3 -20101.5 300.158 -73.8747 0.874839
864000 -16191.1 -20093.8 302.212 -14.6837 0.874662
864100 -16257.9 -20102.5 297.713 -115.774 0.87507
864200 -16314.9 -20159.1 297.676 273.767 0.876384
864300 -16345.5 -20174.6 296.509 236.651 0.875459
864400 -16327 -20145.3 295.67 16.8691 0.871517
864500 -16180.3 -20001.4 295.89 -257.389 0.866853
864600 -16106.4 -19997 301.28 -153.303 0.864236
864700 -16152.7 -20019.4 299.42 -12.2906 0.863018
864800 -16216.9 -20043.8 296.344 -304.939 0.862366
864900 -16236.7 -20046.8 295.043 -84.7223 0.863771
865000 -16195.2 -20060.1 299.285 -146.807 0.866979
865100 -16137.5 -20028.1 301.274 59.1745 0.87173
865200 -16138.3 -19997 298.802 107.035 0.875954
865300 -16208.3 -20074.8 299.409 257.488 0.878932
865400 -16302 -20115.3 295.289 122.383 0.879506
865500 -16313.9 -20151.7 297.183 222.832 0.878534
865600 -16309 -20169.1 298.911 -115.896 0.876087
865700 -16331.8 -20123.1 293.587 67.0111 0.874143
865800 -16263.9 -20107.8 297.658 -89.9741 0.871961
865900 -16184 -20044.6 298.947 47.427 0.870332
866000 -16151.7 -20011 298.847 -16.1146 0.868753
866100 -16117.4 -19976.1 298.799 -128.363 0.867329
866200 -16034 -19926 301.382 -106.568 0.866996
866300 -15987.3 -19891.4 302.316 181.171 0.867438
866400 -16056.7 -19918.6 299.051 -219.508 0.867041
866500 -16152.8 -19979.9 296.357 -112.279 0.868365
866600 -16166.8 -20037.3 299.721 200.358 0.870718
866700 -16197.5 -20036.4 297.27 82.8654 0.871297
866800 -16268.4 -20107.3 297.271 -124.786 0.871165
866900 -16362 -20133.1 292.018 104.88 0.871915
867000 -16325.3 -20153.5 296.438 79.2604 0.871873
867100 -16286.3 -20121 296.95 19.0815 0.871096
867200 -16256.3 -20108.4 298.292 -60.164 0.870128
867300 -16236.4 -20087.8 298.236 38.113 0.869192
867400 -16194.7 -20045.6 298.197 -155.642 0.868362
867500 -16093.5 -20013.3 303.541 -116.596 0.868946
867600 -16086.6 -19951.1 299.25 200.213 0.870139
867700 -16149.5 -19987.3 297.184 -85.0462 0.870194
867800 -16232.4 -20058.1 296.244 -353.738 0.871376
867900 -16260.9 -20077.6 295.55 122.891 0.87574
868000 -16198.4 -20073.8 300.093 119.236 0.880078
868100 -16084.9 -20014.7 304.31 195.963 0.88334
868200 -16127 -20003.3 300.168 255.615 0.884785
868300 -16205.6 -20054.4 298.037 78.4904 0.883826
868400 -16229.3 -20058.5 296.518 -94.7627 0.881927
868500 -16222.5 -20072.3 298.11 -161.244 0.880725
868600 -16228.1 -20094.2 299.375 9.87111 0.880898
868700 -16315.4 -20118 294.461 183.332 0.880934
868800 -16385.5 -20160.9 292.354 -112.903 0.87957
868900 -16320.8 -20168.7 297.96 91.2489 0.878523
869000 -16261.8 -20116.3 298.472 3.94015 0.876779
869100 -16236.4 -20083 297.863 45.3895 0.874541
869200 -16186.3 -20037.6 298.229 -80.0692 0.871932
869300 -16052.9 -19954 302.088 111.96 0.869316
869400 -16039.9 -19912.9 299.91 -419.618 0.866062
869500 -16073.6 -19921.7 297.98 -187.742 0.866004
869600 -16133.1 -19960.4 296.367 -289.17 0.868342
869700 -16237.3 -20038.6 294.357 -240.982 0.873848
869800 -16270.4 -20100.8 296.609 412.381 0.881307
869900 -16254.7 -20093.4 297.257 264.083 0.884954
870000 -16159.8 -20027.6 299.508 169.48 0.885319
870100 -16067.8 -19969.2 302.106 176.468 0.883935
870200 -16112 -20007.4 301.642 133.029 0.881155
870300 -16199.7 -20019.9 295.819 168.325 0.87746
870400 -16197.8 -19992.6 293.85 62.7215 0.872756
870500 -16109.7 -19934.4 296.174 -439.777 0.868802
870600 -16054 -19909.4 298.547 -123.461 0.868884
870700 -16064.2 -19964.9 302.054 53.7652 0.870188
870800 -16151.6 -19981.9 296.598 71.8837 0.870892
870900 -16191.2 -20036.4 297.753 -140.558 0.871252
871000 -16205.1 -20059.7 298.486 -125.754 0.872636
871100 -16223.9 -20081.6 298.73 -101.508 0.875408
871200 -16292.9 -20094.5 294.382 211.824 0.878543
871300 -16367.7 -20154.7 293.25 148.933 0.879931
871400 -16319.2 -20107.7 293.368 23.0304 0.879775
871500 -16220.8 -20068.9 297.98 137.452 0.878972
871600 -16198.6 -20084.1 300.885 26.9553 0.877016
871700 -16228.1 -20027.7 294.223 -127.393 0.874894
871800 -16200.9 -20060.6 298.878 -215.848 0.87437
871900 -16122.9 -20026.4 302.277 68.2135 0.875363
872000 -16110 -19986.5 300.179 -195.801 0.876361
872100 -16189.4 -20031.6 297.525 -92.6366 0.879112
872200 -16264.7 -20081.7 295.571 293.475 0.882296
872300 -16273.8 -20144.7 299.748 196.863 0.882787
872400 -16308.9 -20062.9 290.696 -274.422 0.881787
872500 -16224.5 -20088.8 299.236 103.741 0.882504
872600 -16185.2 -20087.6 302.185 265.799 0.882604
872700 -16250.2 -20095.3 297.746 63.3572 0.880398
872800 -16297.9 -20095.6 294.081 163.272 0.877186
872900 -16238.3 -20038.2 294.25 -220.106 0.873237
873000 -16115.7 -19937.4 295.941 -79.8349 0.870815
873100 -16084.5 -19970 300.883 -100.776 0.869617
873200 -16124.3 -19951.1 296.332 -156.068 0.869728
873300 -16166.5 -20019.9 298.387 -141.661 0.871248
873400 -16224.9 -20037.6 295.246 -42.7151 0.874073
873500 -16251 -20082 296.656 224.358 0.876824
873600 -16279.2 -20116.7 297.161 -156.177 0.877911
873700 -16317.4 -20149.2 296.72 142.597 0.879372
873800 -16328.5 -20131.5 294.494 -48.4412 0.879784
873900 -16249.2 -20107.9 298.806 194.24 0.880131
874000 -16189.8 -20089.6 301.981 57.5078 0.879132
874100 -16233.3 -20111.5 300.311 255.948 0.877207
874200 -16304 -20157.7 298.413 99.5961 0.873697
874300 -16323 -20160.9 297.193 -55.5946 0.869938
874400 -16295.8 -20112.7 295.563 -311.821 0.867818
874500 -16214 -20095.7 300.585 123.57 0.867974
874600 -16180.9 -20043.5 299.106 -150.587 0.867811
874700 -16187 -20048.6 299.03 209.051 0.868491
874800 -16204.3 -20056.3 298.285 -121.421 0.867824
874900 -16210.8 -20061.4 298.18 -94.6521 0.867949
875000 -16239.2 -20102.4 299.15 -46.2912 0.8691
875100 -16316.9 -20124.2 294.817 -150.396 0.870686
875200 -16376.6 -20195.8 295.743 -25.8333 0.873301
875300 -16466.3 -20256.7 293.515 186.563 0.875934
875400 -16458 -20247.6 293.451 113.661 0.877046
875500 -16332.4 -20195.3 299.126 296.367 0.876465
875600 -16297.1 -20164.4 299.469 -176.531 0.873922
875700 -16304.3 -20136.5 296.751 -46.1025 0.872541
875800 -16281.2 -20161 300.435 76.5479 0.871675
875900 -16280.6 -20121.2 297.405 -92.9982 0.870227
876000 -16280.8 -20096.2 295.445 -212.714 0.869732
876100 -16219.4 -20078.6 298.838 16.2398 0.871119
876200 -16163 -20058.6 301.664 177.187 0.872551
876300 -16196.7 -20043.8 297.9 -111.988 0.872746
876400 -16294.4 -20094.9 294.3 -38.3949 0.873382
876500 -16352.6 -20156 294.525 -45.2326 0.874618
876600 -16314.5 -20168.2 298.418 29.463 0.876503
876700 -16203.9 -20109 302.398 141.199 0.878041
876800 -16216 -20087.1 299.762 208.531 0.878054
876900 -16282.2 -20121.5 297.301 172.163 0.87595
877000 -16324.2 -20118.2 293.798 -159.462 0.8724
877100 -16232.6 -20049.5 295.567 -41.0457 0.869909
877200 -16132.6 -20000.2 299.492 -158.299 0.868093
877300 -16115.7 -19963.6 297.967 -151.068 0.8678
877400 -16107 -19971.8 299.275 37.5582 0.869036
877500 -16132.1 -20001.2 299.603 34.9165 0.870083
877600 -16221.6 -20034.1 295.225 -305.762 0.871201
877700 -16244 -20055.3 295.138 -22.2452 0.874761
877800 -16184.5 -20056.9 299.866 274.831 0.87881
877900 -16064.3 -19981.5 303.335 235.736 0.880266
878000 -16051.2 -19963.9 302.986 137.445 0.87927
878100 -16121.3 -19993.3 299.835 40.0364 0.877124
878200 -16166.5 -20023.8 298.692 -22.4024 0.874559
878300 -16200.9 -20045.7 297.725 -107.761 0.872219
878400 -16264.9 -20103.1 297.214 -263.269 0.871433
878500 -16356.6 -20108.6 290.543 4.50908 0.872669
878600 -16298.5 -20097.5 294.181 -92.5587 0.874191
878700 -16192.9 -20038.6 297.797 224.281 0.875858
878800 -16168.1 -20059.8 301.357 51.9475 0.875884
878900 -16226.4 -20087.5 298.985 -118.29 0.875496
879000 -16285.6 -20072 293.207 -143.684 0.876223
879100 -16253.4 -20124.5 299.768 215.079 0.878113
879200 -16218.8 -20078.5 298.876 52.9287 0.878327
879300 -16131.7 -20023.9 301.396 -41.5353 0.877721
879400 -16100 -20016.8 303.3 112.745 0.877303
879500 -16189.9 -20050.6 298.96 -54.274 0.876184
879600 -16241.4 -20056.6 295.431 -258.149 0.875895
879700 -16208.6 -20038.6 296.576 110.488 0.877392
879800 -16165.5 -20025 298.862 -63.26 0.878306
879900 -16144.1 -19984.5 297.388 -17.7894 0.879522
880000 -16034.3 -19915.9 300.574 102.576 0.880967
880100 -15962.9 -19902.8 305.096 454.125 0.880996
880200 -16046.8 -19879.7 296.801 74.0868 0.877153
880300 -16068.1 -19889.7 295.93 -376.31 0.87296
880400 -16038.7 -19925.7 300.996 84.9663 0.87172
880500 -16072.4 -19919.6 297.912 -17.3823 0.870337
880600 -16172.7 -19980.9 294.895 -250.448 0.869635
880700 -16183.2 -19994.7 295.15 50.8072 0.87043
880800 -16118.8 -19971.6 298.346 -106.28 0.871429
880900 -16060.2 -19959.9 301.978 72.9883 0.873209
881000 -16095.6 -19978.3 300.667 -1.1508 0.874206
881100 -16214.3 -20036.3 295.964 -220.678 0.875317
881200 -16248.8 -20058.4 294.997 102.689 0.877871
881300 -16199.1 -20029.3 296.598 60.9938 0.879652
881400 -16109.1 -19982.1 299.915 368.769 0.880384
881500 -16099.8 -20012.7 303.004 120.1 0.878066
881600 -16158.8 -19988.4 296.55 62.1468 0.874503
881700 -16168 -20002 296.887 -77.4036 0.871014
881800 -16141.2 -20007.4 299.384 -226.959 0.868866
881900 -16139.3 -20009.7 299.709 133.458 0.868579
882000 -16257.3 -20048.6 293.583 -184.673 0.867865
882100 -16264.2 -20050 293.16 -252.114 0.86895
882200 -16180 -20024.3 297.686 61.8488 0.871694
882300 -16133.3 -19991.1 298.727 164.232 0.873742
882400 -16127.4 -20022.9 301.654 35.6257 0.874257
882500 -16231.7 -20066.4 296.946 -13.4296 0.874119
882600 -16295.2 -20101.9 294.78 219.149 0.873915
882700 -16251.8 -20063.9 295.189 36.007 0.872153
882800 -16167.5 -20005.7 297.213 -122.631 0.870095
882900 -16116.1 -19983.8 299.502 -46.1522 0.869025
883000 -16132 -20008.6 300.192 -108.359 0.868886
883100 -16184 -20024.7 297.407 -16.2078 0.869687
883200 -16244.8 -20091.7 297.892 8.75396 0.870564
883300 -16383.3 -20143.6 291.187 -32.218 0.871356
883400 -16375.1 -20125.6 290.419 -110.644 0.872456
883500 -16279 -20132.5 298.402 194.743 0.87431
883600 -16237.4 -20098.4 298.981 65.8578 0.874554
883700 -16234.1 -20088 298.43 3.94092 0.87414
883800 -16232.3 -20065.5 296.826 10.8075 0.873582
883900 -16201.4 -20053.8 298.313 -164.487 0.873062
884000 -16140.8 -20017.2 300.17 -170.736 0.874384
884100 -16125.2 -20010.3 300.846 143.378 0.877005
884200 -16194.5 -20017.3 296.022 154.893 0.878399
884300 -16275.1 -20090.6 295.457 196.298 0.878232
884400 -16308.8 -20102.8 293.797 63.3646 0.876064
884500 -16238.7 -20061.2 296 -137.767 0.873199
884600 -16147.6 -20034.7 301 -232.145 0.871887
884700 -16159.8 -20034.8 300.069 -48.5532 0.872725
884800 -16234 -20080.3 297.844 12.4347 0.874296
884900 -16304.6 -20122.5 295.649 38.4555 0.875736
885000 -16306.5 -20125.9 295.754 314.832 0.876534
885100 -16256 -20112.7 298.652 167.208 0.874792
885200 -16205.6 -20072.1 299.41 -168.681 0.871288
885300 -16165.1 -20024.8 298.877 -102.711 0.86915
885400 -16087.3 -20004.4 303.326 88.007 0.86782
885500 -16114.7 -19991.7 300.223 -20.4415 0.865478
885600 -16202.9 -20032.2 296.52 -470.619 0.863879
885700 -16232.9 -20014.8 292.849 -317.455 0.866687
885800 -16153.9 -20030.2 300.163 254.779 0.872295
885900 -16128.7 -20004.3 300.111 345.738 0.875312
886000 -16160.2 -20029.5 299.625 147.561 0.874844
886100 -16234.1 -20088.2 298.444 59.5682 0.873047
886200 -16278.7 -20124.8 297.827 -115.52 0.871506
886300 -16284.5 -20123.8 297.296 166.605 0.870783
886400 -16266.8 -20093 296.285 90.5732 0.869033
886500 -16200.8 -20064.2 299.167 -291.474 0.867444
886600 -16117.9 -19972.8 298.513 -268.323 0.868341
886700 -16070.5 -19965.4 301.613 152.339 0.871225
886800 -16116.9 -20021.3 302.34 156.322 0.872741
886900 -16169.6 -20030.6 298.98 -1.21836 0.872723
887000 -16207.3 -20069.2 299.049 -13.3034 0.872479
887100 -16259.9 -20067.5 294.848 -118.922 0.87238
887200 -16246.4 -20076.5 296.586 -188.394 0.873526
887300 -16163.9 -20060.1 301.705 -47.2429 0.8763
887400 -16133.6 -20051.6 303.395 511.073 0.878688
887500 -16259.4 -20118.9 298.868 60.0406 0.877147
887600 -16308.8 -20100.8 293.642 -250.463 0.874931
887700 -16243.2 -20105.8 299.104 20.8646 0.874752
887800 -16204.7 -20079.1 300.023 -108.029 0.874876
887900 -16219.6 -20048.7 296.505 89.4984 0.875531
888000 -16232.2 -20069.1 297.116 87.372 0.875632
888100 -16232.5 -20085.4 298.355 -98.6728 0.875172
888200 -16232.3 -20084.7 298.313 117.897 0.875126
888300 -16244.9 -20100.9 298.589 77.1184 0.874175
888400 -16278.4 -20081.4 294.494 -73.0437 0.872549
888500 -16262.7 -20068.4 294.697 -196.637 0.871707
888600 -16157.4 -20023.2 299.355 -175.405 0.872764
888700 -16137.3 -20049.4 302.936 75.545 0.87544
888800 -16204.2 -20050.2 297.821 -44.2779 0.877668
888900 -16252 -20111.7 298.878 138.33 0.879889
889000 -16275.8 -20133.4 298.723 205.972 0.880837
889100 -16305.2 -20187.6 300.643 -72.3229 0.879967
889200 -16342.7 -20170 296.368 -74.0622 0.879623
889300 -16323.7 -20148.6 296.192 53.5935 0.87993
889400 -16276.3 -20108.3 296.733 221.795 0.8797
889500 -16239.3 -20101.2 299.046 46.3273 0.877778
889600 -16238.4 -20098.4 298.901 3.61461 0.874996
889700 -16239.3 -20054.6 295.44 -238.806 0.872397
889800 -16214.7 -20089.6 300.053 -120.467 0.871984
889900 -16237.7 -20097.4 298.88 -103.848 0.872866
890000 -16312.6 -20116.2 294.539 -227.17 0.874919
890100 -16388.6 -20182.4 293.772 -69.7317 0.879141
890200 -16428.7 -20211.3 292.912 311.247 0.883568
890300 -16362.1 -20190.5 296.454 166.371 0.885445
890400 -16287.6 -20183.2 301.657 213.54 0.885084
890500 -16308.8 -20173.7 299.284 -112.275 0.8833
890600 -16366.4 -20160.3 293.783 35.7545 0.88214
890700 -16347.9 -20171.3 296.07 -219.684 0.881317
890800 -16248.6 -20161.3 302.986 153.349 0.881878
890900 -16260 -20119.5 298.864 -48.3203 0.881728
891000 -16307.5 -20136.5 296.503 1.06343 0.881654
891100 -16389.4 -20156.7 291.729 59.3547 0.881594
891200 -16414 -20204.6 293.531 -141.591 0.881454
891300 -16319.9 -20197.2 300.245 132.92 0.882133
891400 -16277.1 -20130.6 298.401 115.237 0.881693
891500 -16269.2 -20114.3 297.746 140.517 0.880066
891600 -16256.8 -20123.2 299.4 -82.8203 0.877417
891700 -16245.6 -20068.5 296.03 -66.3474 0.875455
891800 -16192.3 -20068.2 300.14 97.8496 0.874275
891900 -16157.3 -19985 296.398 121.501 0.872276
892000 -16104.6 -20024.2 303.522 -103.977 0.869771
892100 -16144 -19997.6 298.412 -23.0931 0.868113
892200 -16256.7 -20090 296.835 -343.723 0.867384
892300 -16281.2 -20090.9 295.009 -216.366 0.869691
892400 -16237.6 -20086 298.006 20.3675 0.873638
892500 -16208.5 -20090.9 300.638 -39.171 0.877062
892600 -16262.7 -20107.1 297.693 -24.8403 0.880175
892700 -16374.2 -20179.8 294.69 286.221 0.88255
892800 -16388.2 -20215.8 296.394 176.14 0.88235
892900 -16341.5 -20189.7 297.992 14.0302 0.880546
893000 -16253 -20149.1 301.703 206.679 0.878447
893100 -16177.4 -20050.8 299.939 -19.2407 0.875015
893200 -16053.3 -19943.1 301.21 -203.957 0.872115
893300 -16039.5 -19915.4 300.13 -193.186 0.87178
893400 -16098.9 -19993.5 301.581 -178.783 0.873331
893500 -16197.8 -20053.4 298.567 79.8932 0.876074
893600 -16233.1 -20085.9 298.348 363.69 0.877835
893700 -16245.4 -20052.9 294.839 77.7838 0.876545
893800 -16171.7 -20022.4 298.181 -23.7605 0.874187
893900 -16106.7 -19995.9 301.169 -91.0079 0.872198
894000 -16131 -20006.5 300.11 61.74 0.870954
894100 -16176 -20042.3 299.394 -95.9707 0.869582
894200 -16205.8 -20058.7 298.358 -297.433 0.869461
894300 -16220.3 -20078.3 298.747 211.811 0.87126
894400 -16248.2 -20087.2 297.279 105.018 0.87166
894500 -16279.4 -20082.6 294.507 -157.98 0.871459
894600 -16259.7 -20076.8 295.583 -34.6638 0.872275
894700 -16172.8 -20054.7 300.602 105.251 0.873359
894800 -16142.7 -19997.9 298.532 137.734 0.873325
894900 -16137.6 -19990.2 298.328 -93.8458 0.872081
895000 -16151.6 -20016.5 299.282 -47.9861 0.871672
895100 -16217.2 -20050.4 296.826 104.856 0.871677
895200 -16274.3 -20066.6 293.66 -51.3918 0.87098
895300 -16222.2 -20072.6 298.16 -174.121 0.870686
895400 -16144.1 -20052.5 302.648 -31.1751 0.872286
895500 -16196.3 -20082.3 300.92 91.6384 0.874362
895600 -16305 -20125.6 295.848 -87.5534 0.875723
895700 -16318.5 -20194.6 300.15 139.474 0.877467
895800 -16371.7 -20195.4 296.09 152.317 0.878326
895900 -16398.9 -20167.8 291.849 218.216 0.877734
896000 -16292 -20096.1 294.576 100.999 0.874914
896100 -16210.8 -20057.3 297.864 -109.218 0.870381
896200 -16165.9 -20040.4 300.033 -232.353 0.866687
896300 -16158.4 -19978.2 295.787 52.6503 0.864945
896400 -16110.5 -19968.4 298.746 -307.358 0.863323
896500 -16031.4 -19916.4 300.844 -302.924 0.864176
896600 -16017 -19941 303.856 -47.726 0.868036
896700 -16147.8 -20013.8 299.369 70.8796 0.873123
896800 -16214.7 -20057.1 297.541 409.756 0.877453
896900 -16245.9 -20067.1 295.896 229.336 0.878353
897000 -16236.6 -20105.3 299.579 41.2995 0.876667
897100 -16217.8 -20025.3 294.837 -141.825 0.874468
897200 -16120.8 -20005.1 300.788 -239.98 0.873876
897300 -16090.6 -19963.6 299.91 78.8958 0.875255
897400 -16118.8 -19951.3 296.77 120.945 0.876073
897500 -16158.8 -19998.9 297.359 157.874 0.875627
897600 -16257.6 -20096.9 297.298 29.751 0.873942
897700 -16306 -20096 293.482 143.445 0.871423
897800 -16235.7 -20047.3 295.16 -173.109 0.867838
897900 -16148.3 -19964.3 295.503 -55.0405 0.865269
898000 -16100.5 -19964 299.174 -363.085 0.86392
898100 -16079 -19950.7 299.812 -385.705 0.865944
898200 -16112.6 -19954.3 297.48 -92.3793 0.871635
898300 -16207.4 -20028.3 295.874 269.203 0.877845
898400 -16270.1 -20099.6 296.547 184.116 0.881091
898500 -16305.6 -20149.6 297.664 139.735 0.881952
898600 -16375.5 -20162.8 293.278 -187.54 0.881827
898700 -16424.5 -20200.6 292.407 -21.595 0.882773
898800 -16346 -20156.5 295.07 177.088 0.883829
898900 -16250.1 -20067.2 295.579 186.247 0.883128
899000 -16199.6 -20074.2 300.03 12.6855 0.881032
899100 -16203.1 -20058.4 298.543 -69.7261 0.878953
899200 -16236.8 -20050.8 295.342 -159.589 0.877853
899300 -16249.2 -20095.4 297.83 -100.295 0.87831
899400 -16269.8 -20108.4 297.252 143.999 0.879374
899500 -16274.1 -20098.8 296.169 -10.5941 0.879478
899600 -16217.4 -20049.6 296.754 -54.0365 0.879551
899700 -16123.8 -19988.5 299.271 68.4015 0.880127
899800 -16092.2 -19961.1 299.593 231.661 0.87989
899900 -16108.4 -19978.4 299.677 -46.1886 0.87771
900000 -16205.9 -20031.7 296.253 -236.073 0.875925
900100 -16289.3 -20094.6 294.666 -62.065 0.876231
900200 -16270.9 -20116.4 297.782 190.431 0.877117
900300 -16246.7 -20067 295.832 16.365 0.876569
900400 -16149.4 -19995.4 297.819 -79.2706 0.875747
900500 -16082.6 -19959.7 300.229 60.4536 0.875387
900600 -16105.4 -19972.6 299.463 -211.497 0.875101
900700 -16157.3 -19984.6 296.369 68.0689 0.876287
900800 -16212.3 -20025.4 295.266 102.064 0.877088
900900 -16284.6 -20075.1 293.522 10.6217 0.876976
901000 -16303.9 -20115.6 295.161 -6.96915 0.876832
901100 -16249.5 -20103.7 298.457 -57.3968 0.876725
901200 -16165.2 -20035.9 299.736 91.6626 0.876988
901300 -16119.3 -19991.8 299.865 255.422 0.8764
901400 -16107.3 -19983.5 300.159 -140.127 0.873527
901500 -16162.5 -19969.8 294.82 -200.788 0.871192
901600 -16204.5 -19996.3 293.623 -71.4145 0.870638
901700 -16157.5 -20026.1 299.568 -272.183 0.871359
901800 -16121.2 -20029.6 302.653 58.2998 0.87465
901900 -16214 -20063.5 298.097 238.039 0.878186
902000 -16289.4 -20130.6 297.445 84.435 0.879883
902100 -16307 -20140.3 296.842 147.728 0.880752
902200 -16310.5 -20166.6 298.605 151.562 0.880435
902300 -16304.2 -20126.2 295.966 -55.4824 0.878484
902400 -16215.4 -20072.1 298.653 -22.6966 0.876239
902500 -16138 -19985.8 297.958 -180.305 0.874048
902600 -16109.9 -19987.5 300.264 -47.5028 0.873077
902700 -16162.2 -20038.2 300.144 -149.229 0.872901
902800 -16290.2 -20133.4 297.598 144.835 0.873664
902900 -16320.7 -20107.7 293.254 -172.843 0.87383
903000 -16252.6 -20116 299.161 102.017 0.875068
903100 -16225 -20124.4 301.957 120.407 0.875939
903200 -16292 -20131.5 297.312 111.016 0.875621
903300 -16305.5 -20086.7 292.804 -11.9409 0.874047
903400 -16253.7 -20055.5 294.403 -92.3049 0.872401
903500 -16184.8 -20005.6 295.866 -171.592 0.87182
903600 -16118.7 -19981.8 299.147 147.266 0.872253
903700 -16097.9 -19953.7 298.579 -206.135 0.872023
903800 -16102.3 -19968.7 299.397 -46.8644 0.873389
903900 -16175.7 -20024.2 298.007 -23.3586 0.875607
904000 -16269.8 -20104.6 296.952 -102.705 0.878369
904100 -16302.8 -20120.6 295.64 262.408 0.881779
904200 -16274 -20143.5 299.645 276.429 0.88334
904300 -16223.5 -20108.4 300.827 262.852 0.881803
904400 -16182.4 -20077.6 301.623 -267.368 0.878239
904500 -16191.3 -20021.2 296.574 -8.08139 0.876463
904600 -16198 -20029.5 296.692 -307.352 0.875516
904700 -16165.4 -20057.7 301.405 77.3779 0.876795
904800 -16188.8 -20051.9 299.146 217.678 0.877595
904900 -16281.2 -20114.6 296.842 -87.3914 0.876762
905000 -16328.6 -20137.3 294.934 19.8881 0.876317
905100 -16285.6 -20088.5 294.487 178.657 0.875495
905200 -16198.2 -20059.1 298.97 -245.25 0.873555
905300 -16176.5 -20007.6 296.67 -218.948 0.873668
905400 -16143.8 -20012.1 299.552 76.0949 0.87562
905500 -16140.4 -19998 298.717 -11.2139 0.877289
905600 -16194.9 -20030.9 297.051 -1.04373 0.8792
905700 -16278 -20090.8 295.249 130.255 0.881172
905800 -16312.6 -20140 296.381 306.974 0.881791
905900 -16274.1 -20121.8 297.947 -2.47918 0.879913
906000 -16171.6 -20066.2 301.58 16.2389 0.877275
906100 -16160.7 -20046.5 300.902 -137.411 0.874614
906200 -16227.9 -20061.1 296.83 -109.625 0.87277
906300 -16307.5 -20091.4 293.013 -392.849 0.87242
906400 -16310.9 -20125.4 295.382 -8.06118 0.875447
906500 -16219.1 -20120.7 302.125 208.129 0.879334
906600 -16217.7 -20110.6 301.447 253.6 0.881813
906700 -16300.5 -20133.4 296.807 39.9274 0.882213
906800 -16329.4 -20139.5 295.04 119.197 0.881595
906900 -16271.7 -20110.6 297.274 188.875 0.879351
907000 -16169.1 -20043.1 299.987 -40.8545 0.874913
907100 -16153.9 -20020.5 299.416 -289.339 0.870444
907200 -16172.5 -20005.2 296.787 -446.802 0.868642
907300 -16175 -20012.2 297.135 -109.174 0.870973
907400 -16139.8 -20033.6 301.518 67.8728 0.874902
907500 -16128.3 -20004.9 300.194 160.731 0.878516
907600 -16182.2 -20041.8 298.872 82.4282 0.880927
907700 -16264.6 -20091.3 296.322 -14.6752 0.882534
907800 -16298.6 -20147.5 298.047 168.812 0.884074
907900 -16334 -20137.8 294.553 -15.3198 0.884531
908000 -16308.1 -20143.1 296.968 137.487 0.884388
908100 -16216.5 -20074.4 298.739 -6.84927 0.883353
908200 -16159 -20051.6 301.428 -42.5838 0.882124
908300 -16198.1 -20092.5 301.564 79.4276 0.880834
908400 -16297.9 -20089.1 293.57 95.4492 0.878614
908500 -16269.4 -20080.1 295.081 -162.607 0.875185
908600 -16206.5 -20090.3 300.747 -128.007 0.872693
908700 -16211.2 -20067.4 298.612 -267.982 0.87137
908800 -16266.2 -20075.5 294.982 -83.6182 0.872097
908900 -16354.6 -20147.3 293.693 -142.34 0.874634
909000 -16390.3 -20189.5 294.193 -48.1219 0.879298
909100 -16305.8 -20143.1 297.147 213.867 0.885016
909200 -16215.7 -20088 299.861 275.301 0.889187
909300 -16208.7 -20074.6 299.363 359.706 0.890604
909400 -16259.9 -20175.6 303.217 437.15 0.888223
909500 -16361.1 -20172.8 295.167 -79.6281 0.882133
909600 -16328.2 -20123.7 293.911 -336.356 0.876946
909700 -16243.3 -20113.7 299.71 -253.149 0.875321
909800 -16215.3 -20050.1 296.952 -123.071 0.876344
909900 -16168.1 -20025.4 298.688 78.9373 0.878417
910000 -16084.4 -20016.1 304.46 231.094 0.879484
910100 -16096.2 -19963 299.434 77.9346 0.878544
910200 -16207.9 -20032.5 296.163 -144.453 0.876877
910300 -16241 -20058.4 295.605 -151.778 0.876559
910400 -16228.7 -20103.5 300.051 -28.8121 0.877815
910500 -16275.9 -20080.8 294.637 17.089 0.879246
910600 -16332.4 -20134.1 294.39 -79.4787 0.880632
910700 -16319.6 -20161 297.465 191.581 0.882362
910800 -16259.5 -20120.3 298.971 287.038 0.882347
910900 -16189.5 -20072.6 300.687 37.8672 0.87961
911000 -16120.6 -19993 299.86 29.33 0.87641
911100 -16047.1 -19941.2 301.544 95.3559 0.872983
911200 -15982.6 -19899.8 303.334 -231.918 0.869387
911300 -15997.8 -19882.5 300.822 -21.1565 0.867572
911400 -16098.9 -19948.3 298.081 -233.138 0.866624
911500 -16166.2 -20028.5 299.08 -88.5181 0.867651
911600 -16222.3 -20073.4 298.212 -125.802 0.869828
911700 -16250.3 -20077 296.33 -114.008 0.873105
911800 -16226.9 -20059.7 296.795 17.6845 0.877136
911900 -16106.9 -20021.8 303.154 74.068 0.880831
912000 -16057.4 -19961.8 302.342 100.636 0.883694
912100 -16120.6 -20025.5 302.381 165.32 0.885359
912200 -16210.9 -20070 298.83 143.981 0.885203
912300 -16244.8 -20069.9 296.203 -68.4722 0.88398
912400 -16225.6 -20073 297.928 73.5731 0.883249
912500 -16175.7 -20055.7 300.448 36.4954 0.882076
912600 -16109.1 -20025.6 303.277 229.688 0.880078
912700 -16138.5 -20038.8 302.027 35.0667 0.876253
912800 -16243.8 -20036.9 293.721 -306.389 0.87271
912900 -16223.2 -20042.4 295.741 -54.373 0.871946
913000 -16156.4 -20015.1 298.801 -112.135 0.872241
913100 -16143.8 -20036 301.396 -81.6692 0.87344
913200 -16209.7 -20046.4 297.094 -62.0624 0.875396
913300 -16319.7 -20131.2 295.147 98.1389 0.877695
913400 -16425.7 -20203.6 292.546 322.395 0.87861
913500 -16385.9 -20135.2 290.332 -195.257 0.876877
913600 -16267.3 -20104.5 297.14 -47.9786 0.876382
913700 -16236.6 -20142.6 302.463 151.822 0.876604
913800 -16306.9 -20117.6 295.084 -17.5754 0.875683
913900 -16306 -20093.3 293.278 -98.2187 0.874949
914000 -16212.4 -20078.3 299.355 51.8548 0.875038
914100 -16175.6 -20013.2 297.168 22.1964 0.874827
914200 -16153.7 -20012.4 298.8 -267.17 0.874781
914300 -16141.6 -19996.2 298.485 173.443 0.876389
914400 -16151.6 -20009 298.704 39.1773 0.877036
914500 -16212.8 -20060.8 297.973 -41.2152 0.877077
914600 -16289.1 -20128.4 297.301 13.1407 0.877421
914700 -16327.3 -20140.5 295.279 -132.776 0.877793
914800 -16283.5 -20117.3 296.875 -24.8488 0.879119
914900 -16190.6 -20085.7 301.622 88.5437 0.881003
915000 -16210.8 -20080.9 299.686 197.751 0.881998
915100 -16254.9 -20112.2 298.699 54.4528 0.881149
915200 -16277.3 -20107 296.555 -79.1407 0.879691
915300 -16276.1 -20134.2 298.754 203.562 0.87861
915400 -16280.5 -20120.3 297.342 -87.74 0.876191
915500 -16250.4 -20054.7 294.587 -71.5561 0.874184
915600 -16169.5 -20014.9 297.778 89.2074 0.872719
915700 -16131.2 -19981.7 298.162 -164.456 0.870727
915800 -16130 -20002.3 299.862 -198.46 0.870268
915900 -16163.4 -20023.4 298.902 -66.8853 0.871623
916000 -16253.2 -20043.1 293.475 -21.3827 0.873784
916100 -16293.6 -20063.1 291.893 0.891476 0.87631
916200 -16199.3 -20037.6 297.225 -2.24439 0.878909
916300 -16169.9 -20033.6 299.189 93.0368 0.881475
916400 -16200.5 -20057.9 298.702 206.976 0.883408
916500 -16246.5 -20076.7 296.596 163.497 0.883359
916600 -16274.2 -20113.6 297.307 -81.7557 0.881677
916700 -16295 -20100.4 294.678 -3.83083 0.880459
916800 -16267.8 -20130.7 299.127 -35.0396 0.879603
916900 -16210 -20040.6 296.627 -5.76858 0.878933
917000 -16121.5 -20030.9 302.731 205.968 0.877924
917100 -16145.2 -20034 301.136 -35.8763 0.875232
917200 -16209.6 -20056.8 297.908 -166.05 0.872622
917300 -16229.3 -20095.7 299.401 -181.131 0.871643
917400 -16256.7 -20087.1 296.614 72.8324 0.872147
917500 -16240.4 -20050.8 295.066 203.146 0.871928
917600 -16118.7 -20027.2 302.664 -160.009 0.870262
917700 -16120.5 -20035.5 303.163 -133.618 0.869817
917800 -16197.6 -20062.3 299.27 31.3935 0.87052
917900 -16248.4 -20079.5 296.668 -92.6084 0.871342
918000 -16247.7 -20078.9 296.675 -123.133 0.872919
918100 -16184.5 -20036.3 298.273 -33.6896 0.876115
918200 -16082.4 -20005.5 303.786 268.464 0.879759
918300 -16104.2 -19997.1 301.455 35.8454 0.881714
918400 -16166.2 -20087.4 303.643 120.697 0.883017
918500 -16258.5 -20131.5 299.91 65.7147 0.883218
918600 -16333.5 -20178.6 297.748 36.0131 0.882813
918700 -16363.8 -20166.6 294.47 12.0625 0.88189
918800 -16298.1 -20126.2 296.432 -205.667 0.880979
918900 -16223.6 -20096.9 299.938 94.2311 0.881668
919000 -16232.7 -20116.4 300.74 26.0222 0.881961
919100 -16271.3 -20095.8 296.157 -118.914 0.88207
919200 -16266.9 -20119.3 298.315 374.077 0.882763
919300 -16219.2 -20084 299.277 38.4924 0.880402
919400 -16132.7 -20006.3 299.956 -203.514 0.877186
919500 -16087.5 -19983.1 301.661 -83.9391 0.875394
919600 -16148.4 -20007.2 298.81 3.2652 0.874113
919700 -16233.4 -20033.5 294.271 -238.735 0.873216
919800 -16220.7 -20056.3 297.011 -78.6036 0.874349
919900 -16189.8 -20041.1 298.231 149.899 0.876345
920000 -16170 -20038.6 299.571 -21.3337 0.877541
920100 -16210.3 -20092.8 300.647 -52.413 0.878878
920200 -16312.1 -20107.8 293.927 79.2863 0.880673
920300 -16312.1 -20149.9 297.188 152.71 0.881932
920400 -16267.4 -20120.1 298.336 80.1726 0.881715
920500 -16189 -20061.3 299.856 151.619 0.880364
920600 -16132.9 -20011.7 300.362 129.204 0.877471
920700 -16130.7 -19988.3 298.718 -163.549 0.873487
920800 -16168.5 -20034.5 299.368 -255.695 0.871033
920900 -16236.9 -20042.1 294.662 -392.83 0.871217
921000 -16247.4 -20117 299.647 -111.107 0.874859
921100 -16287.5 -20139.4 298.276 170.718 0.879512
921200 -16379.4 -20189.8 295.068 273.071 0.882457
921300 -16403.1 -20230.3 296.362 135.983 0.882895
921400 -16347.6 -20170.2 296.011 156.292 0.881505
921500 -16224.9 -20117.5 301.428 -33.954 0.879243
921600 -16223.8 -20056.5 296.789 -121.2 0.877299
921700 -16209 -20075.4 299.4 -34.2943 0.876366
921800 -16214.8 -20097.6 300.663 -51.3509 0.876064
921900 -16306.4 -20103.5 294.034 -207.082 0.876318
922000 -16334.1 -20154.2 295.817 35.191 0.878248
922100 -16296.4 -20180.7 300.784 120.092 0.880154
922200 -16201.2 -20101.4 302.011 51.6551 0.880919
922300 -16154.1 -20040.8 300.967 147.747 0.880774
922400 -16215.2 -20101 300.902 107.378 0.87928
922500 -16307 -20104.9 294.094 -5.18253 0.876857
922600 -16288.2 -20099.8 295.154 -111.612 0.874595
922700 -16214.5 -20056.4 297.5 -100.184 0.873429
922800 -16181.7 -20063.5 300.588 -204.377 0.873425
922900 -16202.7 -20074.3 299.804 -110.905 0.87527
923000 -16250.3 -20084.8 296.927 -14.4231 0.878026
923100 -16282.3 -20088.1 294.7 129.612 0.880978
923200 -16201 -20091.4 301.255 233.263 0.882952
923300 -16168.6 -20110.7 305.265 151.967 0.882616
923400 -16264.6 -20079.3 295.395 41.2045 0.880618
923500 -16277.3 -20110.8 296.85 -13.8337 0.878207
923600 -16234.3 -20081.4 297.905 -89.8527 0.87604
923700 -16145.9 -19982.5 297.095 -11.1049 0.874402
923800 -16066.1 -19941.8 300.119 -71.5286 0.873409
923900 -16062.9 -19947.2 300.785 90.9754 0.872997
924000 -16117.5 -19981.3 299.201 -269.307 0.872236
924100 -16175.7 -20006 296.601 -92.5503 0.873311
924200 -16184.4 -20029.8 297.767 -107.385 0.875748
924300 -16196.2 -20082 300.899 -42.1935 0.879231
924400 -16249.8 -20101.4 298.248 81.1583 0.882915
924500 -16300.2 -20119.1 295.725 255.412 0.885535
924600 -16314.9 -20145.8 296.65 205.565 0.885867
924700 -16286 -20150.4 299.244 71.4597 0.884246
924800 -16255.7 -20122.1 299.399 -72.2188 0.88204
924900 -16250.4 -20109.6 298.843 79.1117 0.880468
925000 -16281.3 -20132 298.178 15.2582 0.878492
925100 -16345.1 -20168.8 296.092 -152.381 0.876732
925200 -16389.9 -20175.3 293.133 -145.011 0.876423
925300 -16304.3 -20111 294.78 -6.51341 0.877422
925400 -16198.7 -20054.6 298.586 -141.336 0.878965
925500 -16177.6 -20059.3 300.586 149.886 0.880996
925600 -16227.4 -20089.1 299.032 131.178 0.881724
925700 -16306.5 -20116 294.994 7.11557 0.8811
925800 -16303.2 -20125.2 295.956 30.3846 0.88042
925900 -16227.4 -20049.8 295.991 53.2437 0.879463
926000 -16132.5 -20048.8 303.264 69.6723 0.87798
926100 -16164.4 -20000.1 297.021 -233.226 0.876727
926200 -16191.5 -20057.4 299.362 -34.0007 0.877188
926300 -16267.9 -20126.6 298.803 31.3845 0.87809
926400 -16327.4 -20140.4 295.264 -48.3933 0.878572
926500 -16320.1 -20170.8 298.179 8.43449 0.879463
926600 -16305.8 -20167.4 299.024 -27.7634 0.880366
926700 -16265 -20117.5 298.325 151.943 0.881404
926800 -16204.2 -20091.5 301.017 217.339 0.881127
926900 -16189.7 -20055.5 299.356 194.615 0.8784
927000 -16225 -20075.2 298.149 -198.961 0.874401
927100 -16297.3 -20107.3 295.032 -35.8896 0.871967
927200 -16340.2 -20118.6 292.587 -24.6866 0.870326
927300 -16248.2 -20091.6 297.616 -72.6222 0.869143
927400 -16164.6 -20026.9 299.081 -288.262 0.868827
927500 -16165.8 -20034.5 299.572 -190.281 0.871284
927600 -16222.1 -20072.5 298.156 -46.3869 0.875522
927700 -16296.3 -20051.4 290.78 -60.2034 0.879559
927800 -16239.6 -20110.5 299.747 211.427 0.883337
927900 -16175.6 -20097.9 303.728 283.243 0.884661
928000 -16217.7 -20073 298.538 144.074 0.883037
928100 -16233.4 -20065.3 296.727 45.6438 0.880545
928200 -16203.1 -20032.5 296.535 -242.38 0.878461
928300 -16144.8 -20040.5 301.672 119.984 0.877964
928400 -16174.4 -20059.4 300.842 194.11 0.8769
928500 -16262.3 -20064.9 294.463 -163.751 0.874506
928600 -16264.2 -20072.4 294.893 -174.597 0.873536
928700 -16215 -20075.2 298.918 14.1734 0.874215
928800 -16197 -20055.5 298.784 117.34 0.874671
928900 -16213.5 -20094.7 300.544 188.162 0.873839
929000 -16249.8 -20056.1 294.744 -323.456 0.872237
929100 -16218 -20069.7 298.26 43.1901 0.872716
929200 -16128.9 -20009.2 300.476 -20.6641 0.873139
929300 -16031.3 -19926.9 301.668 -15.4356 0.873711
929400 -16047.5 -19942.4 301.607 109.676 0.874291
929500 -16117.6 -19983.2 299.333 13.1298 0.87402
929600 -16146.6 -19963.4 295.562 -283.593 0.874215
929700 -16114.1 -19997.7 300.731 -87.3467 0.876616
929800 -16148.1 -20037.7 301.196 243.506 0.879721
929900 -16261.5 -20128.5 299.446 209.884 0.880758
930000 -16307.8 -20154.9 297.904 89.9413 0.879837
930100 -16325.3 -20134.1 294.934 57.8798 0.877891
930200 -16266 -20113.8 297.96 4.86069 0.875293
930300 -16186.3 -20045.6 298.854 -7.65879 0.87282
930400 -16140 -19997.8 298.733 -157.025 0.870508
930500 -16134.5 -20019.4 300.828 -130.189 0.869705
930600 -16153.7 -19998.2 297.703 -81.6161 0.870289
930700 -16164.6 -20014.3 298.105 116.114 0.87157
930800 -16182.5 -20015.7 296.828 -36.5314 0.87217
930900 -16182.9 -20030 297.905 -10.3668 0.87257
931000 -16143.1 -19976.8 296.864 -57.7281 0.873313
931100 -16073.5 -19977.5 302.314 80.0132 0.874558
931200 -16111.3 -20009.9 301.891 58.216 0.875192
931300 -16216.4 -20063 297.867 -28.8458 0.875299
931400 -16232 -20022.7 293.54 187.379 0.875194
931500 -16158.9 -19992.6 296.871 7.53615 0.873653
931600 -16101.1 -19964.8 299.192 -182.561 0.871687
931700 -16108.5 -20005.2 301.744 34.4815 0.870723
931800 -16174.5 -20036.1 299.029 -157.754 0.869959
931900 -16202.3 -20030 296.405 96.9925 0.870288
932000 -16190.9 -20027.4 297.088 16.7983 0.870053
932100 -16174.4 -20047.1 299.883 -145.19 0.869564
932200 -16199 -20034.9 297.038 -141.794 0.870421
932300 -16271.6 -20090.5 295.72 -19.9007 0.872986
932400 -16316.8 -20157.2 297.387 -128.112 0.876708
932500 -16358.1 -20150.8 293.688 133.754 0.881647
932600 -16318.1 -20112 293.784 425.301 0.885324
932700 -16210.1 -20079.9 299.664 393.858 0.885137
932800 -16194.8 -20044.7 298.121 83.9771 0.881132
932900 -16170.5 -19975.1 294.618 47.0733 0.876103
933000 -16079.3 -19989.3 302.774 -229.154 0.871499
933100 -16080.7 -19976.2 301.655 -221.836 0.869239
933200 -16141.8 -19987.6 297.805 -7.85761 0.868951
933300 -16168.7 -19998.5 296.56 -247.057 0.869256
933400 -16153.4 -20004.2 298.185 -43.0046 0.871759
933500 -16159.7 -20060.3 302.048 264.377 0.87419
933600 -16243 -20056.4 295.298 -119.23 0.874541
933700 -16266.1 -20093.8 296.407 -58.9381 0.875639
933800 -16244.9 -20066 295.891 58.8822 0.877251
933900 -16213.2 -20093.8 300.503 -70.0909 0.878486
934000 -16221.2 -20067.5 297.844 186.798 0.879717
934100 -16228.5 -20091.8 299.158 168.746 0.879313
934200 -16251.2 -20060.2 294.953 24.7326 0.877373
934300 -16228.3 -20047.4 295.735 240.34 0.875095
934400 -16129 -20007.3 300.324 -105.809 0.871161
934500 -16095.5 -19993.5 301.84 -152.857 0.868034
934600 -16155.6 -20033.9 300.326 -135.821 0.866748
934700 -16215.4 -20058.8 297.617 -304.395 0.867244
934800 -16217.7 -20034.6 295.566 -113.016 0.87036
934900 -16169.2 -20016.9 297.954 104.305 0.874266
935000 -16109 -19985.1 300.146 107.561 0.876689
935100 -16073.2 -19971.6 301.884 331.633 0.877408
935200 -16115.9 -19995.5 300.422 35.7886 0.875672
935300 -16215.8 -20065 298.062 -152.35 0.87361
935400 -16280 -20092.5 295.224 142.905 0.8727
935500 -16265.2 -20077.1 295.184 30.1225 0.870927
935600 -16175.5 -20047 299.791 -252.978 0.869434
935700 -16134.8 -20001.3 299.406 -213.787 0.870318
935800 -16144.6 -20026.1 300.566 297.6 0.872458
935900 -16185.2 -20049.9 299.267 -41.2008 0.872711
936000 -16209.3 -20054.9 297.785 -70.6524 0.872691
936100 -16201.9 -20018.3 295.529 -167.236 0.873472
936200 -16092.5 -19983.1 301.275 129.185 0.875686
936300 -16044.8 -19943.9 301.931 251.169 0.876677
936400 -16096.7 -19979.7 300.686 171.32 0.875182
936500 -16145.9 -19975.5 296.552 -47.8741 0.872204
936600 -16150.2 -19999.9 298.108 -235.919 0.869878
936700 -16145.2 -19985.8 297.394 -72.9155 0.869713
936800 -16110.6 -19979.4 299.587 -97.4447 0.870506
936900 -16079 -19964.4 300.878 -6.93648 0.872137
937000 -16113.4 -19989.3 300.133 -70.1156 0.873899
937100 -16217 -20093.5 300.181 -17.0098 0.876247
937200 -16287.7 -20102.6 295.407 156.859 0.878682
937300 -16269.8 -20123.4 298.408 41.9111 0.87959
937400 -16226.3 -20060.1 296.868 8.60586 0.880142
937500 -16140.4 -20072.3 304.468 249.662 0.880334
937600 -16165.5 -20030.1 299.265 -20.6679 0.878529
937700 -16267.1 -20040.3 292.185 -200.309 0.876848
937800 -16243.2 -20095.1 298.279 -32.782 0.87681
937900 -16221.3 -20082.7 299.009 99.4212 0.877146
938000 -16219.2 -20083.3 299.219 95.1504 0.876594
938100 -16258.6 -20072.5 295.339 51.0271 0.875315
938200 -16265 -20038.8 292.231 -73.8226 0.873435
938300 -16153.9 -19981.8 296.413 -332.294 0.872318
938400 -16103 -19985.2 300.625 19.2952 0.874045
938500 -16141.3 -20002 298.956 55.745 0.876252
938600 -16196.1 -20004.8 294.933 268.888 0.877613
938700 -16188.3 -20045.8 298.709 268.386 0.87636
938800 -16148.5 -20018.9 299.708 91.1207 0.872388
938900 -16099.8 -19953.8 298.445 -264.409 0.867629
939000 -16054.8 -19947.5 301.434 -299.592 0.865358
939100 -16069 -19923.6 298.484 -120.437 0.865986
939200 -16154.2 -20016.7 299.095 79.0056 0.867763
939300 -16262.3 -20124.4 299.066 -21.841 0.869229
939400 -16299.5 -20122.6 296.051 -9.82451 0.870793
939500 -16279.6 -20110.4 296.65 -68.8247 0.872445
939600 -16192.9 -20040.8 297.959 -56.5526 0.874456
939700 -16115.8 -20044.8 304.249 125.839 0.876791
939800 -16173.3 -20067.5 301.551 128.129 0.877783
939900 -16227.3 -20061.9 296.941 -82.9307 0.877639
940000 -16241.2 -20094.3 298.366 15.2652 0.877944
940100 -16247.8 -20075.1 296.37 100.29 0.877994
940200 -16206.4 -20070.8 299.244 -0.177118 0.877331
940300 -16146.1 -20038.5 301.413 -66.3946 0.876754
940400 -16139.4 -20040.4 302.083 -102.863 0.876997
940500 -16249 -20118.3 299.617 60.2805 0.877894
940600 -16306 -20116.6 295.074 144.08 0.877959
940700 -16273 -20105.7 296.787 83.0729 0.876971
940800 -16226.9 -20140.4 303.053 -52.7761 0.875522
940900 -16292.3 -20107.6 295.437 -227.427 0.874846
941000 -16387.8 -20195.5 294.853 -147.988 0.876209
941100 -16402.2 -20216.4 295.362 30.3417 0.878592
941200 -16278.8 -20220.7 305.242 177.414 0.880495
941300 -16231.2 -20094.6 299.173 -91.3549 0.881004
941400 -16246.5 -20120.8 300.008 -148.255 0.882108
941500 -16330.8 -20164.9 296.902 188.54 0.884282
941600 -16401.8 -20187.9 293.18 185.582 0.884588
941700 -16371.5 -20221.2 298.099 234.604 0.882739
941800 -16348.2 -20154.4 294.735 -188.224 0.879583
941900 -16289.7 -20146.4 298.652 -160.038 0.878041
942000 -16239.4 -20080.5 297.435 -87.9269 0.878106
942100 -16209.3 -20068.5 298.841 12.1733 0.878955
942200 -16213.5 -20067.6 298.448 -88.0459 0.88001
942300 -16215.2 -20063.6 298.001 107.821 0.881422
942400 -16227.2 -20115.4 301.084 181.801 0.881712
942500 -16326.2 -20155.5 296.521 -28.7494 0.880507
942600 -16376.4 -20198.1 295.939 -115.49 0.879766
942700 -16353.7 -20166.4 295.246 193.039 0.879855
942800 -16285.9 -20159.3 299.941 16.4831 0.878359
942900 -16276.9 -20146.9 299.678 -155.537 0.876605
943000 -16298.9 -20165.7 299.43 -215.141 0.876519
943100 -16347.7 -20205.4 298.728 33.2086 0.878401
943200 -16407.4 -20223.5 295.506 -72.9756 0.880496
943300 -16401.1 -20190.7 293.457 122.737 0.882541
943400 -16271.7 -20150.6 300.366 220.23 0.88365
943500 -16239.1 -20114.2 300.07 298.961 0.882622
943600 -16282.2 -20155.1 299.903 15.9359 0.878893
943700 -16361.3 -20159.4 294.116 -250.469 0.87483
943800 -16350 -20167.9 295.644 -224.169 0.873066
943900 -16289.9 -20108.4 295.691 -61.0951 0.873755
944000 -16258.8 -20123.6 299.27 38.8286 0.875143
944100 -16261.7 -20099.1 297.151 22.6053 0.876227
944200 -16259.6 -20146 300.944 -0.643313 0.876694
944300 -16311.9 -20089.3 292.509 -34.4342 0.877149
944400 -16286.4 -20121.8 296.993 297.783 0.877771
944500 -16195.3 -20078.5 300.698 -191.74 0.876315
944600 -16186.9 -20079.5 301.426 -72.3939 0.8762
944700 -16275 -20139.6 299.257 161.676 0.876726
944800 -16359.1 -20168.1 294.959 70.7166 0.875896
944900 -16337.2 -20156.3 295.737 -81.1077 0.874556
945000 -16262 -20101.8 297.343 -57.3618 0.873923
945100 -16199.2 -20048.1 298.043 -32.07 0.873949
945200 -16166.7 -20036.3 299.65 -137.399 0.874466
945300 -16143.4 -20024.3 300.522 -42.0292 0.875993
945400 -16188.7 -20081.9 301.473 4.99114 0.8779
945500 -16289 -20111.6 296.011 28.7599 0.879589
945600 -16299.8 -20122.9 296.048 116.45 0.880648
945700 -16245.8 -20084.7 297.267 208.38 0.880726
945800 -16164.1 -20068.6 302.35 39.3917 0.879127
945900 -16157.1 -20036.3 300.387 -61.0013 0.876915
946000 -16278.8 -20084.9 294.728 -72.1634 0.875594
946100 -16318.6 -20113.7 293.874 -24.5589 0.875252
946200 -16249.7 -20110.7 298.981 -84.1334 0.875219
946300 -16210.1 -20088.1 300.295 145.721 0.875446
946400 -16234.7 -20056 295.908 -6.31896 0.874777
946500 -16260.7 -20077.1 295.531 -105.852 0.874056
946600 -16255.5 -20113 298.706 -34.4469 0.874186
946700 -16243.4 -20077 296.86 -70.5053 0.874809
946800 -16203.1 -20076 299.902 227.704 0.875735
946900 -16182.1 -20057.7 300.109 -57.138 0.875158
947000 -16204.2 -20020.6 295.53 -261.455 0.874828
947100 -16207.7 -20049.7 297.509 -4.08075 0.876719
947200 -16202.6 -20081.2 300.342 -27.6019 0.879084
947300 -16244.2 -20085.8 297.481 -175.413 0.881676
947400 -16323.2 -20158.2 296.97 181.044 0.885341
947500 -16367.4 -20157.7 293.508 148.674 0.887463
947600 -16297 -20158.8 299.04 243.638 0.887805
947700 -16181.5 -20033.9 298.31 258.937 0.88595
947800 -16169.3 -20071 302.134 190.375 0.881757
947900 -16229 -20062 296.814 -234.239 0.876929
948000 -16259.5 -20056.9 294.052 -150.714 0.874731
948100 -16183.3 -20021.6 297.224 -172.062 0.874809
948200 -16084.9 -19963.6 300.345 -47.4509 0.876077
948300 -16083.6 -19931 297.926 -5.38098 0.877636
948400 -16094.3 -19954.3 298.905 -47.0535 0.879106
948500 -16148 -20007.9 298.893 253.381 0.880194
948600 -16244.7 -20033.7 293.402 150.966 0.879437
948700 -16228.6 -20027.5 294.174 161.24 0.876979
948800 -16162.2 -20011.7 298.095 -64.4005 0.873507
948900 -16140.2 -19997.2 298.671 -287.217 0.871122
949000 -16155.9 -20028 299.838 -99.9243 0.871445
949100 -16193.9 -20026.4 296.777 26.0522 0.872532
949200 -16247.6 -20059.9 295.213 -226.502 0.873701
949300 -16316.1 -20098.9 292.926 -16.9324 0.876541
949400 -16279.9 -20120.7 297.423 104.013 0.879633
949500 -16198.6 -20049.2 298.172 107.994 0.881508
949600 -16145 -19998.9 298.43 344.131 0.881673
949700 -16136.2 -20039.1 302.226 -75.1619 0.879551
949800 -16176.5 -20051.1 300.032 160.904 0.877483
949900 -16198.3 -20014.2 295.489 38.6579 0.874355
950000 -16173.4 -20017.4 297.661 -177.08 0.871242
950100 -16102.7 -19967.4 299.267 -180.753 0.869977
950200 -16041 -19979.3 304.967 239.961 0.869962
950300 -16115.6 -19951.4 297.032 -19.0137 0.868413
950400 -16139.1 -19974.5 296.997 -385.437 0.867433
950500 -16125.6 -19972.9 297.922 22.375 0.869312
950600 -16133.2 -20023 301.21 100.197 0.871512
950700 -16227.6 -20058.6 296.656 199.994 0.872406
950800 -16287.1 -20116.5 296.537 30.4524 0.871418
950900 -16275.5 -20071.3 293.937 -104.517 0.870176
951000 -16231.1 -20093.2 299.067 -48.5546 0.870006
951100 -16215.9 -20058.3 297.54 231.869 0.869824
951200 -16207.5 -20047.9 297.382 -221.213 0.868349
951300 -16153.3 -19997.1 297.644 93.8627 0.868147
951400 -16045.5 -19928.9 300.719 -84.5992 0.867734
951500 -16028.9 -19915.7 300.984 10.8719 0.867659
951600 -16093.4 -19932.8 297.31 -32.4605 0.867772
951700 -16171.6 -19981.2 295.001 -135.816 0.868344
951800 -16171.2 -19989 295.641 19.6885 0.869809
951900 -16034.9 -19938.4 302.277 -65.7895 0.871648
952000 -15990.2 -19894.2 302.308 216.582 0.873607
952100 -16067.2 -19926.1 298.812 150.505 0.873791
952200 -16128.6 -19956.4 296.408 17.8982 0.872537
952300 -16130.1 -19957.7 296.392 45.4412 0.870791
952400 -16054.8 -19933 300.317 -37.7311 0.868725
952500 -15965.5 -19850.4 300.83 -230.755 0.867285
952600 -15945.2 -19837.5 301.406 -83.0853 0.867859
952700 -16066.6 -19916.2 298.098 7.91398 0.869402
952800 -16156.4 -20010.4 298.444 270.849 0.870391
952900 -16196.3 -20015.5 295.742 -140.905 0.869621
953000 -16183.6 -20030.9 297.92 -160.117 0.869991
953100 -16134.8 -19996.3 299.017 272.044 0.871462
953200 -16073.7 -19978.6 302.38 -94.4213 0.871052
953300 -16079 -19933.5 298.475 -59.2165 0.870953
953400 -16145.6 -19987.1 297.468 148.291 0.871308
953500 -16223.2 -20025.3 294.417 -46.0116 0.870529
953600 -16210.6 -19986.9 292.418 -20.5988 0.869912
953700 -16097.4 -19941.4 297.663 -87.1443 0.869818
953800 -16051 -19886.2 296.979 80.7525 0.870233
953900 -16043 -19974.5 304.439 59.4348 0.870251
954000 -16142.6 -19988.2 297.789 -63.5927 0.86993
954100 -16176.5 -19991.3 295.402 -68.5106 0.869889
954200 -16138.5 -19968 296.548 4.55805 0.870466
954300 -16059.4 -19940.5 300.534 125.186 0.871179
954400 -16042.1 -19923.1 300.532 3.5398 0.870818
954500 -16127.8 -19962.6 296.951 -271.555 0.870642
954600 -16259.4 -20069.3 295.023 -27.3196 0.872783
954700 -16249.6 -20059.6 295.028 123.015 0.875481
954800 -16173.3 -20036.8 299.179 72.9557 0.877492
954900 -16133 -20021.6 301.118 161.24 0.878795
955000 -16177.5 -20019.9 297.538 76.3378 0.87885
955100 -16291.7 -20101.8 295.038 129.04 0.877898
955200 -16331.5 -20148.3 295.559 21.8406 0.875514
955300 -16293.4 -20084.2 293.542 -70.7972 0.872712
955400 -16211.2 -20054.8 297.64 -45.6158 0.870474
955500 -16183.8 -20017 296.828 66.3036 0.868479
955600 -16139.3 -19971.8 296.772 -206.266 0.86603
955700 -16075.6 -19987.6 302.93 -261.752 0.865187
955800 -16119.8 -19972.2 298.322 -98.05 0.866891
955900 -16239.5 -20066.9 296.379 -182.248 0.870215
956000 -16301.5 -20122.7 295.9 2.04823 0.875155
956100 -16287.4 -20144.8 298.709 156.659 0.879895
956200 -16286.7 -20141.8 298.517 182.836 0.883057
956300 -16327.1 -20160.3 296.829 143.603 0.884379
956400 -16364.7 -20169.7 294.65 75.1953 0.884104
956500 -16326.4 -20198.3 299.825 214.058 0.882889
956600 -16269.3 -20158.6 301.168 79.9563 0.880014
956700 -16266.6 -20138 299.788 87.1337 0.876312
956800 -16334.8 -20153.7 295.72 -326.483 0.872787
956900 -16386 -20164.6 292.605 -26.6916 0.872081
957000 -16308.4 -20097.9 293.439 -123.781 0.872419
957100 -16207.2 -20062.2 298.515 -6.23747 0.873545
957200 -16198.2 -20090.9 301.435 122.897 0.874523
957300 -16251.2 -20071.4 295.821 -167.03 0.874524
957400 -16285 -20107.6 296.013 -48.3096 0.875767
957500 -16263.6 -20103.7 297.365 147.844 0.87744
957600 -16173.2 -20035.9 299.11 272.465 0.877502
957700 -16107.5 -20001.2 301.517 4.57446 0.875341
957800 -16131.5 -20029 301.807 -34.3044 0.872925
957900 -16244.8 -20091.5 297.867 -153.568 0.871264
958000 -16261.4 -20089.5 296.431 -79.3273 0.871122
958100 -16227.8 -20078.7 298.198 -12.3728 0.87176
958200 -16172 -19995.2 296.054 -244.458 0.872821
958300 -16076.2 -19959 300.667 86.2879 0.875598
958400 -16070.7 -19980.6 302.77 205.679 0.877419
958500 -16133.1 -19984.1 298.206 25.0947 0.877351
958600 -16166.5 -20025 298.786 1.75807 0.877109
958700 -16204.3 -20056.5 298.3 -71.705 0.876849
958800 -16241.2 -20016.2 292.325 -275.428 0.877482
958900 -16163 -20047.2 300.774 215.074 0.880139
959000 -16114.3 -20013.8 301.965 291.057 0.881169
959100 -16174.9 -20025.8 298.197 70.229 0.879458
959200 -16237.6 -20052.9 295.446 51.0285 0.876816
959300 -16246.3 -20059.7 295.296 -88.5279 0.873854
959400 -16126.5 -19989.7 299.155 -85.49 0.871789
959500 -16072.1 -19976 302.302 -39.7955 0.870962
959600 -16125.5 -19985.3 298.884 29.8759 0.870471
959700 -16188.3 -19995.1 294.785 99.8683 0.869697
959800 -16178.9 -20033.8 298.513 -105.27 0.868394
959900 -16118 -20016.5 301.887 -107.559 0.8679
960000 -16042.8 -19931.7 301.138 -163.306 0.868615
960100 -16021.3 -19926.4 302.401 -108.855 0.870657
960200 -16108.3 -20001.5 301.472 57.2242 0.873346
960300 -16198.2 -20020.2 295.966 -126.854 0.875463
960400 -16210.1 -20089.4 300.393 -83.5916 0.877944
960500 -16280.5 -20148 299.486 -142.423 0.880718
960600 -16364.3 -20204.6 297.373 133.174 0.883474
960700 -16378.8 -20185.9 294.808 171.945 0.884378
960800 -16325.3 -20136.2 295.106 68.6142 0.883608
960900 -16270.6 -20140.7 299.689 288.682 0.881912
961000 -16273.9 -20104 296.588 -11.4449 0.87834
961100 -16239.4 -20068.8 296.538 103.946 0.875076
961200 -16170.4 -20068.5 301.848 -87.1834 0.871997
961300 -16152.7 -20000.8 297.98 -216.264 0.870025
961400 -16117.6 -20006.8 301.16 -35.7521 0.870064
961500 -16146.4 -20048.9 302.201 -62.5218 0.870845
961600 -16242.2 -20066.2 296.12 160.086 0.871759
961700 -16276 -20107.9 296.724 -97.9397 0.871561
961800 -16271 -20120.9 298.122 -193.093 0.871989
961900 -16249.6 -20137 301.029 17.4153 0.874166
962000 -16295.4 -20168.9 299.952 7.28099 0.876277
962100 -16372.6 -20173.7 294.346 -14.2306 0.878003
962200 -16365.9 -20192.2 296.292 408.165 0.879324
962300 -16290.7 -20164.2 299.951 1.60337 0.877744
962400 -16189 -20082.7 301.517 -2.18401 0.875505
962500 -16179.2 -20052.9 299.961 -110.991 0.873535
962600 -16209.5 -20062.3 298.344 168.471 0.872436
962700 -16223.7 -20068.4 297.718 -144.159 0.870709
962800 -16216.2 -20054.1 297.189 83.3169 0.869741
962900 -16148.8 -20026.1 300.238 101.947 0.868179
963000 -16068.5 -19965.2 301.742 -282.87 0.86623
963100 -16092.2 -19983.5 301.33 -146.377 0.866764
963200 -16191 -20022.8 296.718 -2.68549 0.868639
963300 -16214.8 -20043.2 296.457 -62.7792 0.870746
963400 -16196.5 -20057.9 299.012 72.9283 0.873214
963500 -16193.3 -20051.6 298.769 -58.2097 0.874964
963600 -16263.3 -20074.8 295.154 40.3243 0.876871
963700 -16314.8 -20090.4 292.369 -4.28456 0.878616
963800 -16240.3 -20082.8 297.555 160.613 0.879854
963900 -16178.5 -20065.3 300.972 196.216 0.879515
964000 -16205.8 -20064.2 298.782 301.477 0.877235
964100 -16224.5 -20050.9 296.303 10.8148 0.872612
964200 -16203.2 -20030.2 296.352 -206.928 0.868385
964300 -16156.3 -20010.2 298.429 -95.6058 0.866459
964400 -16125.6 -19962.4 297.109 -203.007 0.865959
964500 -16118.1 -19979.7 299.032 -166.718 0.867341
964600 -16156.1 -20039.4 300.708 50.0491 0.869924
964700 -16230.2 -20058.7 296.466 26.6946 0.871933
964800 -16265.6 -20094 296.46 63.8812 0.87325
964900 -16303.7 -20143.4 297.334 80.9423 0.873745
965000 -16391.6 -20186.3 293.852 -16.8061 0.873847
965100 -16419.5 -20194.9 292.358 170.494 0.873885
965200 -16310.7 -20098 293.277 76.2114 0.872273
965300 -16212 -20011.8 294.239 -332.261 0.870468
965400 -16128.6 -19984.8 298.608 -165.209 0.871425
965500 -16072.6 -19970.8 301.862 177.122 0.873857
965600 -16114.7 -20014 301.951 173.4 0.874734
965700 -16190.7 -19998.2 294.842 -73.5114 0.873889
965800 -16177.6 -20028.7 298.212 5.06807 0.873499
965900 -16175.5 -20033.7 298.765 -19.768 0.873331
966000 -16195.8 -20023.7 296.414 -77.6781 0.873524
966100 -16207.7 -20050.8 297.59 134.637 0.87409
966200 -16218.6 -20078.5 298.891 25.8947 0.873587
966300 -16252.4 -20084.9 296.774 -64.3463 0.872773
966400 -16295.4 -20085.8 293.509 -193.592 0.872738
966500 -16233.9 -20080.3 297.852 157.894 0.874118
966600 -16149.1 -20012.5 299.174 -15.407 0.87457
966700 -16128.9 -20003.2 300.011 -39.6065 0.875102
966800 -16133.4 -19958.1 296.164 -97.6255 0.875907
966900 -16082.6 -19950.6 299.518 120.576 0.877207
967000 -15972.8 -19919.6 305.629 33.5588 0.878176
967100 -16027.7 -19936.9 302.718 117.726 0.878491
967200 -16116.2 -19974 298.733 21.2076 0.877804
967300 -16162.2 -20018.2 298.592 66.0551 0.876707
967400 -16217.1 -20065 297.967 -133.715 0.874911
967500 -16272.2 -20063.4 293.578 -322.449 0.874264
967600 -16231.3 -20065.8 296.93 118.486 0.876446
967700 -16110.7 -19986.6 300.136 112.343 0.878433
967800 -16090.3 -19973 300.657 -54.3159 0.879974
967900 -16142.7 -19986.8 297.673 192.443 0.881893
968000 -16202.3 -19986.1 293.007 -40.8636 0.883089
968100 -16158.3 -20037.1 300.355 265.897 0.884331
968200 -16047.7 -19961.7 303.085 112.995 0.883202
968300 -16035.3 -19905.4 299.688 114.171 0.880427
968400 -16104 -19962.4 298.778 -39.4181 0.876471
968500 -16194.5 -20011.3 295.559 -128.942 0.872445
968600 -16189.1 -20007.6 295.69 -117.755 0.869621
968700 -16138.3 -19972 296.868 -54.4313 0.86792
968800 -16078 -19975 301.769 -59.0469 0.866739
968900 -16096.3 -19953.6 298.694 -221.24 0.866297
969000 -16210.3 -19995 293.077 -114.421 0.86792
969100 -16250.6 -20094.5 297.661 73.9518 0.870832
969200 -16238.2 -20029.9 293.614 125.825 0.87308
969300 -16192.4 -20041.4 298.048 -16.6046 0.874179
969400 -16177.1 -20033.9 298.657 1.35286 0.875352
969500 -16168.3 -19991.5 296.055 203.277 0.876296
969600 -16087.1 -19957.2 299.684 46.4862 0.875628
969700 -16005.3 -19899.3 301.532 136.288 0.874121
969800 -16027.8 -19890.3 299.098 122.035 0.871361
969900 -16059.8 -19890.3 296.622 -399.813 0.867874
970000 -16068 -19930 299.054 -139.816 0.867641
970100 -16118.8 -19943.1 296.14 -92.6832 0.86917
970200 -16190.8 -19996.5 294.695 -24.7233 0.871486
970300 -16177.7 -19996.1 295.682 60.9651 0.874218
970400 -16099.4 -19999.2 301.991 173.092 0.876067
970500 -16107.8 -19982.7 300.06 166.384 0.876272
970600 -16208 -20001.8 293.773 -146.446 0.875218
970700 -16244.7 -20044.5 294.248 -212.094 0.875525
970800 -16121.7 -20053.6 304.47 418.715 0.877018
970900 -16080.5 -19964.1 300.734 -196.87 0.87569
971000 -16132 -19990.4 298.779 -72.1106 0.875596
971100 -16204.8 -20061.3 298.63 58.175 0.876589
971200 -16249.6 -20049.2 294.223 -23.6453 0.876936
971300 -16224.1 -20063.3 297.296 93.2768 0.877171
971400 -16201.1 -20007.5 294.749 54.3581 0.876819
971500 -16142.2 -19996.6 298.474 38.1958 0.875715
971600 -16114 -19984.5 299.719 -167.709 0.874327
971700 -16131.8 -19977 297.751 182.543 0.873797
971800 -16208 -20046.6 297.243 -175.679 0.872117
971900 -16300.2 -20094.2 293.794 -324.671 0.871892
972000 -16274.3 -20116.7 297.54 61.4121 0.87478
972100 -16230.9 -20103.2 299.861 380.021 0.877749
972200 -16205.2 -20110 302.37 120.16 0.877654
972300 -16265.3 -20079.5 295.358 -143.474 0.875906
972400 -16299 -20099.6 294.306 -82.9142 0.875209
972500 -16232.3 -20088.2 298.587 103.737 0.87548
972600 -16149.9 -20010.5 298.946 -47.9072 0.874913
972700 -16113.2 -20022.8 302.743 -213.728 0.874711
972800 -16149.8 -20025.4 300.112 90.7512 0.876212
972900 -16190.5 -20072.8 300.63 39.275 0.877557
973000 -16243.3 -20037.2 293.783 67.9663 0.878323
973100 -16203.7 -20045.2 297.467 24.9662 0.878571
973200 -16124.7 -19998.7 299.986 76.1723 0.878546
973300 -16070.9 -19930.4 298.867 -9.39169 0.877896
973400 -15954.7 -19887.6 304.545 152.287 0.876963
973500 -15946.8 -19879.7 304.543 -29.1363 0.874699
973600 -16043 -19948.7 302.448 -272.789 0.872574
973700 -16121.1 -19982.7 299.029 35.5176 0.872495
973800 -16170.4 -19978.3 294.866 -21.586 0.872581
973900 -16149.4 -19975.1 296.249 -244.318 0.873192
974000 -16052.3 -19935.9 300.733 -49.3764 0.875994
974100 -16008.4 -19905.9 301.81 205.495 0.879335
974200 -16043.3 -19902.2 298.814 26.8644 0.881194
974300 -16071.7 -19939.7 299.521 50.319 0.882535
974400 -16116.4 -19992.9 300.179 322.172 0.88317
974500 -16175.3 -20018.3 297.583 188.586 0.880945
974600 -16188 -20009.6 295.928 -63.8194 0.876643
974700 -16152.8 -19971.2 295.677 -57.8352 0.872998
974800 -16094.3 -19945.6 298.234 -71.7355 0.87022
974900 -16045.8 -19878.6 296.792 -155.395 0.868089
975000 -16008.5 -19876.1 299.493 -59.375 0.867499
975100 -16016.8 -19876.6 298.889 -27.5867 0.867772
975200 -16040.6 -19909.1 299.565 -43.6246 0.868417
975300 -16092.1 -19908.2 295.507 33.8365 0.869202
975400 -16122.3 -19963.2 297.424 -278.099 0.870109
975500 -16174 -19998.1 296.124 166.398 0.872636
975600 -16219 -20013.1 293.802 13.0987 0.874358
975700 -16179.8 -20043 299.15 80.4555 0.875919
975800 -16130.7 -20039.8 302.71 41.9717 0.876673
975900 -16190.7 -20046.1 298.551 -77.2733 0.87698
976000 -16292.6 -20125.3 296.792 46.2263 0.877971
976100 -16314.1 -20130.9 295.555 245.457 0.878341
976200 -16266.2 -20090.5 296.134 -201.294 0.876777
976300 -16181.3 -20055.2 299.976 219.692 0.87621
976400 -16182.4 -20077.3 301.607 41.7869 0.874559
976500 -16225.3 -20069.3 297.661 -70.4121 0.871913
976600 -16254.3 -20083.2 296.498 -280.957 0.87006
976700 -16227.1 -20013.7 293.219 53.4527 0.870443
976800 -16106.8 -19991.2 300.799 192.403 0.870604
976900 -16099.5 -19953.2 298.417 -82.8292 0.869104
977000 -16131.5 -20005.1 299.959 -165.469 0.868084
977100 -16223 -20056.3 296.836 -92.1996 0.868693
977200 -16274.2 -20099.3 296.198 -55.5128 0.870425
977300 -16264.2 -20103 297.259 44.1747 0.872802
977400 -16255 -20104.2 298.067 50.1902 0.875317
977500 -16242 -20078.1 297.06 21.3492 0.87784
977600 -16228.6 -20061.4 296.798 46.4066 0.880425
977700 -16213.1 -20076.4 299.153 -38.9581 0.883102
977800 -16230.6 -20084.7 298.45 152.814 0.886335
977900 -16296.4 -20126.2 296.572 157.033 0.888552
978000 -16382.1 -20172.2 293.491 104.412 0.889502
978100 -16352.7 -20184.5 296.726 337.82 0.889013
978200 -16240.7 -20121.6 300.52 194.768 0.885063
978300 -16194 -20000.4 294.758 -65.9948 0.878959
978400 -16161.7 -20059.8 301.853 -172.621 0.873492
978500 -16202 -20037.8 297.027 -93.085 0.869882
978600 -16250.3 -20068.5 295.665 -180.626 0.867845
978700 -16247.2 -20040.1 293.705 -271.191 0.867884
978800 -16127.8 -20002.8 300.068 85.2787 0.870007
978900 -16104 -20013.5 302.736 130.849 0.871395
979000 -16181.6 -20027 297.77 -126.771 0.871623
979100 -16228.1 -20053.4 296.214 -135.584 0.872819
979200 -16217.6 -20045.6 296.426 87.1764 0.875098
979300 -16147.6 -20062.8 303.176 179.454 0.87654
979400 -16051 -19962.2 302.869 142.099 0.876204
979500 -15999.3 -19878.5 300.39 -136.236 0.875013
979600 -15983.9 -19920 304.794 -13.8966 0.874779
979700 -16104 -19960.9 298.668 -176.938 0.874886
979800 -16169.5 -20017.9 298.007 -146.546 0.876507
979900 -16202.1 -20060.4 298.772 51.5909 0.879433
980000 -16251 -20078.3 296.373 231.86 0.881498
980100 -16316.7 -20105.2 293.37 175.898 0.881516
980200 -16293.5 -20111.1 295.624 -4.23975 0.879976
980300 -16186.1 -20076.4 301.249 54.6372 0.878315
980400 -16178.7 -20039.3 298.948 -124.229 0.87659
980500 -16196.9 -20024.3 296.381 -143.538 0.875926
980600 -16152.2 -20026.5 300.012 5.90902 0.876703
980700 -16074.8 -19949.2 300.015 31.2505 0.877251
980800 -16051.6 -19972.4 303.611 9.01706 0.877529
980900 -16145.4 -19977.7 296.762 3.12387 0.877702
981000 -16206.8 -20063.8 298.676 78.5994 0.877603
981100 -16233.4 -20081.9 298.006 -91.1592 0.877118
981200 -16239.3 -20042.5 294.504 130.686 0.877183
981300 -16131.4 -19981.5 298.134 -64.7627 0.876551
981400 -16067 -19961.1 301.545 122.531 0.876024
981500 -16123.9 -20026.5 302.203 2.65947 0.874916
981600 -16219.4 -20063 297.635 -52.183 0.873969
981700 -16237.9 -20050.6 295.247 -18.8139 0.873601
981800 -16173.4 -20009.3 297.043 238.533 0.872976
981900 -16110.4 -19964.2 298.419 -45.6093 0.870879
982000 -16097.5 -19958.1 298.955 -46.629 0.869412
982100 -16102.7 -19951.8 298.062 -135.126 0.868742
982200 -16123.9 -20004.8 300.524 -371.12 0.869756
982300 -16217.2 -20023.8 294.769 212.552 0.873253
982400 -16299.3 -20123.7 296.148 -51.2384 0.875197
982500 -16433.8 -20137.1 286.772 -212.851 0.877365
982600 -16406.6 -20191.3 293.078 208.345 0.880712
982700 -16320.9 -20151.8 296.651 208.707 0.882191
982800 -16274.8 -20127.2 298.318 276.327 0.881246
982900 -16229.5 -20063.4 296.883 -295.765 0.878514
983000 -16154.1 -20040.1 300.923 133.011 0.877661
983100 -16144.6 -19993.9 298.075 -83.7829 0.876332
983200 -16150.1 -19989.8 297.331 -41.0368 0.875563
983300 -16170.7 -20013.3 297.554 213.008 0.875219
983400 -16190.4 -20025.5 296.973 32.8216 0.873348
983500 -16184.2 -20037.4 298.382 -103.841 0.871039
983600 -16164.3 -19994.9 296.627 -265.82 0.869847
983700 -16101.9 -19983.9 300.606 -18.5783 0.871021
983800 -16059.1 -19941.6 300.647 154.865 0.872415
983900 -16063.4 -19936.7 299.937 53.1963 0.872396
984000 -16157.2 -20026.5 299.624 -119.391 0.871976
984100 -16239.8 -20064.1 296.141 83.0014 0.872481
984200 -16244.3 -20051 294.778 17.5196 0.87262
984300 -16160.7 -20011.1 298.158 -3.54487 0.872312
984400 -16094.8 -19962 299.459 105.306 0.871799
984500 -16113.6 -20009.7 301.698 -6.65192 0.870366
984600 -16171.9 -20033.2 298.999 -79.2944 0.868905
984700 -16215.4 -20072.3 298.658 -157.992 0.868005
984800 -16261 -20099.1 297.205 -126.16 0.86873
984900 -16282.5 -20086.5 294.57 -34.2926 0.87113
985000 -16172.6 -20074.8 302.169 112.013 0.873932
985100 -16110.5 -20000.4 301.218 -58.1269 0.875998
985200 -16156.2 -20036.8 300.5 164.231 0.878333
985300 -16250.1 -20098.8 298.029 358.948 0.879348
985400 -16288.4 -20115.9 296.389 296.855 0.876746
985500 -16267.7 -20101.6 296.885 -342.831 0.871462
985600 -16203.8 -20069.3 299.331 -70.7814 0.868272
985700 -16077.7 -19957.9 300.468 -312.027 0.866509
985800 -16028.1 -19922.9 301.599 -225.677 0.867629
985900 -16076.5 -19974.2 301.821 -55.2741 0.871229
986000 -16156.3 -20016.3 298.906 72.1279 0.875486
986100 -16202.1 -20053.1 298.205 230.539 0.878881
986200 -16238.1 -20093.9 298.582 109.196 0.88031
986300 -16270.4 -20073.1 294.47 261.314 0.880201
986400 -16183 -20035.1 298.295 103.291 0.877804
986500 -16080.9 -19948.9 299.527 26.3527 0.8744
986600 -16068.1 -19938.1 299.683 -205.015 0.871306
986700 -16109.3 -19972 299.112 -132.4 0.870132
986800 -16206.4 -20042.2 297.023 -110.508 0.870586
986900 -16241.4 -20044.9 294.526 102.075 0.871932
987000 -16207.7 -20066.3 298.797 -175.957 0.872478
987100 -16196.4 -20036.2 297.342 -53.4034 0.874041
987200 -16172.4 -20007.4 296.969 161.583 0.876044
987300 -16110.8 -19995.2 300.792 100.943 0.876743
987400 -15974.7 -19918.6 305.405 102.474 0.876092
987500 -15987.2 -19897.1 302.77 -57.2364 0.874549
987600 -16082.8 -19932.7 298.123 -314.763 0.874156
987700 -16119.4 -19958.8 297.303 223.16 0.875998
987800 -16109.8 -19941.8 296.739 31.8745 0.876337
987900 -16038.8 -19894.3 298.557 -120.223 0.876284
988000 -15944.5 -19854 302.731 35.8379 0.87705
988100 -15962.2 -19877.6 303.19 144.862 0.877431
988200 -16021.7 -19887.3 299.335 153.33 0.876468
988300 -16059.5 -19901.1 297.477 -24.8182 0.874144
988400 -16082 -19911.7 296.565 -164.739 0.87225
988500 -16092.3 -19936.6 297.691 -15.0629 0.871839
988600 -16089.1 -19912.8 296.091 -211.659 0.871931
988700 -16017.3 -19881.4 299.217 -166.069 0.873935
988800 -15965 -19856.4 301.338 -4.7718 0.877277
988900 -16015.5 -19901.3 300.903 13.7438 0.880681
989000 -16135 -20006.5 299.792 186.399 0.88335
989100 -16182.8 -20003.7 295.882 -10.3569 0.884385
989200 -16162.6 -19985.1 295.996 367.123 0.884855
989300 -16088.8 -19978 301.165 186.423 0.882322
989400 -16068.8 -19947.9 300.381 -118.339 0.87828
989500 -16157.9 -19997.9 297.356 -47.7205 0.875749
989600 -16244.8 -20040.8 293.953 -52.8208 0.87407
989700 -16194.3 -20002 294.85 -123.209 0.873284
989800 -16120.3 -19988.8 299.562 208.745 0.87349
989900 -16108.8 -19977.1 299.551 -66.1371 0.872141
990000 -16137.1 -19981.1 297.668 -282.536 0.871472
990100 -16234.2 -20005 291.993 -158.489 0.873474
990200 -16256.4 -20050.4 293.792 -147.71 0.877064
990300 -16172.5 -20033.9 299.011 124.388 0.881384
990400 -16145.4 -20000.4 298.513 48.1268 0.884228
990500 -16136.4 -19969.3 296.807 137.899 0.88576
990600 -16101.4 -19980.3 300.373 5.30616 0.886278
990700 -16139.1 -20030.4 301.33 64.6163 0.886485
990800 -16251.7 -20062 295.059 57.496 0.886201
990900 -16254.1 -20076.8 296.009 240.053 0.885156
991000 -16201.3 -20060 298.8 195.726 0.881975
991100 -16133 -20001.3 299.543 -27.9915 0.877458
991200 -16039.5 -19941 302.111 -27.4822 0.873119
991300 -15968.6 -19853.9 300.862 -65.6247 0.869263
991400 -15882.2 -19813.2 304.408 -12.7064 0.866561
991500 -15889.2 -19802 302.992 -131.254 0.86461
991600 -15992.3 -19826.1 296.874 -357.15 0.863959
991700 -16016.8 -19872.2 298.55 -228.822 0.866633
991800 -16045.9 -19916 299.682 57.8537 0.871427
991900 -16148.9 -20009.6 298.957 101.617 0.875251
992000 -16200.4 -20037.6 297.14 -13.6911 0.877744
992100 -16188.6 -20017.1 296.467 -54.7214 0.879958
992200 -16145.9 -20049.9 302.312 72.4644 0.882098
992300 -16193.6 -20043 298.083 296.477 0.883189
992400 -16299.4 -20124 296.163 137.062 0.881777
992500 -16300.5 -20076.1 292.366 68.7579 0.878962
992600 -16223.5 -20038.2 295.394 75.7897 0.875817
992700 -16165.4 -20009.4 297.664 -163.03 0.872532
992800 -16127.1 -19989.2 299.064 -200.611 0.870884
992900 -16109.6 -19941.8 296.758 125.053 0.871051
993000 -16041 -19928.9 301.066 108.976 0.870533
993100 -15993.7 -19908.2 303.127 36.2648 0.868947
993200 -16064.4 -19896.3 296.733 -246.188 0.867463
993300 -16095.1 -19923.4 296.452 -99.0597 0.867941
993400 -16083.9 -19942 298.755 -60.6079 0.869372
993500 -16068.7 -19927.6 298.822 6.90296 0.871266
993600 -16047.1 -19893.7 297.868 117.932 0.873154
993700 -16029.9 -19950.9 303.628 -29.2952 0.874013
993800 -16117.5 -19971.1 298.41 76.0634 0.874807
993900 -16174.4 -19994.2 295.794 34.3606 0.874965
994000 -16159.1 -20010.8 298.262 -2.44713 0.874782
994100 -16111.9 -19981.4 299.646 268.31 0.874462
994200 -16029.6 -19890 298.929 64.9749 0.871834
994300 -15955.5 -19873 303.353 7.75031 0.868184
994400 -16007.2 -19899.4 301.4 -235.14 0.86505
994500 -16068.8 -19910.4 297.476 -228.748 0.864208
994600 -16077.2 -19910.3 296.819 -96.0964 0.865635
994700 -16048.9 -19892.5 297.628 0.547092 0.867763
994800 -15964.2 -19816.5 298.3 -21.6041 0.869904
994900 -15894 -19843.3 305.819 -46.4236 0.872385
995000 -15955.7 -19851.5 301.674 219.089 0.874569
995100 -16021.2 -19883.9 299.111 271.088 0.874416
995200 -16079.9 -19938.4 298.789 -26.8651 0.87221
995300 -16136.7 -19947.6 295.105 -246.456 0.870533
995400 -16117.5 -19956.9 297.308 -18.5719 0.871096
995500 -16003.1 -19937.1 304.633 77.0058 0.871822
995600 -15980.4 -19817.5 297.134 -199.018 0.871868
995700 -15990.6 -19888.2 301.818 -119.868 0.873654
995800 -16122.9 -19970.3 297.923 63.6357 0.876293
995900 -16193 -20010.5 295.611 198.768 0.877758
996000 -16173.6 -20026.3 298.338 211.798 0.877129
996100 -16141 -19999 298.747 87.3186 0.874838
996200 -16116.2 -19996.1 300.445 86.3964 0.8718
996300 -16114.3 -19948.9 296.94 -82.9223 0.868539
996400 -16093.9 -19944.6 298.184 -282.083 0.866738
996500 -16066.9 -19963.1 301.707 82.1215 0.867445
996600 -16135.3 -19974.1 297.267 -24.7405 0.867766
996700 -16210.9 -20031.5 295.856 -277.468 0.868391
996800 -16223 -20056.1 296.82 -38.8772 0.871309
996900 -16160.8 -20060.2 301.95 295.876 0.874288
997000 -16064.4 -19960.3 301.682 11.7549 0.874759
997100 -16050.9 -19937.7 300.981 -101.372 0.874906
997200 -16134.8 -19966.2 296.69 132.498 0.875635
997300 -16197.4 -20029.3 296.726 36.4441 0.875522
997400 -16218.1 -20076.4 298.775 100.727 0.874894
997500 -16228.5 -20075.2 297.873 -227.769 0.873717
997600 -16227.2 -20079.4 298.297 -47.6452 0.874061
997700 -16233.3 -20087 298.417 -65.3321 0.87527
997800 -16248.8 -20083.7 296.954 153.968 0.876944
997900 -16281.4 -20089.3 294.87 -45.7002 0.877622
998000 -16264.9 -20035.7 291.998 202.396 0.878133
998100 -16168.8 -20055.3 300.956 42.2369 0.877143
998200 -16140.2 -19984.2 297.663 -146.683 0.875641
998300 -16120.5 -20000.4 300.446 -54.3128 0.875393
998400 -16156.9 -19992.9 297.04 2.00299 0.875633
998500 -16229.6 -20045.6 295.5 -35.9109 0.876164
998600 -16273.1 -20082.5 294.984 194.398 0.876876
998700 -16257.7 -20078.6 295.871 -92.3956 0.876014
998800 -16157 -20035 300.293 0.0483715 0.875416
998900 -16102.1 -19937 296.955 88.8405 0.874948
999000 -16063.3 -19943.5 300.468 -46.3757 0.873694
999100 -16080.1 -19951.7 299.801 -44.6203 0.872526
999200 -16184 -19980.8 294.014 -118.526 0.871893
999300 -16211.1 -20041.9 296.647 -120.077 0.872432
999400 -16175.4 -20020.5 297.749 126.508 0.873967
999500 -16089.4 -19978.3 301.139 -170.515 0.875207
999600 -16037.3 -19933.3 301.691 205.426 0.877663
999700 -16075.2 -19920.8 297.79 199.56 0.878729
999800 -16182.4 -20009.4 296.352 -80.4313 0.878043
999900 -16210.4 -20027.1 295.548 41.4158 0.877714
1000000 -16170.7 -20007.8 297.129 108.267 0.877059
