# Radius 	finiterdf__met_met	rdf__met_met	finiterdf__met_wat	rdf__met_wat	finiterdf__wat_wat	rdf__wat_wat	
0.00806548 0	0	0	0	0	0	
0.0241964 0	0	0	0	0	0	
0.0403274 0	0	0	0	0	0	
0.0564583 0	0	0	0	0	0	
0.0725893 0	0	0	0	0	0	
0.0887202 0	0	0	0	0	0	
0.104851 0	0	0	0	0	0	
0.120982 0	0	0	0	0	0	
0.137113 0	0	0	0	0	0	
0.153244 0	0	0	0	0	0	
0.169375 0	0	0	0	0	0	
0.185506 0	0	0	0	0	0	
0.201637 0	0	0	0	0	0	
0.217768 0	0	0	0	0	0	
0.233899 0	0	0	0	0	0	
0.25003 0	0	0	0	0	0	
0.266161 0	0	0	0	0	0	
0.282292 0	0	0	0	0	0	
0.298423 0	0	0	0	0	0	
0.314554 0	0	0	0	0	0	
0.330684 0	0	0	0	0	0	
0.346815 0	0	0	0	0	0	
0.362946 0	0	0	0	0	0	
0.379077 0	0	0	0	0	0	
0.395208 0	0	0	0	0	0	
0.411339 0	0	0	0	0	0	
0.42747 0	0	0	0	0	0	
0.443601 0	0	0	0	0	0	
0.459732 0	0	0	0	0	0	
0.475863 0	0	0	0	0	0	
0.491994 0	0	0	0	0	0	
0.508125 0	0	0	0	0	0	
0.524256 0	0	0	0	0	0	
0.540387 0	0	0	0	0	0	
0.556518 0	0	0	0	0	0	
0.572649 0	0	0	0	0	0	
0.58878 0	0	0	0	0	0	
0.604911 0	0	0	0	0	0	
0.621042 0	0	0	0	0	0	
0.637173 0	0	0	0	0	0	
0.653303 0	0	0	0	0	0	
0.669434 0	0	0	0	0	0	
0.685565 0	0	0	0	0	0	
0.701696 0	0	0	0	0	0	
0.717827 0	0	0	0	0	0	
0.733958 0	0	0	0	0	0	
0.750089 0	0	0	0	0	0	
0.76622 0	0	0	0	0	0	
0.782351 0	0	0	0	0	0	
0.798482 0	0	0	0	0	0	
0.814613 0	0	0	0	0	0	
0.830744 0	0	0	0	0	0	
0.846875 0	0	0	0	0	0	
0.863006 0	0	0	0	0	0	
0.879137 0	0	0	0	0	0	
0.895268 0	0	0	0	0	0	
0.911399 0	0	0	0	0	0	
0.92753 0	0	0	0	0	0	
0.943661 0	0	0	0	0	0	
0.959792 0	0	0	0	0	0	
0.975922 0	0	0	0	0	0	
0.992053 0	0	0	0	0	0	
1.00818 0	0	0	0	0	0	
1.02432 0	0	0	0	0	0	
1.04045 0	0	0	0	0	0	
1.05658 0	0	0	0	0	0	
1.07271 0	0	0	0	0	0	
1.08884 0	0	0	0	0	0	
1.10497 0	0	0	0	0	0	
1.1211 0	0	0	0	0	0	
1.13723 0	0	0	0	0	0	
1.15336 0	0	0	0	0	0	
1.16949 0	0	0	0	0	0	
1.18562 0	0	0	0	0	0	
1.20176 0	0	0	0	0	0	
1.21789 0	0	0	0	0	0	
1.23402 0	0	0	0	0	0	
1.25015 0	0	0	0	0	0	
1.26628 0	0	0	0	0	0	
1.28241 0	0	0	0	0	0	
1.29854 0	0	0	0	0	0	
1.31467 0	0	0	0	0	0	
1.3308 0	0	0	0	0	0	
1.34693 0	0	0	0	0	0	
1.36307 0	0	0	0	0	0	
1.3792 0	0	0	0	0	0	
1.39533 0	0	0	0	0	0	
1.41146 0	0	0	0	0	0	
1.42759 0	0	0	0	0	0	
1.44372 0	0	0	0	0	0	
1.45985 0	0	0	0	0	0	
1.47598 0	0	0	0	0	0	
1.49211 0	0	0	0	0	0	
1.50824 0	0	0	0	0	0	
1.52437 0	0	0	0	0	0	
1.54051 0	0	0	0	0	0	
1.55664 0	0	0	0	0	0	
1.57277 0	0	0	0	0	0	
1.5889 0	0	0	0	0	0	
1.60503 0	0	0	0	0	0	
1.62116 0	0	0	0	0	0	
1.63729 0	0	0	0	0	0	
1.65342 0	0	0	0	0	0	
1.66955 0	0	0	0	0	0	
1.68568 0	0	0	0	0	0	
1.70182 0	0	0	0	0	0	
1.71795 0	0	0	0	0	0	
1.73408 0	0	0	0	0	0	
1.75021 0	0	0	0	0	0	
1.76634 0	0	0	0	0	0	
1.78247 0	0	0	0	0	0	
1.7986 0	0	0	0	0	0	
1.81473 0	0	0	0	0	0	
1.83086 0	0	0	0	0	0	
1.84699 0	0	0	0	0	0	
1.86312 0	0	0	0	0	0	
1.87926 0	0	0	0	0	0	
1.89539 0	0	0	0	0	0	
1.91152 0	0	0	0	0	0	
1.92765 0	0	0	0	0	0	
1.94378 0	0	0	0	0	0	
1.95991 0	0	0	0	0	0	
1.97604 0	0	0	0	0	0	
1.99217 0	0	0	0	0	0	
2.0083 0	0	0	0	0	0	
2.02443 0	0	0	0	0	0	
2.04057 0	0	0	0	0	0	
2.0567 0	0	0	0	0	0	
2.07283 0	0	0	0	0	0	
2.08896 0	0	0	0	0	0	
2.10509 0	0	0	0	0	0	
2.12122 0	0	0	0	0	0	
2.13735 0	0	0	0	0	0	
2.15348 0	0	0	0	0	0	
2.16961 0	0	0	0	0	0	
2.18574 0	0	0	0	0	0	
2.20187 0	0	0	0	0	0	
2.21801 0	0	0	0	0	0	
2.23414 0	0	0	0	0	0	
2.25027 0	0	0	0	0	0	
2.2664 0	0	0	0	0	0	
2.28253 0	0	0	0	0	0	
2.29866 0	0	0	0	0	0	
2.31479 3.49764e-06	3.49921e-06	0	0	0	0	
2.33092 2.24211e-05	2.24309e-05	4.31175e-06	4.30931e-06	0	0	
2.34705 9.01569e-05	9.01951e-05	8.50537e-06	8.50047e-06	1.70107e-06	1.7018e-06	
2.36318 0.000375856	0.000376011	7.46679e-05	7.4624e-05	1.17455e-05	1.17504e-05	
2.37932 0.00125137	0.00125187	0.000273117	0.000272953	5.13129e-05	5.13335e-05	
2.39545 0.00326934	0.00327061	0.000979823	0.000979223	0.000215561	0.000215645	
2.41158 0.00887807	0.0088814	0.00294217	0.00294033	0.000873305	0.000873633	
2.42771 0.020254	0.0202614	0.00817777	0.00817256	0.00279826	0.00279928	
2.44384 0.0417025	0.0417172	0.0200425	0.0200294	0.00837063	0.00837357	
2.45997 0.0793774	0.0794043	0.0442049	0.0441756	0.02184	0.0218473	
2.4761 0.14015	0.140196	0.0887808	0.0887209	0.0512437	0.0512603	
2.49223 0.229125	0.229198	0.163645	0.163533	0.106115	0.106148	
2.50836 0.349521	0.349629	0.277635	0.277442	0.205532	0.205595	
2.52449 0.505855	0.506008	0.443938	0.443626	0.362156	0.362262	
2.54062 0.694929	0.695137	0.662924	0.662456	0.596265	0.596437	
2.55676 0.906816	0.907085	0.935043	0.934381	0.919666	0.91993	
2.57289 1.13632	1.13666	1.25474	1.25385	1.32524	1.32562	
2.58902 1.36956	1.36998	1.60526	1.60414	1.81447	1.81502	
2.60515 1.59772	1.59822	1.9735	1.97216	2.36434	2.3651	
2.62128 1.80212	1.80271	2.33703	2.33548	2.94948	2.95051	
2.63741 1.97816	1.97884	2.67924	2.67753	3.5336	3.53498	
2.65354 2.12151	2.12226	2.97723	2.97542	4.08747	4.08926	
2.66967 2.22317	2.22401	3.23043	3.22858	4.58811	4.59036	
2.6858 2.28518	2.28608	3.41746	3.41563	4.99355	4.99631	
2.70193 2.30282	2.30377	3.53875	3.53699	5.31419	5.31748	
2.71807 2.28833	2.28932	3.59866	3.59702	5.51394	5.51775	
2.7342 2.24375	2.24477	3.59608	3.59459	5.62544	5.62974	
2.75033 2.17144	2.17247	3.54576	3.54444	5.63892	5.64366	
2.76646 2.08197	2.08299	3.4467	3.44555	5.5642	5.56929	
2.78259 1.9742	1.9752	3.32076	3.31978	5.41274	5.41809	
2.79872 1.86321	1.86419	3.1608	3.15998	5.20217	5.20768	
2.81485 1.73946	1.74039	2.98798	2.98731	4.95436	4.95994	
2.83098 1.61838	1.61926	2.80311	2.80257	4.6755	4.68106	
2.84711 1.49672	1.49755	2.61615	2.61572	4.38274	4.38821	
2.86324 1.3794	1.38017	2.42622	2.42587	4.08709	4.09241	
2.87937 1.26899	1.26971	2.24154	2.24127	3.7884	3.79352	
2.89551 1.16425	1.16491	2.06527	2.06506	3.49915	3.50404	
2.91164 1.0676	1.06821	1.90016	1.9	3.22309	3.22772	
2.92777 0.979496	0.980053	1.74614	1.74602	2.96705	2.97142	
2.9439 0.895944	0.896452	1.60316	1.60306	2.72297	2.72707	
2.96003 0.824955	0.82542	1.47115	1.47107	2.50092	2.50476	
2.97616 0.754579	0.755001	1.35119	1.35114	2.29473	2.2983	
2.99229 0.694341	0.694725	1.24367	1.24362	2.10784	2.11117	
3.00842 0.63935	0.6397	1.14676	1.14672	1.94295	1.94605	
3.02455 0.593089	0.593408	1.05729	1.05725	1.79622	1.79911	
3.04068 0.551943	0.552236	0.979935	0.9799	1.66016	1.66286	
3.05682 0.512213	0.51248	0.911684	0.91165	1.54473	1.54726	
3.07295 0.48105	0.481295	0.849424	0.84939	1.43678	1.43915	
3.08908 0.452537	0.452762	0.795622	0.795586	1.34473	1.34696	
3.10521 0.427503	0.427711	0.748272	0.748235	1.26207	1.26416	
3.12134 0.406672	0.406865	0.705416	0.705377	1.1903	1.19228	
3.13747 0.389225	0.389405	0.669843	0.669801	1.12993	1.13181	
3.1536 0.371754	0.371921	0.637776	0.637731	1.07466	1.07645	
3.16973 0.359278	0.359434	0.609732	0.609684	1.02539	1.0271	
3.18586 0.349034	0.34918	0.586017	0.585965	0.985619	0.987263	
3.20199 0.340579	0.340718	0.565991	0.565936	0.950119	0.951702	
3.21812 0.332996	0.333126	0.549376	0.549317	0.916806	0.918332	
3.23426 0.328375	0.328498	0.534164	0.534101	0.892503	0.893986	
3.25039 0.324432	0.324549	0.521911	0.521843	0.868274	0.869714	
3.26652 0.321386	0.321497	0.512163	0.512092	0.850008	0.851416	
3.28265 0.320963	0.321068	0.504508	0.504432	0.834822	0.836202	
3.29878 0.320421	0.320521	0.497744	0.497663	0.819009	0.820358	
3.31491 0.321477	0.321573	0.493324	0.493238	0.806216	0.807541	
3.33104 0.324079	0.32417	0.490337	0.490245	0.797652	0.798959	
3.34717 0.326461	0.326548	0.488391	0.488294	0.791531	0.792824	
3.3633 0.330271	0.330354	0.487702	0.487599	0.784251	0.785528	
3.37943 0.335276	0.335354	0.489155	0.489045	0.777295	0.778557	
3.39557 0.340846	0.34092	0.489467	0.489351	0.775772	0.777026	
3.4117 0.345755	0.345824	0.492972	0.49285	0.774131	0.775378	
3.42783 0.353054	0.35312	0.496156	0.496026	0.772246	0.773487	
3.44396 0.358704	0.358764	0.499814	0.499677	0.770425	0.771658	
3.46009 0.365778	0.365834	0.504637	0.504492	0.770621	0.771849	
3.47622 0.375031	0.375082	0.509612	0.509459	0.771868	0.773094	
3.49235 0.383183	0.383229	0.515377	0.515216	0.770832	0.772052	
3.50848 0.393121	0.393162	0.520448	0.520279	0.775007	0.776229	
3.52461 0.401242	0.401277	0.528641	0.528462	0.776618	0.777837	
3.54074 0.411214	0.411243	0.536313	0.536125	0.778002	0.77922	
3.55687 0.422667	0.422691	0.543765	0.543568	0.782278	0.783498	
3.57301 0.434234	0.434251	0.551548	0.551341	0.785699	0.786919	
3.58914 0.444376	0.444387	0.560214	0.559998	0.789286	0.790507	
3.60527 0.457421	0.457425	0.570097	0.569869	0.794439	0.795664	
3.6214 0.468348	0.468346	0.579315	0.579077	0.797552	0.798777	
3.63753 0.481703	0.481694	0.589013	0.588765	0.801145	0.802371	
3.65366 0.493679	0.493662	0.598647	0.598388	0.806276	0.807505	
3.66979 0.506823	0.506799	0.609353	0.609082	0.810731	0.811962	
3.68592 0.521097	0.521065	0.620641	0.620358	0.817229	0.818466	
3.70205 0.534406	0.534365	0.630852	0.630558	0.823304	0.824546	
3.71818 0.549301	0.549252	0.642309	0.642003	0.828073	0.829318	
3.73431 0.563178	0.563121	0.652713	0.652395	0.834195	0.835445	
3.75045 0.577228	0.577162	0.664893	0.664562	0.840769	0.842025	
3.76658 0.59286	0.592785	0.676188	0.675845	0.846516	0.847777	
3.78271 0.606647	0.606563	0.688664	0.688308	0.853368	0.854635	
3.79884 0.621832	0.621739	0.700415	0.700046	0.859689	0.860962	
3.81497 0.636618	0.636515	0.712666	0.712285	0.865316	0.866594	
3.8311 0.653181	0.653068	0.724805	0.72441	0.874078	0.875365	
3.84723 0.668781	0.668658	0.735657	0.73525	0.879198	0.880489	
3.86336 0.683543	0.683411	0.749353	0.748933	0.886013	0.887311	
3.87949 0.700058	0.699916	0.760805	0.760373	0.894428	0.895735	
3.89562 0.715451	0.7153	0.774505	0.77406	0.901239	0.902554	
3.91176 0.732294	0.732132	0.785784	0.785326	0.908665	0.909988	
3.92789 0.74787	0.747699	0.798321	0.797851	0.917963	0.919297	
3.94402 0.763153	0.762972	0.811307	0.810824	0.924087	0.925427	
3.96015 0.780498	0.780307	0.823232	0.822737	0.933157	0.934508	
3.97628 0.79612	0.79592	0.836666	0.836159	0.940206	0.941566	
3.99241 0.813829	0.813619	0.847681	0.847162	0.948841	0.950212	
4.00854 0.829532	0.829313	0.860358	0.859828	0.956275	0.957655	
4.02467 0.844847	0.84462	0.872337	0.871795	0.964646	0.966037	
4.0408 0.859199	0.858964	0.884335	0.883782	0.973372	0.974775	
4.05693 0.876589	0.876345	0.896543	0.895979	0.98008	0.981492	
4.07306 0.893238	0.892986	0.908215	0.907641	0.988872	0.990297	
4.0892 0.908869	0.90861	0.920832	0.920248	0.995859	0.997293	
4.10533 0.923779	0.923513	0.931423	0.93083	1.00449	1.00594	
4.12146 0.94006	0.939787	0.942697	0.942094	1.01174	1.0132	
4.13759 0.956673	0.956394	0.954005	0.953393	1.01969	1.02116	
4.15372 0.970109	0.969825	0.965034	0.964413	1.02808	1.02956	
4.16985 0.984227	0.983938	0.976792	0.976163	1.03582	1.03731	
4.18598 0.999817	0.999523	0.987369	0.986733	1.04241	1.04392	
4.20211 1.01374	1.01345	0.999067	0.998424	1.05024	1.05176	
4.21824 1.02806	1.02776	1.00981	1.00916	1.05971	1.06125	
4.23437 1.04329	1.04299	1.01993	1.01928	1.06382	1.06537	
4.25051 1.0574	1.0571	1.03001	1.02935	1.07183	1.07339	
4.26664 1.07316	1.07286	1.03961	1.03894	1.08061	1.08218	
4.28277 1.08575	1.08545	1.04837	1.0477	1.0856	1.08718	
4.2989 1.09936	1.09906	1.0593	1.05862	1.0924	1.094	
4.31503 1.11382	1.11352	1.06796	1.06729	1.09706	1.09867	
4.33116 1.12703	1.12673	1.0779	1.07722	1.1045	1.10613	
4.34729 1.13845	1.13815	1.08663	1.08595	1.1105	1.11214	
4.36342 1.15277	1.15248	1.09497	1.09429	1.11475	1.11641	
4.37955 1.16289	1.1626	1.10345	1.10277	1.11865	1.12031	
4.39568 1.17497	1.17468	1.11097	1.11028	1.12512	1.1268	
4.41181 1.18673	1.18645	1.1196	1.11892	1.1298	1.13149	
4.42795 1.19788	1.19761	1.12685	1.12617	1.13349	1.13519	
4.44408 1.20841	1.20814	1.13335	1.13267	1.13898	1.1407	
4.46021 1.2194	1.21915	1.14111	1.14044	1.14242	1.14415	
4.47634 1.22836	1.22811	1.14727	1.1466	1.14596	1.14771	
4.49247 1.23725	1.23701	1.15364	1.15297	1.14723	1.14898	
4.5086 1.2474	1.24717	1.15874	1.15808	1.15066	1.15242	
4.52473 1.25438	1.25417	1.16467	1.16401	1.1546	1.15638	
4.54086 1.2624	1.26221	1.16774	1.16708	1.15627	1.15806	
4.55699 1.26877	1.26858	1.17239	1.17174	1.15927	1.16107	
4.57312 1.27588	1.27571	1.17729	1.17665	1.16013	1.16195	
4.58926 1.28193	1.28178	1.17977	1.17914	1.16243	1.16426	
4.60539 1.28648	1.28635	1.18151	1.18089	1.16253	1.16436	
4.62152 1.28924	1.28912	1.18502	1.1844	1.16367	1.16552	
4.63765 1.29646	1.29636	1.18562	1.18501	1.16611	1.16797	
4.65378 1.29672	1.29664	1.18631	1.18572	1.16611	1.16798	
4.66991 1.2996	1.29953	1.18726	1.18668	1.16648	1.16835	
4.68604 1.30142	1.30137	1.18798	1.1874	1.16521	1.16709	
4.70217 1.30316	1.30314	1.18763	1.18707	1.16625	1.16814	
4.7183 1.30303	1.30302	1.18618	1.18563	1.16606	1.16796	
4.73443 1.30355	1.30356	1.18445	1.18391	1.16448	1.1664	
4.75056 1.30312	1.30315	1.1833	1.18277	1.1643	1.16622	
4.7667 1.30099	1.30104	1.18001	1.17949	1.16297	1.1649	
4.78283 1.30039	1.30046	1.17863	1.17812	1.16279	1.16473	
4.79896 1.30005	1.30013	1.17448	1.17399	1.16039	1.16233	
4.81509 1.29655	1.29666	1.17222	1.17174	1.1595	1.16145	
4.83122 1.29515	1.29528	1.168	1.16753	1.15647	1.15842	
4.84735 1.29227	1.29241	1.16428	1.16382	1.15324	1.1552	
4.86348 1.28697	1.28713	1.15933	1.15888	1.15003	1.15199	
4.87961 1.28383	1.28401	1.15474	1.1543	1.14798	1.14995	
4.89574 1.28018	1.28038	1.15011	1.14968	1.14624	1.14822	
4.91187 1.27585	1.27607	1.1444	1.14398	1.14291	1.14488	
4.92801 1.27081	1.27104	1.13907	1.13866	1.13816	1.14014	
4.94414 1.26577	1.26602	1.1338	1.1334	1.13482	1.1368	
4.96027 1.26056	1.26083	1.12701	1.12662	1.13096	1.13294	
4.9764 1.25631	1.25659	1.12171	1.12133	1.12734	1.12932	
4.99253 1.25015	1.25045	1.11474	1.11437	1.12398	1.12597	
5.00866 1.24286	1.24317	1.10942	1.10906	1.11848	1.12046	
5.02479 1.23835	1.23868	1.10112	1.10077	1.11347	1.11545	
5.04092 1.23278	1.23312	1.09514	1.0948	1.10963	1.11161	
5.05705 1.22561	1.22597	1.08801	1.08767	1.10372	1.1057	
5.07318 1.21844	1.2188	1.08033	1.08	1.09688	1.09884	
5.08931 1.2131	1.21348	1.07291	1.07259	1.09162	1.09358	
5.10545 1.20649	1.20688	1.06615	1.06583	1.0854	1.08736	
5.12158 1.19816	1.19856	1.05834	1.05803	1.07962	1.08158	
5.13771 1.1927	1.19311	1.05099	1.05068	1.07336	1.07531	
5.15384 1.18567	1.18609	1.04346	1.04315	1.06628	1.06822	
5.16997 1.17666	1.17709	1.0352	1.0349	1.05953	1.06146	
5.1861 1.17234	1.17278	1.02771	1.02742	1.05091	1.05283	
5.20223 1.16366	1.16411	1.02006	1.01977	1.04511	1.04702	
5.21836 1.15718	1.15764	1.01177	1.01148	1.03849	1.04039	
5.23449 1.14779	1.14825	1.00393	1.00364	1.03176	1.03365	
5.25062 1.14132	1.14179	0.995443	0.995159	1.02282	1.0247	
5.26676 1.13355	1.13403	0.987434	0.987152	1.01462	1.01648	
5.28289 1.12673	1.12722	0.979725	0.979444	1.00713	1.00897	
5.29902 1.11857	1.11906	0.972121	0.971841	0.999556	1.00139	
5.31515 1.11012	1.11061	0.963522	0.963242	0.991987	0.993806	
5.33128 1.10342	1.10391	0.955387	0.955107	0.983214	0.985016	
5.34741 1.09599	1.09649	0.947596	0.947315	0.974033	0.975817	
5.36354 1.08914	1.08964	0.9397	0.939417	0.96615	0.967917	
5.37967 1.08197	1.08248	0.932411	0.932127	0.958226	0.959977	
5.3958 1.07484	1.07534	0.924718	0.924432	0.95062	0.952354	
5.41193 1.06739	1.06789	0.9173	0.917012	0.94286	0.944576	
5.42806 1.05993	1.06044	0.909879	0.909587	0.934795	0.936493	
5.4442 1.05388	1.05439	0.901765	0.901471	0.927366	0.929046	
5.46033 1.04623	1.04674	0.895698	0.8954	0.919737	0.921399	
5.47646 1.0391	1.03961	0.88855	0.888247	0.913752	0.915398	
5.49259 1.03287	1.03338	0.883	0.882693	0.904905	0.906529	
5.50872 1.0261	1.0266	0.876121	0.875809	0.89905	0.900658	
5.52485 1.01959	1.02009	0.870088	0.869771	0.892719	0.894309	
5.54098 1.01504	1.01554	0.865493	0.86517	0.8874	0.888974	
5.55711 1.00844	1.00893	0.860481	0.860152	0.883121	0.884682	
5.57324 1.00358	1.00407	0.855637	0.855301	0.877064	0.878606	
5.58937 0.998164	0.998657	0.852334	0.851991	0.872557	0.874084	
5.60551 0.993937	0.994428	0.847281	0.846931	0.869348	0.870862	
5.62164 0.989134	0.989621	0.843633	0.843276	0.865668	0.867168	
5.63777 0.98349	0.983974	0.840231	0.839866	0.863671	0.865159	
5.6539 0.979107	0.979587	0.837665	0.837292	0.860018	0.861492	
5.67003 0.975316	0.975793	0.835601	0.835219	0.857764	0.859226	
5.68616 0.972002	0.972475	0.833096	0.832706	0.857114	0.858566	
5.70229 0.968363	0.968832	0.831405	0.831006	0.855246	0.856686	
5.71842 0.965095	0.965561	0.830667	0.830258	0.854701	0.856132	
5.73455 0.961807	0.962268	0.829503	0.829085	0.854408	0.85583	
5.75068 0.959031	0.959488	0.828828	0.8284	0.854698	0.856111	
5.76681 0.957093	0.957546	0.828693	0.828255	0.855272	0.856678	
5.78295 0.953991	0.954439	0.828075	0.827627	0.855778	0.857176	
5.79908 0.952594	0.953039	0.828398	0.82794	0.857432	0.858823	
5.81521 0.950015	0.950455	0.828987	0.828518	0.859514	0.8609	
5.83134 0.948171	0.948607	0.829901	0.82942	0.860849	0.862228	
5.84747 0.946044	0.946475	0.831242	0.830751	0.863404	0.864779	
5.8636 0.943906	0.944332	0.832439	0.831936	0.86681	0.868182	
5.87973 0.944244	0.944667	0.834008	0.833494	0.869804	0.871172	
5.89586 0.941815	0.942232	0.835195	0.83467	0.872673	0.874037	
5.91199 0.940402	0.940815	0.838063	0.837526	0.876789	0.878151	
5.92812 0.940452	0.940861	0.84042	0.839871	0.880082	0.881442	
5.94426 0.939777	0.940181	0.843103	0.842543	0.88418	0.885538	
5.96039 0.938852	0.939251	0.844413	0.843842	0.886939	0.888294	
5.97652 0.938607	0.939001	0.847593	0.84701	0.891896	0.893251	
5.99265 0.9386	0.93899	0.851137	0.850541	0.896606	0.897961	
6.00878 0.937619	0.938004	0.853736	0.853129	0.900879	0.902234	
6.02491 0.937078	0.937459	0.857185	0.856565	0.904915	0.906269	
6.04104 0.937947	0.938323	0.86075	0.860119	0.91051	0.911866	
6.05717 0.937983	0.938354	0.864556	0.863912	0.915054	0.916411	
6.0733 0.938138	0.938505	0.86784	0.867184	0.919436	0.920794	
6.08943 0.938529	0.938891	0.871339	0.870672	0.925252	0.926614	
6.10556 0.939216	0.939574	0.874341	0.873663	0.929249	0.930611	
6.1217 0.940329	0.940683	0.878974	0.878284	0.935509	0.936875	
6.13783 0.93989	0.940239	0.882714	0.882013	0.941124	0.942494	
6.15396 0.940982	0.941328	0.88684	0.886127	0.94728	0.948655	
6.17009 0.94134	0.941681	0.891533	0.890808	0.95237	0.953749	
6.18622 0.943694	0.944032	0.894933	0.894198	0.956672	0.958054	
6.20235 0.944651	0.944985	0.899628	0.898882	0.962582	0.963969	
6.21848 0.944455	0.944784	0.90376	0.903002	0.968623	0.970017	
6.23461 0.94625	0.946576	0.908371	0.907603	0.972975	0.974373	
6.25074 0.947297	0.947618	0.91312	0.912341	0.977682	0.979085	
6.26687 0.949495	0.949813	0.916981	0.916193	0.984077	0.985488	
6.28301 0.949937	0.950252	0.921714	0.920915	0.990276	0.991695	
6.29914 0.951665	0.951976	0.926167	0.925358	0.99419	0.995614	
6.31527 0.954054	0.954363	0.931027	0.930208	0.999547	1.00098	
6.3314 0.954428	0.954732	0.934972	0.934144	1.00536	1.0068	
6.34753 0.956706	0.957008	0.939859	0.939022	1.01083	1.01228	
6.36366 0.957252	0.957551	0.943713	0.942868	1.01546	1.01692	
6.37979 0.95907	0.959366	0.948543	0.947689	1.02132	1.02279	
6.39592 0.961252	0.961545	0.952697	0.951836	1.02556	1.02704	
6.41205 0.962867	0.963157	0.957854	0.956984	1.03082	1.03231	
6.42818 0.964303	0.964591	0.961449	0.960572	1.03606	1.03756	
6.44431 0.965922	0.966207	0.966099	0.965215	1.04021	1.04172	
6.46045 0.967639	0.967922	0.970494	0.969604	1.04365	1.04517	
6.47658 0.970232	0.970513	0.975535	0.974638	1.04894	1.05047	
6.49271 0.972656	0.972935	0.978525	0.977623	1.05369	1.05523	
6.50884 0.973713	0.973991	0.983199	0.982291	1.05706	1.05861	
6.52497 0.974912	0.975188	0.987378	0.986465	1.06259	1.06416	
6.5411 0.976532	0.976806	0.991689	0.990771	1.0657	1.06728	
6.55723 0.97816	0.978432	0.995051	0.994129	1.0705	1.07209	
6.57336 0.979654	0.979924	0.999009	0.998084	1.07322	1.07482	
6.58949 0.981834	0.982104	1.0022	1.00127	1.07674	1.07835	
6.60562 0.984237	0.984506	1.00677	1.00584	1.08015	1.08178	
6.62176 0.9847	0.984968	1.00941	1.00847	1.08351	1.08515	
6.63789 0.986878	0.987146	1.01347	1.01253	1.08673	1.08839	
6.65402 0.988504	0.988771	1.0165	1.01556	1.08978	1.09145	
6.67015 0.989867	0.990133	1.01919	1.01825	1.09125	1.09294	
6.68628 0.990832	0.991097	1.02293	1.02199	1.09503	1.09673	
6.70241 0.992525	0.99279	1.02582	1.02488	1.09642	1.09814	
6.71854 0.993915	0.99418	1.02834	1.0274	1.09893	1.10066	
6.73467 0.995356	0.995621	1.03169	1.03076	1.10027	1.10201	
6.7508 0.996706	0.996971	1.03366	1.03272	1.10126	1.10301	
6.76693 0.998445	0.99871	1.03613	1.03519	1.10337	1.10514	
6.78306 0.998529	0.998794	1.03826	1.03732	1.1054	1.10719	
6.7992 0.99976	1.00003	1.04013	1.0392	1.10633	1.10812	
6.81533 1.00101	1.00127	1.0421	1.04117	1.1058	1.10761	
6.83146 1.0019	1.00217	1.04425	1.04333	1.10698	1.10881	
6.84759 1.00291	1.00318	1.04539	1.04447	1.10743	1.10927	
6.86372 1.00339	1.00366	1.04708	1.04616	1.10822	1.11007	
6.87985 1.00406	1.00433	1.04874	1.04782	1.10881	1.11068	
6.89598 1.0054	1.00567	1.04986	1.04895	1.10738	1.10925	
6.91211 1.00603	1.0063	1.05129	1.05038	1.10647	1.10835	
6.92824 1.00681	1.00708	1.05212	1.05122	1.10695	1.10885	
6.94437 1.00734	1.00761	1.05277	1.05188	1.10655	1.10846	
6.96051 1.0076	1.00787	1.05357	1.05268	1.10549	1.10741	
6.97664 1.00819	1.00846	1.05437	1.05348	1.10453	1.10646	
6.99277 1.00833	1.00861	1.05494	1.05406	1.10315	1.10509	
7.0089 1.0092	1.00948	1.05513	1.05426	1.10144	1.10339	
7.02503 1.00904	1.00932	1.05547	1.0546	1.10016	1.10212	
7.04116 1.01026	1.01054	1.05488	1.05402	1.09847	1.10044	
7.05729 1.00935	1.00963	1.05484	1.05398	1.09739	1.09937	
7.07342 1.00999	1.01027	1.05523	1.05437	1.09445	1.09643	
7.08955 1.00997	1.01026	1.05556	1.05472	1.09169	1.09368	
7.10568 1.00971	1.00999	1.05517	1.05433	1.08986	1.09186	
7.12181 1.01065	1.01093	1.05431	1.05348	1.08813	1.09013	
7.13795 1.01048	1.01077	1.05419	1.05337	1.08641	1.08843	
7.15408 1.01072	1.01101	1.05306	1.05225	1.0827	1.08472	
7.17021 1.00989	1.01018	1.05276	1.05195	1.0801	1.08212	
7.18634 1.00991	1.0102	1.05197	1.05117	1.07727	1.0793	
7.20247 1.00923	1.00952	1.0515	1.0507	1.07548	1.07751	
7.2186 1.00923	1.00952	1.05069	1.0499	1.07197	1.07401	
7.23473 1.00785	1.00814	1.04928	1.0485	1.06955	1.07159	
7.25086 1.00841	1.0087	1.04848	1.0477	1.06624	1.06828	
7.26699 1.00844	1.00873	1.04731	1.04653	1.06345	1.0655	
7.28312 1.00874	1.00903	1.04593	1.04517	1.06053	1.06257	
7.29925 1.00822	1.00851	1.04579	1.04503	1.05668	1.05872	
7.31539 1.00795	1.00825	1.04426	1.0435	1.05442	1.05647	
7.33152 1.00753	1.00783	1.04284	1.04209	1.05126	1.05331	
7.34765 1.0068	1.0071	1.0418	1.04106	1.04847	1.05052	
7.36378 1.0064	1.0067	1.04052	1.03979	1.04456	1.04661	
7.37991 1.00612	1.00642	1.03825	1.03752	1.04151	1.04355	
7.39604 1.00588	1.00618	1.03792	1.0372	1.03915	1.0412	
7.41217 1.00509	1.00539	1.03605	1.03533	1.03569	1.03774	
7.4283 1.00418	1.00448	1.03507	1.03436	1.0325	1.03454	
7.44443 1.00405	1.00436	1.03365	1.03294	1.02952	1.03156	
7.46056 1.00373	1.00403	1.03241	1.03171	1.02713	1.02917	
7.4767 1.0035	1.0038	1.03114	1.03044	1.0233	1.02533	
7.49283 1.00304	1.00334	1.03008	1.02939	1.02022	1.02225	
7.50896 1.00327	1.00358	1.02843	1.02773	1.018	1.02003	
7.52509 1.00226	1.00256	1.02708	1.0264	1.01502	1.01705	
7.54122 1.00287	1.00317	1.0256	1.02492	1.01167	1.0137	
7.55735 1.00138	1.00168	1.02479	1.02411	1.00964	1.01166	
7.57348 1.00097	1.00128	1.02341	1.02274	1.00628	1.00829	
7.58961 1.0009	1.0012	1.02151	1.02084	1.00377	1.00578	
7.60574 1.00067	1.00097	1.02065	1.01998	1.00146	1.00346	
7.62187 0.999902	1.0002	1.0194	1.01873	0.999656	1.00166	
7.638 0.99961	0.999913	1.0178	1.01714	0.995822	0.997816	
7.65414 1.00016	1.00046	1.01697	1.01632	0.994513	0.996503	
7.67027 0.999058	0.999361	1.01563	1.01498	0.992546	0.994532	
7.6864 0.999331	0.999633	1.01466	1.01401	0.989884	0.991864	
7.70253 0.999394	0.999696	1.01376	1.01311	0.987234	0.989207	
7.71866 0.998817	0.999119	1.01232	1.01167	0.986065	0.988034	
7.73479 0.998174	0.998476	1.01131	1.01066	0.984189	0.986153	
7.75092 0.998789	0.999091	1.00978	1.00913	0.981672	0.983628	
7.76705 0.998882	0.999184	1.00943	1.00879	0.979972	0.981922	
7.78318 0.998311	0.998613	1.00815	1.00751	0.977919	0.979863	
7.79931 0.998169	0.998471	1.00717	1.00653	0.976872	0.978811	
7.81545 0.998389	0.998691	1.0065	1.00586	0.975347	0.97728	
7.83158 0.99787	0.99817	1.00602	1.00538	0.974238	0.976166	
7.84771 0.998954	0.999255	1.00494	1.0043	0.972689	0.974611	
7.86384 0.998372	0.998673	1.00413	1.00349	0.971479	0.973394	
7.87997 0.999063	0.999364	1.00345	1.00282	0.970224	0.972134	
7.8961 0.998738	0.999039	1.00305	1.00241	0.969812	0.971717	
7.91223 0.998292	0.998592	1.00138	1.00075	0.968215	0.970112	
7.92836 0.998392	0.998692	1.00134	1.0007	0.9665	0.96839	
7.94449 0.998694	0.998994	1.00033	0.9997	0.966378	0.968263	
7.96062 0.998973	0.999273	1.00046	0.999828	0.965752	0.967632	
7.97675 0.999419	0.999719	0.999699	0.999066	0.964683	0.966556	
7.99289 0.99975	1.00005	0.99887	0.998238	0.964112	0.96598	
8.00902 0.999704	1	0.999034	0.998402	0.964336	0.9662	
8.02515 0.999485	0.999786	0.998477	0.997845	0.963772	0.96563	
8.04128 0.9996	0.9999	0.997919	0.997287	0.96344	0.965293	
8.05741 1.00067	1.00097	0.997317	0.996685	0.962849	0.964695	
8.07354 1.00083	1.00113	0.99763	0.996997	0.961846	0.963686	
8.08967 1.00053	1.00083	0.996705	0.996072	0.96244	0.964276	
8.1058 1.00077	1.00107	0.997001	0.996367	0.96216	0.96399	
8.12193 1.00168	1.00198	0.996523	0.995889	0.962129	0.963955	
8.13806 1.00193	1.00223	0.995994	0.99536	0.962463	0.964284	
8.1542 1.00224	1.00254	0.995794	0.995159	0.962489	0.964305	
8.17033 1.00285	1.00315	0.99603	0.995394	0.961858	0.963668	
8.18646 1.00191	1.00222	0.995195	0.994559	0.963426	0.965234	
8.20259 1.0034	1.0037	0.995883	0.995246	0.963154	0.964956	
8.21872 1.00371	1.00402	0.995567	0.994929	0.963501	0.965299	
8.23485 1.00368	1.00399	0.995244	0.994606	0.964481	0.966276	
8.25098 1.00449	1.0048	0.995504	0.994865	0.964583	0.966373	
8.26711 1.00457	1.00488	0.995445	0.994805	0.965016	0.966802	
8.28324 1.00537	1.00568	0.995672	0.995031	0.965063	0.966844	
8.29937 1.00534	1.00565	0.99507	0.994429	0.966104	0.967883	
8.3155 1.0055	1.00581	0.995365	0.994723	0.966807	0.968582	
8.33164 1.0067	1.00701	0.995957	0.995313	0.967482	0.969254	
8.34777 1.00662	1.00693	0.995347	0.994703	0.967747	0.969516	
8.3639 1.00701	1.00733	0.995656	0.995012	0.968801	0.970567	
8.38003 1.00722	1.00753	0.995432	0.994786	0.969203	0.970965	
8.39616 1.0082	1.00851	0.995729	0.995083	0.970538	0.972298	
8.41229 1.00797	1.00829	0.995957	0.99531	0.971414	0.973172	
8.42842 1.00796	1.00828	0.995485	0.994838	0.97152	0.973275	
8.44455 1.00871	1.00903	0.996128	0.99548	0.972372	0.974123	
8.46068 1.00861	1.00893	0.995876	0.995226	0.97295	0.974699	
8.47681 1.00928	1.0096	0.996537	0.995887	0.974376	0.976124	
8.49295 1.00965	1.00997	0.99625	0.995599	0.975388	0.977134	
8.50908 1.00973	1.01006	0.997038	0.996386	0.975726	0.977469	
8.52521 1.01015	1.01048	0.996926	0.996273	0.977151	0.978893	
8.54134 1.0102	1.01053	0.997079	0.996426	0.977908	0.979649	
8.55747 1.01058	1.01092	0.996747	0.996093	0.978154	0.979892	
8.5736 1.01089	1.01122	0.997059	0.996404	0.979139	0.980876	
8.58973 1.0107	1.01104	0.997078	0.996423	0.980556	0.982293	
8.60586 1.01148	1.01182	0.997467	0.996811	0.980788	0.982522	
8.62199 1.01132	1.01166	0.996653	0.995998	0.982379	0.984113	
8.63812 1.0119	1.01224	0.997396	0.99674	0.983059	0.984792	
8.65425 1.01187	1.01221	0.997973	0.997315	0.984028	0.98576	
8.67039 1.01209	1.01244	0.997703	0.997045	0.985001	0.986732	
8.68652 1.01161	1.01196	0.998054	0.997395	0.985802	0.987534	
8.70265 1.01215	1.0125	0.997898	0.997239	0.986279	0.988009	
8.71878 1.01228	1.01263	0.99817	0.99751	0.987571	0.989301	
8.73491 1.012	1.01235	0.99782	0.99716	0.988188	0.989918	
8.75104 1.01214	1.0125	0.998406	0.997745	0.988035	0.989763	
8.76717 1.01287	1.01323	0.998268	0.997607	0.9896	0.99133	
8.7833 1.01268	1.01305	0.998465	0.997804	0.989799	0.991527	
8.79943 1.01326	1.01362	0.998385	0.997723	0.990204	0.991931	
8.81556 1.01334	1.01371	0.998535	0.997873	0.991543	0.993272	
8.8317 1.01329	1.01366	0.99871	0.998048	0.992679	0.994409	
8.84783 1.01334	1.01371	0.998496	0.997833	0.993062	0.994792	
8.86396 1.01334	1.01371	0.998401	0.997738	0.994077	0.995807	
8.88009 1.01334	1.01372	0.998974	0.99831	0.994406	0.996136	
8.89622 1.01283	1.01321	0.998874	0.99821	0.995126	0.996857	
8.91235 1.01285	1.01323	0.997829	0.997165	0.995983	0.997715	
8.92848 1.0126	1.01298	0.997917	0.997253	0.99623	0.997962	
8.94461 1.01305	1.01344	0.998601	0.997936	0.997119	0.998852	
8.96074 1.01264	1.01303	0.998444	0.997778	0.997145	0.998879	
8.97687 1.01277	1.01316	0.998767	0.998101	0.997967	0.999702	
8.993 1.01239	1.01278	0.99825	0.997584	0.998916	1.00065	
9.00914 1.01174	1.01214	0.998423	0.997757	0.998659	1.0004	
9.02527 1.01203	1.01242	0.998323	0.997656	0.999255	1.00099	
9.0414 1.01172	1.01212	0.998169	0.997502	0.999828	1.00157	
9.05753 1.01162	1.01203	0.998428	0.99776	0.999972	1.00171	
9.07366 1.01136	1.01176	0.998232	0.997564	1.0008	1.00254	
9.08979 1.01124	1.01165	0.997872	0.997203	1.00138	1.00312	
9.10592 1.01088	1.01129	0.99773	0.997061	1.00165	1.0034	
9.12205 1.0102	1.01061	0.997621	0.996951	1.00202	1.00377	
9.13818 1.00982	1.01024	0.99692	0.996251	1.00231	1.00405	
9.15431 1.00944	1.00985	0.99743	0.996759	1.00157	1.00332	
9.17045 1.00912	1.00954	0.99744	0.996769	1.00293	1.00468	
9.18658 1.0097	1.01011	0.997313	0.996641	1.00201	1.00376	
9.20271 1.00895	1.00936	0.996963	0.996291	1.00244	1.00419	
9.21884 1.00878	1.0092	0.99659	0.995918	1.00304	1.0048	
9.23497 1.0083	1.00872	0.997081	0.996407	1.00317	1.00492	
9.2511 1.00763	1.00805	0.997049	0.996375	1.00417	1.00593	
9.26723 1.00757	1.008	0.996487	0.995812	1.00331	1.00506	
9.28336 1.00605	1.00648	0.995979	0.995303	1.00322	1.00498	
9.29949 1.00612	1.00655	0.996124	0.995448	1.00411	1.00587	
9.31562 1.00637	1.0068	0.995458	0.994782	1.004	1.00576	
9.33175 1.0057	1.00613	0.995423	0.994746	1.00412	1.00588	
9.34789 1.00508	1.0055	0.995628	0.994949	1.00402	1.00578	
9.36402 1.00488	1.00531	0.995129	0.99445	1.00344	1.00521	
9.38015 1.00433	1.00476	0.995271	0.99459	1.00373	1.00549	
9.39628 1.0037	1.00413	0.994728	0.994046	1.00318	1.00494	
9.41241 1.0036	1.00403	0.994608	0.993925	1.00376	1.00553	
9.42854 1.00335	1.00378	0.994367	0.993683	1.0034	1.00517	
9.44467 1.00245	1.00289	0.994326	0.993641	1.00395	1.00572	
9.4608 1.0022	1.00264	0.993736	0.99305	1.00368	1.00544	
9.47693 1.00144	1.00187	0.993382	0.992694	1.00276	1.00453	
9.49306 1.00024	1.00067	0.993886	0.993197	1.00253	1.00429	
9.5092 1.00031	1.00075	0.993292	0.992602	1.00287	1.00464	
9.52533 1.0001	1.00054	0.993504	0.992813	1.0025	1.00427	
9.54146 0.999372	0.999805	0.992997	0.992305	1.00267	1.00444	
9.55759 0.999175	0.999607	0.992881	0.992186	1.00222	1.00399	
9.57372 0.998922	0.999354	0.992477	0.991781	1.00254	1.00431	
9.58985 0.998127	0.998558	0.992497	0.9918	1.00256	1.00434	
9.60598 0.997988	0.998419	0.992259	0.99156	1.00215	1.00393	
9.62211 0.997496	0.997926	0.992119	0.991419	1.00137	1.00314	
9.63824 0.996713	0.997142	0.992195	0.991493	1.00152	1.0033	
9.65437 0.995812	0.99624	0.991762	0.991059	1.00151	1.00328	
9.6705 0.995414	0.995841	0.991965	0.991259	1.00151	1.00328	
9.68664 0.995191	0.995617	0.991259	0.990552	1.00182	1.00359	
9.70277 0.9953	0.995725	0.991478	0.990769	1.00131	1.00309	
9.7189 0.994348	0.994771	0.991137	0.990426	1.00152	1.0033	
9.73503 0.994409	0.994831	0.991068	0.990355	1.0003	1.00208	
9.75116 0.993395	0.993816	0.990993	0.990278	1.00114	1.00292	
9.76729 0.992802	0.993221	0.990898	0.990181	1.00025	1.00203	
9.78342 0.993033	0.993451	0.990976	0.990257	0.999985	1.00176	
9.79955 0.992399	0.992815	0.991053	0.990332	1.00046	1.00224	
9.81568 0.992474	0.992889	0.991237	0.990513	1.00004	1.00181	
9.83181 0.991939	0.992352	0.990889	0.990164	1.0004	1.00218	
9.84795 0.991792	0.992203	0.990954	0.990227	1.00015	1.00192	
9.86408 0.991303	0.991712	0.990783	0.990053	0.999538	1.00132	
9.88021 0.990902	0.991309	0.990776	0.990044	1.0001	1.00188	
9.89634 0.991439	0.991845	0.990863	0.990129	0.999424	1.0012	
9.91247 0.990535	0.990938	0.991146	0.99041	0.999817	1.0016	
9.9286 0.990347	0.990748	0.990967	0.990229	0.999444	1.00122	
9.94473 0.990029	0.990428	0.990762	0.990022	0.999553	1.00133	
9.96086 0.989609	0.990005	0.991119	0.990376	0.999809	1.00159	
9.97699 0.990066	0.990461	0.991155	0.99041	0.99961	1.00139	
9.99312 0.989292	0.989684	0.991451	0.990704	0.999976	1.00176	
10.0093 0.988915	0.989305	0.9913	0.990551	0.999411	1.00119	
10.0254 0.989049	0.989437	0.991611	0.99086	0.999076	1.00086	
10.0415 0.98907	0.989455	0.991486	0.990733	0.999442	1.00122	
10.0576 0.988573	0.988955	0.991602	0.990847	0.999886	1.00167	
10.0738 0.988798	0.989178	0.992108	0.991351	0.999704	1.00149	
10.0899 0.988522	0.9889	0.992045	0.991286	0.998952	1.00073	
10.106 0.988944	0.989319	0.991795	0.991034	0.999352	1.00113	
10.1222 0.988727	0.9891	0.992304	0.99154	0.999474	1.00126	
10.1383 0.98861	0.98898	0.99265	0.991884	0.999345	1.00113	
10.1544 0.988346	0.988713	0.992638	0.991871	0.999459	1.00124	
10.1706 0.988196	0.988561	0.993392	0.992622	0.999999	1.00178	
10.1867 0.988448	0.98881	0.993041	0.99227	1.00026	1.00205	
10.2028 0.988384	0.988744	0.99354	0.992767	0.99948	1.00126	
10.219 0.988362	0.988718	0.993627	0.992852	1.00048	1.00227	
10.2351 0.988628	0.988983	0.993893	0.993116	1.00014	1.00193	
10.2512 0.98863	0.988982	0.994562	0.993783	0.999859	1.00165	
10.2673 0.989118	0.989468	0.994516	0.993736	1.00032	1.0021	
10.2835 0.988634	0.988981	0.995103	0.99432	0.999863	1.00165	
10.2996 0.989044	0.989389	0.995213	0.994429	0.999775	1.00156	
10.3157 0.989155	0.989498	0.99578	0.994995	1.00064	1.00243	
10.3319 0.989485	0.989825	0.995562	0.994776	1.0006	1.00239	
10.348 0.989204	0.989541	0.99627	0.995483	1.00093	1.00272	
10.3641 0.990078	0.990413	0.996671	0.995882	1.0011	1.0029	
10.3803 0.989739	0.990072	0.996781	0.995991	1.00138	1.00317	
10.3964 0.99004	0.990371	0.997374	0.996583	1.00114	1.00293	
10.4125 0.990266	0.990594	0.997681	0.996889	1.00179	1.00359	
10.4287 0.990473	0.990799	0.998031	0.997237	1.00176	1.00356	
10.4448 0.990609	0.990933	0.998221	0.997427	1.00158	1.00338	
10.4609 0.990498	0.99082	0.99878	0.997985	1.00136	1.00316	
10.4771 0.991288	0.991608	0.998643	0.997847	1.0025	1.0043	
10.4932 0.990919	0.991236	0.998957	0.99816	1.00236	1.00416	
10.5093 0.991262	0.991578	0.999559	0.998762	1.00202	1.00382	
10.5254 0.991244	0.991558	0.999905	0.999108	1.00217	1.00397	
10.5416 0.99178	0.992092	1.00052	0.999724	1.00235	1.00415	
10.5577 0.991778	0.992087	1.00052	0.999727	1.00266	1.00446	
10.5738 0.992463	0.992771	1.00101	1.00021	1.00259	1.0044	
10.59 0.992323	0.992629	1.00109	1.0003	1.00276	1.00457	
10.6061 0.992992	0.993296	1.00152	1.00073	1.0032	1.00501	
10.6222 0.993714	0.994017	1.00198	1.00118	1.00294	1.00475	
10.6384 0.993327	0.993629	1.00177	1.00097	1.0037	1.00551	
10.6545 0.993556	0.993857	1.00248	1.00168	1.00298	1.00479	
10.6706 0.994477	0.994776	1.00296	1.00217	1.00336	1.00517	
10.6868 0.99461	0.994908	1.0028	1.002	1.00312	1.00493	
10.7029 0.99453	0.994827	1.00329	1.00249	1.00351	1.00533	
10.719 0.995607	0.995903	1.00353	1.00274	1.00389	1.00571	
10.7351 0.995139	0.995433	1.0042	1.0034	1.00402	1.00584	
10.7513 0.995631	0.995924	1.00405	1.00326	1.00359	1.00541	
10.7674 0.99568	0.995973	1.00442	1.00362	1.00394	1.00577	
10.7835 0.996454	0.996746	1.00477	1.00398	1.00384	1.00567	
10.7997 0.996429	0.996721	1.00513	1.00434	1.0045	1.00633	
10.8158 0.99722	0.997511	1.005	1.00421	1.00385	1.00568	
10.8319 0.996933	0.997223	1.00582	1.00503	1.0038	1.00563	
10.8481 0.996846	0.997135	1.00595	1.00516	1.00424	1.00607	
10.8642 0.997222	0.99751	1.00619	1.0054	1.00339	1.00522	
10.8803 0.997806	0.998094	1.00627	1.00548	1.00392	1.00576	
10.8965 0.99783	0.998118	1.00655	1.00577	1.00433	1.00617	
10.9126 0.998527	0.998815	1.00683	1.00605	1.00416	1.006	
10.9287 0.99892	0.999208	1.00699	1.00621	1.00386	1.0057	
10.9448 0.998293	0.99858	1.00682	1.00604	1.00387	1.00571	
10.961 0.998778	0.999064	1.00717	1.00639	1.00378	1.00562	
10.9771 0.999028	0.999315	1.00701	1.00623	1.00375	1.00559	
10.9932 0.999459	0.999746	1.0074	1.00663	1.00372	1.00556	
11.0094 0.999051	0.999338	1.00759	1.00682	1.00349	1.00534	
11.0255 1.00032	1.00061	1.00787	1.0071	1.00432	1.00617	
11.0416 1.00034	1.00063	1.00765	1.00688	1.0036	1.00545	
11.0578 1.00072	1.00101	1.00807	1.0073	1.00368	1.00553	
11.0739 1.00079	1.00108	1.00801	1.00725	1.00309	1.00495	
11.09 1.00082	1.00111	1.00784	1.00707	1.00383	1.00569	
11.1062 1.00101	1.0013	1.00805	1.00729	1.00321	1.00506	
11.1223 1.00155	1.00183	1.00824	1.00748	1.00307	1.00493	
11.1384 1.00125	1.00154	1.00811	1.00735	1.00283	1.00469	
11.1546 1.00157	1.00186	1.00817	1.00741	1.00246	1.00432	
11.1707 1.00259	1.00288	1.00855	1.00779	1.00249	1.00435	
11.1868 1.0024	1.00269	1.00859	1.00784	1.00237	1.00423	
11.2029 1.00228	1.00257	1.00819	1.00744	1.00194	1.0038	
11.2191 1.00196	1.00226	1.00813	1.00738	1.00218	1.00405	
11.2352 1.00208	1.00237	1.00824	1.0075	1.00169	1.00355	
11.2513 1.00271	1.00301	1.00828	1.00754	1.00201	1.00387	
11.2675 1.00277	1.00307	1.00844	1.0077	1.00138	1.00325	
11.2836 1.00312	1.00342	1.00806	1.00732	1.00136	1.00323	
11.2997 1.00293	1.00322	1.00805	1.00731	1.00091	1.00278	
11.3159 1.00299	1.00329	1.00834	1.00761	1.00113	1.003	
11.332 1.00345	1.00375	1.00828	1.00755	1.00068	1.00254	
11.3481 1.00358	1.00388	1.00835	1.00762	1.0005	1.00237	
11.3643 1.00323	1.00353	1.00749	1.00676	1.00097	1.00284	
11.3804 1.00351	1.00382	1.00812	1.00739	1.00021	1.00208	
11.3965 1.00383	1.00413	1.00766	1.00693	0.999886	1.00176	
11.4126 1.00378	1.00409	1.00764	1.00692	0.999652	1.00152	
11.4288 1.00366	1.00396	1.00754	1.00682	0.999361	1.00123	
11.4449 1.00378	1.00409	1.0075	1.00678	0.999133	1.001	
11.461 1.00417	1.00448	1.00751	1.0068	0.999762	1.00163	
11.4772 1.00441	1.00472	1.00728	1.00657	0.999086	1.00095	
11.4933 1.00416	1.00448	1.00736	1.00665	0.998373	1.00024	
11.5094 1.00394	1.00425	1.00704	1.00633	0.998295	1.00016	
11.5256 1.00422	1.00454	1.00722	1.00651	0.998428	1.0003	
11.5417 1.00463	1.00494	1.00639	1.00569	0.998391	1.00026	
11.5578 1.00438	1.0047	1.00619	1.00549	0.997512	0.999379	
11.574 1.00477	1.00509	1.00639	1.00569	0.997488	0.999354	
11.5901 1.00438	1.0047	1.00635	1.00565	0.997266	0.999131	
11.6062 1.00419	1.00452	1.00609	1.00539	0.996952	0.998816	
11.6223 1.00436	1.00468	1.0062	1.0055	0.996834	0.998698	
11.6385 1.00451	1.00484	1.00559	1.0049	0.996934	0.998797	
11.6546 1.00437	1.00469	1.00578	1.00509	0.996704	0.998566	
11.6707 1.00424	1.00457	1.00524	1.00455	0.99624	0.998101	
11.6869 1.00447	1.0048	1.00495	1.00426	0.996172	0.998032	
11.703 1.00486	1.00519	1.00516	1.00447	0.995751	0.99761	
11.7191 1.00453	1.00486	1.00461	1.00392	0.99535	0.997207	
11.7353 1.00424	1.00458	1.00444	1.00376	0.995595	0.997451	
11.7514 1.00394	1.00428	1.00413	1.00344	0.99543	0.997286	
11.7675 1.00398	1.00432	1.0046	1.00392	0.995	0.996854	
11.7837 1.00411	1.00445	1.00378	1.0031	0.995244	0.997098	
11.7998 1.00401	1.00435	1.00394	1.00326	0.994883	0.996735	
11.8159 1.00348	1.00382	1.00364	1.00296	0.994836	0.996687	
11.8321 1.00409	1.00443	1.00342	1.00274	0.99452	0.996369	
11.8482 1.00397	1.00431	1.00301	1.00233	0.994672	0.99652	
11.8643 1.00412	1.00447	1.00294	1.00226	0.994582	0.996429	
11.8804 1.00392	1.00427	1.00306	1.00239	0.99399	0.995834	
11.8966 1.00361	1.00396	1.00266	1.00199	0.993735	0.995577	
11.9127 1.00376	1.00411	1.00248	1.00181	0.993757	0.995598	
11.9288 1.00355	1.0039	1.00205	1.00138	0.993198	0.995036	
11.945 1.00324	1.00359	1.00202	1.00134	0.993625	0.995462	
11.9611 1.00358	1.00393	1.00193	1.00125	0.993578	0.995414	
11.9772 1.00311	1.00346	1.00199	1.00132	0.993281	0.995115	
11.9934 1.0031	1.00346	1.00164	1.00097	0.993171	0.995003	
12.0095 1.00267	1.00302	1.00152	1.00085	0.993063	0.994893	
12.0256 1.00286	1.00322	1.00135	1.00068	0.993111	0.994939	
12.0418 1.00283	1.00319	1.00122	1.00055	0.992536	0.994361	
12.0579 1.00289	1.00325	1.00097	1.0003	0.992402	0.994226	
12.074 1.00276	1.00312	1.00064	0.999973	0.992447	0.994269	
12.0901 1.00316	1.00353	1.00092	1.00025	0.992345	0.994165	
12.1063 1.00267	1.00304	1.00045	0.999782	0.992663	0.994481	
12.1224 1.0021	1.00247	1.00004	0.999375	0.992115	0.99393	
12.1385 1.00212	1.00248	1.00019	0.99952	0.991972	0.993784	
12.1547 1.00216	1.00253	1.00021	0.99954	0.991692	0.993502	
12.1708 1.00237	1.00274	1.0002	0.999531	0.992074	0.993883	
12.1869 1.00171	1.00208	0.999858	0.999188	0.992009	0.993815	
12.2031 1.00183	1.0022	0.999528	0.998858	0.992221	0.994025	
12.2192 1.0018	1.00217	0.999247	0.998575	0.991815	0.993617	
12.2353 1.00193	1.0023	0.999281	0.998609	0.992267	0.994067	
12.2515 1.0019	1.00227	0.999411	0.998739	0.991938	0.993736	
12.2676 1.0019	1.00227	0.998867	0.998195	0.992362	0.994158	
12.2837 1.00151	1.00188	0.998902	0.998229	0.992144	0.993938	
12.2998 1.00169	1.00207	0.998947	0.998274	0.992442	0.994235	
12.316 1.00108	1.00146	0.998502	0.997828	0.992223	0.994013	
12.3321 1.00177	1.00214	0.998595	0.99792	0.99211	0.993898	
12.3482 1.00149	1.00187	0.998544	0.997869	0.992811	0.994598	
12.3644 1.00133	1.00171	0.998273	0.997596	0.992291	0.994075	
12.3805 1.00147	1.00184	0.998269	0.997592	0.992081	0.993862	
12.3966 1.0014	1.00177	0.998676	0.997998	0.992534	0.994314	
12.4128 1.00065	1.00103	0.998095	0.997416	0.992459	0.994237	
12.4289 1.00077	1.00115	0.998223	0.997543	0.992867	0.994644	
12.445 1.00071	1.00109	0.998103	0.997422	0.992489	0.994263	
12.4612 1.0007	1.00107	0.998092	0.99741	0.992528	0.9943	
12.4773 1.00045	1.00083	0.997796	0.997114	0.992391	0.994161	
12.4934 1.00051	1.00089	0.998166	0.997483	0.99288	0.994649	
12.5096 0.999938	1.00032	0.99788	0.997196	0.992703	0.994469	
12.5257 1.00065	1.00103	0.997908	0.997223	0.993222	0.994988	
12.5418 1.00055	1.00093	0.997617	0.996931	0.99268	0.994443	
12.5579 1.00011	1.00048	0.9977	0.997012	0.992812	0.994572	
12.5741 1.0002	1.00058	0.997888	0.9972	0.993144	0.994903	
12.5902 1.00003	1.00041	0.997544	0.996854	0.993635	0.995394	
12.6063 1.0003	1.00068	0.99734	0.99665	0.993796	0.995553	
12.6225 1.00011	1.00049	0.997572	0.99688	0.993852	0.995607	
12.6386 0.999775	1.00015	0.99762	0.996927	0.993729	0.995483	
12.6547 1.00002	1.0004	0.997785	0.99709	0.993594	0.995346	
12.6709 0.999996	1.00038	0.997509	0.996814	0.994534	0.996286	
12.687 0.999438	0.999817	0.997668	0.996971	0.994326	0.996076	
12.7031 0.999782	1.00016	0.997225	0.996528	0.994673	0.996423	
12.7193 0.999669	1.00005	0.997683	0.996984	0.993959	0.995705	
12.7354 0.999965	1.00034	0.997884	0.997184	0.994532	0.996278	
12.7515 0.999416	0.999795	0.997818	0.997116	0.994523	0.996268	
12.7676 0.999466	0.999845	0.997982	0.99728	0.994892	0.996636	
12.7838 0.999618	0.999998	0.997755	0.997051	0.994935	0.996678	
12.7999 0.999845	1.00022	0.997853	0.997148	0.995187	0.996929	
12.816 0.999388	0.999768	0.997511	0.996805	0.995085	0.996826	
12.8322 0.999569	0.999948	0.997893	0.997186	0.994915	0.996654	
12.8483 0.999209	0.999588	0.997976	0.997268	0.995651	0.997391	
12.8644 0.999194	0.999573	0.998083	0.997374	0.995391	0.997129	
12.8806 0.999389	0.999768	0.997934	0.997224	0.995993	0.997731	
12.8967 0.999404	0.999783	0.998001	0.99729	0.995921	0.997658	
12.9128 0.99884	0.999218	0.997977	0.997264	0.996142	0.997879	
12.929 0.999172	0.999551	0.998333	0.99762	0.995933	0.997669	
12.9451 0.999351	0.999729	0.998044	0.99733	0.996379	0.998115	
12.9612 0.998801	0.999179	0.998133	0.997417	0.996299	0.998033	
12.9773 0.99932	0.999698	0.998309	0.997592	0.996648	0.998382	
12.9935 0.998903	0.999281	0.998331	0.997614	0.996463	0.998196	
13.0096 0.999126	0.999503	0.998217	0.997499	0.997317	0.999051	
13.0257 0.998663	0.99904	0.998363	0.997644	0.996872	0.998605	
13.0419 0.998384	0.99876	0.998287	0.997566	0.996925	0.998658	
13.058 0.998674	0.99905	0.998501	0.99778	0.996904	0.998636	
13.0741 0.998988	0.999364	0.998407	0.997685	0.99677	0.998502	
13.0903 0.998975	0.999351	0.998644	0.997921	0.997933	0.999667	
13.1064 0.999084	0.999459	0.998896	0.998172	0.99734	0.999071	
13.1225 0.998636	0.999011	0.998463	0.997738	0.997972	0.999704	
13.1387 0.998572	0.998947	0.998994	0.998268	0.997324	0.999055	
13.1548 0.998464	0.998838	0.998765	0.998038	0.997874	0.999606	
13.1709 0.998846	0.99922	0.999075	0.998348	0.9982	0.999932	
13.1871 0.998868	0.999241	0.999312	0.998584	0.99828	1.00001	
13.2032 0.99841	0.998783	0.999433	0.998705	0.99835	1.00008	
13.2193 0.99853	0.998902	0.999244	0.998514	0.998566	1.0003	
13.2354 0.998586	0.998958	0.999215	0.998485	0.998145	0.999878	
13.2516 0.998468	0.998839	0.999267	0.998536	0.998291	1.00002	
13.2677 0.998559	0.99893	0.999307	0.998576	0.998472	1.00021	
13.2838 0.998956	0.999327	0.999267	0.998536	0.999112	1.00085	
13.3 0.998672	0.999042	0.999406	0.998674	0.998696	1.00043	
13.3161 0.998646	0.999016	0.999683	0.99895	0.998752	1.00049	
13.3322 0.99862	0.998989	0.999553	0.99882	0.99872	1.00045	
13.3484 0.998372	0.998741	0.99975	0.999016	0.999	1.00073	
13.3645 0.998421	0.998789	0.999995	0.999261	0.999139	1.00087	
13.3806 0.998506	0.998874	0.999917	0.999182	0.999642	1.00138	
13.3968 0.998399	0.998766	0.999821	0.999086	0.999506	1.00124	
13.4129 0.998357	0.998724	0.999858	0.999123	0.99957	1.00131	
13.429 0.998227	0.998593	0.999827	0.999091	0.999026	1.00076	
13.4451 0.998187	0.998552	0.999977	0.999241	0.999707	1.00145	
13.4613 0.998432	0.998797	1.00039	0.999657	0.999254	1.00099	
13.4774 0.998329	0.998693	1.00006	0.999324	0.999329	1.00107	
13.4935 0.9983	0.998664	1.0004	0.999659	0.99991	1.00165	
13.5097 0.998235	0.998598	1.00014	0.999402	0.999816	1.00156	
13.5258 0.998179	0.998541	1.00055	0.999817	0.999774	1.00152	
13.5419 0.998519	0.998881	1.00046	0.999719	0.999509	1.00125	
13.5581 0.998272	0.998634	1.00055	0.999808	0.999649	1.00139	
13.5742 0.998249	0.99861	1.0004	0.99966	0.999517	1.00126	
13.5903 0.998242	0.998602	1.00056	0.999817	0.999671	1.00142	
13.6065 0.998251	0.99861	1.00078	1.00004	1.00005	1.00179	
13.6226 0.997492	0.99785	1.0005	0.999761	0.999607	1.00135	
13.6387 0.99815	0.998507	1.00058	0.999842	0.999702	1.00145	
13.6548 0.997814	0.998171	1.0006	0.999863	0.999362	1.00111	
13.671 0.998677	0.999034	1.00087	1.00013	0.999494	1.00124	
13.6871 0.998638	0.998994	1.0011	1.00036	0.999718	1.00147	
13.7032 0.998596	0.998952	1.0009	1.00016	0.999802	1.00155	
13.7194 0.998	0.998355	1.00086	1.00012	0.999831	1.00158	
13.7355 0.997897	0.998251	1.00102	1.00028	0.99978	1.00153	
13.7516 0.998331	0.998685	1.00075	1.00002	0.999979	1.00173	
13.7678 0.997975	0.998327	1.0011	1.00036	0.999996	1.00175	
13.7839 0.99787	0.998222	1.00112	1.00038	0.999832	1.00159	
13.8 0.998067	0.998418	1.00123	1.00049	1.00026	1.00202	
13.8162 0.998393	0.998744	1.00122	1.00048	0.999764	1.00152	
13.8323 0.997527	0.997877	1.00133	1.00059	0.999668	1.00142	
13.8484 0.998402	0.998751	1.00136	1.00063	0.999876	1.00163	
13.8646 0.998447	0.998796	1.00161	1.00088	0.999648	1.0014	
13.8807 0.998311	0.998659	1.00092	1.00018	0.999324	1.00108	
13.8968 0.998366	0.998713	1.00114	1.00041	0.999207	1.00096	
13.9129 0.998271	0.998618	1.00139	1.00065	0.999765	1.00152	
13.9291 0.998418	0.998764	1.00146	1.00072	0.999502	1.00126	
13.9452 0.998132	0.998478	1.00129	1.00055	0.999595	1.00135	
13.9613 0.998228	0.998573	1.0015	1.00077	0.999356	1.00112	
13.9775 0.998056	0.9984	1.00152	1.00078	0.999451	1.00121	
13.9936 0.998479	0.998823	1.00143	1.00069	0.999571	1.00133	
14.0097 0.998406	0.998749	1.00185	1.00111	0.999272	1.00103	
14.0259 0.99806	0.998402	1.00166	1.00093	0.998895	1.00066	
14.042 0.9983	0.998642	1.0016	1.00087	0.999393	1.00115	
14.0581 0.998118	0.998459	1.00154	1.00081	0.999217	1.00098	
14.0743 0.998458	0.998798	1.00144	1.00071	0.99922	1.00098	
14.0904 0.998258	0.998597	1.00156	1.00082	0.999051	1.00081	
14.1065 0.998227	0.998565	1.00149	1.00075	0.999256	1.00102	
14.1226 0.9982	0.998538	1.00165	1.00092	0.999202	1.00097	
14.1388 0.998385	0.998722	1.0016	1.00087	0.999199	1.00096	
14.1549 0.99845	0.998787	1.00158	1.00085	0.999213	1.00098	
14.171 0.998092	0.998428	1.00156	1.00083	0.998903	1.00067	
14.1872 0.998161	0.998496	1.0018	1.00107	0.99896	1.00073	
14.2033 0.998747	0.999082	1.00156	1.00083	0.998845	1.00061	
14.2194 0.998502	0.998836	1.0017	1.00097	0.999095	1.00086	
14.2356 0.998848	0.999183	1.00183	1.0011	0.99887	1.00064	
14.2517 0.998325	0.998659	1.00186	1.00113	0.999089	1.00086	
14.2678 0.998531	0.998864	1.00188	1.00115	0.998587	1.00035	
14.284 0.999012	0.999344	1.00168	1.00096	0.998345	1.00011	
14.3001 0.998415	0.998747	1.0018	1.00107	0.99881	1.00058	
14.3162 0.998729	0.99906	1.0017	1.00097	0.998614	1.00038	
14.3323 0.998955	0.999286	1.00204	1.00131	0.998436	1.0002	
14.3485 0.998671	0.999002	1.00162	1.0009	0.998391	1.00016	
14.3646 0.998864	0.999194	1.00176	1.00104	0.998546	1.00031	
14.3807 0.998944	0.999274	1.00202	1.00129	0.998512	1.00028	
14.3969 0.99873	0.999059	1.00197	1.00125	0.998372	1.00014	
14.413 0.999099	0.999429	1.00206	1.00134	0.998237	1	
14.4291 0.999014	0.999343	1.00203	1.00131	0.997927	0.999693	
14.4453 0.998625	0.998954	1.00175	1.00103	0.997917	0.999683	
14.4614 0.999444	0.999772	1.00181	1.00109	0.997873	0.999639	
14.4775 0.999008	0.999336	1.00216	1.00144	0.998099	0.999865	
14.4937 0.999042	0.99937	1.00173	1.00101	0.998195	0.999962	
14.5098 0.999245	0.999573	1.00189	1.00117	0.997842	0.999608	
14.5259 0.999146	0.999473	1.00185	1.00113	0.997951	0.999716	
14.5421 0.999126	0.999453	1.00179	1.00107	0.998015	0.999781	
14.5582 0.999097	0.999424	1.00223	1.00152	0.997688	0.999453	
14.5743 0.999527	0.999854	1.00196	1.00124	0.997857	0.999622	
14.5904 0.999164	0.99949	1.00221	1.00149	0.997496	0.99926	
14.6066 0.999268	0.999594	1.00215	1.00144	0.998001	0.999765	
14.6227 0.999383	0.999709	1.00198	1.00127	0.998024	0.999788	
14.6388 0.999885	1.00021	1.00165	1.00094	0.997814	0.999577	
14.655 0.999276	0.999602	1.00213	1.00142	0.997975	0.999739	
14.6711 0.999723	1.00005	1.00186	1.00114	0.997764	0.999528	
14.6872 0.999326	0.999651	1.00186	1.00114	0.997789	0.999552	
14.7034 0.99991	1.00024	1.00187	1.00116	0.99736	0.999121	
14.7195 0.99947	0.999795	1.00192	1.00121	0.99752	0.999282	
14.7356 0.999976	1.0003	1.00203	1.00132	0.997592	0.999353	
14.7518 0.999641	0.999966	1.00185	1.00114	0.997114	0.998874	
14.7679 0.999647	0.999973	1.00198	1.00127	0.997315	0.999075	
14.784 0.999676	1	1.00191	1.0012	0.997312	0.999071	
14.8001 1.00009	1.00041	1.00194	1.00123	0.99758	0.99934	
14.8163 0.999455	0.99978	1.002	1.0013	0.997463	0.999222	
14.8324 0.999646	0.999972	1.00221	1.0015	0.997228	0.998986	
14.8485 1.00011	1.00044	1.00183	1.00112	0.997244	0.999001	
14.8647 0.9999	1.00023	1.00193	1.00122	0.997236	0.998993	
14.8808 0.999551	0.999877	1.0018	1.0011	0.997244	0.999	
14.8969 1.00012	1.00045	1.00204	1.00134	0.997343	0.999099	
14.9131 0.999826	1.00015	1.00193	1.00123	0.997348	0.999103	
14.9292 0.999874	1.0002	1.00164	1.00094	0.997057	0.998811	
14.9453 0.999914	1.00024	1.00178	1.00108	0.997319	0.999073	
14.9615 1.00008	1.00041	1.00167	1.00097	0.997543	0.999298	
14.9776 1.00026	1.00059	1.00197	1.00127	0.997019	0.998772	
14.9937 1.00021	1.00053	1.00214	1.00144	0.997052	0.998804	
15.0098 0.999962	1.00029	1.00197	1.00127	0.997646	0.999399	
15.026 1.00001	1.00034	1.00159	1.00089	0.997063	0.998815	
15.0421 1.00047	1.0008	1.00176	1.00106	0.996928	0.998678	
15.0582 1.00009	1.00042	1.00178	1.00108	0.997059	0.998809	
15.0744 1.00037	1.0007	1.00158	1.00089	0.996984	0.998733	
15.0905 1.00011	1.00044	1.00209	1.0014	0.99708	0.998829	
15.1066 1.00017	1.0005	1.00202	1.00132	0.996889	0.998637	
15.1228 0.999988	1.00032	1.00174	1.00105	0.997205	0.998952	
15.1389 0.999962	1.00029	1.00188	1.00119	0.997463	0.99921	
15.155 1.00039	1.00072	1.00172	1.00103	0.99692	0.998665	
15.1712 1.00096	1.00129	1.00193	1.00124	0.996856	0.9986	
15.1873 1.00062	1.00096	1.00169	1.001	0.996969	0.998713	
15.2034 1.00058	1.00091	1.0015	1.00081	0.997117	0.99886	
15.2196 1.00057	1.00091	1.00156	1.00087	0.997023	0.998766	
15.2357 1.00012	1.00046	1.00181	1.00112	0.996784	0.998526	
15.2518 1.00039	1.00072	1.00137	1.00068	0.996892	0.998633	
15.2679 1.00039	1.00072	1.0018	1.00111	0.997037	0.998777	
15.2841 1.00022	1.00055	1.0017	1.00101	0.996881	0.99862	
15.3002 1.00036	1.0007	1.00147	1.00078	0.99739	0.999129	
15.3163 1.00085	1.00118	1.00144	1.00075	0.997315	0.999054	
15.3325 1.00067	1.00101	1.00167	1.00098	0.997103	0.998841	
15.3486 1.00064	1.00098	1.00175	1.00107	0.997075	0.998812	
15.3647 1.00038	1.00072	1.00165	1.00096	0.996789	0.998525	
15.3809 1.00059	1.00093	1.00142	1.00074	0.997409	0.999145	
15.397 1.00068	1.00102	1.00163	1.00095	0.997022	0.998756	
15.4131 1.00026	1.00059	1.00153	1.00085	0.997	0.998734	
15.4293 1.00082	1.00116	1.00163	1.00095	0.996946	0.998679	
15.4454 1.00068	1.00102	1.00154	1.00085	0.997014	0.998746	
15.4615 1.00058	1.00092	1.00127	1.00059	0.996571	0.998302	
15.4776 1.00074	1.00109	1.00144	1.00076	0.996965	0.998696	
15.4938 1.00072	1.00106	1.00134	1.00066	0.996888	0.998617	
15.5099 1.00067	1.00101	1.0013	1.00062	0.99732	0.99905	
15.526 1.00063	1.00097	1.00098	1.0003	0.997259	0.998988	
15.5422 1.00091	1.00126	1.0013	1.00062	0.996712	0.998439	
15.5583 1.00043	1.00078	1.001	1.00032	0.996918	0.998645	
15.5744 1.00088	1.00123	1.00126	1.00058	0.997342	0.999069	
15.5906 1.00045	1.00079	1.00127	1.00059	0.997035	0.998761	
15.6067 1.00071	1.00106	1.00113	1.00045	0.997145	0.99887	
15.6228 1.00045	1.0008	1.00112	1.00044	0.997216	0.99894	
15.639 1.00035	1.0007	1.00131	1.00064	0.997156	0.99888	
15.6551 1.001	1.00135	1.0014	1.00072	0.997298	0.999021	
15.6712 1.00072	1.00107	1.00085	1.00017	0.996779	0.998501	
15.6873 1.00064	1.00099	1.00107	1.00039	0.996533	0.998253	
15.7035 1.00048	1.00083	1.00109	1.00042	0.996887	0.998606	
15.7196 1.00047	1.00082	1.00123	1.00055	0.996912	0.99863	
15.7357 1.00086	1.00121	1.00109	1.00041	0.997268	0.998987	
15.7519 1.00048	1.00084	1.00074	1.00006	0.996687	0.998404	
15.768 1.00055	1.0009	1.00084	1.00016	0.99695	0.998666	
15.7841 1.00083	1.00119	1.00082	1.00015	0.996996	0.998712	
15.8003 1.00014	1.00049	1.00103	1.00036	0.997086	0.998801	
15.8164 1.00043	1.00078	1.00084	1.00017	0.996939	0.998653	
15.8325 0.999908	1.00026	1.00078	1.0001	0.996704	0.998417	
15.8487 0.999943	1.0003	1.00102	1.00034	0.997112	0.998824	
15.8648 1.00023	1.00058	1.00095	1.00027	0.997216	0.998928	
15.8809 1.00055	1.00091	1.0006	0.999923	0.996987	0.998698	
15.8971 1.00033	1.00069	1.00091	1.00024	0.997285	0.998995	
15.9132 1.0004	1.00076	1.00075	1.00007	0.996825	0.998534	
15.9293 1.00014	1.0005	1.0007	1.00003	0.997241	0.99895	
15.9454 1.00012	1.00048	1.00067	0.999991	0.99672	0.998427	
15.9616 1.00018	1.00054	1.0005	0.999827	0.996841	0.998548	
15.9777 1.00044	1.00079	1.00039	0.999717	0.997385	0.999091	
15.9938 1.00035	1.00071	1.00077	1.0001	0.997151	0.998856	
16.01 1.00035	1.00071	1.00055	0.999877	0.99745	0.999155	
16.0261 1.00016	1.00052	1.00055	0.999878	0.99722	0.998924	
16.0422 1.00006	1.00042	1.00041	0.999733	0.997195	0.998899	
16.0584 1.00021	1.00057	1.00048	0.999806	0.997142	0.998845	
16.0745 1.00037	1.00073	1.00053	0.999855	0.99731	0.999012	
16.0906 0.99989	1.00025	1.00046	0.999788	0.996911	0.998611	
16.1068 1.00007	1.00043	1.00049	0.999815	0.997558	0.999259	
16.1229 1.00012	1.00048	1.00026	0.99958	0.997365	0.999065	
16.139 0.999993	1.00035	1.00026	0.999588	0.997386	0.999086	
16.1551 1.00013	1.00049	1.00034	0.99966	0.997351	0.99905	
16.1713 1.00007	1.00043	1.00029	0.99961	0.997175	0.998873	
16.1874 0.999811	1.00017	1.00028	0.999602	0.997354	0.999052	
16.2035 0.999683	1.00004	1.0004	0.999727	0.997241	0.998937	
16.2197 1.00001	1.00037	1.00026	0.999588	0.99723	0.998925	
16.2358 0.999798	1.00016	1.00045	0.999776	0.997354	0.99905	
16.2519 0.999615	0.999977	1.00012	0.999443	0.997105	0.998799	
16.2681 0.999659	1.00002	1.00023	0.999557	0.997312	0.999006	
16.2842 0.999524	0.999886	1.00019	0.999512	0.99755	0.999243	
16.3003 0.999647	1.00001	1.0004	0.99972	0.997748	0.999442	
16.3165 0.999864	1.00023	1.00038	0.999699	0.997369	0.999061	
16.3326 0.999905	1.00027	1.00034	0.99966	0.997409	0.9991	
16.3487 0.99941	0.999773	1.00019	0.999511	0.997421	0.999112	
16.3648 0.999896	1.00026	1.00043	0.999753	0.997488	0.999179	
16.381 0.999548	0.999911	1.00015	0.999468	0.997213	0.998902	
16.3971 0.999451	0.999813	1.00011	0.999433	0.997572	0.999261	
16.4132 0.999922	1.00028	1.00022	0.999544	0.997573	0.999262	
16.4294 0.999668	1.00003	1.00024	0.999559	0.99737	0.999058	
16.4455 0.999401	0.999764	1.0006	0.999919	0.99767	0.999358	
16.4616 0.999722	1.00008	1.00012	0.999441	0.997634	0.999321	
16.4778 0.999405	0.999767	1.0003	0.999619	0.997406	0.999092	
16.4939 0.999317	0.999678	1.00019	0.999511	0.997572	0.999258	
16.51 0.999675	1.00004	1.00022	0.999538	0.997569	0.999255	
16.5262 0.999348	0.999709	1.00038	0.999697	0.997385	0.999069	
16.5423 0.999132	0.999494	1.0004	0.999716	0.997791	0.999476	
16.5584 0.99956	0.999921	1.00019	0.999508	0.997727	0.999411	
16.5746 0.999253	0.999614	1.00002	0.999338	0.997682	0.999366	
16.5907 0.999278	0.999639	1.00029	0.999604	0.997822	0.999506	
16.6068 0.999132	0.999492	1.00007	0.999389	0.99765	0.999333	
16.6229 0.999466	0.999826	1.00023	0.999545	0.997949	0.999632	
16.6391 0.999512	0.999872	1.00023	0.999546	0.997901	0.999583	
16.6552 0.999109	0.999468	1.00004	0.999356	0.997717	0.999398	
16.6713 0.998919	0.999278	1.00025	0.999569	0.997955	0.999637	
16.6875 0.999044	0.999402	0.999919	0.999233	0.997924	0.999606	
16.7036 0.999247	0.999606	1.00014	0.999457	0.997834	0.999515	
16.7197 0.999498	0.999856	1.00031	0.999621	0.997762	0.999442	
16.7359 0.999246	0.999604	1.00018	0.999488	0.997636	0.999316	
16.752 0.999365	0.999722	1.00016	0.999471	0.997908	0.999588	
16.7681 0.998975	0.999332	1.00018	0.999491	0.997815	0.999495	
16.7843 0.999383	0.99974	0.999993	0.999305	0.998014	0.999694	
16.8004 0.999454	0.999811	1.00031	0.999618	0.998081	0.99976	
16.8165 0.999108	0.999465	1.00014	0.999449	0.998053	0.999732	
16.8326 0.999353	0.999709	1.00025	0.999559	0.998046	0.999725	
16.8488 0.999033	0.999389	1.00004	0.999351	0.998009	0.999688	
16.8649 0.999278	0.999634	1.00037	0.999679	0.997917	0.999595	
16.881 0.999188	0.999543	1.00028	0.999593	0.998198	0.999876	
16.8972 0.999234	0.999589	1.0001	0.999409	0.997907	0.999585	
16.9133 0.999109	0.999464	1.00025	0.999562	0.998064	0.999741	
16.9294 0.999213	0.999567	1.00024	0.99955	0.998005	0.999683	
16.9456 0.999411	0.999765	1.00008	0.999392	0.997961	0.999638	
16.9617 0.999087	0.999441	1.00027	0.999578	0.998241	0.999919	
16.9778 0.99912	0.999473	1.0002	0.999512	0.998082	0.999759	
16.994 0.998976	0.999328	1.00027	0.999573	0.998277	0.999955	
17.0101 0.999477	0.999829	1.00041	0.999712	0.99832	0.999997	
17.0262 0.999317	0.99967	1.00033	0.999639	0.99829	0.999967	
17.0423 0.999054	0.999405	1.00012	0.999427	0.998161	0.999838	
17.0585 0.999244	0.999596	1.00044	0.999745	0.998227	0.999905	
17.0746 0.99931	0.999661	1.0003	0.99961	0.998502	1.00018	
17.0907 0.99872	0.99907	1.0003	0.999603	0.998282	0.99996	
17.1069 0.998918	0.999267	1.00058	0.999889	0.998291	0.999968	
17.123 0.998913	0.999262	1.00053	0.999838	0.998391	1.00007	
17.1391 0.998603	0.998951	1.00033	0.999639	0.998577	1.00026	
17.1553 0.998839	0.999186	1.00039	0.999696	0.998345	1.00002	
17.1714 0.999372	0.999719	1.00043	0.999736	0.998266	0.999943	
17.1875 0.99894	0.999287	1.00059	0.999891	0.998319	0.999996	
17.2037 0.999389	0.999735	1.00044	0.999739	0.998196	0.999873	
17.2198 0.999144	0.99949	1.00059	0.999894	0.998531	1.00021	
17.2359 0.999074	0.99942	1.0006	0.999899	0.998333	1.00001	
17.2521 0.998529	0.998874	1.00071	1.00001	0.998673	1.00035	
17.2682 0.998991	0.999335	1.00057	0.99987	0.998468	1.00015	
17.2843 0.999145	0.999489	1.0007	1.00001	0.998439	1.00012	
17.3004 0.998969	0.999312	1.00064	0.999945	0.99861	1.00029	
17.3166 0.998912	0.999255	1.00056	0.99986	0.998695	1.00037	
17.3327 0.998897	0.999239	1.00072	1.00002	0.998517	1.0002	
17.3488 0.999092	0.999434	1.00065	0.999951	0.998534	1.00021	
17.365 0.999375	0.999716	1.00073	1.00003	0.998624	1.0003	
17.3811 0.998965	0.999305	1.00068	0.999982	0.998809	1.00049	
17.3972 0.998989	0.999329	1.00074	1.00004	0.998417	1.0001	
17.4134 0.999206	0.999546	1.00068	0.999984	0.998447	1.00013	
17.4295 0.999188	0.999527	1.00055	0.999851	0.998498	1.00018	
17.4456 0.999222	0.999561	1.00048	0.999784	0.998632	1.00031	
17.4618 0.99873	0.999068	1.00066	0.999959	0.998477	1.00016	
17.4779 0.999172	0.999509	1.00056	0.999862	0.998401	1.00008	
17.494 0.999036	0.999373	1.0006	0.999901	0.998436	1.00012	
17.5101 0.999178	0.999515	1.00096	1.00026	0.998398	1.00008	
17.5263 0.999337	0.999674	1.00076	1.00006	0.998553	1.00023	
17.5424 0.999334	0.99967	1.00077	1.00008	0.998425	1.00011	
17.5585 0.999407	0.999743	1.00091	1.00021	0.998699	1.00038	
17.5747 0.999028	0.999363	1.00086	1.00017	0.998702	1.00038	
17.5908 0.999431	0.999767	1.00052	0.999826	0.998688	1.00037	
17.6069 0.999193	0.999528	1.00059	0.999891	0.998545	1.00023	
17.6231 0.999419	0.999754	1.00087	1.00017	0.99832	1	
17.6392 0.999065	0.999399	1.00068	0.999987	0.998391	1.00007	
17.6553 0.9992	0.999533	1.0008	1.00011	0.998443	1.00013	
17.6715 0.999025	0.999358	1.00085	1.00015	0.99841	1.00009	
17.6876 0.999608	0.999941	1.00085	1.00015	0.998682	1.00036	
17.7037 0.999125	0.999458	1.00087	1.00018	0.998938	1.00062	
17.7198 0.999282	0.999615	1.00113	1.00043	0.998605	1.00029	
17.736 0.999275	0.999607	1.00092	1.00022	0.998643	1.00033	
17.7521 0.999503	0.999835	1.00098	1.00028	0.998627	1.00031	
17.7682 0.999397	0.999728	1.00082	1.00012	0.998238	0.999921	
17.7844 0.999614	0.999945	1.00084	1.00015	0.998807	1.00049	
17.8005 0.999287	0.999618	1.00116	1.00047	0.998668	1.00035	
17.8166 0.999457	0.999788	1.00084	1.00014	0.998523	1.00021	
17.8328 0.999513	0.999844	1.00082	1.00012	0.998599	1.00028	
17.8489 0.999102	0.999433	1.00091	1.00021	0.998462	1.00015	
17.865 0.999372	0.999702	1.00102	1.00033	0.998626	1.00031	
17.8812 0.999423	0.999753	1.00096	1.00026	0.998484	1.00017	
17.8973 0.999356	0.999686	1.00108	1.00039	0.998751	1.00044	
17.9134 0.999558	0.999888	1.0011	1.00041	0.998445	1.00013	
17.9296 0.999605	0.999935	1.00109	1.00039	0.998548	1.00024	
17.9457 0.999176	0.999505	1.00084	1.00014	0.9986	1.00029	
17.9618 0.999286	0.999614	1.00113	1.00043	0.998392	1.00008	
17.9779 0.999425	0.999753	1.00097	1.00028	0.998677	1.00036	
17.9941 0.999169	0.999497	1.00103	1.00034	0.998494	1.00018	
18.0102 0.999449	0.999777	1.00106	1.00037	0.998493	1.00018	
18.0263 0.999816	1.00014	1.00095	1.00025	0.998342	1.00003	
18.0425 0.9998	1.00013	1.00088	1.00019	0.998526	1.00021	
18.0586 0.999621	0.999949	1.00107	1.00038	0.998273	0.999961	
18.0747 0.999264	0.999591	1.00102	1.00033	0.998618	1.00031	
18.0909 0.999343	0.99967	1.00105	1.00036	0.998456	1.00014	
18.107 0.99968	1.00001	1.0008	1.00011	0.998596	1.00029	
18.1231 0.999695	1.00002	1.00094	1.00025	0.998529	1.00022	
18.1393 0.99954	0.999867	1.00122	1.00053	0.998444	1.00013	
18.1554 0.999674	1	1.00105	1.00036	0.998503	1.00019	
18.1715 0.999599	0.999926	1.00107	1.00038	0.99863	1.00032	
18.1876 0.999653	0.99998	1.00106	1.00037	0.998499	1.00019	
18.2038 0.999801	1.00013	1.00101	1.00032	0.998403	1.00009	
18.2199 0.999689	1.00002	1.00094	1.00025	0.998606	1.0003	
18.236 0.99978	1.00011	1.0012	1.00052	0.998467	1.00016	
18.2522 0.999772	1.0001	1.00091	1.00023	0.99861	1.0003	
18.2683 0.999795	1.00012	1.00086	1.00018	0.997919	0.999609	
18.2844 0.999882	1.00021	1.00104	1.00036	0.998332	1.00002	
18.3006 0.999561	0.999889	1.00093	1.00024	0.998206	0.999896	
18.3167 0.999716	1.00004	1.00099	1.00031	0.9986	1.00029	
18.3328 0.999656	0.999983	1.00091	1.00023	0.998561	1.00025	
18.349 0.999825	1.00015	1.00116	1.00048	0.998504	1.00019	
18.3651 0.999445	0.999773	1.00093	1.00025	0.998261	0.999952	
18.3812 0.999575	0.999902	1.00102	1.00033	0.998269	0.99996	
18.3973 0.999855	1.00018	1.00098	1.00029	0.998232	0.999922	
18.4135 0.999502	0.999829	1.00105	1.00036	0.998647	1.00034	
18.4296 0.999726	1.00005	1.00104	1.00035	0.998286	0.999977	
18.4457 0.999667	0.999995	1.0008	1.00012	0.998376	1.00007	
18.4619 0.999863	1.00019	1.00084	1.00015	0.998414	1.00011	
18.478 0.999817	1.00014	1.00107	1.00038	0.998183	0.999873	
18.4941 0.999533	0.999861	1.00117	1.00049	0.998355	1.00005	
18.5103 0.999261	0.999588	1.00091	1.00023	0.998073	0.999763	
18.5264 0.999886	1.00021	1.00086	1.00018	0.998207	0.999898	
18.5425 0.999962	1.00029	1.00102	1.00034	0.998307	0.999997	
18.5587 0.999834	1.00016	1.00098	1.0003	0.998557	1.00025	
18.5748 0.999688	1.00002	1.00092	1.00024	0.997888	0.999578	
18.5909 0.999829	1.00016	1.00108	1.0004	0.998276	0.999966	
18.6071 1.00004	1.00036	1.0009	1.00022	0.998541	1.00023	
18.6232 0.999491	0.999819	1.00094	1.00026	0.998521	1.00021	
18.6393 0.999996	1.00032	1.00109	1.00041	0.998343	1.00003	
18.6554 0.999678	1.00001	1.00088	1.0002	0.998235	0.999925	
18.6716 0.999827	1.00016	1.00086	1.00018	0.998075	0.999765	
18.6877 0.999507	0.999836	1.00098	1.0003	0.998179	0.999869	
18.7038 0.999593	0.999922	1.00087	1.00019	0.998015	0.999704	
18.72 0.999818	1.00015	1.00084	1.00017	0.998078	0.999768	
18.7361 1.00015	1.00048	1.00095	1.00027	0.998055	0.999744	
18.7522 0.999959	1.00029	1.00088	1.0002	0.998372	1.00006	
18.7684 0.99988	1.00021	1.00079	1.00011	0.998516	1.00021	
18.7845 0.999941	1.00027	1.0008	1.00012	0.997942	0.99963	
18.8006 0.999913	1.00024	1.00095	1.00027	0.998036	0.999724	
18.8168 1.00003	1.00037	1.00094	1.00026	0.998059	0.999747	
18.8329 0.999546	0.999877	1.00076	1.00008	0.998133	0.999821	
18.849 0.999765	1.0001	1.00079	1.00011	0.998707	1.0004	
18.8651 0.999929	1.00026	1.00083	1.00015	0.998126	0.999814	
18.8813 0.999934	1.00027	1.00075	1.00007	0.998003	0.999691	
18.8974 1.00014	1.00047	1.00087	1.00019	0.998001	0.999688	
18.9135 0.999818	1.00015	1.00099	1.00031	0.998087	0.999775	
18.9297 1.00011	1.00044	1.00086	1.00018	0.998074	0.999761	
18.9458 1.00016	1.0005	1.00083	1.00015	0.998269	0.999957	
18.9619 1.00002	1.00036	1.00064	0.999964	0.998037	0.999724	
18.9781 0.999676	1.00001	1.00077	1.00009	0.99809	0.999777	
18.9942 0.999932	1.00027	1.00081	1.00013	0.998266	0.999953	
19.0103 0.999981	1.00032	1.0009	1.00023	0.998349	1.00004	
19.0265 1.00009	1.00043	1.00061	0.99993	0.998457	1.00014	
19.0426 0.999951	1.00029	1.00076	1.00009	0.998106	0.999792	
19.0587 0.999887	1.00022	1.00087	1.0002	0.998341	1.00003	
19.0748 0.999762	1.0001	1.00065	0.999975	0.998223	0.99991	
19.091 1.00015	1.00049	1.00068	1	0.997823	0.999508	
19.1071 0.999858	1.00019	1.00058	0.9999	0.998204	0.99989	
19.1232 1.00006	1.0004	1.00062	0.999943	0.998247	0.999933	
19.1394 0.999713	1.00005	1.00057	0.999893	0.998112	0.999797	
19.1555 0.999967	1.0003	1.00054	0.999864	0.998079	0.999764	
19.1716 0.9996	0.999937	1.00077	1.00009	0.998156	0.999842	
19.1878 1.00009	1.00043	1.00051	0.999838	0.998087	0.999771	
19.2039 0.99998	1.00032	1.0006	0.999921	0.998027	0.999711	
19.22 0.999585	0.999923	1.00077	1.00009	0.998061	0.999746	
19.2362 0.999856	1.00019	1.00067	0.999999	0.998163	0.999847	
19.2523 0.999737	1.00008	1.00061	0.999938	0.997976	0.99966	
19.2684 0.999953	1.00029	1.00052	0.999842	0.998172	0.999855	
19.2846 0.999871	1.00021	1.00074	1.00006	0.998178	0.999862	
19.3007 0.999819	1.00016	1.00075	1.00008	0.998233	0.999916	
19.3168 0.999949	1.00029	1.00062	0.999946	0.998354	1.00004	
19.3329 0.999818	1.00016	1.0005	0.99982	0.998066	0.999749	
19.3491 0.999823	1.00016	1.00044	0.999768	0.998447	1.00013	
19.3652 1.00006	1.0004	1.00057	0.999893	0.998049	0.999732	
19.3813 0.999927	1.00027	1.00035	0.999673	0.998095	0.999777	
19.3975 0.999723	1.00006	1.00071	1.00003	0.997899	0.999581	
19.4136 0.999753	1.00009	1.00052	0.999838	0.998117	0.999799	
19.4297 0.999934	1.00027	1.00059	0.999917	0.99817	0.999852	
19.4459 0.999818	1.00016	1.00054	0.999867	0.998319	1	
19.462 0.999909	1.00025	1.00047	0.999789	0.998536	1.00022	
19.4781 0.999815	1.00016	1.00045	0.99977	0.998082	0.999764	
19.4943 1.00021	1.00055	1.00057	0.999894	0.998517	1.0002	
19.5104 0.999622	0.999963	1.00043	0.999753	0.998129	0.999811	
19.5265 0.999963	1.00031	1.00079	1.00011	0.99833	1.00001	
19.5426 0.999748	1.00009	1.00053	0.999849	0.998098	0.99978	
19.5588 1.00006	1.0004	1.00051	0.999833	0.998159	0.999841	
19.5749 0.999895	1.00024	1.0007	1.00002	0.998051	0.999732	
19.591 0.999976	1.00032	1.00072	1.00004	0.998179	0.99986	
19.6072 0.999795	1.00014	1.00029	0.999611	0.998443	1.00012	
19.6233 0.999882	1.00023	1.00042	0.999746	0.998375	1.00006	
19.6394 0.99969	1.00003	1.00039	0.999706	0.998335	1.00002	
19.6556 0.999745	1.00009	1.00034	0.999663	0.998478	1.00016	
19.6717 1.00004	1.00038	1.00049	0.999811	0.998275	0.999956	
19.6878 0.999515	0.999859	1.00058	0.999898	0.99858	1.00026	
19.704 1.00005	1.0004	1.0005	0.999818	0.998253	0.999934	
19.7201 0.999524	0.999868	1.0006	0.999919	0.998392	1.00007	
19.7362 0.999899	1.00024	1.00048	0.999803	0.998189	0.99987	
19.7523 0.999613	0.999958	1.00038	0.9997	0.998175	0.999857	
19.7685 0.999557	0.999901	1.00066	0.999975	0.998138	0.999818	
19.7846 0.999789	1.00013	1.00032	0.999637	0.998435	1.00012	
19.8007 0.999913	1.00026	1.00044	0.999761	0.998368	1.00005	
19.8169 0.999678	1.00002	1.00048	0.999797	0.998488	1.00017	
19.833 0.999724	1.00007	1.00051	0.999823	0.99861	1.00029	
19.8491 0.999863	1.00021	1.00052	0.999834	0.998123	0.999804	
19.8653 0.999771	1.00012	1.00043	0.999744	0.99819	0.999872	
19.8814 1.00008	1.00042	1.0005	0.999819	0.998271	0.999953	
19.8975 0.999684	1.00003	1.0005	0.999821	0.998498	1.00018	
19.9137 0.999803	1.00015	1.00047	0.999787	0.998396	1.00008	
19.9298 0.999953	1.0003	1.00043	0.999744	0.998314	0.999996	
19.9459 0.999944	1.00029	1.00066	0.999977	0.998548	1.00023	
19.9621 0.99965	0.999998	1.00066	0.999971	0.99859	1.00027	
19.9782 0.999687	1.00003	1.00051	0.999822	0.998441	1.00012	
19.9943 1.00018	1.00053	1.00035	0.99967	0.998587	1.00027	
20.0104 0.999653	1	1.00029	0.999606	0.998563	1.00025	
20.0266 0.999512	0.99986	1.00061	0.999926	0.998517	1.0002	
20.0427 0.999693	1.00004	1.00036	0.999676	0.998451	1.00013	
20.0588 0.999741	1.00009	1.00038	0.999696	0.998498	1.00018	
20.075 1.0001	1.00045	1.00063	0.999938	0.99826	0.999944	
20.0911 0.999582	0.99993	1.00046	0.999778	0.998597	1.00028	
20.1072 0.999683	1.00003	1.00048	0.999796	0.998312	0.999997	
20.1234 0.999833	1.00018	1.00044	0.999752	0.998607	1.00029	
20.1395 0.999831	1.00018	1.00042	0.999732	0.998735	1.00042	
20.1556 0.999725	1.00007	1.00051	0.999817	0.998578	1.00026	
20.1718 0.999868	1.00022	1.00031	0.999623	0.998684	1.00037	
20.1879 0.999847	1.0002	1.00053	0.999841	0.998528	1.00021	
20.204 0.999904	1.00025	1.0003	0.999608	0.998601	1.00029	
20.2201 0.999545	0.999895	1.00051	0.999822	0.998567	1.00025	
20.2363 0.999827	1.00018	1.00052	0.999835	0.998633	1.00032	
20.2524 0.999482	0.999832	1.00034	0.999649	0.998655	1.00034	
20.2685 0.9997	1.00005	1.00049	0.999801	0.998694	1.00038	
20.2847 0.999784	1.00013	1.00063	0.999937	0.998578	1.00027	
20.3008 0.999573	0.999923	1.00041	0.999721	0.99857	1.00026	
20.3169 0.999736	1.00009	1.00039	0.9997	0.998682	1.00037	
20.3331 0.999657	1.00001	1.00048	0.999792	0.998677	1.00037	
20.3492 0.999572	0.999923	1.00032	0.999628	0.998631	1.00032	
20.3653 0.999545	0.999896	1.00033	0.999641	0.998755	1.00045	
20.3815 0.999554	0.999903	1.00052	0.999828	0.998613	1.00031	
20.3976 0.999869	1.00022	1.00064	0.99995	0.998609	1.0003	
20.4137 0.99938	0.999729	1.00017	0.999473	0.99852	1.00021	
20.4298 0.999774	1.00012	1.00064	0.999947	0.998666	1.00036	
20.446 0.999652	1	1.00047	0.99978	0.998833	1.00053	
20.4621 0.999596	0.999946	1.00024	0.999548	0.998931	1.00063	
20.4782 0.999388	0.999737	1.00036	0.99966	0.998543	1.00024	
20.4944 0.999415	0.999764	1.00047	0.99977	0.998796	1.00049	
20.5105 0.99961	0.999959	1.00052	0.999824	0.998587	1.00028	
20.5266 0.999422	0.999771	1.00029	0.999592	0.998601	1.0003	
20.5428 0.999444	0.999792	1.00056	0.999859	0.998588	1.00029	
20.5589 0.999717	1.00007	1.00066	0.999964	0.998483	1.00018	
20.575 0.999907	1.00026	1.00076	1.00006	0.998415	1.00011	
20.5912 0.999708	1.00006	1.00057	0.999872	0.998782	1.00048	
20.6073 0.99965	0.999999	1.00061	0.99991	0.998777	1.00048	
20.6234 0.999895	1.00024	1.00045	0.999749	0.998497	1.0002	
20.6396 0.999727	1.00008	1.00039	0.999694	0.998665	1.00037	
20.6557 0.99948	0.999829	1.00041	0.999711	0.998517	1.00022	
20.6718 0.999421	0.99977	1.00046	0.999764	0.998864	1.00057	
20.6879 0.999691	1.00004	1.00062	0.999925	0.998626	1.00033	
20.7041 0.999672	1.00002	1.00047	0.999767	0.998713	1.00042	
20.7202 0.999486	0.999834	1.00062	0.999916	0.998773	1.00048	
20.7363 0.999661	1.00001	1.00059	0.99989	0.998669	1.00037	
20.7525 0.999481	0.999829	1.00042	0.999724	0.999091	1.0008	
20.7686 0.999621	0.999969	1.00036	0.999659	0.998828	1.00053	
20.7847 0.99959	0.999938	1.00056	0.999862	0.998953	1.00066	
20.8009 0.999499	0.999847	1.00067	0.999965	0.998649	1.00036	
20.817 0.999438	0.999786	1.00035	0.999654	0.998812	1.00052	
20.8331 0.999505	0.999853	1.00044	0.999743	0.998858	1.00057	
20.8493 0.999738	1.00009	1.00054	0.999834	0.99876	1.00047	
20.8654 0.99966	1.00001	1.0006	0.999902	0.998573	1.00028	
20.8815 0.999451	0.999798	1.0006	0.999897	0.998742	1.00045	
20.8976 0.9996	0.999947	1.00048	0.999777	0.99889	1.0006	
20.9138 0.999532	0.99988	1.0005	0.999802	0.998828	1.00054	
20.9299 0.999715	1.00006	1.00041	0.999704	0.998769	1.00048	
20.946 0.999393	0.99974	1.00051	0.999804	0.998495	1.00021	
20.9622 0.99967	1.00002	1.00032	0.999619	0.998771	1.00049	
20.9783 0.999588	0.999934	1.00042	0.999716	0.99862	1.00034	
20.9944 0.999701	1.00005	1.00068	0.999976	0.999081	1.0008	
21.0106 0.999406	0.999753	1.00042	0.999716	0.998917	1.00063	
21.0267 0.999622	0.999969	1.00063	0.999929	0.998706	1.00042	
21.0428 0.999602	0.999948	1.0004	0.999698	0.998876	1.0006	
21.059 0.999711	1.00006	1.00063	0.999921	0.998756	1.00048	
21.0751 0.99949	0.999836	1.0006	0.999891	0.998906	1.00063	
21.0912 0.999547	0.999893	1.00061	0.999906	0.99893	1.00065	
21.1073 0.999678	1.00002	1.00047	0.999759	0.998957	1.00068	
21.1235 0.999642	0.999988	1.00036	0.999657	0.998744	1.00047	
21.1396 0.999583	0.999929	1.00068	0.999968	0.998557	1.00028	
21.1557 0.999615	0.999961	1.00048	0.999772	0.99882	1.00055	
21.1719 0.99943	0.999776	1.00048	0.999771	0.998934	1.00066	
21.188 0.99962	0.999966	1.0007	0.999995	0.998614	1.00034	
21.2041 0.999604	0.999949	1.00046	0.999752	0.998628	1.00036	
21.2203 0.99991	1.00026	1.00049	0.999778	0.998929	1.00066	
21.2364 0.999689	1.00003	1.00065	0.999942	0.998972	1.0007	
21.2525 0.999672	1.00002	1.00057	0.999861	0.998859	1.00059	
21.2687 0.999926	1.00027	1.00052	0.99981	0.998933	1.00067	
21.2848 0.999723	1.00007	1.00062	0.999911	0.99877	1.0005	
21.3009 0.999637	0.999983	1.00065	0.999945	0.998519	1.00025	
21.3171 0.999614	0.999961	1.00055	0.999837	0.998688	1.00042	
21.3332 0.999472	0.999818	1.00048	0.999772	0.998824	1.00056	
21.3493 0.999337	0.999682	1.00063	0.999916	0.99888	1.00062	
21.3654 0.99959	0.999936	1.00056	0.999847	0.998934	1.00067	
21.3816 0.99957	0.999915	1.00083	1.00012	0.9988	1.00054	
21.3977 0.999745	1.00009	1.00077	1.00006	0.998944	1.00068	
21.4138 0.999637	0.999983	1.00071	1	0.998783	1.00052	
21.43 0.999692	1.00004	1.00068	0.999965	0.998671	1.00041	
21.4461 0.999577	0.999922	1.00064	0.99993	0.998768	1.00051	
21.4622 0.999595	0.999941	1.00052	0.999811	0.998949	1.00069	
21.4784 0.999765	1.00011	1.00068	0.999969	0.998709	1.00045	
21.4945 0.999685	1.00003	1.00068	0.999973	0.9987	1.00044	
21.5106 0.99972	1.00007	1.00069	0.999981	0.998719	1.00046	
21.5268 0.999631	0.999976	1.0006	0.99989	0.998904	1.00065	
21.5429 0.999476	0.999821	1.00057	0.999862	0.998687	1.00043	
21.559 0.99984	1.00019	1.00064	0.999925	0.998967	1.00072	
21.5751 0.99951	0.999855	1.00056	0.999843	0.998735	1.00048	
21.5913 0.999742	1.00009	1.0007	0.999991	0.998585	1.00033	
21.6074 0.999561	0.999906	1.00057	0.999861	0.999057	1.00081	
21.6235 0.999749	1.00009	1.00063	0.999916	0.998701	1.00045	
21.6397 0.999508	0.999853	1.00068	0.999971	0.998631	1.00038	
21.6558 0.999577	0.999922	1.00058	0.999865	0.998577	1.00033	
21.6719 0.999684	1.00003	1.00091	1.0002	0.998822	1.00058	
21.6881 0.999431	0.999776	1.00063	0.999913	0.998578	1.00033	
21.7042 0.999582	0.999926	1.00063	0.999918	0.998559	1.00031	
21.7203 0.99965	0.999994	1.00081	1.0001	0.998806	1.00056	
21.7365 0.999671	1.00002	1.00061	0.999899	0.998707	1.00046	
21.7526 0.9997	1.00004	1.00063	0.999914	0.998658	1.00042	
21.7687 0.999452	0.999796	1.00087	1.00016	0.998525	1.00028	
21.7848 0.99958	0.999925	1.00069	0.999978	0.998856	1.00062	
21.801 0.999536	0.99988	1.00057	0.999859	0.998446	1.00021	
21.8171 0.999576	0.99992	1.00076	1.00005	0.998728	1.00049	
21.8332 0.99957	0.999914	1.00086	1.00014	0.998681	1.00044	
21.8494 0.999581	0.999925	1.00055	0.999839	0.99841	1.00017	
21.8655 0.999586	0.999929	1.00074	1.00002	0.998572	1.00033	
21.8816 0.999531	0.999874	1.00066	0.999944	0.998444	1.00021	
21.8978 0.999581	0.999924	1.00093	1.00021	0.998464	1.00023	
21.9139 0.999547	0.99989	1.00057	0.999861	0.998554	1.00032	
21.93 0.999621	0.999964	1.00074	1.00003	0.998597	1.00036	
21.9462 0.999598	0.999941	1.00092	1.00021	0.998793	1.00056	
21.9623 0.999677	1.00002	1.00076	1.00005	0.998539	1.00031	
21.9784 0.99976	1.0001	1.00071	1	0.998607	1.00037	
21.9946 0.999843	1.00019	1.00076	1.00004	0.998855	1.00062	
22.0107 0.999536	0.999879	1.00067	0.999955	0.998561	1.00033	
22.0268 0.999936	1.00028	1.00078	1.00007	0.99863	1.0004	
22.0429 0.999728	1.00007	1.00084	1.00013	0.998821	1.00059	
22.0591 0.999748	1.00009	1.00071	0.999997	0.998546	1.00032	
22.0752 0.99976	1.0001	1.00056	0.999846	0.998696	1.00047	
22.0913 0.999608	0.999952	1.00084	1.00013	0.998785	1.00056	
22.1075 0.999754	1.0001	1.00068	0.999972	0.998654	1.00043	
22.1236 0.999682	1.00003	1.00059	0.999881	0.998475	1.00025	
22.1397 0.999726	1.00007	1.00078	1.00007	0.998576	1.00035	
22.1559 0.999658	1	1.00062	0.999912	0.998577	1.00035	
22.172 0.999815	1.00016	1.00062	0.99991	0.99863	1.00041	
22.1881 0.999826	1.00017	1.00077	1.00006	0.998912	1.00069	
22.2043 1.00008	1.00042	1.00079	1.00007	0.998538	1.00032	
22.2204 0.999649	0.999994	1.00084	1.00013	0.998683	1.00046	
22.2365 0.999507	0.999853	1.00062	0.999904	0.998747	1.00053	
22.2526 0.999728	1.00007	1.00089	1.00018	0.998623	1.00041	
22.2688 0.999691	1.00004	1.00083	1.00012	0.998651	1.00043	
22.2849 0.999776	1.00012	1.00047	0.999758	0.998272	1.00006	
22.301 0.999771	1.00012	1.00098	1.00027	0.998591	1.00037	
22.3172 0.999629	0.999975	1.00079	1.00008	0.998694	1.00048	
22.3333 0.999649	0.999996	1.00063	0.999915	0.998493	1.00028	
22.3494 0.999919	1.00027	1.00071	0.999996	0.998639	1.00043	
22.3656 0.999818	1.00017	1.00042	0.999705	0.998532	1.00032	
22.3817 0.999891	1.00024	1.00065	0.999939	0.998723	1.00051	
22.3978 0.999511	0.999858	1.00074	1.00003	0.998719	1.00051	
22.414 0.999731	1.00008	1.0006	0.999887	0.998507	1.0003	
22.4301 0.999437	0.999784	1.00062	0.999908	0.998403	1.00019	
22.4462 0.999934	1.00028	1.00059	0.999878	0.998617	1.00041	
22.4623 0.999861	1.00021	1.00066	0.999945	0.998635	1.00043	
22.4785 0.999771	1.00012	1.00092	1.00021	0.998541	1.00033	
22.4946 0.999972	1.00032	1.00068	0.999964	0.998388	1.00018	
22.5107 0.999808	1.00016	1.00067	0.999953	0.998579	1.00037	
22.5269 0.999942	1.00029	1.00052	0.999807	0.998483	1.00028	
22.543 0.999939	1.00029	1.00066	0.999952	0.998569	1.00036	
22.5591 0.999399	0.999749	1.00059	0.999882	0.998576	1.00037	
22.5753 0.999878	1.00023	1.00071	1	0.998547	1.00034	
22.5914 0.999763	1.00011	1.00072	1.00001	0.998309	1.00011	
22.6075 0.99956	0.999911	1.00069	0.999977	0.998701	1.0005	
22.6237 0.999916	1.00027	1.00067	0.999957	0.99839	1.00019	
22.6398 0.999674	1.00003	1.00057	0.999853	0.998503	1.0003	
22.6559 0.999612	0.999963	1.00048	0.999767	0.998654	1.00045	
22.6721 0.999917	1.00027	1.00056	0.999848	0.998758	1.00056	
22.6882 0.999662	1.00001	1.00064	0.999921	0.998735	1.00054	
22.7043 0.999612	0.999963	1.00059	0.999874	0.998588	1.00039	
22.7204 0.999729	1.00008	1.00051	0.999796	0.998396	1.0002	
22.7366 0.999622	0.999974	1.00068	0.999966	0.998246	1.00005	
22.7527 0.999912	1.00027	1.00043	0.999716	0.998441	1.00025	
22.7688 0.99957	0.999922	1.00075	1.00003	0.998572	1.00038	
22.785 0.999951	1.0003	1.00076	1.00004	0.998541	1.00035	
22.8011 0.999658	1.00001	1.00037	0.999658	0.998434	1.00024	
22.8172 0.999925	1.00028	1.00055	0.999838	0.998619	1.00043	
22.8334 0.999812	1.00017	1.00066	0.999939	0.998695	1.0005	
22.8495 0.999927	1.00028	1.00059	0.999871	0.998581	1.00039	
22.8656 0.999621	0.999976	1.00045	0.999734	0.998572	1.00038	
22.8818 0.999756	1.00011	1.00061	0.999892	0.99859	1.0004	
22.8979 0.999939	1.00029	1.00059	0.999876	0.998598	1.00041	
22.914 0.999874	1.00023	1.00057	0.999847	0.998585	1.0004	
22.9301 0.999587	0.999943	1.00074	1.00002	0.998328	1.00014	
22.9463 0.999571	0.999926	1.00036	0.999641	0.998513	1.00033	
22.9624 0.999584	0.99994	1.00062	0.999901	0.998569	1.00038	
22.9785 0.99976	1.00012	1.00077	1.00005	0.998528	1.00034	
22.9947 0.999608	0.999964	1.00074	1.00002	0.998626	1.00044	
23.0108 0.99977	1.00013	1.00053	0.999809	0.998673	1.00049	
23.0269 0.999784	1.00014	1.00051	0.99979	0.998473	1.00029	
23.0431 0.99977	1.00013	1.00054	0.999822	0.998385	1.00021	
23.0592 0.99976	1.00012	1.00062	0.999902	0.99827	1.00009	
23.0753 0.999929	1.00029	1.00073	1.00001	0.998681	1.0005	
23.0915 0.99963	0.999987	1.00059	0.999866	0.998638	1.00046	
23.1076 0.999796	1.00015	1.00047	0.99975	0.998518	1.00034	
23.1237 0.999712	1.00007	1.00055	0.999827	0.998436	1.00026	
23.1398 1.00004	1.0004	1.00056	0.999841	0.998647	1.00047	
23.156 0.999848	1.00021	1.00055	0.999829	0.998339	1.00016	
23.1721 0.999789	1.00015	1.00049	0.999762	0.998548	1.00038	
23.1882 0.999542	0.999902	1.00046	0.999735	0.998414	1.00024	
23.2044 0.99961	0.99997	1.00074	1.00001	0.998423	1.00025	
23.2205 0.999725	1.00008	1.0006	0.999875	0.998594	1.00042	
23.2366 0.99975	1.00011	1.00047	0.999745	0.998385	1.00021	
23.2528 0.999571	0.999931	1.00051	0.999781	0.998334	1.00016	
23.2689 0.999593	0.999953	1.00053	0.999806	0.998599	1.00043	
23.285 0.999624	0.999984	1.00056	0.999829	0.998496	1.00033	
23.3012 0.999568	0.999928	1.00068	0.999953	0.998448	1.00028	
23.3173 0.999799	1.00016	1.00056	0.999828	0.998663	1.0005	
23.3334 0.999886	1.00025	1.00046	0.999732	0.998313	1.00015	
23.3496 0.99965	1.00001	1.00064	0.999915	0.998333	1.00017	
23.3657 0.999695	1.00006	1.00069	0.99996	0.998615	1.00045	
23.3818 0.999701	1.00006	1.00059	0.999865	0.998359	1.00019	
23.3979 0.999453	0.999813	1.00045	0.999723	0.998424	1.00026	
23.4141 0.99971	1.00007	1.0006	0.999867	0.99853	1.00037	
23.4302 0.99976	1.00012	1.00051	0.999778	0.998361	1.0002	
23.4463 0.999453	0.999814	1.00055	0.999821	0.998409	1.00025	
23.4625 0.999531	0.999891	1.00054	0.999806	0.998202	1.00004	
23.4786 0.999637	0.999997	1.00043	0.999699	0.998349	1.00019	
23.4947 0.999667	1.00003	1.00067	0.999942	0.998437	1.00028	
23.5109 0.999704	1.00006	1.00062	0.999887	0.998507	1.00035	
23.527 0.999624	0.999984	1.0007	0.999963	0.998504	1.00035	
23.5431 0.999693	1.00005	1.00055	0.999821	0.998467	1.00031	
23.5593 0.999474	0.999834	1.00049	0.999754	0.998511	1.00035	
23.5754 0.999559	0.999919	1.00067	0.999938	0.998255	1.0001	
23.5915 0.999528	0.999888	1.00041	0.999675	0.99842	1.00026	
23.6076 0.999755	1.00011	1.00035	0.999611	0.998485	1.00033	
23.6238 0.999432	0.999792	1.00057	0.999829	0.998438	1.00028	
23.6399 0.999681	1.00004	1.00037	0.999637	0.998376	1.00022	
23.656 0.999615	0.999974	1.0006	0.999864	0.998161	1.00001	
23.6722 0.999833	1.00019	1.00075	1.00001	0.998598	1.00045	
23.6883 0.999719	1.00008	1.00054	0.999806	0.998731	1.00058	
23.7044 0.999855	1.00022	1.00063	0.999893	0.998247	1.0001	
23.7206 0.999467	0.999828	1.00078	1.00004	0.998337	1.00019	
23.7367 0.999808	1.00017	1.00049	0.999751	0.998438	1.00029	
23.7528 0.999327	0.999687	1.00053	0.999793	0.998146	0.999996	
23.769 0.999437	0.999796	1.00053	0.999788	0.998423	1.00027	
23.7851 0.999529	0.999888	1.00076	1.00002	0.998307	1.00016	
23.8012 0.99974	1.0001	1.00058	0.999835	0.998533	1.00039	
23.8173 0.999819	1.00018	1.00071	0.999969	0.998687	1.00054	
23.8335 0.99965	1.00001	1.00073	0.999992	0.998328	1.00018	
23.8496 0.999466	0.999826	1.00065	0.99991	0.99869	1.00055	
23.8657 0.999614	0.999974	1.0005	0.99976	0.998203	1.00006	
23.8819 0.999512	0.999871	1.00065	0.999904	0.998399	1.00026	
23.898 0.999757	1.00012	1.00072	0.999978	0.998417	1.00027	
23.9141 0.999538	0.999897	1.00074	1	0.998335	1.00019	
23.9303 0.99986	1.00022	1.00077	1.00003	0.998289	1.00015	
23.9464 0.999488	0.999847	1.00085	1.00011	0.998384	1.00024	
23.9625 0.99944	0.999799	1.00057	0.999833	0.99824	1.0001	
23.9787 0.999799	1.00016	1.00054	0.999797	0.998168	1.00003	
23.9948 0.999616	0.999975	1.00058	0.999834	0.998257	1.00012	
24.0109 0.999486	0.999845	1.00058	0.999833	0.998028	0.999886	
24.0271 0.999646	1.00001	1.00074	0.999993	0.998203	1.00006	
24.0432 0.999734	1.00009	1.00058	0.999837	0.998406	1.00027	
24.0593 0.999788	1.00015	1.00052	0.999772	0.998297	1.00016	
24.0754 0.999626	0.999985	1.00057	0.999824	0.998135	0.999995	
24.0916 0.999815	1.00017	1.00059	0.999843	0.99833	1.00019	
24.1077 0.99992	1.00028	1.00063	0.99989	0.998368	1.00023	
24.1238 0.999796	1.00016	1.00059	0.999842	0.998404	1.00027	
24.14 0.999602	0.999963	1.00066	0.999913	0.998205	1.00007	
24.1561 0.999761	1.00012	1.0007	0.999954	0.99844	1.0003	
24.1722 0.99956	0.999921	1.00061	0.999865	0.99811	0.999972	
24.1884 0.999756	1.00012	1.00078	1.00003	0.99828	1.00014	
24.2045 0.999516	0.999877	1.00064	0.999894	0.998206	1.00007	
24.2206 0.999895	1.00026	1.0007	0.999949	0.998206	1.00007	
24.2368 0.999543	0.999905	1.00059	0.999845	0.998305	1.00017	
24.2529 0.999585	0.999946	1.00069	0.999943	0.99836	1.00022	
24.269 0.999611	0.999972	1.0009	1.00015	0.998221	1.00009	
24.2851 0.999392	0.999752	1.0008	1.00005	0.998134	0.999998	
24.3013 0.999824	1.00019	1.00082	1.00007	0.998077	0.999942	
24.3174 0.999884	1.00025	1.00059	0.999846	0.998289	1.00015	
24.3335 0.999788	1.00015	1.00064	0.999889	0.99837	1.00024	
24.3497 0.999489	0.999851	1.00067	0.999919	0.998329	1.0002	
24.3658 0.999823	1.00019	1.00074	0.999994	0.998087	0.999953	
24.3819 0.999754	1.00012	1.00072	0.99997	0.998261	1.00013	
24.3981 0.999417	0.999779	1.00064	0.999888	0.998307	1.00017	
24.4142 0.99956	0.999922	1.00073	0.999983	0.9981	0.999966	
24.4303 0.999638	1	1.00069	0.999937	0.998188	1.00005	
24.4465 0.999806	1.00017	1.00088	1.00014	0.998125	0.999991	
24.4626 0.999494	0.999856	1.00087	1.00013	0.998447	1.00031	
24.4787 0.999734	1.0001	1.0008	1.00005	0.998207	1.00008	
24.4948 0.999655	1.00002	1.00074	0.999989	0.998248	1.00012	
24.511 0.999498	0.99986	1.00067	0.999923	0.998118	0.999986	
24.5271 0.999878	1.00024	1.00082	1.00007	0.998089	0.999957	
24.5432 0.999463	0.999825	1.00064	0.999894	0.998258	1.00013	
24.5594 0.999537	0.999899	1.00083	1.00009	0.998077	0.999945	
24.5755 0.999444	0.999805	1.00063	0.999883	0.998249	1.00012	
24.5916 0.999801	1.00016	1.00081	1.00006	0.99827	1.00014	
24.6078 0.99976	1.00012	1.00056	0.999808	0.99817	1.00004	
24.6239 0.999792	1.00015	1.00083	1.00008	0.998238	1.00011	
24.64 0.999745	1.00011	1.00053	0.999778	0.998032	0.9999	
24.6562 0.999495	0.999857	1.00073	0.999982	0.998304	1.00017	
24.6723 0.999777	1.00014	1.00066	0.999907	0.997994	0.999863	
24.6884 0.999545	0.999908	1.00062	0.999871	0.997843	0.999711	
24.7046 0.999713	1.00008	1.00079	1.00004	0.998222	1.00009	
24.7207 0.999563	0.999926	1.00088	1.00013	0.997944	0.999811	
24.7368 0.999646	1.00001	1.00063	0.999881	0.998159	1.00003	
24.7529 0.999543	0.999905	1.00077	1.00002	0.997741	0.999607	
24.7691 0.99952	0.999881	1.00075	0.999998	0.997995	0.999861	
24.7852 0.999669	1.00003	1.00077	1.00002	0.998199	1.00007	
24.8013 0.999235	0.999595	1.00066	0.999908	0.997984	0.99985	
24.8175 0.999666	1.00003	1.00078	1.00003	0.9979	0.999765	
24.8336 0.999767	1.00013	1.00083	1.00008	0.9981	0.999965	
24.8497 0.999295	0.999655	1.00065	0.999905	0.998332	1.0002	
24.8659 0.999492	0.999851	1.00076	1.00001	0.998047	0.999912	
24.882 0.999489	0.999848	1.00071	0.99996	0.998169	1.00004	
24.8981 0.999713	1.00007	1.00085	1.0001	0.998176	1.00004	
24.9143 0.999605	0.999965	1.00079	1.00004	0.998128	0.999994	
24.9304 0.999704	1.00006	1.00079	1.00005	0.998201	1.00007	
24.9465 0.999695	1.00005	1.00098	1.00023	0.997803	0.999668	
24.9626 0.999636	0.999996	1.00082	1.00007	0.99807	0.999935	
24.9788 0.999564	0.999923	1.00061	0.999863	0.998246	1.00011	
24.9949 0.999553	0.999912	1.00087	1.00012	0.997981	0.999846	
25.011 0.999529	0.999888	1.00072	0.99997	0.998189	1.00005	
25.0272 0.999532	0.999891	1.00071	0.999962	0.997912	0.999776	
25.0433 0.999457	0.999815	1.0008	1.00005	0.998102	0.999966	
25.0594 0.999603	0.999961	1.00074	0.999987	0.997948	0.999812	
25.0756 0.999888	1.00025	1.00086	1.00012	0.99844	1.00031	
25.0917 0.999473	0.999831	1.00073	0.999981	0.998106	0.999971	
25.1078 0.999443	0.9998	1.00083	1.00008	0.998038	0.999902	
25.124 0.999393	0.99975	1.00093	1.00018	0.998248	1.00011	
25.1401 0.999462	0.999818	1.00076	1.00001	0.998013	0.999877	
25.1562 0.999598	0.999954	1.00067	0.999918	0.998113	0.999977	
25.1723 0.999667	1.00002	1.00076	1.00001	0.998089	0.999953	
25.1885 0.999654	1.00001	1.00086	1.00011	0.99793	0.999793	
25.2046 0.999565	0.999921	1.00089	1.00014	0.997994	0.999857	
25.2207 0.999523	0.999878	1.00074	0.999993	0.998044	0.999907	
25.2369 0.99958	0.999935	1.00076	1.00001	0.998148	1.00001	
25.253 0.9994	0.999755	1.00078	1.00004	0.998181	1.00004	
25.2691 0.999461	0.999815	1.0008	1.00006	0.998102	0.999965	
25.2853 0.999689	1.00004	1.00091	1.00016	0.997923	0.999785	
25.3014 0.999617	0.999971	1.00078	1.00003	0.998196	1.00006	
25.3175 0.999463	0.999816	1.00079	1.00005	0.998111	0.999973	
25.3337 0.999781	1.00014	1.00092	1.00017	0.997987	0.999848	
25.3498 0.999745	1.0001	1.00107	1.00033	0.998067	0.999928	
25.3659 0.999528	0.999882	1.00072	0.999972	0.998101	0.999963	
25.3821 0.999507	0.99986	1.00066	0.999916	0.998116	0.999978	
25.3982 0.99951	0.999863	1.00089	1.00015	0.997968	0.999829	
25.4143 0.999387	0.999739	1.00093	1.00018	0.998094	0.999954	
25.4304 0.99961	0.999962	1.0009	1.00016	0.997869	0.999729	
25.4466 0.999633	0.999985	1.0009	1.00016	0.998118	0.999977	
25.4627 0.9995	0.999852	1.00066	0.999914	0.998176	1.00004	
25.4788 0.999829	1.00018	1.00085	1.00011	0.997891	0.99975	
25.495 0.999527	0.999879	1.00088	1.00014	0.997999	0.999858	
25.5111 0.999734	1.00009	1.00094	1.0002	0.99809	0.999948	
25.5272 0.99973	1.00008	1.00077	1.00003	0.997719	0.999576	
25.5434 0.999613	0.999965	1.00103	1.00029	0.997992	0.999849	
25.5595 0.999391	0.999742	1.00087	1.00013	0.997908	0.999764	
25.5756 0.999564	0.999915	1.00105	1.00031	0.997991	0.999847	
25.5918 0.99977	1.00012	1.00087	1.00013	0.998063	0.999919	
25.6079 0.999475	0.999826	1.00079	1.00005	0.998017	0.999872	
25.624 0.999471	0.999822	1.00074	1	0.997918	0.999772	
25.6401 0.999622	0.999973	1.00078	1.00004	0.997915	0.999769	
25.6563 0.999815	1.00017	1.00076	1.00003	0.997728	0.999579	
25.6724 0.999728	1.00008	1.00079	1.00006	0.997709	0.999559	
25.6885 0.999644	0.999995	1.00085	1.00011	0.998009	0.999859	
25.7047 0.999506	0.999857	1.00075	1.00002	0.997932	0.999781	
25.7208 0.999676	1.00003	1.00092	1.00018	0.997786	0.999634	
25.7369 0.999644	0.999994	1.00075	1.00001	0.99792	0.999767	
25.7531 0.999933	1.00028	1.0009	1.00016	0.998073	0.99992	
25.7692 0.999823	1.00017	1.00103	1.0003	0.998019	0.999865	
25.7853 0.999528	0.99988	1.00065	0.99992	0.997952	0.999798	
25.8015 0.999798	1.00015	1.00085	1.00011	0.997948	0.999793	
25.8176 0.999685	1.00004	1.00082	1.00009	0.997892	0.999736	
25.8337 0.999503	0.999855	1.00073	0.999991	0.997812	0.999655	
25.8498 0.999647	0.999999	1.0011	1.00036	0.99758	0.999421	
25.866 0.999521	0.999872	1.00085	1.00012	0.997993	0.999834	
25.8821 0.999661	1.00001	1.00073	0.999995	0.997459	0.999297	
25.8982 0.999546	0.999898	1.00085	1.00011	0.997892	0.99973	
25.9144 0.999741	1.00009	1.00088	1.00015	0.997699	0.999534	
25.9305 0.999742	1.00009	1.00072	0.99999	0.997806	0.99964	
25.9466 0.999597	0.999948	1.00092	1.00019	0.997993	0.999827	
25.9628 0.999538	0.99989	1.00082	1.00009	0.997937	0.999771	
25.9789 0.999382	0.999732	1.00064	0.999908	0.997716	0.999548	
25.995 0.999763	1.00011	1.00096	1.00023	0.997737	0.999567	
26.0112 0.999739	1.00009	1.00089	1.00016	0.997858	0.999687	
26.0273 0.999728	1.00008	1.00096	1.00023	0.997498	0.999325	
26.0434 0.999474	0.999825	1.00087	1.00014	0.99782	0.999646	
26.0596 0.99973	1.00008	1.00087	1.00014	0.997659	0.999483	
26.0757 0.999757	1.00011	1.00079	1.00006	0.997995	0.99982	
26.0918 0.999656	1.00001	1.00078	1.00005	0.998277	1.0001	
26.1079 0.99955	0.999901	1.00109	1.00036	0.997775	0.999598	
26.1241 0.999401	0.999751	1.00085	1.00012	0.997791	0.999613	
26.1402 0.999615	0.999965	1.00071	0.999981	0.997746	0.999566	
26.1563 0.999614	0.999965	1.00063	0.999901	0.997782	0.9996	
26.1725 0.999512	0.999862	1.0008	1.00007	0.99793	0.999748	
26.1886 0.999446	0.999795	1.00092	1.00019	0.9977	0.999516	
26.2047 0.999753	1.0001	1.00086	1.00014	0.998035	0.999851	
26.2209 0.999806	1.00016	1.00079	1.00006	0.997811	0.999625	
26.237 0.999855	1.00021	1.00083	1.0001	0.997814	0.999627	
26.2531 0.999727	1.00008	1.00099	1.00027	0.997927	0.99974	
26.2693 0.999918	1.00027	1.00099	1.00027	0.997834	0.999645	
26.2854 0.999505	0.999856	1.00096	1.00024	0.997689	0.999498	
26.3015 0.999707	1.00006	1.0008	1.00008	0.997633	0.99944	
26.3176 0.999565	0.999916	1.00086	1.00014	0.997738	0.999544	
26.3338 0.999523	0.999874	1.00085	1.00013	0.99818	0.999986	
26.3499 0.999733	1.00008	1.00078	1.00006	0.997884	0.999689	
26.366 0.999758	1.00011	1.00085	1.00013	0.997702	0.999505	
26.3822 0.999602	0.999953	1.00086	1.00014	0.99808	0.999883	
26.3983 0.999722	1.00007	1.00082	1.0001	0.997702	0.999502	
26.4144 0.999664	1.00002	1.00079	1.00007	0.997854	0.999654	
26.4306 0.999512	0.999863	1.00097	1.00025	0.99764	0.999437	
26.4467 0.999607	0.999958	1.0008	1.00008	0.997645	0.99944	
26.4628 0.999628	0.999978	1.00095	1.00023	0.997868	0.999663	
26.479 0.999711	1.00006	1.00105	1.00034	0.99763	0.999422	
26.4951 0.999655	1.00001	1.00075	1.00003	0.998048	0.999841	
26.5112 0.999563	0.999913	1.00083	1.00012	0.99772	0.99951	
26.5273 0.999711	1.00006	1.00091	1.00019	0.997752	0.999541	
26.5435 0.999875	1.00023	1.00078	1.00006	0.997562	0.999348	
26.5596 0.999441	0.999792	1.00077	1.00006	0.997672	0.999456	
26.5757 0.999674	1.00002	1.00103	1.00032	0.99787	0.999653	
26.5919 0.999692	1.00004	1.00094	1.00023	0.99787	0.999652	
26.608 0.999692	1.00004	1.00085	1.00014	0.99789	0.999671	
26.6241 0.999751	1.0001	1.00089	1.00017	0.997991	0.999771	
26.6403 0.999776	1.00013	1.00095	1.00024	0.997592	0.999369	
26.6564 0.999647	0.999999	1.00096	1.00025	0.997638	0.999413	
26.6725 0.999669	1.00002	1.00085	1.00014	0.997831	0.999605	
26.6887 0.9996	0.999952	1.00107	1.00036	0.997581	0.999353	
26.7048 0.999459	0.99981	1.00066	0.999952	0.99771	0.99948	
26.7209 0.999608	0.99996	1.00088	1.00017	0.99753	0.999297	
26.7371 0.999637	0.999989	1.00079	1.00008	0.99774	0.999505	
26.7532 0.999375	0.999725	1.00078	1.00007	0.997777	0.999541	
26.7693 0.999481	0.999831	1.00083	1.00012	0.997716	0.999478	
26.7854 0.999779	1.00013	1.00115	1.00044	0.997707	0.999467	
26.8016 0.999613	0.999963	1.00082	1.00012	0.998015	0.999775	
26.8177 0.999396	0.999745	1.00096	1.00025	0.9974	0.999156	
26.8338 0.999527	0.999875	1.00108	1.00038	0.997879	0.999633	
26.85 0.999537	0.999885	1.00073	1.00003	0.997631	0.999383	
26.8661 0.999721	1.00007	1.00095	1.00025	0.997668	0.999418	
26.8822 0.999415	0.999763	1.00113	1.00043	0.997252	0.998997	
26.8984 0.999572	0.999919	1.0008	1.0001	0.99772	0.999464	
26.9145 0.999739	1.00009	1.00087	1.00017	0.997839	0.999582	
26.9306 0.999669	1.00002	1.00108	1.00038	0.997981	0.999724	
26.9468 0.999718	1.00007	1.00088	1.00018	0.997515	0.999253	
26.9629 0.999777	1.00013	1.0009	1.00021	0.997597	0.999334	
26.979 0.999551	0.999899	1.00082	1.00013	0.997738	0.999473	
26.9951 0.999402	0.999749	1.0009	1.0002	0.99791	0.999644	
27.0113 0.999644	0.999991	1.00063	0.999933	0.997709	0.99944	
27.0274 0.999927	1.00027	1.00091	1.00022	0.997792	0.999521	
27.0435 0.99939	0.999737	1.00087	1.00017	0.997643	0.99937	
27.0597 0.999692	1.00004	1.00086	1.00017	0.997766	0.999492	
27.0758 0.999638	0.999985	1.00071	1.00001	0.997733	0.999456	
27.0919 0.999735	1.00008	1.00105	1.00036	0.99787	0.999592	
27.1081 0.999598	0.999945	1.0008	1.00011	0.997622	0.99934	
27.1242 0.999372	0.999718	1.00106	1.00037	0.99823	0.999949	
27.1403 0.999798	1.00014	1.00078	1.00009	0.997571	0.999286	
27.1565 0.999671	1.00002	1.00108	1.00039	0.997816	0.99953	
27.1726 0.999623	0.99997	1.00092	1.00023	0.99787	0.999583	
27.1887 0.999495	0.999841	1.00094	1.00026	0.997697	0.999407	
27.2048 0.999489	0.999835	1.00089	1.00021	0.997846	0.999555	
27.221 0.999206	0.99955	1.00084	1.00016	0.997776	0.999482	
27.2371 0.999641	0.999985	1.00065	0.999964	0.997858	0.999563	
27.2532 0.999562	0.999906	1.00073	1.00004	0.997802	0.999505	
27.2694 0.999553	0.999896	1.00093	1.00025	0.997709	0.99941	
27.2855 0.999562	0.999905	1.00104	1.00035	0.997658	0.999356	
27.3016 0.999579	0.999922	1.00079	1.0001	0.997606	0.999302	
27.3178 0.999363	0.999704	1.00076	1.00008	0.99767	0.999362	
27.3339 0.999316	0.999655	1.00089	1.0002	0.997867	0.999559	
27.35 0.999614	0.999954	1.00075	1.00007	0.997729	0.999418	
27.3662 0.999575	0.999914	1.00078	1.0001	0.997785	0.999472	
27.3823 0.999871	1.00021	1.00088	1.0002	0.997837	0.999522	
27.3984 0.999366	0.999704	1.00098	1.0003	0.99779	0.999473	
27.4145 0.999716	1.00005	1.00107	1.0004	0.99769	0.99937	
27.4307 0.999473	0.999811	1.001	1.00033	0.997743	0.999421	
27.4468 0.99981	1.00015	1.00092	1.00025	0.997976	0.999653	
27.4629 0.99968	1.00002	1.00088	1.00021	0.998097	0.999773	
27.4791 0.999465	0.999803	1.00097	1.0003	0.997932	0.999607	
27.4952 0.999437	0.999774	1.00102	1.00035	0.997839	0.999512	
27.5113 0.999798	1.00014	1.0008	1.00013	0.997955	0.999626	
27.5275 0.999408	0.999745	1.0008	1.00013	0.997647	0.999315	
27.5436 0.999509	0.999845	1.00096	1.00029	0.997942	0.999608	
27.5597 0.999707	1.00004	1.0009	1.00023	0.997841	0.999505	
27.5759 0.999281	0.999616	1.00076	1.0001	0.997658	0.999319	
27.592 0.999494	0.999828	1.00078	1.00011	0.997698	0.999356	
27.6081 0.999545	0.999878	1.00102	1.00036	0.997582	0.999237	
27.6243 0.999565	0.999898	1.00092	1.00025	0.997827	0.999481	
27.6404 0.999678	1.00001	1.00091	1.00025	0.997851	0.999502	
27.6565 0.999578	0.999911	1.00109	1.00043	0.99767	0.999318	
27.6726 0.999667	0.999999	1.00085	1.00019	0.99778	0.999427	
27.6888 0.999705	1.00004	1.00101	1.00035	0.997732	0.999376	
27.7049 0.999834	1.00017	1.00085	1.00019	0.997796	0.999438	
27.721 0.999375	0.999707	1.00095	1.00029	0.998017	0.999658	
27.7372 0.999716	1.00005	1.00102	1.00036	0.997907	0.999545	
27.7533 0.999462	0.999793	1.00074	1.00008	0.998038	0.999675	
27.7694 0.999744	1.00008	1.00105	1.0004	0.997935	0.99957	
27.7856 0.999568	0.9999	1.00098	1.00033	0.997647	0.999279	
27.8017 0.999217	0.999547	1.00103	1.00038	0.997634	0.999263	
27.8178 0.999339	0.999667	1.00107	1.00042	0.997824	0.999451	
27.834 0.999728	1.00006	1.00116	1.00051	0.997789	0.999414	
27.8501 0.999782	1.00011	1.00098	1.00033	0.997615	0.999236	
27.8662 0.99962	0.999948	1.00085	1.00021	0.99766	0.999278	
27.8823 0.999841	1.00017	1.00107	1.00042	0.997666	0.999281	
27.8985 0.999494	0.999823	1.00087	1.00023	0.997297	0.998907	
27.9146 0.999622	0.999951	1.00086	1.00022	0.997723	0.999331	
27.9307 0.999613	0.999941	1.00084	1.0002	0.997657	0.999261	
27.9469 0.999449	0.999776	1.00103	1.00039	0.997735	0.999337	
27.963 0.999385	0.999711	1.0009	1.00027	0.997917	0.999517	
27.9791 0.999545	0.999871	1.00087	1.00023	0.997539	0.999134	
27.9953 0.999611	0.999936	1.0011	1.00046	0.997737	0.99933	
28.0114 0.999504	0.999829	1.00085	1.00022	0.997874	0.999465	
28.0275 0.999858	1.00018	1.00084	1.00021	0.99757	0.999157	
28.0437 0.999573	0.999898	1.00114	1.00051	0.997592	0.999175	
28.0598 0.999713	1.00004	1.00088	1.00025	0.997852	0.999433	
28.0759 0.999701	1.00003	1.00128	1.00065	0.997613	0.999191	
28.092 0.999422	0.999746	1.00082	1.00019	0.997765	0.999339	
28.1082 0.999393	0.999715	1.00094	1.00031	0.997597	0.999168	
28.1243 0.999481	0.999803	1.00102	1.0004	0.997668	0.999236	
28.1404 0.999659	0.999981	1.00085	1.00023	0.997646	0.99921	
28.1566 0.99958	0.999901	1.00089	1.00027	0.997702	0.999263	
28.1727 0.999695	1.00002	1.0009	1.00028	0.997745	0.999303	
28.1888 0.999176	0.999495	1.00086	1.00024	0.997514	0.999068	
28.205 0.999546	0.999864	1.00097	1.00035	0.99764	0.99919	
28.2211 0.999439	0.999757	1.00085	1.00023	0.997549	0.999094	
28.2372 0.999315	0.999631	1.001	1.00038	0.997718	0.999261	
28.2534 0.999463	0.999778	1.00101	1.0004	0.997603	0.999142	
28.2695 0.999494	0.999808	1.00106	1.00045	0.998044	0.999581	
28.2856 0.999418	0.999731	1.00092	1.00031	0.997434	0.998966	
28.3018 0.99957	0.999883	1.00101	1.0004	0.997723	0.999252	
28.3179 0.999469	0.999781	1.0009	1.00029	0.997502	0.999026	
28.334 0.999647	0.999958	1.00099	1.00039	0.997509	0.999029	
28.3501 0.999605	0.999916	1.001	1.0004	0.997532	0.999048	
28.3663 0.999533	0.999843	1.00084	1.00024	0.997936	0.999449	
28.3824 0.999568	0.999877	1.00085	1.00025	0.997773	0.999283	
28.3985 0.99945	0.999759	1.00132	1.00073	0.997851	0.999358	
28.4147 0.999446	0.999753	1.00097	1.00037	0.997685	0.999188	
28.4308 0.999575	0.999881	1.00105	1.00045	0.99774	0.99924	
28.4469 0.999647	0.999953	1.00095	1.00036	0.997667	0.999163	
28.4631 0.999633	0.999939	1.00091	1.00032	0.997463	0.998954	
28.4792 0.999751	1.00006	1.00098	1.00039	0.997707	0.999195	
28.4953 0.99911	0.999413	1.00084	1.00026	0.997763	0.999247	
28.5115 0.999318	0.999619	1.00116	1.00057	0.99771	0.99919	
28.5276 0.999665	0.999967	1.00088	1.0003	0.997281	0.998755	
28.5437 0.999481	0.999782	1.00078	1.0002	0.997492	0.998962	
28.5598 0.999576	0.999876	1.00083	1.00025	0.997479	0.998943	
28.576 0.999493	0.999792	1.0011	1.00052	0.997557	0.999017	
28.5921 0.99953	0.999828	1.00116	1.00058	0.997793	0.999249	
28.6082 0.999647	0.999945	1.00121	1.00064	0.997758	0.999211	
28.6244 0.999594	0.999892	1.00098	1.00041	0.997433	0.998881	
28.6405 0.999337	0.999633	1.00073	1.00016	0.997586	0.999029	
28.6566 0.999706	1	1.00103	1.00047	0.997529	0.998967	
28.6728 0.999578	0.999873	1.00093	1.00037	0.997925	0.999361	
28.6889 0.999611	0.999906	1.00089	1.00033	0.997462	0.998892	
28.705 0.99957	0.999865	1.001	1.00044	0.997649	0.999074	
28.7212 0.999744	1.00004	1.00096	1.0004	0.997393	0.998812	
28.7373 0.999379	0.999672	1.00087	1.00031	0.997813	0.999229	
28.7534 0.99933	0.999621	1.00085	1.00029	0.997596	0.999007	
28.7695 0.999599	0.999889	1.00115	1.00059	0.99752	0.998926	
28.7857 0.999794	1.00009	1.00077	1.00022	0.997581	0.998982	
28.8018 0.999733	1.00002	1.00071	1.00015	0.997635	0.999032	
28.8179 0.99944	0.99973	1.00079	1.00024	0.997792	0.999185	
28.8341 0.99963	0.999919	1.00087	1.00032	0.997599	0.998986	
28.8502 0.999597	0.999885	1.00114	1.00059	0.997764	0.999147	
28.8663 0.999534	0.999822	1.00092	1.00037	0.997793	0.999173	
28.8825 0.999562	0.99985	1.00074	1.00019	0.99767	0.999044	
28.8986 0.999677	0.999964	1.00087	1.00033	0.997782	0.999153	
28.9147 0.999429	0.999715	1.00073	1.00019	0.997712	0.999078	
28.9309 0.999699	0.999984	1.00085	1.00031	0.997776	0.999138	
28.947 0.999298	0.999581	1.00091	1.00038	0.997923	0.999282	
28.9631 0.999561	0.999844	1.00087	1.00034	0.997798	0.999152	
28.9793 0.999576	0.999858	1.001	1.00046	0.997692	0.999042	
28.9954 0.999991	1.00027	1.00095	1.00042	0.997757	0.999102	
29.0115 0.999662	0.999945	1.00088	1.00035	0.997615	0.998955	
29.0276 0.999535	0.999817	1.00085	1.00032	0.997838	0.999173	
29.0438 0.999518	0.999799	1.00076	1.00023	0.997777	0.999108	
29.0599 0.999675	0.999956	1.00061	1.00008	0.99782	0.999146	
29.076 0.999754	1.00004	1.00099	1.00046	0.997656	0.998977	
29.0922 0.999514	0.999794	1.00107	1.00055	0.997878	0.999195	
29.1083 0.999459	0.999738	1.00081	1.00029	0.997742	0.999054	
29.1244 0.999379	0.999656	1.00079	1.00027	0.997882	0.999191	
29.1406 0.999583	0.999859	1.00118	1.00066	0.99778	0.999084	
29.1567 0.999461	0.999736	1.00115	1.00064	0.997631	0.998929	
29.1728 0.999246	0.999519	1.00091	1.0004	0.997637	0.99893	
29.189 0.999541	0.999812	1.00093	1.00042	0.998028	0.999318	
29.2051 0.999664	0.999935	1.00089	1.00038	0.997767	0.999051	
29.2212 0.999714	0.999985	1.00086	1.00036	0.997534	0.998813	
29.2373 0.999407	0.999676	1.00068	1.00018	0.997326	0.998597	
29.2535 0.999682	0.999951	1.00094	1.00044	0.997587	0.998852	
29.2696 0.999301	0.999568	1.00089	1.00039	0.997774	0.999034	
29.2857 0.999599	0.999865	1.00071	1.00022	0.997967	0.999223	
29.3019 0.999684	0.99995	1.00091	1.00041	0.997906	0.999157	
29.318 0.999276	0.99954	1.0008	1.00031	0.997576	0.998821	
29.3341 0.999289	0.99955	1.00097	1.00048	0.997709	0.998949	
29.3503 0.999616	0.999877	1.00076	1.00027	0.997777	0.999012	
29.3664 0.999718	0.999978	1.00083	1.00034	0.997965	0.999196	
29.3825 0.999705	0.999965	1.00069	1.0002	0.997836	0.999062	
29.3987 0.999463	0.999722	1.00095	1.00047	0.997988	0.999209	
29.4148 0.999362	0.999619	1.00074	1.00025	0.997572	0.998787	
29.4309 0.999602	0.999858	1.00086	1.00037	0.998213	0.999426	
29.447 0.999819	1.00008	1.00087	1.0004	0.997948	0.999156	
29.4632 0.999374	0.999628	1.00069	1.00021	0.99806	0.999264	
29.4793 0.999469	0.999722	1.00082	1.00035	0.997626	0.998823	
29.4954 0.999408	0.999659	1.00046	0.999985	0.998101	0.999295	
29.5116 0.999611	0.999862	1.00063	1.00015	0.99821	0.999401	
29.5277 0.999529	0.999778	1.00085	1.00038	0.997842	0.999027	
29.5438 0.999583	0.999831	1.0004	0.999927	0.997587	0.998765	
29.56 0.999656	0.999904	1.00076	1.00029	0.997918	0.999091	
29.5761 0.999333	0.999579	1.00074	1.00027	0.997771	0.998938	
29.5922 0.999452	0.999696	1.00067	1.0002	0.997783	0.998944	
29.6084 0.999776	1.00002	1.00081	1.00034	0.9979	0.999057	
29.6245 0.999553	0.999796	1.00082	1.00035	0.998012	0.999164	
29.6406 0.999672	0.999915	1.00078	1.00032	0.997947	0.999094	
29.6568 0.999278	0.999517	1.00063	1.00017	0.998131	0.999274	
29.6729 0.999515	0.999753	1.00071	1.00025	0.997937	0.999075	
29.689 0.999658	0.999896	1.0008	1.00034	0.9979	0.999033	
29.7051 0.999787	1.00002	1.00091	1.00045	0.997812	0.998939	
29.7213 0.999488	0.999724	1.00087	1.00042	0.997883	0.999004	
29.7374 0.999369	0.999603	1.00057	1.00012	0.99833	0.999448	
29.7535 0.999649	0.999882	1.00068	1.00023	0.99778	0.998891	
29.7697 0.999425	0.999657	1.00085	1.0004	0.998134	0.999242	
29.7858 0.99936	0.999589	1.00087	1.00042	0.997715	0.998815	
29.8019 0.999408	0.999635	1.00093	1.00048	0.998232	0.999329	
29.8181 0.999388	0.999613	1.00075	1.0003	0.997974	0.999066	
29.8342 0.999636	0.99986	1.00057	1.00013	0.998403	0.999492	
29.8503 0.999627	0.99985	1.00074	1.00029	0.998154	0.999238	
29.8665 0.999198	0.999417	1.0007	1.00026	0.997733	0.99881	
29.8826 0.999237	0.999453	1.00093	1.0005	0.998093	0.999166	
29.8987 0.99976	0.999977	1.00081	1.00037	0.998125	0.999194	
29.9148 0.99945	0.999664	1.00083	1.0004	0.997769	0.99883	
29.931 0.999925	1.00014	1.0008	1.00037	0.998545	0.999605	
29.9471 0.999462	0.999676	1.00074	1.00031	0.998273	0.999328	
29.9632 0.999878	1.00009	1.00096	1.00053	0.998127	0.999178	
29.9794 1.00012	1.00033	1.00065	1.00022	0.997938	0.998983	
29.9955 0.999548	0.999763	1.00075	1.00033	0.998194	0.999234	
30.0116 0.999369	0.999581	1.0007	1.00028	0.998177	0.999213	
30.0278 0.99959	0.9998	1.00053	1.00011	0.998164	0.999195	
30.0439 0.999516	0.999725	1.0008	1.00038	0.997956	0.998981	
30.06 0.999934	1.00014	1.0007	1.00028	0.998268	0.999289	
30.0762 0.999251	0.999458	1.00071	1.00029	0.998077	0.999092	
30.0923 0.999506	0.999712	1.00087	1.00046	0.998194	0.999205	
30.1084 0.999616	0.99982	1.00061	1.0002	0.998174	0.99918	
30.1245 0.999289	0.99949	1.00082	1.00041	0.998468	0.999471	
30.1407 0.999778	0.999979	1.0009	1.00049	0.998032	0.999028	
30.1568 0.999616	0.999816	1.00074	1.00034	0.99823	0.999222	
30.1729 0.999662	0.999861	1.00063	1.00023	0.998305	0.999293	
30.1891 0.999763	0.999961	1.00087	1.00047	0.998002	0.998984	
30.2052 0.999507	0.999704	1.00075	1.00035	0.997921	0.998896	
30.2213 0.999565	0.99976	1.00075	1.00036	0.998424	0.999396	
30.2375 0.999983	1.00018	1.00073	1.00034	0.997932	0.998897	
30.2536 0.999864	1.00006	1.0007	1.00031	0.99835	0.999311	
30.2697 0.999944	1.00014	1.00085	1.00046	0.99814	0.999096	
30.2859 0.999617	0.999814	1.00071	1.00032	0.997795	0.998742	
30.302 0.999423	0.999617	1.00076	1.00037	0.998272	0.999215	
30.3181 0.999686	0.99988	1.00072	1.00034	0.997988	0.998924	
30.3343 0.999687	0.99988	1.00064	1.00026	0.998325	0.999257	
30.3504 0.999552	0.999744	1.00122	1.00085	0.998081	0.999006	
30.3665 0.99926	0.999448	1.00058	1.0002	0.998176	0.999096	
30.3826 0.99955	0.999736	1.00086	1.00049	0.997642	0.998552	
30.3988 0.999399	0.999583	1.00084	1.00047	0.997823	0.998726	
30.4149 0.999999	1.00018	1.00066	1.00029	0.997969	0.998864	
30.431 0.999878	1.00006	1.00043	1.00007	0.998303	0.999194	
30.4472 0.999554	0.999738	1.00067	1.00031	0.998263	0.999149	
30.4633 1.00006	1.00025	1.00099	1.00063	0.99847	0.999352	
30.4794 0.99974	0.999924	1.00084	1.00049	0.99801	0.998884	
30.4956 0.999776	0.999961	1.00058	1.00022	0.997859	0.998725	
30.5117 0.999405	0.999587	1.00093	1.00058	0.99808	0.99894	
30.5278 1.00019	1.00038	1.00098	1.00063	0.998098	0.998951	
30.544 0.999694	0.999877	1.00057	1.00022	0.998117	0.998964	
30.5601 0.999506	0.999687	1.00082	1.00047	0.998321	0.999163	
30.5762 0.999358	0.999537	1.00076	1.00042	0.99803	0.998864	
30.5923 0.999857	1.00004	1.00061	1.00027	0.998481	0.999311	
30.6085 0.999785	0.999964	1.00092	1.00058	0.998297	0.999121	
30.6246 0.999583	0.99976	1.00081	1.00048	0.998023	0.998839	
30.6407 0.999848	1.00002	1.00083	1.0005	0.998125	0.998934	
30.6569 0.999485	0.99966	1.0005	1.00017	0.998146	0.998949	
30.673 0.999702	0.999876	1.00067	1.00034	0.998392	0.99919	
30.6891 1.00005	1.00023	1.00079	1.00047	0.99813	0.998921	
30.7053 0.999103	0.999274	1.00083	1.00051	0.998301	0.999085	
30.7214 0.999695	0.999865	1.00086	1.00054	0.997999	0.998776	
30.7375 0.999837	1.00001	1.00054	1.00022	0.998364	0.999135	
30.7537 0.999695	0.999864	1.00068	1.00037	0.998016	0.998779	
30.7698 0.999414	0.99958	1.00106	1.00075	0.997836	0.998589	
30.7859 0.999808	0.999975	1.00062	1.00031	0.998245	0.998992	
30.802 0.999877	1.00004	1.0009	1.0006	0.998121	0.99886	
30.8182 0.999504	0.999668	1.00108	1.00079	0.998188	0.998921	
30.8343 0.99965	0.999813	1.00086	1.00057	0.997695	0.998417	
30.8504 0.99958	0.999742	1.00072	1.00043	0.997978	0.998691	
30.8666 0.999152	0.999309	1.00079	1.00051	0.998801	0.999511	
30.8827 0.999757	0.999913	1.0006	1.00032	0.998404	0.999108	
30.8988 0.999703	0.999859	1.00091	1.00063	0.998419	0.999117	
30.915 0.999693	0.999847	1.0009	1.00063	0.998315	0.999006	
30.9311 0.99958	0.999732	1.00051	1.00023	0.998199	0.998882	
30.9472 0.999407	0.999556	1.00079	1.00052	0.99802	0.998694	
30.9634 0.999766	0.999915	1.00047	1.0002	0.998317	0.998985	
30.9795 0.999833	0.999982	1.00073	1.00047	0.997998	0.998657	
30.9956 0.999831	0.999979	1.00068	1.00042	0.998261	0.998912	
31.0118 0.999392	0.999537	1.00045	1.00019	0.998733	0.99938	
31.0279 0.999484	0.999627	1.00082	1.00056	0.998367	0.999008	
31.044 0.999539	0.999679	1.0006	1.00034	0.998182	0.998814	
31.0601 0.999691	0.99983	1.00064	1.00039	0.99852	0.999147	
31.0763 0.999816	0.999955	1.00062	1.00037	0.998253	0.998872	
31.0924 0.999946	1.00009	1.0006	1.00036	0.998339	0.998951	
31.1085 0.999971	1.00011	1.00072	1.00048	0.998326	0.99893	
31.1247 0.99959	0.999729	1.00069	1.00045	0.998442	0.999039	
31.1408 0.999813	0.999952	1.00067	1.00043	0.998922	0.999517	
31.1569 0.999932	1.00007	1.0005	1.00027	0.998273	0.998858	
31.1731 0.999842	0.999981	1.00061	1.00038	0.998311	0.998889	
31.1892 0.999693	0.999831	1.00064	1.00041	0.998549	0.999121	
31.2053 0.999774	0.999911	1.00037	1.00014	0.998439	0.999004	
31.2215 0.999468	0.999602	1.00071	1.00048	0.99878	0.99934	
31.2376 0.999417	0.999548	1.0008	1.00058	0.998503	0.999057	
31.2537 0.999556	0.999685	1.00045	1.00023	0.998523	0.999071	
31.2698 0.99972	0.999847	1.00079	1.00058	0.998413	0.998953	
31.286 0.999054	0.999175	1.00035	1.00014	0.998392	0.998924	
31.3021 0.999577	0.999696	1.00051	1.0003	0.998884	0.999412	
31.3182 1.00009	1.00021	1.00082	1.00061	0.998261	0.99878	
31.3344 0.999961	1.00008	1.00061	1.0004	0.998531	0.999043	
31.3505 0.999627	0.999747	1.00045	1.00024	0.998464	0.998969	
31.3666 0.999613	0.999731	1.00062	1.00042	0.998661	0.99916	
31.3828 0.999536	0.999651	1.00073	1.00053	0.99848	0.998971	
31.3989 0.999586	0.999699	1.00054	1.00035	0.99872	0.999206	
31.415 0.999672	0.999783	1.00043	1.00024	0.998692	0.999173	
31.4312 0.999742	0.999853	1.00044	1.00024	0.998436	0.998908	
31.4473 0.999597	0.999706	1.00064	1.00046	0.998378	0.998842	
31.4634 1.00024	1.00035	1.00025	1.00007	0.998879	0.999339	
31.4795 0.999845	0.999956	1.00044	1.00026	0.99848	0.998931	
31.4957 0.999434	0.999541	1.00043	1.00025	0.998642	0.999086	
31.5118 0.999841	0.999948	1.00075	1.00057	0.99879	0.999229	
31.5279 0.999637	0.999742	1.00042	1.00024	0.998817	0.999251	
31.5441 1	1.00011	1.00066	1.00048	0.998853	0.999281	
31.5602 0.999783	0.999888	1.00053	1.00036	0.998158	0.998576	
31.5763 0.99999	1.0001	1.0004	1.00023	0.998808	0.99922	
31.5925 1.00021	1.00032	1.00047	1.0003	0.998234	0.998636	
31.6086 0.999909	1.00002	1.00037	1.0002	0.998636	0.999031	
31.6247 0.999446	0.999551	1.00043	1.00027	0.998889	0.999279	
31.6409 0.999989	1.00009	1.00054	1.00038	0.998633	0.999015	
31.657 0.999333	0.999434	1.00032	1.00017	0.998118	0.998488	
31.6731 0.999644	0.999743	1.00042	1.00026	0.998871	0.999237	
31.6893 1.00027	1.00037	1.00077	1.00062	0.998965	0.999326	
31.7054 1.00015	1.00025	1.0004	1.00025	0.999109	0.999466	
31.7215 0.999727	0.99983	1.00053	1.00038	0.998634	0.998982	
31.7376 0.999887	0.99999	1.00036	1.00021	0.998277	0.998615	
31.7538 0.999986	1.00009	1.00062	1.00048	0.998501	0.99883	
31.7699 0.999813	0.999916	1.0003	1.00016	0.99844	0.99876	
31.786 0.999842	0.999945	1.0004	1.00026	0.998576	0.998888	
31.8022 0.999973	1.00008	1.00043	1.0003	0.999162	0.99947	
31.8183 0.99993	1.00003	1.00053	1.00039	0.998945	0.999247	
31.8344 0.999992	1.0001	1.00024	1.0001	0.998451	0.998744	
31.8506 0.999803	0.999906	1.00054	1.00041	0.998795	0.999082	
31.8667 0.999725	0.999827	1.00061	1.00048	0.998456	0.998732	
31.8828 0.999486	0.999584	1.00063	1.00051	0.998498	0.998765	
31.899 0.999549	0.999645	1.00043	1.00031	0.998564	0.998822	
31.9151 0.999865	0.999961	1.00067	1.00055	0.998516	0.998765	
31.9312 0.999561	0.999654	1.00076	1.00065	0.999125	0.999369	
31.9473 0.999603	0.999694	1.00072	1.00061	0.99887	0.999107	
31.9635 0.999618	0.999706	1.00066	1.00056	0.998706	0.998935	
31.9796 0.999833	0.999921	1.00015	1.00005	0.998578	0.998798	
31.9957 0.999911	0.999999	1.00078	1.00068	0.999058	0.999272	
32.0119 1.0001	1.00019	1.00029	1.00019	0.999132	0.999342	
32.028 0.999813	0.999902	1.00041	1.00032	0.999014	0.999218	
32.0441 0.999895	0.999983	1.00044	1.00035	0.998973	0.99917	
32.0603 0.999972	1.00006	1.00038	1.00029	0.999033	0.999224	
32.0764 1.00014	1.00023	1.00022	1.00013	0.999052	0.999237	
32.0925 0.999687	0.999776	1.00073	1.00065	0.998898	0.999076	
32.1087 0.999527	0.999613	1.00043	1.00035	0.9993	0.999475	
32.1248 1.00011	1.0002	1.00021	1.00013	0.999301	0.999471	
32.1409 0.999826	0.999913	1.00084	1.00077	0.999346	0.999513	
32.157 1.00025	1.00034	1.00026	1.00019	0.998974	0.999134	
32.1732 1.00035	1.00044	1.00038	1.00031	0.998951	0.999104	
32.1893 0.999972	1.00007	1.00019	1.00013	0.99899	0.999137	
32.2054 0.999835	0.999928	1.00032	1.00026	0.999371	0.999514	
32.2216 0.999898	0.999991	1.00058	1.00052	0.999152	0.99929	
32.2377 0.999907	0.999999	1.0006	1.00055	0.999622	0.999757	
32.2538 1.00008	1.00018	1.0004	1.00035	0.998942	0.99907	
