# Time-averaged data for fix AveAll
# TimeStep v_TotEn v_PotEn c_T c_P v_Dens
100 -16225.8 -20053.6 296.407 22.4666 0.880115
200 -16197.6 -20072.4 300.045 473.154 0.881542
300 -16156.6 -20038.2 300.574 209.297 0.878972
400 -16125.6 -19993.5 299.519 -72.5559 0.873971
500 -16118.8 -19994.5 300.114 -349.191 0.869712
600 -16187.3 -20021.7 296.917 -234.927 0.86846
700 -16239.5 -20046 294.755 -102.568 0.869786
800 -16206 -20052.5 297.861 100.365 0.872052
900 -16089.8 -19950.5 298.959 43.5213 0.873396
1000 -16016.8 -19939.2 303.736 -87.623 0.874488
1100 -16084.2 -19990.5 302.488 -8.49206 0.875983
1200 -16157.3 -19997.2 297.351 -97.7125 0.87791
1300 -16192.6 -20026.6 296.89 161.639 0.880439
1400 -16198.7 -20032 296.834 182.611 0.881452
1500 -16138.9 -20029.5 301.278 12.9782 0.8809
1600 -16093.7 -19997.6 302.299 315.466 0.879667
1700 -16165.6 -20008.4 297.566 -132.104 0.876268
1800 -16237 -20058.5 295.924 -168.97 0.873917
1900 -16235 -20075.7 297.408 -21.8273 0.873223
2000 -16221.1 -20091.1 299.678 -90.2435 0.872971
2100 -16280.4 -20100 295.781 -37.9257 0.873554
2200 -16366.4 -20172.4 294.725 -168.736 0.874737
2300 -16355.6 -20134.7 292.639 197.842 0.876703
2400 -16249.8 -20094 297.676 172.208 0.877119
2500 -16201.3 -20055.3 298.437 -29.7139 0.875803
2600 -16188.2 -20043.8 298.563 89.8271 0.874647
2700 -16197.4 -20058.1 298.955 -50.0464 0.873158
2800 -16248.3 -20057.8 294.997 -178.818 0.872205
2900 -16287.7 -20095.8 294.884 30.1277 0.872819
3000 -16239.9 -20044.2 294.593 -186.646 0.873537
3100 -16134 -20035 302.077 236.624 0.875228
3200 -16153 -20002.1 298.058 424.231 0.874583
3300 -16179.5 -20007.9 296.459 -270.44 0.87112
3400 -16169.3 -20025.3 298.599 -95.5205 0.869728
3500 -16118.6 -19979.7 298.99 -92.3019 0.869593
3600 -16064.5 -19975 302.82 -204.368 0.870558
3700 -16112.2 -19996.7 300.801 114.742 0.872808
3800 -16207.2 -20044.5 297.147 172.04 0.874029
3900 -16225.5 -20050 296.152 -137.552 0.873976
4000 -16208.5 -20066.8 298.775 26.4278 0.874678
4100 -16169.9 -20028.5 298.798 -79.9321 0.875323
4200 -16079.5 -19963.6 300.768 114.182 0.876388
4300 -16053 -19957.9 302.383 -252.105 0.877185
4400 -16142.3 -20002.7 298.938 261.71 0.879052
4500 -16229.1 -20080.3 298.224 218.498 0.879007
4600 -16247.7 -20065.8 295.662 -78.6288 0.877145
4700 -16194.6 -20044.3 298.111 -27.0535 0.875739
4800 -16128.4 -19990.6 299.074 109.55 0.874498
4900 -16116.3 -19983.4 299.452 -44.54 0.87274
5000 -16182.3 -20006.8 296.155 24.2287 0.871165
5100 -16292.6 -20067.2 292.29 -66.8222 0.869587
5200 -16249.6 -20048.6 294.175 -202.006 0.868953
5300 -16152.7 -19979.7 296.348 -43.7437 0.869918
5400 -16100.3 -19949.3 298.054 -5.25747 0.87152
5500 -16082.9 -19975.4 301.422 131.305 0.872978
5600 -16163.1 -20004 297.425 -72.5135 0.873464
5700 -16226.1 -20052.5 296.302 11.6106 0.874241
5800 -16212.2 -20027.8 295.465 149.853 0.874602
5900 -16163.6 -20003.7 297.359 -27.8217 0.87405
6000 -16131.8 -20016.5 300.819 153.374 0.873304
6100 -16133.2 -19952.7 295.765 -44.0053 0.871432
6200 -16029.8 -19933.7 302.304 166.189 0.869683
6300 -15976.3 -19891.2 303.15 -98.3417 0.867266
6400 -16048.7 -19910.2 299.026 -294.514 0.865843
6500 -16121.3 -19961.4 297.363 -58.6136 0.867064
6600 -16162.7 -20021.2 298.784 -5.01218 0.868856
6700 -16201.7 -20024.3 296.009 -134.827 0.8705
6800 -16183.2 -20029.9 297.87 -82.8315 0.873238
6900 -16062.4 -19971.3 302.691 473.284 0.875657
7000 -16064.4 -19954 301.193 161.416 0.874037
7100 -16153 -20021.8 299.582 -175.677 0.871415
7200 -16225 -20085.7 298.959 79.9046 0.870383
7300 -16248.3 -20055.9 294.843 -275.277 0.869275
7400 -16191.8 -20009.7 295.645 -188.035 0.870548
7500 -16117.9 -20021.9 302.307 221.185 0.873216
7600 -16155.8 -20029.5 299.965 -38.7571 0.874053
7700 -16196 -20008.8 295.244 -97.8862 0.874872
7800 -16170.8 -20040.4 299.644 77.2853 0.876192
7900 -16150.6 -20022.9 299.857 -188.689 0.87726
8000 -16165.4 -19988.1 296.016 -15.1511 0.879695
8100 -16148.7 -20009.2 298.936 284.471 0.881788
8200 -16143.1 -20026.2 300.696 -19.1872 0.881694
8300 -16216.7 -20071.3 298.485 59.4042 0.881241
8400 -16291.4 -20135.5 297.677 -38.275 0.880617
8500 -16319 -20154.8 297.036 138.596 0.880132
8600 -16337.6 -20179.6 297.506 76.2041 0.878381
8700 -16386.6 -20182.6 293.944 -103.029 0.876222
8800 -16391.8 -20194.8 294.489 52.1566 0.874635
8900 -16305.7 -20136.5 296.643 -126.585 0.872876
9000 -16227.7 -20089.8 299.062 63.9208 0.872109
9100 -16199 -20035.1 297.054 -54.7414 0.871165
9200 -16155.4 -20039.7 300.778 -128.159 0.8708
9300 -16117.8 -20027.2 302.732 192.569 0.871227
9400 -16170.8 -20045 300.003 -77.2742 0.870229
9500 -16269.3 -20085.9 295.541 -369.776 0.870124
9600 -16282.2 -20083.2 294.33 -30.4173 0.873302
9700 -16212.4 -20088.2 300.127 57.5215 0.877097
9800 -16186.2 -20077.8 301.35 199.748 0.880013
9900 -16273 -20088.9 295.483 84.4656 0.880986
10000 -16348.4 -20111 291.367 -3.40044 0.881072
10100 -16294.3 -20112.7 295.68 187.871 0.880781
10200 -16230.5 -20071.7 297.451 -113.829 0.879318
10300 -16176 -20071.2 301.626 129.197 0.87843
10400 -16214.9 -20109.9 301.61 97.1511 0.876693
10500 -16315.3 -20120.6 294.671 -152.264 0.874367
10600 -16299.5 -20118.4 295.718 -115.846 0.873442
10700 -16237.6 -20070.6 296.813 -66.1775 0.873782
10800 -16158.5 -19996.8 297.222 73.076 0.874566
10900 -16116.9 -19984.9 299.523 101.78 0.874732
11000 -16130.8 -20006.2 300.099 181.93 0.873799
11100 -16159.9 -19978.2 295.676 -264.864 0.871892
11200 -16130.3 -19990.3 298.902 -31.5349 0.871854
11300 -16010.9 -19922.8 302.924 -11.8748 0.872414
11400 -15990 -19909.4 303.499 -31.9992 0.873161
11500 -16070.5 -19917.5 297.9 60.3698 0.874063
11600 -16086.4 -19885 294.146 56.2532 0.874109
11700 -16036 -19908.4 299.861 -51.0278 0.873841
11800 -16028.5 -19890.7 299.071 -277.752 0.874376
11900 -16104.3 -19957.7 298.391 -90.9878 0.877128
12000 -16213.1 -20024.4 295.132 -18.174 0.880635
12100 -16218.8 -20066.4 297.946 -42.271 0.883836
12200 -16215.6 -20063.6 297.973 209.728 0.886671
12300 -16202.8 -20048.5 297.794 257.656 0.887216
12400 -16148.7 -20006 298.693 174.392 0.885338
12500 -16079 -19935.6 298.646 75.8759 0.882099
12600 -16016.9 -19900.1 300.7 -153.149 0.878869
12700 -16021.8 -19892.3 299.713 5.55274 0.876994
12800 -16125.1 -19911.5 293.211 -287.76 0.876049
12900 -16166.1 -19972.5 294.751 -70.2672 0.877608
13000 -16122.1 -20005.8 300.739 186.766 0.879367
13100 -16072.2 -19929.6 298.703 -219.82 0.879894
13200 -15968.7 -19857.5 301.138 100.575 0.881898
13300 -15944.9 -19893.6 305.77 306.277 0.882793
13400 -16048.8 -19892.8 297.667 157.116 0.880794
13500 -16076.2 -19909.7 296.856 -233.2 0.877897
13600 -16059.4 -19948.4 301.147 9.12598 0.87677
13700 -16116.9 -20004.6 301.048 2.5526 0.875727
13800 -16219.7 -20063.2 297.63 -121.861 0.874905
13900 -16244.2 -20087.7 297.631 -92.5739 0.875256
14000 -16255 -20061.3 294.752 -98.858 0.876655
14100 -16181.4 -20078 301.735 31.1395 0.878869
14200 -16150.2 -20037.2 300.992 272.975 0.880568
14300 -16230.5 -20052.8 295.984 119.751 0.880155
14400 -16311.3 -20119.2 294.869 49.8716 0.878125
14500 -16297.5 -20090.5 293.714 -231.848 0.875913
14600 -16250.3 -20062.1 295.171 -182.487 0.875863
14700 -16190.7 -20075.6 300.831 50.1059 0.87745
14800 -16184.3 -20037.7 298.389 143.357 0.878723
14900 -16217.2 -20063.1 297.809 54.2618 0.878574
15000 -16298.3 -20117 295.703 -71.4931 0.87787
15100 -16350.1 -20139.3 293.423 -69.4551 0.877901
15200 -16287.1 -20134.5 297.935 -60.1107 0.878617
15300 -16191.1 -20052.4 299.001 -0.262147 0.879944
15400 -16177 -20062.2 300.858 214.209 0.881203
15500 -16226.5 -20071 297.706 6.74832 0.880846
15600 -16254.2 -20081.2 296.349 214.629 0.879634
15700 -16243.7 -20118.5 300.053 183.013 0.876196
15800 -16300 -20075.9 292.387 -252.258 0.871076
15900 -16318.2 -20109.2 293.564 -205.805 0.867878
16000 -16240.6 -20107.1 299.411 110.043 0.866251
16100 -16188.4 -20020.1 296.709 -128.376 0.864067
16200 -16119.7 -20021.8 302.163 -289.459 0.863046
16300 -16132.4 -19992 298.876 -130.461 0.864666
16400 -16246.4 -20038.7 293.66 88.8759 0.867893
16500 -16264.1 -20094.9 296.642 -42.9013 0.870882
16600 -16219.6 -20050.2 296.625 -74.9896 0.874675
16700 -16127.1 -20056.3 304.264 394.661 0.879315
16800 -16150.8 -20029.7 300.37 154.435 0.880745
16900 -16186.9 -20006.7 295.79 -159.998 0.880625
17000 -16162 -19990.7 296.474 -98.4243 0.882166
17100 -16129.5 -20061.6 304.487 327.03 0.884386
17200 -16204.7 -20058 298.386 -124.496 0.884244
17300 -16218.9 -20037.1 295.666 6.77054 0.884566
17400 -16193.4 -20081.3 301.061 344.096 0.884677
17500 -16234.6 -20062.7 296.431 96.5804 0.881724
17600 -16265.7 -20032.1 291.653 -163.374 0.877342
17700 -16147.5 -19995.5 297.975 -278.736 0.874029
17800 -16094.6 -19929.7 296.975 -163.514 0.873375
17900 -16053.3 -19925.9 299.877 120.959 0.874227
18000 -16040.8 -19928.1 301.013 -228.168 0.874503
18100 -16128.4 -19954.8 296.304 -98.6436 0.876659
18200 -16197.5 -20031.6 296.901 214.538 0.88012
18300 -16220.6 -20074.3 298.417 190.214 0.882077
18400 -16226 -20044.6 295.697 50.6171 0.88212
18500 -16200.2 -20054.1 298.433 63.0499 0.881598
18600 -16185.8 -20004.8 295.728 128.987 0.880263
18700 -16140.9 -19992.2 298.228 -26.3114 0.877364
18800 -16108.3 -19983.5 300.078 -292.287 0.874747
18900 -16136.8 -19995.9 298.837 -101.985 0.874443
19000 -16226 -20008.1 292.874 -78.4628 0.875267
19100 -16222.5 -19997.6 292.326 -53.8394 0.877189
19200 -16134.9 -20007.4 299.871 157.617 0.880021
19300 -16133.9 -20024.7 301.287 292.932 0.881248
19400 -16196.3 -20030 296.861 116.047 0.879798
19500 -16225.6 -20025.8 294.266 -211.812 0.877195
19600 -16153.2 -20053 301.986 174.506 0.875575
19700 -16053.1 -19928.1 300.067 -159.364 0.872991
19800 -15975.5 -19888.7 303.023 -151.284 0.871191
19900 -15885.1 -19832.3 305.658 -26.1558 0.870691
20000 -15919.3 -19825.2 302.456 -43.9712 0.870761
20100 -16041.2 -19925.6 300.798 -29.9257 0.871436
20200 -16122.7 -19982.3 298.873 103.373 0.872303
20300 -16169.6 -20000.6 296.661 -35.0071 0.87252
20400 -16173.4 -20014.4 297.432 8.17336 0.872793
20500 -16153.2 -20002.9 298.099 21.6851 0.873053
20600 -16111.2 -20017.9 302.52 -25.2919 0.873321
20700 -16155.7 -20002.4 297.87 25.5544 0.873729
20800 -16216.6 -20018.7 294.426 -12.2693 0.874223
20900 -16178.2 -19973.6 293.9 133.39 0.87478
21000 -16057 -19919.7 299.11 30.3735 0.874185
21100 -16046.1 -19939.6 301.5 -174.306 0.873129
21200 -16107.7 -19927.9 295.823 43.7134 0.873439
21300 -16153.5 -20010.3 298.656 281.743 0.873364
21400 -16215.9 -19996.8 292.784 -228.195 0.871148
21500 -16182.4 -19993.2 295.091 30.8484 0.87024
21600 -16065.3 -19930 299.264 -42.368 0.869597
21700 -16057.9 -19966 302.635 -108.325 0.869145
21800 -16148 -20031.6 300.732 -121.15 0.869853
21900 -16211.9 -20029.2 295.594 60.114 0.871543
22000 -16198.2 -20052.9 298.488 149.75 0.872837
22100 -16169.7 -20007.4 297.178 52.7772 0.872915
22200 -16081 -19949.8 299.584 59.8285 0.872328
22300 -16001.7 -19918.2 303.278 160.442 0.870908
22400 -16045.3 -19914.4 299.609 -377.718 0.868561
22500 -16096.7 -19934.8 297.205 -432.008 0.86937
22600 -16099.4 -19942.1 297.562 -56.0062 0.874311
22700 -16107.6 -19992.9 300.862 175.386 0.880109
22800 -16154.5 -20006.2 298.256 101.315 0.884109
22900 -16160.7 -19969.8 294.962 98.1477 0.886599
23000 -16124.8 -19997 299.853 274.034 0.887719
23100 -16136.9 -20002.5 299.343 193.757 0.886287
23200 -16165.2 -20008.7 297.624 -125.818 0.883464
23300 -16175.9 -20037.4 299.026 98.1217 0.881479
23400 -16191.7 -20060.1 299.56 41.8883 0.879198
23500 -16222.5 -20063 297.395 87.3965 0.876518
23600 -16256.5 -20064.5 294.874 -286.956 0.874001
23700 -16244.7 -20044 294.205 -343.319 0.874192
23800 -16151.9 -20067.2 303.187 74.1127 0.876999
23900 -16169.7 -20020.5 298.193 31.6946 0.87945
24000 -16236 -20089.1 298.368 238.052 0.881031
24100 -16302.3 -20116.1 295.324 51.7807 0.880433
24200 -16311.1 -20111 294.247 -41.1211 0.879317
24300 -16192.7 -20048 298.537 -99.8374 0.878775
24400 -16140 -20038.4 301.876 -46.5979 0.879011
24500 -16192.6 -20017.1 296.159 -60.8321 0.879896
24600 -16221 -20054.7 296.863 60.4159 0.88103
24700 -16201.4 -20065.9 299.252 118.157 0.881588
24800 -16170.6 -20033.7 299.144 75.4877 0.88124
24900 -16149.7 -20013.1 299.17 -185.059 0.880558
25000 -16117.8 -19974.6 298.654 171.704 0.880635
25100 -16083.2 -19977.6 301.564 45.5427 0.87963
25200 -16129.3 -19975.9 297.866 -84.4583 0.878298
25300 -16208 -20019.3 295.131 -183.357 0.877826
25400 -16227.6 -20070.6 297.585 210.41 0.878505
25500 -16242.2 -20027.5 293.114 -160.187 0.878051
25600 -16158.8 -20030 299.765 16.8818 0.87867
25700 -16110.3 -19999.1 301.135 207.325 0.879329
25800 -16158.6 -20027.2 299.571 -44.6608 0.878201
25900 -16230.2 -20028.5 294.12 -307.673 0.877415
26000 -16214.3 -20056.9 297.554 -88.6184 0.879356
26100 -16179.6 -20042.6 299.132 178.018 0.882173
26200 -16103.1 -20003.2 302.011 207.233 0.883576
26300 -16046 -19974.6 304.22 212.511 0.883049
26400 -16129.3 -20021.7 301.409 184.407 0.880245
26500 -16218 -20036.8 295.71 72.3385 0.875344
26600 -16223.9 -20054.2 296.598 -381.023 0.870118
26700 -16170.7 -20012.5 297.495 -73.8448 0.868046
26800 -16080.5 -19957.1 300.193 -178.648 0.867246
26900 -16057.8 -19970.6 302.986 -150.773 0.868327
27000 -16122 -19990.3 299.549 -33.0535 0.870718
27100 -16141.9 -19983.4 297.47 138.71 0.872811
27200 -16141.4 -19991.3 298.114 -104.567 0.873947
27300 -16149.3 -19999 298.108 2.38426 0.875294
27400 -16162.6 -20007.4 297.724 -20.6696 0.876427
27500 -16195.7 -20036.8 297.438 192.087 0.87723
27600 -16245.5 -20062.3 295.56 36.8168 0.876497
27700 -16274.4 -20050 292.369 124.281 0.875313
27800 -16187.6 -20048.6 298.983 98.2603 0.873581
27900 -16122.4 -19996.3 299.984 168.325 0.870928
28000 -16124.2 -19965.8 297.475 -101.391 0.867458
28100 -16119.2 -19972.8 298.411 -325.379 0.865576
28200 -16076.1 -19912.6 297.079 -121.085 0.866707
28300 -15993.6 -19900.5 302.54 101.893 0.868641
28400 -15999.2 -19871.7 299.87 -199.76 0.870018
28500 -16077.1 -19909.9 296.795 54.8474 0.872603
28600 -16140.3 -19965.7 296.224 -13.9032 0.874917
28700 -16150.6 -19983.7 296.815 -41.3397 0.877197
28800 -16088.1 -19987.3 301.935 295.452 0.87916
28900 -16020.8 -19942.9 303.71 162.188 0.878577
29000 -16091.8 -19952.5 298.956 88.8823 0.876315
29100 -16155.9 -19979.2 296.056 -132.133 0.873606
29200 -16162.7 -20014.8 298.288 -121.372 0.872185
29300 -16155.8 -19996 297.369 -17.6677 0.871885
29400 -16099.4 -19951.9 298.325 -68.7692 0.872023
29500 -16024.5 -19916.3 301.366 -10.0043 0.872691
29600 -16028.6 -19922.6 301.536 84.2401 0.873205
29700 -16127.3 -20007.7 300.48 -121.549 0.873363
29800 -16204.5 -20028.6 296.117 2.93641 0.874371
29900 -16203.7 -20054.5 298.191 108.336 0.875431
30000 -16189.3 -20020.4 296.667 81.3482 0.875456
30100 -16102 -19968.1 299.371 -30.6274 0.874775
30200 -16053.4 -19981.9 304.211 12.319 0.874293
30300 -16115.3 -19974.2 298.813 76.6374 0.873433
30400 -16160.3 -20002 297.49 96.0629 0.871909
30500 -16177.3 -20033.5 298.609 -27.7634 0.869723
30600 -16192.3 -20035.5 297.604 -169.373 0.867742
30700 -16207.7 -20050 297.533 -123.46 0.867323
30800 -16234.8 -20085.3 298.166 -33.2365 0.868021
30900 -16287 -20118.9 296.728 -266.41 0.869358
31000 -16323.3 -20158.7 297.001 -206.842 0.87335
31100 -16327.9 -20138.8 295.1 412.654 0.879003
31200 -16261.9 -20147.8 300.908 307.538 0.881095
31300 -16220.6 -20097.1 300.187 128.616 0.87997
31400 -16243.9 -20081.5 297.166 -49.4244 0.877619
31500 -16299.7 -20105.1 294.672 -209.92 0.876252
31600 -16320 -20121.8 294.398 -28.5136 0.876776
31700 -16246.5 -20135.3 301.13 91.7313 0.877599
31800 -16219.5 -20098.6 300.383 250.307 0.877207
31900 -16286.4 -20095 294.917 -261.416 0.875161
32000 -16366 -20142.8 292.461 -72.8824 0.875279
32100 -16325.9 -20170.1 297.679 228.532 0.875974
32200 -16207.3 -20062.7 298.552 -30.2371 0.874935
32300 -16168.8 -20054.8 300.919 -284.848 0.874376
32400 -16210.7 -20069.9 298.841 28.0187 0.875946
32500 -16286.9 -20107 295.812 -26.7913 0.8775
32600 -16326.3 -20156.8 296.624 -115.208 0.879234
32700 -16398.1 -20178.4 292.728 401.685 0.880911
32800 -16409.2 -20186.9 292.531 -73.3555 0.879802
32900 -16306.3 -20142.5 297.059 -168.562 0.878933
33000 -16254.4 -20142.6 301.087 -121.267 0.879838
33100 -16280.8 -20099.4 295.691 171.125 0.881541
33200 -16292.5 -20148.1 298.558 -62.1563 0.882117
33300 -16289.9 -20060.8 292.01 57.8661 0.88287
33400 -16188.8 -20063.1 300.008 72.3496 0.883018
33500 -16150.8 -20005 298.453 125.561 0.882309
33600 -16161.2 -20012.6 298.238 63.6324 0.880834
33700 -16185.9 -20037 298.215 125.452 0.878486
33800 -16249.8 -20054.7 294.641 17.0281 0.875102
33900 -16283.9 -20116.3 296.77 -56.0049 0.871901
34000 -16288.8 -20067.3 292.595 -209.806 0.869439
34100 -16178.1 -20031.1 298.358 -254.643 0.869157
34200 -16142.6 -20019.9 300.241 37.7562 0.871142
34300 -16193.4 -20051.1 298.73 34.8721 0.872808
34400 -16256.2 -20077.1 295.875 -115.742 0.874218
34500 -16273.7 -20121 297.926 220.469 0.876038
34600 -16318.9 -20099.3 292.742 -370.38 0.876862
34700 -16300.7 -20119.7 295.729 4.60926 0.880193
34800 -16223 -20095.2 299.85 430.309 0.883202
34900 -16190.7 -20058.6 299.517 54.3332 0.882499
35000 -16184.5 -20031.1 297.863 -25.2452 0.881072
35100 -16175 -20037.6 299.108 156.084 0.879771
35200 -16190.2 -20044.8 298.487 -23.8394 0.877444
35300 -16218.1 -20020.1 294.413 -169.873 0.875374
35400 -16164.8 -20028.2 299.163 -127.952 0.874911
35500 -16092.2 -19955.3 299.146 46.5597 0.875628
35600 -16033.9 -19928.6 301.591 62.5719 0.875849
35700 -16011.4 -19924.6 303.025 -109.433 0.875824
35800 -16116.4 -19980.5 299.222 163.264 0.876528
35900 -16193.9 -20033.3 297.304 -81.2367 0.876339
36000 -16209.7 -20026.1 295.531 -292.283 0.876713
36100 -16155.6 -19994.8 297.295 88.3689 0.879303
36200 -16085.3 -19962.6 300.243 445.553 0.881103
36300 -16101 -19981.2 300.468 130.643 0.879269
36400 -16166.7 -20010.4 297.641 -74.1893 0.876058
36500 -16227.2 -20046.2 295.733 27.3281 0.873032
36600 -16223.2 -19995.3 292.098 -318.202 0.870336
36700 -16095.5 -19969.2 299.966 81.1644 0.870212
36800 -16063.2 -19951.7 301.116 77.4823 0.869811
36900 -16114.3 -19956.1 297.497 -364.831 0.869076
37000 -16176.4 -20023.2 297.876 -150.318 0.871418
37100 -16246 -20086.3 297.381 92.2004 0.875387
37200 -16288.1 -20088 294.248 131.897 0.878297
37300 -16217.7 -20077.2 298.865 -103.505 0.880104
37400 -16114.6 -20004.5 301.224 179.353 0.882361
37500 -16126 -20005 300.375 374.035 0.882667
37600 -16187.4 -20048.4 298.981 -195.042 0.880199
37700 -16242.9 -20087.3 297.696 -181.914 0.879058
37800 -16258.7 -20088.1 296.531 79.4473 0.879592
37900 -16236.9 -20068.7 296.721 140.487 0.879511
38000 -16202 -20054.3 298.311 -7.91134 0.878187
38100 -16188.2 -20034.7 297.855 -182.945 0.877106
38200 -16181.2 -20074.3 301.469 42.6763 0.877438
38300 -16241.3 -20051.6 295.06 -161.3 0.878018
38400 -16279.4 -20083.5 294.576 94.7112 0.879601
38500 -16238.5 -20071.2 296.791 -67.9911 0.880907
38600 -16140.7 -20003.3 299.099 121.553 0.882191
38700 -16121.6 -20033.4 302.912 57.0605 0.882535
38800 -16186.1 -20033.4 297.922 167.359 0.881867
38900 -16222.2 -20055.2 296.811 -250.007 0.880374
39000 -16226.2 -20070.4 297.684 129.631 0.880687
39100 -16201.3 -20074.3 299.91 -50.2803 0.880236
39200 -16163 -20028.1 299.3 -13.2125 0.879909
39300 -16149.7 -20038 301.099 -44.1712 0.879919
39400 -16200.7 -20047.9 297.913 -75.9008 0.880309
39500 -16283.4 -20123.6 297.375 104.012 0.88141
39600 -16319.3 -20116.2 294.022 48.5953 0.881811
39700 -16266.5 -20115.2 298.027 -44.2686 0.881712
39800 -16144.2 -20011.3 299.46 197.278 0.881665
39900 -16080.8 -19957.1 300.162 -170.183 0.880326
40000 -16118.1 -19983.4 299.318 -63.6982 0.879624
40100 -16190.2 -20038.2 297.971 -24.8504 0.879916
40200 -16254.7 -20085.3 296.623 166.854 0.880352
40300 -16276.1 -20091.3 295.437 73.7486 0.879301
40400 -16183.9 -20044.2 298.932 4.72888 0.877112
40500 -16095.6 -20000.1 302.349 -214.287 0.874717
40600 -16131.7 -19991.8 298.911 -58.7597 0.873894
40700 -16178.6 -19995.5 295.562 90.8805 0.873697
40800 -16163.1 -20000.3 297.141 34.4951 0.872692
40900 -16057.7 -19967.9 302.788 -222.811 0.871183
41000 -16019.5 -19905.9 300.946 -126.475 0.871641
41100 -16077.4 -19955.3 300.288 45.9941 0.873464
41200 -16182.1 -20027.1 297.747 -160.732 0.87541
41300 -16214.7 -20104 301.176 82.299 0.878583
41400 -16285.7 -20145 298.854 56.5279 0.881565
41500 -16340.9 -20152.4 295.146 275.047 0.883735
41600 -16309.5 -20104.3 293.859 284.921 0.88317
41700 -16249 -20100.1 298.21 0.985459 0.880137
41800 -16218.8 -20031.9 295.279 -321.994 0.877019
41900 -16163.4 -20027.3 299.21 -280.452 0.876995
42000 -16138.8 -20006.8 299.52 217.439 0.879215
42100 -16168.2 -20006.3 297.205 -46.2999 0.880237
42200 -16253.3 -20054.3 294.332 245.771 0.880949
42300 -16274.3 -20090.8 295.529 94.4933 0.87968
42400 -16212.7 -20088.8 300.148 -193.956 0.877419
42500 -16159.7 -20027.2 299.485 -67.7404 0.876769
42600 -16089.5 -20008.8 303.492 85.7386 0.876829
42700 -16084.3 -20004.5 303.568 -64.5049 0.876392
42800 -16198.5 -20047 298.012 71.2577 0.87615
42900 -16234.3 -20067.5 296.826 -60.6998 0.875461
43000 -16222.7 -20034.4 295.17 -187.745 0.875415
43100 -16150.3 -20043.9 301.504 140.678 0.876908
43200 -16091.5 -19971 300.414 205.779 0.877524
43300 -16018.4 -19918.7 302.022 -4.22499 0.876045
43400 -15959.7 -19895.8 304.795 -204.391 0.874495
43500 -16037.7 -19931.8 301.541 69.2512 0.874279
43600 -16123 -19966.4 297.616 -267.313 0.874024
43700 -16149.2 -20001.1 298.277 -59.0968 0.875904
43800 -16189.3 -20009.2 295.8 40.9515 0.879366
43900 -16216.2 -20046 296.565 320.843 0.882702
44000 -16256.6 -20124.9 299.549 106.111 0.883959
44100 -16343.2 -20145.5 294.436 35.0313 0.883835
44200 -16343.1 -20153.7 295.077 176.158 0.882796
44300 -16251.4 -20064.2 295.245 -120.78 0.880478
44400 -16165.6 -20020.4 298.502 -175.295 0.878957
44500 -16159.7 -20000.7 297.436 -53.8458 0.878776
44600 -16167.9 -20036 299.536 -34.3169 0.879289
44700 -16217.2 -20059.5 297.534 20.7844 0.880353
44800 -16293.8 -20093.4 294.226 40.1291 0.881191
44900 -16316.8 -20114.3 294.061 156.001 0.881613
45000 -16209.8 -20078.5 299.575 199.338 0.880598
45100 -16149.4 -20025.8 300.177 158.817 0.87745
45200 -16166.5 -20000.6 296.896 -111.473 0.872594
45300 -16159.5 -19974.8 295.446 -377.295 0.868883
45400 -16064.1 -19953.2 301.159 -246.78 0.868999
45500 -16032.7 -19942 302.725 38.4363 0.871406
45600 -16108.3 -19992.8 300.801 215.826 0.873436
45700 -16185.2 -20035.7 298.166 192.456 0.873333
45800 -16188.1 -20005.1 295.573 -18.5495 0.871525
45900 -16149.9 -20015.6 299.349 -56.1192 0.869754
46000 -16128.2 -19995 299.429 -191.764 0.868965
46100 -16134.7 -20000.3 299.338 -42.9686 0.869742
46200 -16185.9 -20009.8 296.112 -122.978 0.870901
46300 -16215.9 -20042.6 296.329 -84.2492 0.873449
46400 -16211.8 -20092.8 300.527 219.807 0.876361
46500 -16273.9 -20087.4 295.3 -187.765 0.877898
46600 -16317.1 -20097.8 292.767 17.8342 0.880738
46700 -16226.4 -20055.9 296.544 283.298 0.883432
46800 -16157 -20010.4 298.393 167.037 0.883609
46900 -16138.4 -19981.5 297.592 -66.972 0.882114
47000 -16110.5 -19984.7 300.002 205.827 0.880814
47100 -16102.8 -19993.2 301.257 276.897 0.877691
47200 -16194.4 -20031.2 297.11 -290.375 0.872584
47300 -16241.5 -20037.5 293.948 -265.597 0.870148
47400 -16181.4 -20002.5 295.894 -145.16 0.870586
47500 -16110 -19991.1 300.534 -58.9626 0.872362
47600 -16117.6 -19991.9 300.004 176.812 0.874263
47700 -16142.1 -19956.3 295.36 74.1863 0.874617
47800 -16110.2 -19943.9 296.867 154.758 0.873681
47900 -16007.5 -19879.7 299.849 -194.186 0.8722
48000 -15943.2 -19880.9 304.922 16.6731 0.872163
48100 -16005.4 -19889.6 300.781 19.1854 0.872239
48200 -16080.3 -19918.5 297.212 -42.3438 0.872271
48300 -16123.2 -19964.4 297.45 161.078 0.872322
48400 -16151.7 -19972.1 295.84 -1.07794 0.87114
48500 -16157.9 -20000.4 297.546 -137.827 0.870211
48600 -16150.7 -19978.2 296.39 -61.9402 0.870495
48700 -16092.2 -19961.4 299.615 -0.227126 0.871535
48800 -16060.7 -19960.2 301.967 6.85382 0.872492
48900 -16131.5 -19969.6 297.211 -68.5603 0.873121
49000 -16219.7 -20032.5 295.245 -173.821 0.874718
49100 -16236.6 -20101.4 299.272 130.37 0.87736
49200 -16243.5 -20069.2 296.25 261.642 0.878667
49300 -16221.1 -20035.3 295.359 69.998 0.877581
49400 -16163.8 -20049.3 300.883 -175.728 0.876052
49500 -16164.8 -20037 299.85 -142.019 0.87618
49600 -16240.1 -20060 295.797 7.94509 0.877615
49700 -16382.2 -20155.2 292.169 118.322 0.878928
49800 -16338.3 -20081.7 289.871 -96.6902 0.879375
49900 -16227.4 -20088.5 298.988 237.792 0.880048
50000 -16183.8 -20042.9 298.834 239.879 0.878688
50100 -16169.8 -20012.9 297.595 84.6332 0.874999
50200 -16167.3 -20042.9 300.112 -130.555 0.870792
50300 -16206.3 -20011.8 294.683 -238.686 0.868082
50400 -16225.1 -20054.9 296.561 -217.196 0.867777
50500 -16209.1 -20048.6 297.32 -158.643 0.869851
50600 -16139.7 -20013 299.934 264.907 0.872907
50700 -16090.7 -19997.3 302.51 16.7942 0.873947
50800 -16161.2 -20022.1 298.978 -6.66354 0.87445
50900 -16263.4 -20106.9 297.624 -225.059 0.875161
51000 -16282.6 -20105.8 296.054 95.5643 0.877476
51100 -16253.2 -20102.1 298.045 249.273 0.879339
51200 -16206 -20089.1 300.688 293.163 0.878756
51300 -16180.9 -20095.4 303.125 53.3153 0.875437
51400 -16231.4 -20045.5 295.346 -281.348 0.871624
51500 -16265 -20057.1 293.645 -347.379 0.870618
51600 -16197.9 -20065 299.452 -151.516 0.873132
51700 -16128.7 -20027.7 301.919 133.863 0.876765
51800 -16157.5 -20014.4 298.659 48.3716 0.879048
51900 -16276.2 -20045.9 291.908 109.013 0.880523
52000 -16310 -20089.9 292.703 22.8597 0.881056
52100 -16253.7 -20029.6 292.391 -94.3559 0.881468
52200 -16195.7 -20070.5 300.047 191.093 0.882384
52300 -16174.8 -19990.6 295.482 146.511 0.881523
52400 -16108.1 -19997.6 301.189 2.49014 0.879509
52500 -16107.7 -20017.8 302.783 -115.943 0.877637
52600 -16226.3 -20064.3 297.197 -130.516 0.876788
52700 -16275.9 -20082.8 294.794 54.1301 0.877224
52800 -16236.4 -20073.2 297.111 -172.912 0.877554
52900 -16165.5 -20035.2 299.656 55.8635 0.878701
53000 -16137.2 -19975.5 297.218 139.095 0.879593
53100 -16126.8 -20004.9 300.305 100.451 0.879437
53200 -16208.8 -20045.7 297.113 102.403 0.878018
53300 -16292.4 -20082.1 293.461 -164.616 0.875956
53400 -16255.4 -20075.3 295.795 -21.5675 0.875089
53500 -16168.5 -19993.2 296.173 -70.1176 0.874473
53600 -16105.1 -19976.1 299.753 -64.3773 0.874687
53700 -16110.5 -19969.3 298.811 300.179 0.875234
53800 -16129.5 -19956.8 296.369 41.9019 0.87344
53900 -16116.9 -19987.8 299.747 67.6565 0.87077
54000 -16104.1 -19924.6 295.846 -242.718 0.867678
54100 -16052.5 -19948.4 301.686 -267.314 0.866861
54200 -16066.2 -19938.5 299.853 -33.9995 0.868604
54300 -16141 -19951.6 295.077 100.63 0.870782
54400 -16160.9 -19985.4 296.156 19.9454 0.872308
54500 -16085.7 -19963.8 300.301 27.1265 0.873361
54600 -15994.3 -19889.3 301.618 8.01336 0.874212
54700 -16006.2 -19870.1 299.202 178.184 0.874983
54800 -16080.4 -19930.7 298.149 8.42213 0.87416
54900 -16193.9 -20019.1 296.206 -66.0372 0.873123
55000 -16216.7 -20058.8 297.515 215.224 0.872522
55100 -16192 -20011.8 295.794 -141.221 0.870224
55200 -16115 -19976.8 299.044 -11.267 0.868265
55300 -16083.8 -19997.5 303.062 -234.69 0.866952
55400 -16143.9 -19940.7 294.015 -203.45 0.867689
55500 -16145.5 -20006.8 299.004 72.472 0.87057
55600 -16156.5 -20033.6 300.223 149.101 0.873321
55700 -16199.1 -20065.3 299.385 120.005 0.874702
55800 -16261.9 -20065.9 294.566 101.781 0.874735
55900 -16264 -20077.6 295.307 35.2717 0.873926
56000 -16158.9 -20034.1 300.078 -80.5 0.87275
56100 -16116.8 -19989.1 299.85 -36.3043 0.871974
56200 -16138.6 -19985.8 297.911 -289.527 0.872145
56300 -16180 -20016.6 297.09 -180.473 0.875112
56400 -16261.5 -20056.4 293.858 180.017 0.880072
56500 -16335.7 -20167.2 296.696 365.983 0.883754
56600 -16423.9 -20213.4 293.45 43.5439 0.884612
56700 -16418.1 -20219 294.325 34.4293 0.884567
56800 -16289.6 -20145.6 298.595 143.501 0.884004
56900 -16268.6 -20141.3 299.882 144.457 0.882067
57000 -16298.8 -20123.2 296.145 56.29 0.878347
57100 -16297.7 -20137.6 297.348 -127.343 0.874184
57200 -16238.7 -20068.9 296.596 -205.444 0.871267
57300 -16145.8 -20024.4 300.346 -174.35 0.870444
57400 -16134 -19989.1 298.526 105.682 0.870874
57500 -16159.9 -20015.8 298.586 -222.232 0.871028
57600 -16267.4 -20078.6 295.126 -7.21889 0.872896
57700 -16327 -20118.3 293.586 -23.223 0.875253
57800 -16279.8 -20118.9 297.279 -46.3786 0.877787
57900 -16220.9 -20067.5 297.865 132.899 0.880519
58000 -16174.3 -20025.7 298.237 175.823 0.882165
58100 -16151.6 -20005.6 298.439 264.517 0.881711
58200 -16144.9 -19972.4 296.387 122.602 0.878954
58300 -16129.9 -19999.5 299.651 -146.5 0.875309
58400 -16137.3 -19974.6 297.139 -146.415 0.872781
58500 -16153.8 -20009 298.533 -217.27 0.872056
58600 -16193.5 -19980.4 293.242 -139.585 0.873404
58700 -16143.3 -19969.4 296.28 -127.422 0.87615
58800 -16057.1 -19976.7 303.52 249.502 0.879574
58900 -16109.9 -20019.5 302.744 282.296 0.880543
59000 -16180.6 -20031.5 298.2 -67.9058 0.878938
59100 -16208.6 -20047.3 297.249 -171.212 0.878024
59200 -16217.8 -20042.5 296.172 134.585 0.878456
59300 -16164.2 -20031.3 299.452 81.8226 0.87779
59400 -16077.9 -19987.2 302.72 -109.468 0.876945
59500 -16105.5 -20025.8 303.573 149.835 0.8768
59600 -16204.8 -20056.2 298.237 -94.1685 0.875832
59700 -16221.9 -20042.8 295.878 55.7342 0.875068
59800 -16176.9 -20023.3 297.855 3.77159 0.874163
59900 -16111.6 -19990.3 300.356 0.39169 0.873358
60000 -16083.4 -19932.7 298.075 12.5936 0.87273
60100 -16041.3 -19954.6 303.026 10.3219 0.872173
60200 -16056.3 -19879.1 296.024 -37.2863 0.871509
60300 -16063.6 -19945.2 300.574 -13.9289 0.87114
60400 -16126.2 -19970.5 297.687 130.442 0.870899
60500 -16204.3 -20033.3 296.501 -76.5788 0.869787
60600 -16207 -20023.8 295.561 -4.38656 0.868886
60700 -16155.8 -20029.3 299.943 -278.169 0.868656
60800 -16058.2 -19940.5 300.627 -114.409 0.870856
60900 -15979.8 -19888 302.636 168.691 0.874056
61000 -16019.8 -19876.5 298.643 346.305 0.875433
61100 -16096.6 -19942 297.769 -4.14071 0.873935
61200 -16160.9 -20006.2 297.762 -122.913 0.872194
61300 -16187 -20026.7 297.331 -18.6514 0.871619
61400 -16187 -20036.1 298.056 16.2648 0.871158
61500 -16189.8 -20050.9 298.989 -87.1813 0.871011
61600 -16226 -20075.5 298.094 111.854 0.871148
61700 -16318.3 -20098.6 292.73 -474.432 0.871363
61800 -16338.1 -20166.5 296.454 27.4817 0.875078
61900 -16260.1 -20151.8 301.362 170.647 0.878678
62000 -16155.4 -20045.7 301.251 347.212 0.87999
62100 -16139.7 -20007.1 299.472 -3.74801 0.87841
62200 -16177.7 -20031 298.382 163.618 0.876375
62300 -16286.6 -20067.3 292.761 -74.3752 0.873747
62400 -16368.6 -20117.3 290.286 -201.788 0.872256
62500 -16311 -20092 292.789 107.661 0.872323
62600 -16227.3 -20039.2 295.184 -125.587 0.872139
62700 -16157.1 -20055.8 301.901 29.2417 0.872747
62800 -16174.7 -20004.4 296.555 119.487 0.872988
62900 -16179.8 -19984.8 294.649 -73.3604 0.872294
63000 -16065.7 -19934 299.548 68.5175 0.871907
63100 -16020.6 -19911.6 301.307 -264.303 0.871507
63200 -16069 -19933.8 299.271 -6.86608 0.873196
63300 -16153.4 -20023.9 299.717 270.492 0.874716
63400 -16205.2 -20018 295.251 -158.221 0.87422
63500 -16193 -20064.3 299.781 138.341 0.874412
63600 -16213.1 -20064.3 298.217 -49.6684 0.873961
63700 -16274.9 -20075.7 294.315 93.9758 0.873448
63800 -16347.5 -20097.4 290.381 -81.5182 0.872503
63900 -16279.8 -20102.7 296.026 -196.021 0.8726
64000 -16203.2 -20108.3 302.398 -19.3664 0.874342
64100 -16233.7 -20070.6 297.113 93.5417 0.876132
64200 -16268.6 -20105.9 297.147 185.758 0.876931
64300 -16308.6 -20118 294.982 76.9719 0.876111
64400 -16317.5 -20087.5 291.94 -74.6206 0.874536
64500 -16214.3 -20067.1 298.351 18.4054 0.873593
64600 -16156.1 -20013 298.663 197.619 0.872213
64700 -16123.5 -19940.7 295.589 -174.727 0.869574
64800 -16039.2 -19931.3 301.387 -47.0273 0.868103
64900 -16022.7 -19912 301.171 -140.338 0.867418
65000 -16118.8 -19961.7 297.579 -193.482 0.868077
65100 -16225.9 -20050.2 296.137 17.2017 0.870471
65200 -16225.9 -20056.1 296.59 214.333 0.872711
65300 -16196.2 -20057.8 299.032 37.9698 0.87309
65400 -16166.8 -20036.8 299.677 99.134 0.872805
65500 -16172.9 -20035.2 299.086 -97.4014 0.872002
65600 -16253.7 -20122.5 299.583 -13.8342 0.871735
65700 -16337.9 -20148.6 295.092 -14.2675 0.871743
65800 -16325.9 -20141.1 295.434 -173.565 0.872135
65900 -16242.8 -20073 296.595 45.5577 0.87388
66000 -16165.3 -20019.9 298.486 182.78 0.875615
66100 -16175.5 -20063.5 301.07 192.373 0.875786
66200 -16229.7 -20048.5 295.714 156.014 0.873724
66300 -16216 -20007.2 293.576 -114.48 0.870021
66400 -16102.4 -19978.8 300.172 76.9211 0.866571
66500 -16070.5 -19915.6 297.746 -122.308 0.862277
66600 -16047.1 -19903.7 298.641 -349.754 0.858853
66700 -16052.6 -19947.2 301.586 -236.145 0.858898
66800 -16164.9 -19988 296.05 -35.5632 0.861222
66900 -16207.1 -20041 296.888 -151.748 0.864611
67000 -16209.6 -20034.9 296.214 164.411 0.869805
67100 -16147 -20012.7 299.347 305.428 0.87377
67200 -16052.6 -19960.3 302.594 191.283 0.874817
67300 -16074.8 -19950.7 300.131 -45.3251 0.87406
67400 -16104.6 -19958.6 298.436 -158.061 0.873267
67500 -16130.5 -19978.5 297.976 -92.3206 0.873959
67600 -16145.9 -19988.4 297.543 -26.1982 0.876086
67700 -16158.6 -19985.8 296.362 136.535 0.878564
67800 -16162 -19998.6 297.088 207.362 0.879877
67900 -16143.8 -20019.9 300.155 75.5013 0.879397
68000 -16170.4 -20018.1 297.958 55.8308 0.877741
68100 -16236.4 -20083.5 297.905 -25.5234 0.87551
68200 -16300.2 -20101.6 294.364 -185.554 0.873231
68300 -16271.2 -20096.1 296.187 140.597 0.872009
68400 -16145.3 -20023.7 300.33 -30.072 0.869876
68500 -16115.3 -19995.4 300.46 -308.477 0.867669
68600 -16144.4 -19985.4 297.431 -199.783 0.86819
68700 -16200.9 -20021.1 295.819 92.3513 0.870885
68800 -16280.7 -20063.1 292.898 -122.003 0.873628
68900 -16293.8 -20149.3 298.552 109.711 0.877343
69000 -16290.5 -20172.3 300.592 257.225 0.880318
69100 -16363.2 -20166.4 294.507 49.2056 0.881264
69200 -16350.6 -20113.9 291.416 165.716 0.88125
69300 -16250.5 -20067.6 295.576 -21.2272 0.880059
69400 -16187.8 -20040.8 298.365 97.7415 0.878436
69500 -16150.1 -20012.6 299.1 -102.407 0.876013
69600 -16130.9 -19960.9 296.576 -85.1056 0.874515
69700 -16059.3 -19976.9 303.366 287.386 0.873391
69800 -16047.7 -19936.2 301.105 -302 0.870092
69900 -16135.3 -19946.7 295.143 -202.628 0.86869
70000 -16186.6 -19992.7 294.73 -192.803 0.869882
70100 -16154 -20024.2 299.695 132.221 0.872747
70200 -16042.5 -19959.7 303.332 326.347 0.874322
70300 -15999.5 -19929.4 304.318 70.2608 0.873245
70400 -16086.8 -19920.8 296.886 171.998 0.870874
70500 -16111.9 -19983.2 299.774 -43.2296 0.866866
70600 -16145.5 -19966.1 295.85 -135.613 0.862997
70700 -16155 -20019.4 299.243 -145.678 0.860485
70800 -16175 -20009.9 296.96 -204.216 0.859417
70900 -16227 -20002 292.319 -383.823 0.860649
71000 -16171.8 -19981.6 295.013 -28.5407 0.865376
71100 -16074.1 -19918.5 297.701 238.766 0.870195
71200 -16056 -19958.6 302.204 249.881 0.87252
71300 -16121.5 -19961 297.314 73.7235 0.872532
71400 -16173.1 -19992.9 295.787 -115.364 0.871617
71500 -16152 -19970 295.647 -0.0236478 0.871706
71600 -16017.9 -19907.4 301.189 88.6356 0.871946
71700 -15991.7 -19903.1 302.887 -100.66 0.871594
71800 -16065.8 -19917.3 298.245 -56.3945 0.871985
71900 -16125.6 -19942.4 295.56 -81.0868 0.872924
72000 -16126.8 -19975.9 298.06 32.2906 0.87432
72100 -16102.7 -19973.8 299.764 -94.5844 0.875459
72200 -16094 -19942 297.97 27.4162 0.87707
72300 -16097.9 -19993.6 301.671 98.6729 0.878224
72400 -16186.8 -20049.4 299.104 30.5525 0.878331
72500 -16259.9 -20089.5 296.549 -250.299 0.878614
72600 -16269.3 -20087.3 295.654 84.4284 0.88046
72700 -16219.6 -20083.7 299.225 24.055 0.88175
72800 -16103.7 -20006.5 302.22 117.056 0.882439
72900 -16077.9 -19996.9 303.472 263.428 0.881867
73000 -16142.5 -20009.8 299.463 -86.5321 0.879232
73100 -16171.2 -19997.1 296.264 -45.0998 0.877125
73200 -16150.2 -19995.3 297.747 -189.965 0.875905
73300 -16084.5 -19955.1 299.724 57.3424 0.876284
73400 -15985.5 -19901.1 303.209 -49.3786 0.876553
73500 -16008.6 -19904.3 301.67 168.071 0.876767
73600 -16073 -19894.1 295.886 -57.5896 0.87614
73700 -16073.7 -19952.6 300.369 -19.457 0.875506
73800 -16117.1 -19970.1 298.368 -134.292 0.875299
73900 -16179.9 -20013.8 296.884 120.035 0.876155
74000 -16214.9 -19985.1 291.951 63.8482 0.876157
74100 -16111.4 -19977.7 299.391 37.4825 0.87544
74200 -16048.6 -19931.4 300.67 110.195 0.874152
74300 -16088.5 -19966 300.259 -178.68 0.871988
74400 -16163.4 -19979.3 295.492 -76.4113 0.870995
74500 -16171.6 -20012.8 297.446 -173.298 0.871332
74600 -16141.5 -20000.6 298.83 176.151 0.872853
74700 -16048.6 -19961.1 302.965 32.6383 0.873215
74800 -16049 -19945 301.696 -131.326 0.873355
74900 -16126.9 -19956.2 296.532 -99.7413 0.874723
75000 -16147.9 -19979.8 296.728 108.637 0.877036
75100 -16129.6 -19982.7 298.366 -25.0567 0.878711
75200 -16059.8 -19962.7 302.226 156.367 0.880091
75300 -16000.1 -19920.5 303.579 -80.0653 0.880669
75400 -16080.1 -19977.8 301.82 139.574 0.881499
75500 -16185.5 -20074.5 301.144 329.041 0.880907
75600 -16242.7 -20043.7 294.335 56.7615 0.877178
75700 -16201.1 -20036.2 296.979 -206.344 0.872943
75800 -16125.3 -19969.3 297.668 -234.294 0.870852
75900 -16081.1 -19962.6 300.565 81.4116 0.870661
76000 -16106.1 -19994.3 301.094 15.273 0.870176
76100 -16137.9 -19980.7 297.574 31.4557 0.869401
76200 -16149.4 -20021.4 299.832 -266.528 0.86875
76300 -16201.2 -20056.2 298.513 -201.877 0.870321
76400 -16285.1 -20100.7 295.464 109.545 0.873676
76500 -16319.4 -20147.4 296.422 138.712 0.876364
76600 -16294.5 -20126.8 296.76 352.943 0.877342
76700 -16177.8 -20053.3 300.104 198.672 0.87492
76800 -16139 -20028.7 301.207 -204.36 0.871049
76900 -16190 -20044.7 298.491 -122.087 0.869074
77000 -16247.9 -20037.2 293.424 -206.627 0.868526
77100 -16209.5 -20067.8 298.777 -43.8777 0.869606
77200 -16088.1 -19993.2 302.396 166.06 0.871089
77300 -16094.9 -20015 303.553 292.015 0.871047
77400 -16173 -20048.6 300.109 -180.06 0.86863
77500 -16221.3 -20017.9 293.995 -280.249 0.867533
77600 -16175.5 -19999 296.081 83.8895 0.869015
77700 -16106.4 -19958.8 298.321 80.0042 0.869721
77800 -16086.9 -19917.3 296.614 -166.727 0.870005
77900 -16067.6 -19942 300.021 -20.3367 0.871831
78000 -16093.7 -19934.8 297.438 62.5958 0.873691
78100 -16192.3 -19994.1 294.397 -106.75 0.875444
78200 -16246.2 -20071 296.178 107.623 0.877803
78300 -16242 -20055.5 295.301 -12.9917 0.879555
78400 -16138.2 -20053.9 303.215 286.824 0.880912
78500 -16118.2 -20004.9 300.974 30.9251 0.879966
78600 -16184.7 -20027 297.535 121.695 0.878254
78700 -16234.9 -20066.1 296.677 21.796 0.875584
78800 -16232.9 -20046.8 295.337 -155.955 0.872778
78900 -16208.4 -20046.1 297.174 47.1661 0.871176
79000 -16189.6 -20037.5 297.969 -32.1534 0.869506
79100 -16151.1 -20001.9 298.191 -70.2336 0.868019
79200 -16053 -19946.8 301.522 -94.7928 0.867053
79300 -16010.2 -19902 301.37 -313.067 0.867456
79400 -16095.2 -19965.2 299.68 -46.6052 0.870656
79500 -16193.4 -20057.4 299.212 26.9158 0.874648
79600 -16217.5 -20049.7 296.749 24.8534 0.878113
79700 -16238.1 -20125.4 301.017 317.904 0.880824
79800 -16311.4 -20124.1 295.236 238.447 0.880702
79900 -16329.1 -20128.2 294.187 -23.2573 0.878273
80000 -16224.9 -20037.6 295.243 -90.2826 0.876433
80100 -16133.3 -20002.4 299.609 132.568 0.8754
80200 -16129.1 -19980.9 298.267 223.748 0.872944
80300 -16143.2 -20007.6 299.247 -341.61 0.869679
80400 -16212.2 -20058.2 297.817 -119.472 0.869568
80500 -16285.6 -20091 294.678 19.4271 0.870447
80600 -16263.4 -20087.6 296.131 -194.061 0.871296
80700 -16203.5 -20064 298.948 84.1632 0.873171
80800 -16195.2 -20060.2 299.293 -36.1045 0.874501
80900 -16210.5 -20067.8 298.695 128.324 0.875678
81000 -16231.8 -20057.3 296.236 2.62588 0.875797
81100 -16235.5 -20091.3 298.573 157.665 0.875384
81200 -16247 -20091.6 297.708 -92.2156 0.874045
81300 -16252.8 -20071.8 295.729 -197.755 0.873453
81400 -16202.8 -20069.6 299.433 44.2831 0.874446
81500 -16145.5 -20010.8 299.311 136.604 0.875244
81600 -16109.5 -19974.8 299.313 107.75 0.874932
81700 -16088.7 -19988.1 301.951 93.4294 0.873553
81800 -16141.3 -19999.9 298.792 -130.776 0.871311
81900 -16218.4 -20051.8 296.841 56.3239 0.869912
82000 -16264.6 -20096 296.685 209.594 0.868043
82100 -16265.6 -20038.1 292.124 -290.579 0.864919
82200 -16127.7 -19971.9 297.681 -81.2494 0.863861
82300 -16083.4 -19964.6 300.545 -72.4075 0.864062
82400 -16113.4 -19961.3 297.969 48.814 0.864791
82500 -16170.2 -20000.8 296.631 -334.081 0.865716
82600 -16230.9 -20064.7 296.877 -87.7307 0.869449
82700 -16286.9 -20056.6 291.911 374.81 0.873647
82800 -16207.8 -20068.8 298.978 51.6228 0.874934
82900 -16123.5 -20007.3 300.746 241.84 0.874775
83000 -16132.3 -19983.9 298.257 67.7525 0.872586
83100 -16174.6 -20040.5 299.363 -126.358 0.869868
83200 -16292.1 -20101 294.946 -415.162 0.86887
83300 -16310.5 -20102 293.594 -30.9901 0.871505
83400 -16250.2 -20092.4 297.519 192.699 0.874357
83500 -16195.4 -20037 297.477 201.708 0.875027
83600 -16145 -19988.3 297.612 214.782 0.873807
83700 -16123.6 -20035.7 302.939 102.331 0.870766
83800 -16160 -20009.4 298.085 -83.897 0.86711
83900 -16170.3 -20044.1 299.977 -16.3911 0.864447
84000 -16200.2 -20018.8 295.698 -198.517 0.862531
84100 -16192.7 -20007.7 295.422 -196.164 0.862628
84200 -16100.7 -19971 299.704 102.152 0.864414
84300 -16048.5 -19952.6 302.315 -118.905 0.86547
84400 -16099.2 -19990.3 301.313 -25.2716 0.867099
84500 -16164.1 -20020.8 298.647 34.729 0.868898
84600 -16178.4 -20021.5 297.588 153.639 0.869942
84700 -16190.7 -20050.1 298.855 110.629 0.869737
84800 -16239.9 -20048 294.885 -119.911 0.868779
84900 -16241.6 -20053.6 295.188 46.7647 0.868622
85000 -16145 -20013.5 299.565 -70.1863 0.868442
85100 -16083.7 -19948.5 299.272 12.3356 0.868384
85200 -16091.2 -19958.6 299.477 58.8822 0.868456
85300 -16173.6 -20015.8 297.521 -28.9039 0.86807
85400 -16269.3 -20075.3 294.722 -67.9531 0.867927
85500 -16279.5 -20143.9 299.241 262.571 0.868091
85600 -16287.1 -20091.1 294.567 -90.6501 0.866363
85700 -16223.1 -20097.9 300.051 -113.209 0.865257
85800 -16139.4 -20005.2 299.351 -14.4829 0.865024
85900 -16005.9 -19942.2 304.815 -243.912 0.865315
86000 -16033.8 -19970.8 304.868 237.686 0.867393
86100 -16137.9 -20003.3 299.319 44.5873 0.867988
86200 -16185.3 -19998.1 295.252 -40.2938 0.867934
86300 -16170.6 -20040.6 299.681 177.11 0.867859
86400 -16184.6 -20054.9 299.702 -98.9255 0.866627
86500 -16263.9 -20052.5 293.375 -64.1037 0.86576
86600 -16255.4 -20034.5 292.632 -25.1593 0.865611
86700 -16148.9 -20031.2 300.63 58.141 0.865743
86800 -16127.3 -19944.4 295.578 -114.558 0.86543
86900 -16085.7 -19967.1 300.563 -15.4235 0.865927
87000 -16082.9 -19938.7 298.578 -6.31173 0.866853
87100 -16171.5 -20008.5 297.124 -136.637 0.868315
87200 -16261.1 -20096.8 297.024 173.203 0.870544
87300 -16285.8 -20108.5 296.013 76.0575 0.871642
87400 -16265.1 -20123.3 298.765 -70.3648 0.872296
87500 -16235 -20087.9 298.36 152.638 0.873284
87600 -16149.5 -20023.5 299.991 -19.343 0.873128
87700 -16100.1 -20004.9 302.378 44.1361 0.872925
87800 -16155.2 -20002.2 297.9 265.352 0.872057
87900 -16215.3 -20020.5 294.661 59.2503 0.86859
88000 -16174.3 -19973.4 294.193 -352.83 0.864525
88100 -16086.2 -19971 300.827 -119.833 0.863228
88200 -16103.1 -19991.7 301.126 13.5649 0.863194
88300 -16174.2 -20003.6 296.536 -83.4692 0.863228
88400 -16203.8 -20032.1 296.446 -138.778 0.864123
88500 -16181.1 -20023.7 297.56 -186.091 0.866589
88600 -16087.7 -19972.5 300.826 82.8606 0.870785
88700 -16049.6 -19984.2 304.683 292.344 0.87446
88800 -16135.1 -20003.6 299.562 338.803 0.8755
88900 -16185.7 -20044 298.768 143.888 0.873245
89000 -16212.7 -20040.8 296.43 -250.346 0.869594
89100 -16216.3 -20085.4 299.602 -164.943 0.868157
89200 -16277.9 -20075.1 294.038 -342.424 0.868893
89300 -16302.8 -20070.4 291.751 -395.534 0.873026
89400 -16197.1 -20064.4 299.466 62.8259 0.880136
89500 -16187.1 -20090.2 302.239 433.229 0.885495
89600 -16260.7 -20096.7 297.047 413.922 0.886193
89700 -16294.5 -20125.3 296.646 49.3648 0.883431
89800 -16254 -20060.8 294.786 179.758 0.880448
89900 -16149.3 -20052.5 302.245 36.9066 0.87721
90000 -16173.3 -20056.3 300.692 52.1748 0.87419
90100 -16219.1 -20040.5 295.914 -162.563 0.871477
90200 -16224.9 -20082.8 298.742 -72.6913 0.870509
90300 -16256.5 -20069.4 295.258 -88.7221 0.870604
90400 -16257 -20038.4 292.82 75.5683 0.871161
90500 -16152.7 -20017.3 299.259 -12.1154 0.87129
90600 -16112.2 -19968.2 298.589 -142.058 0.871545
90700 -16097.1 -19938 297.428 -60.7938 0.873013
90800 -16048.6 -19951.5 302.227 139.743 0.874885
90900 -16041.8 -19943.5 302.137 -27.9413 0.875738
91000 -16139.3 -19975.5 297.063 5.88475 0.876698
91100 -16204.3 -20060.3 298.599 418.634 0.877163
91200 -16262.1 -20093.7 296.704 87.3275 0.874195
91300 -16270.4 -20071.2 294.319 -216.305 0.87054
91400 -16150.4 -20013.1 299.116 55.6977 0.86845
91500 -16081.2 -19942.5 299.003 -314.604 0.866736
91600 -16081.8 -19959 300.232 142.392 0.867105
91700 -16142.2 -20000.7 298.788 -117.171 0.866926
91800 -16231.3 -20048.3 295.572 -83.4475 0.867605
91900 -16243.9 -20073 296.508 31.6508 0.86911
92000 -16224.6 -20062.9 297.22 -108.422 0.870459
92100 -16194.1 -20035.8 297.491 -252.81 0.872862
92200 -16177.6 -20058.6 300.524 111.118 0.877154
92300 -16201.6 -20061.8 298.915 265.983 0.880457
92400 -16215.8 -20052.5 297.1 187.531 0.881056
92500 -16209.1 -20063.4 298.458 239.366 0.879341
92600 -16202.3 -20050.6 297.993 -89.5937 0.876264
92700 -16189.8 -20066.7 300.212 16.5115 0.87386
92800 -16231.1 -20112.9 300.592 -266.924 0.871959
92900 -16326.1 -20162.1 297.045 -61.6383 0.872246
93000 -16356.1 -20137.8 292.847 -21.0303 0.873365
93100 -16281.5 -20104.1 296.007 -82.6895 0.874645
93200 -16224 -20076.2 298.294 -8.43446 0.876554
93300 -16221.4 -20070.2 298.037 138.782 0.878471
93400 -16226.9 -20102.4 300.105 149.475 0.878948
93500 -16291.8 -20127.9 297.051 179.434 0.87753
93600 -16377.7 -20168.4 293.538 -239.005 0.875172
93700 -16348.2 -20155.8 294.848 -7.90555 0.874632
93800 -16272.5 -20146.9 300.015 153.621 0.87436
93900 -16262.1 -20119.5 298.703 -42.211 0.873057
94000 -16269.6 -20104 296.923 -29.2106 0.872036
94100 -16270.9 -20145 300.001 48.4221 0.871229
94200 -16326.8 -20149.2 295.997 -207.237 0.87023
94300 -16398.6 -20168.4 291.921 -224.956 0.871154
94400 -16335.5 -20166.2 296.635 114.69 0.874105
94500 -16254.9 -20065 295.04 211.124 0.875931
94600 -16207.7 -20066.5 298.813 160.791 0.875607
94700 -16198 -20044.3 297.847 13.8704 0.873879
94800 -16170.6 -20041.2 299.72 -284.417 0.872257
94900 -16120.8 -20051.3 304.363 -123.288 0.873001
95000 -16213.2 -20082.6 299.631 -119.602 0.875147
95100 -16276.9 -20114.9 297.197 -179.173 0.878444
95200 -16297.6 -20142.4 297.728 310.041 0.882743
95300 -16339 -20192.7 298.421 218.683 0.88407
95400 -16432.9 -20234.6 294.389 -58.5665 0.883167
95500 -16452.8 -20251.1 294.128 209.796 0.882394
95600 -16374.5 -20221.7 297.913 100.48 0.880334
95700 -16293.1 -20129.3 297.06 42.813 0.877563
95800 -16288.5 -20168.3 300.435 9.76755 0.874998
95900 -16324.5 -20129.7 294.666 -201.398 0.873255
96000 -16284.4 -20092.2 294.863 -3.53005 0.873054
96100 -16183.9 -20034.9 298.21 -89.7817 0.873405
96200 -16145 -20020.4 300.099 28.3076 0.87415
96300 -16167.5 -20024.9 298.707 -62.9413 0.874864
96400 -16220.4 -20044.2 296.107 23.1097 0.87588
96500 -16315.9 -20104.2 293.348 -78.0152 0.876783
96600 -16371.5 -20162.6 293.572 -46.6328 0.878283
96700 -16296.5 -20126.2 296.554 120.95 0.879982
96800 -16212.2 -20064.3 298.296 91.7864 0.88079
96900 -16185.2 -20026.5 297.46 95.0196 0.880852
97000 -16157.7 -20032.3 300.038 240.34 0.879549
97100 -16181.2 -20028.7 297.935 -1.23519 0.876186
97200 -16271.7 -20099.8 296.43 -101.382 0.872925
97300 -16322.2 -20104.2 292.867 -216.585 0.870948
97400 -16268 -20116 297.972 16.5579 0.870811
97500 -16188.6 -20060.7 299.84 41.19 0.870511
97600 -16154.8 -20017.1 299.084 -154.237 0.86996
97700 -16154.3 -20003.6 298.071 39.6957 0.870724
97800 -16169.4 -20033.4 299.218 -147.684 0.871703
97900 -16229 -20087.7 298.802 120.406 0.873563
98000 -16310.4 -20142 296.707 -51.3513 0.87482
98100 -16334.1 -20155.7 295.93 -105.374 0.876483
98200 -16302.8 -20159.3 298.633 59.5212 0.878926
98300 -16194.5 -20094.4 301.994 178.942 0.880755
98400 -16147 -20075 304.171 300.07 0.880872
98500 -16238.1 -20106.8 299.581 -132.077 0.878653
98600 -16295.8 -20110.8 295.418 -86.8559 0.877071
98700 -16281.9 -20117.9 297.048 106.021 0.876332
98800 -16206.5 -20069.7 299.155 31.7197 0.874631
98900 -16109.3 -19972.3 299.142 -218.434 0.872603
99000 -16077.1 -19934.3 298.688 71.3105 0.872246
99100 -16092.2 -19985.5 301.482 -60.6797 0.871969
99200 -16174.4 -20084.2 302.764 -10.7497 0.871858
99300 -16255.8 -20124.6 299.58 -69.7068 0.871937
99400 -16313.5 -20148.6 296.977 68.3893 0.872692
99500 -16345.1 -20188.5 297.614 68.8307 0.872907
99600 -16380.6 -20195 295.378 -44.3208 0.872502
99700 -16415.9 -20215.2 294.204 54.1396 0.872251
99800 -16373.2 -20201.6 296.453 -55.7922 0.871757
99900 -16289.9 -20154.6 299.271 206.272 0.871015
100000 -16243.6 -20069.1 296.236 -158.345 0.868538
100100 -16161.6 -20027.9 299.384 -195.721 0.86704
100200 -16130.2 -20040.2 302.777 -168.149 0.867421
100300 -16169.4 -20039.2 299.663 -43.8662 0.869655
100400 -16228.7 -20118.9 301.244 109.706 0.872641
100500 -16299.3 -20106.2 294.789 46.271 0.875165
100600 -16295.5 -20148.8 298.39 16.2015 0.877463
100700 -16300 -20189.7 301.204 129.324 0.879515
100800 -16409.4 -20196.1 293.231 93.9101 0.880428
100900 -16436.2 -20226.7 293.522 107.063 0.880423
101000 -16361.1 -20161.3 294.274 198.212 0.879224
101100 -16288.4 -20113.7 296.217 -209.963 0.876521
101200 -16245.3 -20103.3 298.742 -117.08 0.875293
101300 -16218.7 -20084 299.31 3.85222 0.875167
101400 -16185.4 -20003.4 295.652 -27.7484 0.875064
101500 -16079.7 -19981.3 302.123 5.134 0.875274
101600 -16081.7 -20012.9 304.416 5.35323 0.875501
101700 -16169.7 -19999.6 296.577 114.263 0.875426
101800 -16188.2 -20027.4 297.293 58.404 0.874465
101900 -16172 -20013.5 297.477 56.374 0.872718
102000 -16099.2 -19995.5 301.719 51.6039 0.87013
102100 -16042.6 -19951.2 302.668 -200.377 0.867157
102200 -16115.8 -19961.4 297.784 -202.626 0.865696
102300 -16206.9 -20032.6 296.249 -126.07 0.866416
102400 -16214.2 -20063.9 298.1 137.364 0.868233
102500 -16217.7 -20060.9 297.598 -196.615 0.869428
102600 -16215.5 -20023.8 294.903 -108.495 0.872281
102700 -16122.8 -20025.3 302.196 224.118 0.876172
102800 -16134.5 -20082 305.68 306.858 0.878328
102900 -16234.9 -20038.4 294.529 -256.439 0.878067
103000 -16220.6 -20060.4 297.343 -45.7004 0.879486
103100 -16190.9 -20070.4 300.414 175.756 0.881627
103200 -16231.9 -20074.8 297.582 129.017 0.882322
103300 -16324.9 -20142.4 295.609 254.86 0.881496
103400 -16396.5 -20195.7 294.194 -29.6516 0.878521
103500 -16355.5 -20138 292.903 -283.518 0.875343
103600 -16232.6 -20078.5 297.81 -144.473 0.874708
103700 -16224.6 -20092.5 299.509 253.591 0.875448
103800 -16263.9 -20086.2 295.981 47.9132 0.874194
103900 -16260.4 -20077.5 295.585 -73.0204 0.87216
104000 -16183.4 -20064.4 300.53 -241.248 0.870747
104100 -16139.3 -20024.7 300.866 -160.024 0.871219
104200 -16203.6 -20041.4 297.178 -178.008 0.873937
104300 -16297.3 -20084.4 293.263 95.124 0.878899
104400 -16280.1 -20105.4 296.218 198.608 0.884066
104500 -16261.2 -20136 300.05 180.845 0.887936
104600 -16283 -20130.9 297.972 236.38 0.890238
104700 -16320.8 -20154.5 296.866 427.862 0.889888
104800 -16430.2 -20205 292.307 -265.312 0.886189
104900 -16428.2 -20214.1 293.163 -28.3803 0.883647
105000 -16336.6 -20161.5 296.182 -6.11003 0.881523
105100 -16282.9 -20097.7 295.404 -153.45 0.879432
105200 -16208.4 -20057.7 298.073 21.1588 0.878581
105300 -16179.8 -20044.5 299.265 148.246 0.877426
105400 -16193.6 -20063.9 299.702 -45.2457 0.874938
105500 -16244 -20095.4 298.237 -167.301 0.872194
105600 -16356.9 -20153 293.955 -326.427 0.870837
105700 -16410.2 -20216.6 294.755 -149.527 0.872784
105800 -16383.4 -20183 294.23 47.3619 0.876589
105900 -16310.5 -20120.5 295.039 -20.8352 0.880831
106000 -16234.7 -20080.8 297.83 293.389 0.88529
106100 -16204.2 -20087.4 300.698 442.189 0.886968
106200 -16233.7 -20070.2 297.088 263.802 0.884289
106300 -16305.6 -20101.9 293.966 -67.6346 0.879043
106400 -16356.7 -20133 292.423 -253.015 0.874524
106500 -16270 -20070.5 294.301 -223.93 0.872811
106600 -16186.5 -20063.4 300.21 145.55 0.873114
106700 -16188.7 -20020.5 296.723 -89.0136 0.872815
106800 -16160.2 -19993.8 296.859 129.689 0.872839
106900 -16073.4 -19941.5 299.526 -29.2933 0.871908
107000 -16022.6 -19927.2 302.354 -20.0866 0.870964
107100 -16075.9 -19952.3 300.172 -92.9431 0.870542
107200 -16146.1 -19976 296.573 -103.846 0.871064
107300 -16158.5 -20066 302.583 136.426 0.872267
107400 -16234.7 -20062.2 296.383 24.2874 0.872212
107500 -16275.7 -20084.9 294.967 -322.508 0.872231
107600 -16221.5 -20052.3 296.642 90.0923 0.874504
107700 -16144.7 -20040.1 301.642 474.225 0.875532
107800 -16169.1 -20028 298.816 -75.3984 0.873067
107900 -16192.5 -20016.1 296.082 -288.176 0.871565
108000 -16160.2 -19998 297.181 -60.9482 0.872576
108100 -16075.5 -19954.9 300.408 68.2877 0.873962
108200 -15959.5 -19868.1 302.667 122.567 0.874555
108300 -15952.6 -19834.4 300.589 185.09 0.873885
108400 -15989.5 -19857.8 299.545 3.27932 0.871741
108500 -16038.2 -19894.1 298.581 -207.164 0.86967
108600 -16116.4 -19969.9 298.4 -159.271 0.869641
108700 -16168.8 -19980.2 295.148 51.7625 0.871251
108800 -16166.7 -20040 299.934 94.3933 0.872317
108900 -16184 -19990 294.72 -117.087 0.872611
109000 -16118.2 -19897.1 292.62 -304.487 0.874254
109100 -16054.2 -19961.4 302.555 100.699 0.878364
109200 -16118.2 -20016.9 301.901 350.892 0.881306
109300 -16215.7 -20057.6 297.5 114.154 0.881011
109400 -16247.5 -20102.4 298.505 -26.5982 0.879418
109500 -16294.4 -20151.3 298.664 -21.2337 0.878093
109600 -16376.9 -20170.2 293.743 122.117 0.87685
109700 -16354.9 -20142.1 293.268 -197.013 0.874989
109800 -16274.2 -20100 296.259 -146.549 0.874574
109900 -16226 -20044.5 295.688 -138.433 0.875892
110000 -16155.5 -20031.8 300.169 246.453 0.878131
110100 -16128 -19993.8 299.352 150.372 0.878604
110200 -16135.2 -19981.6 297.856 42.5597 0.87748
110300 -16180.3 -20023.1 297.572 -67.8951 0.875775
110400 -16249 -20053.8 294.628 -98.9514 0.874757
110500 -16262.4 -20085.1 296.011 -252.984 0.874881
110600 -16200.2 -20076.1 300.131 -7.50861 0.877127
110700 -16122.8 -20030.5 302.601 198.669 0.87948
110800 -16163.2 -20044.1 300.517 -135.168 0.880467
110900 -16263.7 -20088.9 296.207 118.227 0.882188
111000 -16273.3 -20113.7 297.384 132.739 0.883256
111100 -16247.3 -20106.9 298.869 -61.3692 0.882993
111200 -16220.9 -20063.3 297.543 128.657 0.882756
111300 -16160.1 -20015.2 298.524 273.713 0.881521
111400 -16078.3 -19981.4 302.245 -55.4927 0.877742
111500 -16095.8 -19962.9 299.451 -365.125 0.874389
111600 -16183.5 -19999.4 295.483 -5.9419 0.874094
111700 -16226.3 -20036.1 295.017 -20.6075 0.874499
111800 -16203.3 -20024.8 295.924 36.1718 0.874786
111900 -16177 -20008.5 296.698 -156.337 0.875105
112000 -16136.7 -20020.4 300.739 -10.2106 0.876778
112100 -16165.9 -20058.8 301.448 183.866 0.878667
112200 -16288.3 -20127.2 297.267 99.6416 0.878915
112300 -16314.3 -20129.2 295.406 -125.46 0.878523
112400 -16267.6 -20110.1 297.547 139.435 0.87876
112500 -16198.6 -20068.4 299.667 63.3154 0.877862
112600 -16172.9 -20044.2 299.776 -52.9716 0.876074
112700 -16214.4 -20072.9 298.788 -112.65 0.874361
112800 -16319.3 -20134.8 295.456 -90.2322 0.873723
112900 -16339.3 -20131.2 293.632 -189.698 0.874076
113000 -16250.4 -20068.3 295.646 -108.589 0.876409
113100 -16188.1 -20063.1 300.068 170.769 0.880059
113200 -16191.5 -20027.1 297.012 381.386 0.882566
113300 -16186.9 -20038.9 298.288 2.68968 0.882109
113400 -16178.7 -20047.1 299.554 -213.536 0.881309
113500 -16195.7 -20037.7 297.509 185.682 0.881855
113600 -16229.3 -20057.3 296.426 19.8395 0.881186
113700 -16225.5 -20031.7 294.738 -186.206 0.880497
113800 -16136 -20006.2 299.696 128.111 0.881131
113900 -16090.1 -19978.6 301.106 168.162 0.880616
114000 -16129.5 -19987.4 298.735 -156.838 0.878622
114100 -16190.7 -20017.7 296.352 -22.4039 0.877366
114200 -16294.8 -20077.6 292.926 35.4151 0.876502
114300 -16353.2 -20068.1 287.666 -276.593 0.875675
114400 -16258.2 -20059.2 294.331 -16.8994 0.877092
114500 -16188.1 -20030.4 297.534 -60.6111 0.879417
114600 -16141.9 -20017.2 300.089 84.9918 0.882178
114700 -16137.3 -20009.3 299.826 299.374 0.884295
114800 -16189.7 -19994.4 294.621 304.046 0.883536
114900 -16241.9 -20073.3 296.685 -77.1997 0.880074
115000 -16290 -20066.4 292.424 -58.099 0.876741
115100 -16229.6 -20014.3 293.069 -160.383 0.874172
115200 -16125.6 -19989.8 299.233 -118.424 0.873181
115300 -16115.9 -20000.9 300.838 -60.4505 0.873276
115400 -16167.9 -20011.1 297.597 -147.843 0.874094
115500 -16238.3 -20042.1 294.548 27.7399 0.876121
115600 -16251 -20095.9 297.731 23.9254 0.878325
115700 -16200.1 -20064.9 299.281 105.829 0.880323
115800 -16126.1 -20025.1 301.927 248.952 0.881108
115900 -16139.2 -20023.5 300.782 29.2718 0.879779
116000 -16222.9 -20036.4 295.303 135.133 0.877583
116100 -16228.6 -20012.6 293.023 -6.02143 0.874215
116200 -16161.7 -19988.2 296.31 -94.7518 0.870662
116300 -16143.4 -20023.9 300.495 -273.097 0.868349
116400 -16197.8 -20040.4 297.559 -53.3793 0.868351
116500 -16226.4 -20022 293.918 -167.024 0.869451
116600 -16154.1 -20039.5 300.868 -93.7865 0.871993
116700 -16096.2 -20006.4 302.793 -40.1254 0.875588
116800 -16114.2 -19968.5 298.468 128.532 0.879291
116900 -16193.7 -20074.8 300.541 351.748 0.881725
117000 -16305.4 -20152.9 297.936 135.408 0.880989
117100 -16341.9 -20154.3 295.221 -131.876 0.879058
117200 -16295.3 -20144.3 298.053 -3.35069 0.878143
117300 -16227.7 -20099.7 299.837 -107.323 0.877414
117400 -16173.3 -20065.8 301.422 27.7882 0.877673
117500 -16132.2 -20081.1 305.787 225.57 0.877488
117600 -16234.2 -20070 297.028 -300.957 0.875988
117700 -16276 -20083.3 294.822 8.7734 0.876459
117800 -16234 -20083.1 298.059 74.3114 0.877437
117900 -16167.9 -20056.3 301.101 101.857 0.877629
118000 -16128.7 -20051.9 303.795 -14.8847 0.876877
118100 -16199.1 -20057.7 298.799 79.9128 0.875958
118200 -16290.6 -20128.6 297.201 -110.051 0.874748
118300 -16319.2 -20110.5 293.579 -187.298 0.874747
118400 -16248.9 -20110.7 299.039 -57.4015 0.876305
118500 -16189.4 -20045.6 298.609 34.7094 0.87813
118600 -16177 -20038.7 299.038 11.2275 0.879708
118700 -16191.3 -20067.6 300.167 240.277 0.880969
118800 -16226.8 -20073.6 297.88 97.6359 0.880063
118900 -16226.2 -20055.5 296.533 -16.1237 0.878068
119000 -16207 -20076.7 299.653 98.4745 0.876245
119100 -16227.3 -20046.1 295.712 1.85443 0.873953
119200 -16258.3 -20058.8 294.291 -347.8 0.872208
119300 -16226.8 -20039.3 295.229 -125.541 0.873416
119400 -16128.9 -19981 298.291 131.688 0.875575
119500 -16077.4 -19966.2 301.131 108.608 0.876481
119600 -16124.7 -20017.4 301.433 57.3739 0.876389
119700 -16207.5 -20031.5 296.121 12.4146 0.875815
119800 -16205.2 -20030.3 296.197 116.872 0.874867
119900 -16144.8 -19967.2 295.989 206.424 0.872805
120000 -16073.2 -19949.1 300.135 -126.586 0.869421
120100 -16071.4 -19939.4 299.525 -169.825 0.867203
120200 -16108.7 -19998.8 301.237 -271.46 0.867228
120300 -16166.6 -19983.2 295.537 -108.503 0.869563
120400 -16171.1 -20025.2 298.444 212.385 0.872425
120500 -16174.7 -20029 298.461 82.5786 0.873464
120600 -16191.3 -20039.9 298.025 -127.372 0.873653
120700 -16237.6 -20079.3 297.49 -135.245 0.87463
120800 -16348.8 -20149.2 294.285 57.0042 0.87679
120900 -16358.7 -20141.1 292.893 88.5961 0.878372
121000 -16270.7 -20133.1 299.087 -36.4914 0.878975
121100 -16243.7 -20097.4 298.414 37.8945 0.879674
121200 -16239.7 -20061.6 295.957 235.516 0.87989
121300 -16164.3 -19994.5 296.595 69.7669 0.878231
121400 -16074.3 -19984.4 302.78 91.9184 0.875711
121500 -16115.2 -20005.9 301.274 -108.445 0.872979
121600 -16183.2 -20008.2 296.194 -169.024 0.871241
121700 -16214.5 -20041.1 296.317 -9.98972 0.871052
121800 -16202.5 -20051.6 298.06 -239.571 0.871644
121900 -16132.7 -20039.5 302.532 82.7299 0.873703
122000 -16134.5 -20028.1 301.509 159.121 0.874995
122100 -16221.6 -20026.1 294.604 -42.0047 0.875059
122200 -16226.5 -20029.5 294.49 39.3316 0.87517
122300 -16145 -19974.4 296.534 13.892 0.875169
122400 -16099.7 -19984.3 300.809 255.575 0.874739
122500 -16127.1 -20002.5 300.099 -90.5104 0.872408
122600 -16207.4 -20056.6 298.073 -68.0195 0.870598
122700 -16249.2 -20075.9 296.331 -7.79455 0.869462
122800 -16227.2 -20034.7 294.835 -332.69 0.868897
122900 -16125.4 -20020.3 301.606 -105.201 0.871162
123000 -16098.9 -19983.5 300.807 278.637 0.874349
123100 -16135.1 -20020.6 300.879 146.921 0.875105
123200 -16215.6 -20099.5 300.751 50.2865 0.874281
123300 -16278.6 -20110 296.687 -41.5585 0.872872
123400 -16266.7 -20046.2 292.67 -152.939 0.87188
123500 -16181.7 -20022.9 297.446 -147.83 0.87258
123600 -16147.9 -19997.8 298.126 270.972 0.874356
123700 -16139.5 -19994.3 298.494 98.3248 0.873854
123800 -16158.8 -20038.5 300.435 -13.8252 0.872327
123900 -16274.2 -20101.6 296.386 -107.641 0.87105
124000 -16309.7 -20101.9 293.653 -231.028 0.870773
124100 -16241.9 -20061.8 295.798 -124.418 0.87282
124200 -16178.8 -20035.6 298.656 -38.3697 0.876115
124300 -16159 -19999.4 297.387 197.938 0.879352
124400 -16142 -20030.7 301.128 185.103 0.880784
124500 -16212.1 -20042.6 296.616 45.5951 0.880522
124600 -16301.9 -20089.1 293.266 -128.84 0.880024
124700 -16263.6 -20099 296.999 106.561 0.880229
124800 -16230.9 -20132.6 302.138 157.186 0.879564
124900 -16268.5 -20095.2 296.325 26.8953 0.877441
125000 -16257.9 -20065.2 294.827 -144.905 0.875233
125100 -16213.6 -20050.8 297.133 70.9435 0.874084
125200 -16197.7 -20054 298.618 -173.463 0.872844
125300 -16191.4 -20015.9 296.159 13.969 0.872767
125400 -16133 -20041 302.622 112.237 0.872662
125500 -16080.3 -19980.3 302.005 76.2367 0.871344
125600 -16090.5 -19934.7 297.683 -37.4918 0.869252
125700 -16125.3 -20006.3 300.528 -140.817 0.867648
125800 -16207.4 -20018.5 295.121 -313.135 0.867605
125900 -16225.5 -20035.8 295.053 -47.9227 0.870218
126000 -16154.7 -20035.1 300.481 114.666 0.873558
126100 -16095 -19981.5 300.954 119.726 0.876246
126200 -16058.9 -19950.5 301.35 251.001 0.877644
126300 -16059.5 -19967.3 302.61 168.762 0.876415
126400 -16167.7 -20041.7 299.99 -28.991 0.873585
126500 -16226.7 -20051.5 296.179 -39.775 0.870688
126600 -16232.3 -20064 296.713 -115.978 0.868276
126700 -16201.8 -20030 296.445 -303.54 0.867427
126800 -16092.1 -19952.2 298.907 -32.8481 0.869247
126900 -16046.7 -19922.7 300.147 148.515 0.871355
127000 -16070 -19937.2 299.463 67.3033 0.872088
127100 -16155.3 -20007.2 298.273 13.5218 0.872284
127200 -16225.3 -20058.8 296.851 -121.842 0.87252
127300 -16224.4 -20048.2 296.103 73.1531 0.873568
127400 -16173.5 -19992.2 295.706 226.377 0.873854
127500 -16097.4 -19956.9 298.864 81.62 0.872526
127600 -16081.2 -19942.5 299.01 -67.5298 0.870183
127700 -16081.6 -19939.4 298.735 -126.495 0.868055
127800 -16106.8 -20013.3 302.502 102.955 0.866942
127900 -16179.4 -20011 296.708 -68.095 0.865109
128000 -16167.8 -19983.4 295.466 -127.341 0.863558
128100 -16120.7 -19977 298.618 -166.535 0.863334
128200 -16080.5 -19911.1 296.627 -83.827 0.864907
128300 -15973.3 -19888 303.136 63.838 0.867547
128400 -15970.7 -19896.8 304.023 184.801 0.869978
128500 -16032.1 -19881.7 298.093 220.287 0.870629
128600 -16069 -19918.9 298.124 -114.461 0.869301
128700 -16111.1 -19933.3 295.974 75.8537 0.868281
128800 -16141.6 -19972.1 296.625 -117.387 0.866838
128900 -16169.1 -19997.6 296.47 -235.47 0.866373
129000 -16193.1 -20027.5 296.923 -91.2063 0.868006
129100 -16181.3 -20013.1 296.722 -159.527 0.871307
129200 -16130 -20011.3 300.548 -40.3901 0.876747
129300 -16085.3 -19973.9 301.121 432.162 0.882557
129400 -16136.8 -20018.2 300.56 364.863 0.884789
129500 -16244.8 -20071.9 296.351 376.434 0.88286
129600 -16262.1 -20082.8 295.864 1.08357 0.877836
129700 -16215.5 -20067.3 298.263 41.3864 0.87279
129800 -16135.5 -20012.9 300.251 -197.449 0.868401
129900 -16030.5 -19912.6 300.618 -151.998 0.866124
130000 -15940.4 -19857.2 303.308 -128.631 0.865855
130100 -15966.4 -19873.9 302.58 117.64 0.866659
130200 -16036.5 -19951.9 303.198 162.109 0.866396
130300 -16120.2 -19927 294.781 -123.249 0.864866
130400 -16114.6 -19961.5 297.888 -132.187 0.864319
130500 -16074.5 -19935.6 298.989 111.52 0.864885
130600 -16028.4 -19960.4 304.474 5.64544 0.864741
130700 -16111.9 -19946.4 296.926 -189.073 0.864579
130800 -16185.4 -20023.9 297.237 -126.556 0.865921
130900 -16205.1 -20040.3 296.985 -49.098 0.868574
131000 -16182.7 -20001.9 295.75 132.57 0.871641
131100 -16064.8 -19966.8 302.152 -28.1844 0.873938
131200 -16070.7 -19998.5 304.15 414.716 0.875635
131300 -16151.9 -19962.5 295.08 80.721 0.873976
131400 -16163.6 -20004.4 297.42 24.4442 0.871296
131500 -16149.5 -19992.4 297.577 100.289 0.868295
131600 -16071.4 -19970.6 301.936 -166.753 0.864777
131700 -16010.9 -19898.8 301.062 -101.502 0.862769
131800 -16041.7 -19913.9 299.852 -145.585 0.862066
131900 -16160.1 -19987.5 296.38 -38.7071 0.862497
132000 -16198.8 -20047.7 298.044 55.4033 0.863396
132100 -16217 -20051.7 296.938 -140.311 0.863977
132200 -16205.6 -19969.3 291.443 -342.92 0.866322
132300 -16081.4 -19987.9 302.507 164.791 0.871148
132400 -16091.8 -19952.1 298.926 321.997 0.874184
132500 -16145.8 -19995.8 298.127 73.1301 0.874338
132600 -16200 -19984 293.014 -42.3839 0.873377
132700 -16155.4 -20018 299.104 -13.2979 0.873065
132800 -16052.4 -19973.5 303.632 165.088 0.872746
132900 -16058.5 -19952.2 301.512 43.4349 0.870959
133000 -16137.2 -19969 296.72 -264.069 0.86929
133100 -16140.3 -19973.3 296.81 146.852 0.869331
133200 -16121.5 -19958.1 297.093 -197.78 0.86896
133300 -16083.6 -19970.9 301.019 -45.054 0.86992
133400 -16100.9 -20003.8 302.229 -59.98 0.871561
133500 -16215 -20042.2 296.363 -16.9946 0.87365
133600 -16236.9 -20073.2 297.07 23.5384 0.875778
133700 -16223 -20049 296.27 148.522 0.877445
133800 -16141.8 -19997.4 298.564 106.412 0.878007
133900 -16067.6 -19977.9 302.805 287.182 0.877081
134000 -16107.9 -19981 299.921 -143.561 0.873846
134100 -16156.3 -20021.6 299.311 -182.123 0.871874
134200 -16210 -20071.6 299.025 -173.277 0.872232
134300 -16241.2 -20091 298.117 -31.4083 0.873913
134400 -16258.9 -20107.8 298.046 267.272 0.875289
134500 -16261.8 -20083.9 295.963 50.2768 0.874492
134600 -16175.1 -20044.6 299.635 -91.5799 0.873461
134700 -16064.1 -19957.2 301.467 153.436 0.873048
134800 -16086 -19980.8 301.601 -168.775 0.872056
134900 -16163.7 -20010.4 297.879 -96.0627 0.872423
135000 -16219.6 -20070.3 298.184 83.9471 0.873329
135100 -16257.3 -20109.8 298.328 -50.7408 0.87383
135200 -16300.9 -20120.3 295.764 64.7525 0.874514
135300 -16318.6 -20115.5 294.019 -103.854 0.87469
135400 -16242.4 -20118.6 300.155 300.791 0.875164
135500 -16200.3 -20080.8 300.49 241.956 0.873226
135600 -16216.5 -20048.9 296.765 -301.357 0.869626
135700 -16226.7 -20054.2 296.387 -129.33 0.868468
135800 -16163.3 -19996.1 296.794 13.3613 0.868687
135900 -16061.4 -19925.8 299.246 -235.822 0.869163
136000 -16034.6 -19920 300.875 24.7789 0.871665
136100 -16089.6 -19969.8 300.465 180.623 0.873967
136200 -16156.9 -20014.6 298.725 -105.577 0.874568
136300 -16176.6 -20025.7 298.056 -48.4838 0.875861
136400 -16192 -20027.2 296.977 -93.9888 0.877687
136500 -16175.1 -19991.4 295.518 80.4835 0.880252
136600 -16071.9 -19983.2 302.873 298.153 0.881873
136700 -16071.8 -19959.8 301.065 262.957 0.880578
136800 -16113.9 -19953.1 297.291 -47.1043 0.877081
136900 -16127.5 -19975.3 297.961 47.8641 0.873837
137000 -16133.4 -19986.2 298.347 -178.76 0.870798
137100 -16130.6 -19959.5 296.497 -310.548 0.869859
137200 -16075.7 -19964.1 301.103 97.0916 0.871511
137300 -15991.3 -19906.2 303.156 198.488 0.872198
137400 -15998.1 -19889.1 301.302 -82.8713 0.871131
137500 -16105.7 -19941.4 297.026 -276.86 0.870942
137600 -16155.7 -20018.5 299.125 -118.778 0.873298
137700 -16192.7 -20054 299.007 329.154 0.87627
137800 -16243.4 -20075.5 296.743 81.0022 0.876446
137900 -16310.7 -20098.8 293.335 -139.919 0.875848
138000 -16390.9 -20175.6 293.073 198.621 0.876086
138100 -16401.1 -20166.9 291.611 -146.438 0.875206
138200 -16288.4 -20111.4 296.034 44.4542 0.874903
138300 -16210.8 -20024.2 295.297 -146.601 0.87481
138400 -16132.1 -19992.6 298.938 -52.2707 0.875948
138500 -16099.6 -19988.2 301.112 342.504 0.877096
138600 -16162 -20017.3 298.535 -90.2448 0.875876
138700 -16245.7 -20073.5 296.411 -16.9833 0.874949
138800 -16255.7 -20080.7 296.188 2.79059 0.874431
138900 -16234.6 -20087.2 298.333 -68.9931 0.873741
139000 -16208.2 -20057.6 298.08 -87.4384 0.873816
139100 -16148.8 -20036.4 301.039 350.856 0.874346
139200 -16074 -19932.9 298.822 39.1296 0.872165
139300 -15995.1 -19916.2 303.632 -17.6399 0.869492
139400 -16025.6 -19908.7 300.69 47.2631 0.867204
139500 -16123.4 -19965.7 297.529 -190.872 0.865161
139600 -16148.7 -20002 298.381 13.4043 0.864588
139700 -16160.3 -20000.8 297.392 -168.709 0.864324
139800 -16170.1 -20004.1 296.888 -118.983 0.86573
139900 -16143.3 -19993.8 298.163 -48.3882 0.867878
140000 -16070.6 -19954.2 300.734 -43.5362 0.869795
140100 -16053.4 -19957.5 302.324 84.7293 0.871566
140200 -16152.1 -19969.7 295.615 162.542 0.872208
140300 -16174.9 -19967.8 293.704 -131.568 0.871804
140400 -16119.4 -19982.6 299.155 84.2175 0.871979
140500 -16113 -19974.6 299.029 187.714 0.871381
140600 -16133.2 -19973.9 297.413 -158.779 0.869529
140700 -16150.1 -19979.8 296.559 -176.503 0.869123
140800 -16173.6 -20013.8 297.376 23.7322 0.870442
140900 -16194.5 -20037.4 297.582 281.981 0.871314
141000 -16222.9 -20041.3 295.679 -149.975 0.87018
141100 -16202.5 -20032.2 296.56 -133.636 0.870001
141200 -16106.3 -19975.5 299.613 229.889 0.870606
141300 -16059.5 -19901.8 297.537 -97.9311 0.869717
141400 -16024.2 -19863.2 297.278 -176.233 0.869548
141500 -15981.5 -19894.3 302.989 91.2528 0.87091
141600 -16057.7 -19933.2 300.104 141.815 0.871673
141700 -16172.4 -20010.8 297.229 -14.482 0.871132
141800 -16202.9 -19999 293.956 -149.231 0.870477
141900 -16139.2 -19972.3 296.815 54.4205 0.871208
142000 -16072.5 -19977.7 302.405 164.798 0.871547
142100 -16114.5 -19982 299.49 -117.36 0.870463
142200 -16168.5 -19983.8 295.442 116.553 0.869951
142300 -16161.2 -19972.1 295.098 -199.123 0.869159
142400 -16118.3 -19947 296.476 -51.6029 0.869896
142500 -16100.1 -20004.3 302.326 48.8954 0.871338
142600 -16174.3 -20049.8 300.098 77.9013 0.872279
142700 -16237.5 -20088.8 298.228 -48.0649 0.872658
142800 -16263.4 -20130 299.416 489.757 0.872684
142900 -16314.8 -20120.9 294.731 15.7484 0.868844
143000 -16287.9 -20075.5 293.297 -312.138 0.864224
143100 -16164.7 -20005.8 297.442 -285.346 0.862171
143200 -16140.8 -19999.7 298.82 31.8064 0.86269
143300 -16146.2 -19970.7 296.151 -62.5214 0.863603
143400 -16106.7 -19953.4 297.878 -66.9821 0.864792
143500 -16050.3 -19955.8 302.431 -151.935 0.867214
143600 -16102.2 -19998.1 301.678 149.788 0.870909
143700 -16217.2 -20060.7 297.626 -64.2103 0.873888
143800 -16246.9 -20091.6 297.719 -113.62 0.87738
143900 -16264 -20100.7 297.097 117.999 0.881848
144000 -16284.8 -20144.7 298.895 336.604 0.885171
144100 -16349.4 -20143.4 293.792 121.077 0.885654
144200 -16347 -20163.8 295.562 300.414 0.884235
144300 -16249.8 -20099.2 298.083 -110.338 0.880695
144400 -16176.8 -20056.1 300.4 -308.203 0.878144
144500 -16173.6 -20015.9 297.531 -36.6228 0.878172
144600 -16187.8 -20034.1 297.838 73.6821 0.879151
144700 -16240 -20061.9 295.956 109.022 0.879346
144800 -16329.6 -20111.9 292.886 -145.766 0.878726
144900 -16297.7 -20043.3 290.041 -94.2568 0.879323
145000 -16187.6 -20042.3 298.491 229.402 0.880529
145100 -16172.2 -20037.4 299.312 255.806 0.87946
145200 -16200.9 -20024.2 296.063 -25.0387 0.876542
145300 -16186.2 -20040 298.42 -66.8507 0.874207
145400 -16140 -20001.6 299.028 81.0679 0.87251
145500 -16068.1 -19920.6 298.319 -229.405 0.871106
145600 -16002.3 -19935.1 304.539 85.4551 0.871206
145700 -16065.3 -19937.4 299.845 30.8596 0.870904
145800 -16117.3 -19941.5 296.133 -17.2204 0.870339
145900 -16102.8 -19943.1 297.384 74.2121 0.869871
146000 -16072.9 -19941.6 299.576 109.906 0.868763
146100 -16062 -19912.8 298.191 -42.2801 0.866813
146200 -16076.5 -19930.1 298.402 -185.443 0.865563
146300 -16119.3 -19953.7 296.918 -252.443 0.866189
146400 -16149.5 -19957.7 294.894 -72.1149 0.869003
146500 -16102.9 -19968.1 299.305 80.497 0.872578
146600 -16035 -19899.1 299.22 398.853 0.874824
146700 -15987.5 -19933.2 305.543 287.862 0.873304
146800 -16085.4 -19947.7 299.076 -131.594 0.869522
146900 -16148.6 -19936.2 293.3 -200.956 0.867056
147000 -16093.9 -19937.7 297.646 -114.403 0.866713
147100 -16036.3 -19917.4 300.539 -106.298 0.867769
147200 -16042 -19926.9 300.829 36.7383 0.869547
147300 -16159.1 -19970 295.099 17.1463 0.870878
147400 -16195.1 -20003.3 294.893 -122.277 0.871968
147500 -16150.9 -19984.5 296.861 -213.301 0.874397
147600 -16096.1 -19972.3 300.158 336.161 0.877999
147700 -16083.1 -19941.7 298.799 -153.858 0.879165
147800 -16113.1 -19969.1 298.595 -17.1794 0.880752
147900 -16186.6 -20009.6 296.046 59.7326 0.882697
148000 -16215.9 -20027.3 295.143 313.926 0.883697
148100 -16169.1 -20018.4 298.075 242.689 0.881907
148200 -16087.6 -19975.1 301.03 -69.5722 0.878121
148300 -16076.6 -19974.9 301.864 -12.7776 0.874769
148400 -16183.3 -19982.2 294.178 -206.572 0.872201
148500 -16208.7 -19983.1 292.273 -74.2059 0.87145
148600 -16139.6 -19983.2 297.632 -165.71 0.871986
148700 -16100.1 -19977.9 300.277 -6.24654 0.873773
148800 -16103 -19940.8 297.188 32.4656 0.875486
148900 -16093 -19960.5 299.484 -44.5132 0.876882
149000 -16105.3 -19948.1 297.571 -89.6126 0.878795
149100 -16144.1 -19993 298.045 169.712 0.881417
149200 -16202.5 -20019.4 295.561 138.805 0.88262
149300 -16216.9 -20037.1 295.817 2.09219 0.882367
149400 -16145.7 -20000.3 298.485 129.092 0.881711
149500 -16046.5 -19885.8 297.301 156.773 0.879826
149600 -15991.2 -19860 299.586 -307.06 0.877105
149700 -15996.4 -19885.4 301.149 10.1483 0.8766
149800 -16068.1 -19945.3 300.231 198.771 0.876102
149900 -16136.5 -19980.6 297.675 309.982 0.87355
150000 -16147.9 -19982.7 296.957 -169.945 0.868649
150100 -16123.2 -19945.3 295.97 -237.132 0.865485
150200 -16034.1 -19903 299.589 47.6161 0.864574
150300 -15990 -19861.9 299.823 -102.113 0.863607
150400 -16013.7 -19879.6 299.364 -145.044 0.863543
150500 -16037.4 -19855.4 295.654 -100.625 0.864841
150600 -16030.7 -19900.7 299.681 115.621 0.867006
150700 -16045.6 -19921.9 300.166 65.0635 0.868145
150800 -16100.8 -19918.5 295.63 -81.7458 0.868729
150900 -16111.9 -19936.4 296.153 108.435 0.86977
151000 -16016.7 -19857 297.384 96.5902 0.869936
151100 -15929.1 -19829.8 302.061 30.3264 0.869111
151200 -15976.1 -19858.4 300.633 -76.8509 0.868025
151300 -16061.2 -19895.7 296.931 -30.9408 0.867541
151400 -16080 -19936.8 298.654 -16.0826 0.867497
151500 -16104.8 -19926.4 295.926 57.3675 0.867632
151600 -16119.5 -19927.8 294.9 50.3624 0.867259
151700 -16032.4 -19894.4 299.059 -64.9939 0.866431
151800 -15980.7 -19896 303.184 -56.0358 0.866181
151900 -16050.1 -19905.8 298.569 -20.3311 0.866363
152000 -16110.9 -19918.5 294.844 -13.0787 0.866764
152100 -16102.9 -19978.5 300.107 109.203 0.867377
152200 -16142.7 -19986.2 297.623 -207.662 0.867423
152300 -16264.2 -20033.5 291.879 25.8305 0.868933
152400 -16281.9 -20079.4 294.061 96.3834 0.870664
152500 -16242.1 -20081.6 297.319 8.88722 0.871639
152600 -16206.4 -20020.8 295.37 190.141 0.872554
152700 -16154.5 -20028.3 299.973 -71.6578 0.87211
152800 -16133.3 -19978.3 297.745 -156.68 0.871995
152900 -16054.7 -19931.9 300.238 -34.282 0.873338
153000 -15975.7 -19906 304.354 62.2321 0.875372
153100 -16052.9 -19941.2 301.094 6.5469 0.877332
153200 -16137.3 -20012.3 300.066 -130.95 0.879469
153300 -16196.2 -20046.3 298.135 88.7692 0.882828
153400 -16250.2 -20124.8 300.031 114.965 0.885613
153500 -16333.2 -20209.6 300.175 133.124 0.887427
153600 -16378.3 -20183 294.624 221.22 0.888218
153700 -16335.6 -20141.6 294.72 123.246 0.886799
153800 -16252.3 -20088.1 297.028 62.9671 0.883963
153900 -16192.8 -20050.9 298.755 -96.982 0.880343
154000 -16171.6 -20015.1 297.626 -96.4777 0.877411
154100 -16176.5 -20051 300.028 -68.9839 0.875796
154200 -16277.8 -20105.7 296.418 -3.44079 0.874823
154300 -16362.8 -20168.9 294.734 -139.463 0.874124
154400 -16331.7 -20144.8 295.272 -53.5117 0.874622
154500 -16254.8 -20133.6 300.356 122 0.875377
154600 -16255.7 -20136.2 300.487 -252.48 0.875842
154700 -16294.3 -20126.4 296.749 102.029 0.878029
154800 -16294.2 -20152 298.735 74.132 0.879533
154900 -16298.8 -20148.1 298.076 217.584 0.880066
155000 -16310.4 -20137.6 296.358 88.7146 0.878739
155100 -16245.7 -20050.3 294.609 -169.137 0.876616
155200 -16133.9 -20031.8 301.836 -30.6946 0.875806
155300 -16169.7 -20062.5 301.442 178.678 0.875172
155400 -16265.4 -20095.1 296.557 -21.5972 0.873088
155500 -16296.1 -20113.8 295.631 -277.274 0.871142
155600 -16246.8 -20074.3 296.383 -125.73 0.871714
155700 -16156 -20031.7 300.118 145.295 0.873696
155800 -16130.6 -20012.8 300.622 -43.3572 0.874674
155900 -16152.2 -20027.5 300.084 126.199 0.8757
156000 -16206.4 -20089.8 300.712 37.0646 0.875739
156100 -16263.7 -20079.4 295.474 -127.37 0.875405
156200 -16245.6 -20082.3 297.1 55.4045 0.876256
156300 -16211.2 -20056.1 297.734 116.668 0.876672
156400 -16190.1 -20067.7 300.26 -138.716 0.876237
156500 -16263.2 -20092.5 296.523 122.098 0.876421
156600 -16333.9 -20096.2 291.345 -78.3625 0.876136
156700 -16257.2 -20085.3 296.433 53.9969 0.876386
156800 -16190.3 -20055.2 299.289 222.394 0.875788
156900 -16182.5 -20050 299.483 -140.437 0.873288
157000 -16213.6 -20044.6 296.658 -166.188 0.87141
157100 -16279.8 -20099.5 295.78 -89.8199 0.870938
157200 -16341.4 -20140.6 294.196 -161.196 0.871498
157300 -16341.2 -20124.8 292.988 -66.0376 0.873755
157400 -16235.2 -20148.2 303.011 170.106 0.877136
157500 -16242.1 -20110.1 299.52 388.354 0.878869
157600 -16292.1 -20126.8 296.949 93.3042 0.877216
157700 -16331.8 -20171.3 297.315 -349.611 0.874837
157800 -16427.4 -20187.5 291.165 -101.965 0.875071
157900 -16453.2 -20230.8 292.525 -120.346 0.876934
158000 -16348.8 -20167.9 295.734 282.418 0.879578
158100 -16300.6 -20154.8 298.456 153.566 0.879807
158200 -16275 -20098.2 296.061 -66.9098 0.878523
158300 -16209.9 -20107.1 301.781 286.132 0.877277
158400 -16203 -20066.4 299.169 -43.0265 0.873829
158500 -16267.1 -20039.8 292.141 -299.412 0.870649
158600 -16289.4 -20118.2 296.486 -211.821 0.870333
158700 -16234.6 -20103.7 299.606 20.3128 0.871882
158800 -16171.1 -20050.1 300.373 73.7408 0.873534
158900 -16152.3 -20034.5 300.617 47.6603 0.874482
159000 -16195.7 -20020.3 296.159 -181.116 0.875212
159100 -16256.9 -20089.3 296.77 235.896 0.877033
159200 -16299 -20099.9 294.327 88.5405 0.877317
159300 -16248 -20094.4 297.856 118.913 0.876395
159400 -16146 -20009.8 299.199 55.6483 0.874167
159500 -16106.9 -19980.3 299.943 -383.41 0.871901
159600 -16130.6 -20006.7 300.145 -48.5062 0.872632
159700 -16167.5 -19997.6 296.594 58.7115 0.874206
159800 -16170.4 -20037.5 299.449 87.7716 0.875249
159900 -16189.9 -20050.7 298.968 121.076 0.875408
160000 -16236.5 -20062.6 296.28 -76.0367 0.874584
160100 -16274.7 -20089.6 295.413 -8.43658 0.874115
160200 -16283.5 -20071.7 293.35 -288.735 0.874305
160300 -16192.1 -20003.5 295.137 -13.6099 0.876837
160400 -16107.1 -19983.3 300.156 92.178 0.880148
160500 -16092.4 -19966.5 299.993 134.75 0.883032
160600 -16158.2 -20058 301.988 282.854 0.884715
160700 -16250.3 -20069.7 295.758 173.946 0.883637
160800 -16267.5 -20093.6 296.281 -102.553 0.88081
160900 -16231.3 -20072.3 297.428 -185.448 0.878132
161000 -16138.6 -19976.1 297.165 42.6971 0.876615
161100 -16073.2 -19974.5 302.099 -4.77979 0.875033
161200 -16102.4 -19987.3 300.83 -105.158 0.872794
161300 -16160.3 -19998.9 297.244 -424.981 0.871449
161400 -16179.2 -19999.3 295.812 157.628 0.873433
161500 -16128.2 -19985.1 298.669 94.1995 0.875288
161600 -16020.6 -19921.5 302.071 -37.7552 0.876521
161700 -16014.9 -19947.3 304.506 136.62 0.877819
161800 -16101.8 -19982.6 300.512 -2.26343 0.878244
161900 -16158 -20035.2 300.242 -27.4115 0.878665
162000 -16233 -20089.3 298.619 190.15 0.879117
162100 -16294.5 -20111.2 295.553 -23.5535 0.878164
162200 -16277.5 -20080.6 294.496 -71.8857 0.877174
162300 -16180.2 -20056.9 300.202 -61.0518 0.876843
162400 -16164.6 -20018.7 298.448 177.623 0.876718
162500 -16155.7 -19985 296.532 -0.0218364 0.875251
162600 -16120 -19977.9 298.741 27.4719 0.873563
162700 -16076.7 -20002.6 304.008 18.6746 0.871749
162800 -16134.1 -20034.1 302.002 -45.346 0.869436
162900 -16226 -20037.7 295.164 -75.0414 0.867191
163000 -16207.6 -20030.9 296.057 -349.208 0.866098
163100 -16136.8 -19987.5 298.177 -142.279 0.868091
163200 -16068.4 -19974.3 302.461 179.295 0.87161
163300 -16102.7 -20004 302.103 147.279 0.873693
163400 -16166.1 -20032.3 299.385 161.721 0.874106
163500 -16208.3 -20075.6 299.47 -112.746 0.873347
163600 -16266.1 -20077.6 295.147 -61.5895 0.873112
163700 -16274.6 -20143.9 299.623 34.2131 0.873553
163800 -16318.9 -20122 294.499 34.9339 0.87409
163900 -16353.3 -20145.9 293.689 -129.654 0.874356
164000 -16287.9 -20130.8 297.578 -24.7153 0.875724
164100 -16205.7 -20076.8 299.759 178.101 0.877503
164200 -16182.4 -20043.9 299.021 111.705 0.877513
164300 -16178.3 -20017.3 297.276 -177.387 0.876711
164400 -16138.7 -20051.3 302.979 121.187 0.877375
164500 -16174 -20067.7 301.514 139.29 0.877264
164600 -16273.6 -20117.1 297.627 -32.7975 0.875363
164700 -16307.4 -20109.2 294.394 -150.572 0.873472
164800 -16253.6 -20103.3 298.109 8.7404 0.872726
164900 -16178.8 -20032.2 298.395 135.915 0.871906
165000 -16102.5 -19986.1 300.733 147.582 0.869489
165100 -15979.1 -19907.8 304.226 -193.351 0.865719
165200 -15890.1 -19854.7 306.998 -172.386 0.862991
165300 -15962.3 -19873.8 302.889 -173.834 0.861823
165400 -16026.8 -19863.4 297.089 -137.894 0.862437
165500 -16049.9 -19900 298.136 -15.3648 0.864532
165600 -16073.2 -19938.8 299.339 -99.3585 0.867129
165700 -16153.4 -19953.5 294.261 -141.649 0.871009
165800 -16189.4 -20010.8 295.914 183.052 0.876199
165900 -16143.2 -20038 301.597 193.283 0.879771
166000 -16089.2 -20004.4 303.175 110.628 0.881494
166100 -16152 -20056.7 302.365 432.18 0.881527
166200 -16262.4 -20106.9 297.706 19.0941 0.87804
166300 -16291.6 -20136.7 297.747 -45.6632 0.874071
166400 -16287.9 -20074.3 293.198 -215.358 0.871076
166500 -16189 -20070.8 300.599 -144.919 0.870055
166600 -16153.2 -20005 298.272 -3.67986 0.870645
166700 -16155.2 -20025.6 299.704 35.6864 0.87128
166800 -16228.7 -20098.6 299.673 -153.58 0.871743
166900 -16339.6 -20154.7 295.42 18.2566 0.873435
167000 -16332 -20164.7 296.787 146.713 0.875081
167100 -16278.7 -20106 296.367 53.5843 0.875342
167200 -16195 -20053.2 298.765 49.6307 0.874904
167300 -16172.5 -20073 302.046 50.1223 0.874167
167400 -16201.8 -20014.5 295.244 -125.551 0.873034
167500 -16192.3 -20049.4 298.68 -29.1735 0.872745
167600 -16192.4 -20034.3 297.496 -29.3352 0.873013
167700 -16179 -20017.5 297.24 -117.739 0.873683
167800 -16116.6 -20015.3 301.898 108.68 0.875178
167900 -16055.6 -20006.7 305.961 1.13446 0.876129
168000 -16152.5 -20031.5 300.367 -116.049 0.876973
168100 -16235 -20082.1 297.909 99.7733 0.878891
168200 -16264.6 -20083.4 295.715 324.745 0.879758
168300 -16243.3 -20104.8 299.014 -206.483 0.878133
168400 -16211.2 -20074.3 299.144 -80.9383 0.877795
168500 -16171.1 -20039.3 299.539 28.8439 0.878517
168600 -16145.4 -20034.6 301.164 51.7351 0.879029
168700 -16193.3 -20008.5 295.432 -112.992 0.879377
168800 -16216.4 -20034.1 295.624 277.171 0.879834
168900 -16182.5 -20040 298.713 64.6029 0.878344
169000 -16125.1 -20031.6 302.506 -232.73 0.876217
169100 -16141.6 -19996.6 298.519 -60.9472 0.875509
169200 -16229.1 -20051.8 296.01 34.4658 0.875941
169300 -16287.6 -20114.8 296.367 82.7998 0.876211
169400 -16286.7 -20089.4 294.473 -119.849 0.875501
169500 -16155.9 -20047.9 301.379 -74.4636 0.87571
169600 -16144.6 -20033.8 301.165 230.683 0.876614
169700 -16209.9 -20023.3 295.3 -192.956 0.876163
169800 -16212.4 -20041.2 296.487 -87.1756 0.876871
169900 -16135.7 -20014.7 300.38 118.676 0.878674
170000 -16079.8 -19987.8 302.625 81.6219 0.87966
170100 -16139.6 -20023.6 300.76 -1.97454 0.879756
170200 -16196.9 -20006.9 295.034 -18.105 0.880133
170300 -16171 -20032.8 299.041 158.702 0.880661
170400 -16169.6 -20048.8 300.387 219.67 0.879612
170500 -16235.1 -20037.1 294.407 -140.979 0.876364
170600 -16245.9 -20050.3 294.597 -395.36 0.874154
170700 -16131.7 -20013.9 300.624 -37.5724 0.875466
170800 -16109.1 -20045.4 304.814 -70.0676 0.877804
170900 -16193.1 -20068.1 300.06 130.66 0.880504
171000 -16260.4 -20113.4 298.361 -6.24147 0.882623
171100 -16281.8 -20088.5 294.783 143.106 0.884411
171200 -16227.8 -20124.1 301.713 256.79 0.884704
171300 -16228.2 -20101.3 299.916 154.895 0.882585
171400 -16345.9 -20150.4 294.605 -102.41 0.87909
171500 -16368.3 -20168.8 294.297 -53.5167 0.876237
171600 -16294.1 -20100.3 294.739 -300.571 0.874415
171700 -16207.3 -20038.3 296.655 -123.256 0.875142
171800 -16170.7 -20031.4 298.958 182.621 0.876987
171900 -16169.2 -20045.8 300.193 -4.10725 0.877527
172000 -16252.6 -20108.2 298.559 -255.389 0.878158
172100 -16327.9 -20150.1 295.982 138.672 0.880693
172200 -16317.9 -20155.1 297.142 176.659 0.882298
172300 -16274.6 -20089.8 295.432 62.9593 0.882292
172400 -16174.7 -20072.6 301.832 84.0275 0.881613
172500 -16164.2 -20071.8 302.586 -19.5648 0.880044
172600 -16224 -20082.2 298.763 76.5676 0.878521
172700 -16263.7 -20097.1 296.839 98.7436 0.876331
172800 -16271.2 -20101.4 296.591 -101.357 0.873115
172900 -16239 -20067.8 296.488 -223.755 0.870965
173000 -16140.4 -20044.3 302.301 -51.2198 0.870743
173100 -16136.9 -19993.1 298.607 -73.3622 0.871105
173200 -16191.9 -20055.8 299.207 -118.519 0.872526
173300 -16289.3 -20092 294.465 38.9591 0.874899
173400 -16302.5 -20074.8 292.119 -72.0739 0.877236
173500 -16250.3 -20121.1 299.736 223.987 0.880024
173600 -16262 -20107.7 297.797 163.439 0.880902
173700 -16270.6 -20076.9 294.744 8.34281 0.880097
173800 -16187.1 -20060.1 299.913 -3.97293 0.879163
173900 -16120.7 -20020.9 302.019 -55.9123 0.878222
174000 -16164.4 -20018.9 298.479 -12.6746 0.877664
174100 -16298.4 -20115.1 295.553 -171.024 0.877637
174200 -16304.8 -20126.7 295.954 -106.057 0.878919
174300 -16257.1 -20111.4 298.459 84.5742 0.881637
174400 -16208.9 -20096.1 301.01 215.406 0.883961
174500 -16219.7 -20090.2 299.719 158.078 0.884291
174600 -16314.4 -20101.9 293.29 40.661 0.883102
174700 -16307.8 -20102.8 293.871 -94.2183 0.881398
174800 -16219.9 -20080.7 298.965 60.2632 0.879809
174900 -16195.5 -20058.3 299.122 -146.747 0.877628
175000 -16203.3 -20045.8 297.548 -62.6361 0.876308
175100 -16177.1 -20002.3 296.206 -24.8002 0.875241
175200 -16055.9 -19966.7 302.835 -243.482 0.874596
175300 -16052.4 -19935 300.654 -79.3327 0.876221
175400 -16100 -19942.9 297.583 8.5163 0.879314
175500 -16126.9 -19977.4 298.17 48.6772 0.882815
175600 -16195.4 -20054.5 298.836 247.754 0.885784
175700 -16308.4 -20091 292.915 280.555 0.886501
175800 -16275.3 -20061.8 293.217 170.468 0.884455
175900 -16174.4 -19972.6 294.114 -116.099 0.880628
176000 -16096.7 -19936.4 297.335 -199.28 0.877905
176100 -16045.2 -19909.5 299.24 -17.9192 0.876923
176200 -16036.9 -19922.9 300.911 179.36 0.876025
176300 -16131.4 -19979.2 297.955 -182.098 0.873983
176400 -16207 -20040.7 296.868 -204.013 0.87327
176500 -16217.5 -20061.7 297.679 12.0429 0.874498
176600 -16223.2 -20079.2 298.588 -19.231 0.87581
176700 -16244.3 -20051.1 294.782 -47.9147 0.877442
176800 -16222.7 -20029.2 294.763 -51.069 0.87964
176900 -16142.2 -20040.6 301.87 379.943 0.8819
177000 -16169.2 -20042.6 299.944 -19.5245 0.881278
177100 -16236.6 -20067.5 296.649 -172.411 0.880441
177200 -16275.3 -20114.5 297.297 71.466 0.881204
177300 -16321.1 -20143.6 296.006 303.973 0.881036
177400 -16404.4 -20161.3 290.919 -139.04 0.8785
177500 -16368.4 -20176.6 294.896 -105.807 0.87656
177600 -16268.4 -20117.2 298.035 -78.339 0.875913
177700 -16207.7 -20009.8 294.413 -37.4458 0.875952
177800 -16129.7 -19981.7 298.285 22.7123 0.87627
177900 -16107.3 -20003 301.664 125.583 0.876372
178000 -16155.9 -19986.8 296.655 43.1719 0.875542
178100 -16179.1 -20033.8 298.491 54.8396 0.873954
178200 -16196.4 -20025.3 296.499 29.4793 0.871405
178300 -16221.7 -20034.6 295.258 -178.476 0.868603
178400 -16211.2 -20049.5 297.218 -371.428 0.866876
178500 -16160.4 -20009.8 298.081 -70.4928 0.868221
178600 -16103.8 -19984.9 300.531 265.188 0.870644
178700 -16109.2 -19999.9 301.283 -26.702 0.871316
178800 -16199.5 -20007.1 294.843 -328.58 0.872289
178900 -16229.7 -20059.8 296.59 -55.0018 0.876383
179000 -16207.2 -20064 298.654 177.77 0.881737
179100 -16182.8 -20061.6 300.36 123.736 0.885685
179200 -16177 -20058.6 300.574 412.78 0.887944
179300 -16234.8 -20082.4 297.95 234.222 0.886897
179400 -16293 -20096 294.49 53.7358 0.883248
179500 -16260.7 -20101.3 297.406 -166.834 0.879222
179600 -16181.5 -20061.9 300.485 -8.53023 0.876835
179700 -16130 -20025.6 301.66 -109.628 0.874928
179800 -16186.5 -20036.7 298.143 -7.62173 0.873788
179900 -16290.3 -20101.3 295.111 -85.2823 0.873058
180000 -16295.5 -20114 295.689 -187.957 0.873153
180100 -16230.3 -20082.6 298.313 -22.3811 0.875116
180200 -16156.2 -20054 301.835 137.728 0.877444
180300 -16177.2 -20057.7 300.487 65.3505 0.878339
180400 -16221.5 -20110.6 301.162 102.582 0.878497
180500 -16271.7 -20130 298.771 238.063 0.877487
180600 -16318.2 -20138.8 295.856 26.8665 0.874497
180700 -16304.9 -20108.3 294.519 -76.8146 0.871256
180800 -16200.6 -20083.8 300.693 -119.924 0.868876
180900 -16163.2 -20043.5 300.472 -245.965 0.867925
181000 -16175.2 -20027.4 298.304 62.1648 0.868689
181100 -16206 -20079.8 299.973 -14.9608 0.869275
181200 -16321.1 -20112.6 293.599 -280.786 0.87027
181300 -16362.9 -20172.1 294.964 12.5169 0.873476
181400 -16326.6 -20173 297.856 185.637 0.876828
181500 -16293.6 -20165.1 299.795 210.933 0.878157
181600 -16285.7 -20131.9 297.832 -55.8571 0.87764
181700 -16294.5 -20108 295.302 127.569 0.877162
181800 -16244.6 -20106.2 299.028 128.403 0.875784
181900 -16185.6 -20061.3 300.118 9.28787 0.87333
182000 -16159.2 -20011.6 298.309 -246.408 0.871098
182100 -16100.3 -19971.8 299.793 -5.40073 0.8708
182200 -16041 -19954.9 303.076 -26.9827 0.87094
182300 -16100.1 -19950.6 298.165 120.317 0.871129
182400 -16194.3 -20022.3 296.43 -82.3236 0.8706
182500 -16214.3 -20066.3 298.29 47.6425 0.870391
182600 -16226.4 -20071 297.708 9.90166 0.869991
182700 -16215.6 -20000 293.05 101.441 0.869279
182800 -16131.9 -19977.1 297.757 -76.5235 0.867997
182900 -16100.4 -19949.6 298.067 -94.453 0.867172
183000 -16108.7 -19973.3 299.259 -215.546 0.867733
183100 -16159.3 -20009.8 298.171 -110.184 0.870114
183200 -16246.5 -20076.3 296.56 157.046 0.872903
183300 -16321.7 -20143.1 295.91 50.1723 0.874472
183400 -16328 -20169 297.432 74.3503 0.87508
183500 -16322.9 -20154 296.666 427.215 0.874343
183600 -16305.4 -20122.2 295.557 -76.5564 0.870952
183700 -16243.8 -20091.4 297.943 103.301 0.867865
183800 -16194.3 -20066.2 299.827 -122.839 0.865044
183900 -16181.5 -20043.6 299.068 -154.867 0.863611
184000 -16177.2 -20014.1 297.112 -29.0673 0.86344
184100 -16159.5 -20004.5 297.742 -242.923 0.864259
184200 -16119.5 -19967.7 297.994 159.451 0.866564
184300 -16067.8 -19937.1 299.623 140.668 0.867462
184400 -16048.1 -19954.1 302.468 106.434 0.866791
184500 -16142.7 -20009.2 299.409 36.1751 0.865147
184600 -16226.7 -20038 295.132 -203.885 0.863686
184700 -16199.7 -20015.6 295.491 -157.32 0.863981
184800 -16126.2 -19998.4 299.842 -41.6607 0.865687
184900 -16112.7 -19975.5 299.118 47.4897 0.867836
185000 -16145 -20038 301.459 -57.8236 0.869644
185100 -16250.2 -20079.3 296.51 233.117 0.871358
185200 -16272.4 -20052.5 292.715 104.449 0.871103
185300 -16188.3 -20008.6 295.832 -136.859 0.870084
185400 -16096.7 -19953.7 298.674 178.094 0.869701
185500 -16058.1 -19950 301.378 -71.759 0.867963
185600 -16115.4 -19973.3 298.741 -183.141 0.867172
185700 -16188.1 -20017.2 296.513 -95.3113 0.86813
185800 -16204.1 -20071.5 299.475 -79.6663 0.869953
185900 -16221.5 -20036.6 295.429 -99.8193 0.872588
186000 -16198.8 -20046.5 297.953 231.62 0.875793
186100 -16180.7 -20032.5 298.266 237.918 0.876909
186200 -16180.2 -20025.3 297.756 181.751 0.875605
186300 -16175.2 -20017.6 297.543 6.83528 0.872812
186400 -16155.9 -19981.7 296.257 -186.192 0.870357
186500 -16046.9 -19935.4 301.115 114.148 0.86927
186600 -15936.4 -19823.3 300.994 33.1412 0.86746
186700 -15976.2 -19877.2 302.082 -183.608 0.865772
186800 -16072.5 -19918.9 297.852 -0.846475 0.86549
186900 -16140.5 -20001.7 299 -219.211 0.865786
187000 -16176.8 -19961.3 293.057 -166.068 0.867816
187100 -16120.3 -19997.5 300.236 205.668 0.870828
187200 -16042.4 -19920.7 300.323 116.354 0.871906
187300 -15951.5 -19947.3 309.42 -87.3786 0.871946
187400 -16030.6 -19909.6 300.373 -29.7771 0.872668
187500 -16085.2 -19960 300.048 117.778 0.873266
187600 -16153.2 -20005.2 298.287 189.337 0.872638
187700 -16213.6 -20036.5 296.029 -66.5475 0.870629
187800 -16208.2 -20017 294.941 -289.843 0.869801
187900 -16095.8 -19989 301.471 173.078 0.871178
188000 -16052.4 -19900.1 297.951 117.496 0.871284
188100 -16048.6 -19914.4 299.349 -109.978 0.870402
188200 -16073.7 -19940.6 299.44 -210.65 0.870408
188300 -16167.2 -20006.5 297.298 132.936 0.871919
188400 -16230.9 -20050.9 295.807 142.95 0.872616
188500 -16221 -20042 295.886 152.058 0.871678
188600 -16176.5 -20014.8 297.223 -45.211 0.869651
188700 -16135.7 -19976 297.375 5.21987 0.867794
188800 -16108.9 -19959.4 298.169 -126.939 0.866191
188900 -16105.6 -19958.6 298.361 -104.563 0.865725
189000 -16099.7 -19943.8 297.673 -200.456 0.866328
189100 -16089 -19953 299.216 -79.696 0.868853
189200 -16131.4 -19982.1 298.183 -48.1887 0.87223
189300 -16226.5 -20043.9 295.602 -135.251 0.876251
189400 -16266.7 -20088.7 295.961 167.967 0.880931
189500 -16255.5 -20100.2 297.724 288.003 0.883619
189600 -16182.4 -20084.4 302.157 151.423 0.883615
189700 -16145.4 -20017.1 299.806 212.173 0.882071
189800 -16159.1 -20027.9 299.584 21.5611 0.878771
189900 -16233.2 -20037.7 294.609 -94.4866 0.875418
190000 -16248.7 -20038.2 293.444 43.8499 0.872984
190100 -16137.8 -19952 295.352 -196.972 0.87076
190200 -16065.7 -19910.6 297.738 11.5587 0.870165
190300 -16056 -19952.1 301.694 -4.14086 0.870006
190400 -16122.5 -19966.1 297.638 -220.952 0.870093
190500 -16194.1 -20064.6 299.722 36.1589 0.871703
190600 -16262.3 -20056.4 293.802 55.3676 0.873143
190700 -16247.7 -20084.1 297.074 29.8469 0.874074
190800 -16218.9 -20039.1 295.822 -36.664 0.8748
190900 -16164.6 -20049.8 300.854 208.714 0.87542
191000 -16174.8 -20033.8 298.826 29.462 0.874454
191100 -16282.2 -20046.7 291.503 -384.97 0.873466
191200 -16312.9 -20097.9 293.101 -288.815 0.875939
191300 -16196.2 -20100.3 302.321 287.254 0.880608
191400 -16190.4 -20058.5 299.53 331.308 0.882871
191500 -16238.4 -20115.5 300.229 138.164 0.882126
191600 -16304.9 -20099.4 293.836 136.079 0.879772
191700 -16269.9 -20102.4 296.775 28.5134 0.876399
191800 -16195.5 -20064.9 299.627 109.284 0.872596
191900 -16162.1 -19970.3 294.893 -128.109 0.868494
192000 -16136.8 -19995.2 298.776 -297.344 0.866346
192100 -16129.2 -19953 296.097 -237.04 0.86699
192200 -16081 -19938.8 298.735 -90.518 0.869704
192300 -16004 -19886.9 300.677 -328.131 0.87361
192400 -15984.4 -19931.5 305.644 177.995 0.879106
192500 -16099.6 -20014.9 303.186 342.354 0.882244
192600 -16185.8 -20056.5 299.73 241.059 0.881484
192700 -16244.2 -20039.1 293.864 -256.338 0.879388
192800 -16206.3 -20056.7 298.162 -24.0908 0.879143
192900 -16158.7 -20031 299.86 -40.5201 0.879387
193000 -16155.8 -19997.6 297.493 -73.418 0.880306
193100 -16125.6 -19988.9 299.155 243.419 0.881269
193200 -16087.4 -19968.6 300.542 120.566 0.880194
193300 -16089.1 -19943.3 298.461 -131.398 0.878117
193400 -16135.5 -20000 299.252 -74.5331 0.877127
193500 -16222.5 -20020.1 294.073 -111.082 0.87707
193600 -16219.6 -20066.2 297.866 118.329 0.877919
193700 -16175.9 -20033.9 298.746 100.071 0.877767
193800 -16074.8 -19954 300.396 -42.7993 0.876839
193900 -15998.6 -19858.7 298.911 29.8442 0.876086
194000 -15994.3 -19887.6 301.486 32.9038 0.875091
194100 -16074.8 -19913.3 297.242 -40.2484 0.873698
194200 -16163.5 -19974 295.073 -110.602 0.872673
194300 -16164.4 -19985.2 295.868 -25.0159 0.87263
194400 -16133.1 -19955.1 295.958 -50.3537 0.872893
194500 -16068.8 -19917.7 298.043 17.2101 0.873502
194600 -16042.1 -19944.4 302.18 75.9852 0.87416
194700 -16083.9 -19945.3 299.01 160.802 0.874096
194800 -16101.2 -19943.3 297.516 -135.444 0.872808
194900 -16084.5 -19900.1 295.471 -244.372 0.872494
195000 -16010.8 -19916 302.399 80.571 0.874368
195100 -16010.5 -19902.1 301.349 168.062 0.875904
195200 -16146.4 -19991 297.707 164.984 0.875807
195300 -16212.8 -20046.2 296.843 157.796 0.873909
195400 -16211.6 -20007.7 293.957 -206.246 0.870438
195500 -16118.9 -19958.4 297.323 -246.75 0.868391
195600 -16071.4 -19952.1 300.505 -47.0742 0.868739
195700 -16091.2 -19948.9 298.725 -200.108 0.870219
195800 -16135.5 -19974.3 297.26 8.3976 0.873255
195900 -16240.7 -20056.5 295.478 138.127 0.8766
196000 -16328.7 -20118.7 293.48 -69.2469 0.879183
196100 -16321.6 -20189.4 299.505 240.917 0.881998
196200 -16333.4 -20166 296.784 141.546 0.883104
196300 -16311.1 -20144 296.804 146.476 0.882662
196400 -16185 -20069 300.764 61.2021 0.880766
196500 -16138.7 -19988 298.073 -68.1317 0.878055
196600 -16118.6 -19975.7 298.679 -65.6847 0.875839
196700 -16093.6 -19978.5 300.825 -169.313 0.874239
196800 -16127.7 -20002.2 300.028 49.9637 0.873947
196900 -16221 -20024.5 294.524 -62.5718 0.873786
197000 -16230.7 -20075.9 297.76 -16.0565 0.873789
197100 -16209 -20064.5 298.557 35.3327 0.874142
197200 -16155 -20048.1 301.467 -47.0672 0.874303
197300 -16106.5 -19961.2 298.492 167.198 0.874487
197400 -16075.5 -19970 301.573 -39.9495 0.873589
197500 -16126.1 -19963 297.114 -234.86 0.872698
197600 -16207.6 -20009.2 294.378 -99.7012 0.87382
197700 -16210.3 -20040.7 296.609 -59.0107 0.877018
197800 -16115 -20024.5 302.736 246.855 0.881183
197900 -16040.2 -19965.7 303.978 183.407 0.8834
198000 -16120.1 -20007.1 300.996 175.724 0.883756
198100 -16219.6 -20060.7 297.446 147.144 0.882452
198200 -16220 -20043.3 296.064 -117.441 0.879634
198300 -16181.5 -20062.6 300.532 -177.622 0.877527
198400 -16182.7 -20042 298.848 35.8851 0.876961
198500 -16223.5 -20047.7 296.132 33.609 0.876133
198600 -16261.1 -20065.7 294.617 -136.564 0.875067
198700 -16250.3 -20087 297.103 42.4152 0.874864
198800 -16183.8 -20058.6 300.052 -1.40468 0.874599
198900 -16129.8 -20018.9 301.155 -28.0855 0.87446
199000 -16120.8 -19998.4 300.269 289.184 0.873986
199100 -16201.8 -20033.5 296.712 -277.436 0.871668
199200 -16259.5 -20067.3 294.863 -293.532 0.871289
199300 -16227.7 -20068.1 297.387 43.4629 0.87359
199400 -16131.4 -19990.1 298.803 188.016 0.875726
199500 -16074.1 -19960.4 300.941 72.5913 0.876338
199600 -16087.4 -19947.6 298.921 191.246 0.875938
199700 -16119.4 -19994.4 300.067 112.392 0.873954
199800 -16178.2 -19991.2 295.265 -90.5364 0.870705
199900 -16182.3 -20055.3 299.91 -177.223 0.868195
200000 -16231.2 -20069.7 297.238 -398.035 0.867851
200100 -16309.3 -20095.6 293.198 -108.517 0.870969
200200 -16264.3 -20090.8 296.306 159.424 0.875234
200300 -16175.4 -20026.5 298.216 176.181 0.877724
200400 -16146.4 -20028.4 300.604 45.5242 0.87871
200500 -16174.7 -20032.5 298.736 169.173 0.878911
200600 -16211 -20068.6 298.715 -207.045 0.878027
200700 -16251.4 -20061.1 295.007 226.85 0.87803
200800 -16198.8 -20050.9 298.294 86.321 0.876694
200900 -16094.7 -19986.4 301.363 -38.6019 0.87427
201000 -16097.9 -19988.6 301.283 -105.319 0.872502
201100 -16184.6 -20004.2 295.775 -109.77 0.871876
201200 -16200.6 -20007.3 294.774 -323.619 0.8724
201300 -16141.5 -20020.5 300.374 112.889 0.875511
201400 -16134.3 -19994.9 298.953 171.112 0.877915
201500 -16214.7 -20029.5 295.402 -8.54427 0.878582
201600 -16327.4 -20140.8 295.295 137.49 0.878952
201700 -16334.6 -20153.5 295.72 137.943 0.878161
201800 -16257.6 -20068.6 295.109 -220.748 0.876456
201900 -16182.7 -20055.3 299.881 37.899 0.876428
202000 -16195 -20078.6 300.732 303.843 0.876127
202100 -16261 -20082.8 295.948 34.4294 0.873181
202200 -16295 -20117.5 296.005 -170.933 0.870118
202300 -16246.7 -20091.9 297.757 -96.664 0.868888
202400 -16131.3 -20015.9 300.809 -193.757 0.86881
202500 -16111.2 -19979.5 299.551 -47.3152 0.87016
202600 -16151.1 -19974.4 296.056 -83.8076 0.872215
202700 -16198.5 -20031.2 296.784 56.1755 0.874647
202800 -16256.6 -20045.3 293.38 -147.342 0.876496
202900 -16251.9 -20054.6 294.468 15.4933 0.87909
203000 -16148.5 -20025 300.179 237.356 0.881053
203100 -16130.2 -20009.3 300.38 -40.3175 0.880921
203200 -16178.6 -20043 299.246 47.246 0.880832
203300 -16259.7 -20092.1 296.763 206.982 0.880213
203400 -16296.6 -20108.9 295.214 -93.6455 0.878069
203500 -16284.1 -20116.8 296.789 21.2181 0.876664
203600 -16254.4 -20079 296.162 -42.7245 0.875562
203700 -16205.1 -20090.6 300.878 -198.871 0.875036
203800 -16198.2 -20033.7 297.009 -226.379 0.876433
203900 -16167.9 -20042.8 300.053 142.491 0.879486
204000 -16150 -20069 303.474 235.698 0.881358
204100 -16242 -20086.9 297.733 150.042 0.881033
204200 -16299 -20135.5 297.084 -4.15515 0.879153
204300 -16310 -20118 294.876 66.3695 0.877047
204400 -16225.1 -20049 296.108 53.6085 0.874715
204500 -16141.2 -20012.1 299.747 178.014 0.871589
204600 -16137.6 -19980.1 297.551 -332.079 0.868036
204700 -16135.2 -20000.8 299.333 -11.3226 0.866856
204800 -16158.5 -19984.1 296.235 -68.0075 0.86626
204900 -16169.8 -20000.1 296.606 92.2283 0.866194
205000 -16164.4 -20005.7 297.455 18.7891 0.865379
205100 -16114.2 -19954.4 297.374 -187.599 0.864685
205200 -16028.5 -19887.5 298.826 -14.0587 0.865281
205300 -15978.1 -19885 302.539 -83.5151 0.866293
205400 -16033.3 -19914.8 300.562 -136.285 0.868298
205500 -16103.1 -19948.5 297.773 30.3054 0.871536
205600 -16135.6 -20037.8 302.172 247.834 0.874459
205700 -16222.9 -20079.1 298.609 159.902 0.874875
205800 -16279.6 -20081.8 294.431 45.1949 0.873685
205900 -16251.5 -20103 298.242 -79.2998 0.872296
206000 -16182.8 -20055.6 299.899 -90.0104 0.87152
206100 -16065 -19981 303.24 65.3975 0.871427
206200 -16028.5 -19937.3 302.678 -17.3396 0.870826
206300 -16087.4 -19990.8 302.262 69.2984 0.87025
206400 -16146.5 -19986 297.314 159.977 0.86881
206500 -16157.2 -20003.1 297.808 -198.041 0.866417
206600 -16158.4 -19997.2 297.264 -392.484 0.866055
206700 -16145.8 -20000.3 298.478 -27.4532 0.868934
206800 -16111.4 -19986 300.034 191.969 0.872295
206900 -16110.5 -19994.4 300.753 249.211 0.873907
207000 -16190.4 -20011.3 295.876 37.6599 0.873342
207100 -16223.4 -20023.8 294.289 -82.1739 0.872168
207200 -16157.1 -19982.4 296.216 -119.631 0.871908
207300 -16092.3 -19960.4 299.527 200.104 0.872296
207400 -16095.6 -19956.5 298.969 -52.3814 0.871428
207500 -16128.2 -19990.7 299.097 -17.6543 0.870533
207600 -16191.6 -19993.1 294.372 -267.144 0.87031
207700 -16205 -20032.3 296.373 -10.0809 0.872129
207800 -16169.4 -20027.9 298.783 39.3895 0.874511
207900 -16116.2 -19988.3 299.839 135.86 0.876739
208000 -16095.7 -19983.2 301.033 -39.193 0.877825
208100 -16139 -19971.3 296.754 -86.4446 0.87911
208200 -16214.7 -20038.6 296.107 70.6414 0.881281
208300 -16280.4 -20083.1 294.469 132.693 0.882878
208400 -16267.1 -20067.4 294.277 85.3504 0.883371
208500 -16147.6 -20048.7 302.083 113.652 0.882996
208600 -16150.3 -20008.7 298.779 196.258 0.881235
208700 -16181.7 -19991.3 295.003 -75.578 0.877787
208800 -16132.2 -20022.1 301.218 -13.7344 0.874473
208900 -16070.4 -19976.9 302.501 -181.683 0.871313
209000 -16076.9 -19942 299.297 -449.776 0.869851
209100 -16153.6 -19982.3 296.48 133.005 0.872081
209200 -16212.7 -20030.2 295.612 149.398 0.873897
209300 -16212.1 -20033.8 295.935 -183.143 0.874534
209400 -16117.6 -20040.5 303.78 183.996 0.876191
209500 -16099.6 -19989.1 301.186 171.419 0.876534
209600 -16182.7 -20011.9 296.521 -298.35 0.875731
209700 -16222.8 -20084.8 299.057 -2.00665 0.87704
209800 -16237 -20075.5 297.241 -26.2729 0.878945
209900 -16227.3 -20089.3 299.062 138.365 0.881149
210000 -16255.2 -20135.6 300.482 178.174 0.882259
210100 -16357.7 -20176.8 295.737 134.009 0.881527
210200 -16364.9 -20148.2 292.962 29.7615 0.879446
210300 -16302.2 -20140.9 297.257 0.437548 0.876606
210400 -16259.4 -20092.2 296.797 -180.817 0.873817
210500 -16227.2 -20076.8 298.097 8.59658 0.872004
210600 -16200.9 -20045.5 297.708 -235.548 0.870698
210700 -16094 -19991.7 301.823 5.55714 0.871291
210800 -16058.9 -19983.2 303.887 180.419 0.871981
210900 -16145.3 -20019.2 299.982 -61.715 0.871259
211000 -16206.8 -20044 297.137 -164.412 0.870838
211100 -16234.6 -20076.1 297.47 -11.8615 0.8721
211200 -16251.2 -20094.2 297.586 125.273 0.87374
211300 -16287.6 -20127.8 297.371 186.623 0.874267
211400 -16347.9 -20139.5 293.604 11.5271 0.873011
211500 -16301.8 -20085.9 293.026 -141.166 0.871361
211600 -16199 -20044.1 297.748 4.00284 0.870882
211700 -16165 -20054.9 301.223 -95.9244 0.870359
211800 -16217.6 -20094 300.175 2.77167 0.870432
211900 -16292.1 -20088.2 293.957 -64.9499 0.870921
212000 -16254.4 -20048.7 293.817 -79.7863 0.872056
212100 -16190.3 -20059.5 299.621 -5.1859 0.874164
212200 -16191 -20023.7 296.791 84.7566 0.876389
212300 -16171.9 -20022.8 298.205 182.081 0.878112
212400 -16091.2 -20006.4 303.176 229.468 0.87824
212500 -16040.1 -19943.4 302.262 116.148 0.875909
212600 -16109.7 -19955.5 297.805 -136.472 0.872439
212700 -16194.1 -20009.8 295.474 -284.636 0.870176
212800 -16202.8 -20054.6 298.271 99.9598 0.870226
212900 -16208.2 -20031.9 296.089 -42.5324 0.870159
213000 -16162.9 -19998 296.975 116.409 0.869938
213100 -16074.7 -19969.6 301.604 26.0758 0.868989
213200 -16077.4 -19957.6 300.464 81.1788 0.867326
213300 -16155.9 -20011.2 298.535 -140.756 0.86518
213400 -16239.6 -20057.2 295.622 -139.966 0.864127
213500 -16230 -20029.2 294.197 -359.854 0.864714
213600 -16191.6 -20072.7 300.535 202.709 0.867853
213700 -16205.5 -20033.7 296.443 -161.264 0.870571
213800 -16183.2 -20031.7 298.016 212.735 0.874025
213900 -16093.7 -19992.7 301.924 355.803 0.875626
214000 -16060.5 -19926 299.33 311.014 0.873704
214100 -16081 -19936.4 298.545 -230.571 0.869337
214200 -16159.8 -19976.2 295.527 -297.261 0.867065
214300 -16204.3 -20013.3 294.956 -172.416 0.867496
214400 -16176.6 -20037.6 298.982 -77.7582 0.869895
214500 -16111.7 -20029.7 303.397 221.071 0.872702
214600 -16121.1 -20010.1 301.155 -0.141046 0.87334
214700 -16229.7 -20085.7 298.596 -172.95 0.873867
214800 -16272.2 -20044.7 292.128 -47.8117 0.875906
214900 -16212.8 -20098 300.854 91.0465 0.878266
215000 -16220.7 -20104.8 300.771 188.959 0.879581
215100 -16291.6 -20104.1 295.228 140.041 0.879145
215200 -16327.2 -20163 297.029 87.388 0.87741
215300 -16373.5 -20198.9 296.226 -50.4604 0.874934
215400 -16418.8 -20176.8 291.002 -131.971 0.873275
215500 -16330.1 -20139.8 295.004 75.8571 0.872771
215600 -16231.3 -20071.5 297.374 -218.652 0.872352
215700 -16179.4 -20057.9 300.338 146.877 0.873194
215800 -16173.1 -20021.9 298.036 -69.5926 0.873102
215900 -16163.6 -20031 299.478 -171.056 0.873607
216000 -16209.5 -20075.2 299.346 98.8013 0.875199
216100 -16305.7 -20132.1 296.304 -6.89232 0.876013
216200 -16335.1 -20156.3 295.898 56.7939 0.876671
216300 -16298.6 -20151.2 298.33 139.49 0.876493
216400 -16199.1 -20063.1 299.217 -51.5193 0.875345
216500 -16124.2 -20028.5 302.329 225.656 0.874511
216600 -16143.7 -19956.5 295.247 -18.1364 0.87215
216700 -16103.9 -19951.3 297.93 -191.991 0.870116
216800 -16045.5 -19979 304.595 116.934 0.86975
216900 -16137.6 -19983.9 297.841 16.6999 0.868861
217000 -16222.5 -20045.7 296.054 19.9327 0.867523
217100 -16218.9 -20051.2 296.756 -155.766 0.866291
217200 -16168.2 -19998.4 296.597 50.1043 0.866247
217300 -16064.5 -19938.8 300.013 -120.054 0.866249
217400 -16050.1 -19919.1 299.604 -81.8375 0.867344
217500 -16076.7 -19954.5 300.282 142.987 0.868847
217600 -16144.5 -19992.7 297.986 124.428 0.869225
217700 -16184.5 -19981.8 294.045 -116.224 0.86877
217800 -16158.2 -20005.8 297.94 -0.677901 0.868811
217900 -16146.4 -19982.2 297.029 -41.2303 0.869196
218000 -16118.1 -20005.3 301.004 -113.974 0.870057
218100 -16140.3 -19998 298.721 236.542 0.871557
218200 -16232.7 -20050.8 295.659 113.508 0.871396
218300 -16277.2 -20101.6 296.147 -266.926 0.87041
218400 -16252.1 -20096.2 297.679 -26.6426 0.871397
218500 -16159.4 -20072.9 303.043 172.576 0.87279
218600 -16128.6 -20037.1 302.656 -3.00608 0.872792
218700 -16229.2 -20026.1 294.012 -98.7802 0.872708
218800 -16271 -20111.2 297.374 -41.675 0.873601
218900 -16268.1 -20093.5 296.222 149.945 0.874762
219000 -16223 -20051.3 296.446 33.1353 0.874763
219100 -16181.8 -20051.7 299.673 -7.44932 0.874221
219200 -16205.1 -20087.5 300.641 -168.458 0.874155
219300 -16251.9 -20097.2 297.77 135.641 0.875309
219400 -16286.4 -20097.5 295.12 67.4475 0.875503
219500 -16276.8 -20110.8 296.892 -49.9986 0.875086
219600 -16176.7 -20035 298.773 -152.412 0.875201
219700 -16120.2 -20006.2 300.917 111.843 0.876395
219800 -16155.7 -19994.9 297.295 173.668 0.876938
219900 -16203.9 -19998.7 293.858 9.92329 0.876134
220000 -16149.8 -19995.6 297.805 20.1673 0.875006
220100 -16042.8 -19917.1 300.013 57.7994 0.873285
220200 -16017.8 -19920.7 302.222 -76.9185 0.870941
220300 -16089.6 -19957 299.476 3.32197 0.868827
220400 -16151 -19984.8 296.876 -95.4091 0.866948
220500 -16150.6 -20004.7 298.442 10.6285 0.865624
220600 -16144.7 -19969.4 296.176 -118.227 0.864301
220700 -16071.7 -19933 299.005 58.5955 0.863743
220800 -15993.5 -19911.6 303.405 -14.327 0.862972
220900 -16041.1 -19934 301.449 -71.6639 0.862218
221000 -16100.2 -19944 297.652 46.3042 0.861649
221100 -16109.9 -19937 296.355 -134.695 0.861097
221200 -16098.9 -19976.3 300.253 -18.132 0.861712
221300 -16130.5 -19926.4 293.939 -331.142 0.86308
221400 -16124.9 -19975.1 298.146 114.024 0.866977
221500 -16099.3 -19977 300.274 176.605 0.870471
221600 -16143.1 -20024.4 300.548 170.51 0.872148
221700 -16239.6 -20062.2 296.009 50.5334 0.872112
221800 -16261.6 -20075.4 295.329 -66.6274 0.871708
221900 -16210.5 -20045.5 296.965 88.8519 0.871522
222000 -16141.5 -19974.7 296.83 68.1016 0.870629
222100 -16117.5 -19976.8 298.853 -81.5639 0.86937
222200 -16122.9 -19970.7 297.957 -202.86 0.868831
222300 -16142.4 -20008.2 299.354 -24.8495 0.870148
222400 -16221.5 -20057.6 297.049 -50.8573 0.872071
222500 -16296.4 -20086.4 293.478 105.245 0.874062
222600 -16268.3 -20111.7 297.619 -10.0541 0.87564
222700 -16237.7 -20078 297.378 317.615 0.87673
222800 -16222.6 -20054.8 296.751 -121.126 0.875591
222900 -16199.8 -20047.4 297.947 116.86 0.874668
223000 -16169.8 -20036.8 299.448 -180.751 0.873218
223100 -16153.5 -20038 300.797 -16.1674 0.872931
223200 -16216.1 -20058.2 297.516 -53.1771 0.87318
223300 -16300.3 -20138 297.183 -131.611 0.874117
223400 -16346.1 -20148.7 294.458 3.61301 0.876489
223500 -16295.7 -20134.2 297.238 365.482 0.878922
223600 -16201.1 -20096.7 301.662 62.361 0.878705
223700 -16197.4 -20073.8 300.172 -14.8995 0.877155
223800 -16233.3 -20088.4 298.525 6.05299 0.875439
223900 -16257.1 -20067.3 295.046 -82.0666 0.873423
224000 -16196.7 -20062.9 299.385 -108.21 0.871686
224100 -16092.5 -19985.6 301.463 -246.315 0.871209
224200 -16048.2 -19943 301.602 44.2645 0.872649
224300 -16132.2 -19961.7 296.54 10.9823 0.874151
224400 -16239.1 -20058.3 295.748 140.027 0.875745
224500 -16257.9 -20117.6 298.881 -19.1448 0.876657
224600 -16287.9 -20102.2 295.364 173.135 0.877031
224700 -16248.1 -20064.6 295.53 -104.608 0.87647
224800 -16141.4 -20029.7 301.101 183.03 0.876305
224900 -16131.6 -19990 298.78 -4.05133 0.874596
225000 -16163.5 -20015.1 298.251 -108.874 0.872641
225100 -16221.3 -20026.9 294.687 -111.081 0.871998
225200 -16304.4 -20085.5 292.793 145.911 0.872048
225300 -16326.1 -20096.6 291.975 73.5428 0.870809
225400 -16208.8 -20012.9 294.574 -133.885 0.868909
225500 -16151.9 -20041.2 301.171 -114.18 0.868406
225600 -16178.8 -19994.3 295.453 -174.864 0.869255
225700 -16169.4 -20033.7 299.242 70.4759 0.871292
225800 -16158.9 -20037.7 300.36 55.7679 0.872978
225900 -16236.1 -20065.7 296.545 142.585 0.874055
226000 -16297.9 -20096.5 294.147 14.8023 0.874023
226100 -16257.6 -20084.7 296.355 43.0421 0.873737
226200 -16137.8 -19988 298.142 -3.42841 0.872939
226300 -16097.7 -19983.6 300.906 -118.299 0.872233
226400 -16126.7 -19961 296.915 -172.17 0.872578
226500 -16153.7 -19982.9 296.52 97.2511 0.874454
226600 -16164.6 -20029.4 299.273 284.581 0.875889
226700 -16224.5 -20045.3 295.867 128.441 0.874392
226800 -16266.2 -20074.7 294.917 -87.7525 0.871437
226900 -16230.6 -20073.4 297.574 4.73126 0.869084
227000 -16146.5 -20042.1 301.664 -88.2872 0.866775
227100 -16118.5 -19993.7 300.079 -27.57 0.86495
227200 -16153.3 -19981.6 296.45 25.9998 0.863183
227300 -16217.2 -20026.9 295.007 -311.354 0.861498
227400 -16209.4 -20035.8 296.303 -109.569 0.862269
227500 -16145.3 -20022.8 300.259 -53.098 0.864657
227600 -16103.8 -20000.6 301.753 130.87 0.867638
227700 -16158.2 -20025.4 299.465 166.941 0.869902
227800 -16264 -20097 296.81 41.1458 0.870634
227900 -16270.8 -20034.6 291.458 -119.269 0.870919
228000 -16179.3 -20026.8 297.931 124.896 0.872087
228100 -16152.2 -20019.4 299.456 127.552 0.872582
228200 -16165.2 -20017 298.268 -39.042 0.872016
228300 -16195.7 -20007.1 295.138 102.717 0.871123
228400 -16201.6 -19978.7 292.49 -165.24 0.869361
228500 -16089 -19923.2 296.912 -317.855 0.869134
228600 -16028.8 -19923.5 301.588 187.631 0.87156
228700 -16069.7 -19947 300.239 231.376 0.872825
228800 -16148.4 -19955.9 294.839 26.9366 0.872323
228900 -16142.3 -19982 297.332 -176.437 0.871406
229000 -16124.2 -19996.8 299.877 41.5922 0.871443
229100 -16164.2 -19975.6 295.137 -134.374 0.871632
229200 -16271.1 -20041.9 291.998 -19.9726 0.873172
229300 -16281.3 -20130.2 298.045 211.296 0.875082
229400 -16247.1 -20047.1 294.256 9.9951 0.875429
229500 -16128.2 -20004.7 300.181 -11.735 0.875368
229600 -16128.3 -20024.3 301.689 92.6565 0.87514
229700 -16196.5 -20036.3 297.341 -59.2653 0.874339
229800 -16230.5 -20036.8 294.749 -26.5436 0.873793
229900 -16167.3 -20016.4 298.057 -194.494 0.873693
230000 -16078.5 -19992.3 303.068 62.375 0.875301
230100 -16107.3 -19962 298.495 162.188 0.876809
230200 -16136.2 -20003.1 299.438 -27.654 0.876855
230300 -16195.1 -20062.4 299.472 8.75213 0.876883
230400 -16281.1 -20099.6 295.688 49.864 0.87677
230500 -16279.1 -20080 294.326 -0.55611 0.876237
230600 -16230.5 -20063.4 296.805 74.7473 0.875588
230700 -16172.4 -20044.2 299.821 19.3254 0.874313
230800 -16142.7 -19990.5 297.957 -39.9292 0.872684
230900 -16068.2 -19937.3 299.607 -29.9884 0.871323
231000 -15981.5 -19891.1 302.746 145.284 0.869793
231100 -16001.2 -19853.6 298.31 8.72783 0.867079
231200 -16070.5 -19887.7 295.588 -355.962 0.86439
231300 -16178.1 -19951.3 292.18 -506.187 0.864986
231400 -16206.9 -20045.7 297.255 41.7103 0.870143
231500 -16206.5 -20074.2 299.493 -25.5879 0.875724
231600 -16254.6 -20089 296.919 157.128 0.880624
231700 -16301.1 -20080.2 292.642 272.06 0.883528
231800 -16241.3 -20066.5 296.203 205.407 0.88378
231900 -16171.1 -20070.9 301.984 161.932 0.881896
232000 -16201.1 -20037.6 297.081 -146.626 0.879086
232100 -16189 -19988.5 294.214 -125.73 0.877734
232200 -16089.7 -19922.6 296.805 90.147 0.877622
232300 -16062.6 -19950.5 301.068 155.73 0.876823
232400 -16104.4 -19937.7 296.837 -48.1973 0.874919
232500 -16132.6 -19961 296.457 -39.5059 0.87333
232600 -16125.8 -19987.4 299.03 -52.7565 0.872279
232700 -16117.9 -19991.1 299.924 -36.2909 0.871823
232800 -16160.8 -19979 295.666 -69.243 0.871693
232900 -16184.6 -20013.2 296.471 -156.228 0.872608
233000 -16153.4 -19992.5 297.288 255.172 0.874564
233100 -16067.2 -19957.5 301.252 -9.55867 0.874506
233200 -16051.8 -19950.2 301.875 -40.3026 0.874079
233300 -16140.5 -19968.9 296.454 -123.096 0.874431
233400 -16203.5 -20041 297.16 -49.1716 0.87592
233500 -16198.7 -20016.9 295.669 57.5448 0.877802
233600 -16153.9 -20018.1 299.228 48.7512 0.879121
233700 -16131.8 -20010.7 300.369 288.033 0.879584
233800 -16186 -19998.5 295.221 -93.9355 0.87788
233900 -16253.8 -20056.2 294.439 -225.277 0.876936
234000 -16255.6 -20072.1 295.537 48.1827 0.87807
234100 -16160.6 -20051.6 301.3 250.12 0.878491
234200 -16132.7 -20029.8 301.777 -117.589 0.876977
234300 -16183.7 -19974 293.505 62.3096 0.875957
234400 -16143.1 -19997.7 298.49 -157.212 0.874946
234500 -16016.3 -19904.2 301.068 4.48342 0.875006
234600 -16005.4 -19903.2 301.831 205.35 0.875063
234700 -16076 -19904.2 296.441 -140.54 0.873617
234800 -16105 -19963.1 298.756 5.44359 0.87287
234900 -16129.7 -20009.8 300.455 80.7143 0.872199
235000 -16172.3 -20030.4 298.758 -69.5945 0.870589
235100 -16190.9 -20019.1 296.442 68.6095 0.868903
235200 -16162.5 -19985.3 296.023 -282.675 0.866584
235300 -16095.4 -19939.2 297.653 -255.373 0.866351
235400 -16034.8 -19899.3 299.248 -43.3203 0.869075
235500 -16031.9 -19927.7 301.676 141.443 0.873338
235600 -16056.3 -19922.4 299.382 211.679 0.877168
235700 -16086.5 -19926.3 297.339 -36.4984 0.879281
235800 -16111.3 -19941.4 296.59 77.169 0.881781
235900 -16131.2 -19977.5 297.846 116.172 0.884175
236000 -16171.4 -19984.9 295.3 195.967 0.88527
236100 -16183.3 -20030.5 297.911 203.905 0.884402
236200 -16181.8 -20028.2 297.854 -116.429 0.881897
236300 -16184.4 -20035.4 298.208 215.751 0.879658
236400 -16179.4 -19969.3 293.472 29.002 0.875687
236500 -16085.6 -19963.6 300.299 -234.599 0.871412
236600 -16046.4 -19908.8 299.088 -82.1668 0.869255
236700 -16049.7 -19921.9 299.852 -273.386 0.868522
236800 -16140.6 -19965.1 296.154 -168.898 0.870045
236900 -16200 -20013.5 295.302 -39.8371 0.873164
237000 -16164.6 -19989.4 296.179 120.219 0.876746
237100 -16097 -19971 299.985 266.439 0.878864
237200 -16076.4 -19961.1 300.811 216.694 0.878225
237300 -16197 -20008.2 295.121 -56.3933 0.876063
237400 -16269.8 -20083.9 295.35 -140.851 0.874231
237500 -16230.9 -20031.5 294.305 -134.844 0.873941
237600 -16135 -19970.8 297.035 96.0498 0.874755
237700 -16080.3 -19938 298.721 -64.4559 0.87499
237800 -16082.7 -19981.9 301.938 159.262 0.875299
237900 -16165.5 -20001.8 297.067 -32.1112 0.874499
238000 -16207.7 -20042.6 296.966 9.72863 0.873881
238100 -16199.4 -20051.1 298.26 -57.0096 0.87339
238200 -16193.4 -20039.6 297.83 54.3635 0.873009
238300 -16181.6 -20020.9 297.301 -101.819 0.872574
238400 -16102.9 -20006.7 302.29 -15.3388 0.872911
238500 -16078.7 -19960.7 300.614 -234.673 0.873842
238600 -16143.1 -19977.4 296.913 1.26647 0.87658
238700 -16223.6 -20043.8 295.818 253.977 0.879447
238800 -16250.8 -20076.8 296.267 308.683 0.879804
238900 -16244.3 -20098.9 298.488 -29.4899 0.87742
239000 -16223.7 -20077.1 298.395 -119.993 0.875295
239100 -16208.4 -20041.9 296.854 230.8 0.873797
239200 -16149 -19994.2 297.762 -143.697 0.870887
239300 -16067 -19927 298.905 -188.105 0.869039
239400 -16018.3 -19886.3 299.517 -76.5758 0.869
239500 -16041.9 -19942.2 302.03 113.106 0.869643
239600 -16128.1 -19959.9 296.721 -178.223 0.869726
239700 -16149.5 -20021.3 299.815 -89.8253 0.87107
239800 -16197.9 -20053 298.525 137.678 0.873289
239900 -16258.3 -20074.6 295.52 -20.2142 0.874738
240000 -16258.1 -20099.1 297.434 110.617 0.875861
240100 -16189.9 -20053.3 299.166 -2.01572 0.876083
240200 -16092.1 -19979.4 301.02 -56.1219 0.876369
240300 -16093.4 -20023.5 304.334 -101.885 0.877446
240400 -16192.2 -20087.6 301.644 300.478 0.878887
240500 -16252.6 -20094 297.466 255.363 0.877784
240600 -16256.7 -20046.2 293.444 -86.4387 0.874275
240700 -16162.8 -20000.9 297.206 29.5684 0.870885
240800 -16122.9 -20026.8 302.301 -99.3337 0.867692
240900 -16163.4 -19991.9 296.465 -228.098 0.86557
241000 -16200.9 -20073.6 299.889 -203.916 0.865432
241100 -16317 -20110.7 293.771 -77.3704 0.867535
241200 -16342.4 -20150.9 294.921 56.9168 0.870389
241300 -16286.2 -20080.5 293.813 55.8551 0.872423
241400 -16214.6 -20050.5 297.033 27.1664 0.874043
241500 -16174.2 -20046.7 299.87 -100.649 0.875685
241600 -16174.5 -20036.9 299.091 189.286 0.877557
241700 -16234.9 -20053.4 295.693 72.5523 0.878062
241800 -16337.5 -20115.9 292.587 62.4401 0.877856
241900 -16315.1 -20158.7 297.629 -70.2984 0.877069
242000 -16266.8 -20079.9 295.271 -261.668 0.877074
242100 -16194.8 -20038.2 297.613 29.3325 0.879283
242200 -16173.9 -20042.8 299.597 224.558 0.881425
242300 -16191.9 -20036.3 297.693 109.112 0.881692
242400 -16194.1 -20008.9 295.399 80.447 0.880632
242500 -16131.6 -20016.2 300.806 -118.26 0.878983
242600 -16055.3 -19956.2 302.066 87.3905 0.877826
242700 -16054.9 -19922.2 299.463 162.92 0.875888
242800 -16169.8 -19969.7 294.25 28.5593 0.872775
242900 -16190.9 -19975.6 293.074 -347.372 0.869389
243000 -16117.9 -19947.1 296.52 -364.312 0.869074
243100 -16085.1 -19949 299.202 135.315 0.871926
243200 -16105.8 -19998.1 301.405 231.886 0.873999
243300 -16199.4 -20049.3 298.115 114.101 0.873941
243400 -16248.5 -20067.7 295.744 -121.781 0.872595
243500 -16217.1 -20021.1 294.561 -296.576 0.872503
243600 -16128.2 -19938.5 295.049 40.9901 0.874899
243700 -16080.2 -19988.8 302.668 278.256 0.877161
243800 -16136.7 -19977.4 297.409 99.9255 0.877212
243900 -16175.2 -20032.1 298.662 25.2337 0.875786
244000 -16229.1 -20072.6 297.624 -96.89 0.874018
244100 -16329.8 -20105.9 292.405 -15.4071 0.873126
244200 -16328.1 -20096.7 291.822 -34.7325 0.872609
244300 -16181.9 -20041.5 298.868 -0.925777 0.872152
244400 -16134.6 -19992.3 298.725 78.5671 0.871532
244500 -16111.5 -19960.9 298.082 0.156171 0.870149
244600 -16083.1 -19956.4 299.935 -161.867 0.869066
244700 -16094.4 -20006.7 302.952 38.3444 0.869051
244800 -16200.5 -20056.2 298.569 -239.946 0.869229
244900 -16242.5 -20064.6 295.965 -245.698 0.871563
245000 -16232.1 -20088.9 298.66 195.973 0.876359
245100 -16226.7 -20062.4 297.017 479.727 0.880357
245200 -16236.1 -20101.4 299.313 394.207 0.880214
245300 -16272.5 -20118.3 297.809 -63.5366 0.875853
245400 -16321.9 -20134.6 295.237 -395.335 0.871753
245500 -16316.6 -20121.9 294.674 -175.107 0.871324
245600 -16208.4 -20051.1 297.557 3.79518 0.872699
245700 -16148.4 -19983.3 296.961 225.773 0.874024
245800 -16119.7 -20013.7 301.538 222.812 0.873566
245900 -16168.8 -20010.2 297.465 -157.532 0.871077
246000 -16236.8 -20002.1 291.572 -132.852 0.869603
246100 -16152.4 -20057.4 302.384 -76.5105 0.869551
246200 -16058.9 -19941.1 300.621 38.0017 0.870097
246300 -16075 -19959.9 300.833 52.4823 0.870406
246400 -16122.1 -19982.9 298.963 -116.087 0.87047
246500 -16165.6 -20014.6 298.054 -19.9583 0.871518
246600 -16188.7 -20037 297.994 83.767 0.872802
246700 -16205.2 -20073.5 299.544 4.47617 0.873849
246800 -16219.5 -20051 296.698 21.5965 0.87461
246900 -16196.2 -20026.4 296.602 73.8258 0.87521
247000 -16138.8 -19987.3 298.009 15.8012 0.875434
247100 -16027.3 -19942.2 303.153 -6.43308 0.875304
247200 -15997.1 -19910.5 303.039 -34.2132 0.875049
247300 -16050.4 -19911.9 299.015 -76.6286 0.875243
247400 -16103.5 -19952.8 298.078 201.969 0.875996
247500 -16160.8 -19997.2 297.069 -27.2313 0.875394
247600 -16213.8 -20042.6 296.488 -105.69 0.874646
247700 -16322.3 -20098.2 292.389 -246.931 0.875059
247800 -16347.8 -20183.3 297.01 93.67 0.877856
247900 -16301.9 -20120.5 295.698 242.235 0.88023
248000 -16194.8 -20061.8 299.447 133.126 0.880476
248100 -16167.9 -20045.5 300.266 -102.406 0.879522
248200 -16183.8 -20004 295.822 -72.9204 0.879146
248300 -16144.9 -19990.7 297.809 -105.549 0.879961
248400 -16062.5 -20001.2 305 358.736 0.881177
248500 -16082.1 -19992 302.764 -51.1281 0.879782
248600 -16215 -20060 297.738 -117.771 0.878283
248700 -16245.1 -20038.6 293.759 -74.7762 0.877792
248800 -16179.7 -20040.5 298.961 192.156 0.877834
248900 -16126.3 -19986.8 298.943 146.844 0.876048
249000 -16106.9 -19978.6 299.809 -87.8325 0.872735
249100 -16121 -19950.9 296.577 -345.031 0.87043
249200 -16146.6 -19980.1 296.857 -115.254 0.871125
249300 -16164.8 -20015.5 298.18 75.9055 0.873187
249400 -16183.5 -19992.8 294.978 25.2325 0.874846
249500 -16133 -20002.9 299.675 79.7326 0.876238
249600 -16077.9 -19972.8 301.605 162.847 0.87679
249700 -16106.5 -19957.7 298.228 128.367 0.875587
249800 -16210.6 -20030.9 295.829 -100.208 0.873264
249900 -16250.7 -20041.3 293.527 4.28095 0.871357
250000 -16187.6 -20011.8 296.129 42.5822 0.869417
250100 -16125.9 -19976.6 298.185 -62.7597 0.867117
250200 -16106.7 -19926.7 295.806 -220.437 0.865498
250300 -16065.9 -19950 300.772 43.9444 0.86546
250400 -16095.1 -19965.7 299.726 -94.1074 0.86544
250500 -16203.1 -20015.3 295.201 -85.4643 0.866235
250600 -16214.8 -20017.8 294.494 -18.4189 0.868148
250700 -16155.8 -19978 295.978 -47.6603 0.870486
250800 -16102.7 -19991.3 301.119 77.3215 0.873274
250900 -16141.9 -20002.5 298.943 106.731 0.875948
251000 -16196.3 -20031.6 296.988 169.619 0.878038
251100 -16203.3 -20023.6 295.827 89.1384 0.878646
251200 -16185.7 -20035.8 298.144 86.6855 0.878184
251300 -16181.8 -20035.1 298.379 78.6748 0.876703
251400 -16193.5 -20015.5 295.959 -78.8813 0.874273
251500 -16161.1 -19991.3 296.595 -159.39 0.872402
251600 -16055.9 -19955.1 301.943 -0.109837 0.871504
251700 -16052 -19922.1 299.688 -169.996 0.870772
251800 -16102.4 -19953.7 298.229 -106.859 0.87153
251900 -16173.6 -20006 296.761 6.31926 0.873465
252000 -16302.6 -20082.4 292.698 -122.442 0.875936
252100 -16328.6 -20139.2 295.081 68.6393 0.879843
252200 -16271.2 -20097.9 296.329 199.699 0.8836
252300 -16208.3 -20066 298.722 117.49 0.885436
252400 -16186.7 -20059.6 299.905 355.022 0.885753
252500 -16222.5 -20103.2 300.507 89.7283 0.88332
252600 -16260.7 -20109.9 298.066 -291.682 0.879738
252700 -16267.9 -20115.7 297.966 -164.841 0.878657
252800 -16273 -20118 297.747 228.039 0.879084
252900 -16264.1 -20073.9 295.013 -21.3299 0.878005
253000 -16173.3 -20055.9 300.653 -130.669 0.876877
253100 -16135.1 -20029.9 301.599 136.924 0.876553
253200 -16198.3 -20031 296.795 90.9743 0.875257
253300 -16234.3 -20056.7 295.987 -133.254 0.873169
253400 -16201 -20046 297.745 -83.337 0.872066
253500 -16068.7 -19950 300.551 -19.8229 0.871896
253600 -16024.3 -19934 302.749 53.5591 0.871961
253700 -16091.9 -19952.4 298.943 22.1972 0.871375
253800 -16162.2 -20020.1 298.74 -62.0563 0.870754
253900 -16196.1 -20038.4 297.532 157.6 0.870333
254000 -16201.4 -20016.2 295.405 -196.749 0.868999
254100 -16155 -20020.6 299.335 -53.7459 0.86887
254200 -16145.3 -19994.9 298.103 -115.936 0.869587
254300 -16141.9 -19975.6 296.866 -132.971 0.871726
254400 -16123.5 -19985.5 299.058 199.376 0.87513
254500 -16124.2 -19969.6 297.768 -18.3007 0.877145
254600 -16174.5 -20028.7 298.455 -20.2657 0.879324
254700 -16259.1 -20069.8 295.088 456.316 0.881118
254800 -16283.3 -20096.2 295.255 -37.5327 0.879385
254900 -16206.1 -20051.5 297.778 90.9162 0.877223
255000 -16117.3 -20002.4 300.842 -78.9392 0.874636
255100 -16129.5 -20004.2 300.044 -164.243 0.872667
255200 -16179.9 -20022.5 297.559 104.006 0.871854
255300 -16203.8 -20029.3 296.237 57.6889 0.870168
255400 -16155 -19991.4 297.074 -345.362 0.868195
255500 -16043.3 -19935.7 301.407 -123.987 0.869245
255600 -16023.7 -19895.4 299.807 30.0444 0.871894
255700 -16075.8 -19961.2 300.865 155.868 0.874082
255800 -16189 -20056.8 299.514 62.5982 0.875195
255900 -16232.9 -20066.9 296.893 -73.1887 0.875764
256000 -16236.1 -20089 298.356 -53.2231 0.876854
256100 -16243.9 -20072.2 296.453 25.1889 0.878833
256200 -16223.3 -20082.5 298.841 225.702 0.880887
256300 -16175.6 -20027.7 298.291 425.742 0.880796
256400 -16117 -19991.2 300.005 55.6503 0.876497
256500 -16072.8 -19925.3 298.323 -167.914 0.870384
256600 -15991.4 -19893.3 302.146 -228.374 0.865418
256700 -15962.5 -19912.5 305.87 -198.626 0.862582
256800 -16095.2 -19985.5 301.251 -109.966 0.861394
256900 -16175.9 -19999 296.041 -146.638 0.86134
257000 -16184.9 -19997.3 295.218 -250.904 0.863186
257100 -16120 -19990.2 299.691 -15.7654 0.867374
257200 -16071.9 -19952 300.457 250.702 0.871612
257300 -16105.9 -19964.1 298.762 -155.32 0.874069
257400 -16217.5 -20002.9 293.127 -162.159 0.877697
257500 -16229.9 -20066.9 297.122 379.888 0.882272
257600 -16198.5 -20038.5 297.353 250.992 0.883445
257700 -16129.3 -20027.3 301.846 224.055 0.882044
257800 -16025.9 -19956.9 304.399 204.864 0.878624
257900 -16060.5 -19992.2 304.459 -105.257 0.874044
258000 -16154.4 -19997.5 297.596 -241.588 0.871321
258100 -16166 -20000.9 296.966 -41.9105 0.871223
258200 -16163.3 -20022.5 298.849 192.549 0.871454
258300 -16184.8 -20019.6 296.952 76.6861 0.870254
258400 -16191.2 -20005.7 295.382 -83.2889 0.868274
258500 -16121.2 -19975.2 298.438 -222.233 0.867644
258600 -16048.7 -19955.1 302.494 99.8902 0.868872
258700 -16084.2 -19946 299.043 -2.58488 0.869237
258800 -16155.1 -19959.4 294.587 -104.658 0.869618
258900 -16164.3 -20034.2 299.669 -76.6393 0.871023
259000 -16201.5 -20055.2 298.418 3.06275 0.873113
259100 -16358.6 -20115.7 290.938 -30.133 0.875229
259200 -16353.7 -20171.1 295.604 93.6503 0.877239
259300 -16280 -20131.2 298.218 181.898 0.878449
259400 -16211.9 -20069.7 298.733 100.665 0.87803
259500 -16165.4 -20017.3 298.278 -132.185 0.876584
259600 -16131.4 -19998.6 299.456 -5.07546 0.87617
259700 -16082.9 -19968.4 300.877 142.226 0.875891
259800 -16054 -19993.1 305.028 -116.153 0.874629
259900 -16157.8 -20024.7 299.44 48.2152 0.873756
260000 -16224 -20056.3 296.76 -86.6938 0.872762
260100 -16226.4 -20037.5 295.119 -118.142 0.872691
260200 -16149.8 -20019 299.612 -17.2468 0.873875
260300 -16095.4 -19989.8 301.565 55.8219 0.875288
260400 -16131.8 -20020.3 301.109 185.543 0.875775
260500 -16174.6 -20021 297.847 -5.02306 0.875006
260600 -16191.4 -20068.3 300.21 122.09 0.873687
260700 -16237.9 -20027.4 293.444 -242.129 0.871702
260800 -16206.6 -20052.6 297.82 -112.36 0.871789
260900 -16101 -19988 300.993 40.3209 0.872809
261000 -16066.7 -19931.9 299.302 -133.43 0.87398
261100 -16087.7 -19991.2 302.273 9.2381 0.876337
261200 -16142.1 -20031.7 301.193 96.2153 0.879133
261300 -16215.3 -20095.6 300.479 229.512 0.881196
261400 -16259.7 -20057.9 294.115 -61.4932 0.88142
261500 -16228.3 -20106.5 300.313 -98.1558 0.882302
261600 -16221.2 -20061.9 297.414 281.974 0.883919
261700 -16223.1 -20092.3 299.615 59.2665 0.883375
261800 -16254.8 -20077.6 296.02 20.3341 0.881691
261900 -16285.4 -20144 298.795 220.418 0.879078
262000 -16304.2 -20085.9 292.837 -457.442 0.874547
262100 -16218.7 -20059.1 297.383 -155.549 0.873214
262200 -16137.4 -20019.6 300.624 -101.236 0.874199
262300 -16153.9 -20009.8 298.586 144.026 0.875796
262400 -16184.9 -20014.6 296.553 109.062 0.876449
262500 -16174.4 -20008.7 296.919 193.884 0.875921
262600 -16110.8 -20018.7 302.616 6.86421 0.87355
262700 -16113.5 -19979.4 299.363 -24.7644 0.870566
262800 -16183.4 -20021.1 297.172 -327.335 0.868094
262900 -16225.3 -19990.9 291.596 -198.959 0.868323
263000 -16141.9 -20022.4 300.487 -340.122 0.871151
263100 -16109.4 -19979.3 299.663 217.504 0.876693
263200 -16127.5 -19987.6 298.911 308.645 0.88054
263300 -16164.6 -20028.3 299.185 48.5224 0.881395
263400 -16246 -20086.5 297.397 203.323 0.881309
263500 -16293.2 -20076.3 292.954 -136.458 0.879706
263600 -16252.8 -20082.9 296.588 -164.789 0.879018
263700 -16221.8 -20035.4 295.313 131.256 0.879691
263800 -16161.8 -19987.9 296.277 -26.9078 0.879842
263900 -16096.5 -19997.7 302.098 55.2054 0.879889
264000 -16122 -20010.2 301.089 31.6624 0.87936
264100 -16186.7 -20071.4 300.817 -142.17 0.87872
264200 -16212.8 -20033.3 295.845 -12.3756 0.879241
264300 -16197 -20066.3 299.629 -19.6343 0.880108
264400 -16218 -20077.3 298.85 241.014 0.880851
264500 -16297.4 -20095.5 294.116 121.214 0.879574
264600 -16320.5 -20104.8 293.048 -39.1606 0.876962
264700 -16226 -20073.4 297.933 19.4346 0.874491
264800 -16167.4 -19959.2 293.627 -60.8254 0.872085
264900 -16098.5 -19929.5 296.655 -188.064 0.870237
265000 -16043.3 -19937.8 301.581 -87.4178 0.869934
265100 -16076.3 -19940.2 299.21 -175.888 0.870856
265200 -16162.7 -20008.2 297.78 76.4377 0.873159
265300 -16202.4 -20045.5 297.593 -156.015 0.875317
265400 -16216.1 -20103.1 300.995 -62.7456 0.878727
265500 -16258.6 -20083.5 296.186 124.623 0.882632
265600 -16273.3 -20106.6 296.83 220.265 0.885368
265700 -16241.5 -20074.2 296.786 108.358 0.88617
265800 -16144.9 -20017.3 299.866 142.673 0.885797
265900 -16092.5 -19959.4 299.44 67.2297 0.884007
266000 -16078.3 -19938.7 298.932 -143.915 0.881517
266100 -16093.6 -19928.6 296.97 -80.8748 0.880471
266200 -16142.5 -20010 299.485 58.9682 0.880224
266300 -16219.1 -20013.8 293.849 -47.1871 0.879565
266400 -16211.4 -20049.1 297.181 125.751 0.879284
266500 -16128.3 -19961.9 296.862 -43.4975 0.878084
266600 -16023.7 -19902.1 300.334 -40.4783 0.877139
266700 -16034.4 -19919.5 300.85 -252.352 0.877281
266800 -16088.5 -19931.2 297.56 -76.3695 0.879212
266900 -16136.1 -19989.3 298.376 85.5419 0.881871
267000 -16226.9 -20051.7 296.178 203.233 0.883714
267100 -16306.2 -20078.1 292.082 123.863 0.883609
267200 -16277.5 -20082.3 294.623 80.8482 0.882387
267300 -16239.1 -20074.5 297.004 118.834 0.880177
267400 -16193.2 -20033.5 297.377 77.0636 0.876832
267500 -16119.4 -19969.9 298.17 -70.01 0.873145
267600 -16063 -19927.2 299.233 -17.7489 0.870263
267700 -16040.1 -19882.2 297.517 6.30538 0.868011
267800 -15948.3 -19868.2 303.542 -75.6402 0.866245
267900 -15874.6 -19781.8 302.56 -136.596 0.865317
268000 -15932 -19826.6 301.587 -74.1199 0.865819
268100 -16043.6 -19932.2 301.125 1.32223 0.866725
268200 -16103.8 -19945.7 297.508 -180.249 0.86763
268300 -16156.3 -20014 298.733 -23.8211 0.87028
268400 -16207.8 -20032.2 296.149 16.1569 0.872776
268500 -16225.4 -20055.8 296.614 46.7148 0.874699
268600 -16195.6 -20058 299.088 121.82 0.875895
268700 -16134.2 -19989.2 298.518 174.412 0.875761
268800 -16080.6 -19961.9 300.553 1.03009 0.874256
268900 -16070.4 -19953.8 300.712 73.8989 0.872331
269000 -16155.6 -20002.4 297.887 -29.6897 0.870479
269100 -16235.7 -20066.1 296.613 -33.0235 0.869137
269200 -16241.5 -20041.7 294.273 -151.782 0.868049
269300 -16157.7 -20003.9 297.834 -175.377 0.868616
269400 -16102.9 -20001.1 301.86 263.893 0.87032
269500 -16130 -19945 295.421 -179.989 0.870165
269600 -16119 -19998.2 300.392 -97.3309 0.871363
269700 -16145.2 -19979.1 296.882 139.047 0.873481
269800 -16222.5 -20011.4 293.399 49.213 0.874379
269900 -16253 -20079.2 296.282 4.13187 0.874694
270000 -16215.9 -20053.1 297.138 -161.191 0.874993
270100 -16114 -19992.6 300.346 -78.5738 0.876494
270200 -16080.9 -19939.4 298.788 81.5802 0.878734
270300 -16083.9 -19946.1 299.072 220.857 0.880154
270400 -16142.9 -19972.2 296.532 267.029 0.879309
270500 -16227.7 -20024 293.977 -185.947 0.876466
270600 -16220.5 -20054.3 296.88 -60.7343 0.87517
270700 -16141.4 -20025.8 300.797 15.2919 0.874523
270800 -16072.8 -19952.1 300.401 -158.28 0.873716
270900 -16072.2 -19931.9 298.88 -305.913 0.874927
271000 -16128.2 -19963.9 297.019 128.85 0.878357
271100 -16191.9 -20027.9 297.045 279.361 0.880344
271200 -16244.4 -20114.4 299.675 152.954 0.87968
271300 -16321.2 -20098.5 292.495 141.367 0.87753
271400 -16276.7 -20042.6 291.615 16.7811 0.874506
271500 -16192.7 -20030.1 297.153 9.2123 0.871781
271600 -16167.9 -20017.7 298.115 -194.747 0.869942
271700 -16153.7 -20026.1 299.869 -80.1062 0.869943
271800 -16162 -19982 295.808 29.2443 0.870611
271900 -16111.5 -19934.4 296.031 -144.024 0.871028
272000 -16032.7 -19947.4 303.14 183.551 0.872128
272100 -16080.6 -19935.4 298.502 65.2874 0.871881
272200 -16136.3 -19990.3 298.437 -236.08 0.871557
272300 -16165.4 -19989.4 296.114 68.6869 0.87277
272400 -16154.3 -19998.1 297.646 44.9897 0.873512
272500 -16142.1 -19974.8 296.784 -3.44113 0.873632
272600 -16135.3 -20006.8 299.792 -38.9242 0.873824
272700 -16162.8 -20010.7 297.964 -5.36314 0.874489
272800 -16241.5 -20028.2 293.231 21.06 0.875201
272900 -16286.1 -20095.1 294.957 69.393 0.875653
273000 -16228.1 -20082.6 298.478 158.57 0.875376
273100 -16130 -20019.1 301.154 62.8589 0.873632
273200 -16110.4 -19948.6 297.213 -165.335 0.871378
273300 -16114.8 -20014.7 301.996 -103.796 0.870603
273400 -16237.6 -20038.8 294.345 -144.313 0.871176
273500 -16273.7 -20107.1 296.845 101.024 0.872698
273600 -16245.1 -20085.4 297.375 -16.5518 0.873549
273700 -16198.3 -20035.8 297.162 -92.7006 0.87452
273800 -16116.5 -20010.1 301.511 210.702 0.875956
273900 -16068.3 -19973.4 302.399 73.5968 0.875898
274000 -16169.8 -20032.8 299.131 -51.4489 0.875295
274100 -16259.2 -20120.8 299.025 95.2007 0.87459
274200 -16284.7 -20090.7 294.724 -213.785 0.873483
274300 -16233.9 -20070.3 297.077 129.215 0.8738
274400 -16161.1 -20017.2 298.595 42.0524 0.873257
274500 -16128.7 -20020.8 301.388 -158.609 0.872454
274600 -16185.2 -20016.5 296.677 -5.38524 0.87283
274700 -16303.1 -20090.1 293.249 136.295 0.873462
274800 -16299.7 -20128 296.452 -21.4519 0.872969
274900 -16244 -20072.5 296.469 -43.0547 0.872348
275000 -16171 -20034.5 299.173 319.864 0.871761
275100 -16155 -20010 298.516 26.7526 0.868269
275200 -16146.9 -19986.1 297.292 -325.121 0.863876
275300 -16118 -19951.7 296.868 -206.743 0.861866
275400 -16055.4 -19954.1 301.903 -87.1123 0.862143
275500 -15991.4 -19934.6 305.345 -27.755 0.863514
275600 -16050.7 -19921.7 299.755 -6.48286 0.86531
275700 -16153.2 -20022.2 299.596 -32.009 0.867508
275800 -16223.7 -20101.4 300.274 133.612 0.870317
275900 -16296.3 -20127.4 296.66 -57.5308 0.872534
276000 -16300.3 -20103.8 294.525 80.1761 0.874934
276100 -16235 -20080.4 297.773 296.537 0.876757
276200 -16199.4 -20032.6 296.831 25.8371 0.876045
276300 -16177.7 -20034.3 298.644 -34.6177 0.8745
276400 -16187.6 -20044.2 298.639 97.5237 0.873092
276500 -16243.2 -20063.2 295.806 -100.865 0.870981
276600 -16325.1 -20103.6 292.591 46.5287 0.869408
276700 -16301.4 -20105.5 294.57 30.069 0.867359
276800 -16197.3 -20085 301.052 -356.206 0.865455
276900 -16178.5 -20032.3 298.423 -13.0767 0.866259
277000 -16194.3 -20054.5 298.919 -37.0865 0.867616
277100 -16251.9 -20078.2 296.296 32.735 0.869073
277200 -16354.7 -20096.9 289.784 -195.871 0.870906
277300 -16313.7 -20103.9 293.498 30.885 0.87426
277400 -16242.8 -20073.4 296.624 117.098 0.877496
277500 -16208.1 -20067.7 298.879 159.419 0.879482
277600 -16181.9 -20029.1 297.911 46.6423 0.880186
277700 -16140.6 -20040.9 302.02 74.0364 0.880042
277800 -16134.7 -20012.9 300.308 -87.1404 0.879347
277900 -16204.6 -19990.9 293.2 71.6995 0.879321
278000 -16202.3 -20020.6 295.672 47.0641 0.878886
278100 -16112.8 -19946.7 296.885 -2.33083 0.877795
278200 -16059.9 -19911.1 298.221 -20.9518 0.876565
278300 -16058.3 -19928.9 299.727 -75.1975 0.87576
278400 -16107.4 -19975.8 299.554 138.258 0.875218
278500 -16197.9 -20015.4 295.61 -294.426 0.874078
278600 -16230 -20057.5 296.39 -189.127 0.875497
278700 -16207.3 -20023.9 295.54 324.203 0.87844
278800 -16158 -20005.7 297.955 33.6373 0.879069
278900 -16116.3 -19996.7 300.478 -42.0309 0.879074
279000 -16129.8 -19984.3 298.481 -88.8839 0.879503
279100 -16222.5 -20014.2 293.614 72.7284 0.880338
279200 -16230 -20038.2 294.888 -22.7884 0.881024
279300 -16156.4 -20036.5 300.463 90.6712 0.881927
279400 -16134.8 -19974.5 297.333 96.3105 0.881989
279500 -16100.1 -19987.4 301.021 199.114 0.880903
279600 -16041.3 -19959.2 303.392 -35.3097 0.878048
279700 -16074.8 -19948.5 299.959 -106.212 0.874889
279800 -16158.9 -19992.2 296.831 -73.7187 0.872367
279900 -16202.5 -20018.7 295.51 -106.588 0.870377
280000 -16182.9 -20021.7 297.262 -66.0937 0.869398
280100 -16068.7 -19942.1 299.939 -168.116 0.869136
280200 -16022.4 -19930.7 302.649 -20.3716 0.870386
280300 -16102.2 -19981.4 300.397 44.1838 0.872261
280400 -16172.8 -20013.9 297.439 -80.1716 0.874301
280500 -16185 -20035.7 298.181 294.195 0.876799
280600 -16218.4 -20090 299.799 188.229 0.876773
280700 -16323.9 -20100.4 292.438 -302.594 0.875166
280800 -16306.7 -20121.1 295.372 -44.8446 0.875657
280900 -16267.3 -20116.3 298.051 80.3379 0.877008
281000 -16246.1 -20082.4 297.068 -41.1487 0.878205
281100 -16205.7 -20064.4 298.806 209.538 0.879452
281200 -16110.7 -20049.4 304.996 140.793 0.878984
281300 -16029.4 -19927.7 301.874 63.8365 0.876794
281400 -16034.6 -19914.2 300.422 39.3414 0.873456
281500 -16148.1 -19972.2 296.125 -314.203 0.87
281600 -16171.5 -20000.3 296.487 -219.188 0.869235
281700 -16168.3 -20046.9 300.346 82.798 0.870431
281800 -16226.1 -20026.1 294.256 -191.764 0.87156
281900 -16258.3 -20047.6 293.425 -239.45 0.874613
282000 -16178.1 -20080.7 302.207 420.688 0.879528
282100 -16171.3 -20067.4 301.692 341.691 0.880788
282200 -16242.4 -20070 296.391 -31.3563 0.878667
282300 -16277.3 -20086.9 295.007 -14.461 0.876662
282400 -16222.8 -20075.8 298.36 -179.327 0.875182
282500 -16101.2 -19994.4 301.476 29.453 0.874996
282600 -16085.9 -19920.9 296.969 45.0266 0.874654
282700 -16073.9 -19932.9 298.826 -31.4921 0.873987
282800 -16082 -19939.9 298.743 -95.4555 0.873698
282900 -16138 -19988.6 298.183 97.6933 0.874226
283000 -16229.4 -20069.8 297.384 89.7499 0.873916
283100 -16275.7 -20072.2 293.981 -75.3311 0.872976
283200 -16246.7 -20122.6 300.137 -126.037 0.872661
283300 -16236.6 -20065.7 296.512 77.8248 0.873279
283400 -16196.7 -20073.4 300.2 40.3594 0.873563
283500 -16145.9 -19992 297.828 -21.5755 0.873219
283600 -16093.1 -19974.9 300.588 -134.59 0.873219
283700 -16091.4 -19971.3 300.451 229.233 0.873912
283800 -16162.3 -19958.2 293.942 -90.1988 0.873214
283900 -16197.5 -20044.4 297.887 -1.10628 0.872728
284000 -16267.3 -20073.6 294.741 -18.9007 0.872512
284100 -16314.7 -20120.9 294.744 -26.0917 0.872456
284200 -16269.9 -20129.1 298.843 -132.682 0.872945
284300 -16188.7 -20101.5 302.987 242.251 0.874259
284400 -16137.5 -20005.8 299.545 199.554 0.873429
284500 -16073.3 -19922.8 298.092 -118.042 0.870819
284600 -15988.3 -19911.8 303.824 -187.298 0.868881
284700 -16032.9 -19901.5 299.565 115.436 0.868421
284800 -16109.4 -19980.6 299.77 2.30188 0.867472
284900 -16144.7 -19979.3 296.937 -126.871 0.866112
285000 -16126.3 -19952.3 296.271 -65.519 0.865559
285100 -16081 -19927.6 297.87 -33.1941 0.865754
285200 -16003.7 -19891.5 301.055 122.335 0.866244
285300 -15908 -19834 304.016 25.1939 0.865908
285400 -15955.2 -19856 302.063 97.5974 0.864888
285500 -16016 -19875.3 298.843 -155.114 0.863221
285600 -16051.8 -19905.9 298.448 -254.754 0.86279
285700 -16102.4 -19956.7 298.46 -21.2988 0.864679
285800 -16190.9 -19982 293.566 -264.444 0.867833
285900 -16196 -20047.9 298.276 125.998 0.873023
286000 -16127.2 -20029.5 302.182 327.925 0.877075
286100 -16039 -19937.7 301.9 21.1324 0.878239
286200 -16040 -19934.9 301.603 78.6744 0.878859
286300 -16136.2 -19978 297.499 227.828 0.878563
286400 -16174.6 -19986.9 295.207 -151.019 0.87656
286500 -16150.5 -20032.6 300.61 38.82 0.87536
286600 -16181.5 -20025.2 297.644 -162.764 0.874343
286700 -16299.5 -20090.7 293.58 -93.2807 0.87437
286800 -16298.7 -20054 290.797 -272.468 0.875798
286900 -16213 -20057.7 297.715 250.337 0.879206
287000 -16200.1 -20071.2 299.768 136.873 0.881168
287100 -16227.9 -20048.6 295.861 280.887 0.881144
287200 -16210.9 -20064.7 298.422 184.213 0.878486
287300 -16149.3 -20031.1 300.591 -19.3772 0.874365
287400 -16097.3 -19984.5 301.015 -152.897 0.870481
287500 -16096.5 -19933 297.08 -278.927 0.868288
287600 -16069.6 -19927.4 298.736 -117.646 0.868538
287700 -16037.7 -19952.5 303.153 -75.0499 0.870281
287800 -16118.8 -19979.6 298.967 125.812 0.872336
287900 -16205.4 -20070.4 299.296 -140.748 0.873806
288000 -16250.4 -20083.2 296.797 -134.189 0.87623
288100 -16257.2 -20104.4 297.915 44.8692 0.87985
288200 -16267.9 -20145.7 300.279 476.516 0.882327
288300 -16359.4 -20163.7 294.59 149.188 0.880579
288400 -16383.8 -20181.2 294.053 -188.267 0.877645
288500 -16295.7 -20120.5 296.184 -74.2707 0.876493
288600 -16230.6 -20087.3 298.648 96.1533 0.875975
288700 -16203.4 -20030.7 296.374 -84.9191 0.875059
288800 -16152.2 -20042.5 301.249 142.775 0.874585
288900 -16161.2 -19997.3 297.054 -224.704 0.873598
289000 -16227.5 -20070.5 297.584 148.295 0.873835
289100 -16316.2 -20118.4 294.424 31.2975 0.873208
289200 -16307.6 -20081.8 292.256 -403.225 0.872826
289300 -16207.1 -20074.4 299.468 -179.106 0.875661
289400 -16208.7 -20066.7 298.748 -59.7075 0.880443
289500 -16238.4 -20097.1 298.803 48.2239 0.885196
289600 -16304 -20141.6 297.168 297.072 0.888685
289700 -16375.6 -20167 293.59 138.173 0.889193
289800 -16331.7 -20170.2 297.239 174.945 0.88798
289900 -16205.7 -20088.8 300.687 -23.5112 0.885729
290000 -16192.2 -20063 299.736 421.224 0.883082
290100 -16238.8 -20108.5 299.656 126.448 0.877702
290200 -16301 -20084.9 293.008 -247.016 0.872075
290300 -16250.9 -20067 295.506 -371.407 0.869816
290400 -16181.9 -20042.3 298.929 95.2529 0.870702
290500 -16180 -20052.7 299.887 -88.8734 0.871255
290600 -16218.5 -20065.4 297.891 -163.11 0.872488
290700 -16283.5 -20120.8 297.143 97.0217 0.874929
290800 -16362.6 -20195.1 296.775 225.086 0.876393
290900 -16470.1 -20280.7 295.077 -281.105 0.876375
291000 -16509.3 -20266.2 290.925 12.4329 0.878201
291100 -16445.1 -20240.6 293.908 159.233 0.880133
291200 -16373.8 -20214.3 297.395 114.712 0.88067
291300 -16297 -20129.4 296.765 48.6402 0.879943
291400 -16238.3 -20119.7 300.557 124.079 0.878647
291500 -16242.6 -20079.6 297.126 98.7414 0.875967
291600 -16218.5 -20039.1 295.848 -256.698 0.872823
291700 -16102.4 -20022.6 303.565 -21.1469 0.87187
291800 -16109.2 -19987.3 300.307 -207.51 0.871738
291900 -16165.5 -19984.5 295.725 -28.3509 0.873134
292000 -16183 -20055.8 299.892 171.091 0.87478
292100 -16272.4 -20071.8 294.212 58.0639 0.875162
292200 -16317.3 -20136.6 295.751 0.816812 0.874815
292300 -16263.2 -20074.8 295.154 -7.19647 0.874299
292400 -16176.6 -20034.2 298.718 200.846 0.873616
292500 -16161 -20019.6 298.795 -141.98 0.871629
292600 -16161.9 -20009.4 297.934 -204.073 0.870557
292700 -16176.4 -20037.2 298.96 -66.886 0.871353
292800 -16252.7 -20048 293.895 -75.8652 0.873133
292900 -16275.4 -20093.3 295.649 -16.1916 0.875702
293000 -16211.4 -20064.8 298.395 30.0879 0.87863
293100 -16135.1 -20036.4 302.102 93.4477 0.881375
293200 -16165.9 -20050.5 300.806 89.6776 0.883435
293300 -16291.6 -20123.7 296.74 274.03 0.884415
293400 -16309.7 -20110.5 294.319 219.916 0.882659
293500 -16252.6 -20109.3 298.649 -128.029 0.879154
293600 -16193.6 -20040.8 297.917 -56.1304 0.876334
293700 -16116.7 -19986.6 299.677 -339.858 0.874565
293800 -16075.1 -19957 300.594 160.522 0.875431
293900 -16153.4 -20010.8 298.697 -29.2391 0.87549
294000 -16267.3 -20046.9 292.683 -248.42 0.875623
294100 -16228.4 -20071.6 297.601 -160.326 0.878037
294200 -16169.7 -20025.2 298.552 174.471 0.882031
294300 -16118.7 -20028.6 302.765 225.113 0.884533
294400 -16175.7 -20047.4 299.808 17.2189 0.88486
294500 -16266 -20091.2 296.212 175.706 0.884795
294600 -16282.7 -20156.7 299.99 -49.9134 0.883611
294700 -16318.8 -20125.2 294.757 54.2695 0.882171
294800 -16277.4 -20105.9 296.466 91.0605 0.880271
294900 -16160.2 -20042.1 300.605 -100.743 0.877766
295000 -16146.5 -20034.5 301.073 -238.611 0.875987
295100 -16201.3 -20008.1 294.783 -96.0209 0.876399
295200 -16197.8 -20047.8 298.132 117.412 0.878024
295300 -16119.7 -20030.9 302.866 153.556 0.87862
295400 -16060.9 -19981.9 303.631 203.081 0.877447
295500 -16138.2 -20004.3 299.374 -9.65288 0.874271
295600 -16209.8 -20008.5 294.161 -272.381 0.871203
295700 -16178.6 -20003.7 296.199 -333.295 0.870692
295800 -16126 -20003.9 300.288 -166.709 0.873416
295900 -16140.4 -20017.9 300.258 118.115 0.877819
296000 -16207 -20047.3 297.374 -96.1615 0.881915
296100 -16306.1 -20150 297.657 381.758 0.88578
296200 -16420.2 -20183.8 291.437 112.304 0.886622
296300 -16336.5 -20142.3 294.709 -14.6138 0.88602
296400 -16233.7 -20082.7 298.049 57.5156 0.885283
296500 -16175.3 -20056 300.507 5.31453 0.884184
296600 -16183.5 -20079.9 301.721 0.425082 0.883269
296700 -16288.7 -20151.1 299.094 297.309 0.882206
296800 -16335.3 -20113 292.526 -111 0.8791
296900 -16271.9 -20127.7 298.583 -27.6314 0.876452
297000 -16226 -20075.7 298.107 -49.0861 0.874493
297100 -16220.7 -20088.2 299.49 -179.505 0.873669
297200 -16281.4 -20104.4 296.031 24.2453 0.874168
297300 -16387 -20146.1 291.087 -94.1834 0.874673
297400 -16344.4 -20120.1 292.381 -40.9273 0.876067
297500 -16257.4 -20066.4 294.953 141.314 0.877407
297600 -16183 -20019 297.048 -31.0542 0.877573
297700 -16136 -20033.5 301.802 127.774 0.877755
297800 -16191.3 -20028.6 297.141 39.3627 0.876949
297900 -16222 -20030.3 294.898 -123.947 0.875817
298000 -16145.9 -20015.3 299.626 275.187 0.875409
298100 -16026.8 -19961.3 304.671 70.1284 0.873174
298200 -16060.3 -19938.4 300.309 -77.4472 0.870342
298300 -16109.7 -19947.1 297.15 -106.812 0.868498
298400 -16108.1 -19930 295.947 -85.736 0.867814
298500 -16033.4 -19921.6 301.086 -35.429 0.867954
298600 -15934.6 -19857.5 303.776 -7.99635 0.868457
298700 -15956.6 -19865.8 302.709 -29.3117 0.869187
298800 -16099.9 -19948.5 298.021 -78.2181 0.869939
298900 -16131.9 -19961.8 296.576 -91.5741 0.871347
299000 -16126.8 -19984.9 298.755 -81.7639 0.873792
299100 -16129.4 -19980.1 298.186 157.666 0.876381
299200 -16140 -19999.9 298.902 284.271 0.877175
299300 -16202.7 -20039.7 297.125 -100.249 0.875773
299400 -16277.3 -20063.9 293.218 -23.5698 0.874952
299500 -16246.6 -20035.1 293.363 -110.873 0.874802
299600 -16147.9 -19999.3 298.235 336.392 0.875054
299700 -16137.7 -19987 298.074 -211.984 0.873156
299800 -16142.6 -19996.1 298.403 -109.375 0.872835
299900 -16164.7 -20018.7 298.445 24.4488 0.873834
300000 -16222.2 -20005.7 292.976 -52.5554 0.874482
300100 -16193.8 -20017.6 296.106 -126.101 0.875417
300200 -16096.6 -19968.4 299.821 -85.359 0.877285
300300 -16085.3 -19987.8 302.192 68.1403 0.879699
300400 -16145 -20002.4 298.698 193.449 0.880904
300500 -16187.9 -20052.7 299.278 -72.6146 0.880638
300600 -16211 -20059.5 298.01 41.7122 0.880683
300700 -16242.3 -20097.7 298.55 102.858 0.880464
300800 -16317.2 -20116.3 294.185 8.5039 0.879457
300900 -16390.1 -20143.4 290.642 -190.362 0.878663
301000 -16307.5 -20138.4 296.654 -158.223 0.879541
301100 -16225.6 -20094.8 299.613 419.09 0.881178
301200 -16224.5 -20060.4 297.042 100.373 0.879559
301300 -16200.7 -20038.6 297.191 -83.1067 0.87696
301400 -16108.3 -19975.1 299.432 63.31 0.874985
301500 -16053 -19961.2 302.631 -3.1598 0.872499
301600 -16102.5 -19964.1 299.025 -121.642 0.870324
301700 -16136.1 -19978.4 297.536 -182.604 0.869675
301800 -16141 -19988.9 297.964 -22.6935 0.8704
301900 -16125.6 -19948.4 296.025 16.1211 0.871372
302000 -16033.4 -19919.7 300.94 -279.26 0.872687
302100 -15961.8 -19896.4 304.68 -33.1713 0.876272
302200 -16026.6 -19960.7 304.637 247.278 0.880306
302300 -16113.7 -20026.8 303.017 68.9492 0.882037
302400 -16202.6 -20016.2 295.312 58.2729 0.882775
302500 -16225.8 -20067.2 297.461 164.883 0.882765
302600 -16220.6 -20057.4 297.106 56.551 0.881297
302700 -16167.3 -20033.7 299.393 10.1685 0.879294
302800 -16097.8 -20002.9 302.389 -52.5597 0.877311
302900 -16103.9 -19918.6 295.396 -147.659 0.875721
303000 -16089.7 -19930.6 297.423 -222.172 0.875762
303100 -16013.4 -19890.1 300.198 185.608 0.877569
303200 -15991.3 -19901 302.752 276.999 0.877722
303300 -16089 -19967.9 300.37 -116.903 0.875872
303400 -16177.5 -20057.4 300.449 95.7849 0.874608
303500 -16221.9 -20033.3 295.138 -208.243 0.873062
303600 -16202.4 -20052.5 298.142 -107.986 0.87299
303700 -16144.2 -20031 300.98 -143.882 0.874211
303800 -16085.1 -19970.3 300.855 -28.817 0.876743
303900 -16036.3 -19949.6 303.033 190.233 0.879524
304000 -16086.8 -19956.1 299.621 315.604 0.880477
304100 -16189.8 -20013.8 296.116 79.2722 0.878445
304200 -16194.3 -20015.1 295.874 -96.9824 0.875739
304300 -16162.2 -20057.8 301.655 77.2868 0.873562
304400 -16228.6 -20067.6 297.274 -361.309 0.871263
304500 -16317.7 -20088 291.953 -112.33 0.871933
304600 -16297.8 -20115.3 295.619 -14.6261 0.874273
304700 -16258.2 -20091 296.791 -57.4406 0.876486
304800 -16209.7 -20085.2 300.103 187.145 0.878854
304900 -16208.8 -20068.9 298.915 268.665 0.879428
305000 -16269.6 -20049 292.666 19.5858 0.877615
305100 -16293.8 -20116.4 296.006 -158.704 0.875869
305200 -16237.6 -20031.6 293.789 -118.427 0.875382
305300 -16130.3 -20013.2 300.674 -4.05219 0.876176
305400 -16131.3 -20035.6 302.331 222.38 0.876793
305500 -16221.9 -20071.3 298.08 -233.524 0.875747
305600 -16259.8 -20093.5 296.866 -39.3541 0.876559
305700 -16260.7 -20122.4 299.03 295.518 0.877671
305800 -16299.9 -20125.9 296.274 -103.328 0.876416
305900 -16382 -20172 293.486 -196.825 0.876094
306000 -16394.6 -20171.4 292.461 -131.546 0.87781
306100 -16280.3 -20132.2 298.274 79.7299 0.880221
306200 -16231.8 -20081.2 298.083 236.009 0.881481
306300 -16219.7 -20087.5 299.512 15.4181 0.881048
306400 -16251.5 -20106.9 298.545 36.5359 0.880138
306500 -16341 -20139.3 294.132 -215.125 0.879219
306600 -16368.5 -20163.4 293.859 -179.55 0.88045
306700 -16271 -20134.3 299.158 -43.238 0.88325
306800 -16206.2 -20093.5 301.018 412.229 0.885563
306900 -16246.8 -20103.3 298.626 156.683 0.884303
307000 -16284 -20111.3 296.37 -75.6576 0.881691
307100 -16245.3 -20051.5 294.734 -168.529 0.880047
307200 -16120.2 -20010.1 301.219 141.237 0.879592
307300 -16123.3 -20013.3 301.228 46.7147 0.878666
307400 -16206.3 -20057.8 298.249 -203.597 0.877555
307500 -16253 -20098.3 297.761 -36.3713 0.878018
307600 -16265 -20093.4 296.459 53.1676 0.878859
307700 -16231.6 -20075.8 297.678 123.83 0.879087
307800 -16127.7 -20041.2 303.043 307.395 0.878158
307900 -16111.6 -19975.8 299.226 63.8885 0.874518
308000 -16170.1 -20021.3 298.226 -389.718 0.870887
308100 -16269.8 -20066.8 294.027 -105.118 0.870741
308200 -16270.4 -20104.1 296.867 3.49827 0.872002
308300 -16249.5 -20089.1 297.323 -128.906 0.873268
308400 -16227.1 -20083.1 298.592 -77.1765 0.875379
308500 -16202.5 -20063.5 298.985 63.4901 0.877938
308600 -16116.1 -20037.6 303.659 152.282 0.879655
308700 -16105.3 -19987 300.588 137.967 0.879839
308800 -16183.2 -20035.5 298.307 32.5711 0.878663
308900 -16247.9 -20066.4 295.694 -136.206 0.877289
309000 -16260.9 -20123.5 299.106 -34.0639 0.877233
309100 -16286.6 -20116.7 296.593 -63.527 0.877616
309200 -16358.3 -20152.4 293.802 -68.6695 0.878601
309300 -16385.6 -20159.7 292.251 98.1384 0.880212
309400 -16298.6 -20137.8 297.292 129.212 0.880927
309500 -16229.2 -20090.2 298.984 25.5524 0.880314
309600 -16207.7 -20067 298.846 3.50202 0.87944
309700 -16202.7 -20030.7 296.426 100.507 0.878545
309800 -16147.9 -20058.3 302.81 -209.238 0.87713
309900 -16126.1 -20003.2 300.235 -104.445 0.877173
310000 -16177.6 -20027.5 298.115 132.925 0.877985
310100 -16251.7 -20045.4 293.767 45.1564 0.877955
310200 -16241 -20070.4 296.534 -121.46 0.877736
310300 -16135.7 -20038.8 302.247 62.0004 0.878418
310400 -16083 -19978.5 301.658 188.709 0.878491
310500 -16124.8 -20004.2 300.406 -32.1248 0.877004
310600 -16175 -20029.7 298.498 -79.956 0.875488
310700 -16172.7 -20005.6 296.799 -118.8 0.874724
310800 -16139.4 -19977.4 297.199 75.0169 0.874884
310900 -16074.1 -19940.8 299.424 -182.883 0.874999
311000 -16010.2 -19923.7 303.043 -97.5896 0.876641
311100 -16091 -19950 298.827 136.824 0.879364
311200 -16177.4 -20029.9 298.321 174.72 0.880838
311300 -16207.6 -20024 295.526 16.0398 0.880622
311400 -16184.2 -20013.2 296.502 -81.3301 0.880267
311500 -16089.8 -19956.9 299.455 33.3752 0.880334
311600 -16058 -19977.6 303.514 -72.5754 0.88036
311700 -16121.9 -20019.5 301.821 -7.41285 0.881004
311800 -16192.8 -20075.2 300.632 3.27401 0.882069
311900 -16260.6 -20133.5 299.908 294.196 0.882706
312000 -16320.3 -20132.4 295.189 39.3631 0.880836
312100 -16321.3 -20170.1 298.041 108.717 0.877882
312200 -16279 -20096.5 295.615 -278.533 0.874234
312300 -16150.4 -20008 298.713 108.431 0.872584
312400 -16098.1 -19962.3 299.23 -73.178 0.870617
312500 -16091.5 -19969.7 300.315 -212.408 0.869027
312600 -16155.7 -19963.9 294.891 -52.5964 0.869386
312700 -16204.7 -20023.8 295.734 -194.729 0.870724
312800 -16224.8 -20047 295.971 -53.6076 0.873851
312900 -16205.5 -20048.9 297.617 130.494 0.877606
313000 -16155.3 -20029.4 299.993 65.4428 0.88029
313100 -16139.5 -20038.5 301.929 164.432 0.882164
313200 -16214.9 -20033.9 295.729 219.4 0.882425
313300 -16264.8 -20093 296.44 85.3908 0.880467
313400 -16256.3 -20087.7 296.694 -8.41696 0.877618
313500 -16173.2 -20036.3 299.143 -14.565 0.874867
313600 -16088.6 -20001 302.962 66.5053 0.872326
313700 -16135.4 -19998.5 299.143 -114.479 0.869467
313800 -16206 -20051.4 297.778 -349.271 0.86788
313900 -16245.3 -20059.5 295.357 -106.982 0.869529
314000 -16228.2 -20058.5 296.602 26.1988 0.872264
314100 -16205.4 -20038.4 296.81 -8.69711 0.874364
314200 -16179.1 -20043.3 299.233 -141.784 0.876487
314300 -16199 -20074.1 300.075 88.895 0.879297
314400 -16289.4 -20081.4 293.638 -6.13909 0.881091
314500 -16325.5 -20139 295.302 97.6497 0.882471
314600 -16290 -20144.6 298.486 147.261 0.88289
314700 -16234.6 -20113.3 300.354 104.776 0.881875
314800 -16217.4 -20069.8 298.314 148.036 0.879791
314900 -16208.3 -20059.5 298.218 216.618 0.876621
315000 -16191.5 -20028 297.077 -219.056 0.872655
315100 -16112.7 -19975 299.079 -92.9333 0.870742
315200 -16042.4 -19918.1 300.123 -171.094 0.870204
315300 -16034.7 -19922 301.013 -48.0258 0.871184
315400 -16146.2 -19958.2 295.189 -22.5405 0.872787
315500 -16202.9 -20036 296.817 -21.384 0.874258
315600 -16211.5 -20056.7 297.764 63.4857 0.875834
315700 -16198.7 -20014.5 295.48 83.2472 0.876817
315800 -16097.8 -19985.9 301.083 -42.5847 0.877089
315900 -16050.7 -19959.6 302.695 -121.674 0.877692
316000 -16086.5 -19953.5 299.442 55.1314 0.879343
316100 -16115.6 -19958.6 297.591 158.783 0.880421
316200 -16132.3 -19996.9 299.262 40.7529 0.879943
316300 -16197.7 -20029.9 296.749 89.9112 0.878787
316400 -16297.8 -20082.9 293.1 22.2027 0.876829
316500 -16277.1 -20074.1 294.02 -46.2643 0.874661
316600 -16216.2 -20057.9 297.486 -214.012 0.873375
316700 -16179 -19993.4 295.375 50.3954 0.87378
316800 -16134.4 -20028 301.506 43.5505 0.873984
316900 -16174 -20048.4 300.014 56.5495 0.873626
317000 -16256.9 -20064.3 294.828 -176.36 0.872947
317100 -16270.7 -20108 297.146 -122.616 0.873928
317200 -16243.8 -20069.7 296.258 86.8309 0.876004
317300 -16185.3 -20017.4 296.743 -7.55595 0.877629
317400 -16115.6 -20011.6 301.692 212.974 0.878866
317500 -16121.6 -19989.9 299.544 60.1163 0.878345
317600 -16211.3 -19997.7 293.204 -4.86664 0.877137
317700 -16327.8 -20095.9 291.789 -228.119 0.876368
317800 -16327.7 -20141 295.281 -26.1163 0.877334
317900 -16285.3 -20091.4 294.726 -76.4042 0.879008
318000 -16234.6 -20055.9 295.902 10.2088 0.881605
318100 -16168.1 -20039.7 299.806 323.214 0.884338
318200 -16145.1 -19983.4 297.226 405.749 0.884082
318300 -16113.2 -19987 299.967 109.31 0.879929
318400 -16035.3 -19899 299.19 42.1972 0.873654
318500 -15953.1 -19828.1 300.065 -301.916 0.866924
318600 -15917.6 -19779.7 299.065 -451.013 0.863319
318700 -15914.1 -19831 303.306 -176.29 0.863946
318800 -16034.1 -19892.7 298.792 -194.65 0.866528
318900 -16109.2 -19949.9 297.416 88.4661 0.870376
319000 -16148.7 -19974.4 296.247 172.243 0.873067
319100 -16157.4 -19968.9 295.146 -206.929 0.874249
319200 -16078.4 -19950.6 299.85 -16.4362 0.876552
319300 -16008.4 -19899.5 301.313 147.666 0.878547
319400 -16027.9 -19904.2 300.169 100.802 0.879004
319500 -16172.7 -20036.2 299.17 63.1402 0.878348
319600 -16223.3 -20011.8 293.371 -205.536 0.877325
319700 -16154.1 -19971.6 295.612 -80.5248 0.878339
319800 -16081.6 -19980.4 301.908 280.435 0.879896
319900 -16100.9 -19958.6 298.724 -152.743 0.879244
320000 -16156 -19972 295.49 219.546 0.878996
320100 -16241.4 -20061.4 295.809 141.094 0.877438
320200 -16317.3 -20126.1 294.937 -182.885 0.874802
320300 -16314.1 -20134.7 295.855 -225.73 0.87381
320400 -16203.4 -20092 301.116 30.5624 0.874905
320500 -16145.6 -20002.9 298.698 16.5604 0.875964
320600 -16130.1 -19976 297.811 44.9168 0.876634
320700 -16092 -19960.6 299.573 79.67 0.876796
320800 -16043.6 -19918 300.02 -52.6768 0.876456
320900 -16032.3 -19940.7 302.652 50.7704 0.876465
321000 -16117 -19974 298.671 -110.036 0.876249
321100 -16204.1 -20035.3 296.674 89.6553 0.876427
321200 -16218.2 -20019.8 294.375 -31.4639 0.876236
321300 -16155 -20009.2 298.449 28.9171 0.876273
321400 -16120.1 -19935.6 295.461 -43.57 0.876238
321500 -16077.9 -19902.4 296.156 -169.937 0.876608
321600 -16043.3 -19934.8 301.34 235.807 0.878098
321700 -16087.4 -19952.5 299.3 148.445 0.877803
321800 -16140.7 -19945.6 294.638 -172.798 0.876198
321900 -16127.8 -19980.2 298.309 -45.0482 0.875982
322000 -16126.5 -19992.5 299.369 82.0153 0.876041
322100 -16157.3 -19996.1 297.266 55.8881 0.875342
322200 -16198.3 -20011.1 295.255 23.0371 0.874093
322300 -16229.4 -19986.7 290.949 -109.124 0.872578
322400 -16127.6 -19968.7 297.44 -22.2849 0.871782
322500 -16066.2 -19947.3 300.538 129.398 0.871197
322600 -16096.6 -19956.9 298.923 -104.871 0.869556
322700 -16142.6 -19928.3 293.152 -279.474 0.868553
322800 -16076.6 -19948.5 299.827 -394.788 0.870724
322900 -16000.1 -19922.4 303.727 21.5126 0.876707
323000 -16043.9 -19915.2 299.775 388.818 0.882388
323100 -16106.1 -19981.7 300.114 279.821 0.884494
323200 -16153.8 -20058.5 302.366 126.246 0.883883
323300 -16237 -20081.1 297.671 265.54 0.881596
323400 -16287 -20102.1 295.424 -55.7116 0.877302
323500 -16254.7 -20066.8 295.197 -92.9192 0.873739
323600 -16138.7 -19964.7 296.27 117.11 0.871228
323700 -16086.2 -19946.8 298.949 -93.8655 0.868327
323800 -16076.3 -19925.8 298.085 -114.558 0.86624
323900 -16077.1 -19949.3 299.85 -277.393 0.865551
324000 -16154.8 -19998.8 297.662 -100.693 0.867326
324100 -16225.6 -20041.4 295.48 -81.2138 0.87036
324200 -16235 -20096 298.98 141.984 0.873899
324300 -16252.3 -20073 295.86 -6.0406 0.876329
324400 -16218.8 -20099.3 300.488 31.525 0.878299
324500 -16190.5 -20065.4 300.063 63.9821 0.879823
324600 -16227.3 -20112.6 300.864 130.784 0.880691
324700 -16317.2 -20109.9 293.696 -69.8072 0.880782
324800 -16308.2 -20118 295.011 -104.89 0.881508
324900 -16234.4 -20082.6 297.989 128.289 0.882994
325000 -16207.7 -20084.6 300.215 47.0928 0.883497
325100 -16218 -20053.9 297.038 -8.96529 0.883165
325200 -16225.3 -20104.2 300.364 202.093 0.882771
325300 -16312.8 -20123.5 295.08 -23.9288 0.880909
325400 -16375.8 -20154.7 292.622 27.3269 0.878746
325500 -16329 -20169.9 297.425 67.8731 0.876511
325600 -16288.9 -20099.8 295.098 -5.62 0.873569
325700 -16227.8 -20019.1 293.584 -222.601 0.870656
325800 -16152.2 -19988.7 297.086 -215.262 0.869668
325900 -16126.6 -20010.5 300.752 -78.8267 0.871084
326000 -16170.2 -20021.1 298.197 37.5047 0.873433
326100 -16239.7 -20049.6 295.026 10.6331 0.875384
326200 -16305.2 -20097.7 293.68 195.077 0.876955
326300 -16366.3 -20143.4 292.49 -23.9788 0.877076
326400 -16299.2 -20108.9 295.011 132.737 0.876749
326500 -16202.2 -20057.2 298.512 89.1888 0.875476
326600 -16175.6 -20006.9 296.683 93.0509 0.87296
326700 -16116.9 -19928.8 295.185 -270.279 0.869946
326800 -16032.5 -19932.1 301.975 -79.9679 0.869162
326900 -16051.8 -19931.2 300.409 -89.8893 0.869479
327000 -16115 -19983.2 299.535 81.5724 0.870339
327100 -16164.7 -19996.2 296.693 -37.9098 0.8709
327200 -16165.7 -19978.7 295.268 -44.5345 0.871724
327300 -16131.9 -19990 298.753 -189.519 0.873323
327400 -16132.9 -20010.8 300.288 194.312 0.876426
327500 -16162.9 -20018.8 298.59 269.411 0.878328
327600 -16198.7 -20063.4 299.267 19.6937 0.877913
327700 -16236.2 -20062.6 296.302 44.6604 0.876652
327800 -16236.6 -20086.1 298.098 178.114 0.874587
327900 -16201.5 -20050.9 298.084 -44.5349 0.870987
328000 -16109.5 -20003.4 301.523 -230.662 0.867014
328100 -16090.9 -19972.2 300.549 -325.552 0.864985
328200 -16150.3 -20012.9 299.106 50.0679 0.865732
328300 -16224.2 -20038.5 295.368 -272.499 0.867147
328400 -16222.2 -20039.1 295.564 -62.7088 0.870956
328500 -16140.9 -20035.8 301.61 153.206 0.876123
328600 -16069.1 -20042.2 307.661 480.928 0.879746
328700 -16190.3 -20031.5 297.447 60.2257 0.879198
328800 -16219.1 -20023.8 294.623 -154.299 0.877852
328900 -16161.4 -20023.1 299.035 234.563 0.877595
329000 -16119.1 -20034.3 303.172 102.359 0.875308
329100 -16194.9 -20046.5 298.254 -132.44 0.871895
329200 -16243.9 -20038.6 293.85 -193.789 0.869705
329300 -16204.2 -20065.9 299.031 -160.463 0.869489
329400 -16206.1 -20070.7 299.261 157.829 0.870478
329500 -16235.6 -20025.7 293.49 -374.588 0.871045
329600 -16145.3 -20028.3 300.684 -87.9242 0.874452
329700 -16101.6 -20009.8 302.637 420.117 0.878548
329800 -16164.6 -19985.8 295.896 120.289 0.879362
329900 -16187.6 -20025 297.155 49.1264 0.878675
330000 -16213.5 -20059.2 297.789 160.814 0.877239
330100 -16269.8 -20035.6 291.607 -118.952 0.874589
330200 -16218.6 -20077.9 298.849 -88.6208 0.872931
330300 -16149.4 -20027.8 300.327 29.3693 0.871965
330400 -16146.5 -20021.5 300.068 -250.46 0.8715
330500 -16261.5 -20095 296.849 108.466 0.872747
330600 -16316.2 -20086.4 291.946 6.86523 0.873116
330700 -16249.7 -20087.3 297.165 -211.483 0.873936
330800 -16208.8 -20109.4 302.049 128.03 0.87642
330900 -16239.5 -20077 297.167 72.3783 0.877882
331000 -16247.2 -20072.3 296.197 130.019 0.878332
331100 -16188.6 -20057.9 299.626 -92.8541 0.877739
331200 -16111 -19980.2 299.612 -99.356 0.877796
331300 -16088.1 -19982.1 301.536 167.807 0.87888
331400 -16161.4 -19997.1 297.024 9.4431 0.878695
331500 -16227.6 -20041.5 295.332 -96.6937 0.878113
331600 -16219.5 -20073.8 298.464 -40.6294 0.878513
331700 -16218.5 -20075.4 298.663 131.324 0.879158
331800 -16218.8 -20061.5 297.559 -92.5894 0.878842
331900 -16204 -20062 298.751 -1.6625 0.879117
332000 -16202.9 -20037.3 296.92 137.258 0.87952
332100 -16197.5 -20082.8 300.866 93.3808 0.878689
332200 -16255.9 -20086 296.59 -14.2289 0.876898
332300 -16301.8 -20095.6 293.773 -293.944 0.875246
332400 -16226.7 -20041.4 295.391 197.935 0.875501
332500 -16163.7 -20067 302.257 77.9426 0.87453
332600 -16189.9 -20043 298.372 -398.999 0.872695
332700 -16226.9 -20079 298.291 -103.407 0.874142
332800 -16306.4 -20135.3 296.493 377.796 0.876757
332900 -16396 -20180.4 293.048 -110.642 0.876864
333000 -16379.8 -20184.2 294.604 14.8689 0.877288
333100 -16243 -20120.5 300.257 -27.9385 0.878016
333200 -16233.9 -20115.7 300.593 87.4205 0.878916
333300 -16289.7 -20124.3 296.935 -130.483 0.87946
333400 -16319.5 -20118.9 294.208 157.069 0.880683
333500 -16253.8 -20079.4 296.239 -130.459 0.881453
333600 -16155.1 -20007.1 298.282 110.911 0.882948
333700 -16122.7 -19972.5 298.114 50.9441 0.883635
333800 -16119.1 -19978.8 298.882 62.1166 0.883682
333900 -16169.7 -20025.1 298.551 76.6269 0.883184
334000 -16270 -20051.4 292.816 -5.83584 0.881824
334100 -16251.7 -20052 294.285 -43.5476 0.880429
334200 -16171.1 -20005 296.881 110.972 0.879193
334300 -16138.1 -19980.6 297.555 11.5269 0.876792
334400 -16120.4 -19946.6 296.289 -86.2877 0.874195
334500 -16048.1 -19926.1 300.296 68.6245 0.872098
334600 -15994.6 -19838.6 297.663 -47.9082 0.869348
334700 -15944.3 -19862.6 303.421 -105.083 0.867075
334800 -15881 -19782.7 302.131 -235.846 0.866024
334900 -15887.9 -19796.8 302.69 -187.582 0.866837
335000 -15996 -19858.9 299.129 -160.835 0.869894
335100 -16063.9 -19942 300.298 68.4744 0.874575
335200 -16137.1 -19974.6 297.162 293.322 0.878373
335300 -16168.3 -19994.6 296.289 383.782 0.879089
335400 -16148.1 -19983.3 296.988 -11.4754 0.876527
335500 -16035.5 -19914.4 300.366 -82.0118 0.873856
335600 -15974.1 -19895.3 303.638 12.6912 0.872073
335700 -16050.1 -19931.9 300.592 -199.618 0.870638
335800 -16115.1 -19971.1 298.593 -213.473 0.870968
335900 -16149.5 -19981.5 296.733 -26.4875 0.873319
336000 -16159.7 -19985.5 296.257 38.0006 0.876152
336100 -16103 -20003.7 302.058 202.53 0.878284
336200 -16067 -19981.7 303.135 372.725 0.878309
336300 -16150.7 -19983.6 296.799 1.20101 0.87512
336400 -16184.5 -19987.7 294.501 -219.331 0.871889
336500 -16141.9 -19996.7 298.503 -72.7423 0.870901
336600 -16115.8 -19981.9 299.374 -16.0477 0.8708
336700 -16098.3 -19993.2 301.61 -93.2678 0.870975
336800 -16151 -20028.2 300.237 -138.791 0.871979
336900 -16241.7 -20071.8 296.591 23.8822 0.873964
337000 -16276.9 -20092 295.421 164.289 0.875735
337100 -16239.5 -20066.1 296.314 -100.415 0.876206
337200 -16147 -20057.3 302.8 199.888 0.876939
337300 -16155.4 -20002.8 297.933 50.4516 0.876262
337400 -16152.3 -19975.8 296.07 39.3243 0.874784
337500 -16134.3 -20004.2 299.665 -45.7233 0.873177
337600 -16135.4 -19955.6 295.822 89.7686 0.872039
337700 -16115.9 -19992.1 300.152 59.3246 0.870433
337800 -16121.3 -19909.8 293.365 -390.744 0.869225
337900 -16017.9 -19919.2 302.104 -15.0219 0.871009
338000 -15993.5 -19908.1 303.136 128.129 0.872712
338100 -16065.3 -19911.8 297.856 66.5578 0.872987
338200 -16106.7 -19987 300.48 50.3012 0.872558
338300 -16161.1 -19980.8 295.779 122.232 0.871519
338400 -16175.2 -20026.1 298.199 -74.6422 0.870093
338500 -16174.9 -20026.3 298.238 1.29874 0.869147
338600 -16173.2 -20006.3 296.823 -155.666 0.868456
338700 -16158.7 -20023.4 299.272 -117.75 0.869252
338800 -16182 -20053.3 299.777 -123.829 0.87138
338900 -16283.6 -20057.3 292.221 14.5592 0.874351
339000 -16290.4 -20081.7 293.589 -130.736 0.877568
339100 -16228.3 -20095.9 299.497 -39.8437 0.881652
339200 -16227.1 -20083.9 298.655 208.023 0.885446
339300 -16246.8 -20097.6 298.195 57.415 0.887285
339400 -16263.5 -20096.7 296.828 379.088 0.887675
339500 -16281.9 -20136.6 298.494 24.339 0.885415
339600 -16327.2 -20111 293.004 -122.595 0.882814
339700 -16272.6 -20110 297.149 73.484 0.88135
339800 -16191.5 -20056.9 299.325 86.5269 0.879411
339900 -16175.3 -20030.6 298.543 -51.7192 0.8768
340000 -16177 -20023.6 297.864 -520.281 0.87559
340100 -16159 -20025.3 299.395 165.825 0.878112
340200 -16147.8 -20027.3 300.414 42.4758 0.879949
340300 -16194.6 -20049.1 298.473 261.88 0.880574
340400 -16264.2 -20073.8 294.996 111.586 0.879041
340500 -16284.2 -20127.6 297.625 -117.95 0.876633
340600 -16279.3 -20089.6 295.051 -57.2822 0.875227
340700 -16195.5 -20075.7 300.465 -89.988 0.874896
340800 -16131.7 -19995.6 299.208 70.0805 0.875092
340900 -16114.1 -20007.2 301.466 105.429 0.874511
341000 -16205.2 -20003.4 294.125 21.8088 0.873212
341100 -16261 -20048.8 293.312 -194.608 0.872131
341200 -16211.4 -20015.4 294.572 -66.2638 0.872552
341300 -16157.5 -20004.8 297.92 40.1969 0.873523
341400 -16160.7 -20020.4 298.875 -409.604 0.874888
341500 -16193.8 -20040.6 297.882 239.902 0.878859
341600 -16253.6 -20086.6 296.81 112.364 0.881146
341700 -16312.5 -20096 292.98 131.403 0.881947
341800 -16247.4 -20100.5 298.372 192.201 0.881468
341900 -16141 -20014.5 299.948 126.571 0.879108
342000 -16135 -20025.1 301.238 -152.164 0.876054
342100 -16191.3 -20051.4 298.911 -66.4834 0.874385
342200 -16248.3 -20073.5 296.209 59.3968 0.87356
342300 -16239.7 -20038.8 294.189 -171.602 0.872587
342400 -16196.7 -20048.5 298.265 -100.71 0.87315
342500 -16185.8 -20035.5 298.111 76.5697 0.874508
342600 -16181.3 -20019.3 297.205 62.3166 0.875057
342700 -16120.4 -19971.2 298.187 -178.933 0.875306
342800 -16019.1 -19921.4 302.181 158.217 0.876464
342900 -16037.2 -19941.2 302.312 79.2579 0.876627
343000 -16119.7 -19970.4 298.183 0.642942 0.875971
343100 -16151.3 -19995.9 297.716 165.431 0.874895
343200 -16147.9 -19970 295.969 -377.752 0.873578
343300 -16080 -19939.7 298.882 82.5606 0.874779
343400 -15993.3 -19888.5 301.629 75.3571 0.875671
343500 -16002.7 -19928.8 304.023 204.99 0.875402
343600 -16063.5 -19947.8 300.784 -115.002 0.873683
343700 -16125.3 -19971.2 297.816 -27.7412 0.87296
343800 -16165.7 -19993.7 296.424 110.557 0.872507
343900 -16176.6 -20013 297.074 -226.878 0.871591
344000 -16150.2 -19989.1 297.266 -286.197 0.872614
344100 -16062 -19961.5 301.963 48.0483 0.875883
344200 -16075.6 -19983 302.573 419.283 0.878233
344300 -16163.2 -19990.2 296.35 -80.5344 0.877524
344400 -16167.7 -19998.1 296.609 178.783 0.876603
344500 -16138.4 -19996.8 298.775 -131.265 0.874864
344600 -16098 -19942.2 297.684 -157.718 0.874068
344700 -15988.3 -19874.5 300.929 32.2153 0.874479
344800 -15959.1 -19885.4 304.036 36.9369 0.8751
344900 -16038.2 -19918.8 300.499 198.407 0.875094
345000 -16096.7 -19974.3 300.269 -12.5339 0.87339
345100 -16151.7 -19969.9 295.669 -64.4347 0.871692
345200 -16153.4 -19990.2 297.111 -125.821 0.870878
345300 -16086.6 -19945.7 298.833 -73.3822 0.871229
345400 -15975.2 -19885.5 302.797 -50.9999 0.87263
345500 -15981.1 -19856.9 300.128 239.387 0.874043
345600 -16034.3 -19902.7 299.551 -52.9297 0.873421
345700 -16084.6 -19893.2 294.92 -47.2496 0.872915
345800 -16082.2 -19938.6 298.624 -163.513 0.873331
345900 -16093.4 -19975.7 300.635 -16.2775 0.875147
346000 -16156.3 -20018.6 299.079 40.1789 0.877195
346100 -16212.4 -20031.2 295.71 111.419 0.878878
346200 -16219.6 -20074.2 298.491 -30.3689 0.879795
346300 -16267.2 -20132.8 299.335 11.0702 0.880704
346400 -16386.2 -20151.8 291.59 150.679 0.881543
346500 -16345 -20120.9 292.392 33.1058 0.881131
346600 -16245.6 -20093.2 297.939 273.127 0.879656
346700 -16214.2 -20075.4 298.992 29.4563 0.876098
346800 -16219.9 -20088.4 299.563 -261.081 0.872274
346900 -16268.5 -20057.5 293.406 -120.907 0.870671
347000 -16280.6 -20118.3 297.173 1.58617 0.870434
347100 -16232.1 -20052 295.796 -119.919 0.870399
347200 -16134.1 -20002.3 299.538 -198.185 0.871605
347300 -16096.9 -19980.6 300.741 41.3038 0.87434
347400 -16140.6 -20010.1 299.638 71.6542 0.876766
347500 -16234.3 -20056.4 295.967 102.284 0.87855
347600 -16255.9 -20081.6 296.246 66.8195 0.879498
347700 -16236.2 -20084.3 297.987 193.773 0.879501
347800 -16215.2 -20068.5 298.385 3.00815 0.877879
347900 -16171.7 -20023.2 298.246 -33.1221 0.875922
348000 -16068.9 -19945.7 300.201 23.1626 0.874335
348100 -16035.8 -19926.3 301.27 27.0988 0.872692
348200 -16075.2 -19914.8 297.325 -77.2877 0.87074
348300 -16158.2 -19999.1 297.428 -28.2207 0.869216
348400 -16263.8 -20056.9 293.722 -192.346 0.868412
348500 -16236.4 -20079.7 297.613 -84.8632 0.869076
348600 -16189.1 -20039.7 298.182 -38.4135 0.870962
348700 -16147.3 -20047.6 302.027 -29.0946 0.873626
348800 -16157.8 -20020.6 299.118 28.3943 0.876563
348900 -16231.6 -20057 296.223 100.544 0.87934
349000 -16281.3 -20131.3 298.127 298.597 0.881104
349100 -16328 -20143.1 295.429 74.145 0.880293
349200 -16375.1 -20172.4 294.048 -113.607 0.878627
349300 -16349 -20135.3 293.199 24.4762 0.877805
349400 -16234.6 -20086.4 298.269 13.3203 0.876737
349500 -16177.6 -20017.5 297.344 -26.6088 0.875348
349600 -16134.6 -20015.2 300.494 -66.1724 0.873978
349700 -16141.4 -20010.1 299.58 -92.6018 0.872906
349800 -16231.8 -20032.2 294.284 -66.2177 0.872668
349900 -16269.6 -20072.5 294.484 -186.905 0.873184
350000 -16206.8 -20093.3 300.959 -73.7016 0.875673
350100 -16119 -20016.2 301.784 107.446 0.879777
350200 -16115.6 -19988.8 299.927 219.59 0.88344
350300 -16230 -20093.9 299.21 186.73 0.885433
350400 -16313.8 -20122.2 294.905 168.065 0.885256
350500 -16285.7 -20075.4 293.458 -93.6183 0.883521
350600 -16187.3 -20059.5 299.849 -5.1932 0.882562
350700 -16170.1 -20036 299.361 93.5813 0.881291
350800 -16205.9 -20064.8 298.818 -231.466 0.879378
350900 -16295.7 -20135.5 297.341 -51.6994 0.879415
351000 -16377.7 -20192.2 295.38 264.932 0.879771
351100 -16375.9 -20188.8 295.258 115.723 0.877762
351200 -16323.3 -20110.9 293.294 -114.223 0.874528
351300 -16237.6 -20083.3 297.798 -221.892 0.872373
351400 -16191.6 -20032.7 297.446 -149.047 0.872226
351500 -16151 -20019.6 299.572 -101.157 0.873701
351600 -16143.5 -20029.7 300.938 40.7783 0.876224
351700 -16243.1 -20083.2 297.357 290.63 0.878243
351800 -16307.5 -20097.3 293.468 157.066 0.87773
351900 -16251.8 -20090.1 297.224 66.661 0.875554
352000 -16178.8 -20023.6 297.724 -228.055 0.872837
352100 -16132.9 -19982.3 298.087 -219.553 0.872193
352200 -16123.9 -20023.6 301.977 183.086 0.873307
352300 -16157.9 -20009.3 298.237 -103.996 0.87324
352400 -16170.8 -20019.2 298 37.1775 0.873626
352500 -16175.3 -20024.4 298.064 -71.0978 0.874174
352600 -16216.2 -20075 298.81 55.4052 0.87504
352700 -16311 -20104.4 293.745 -44.0133 0.875716
352800 -16321.5 -20167.5 297.821 132.543 0.876633
352900 -16300.3 -20114.9 295.384 -179.73 0.876981
353000 -16178.8 -20021.8 297.589 16.3696 0.878509
353100 -16110 -19974.4 299.246 233.005 0.880192
353200 -16094.6 -19949.2 298.485 183.837 0.879743
353300 -16103.8 -19983.9 300.457 -276.691 0.877618
353400 -16189.1 -20012.2 296.047 205.636 0.876958
353500 -16252.9 -20049.1 293.968 -137.341 0.875237
353600 -16206.5 -20019.1 295.235 -141.745 0.874051
353700 -16135.7 -20023.8 301.079 -36.5327 0.874262
353800 -16150.9 -20014.1 299.153 150.881 0.874783
353900 -16184.4 -19998.1 295.314 -145.44 0.874494
354000 -16157.7 -19989.8 296.746 148.22 0.874808
354100 -16052.6 -19950.8 301.863 19.7339 0.874394
354200 -16036.8 -19888.8 298.28 -50.8787 0.873489
354300 -16047.6 -19915.7 299.534 -34.3873 0.872928
354400 -16066.3 -19907.1 297.414 -87.6471 0.872803
354500 -16068 -19909.9 297.501 -33.7893 0.873447
354600 -16070.7 -19946.2 300.099 312.582 0.874123
354700 -16089.3 -19912.4 296.048 30.0416 0.872218
354800 -16067 -19904.9 297.198 -111.336 0.869722
354900 -15991.2 -19861.2 299.675 65.0778 0.868023
355000 -15876 -19775.2 301.942 129.886 0.865622
355100 -15883.4 -19783.1 301.972 -54.4092 0.862247
355200 -15944 -19815.9 299.821 -166.789 0.859331
355300 -16004.3 -19854.1 298.119 -282.124 0.858057
355400 -16048 -19912.3 299.238 -215.661 0.859682
355500 -16095 -19981.1 300.927 125.079 0.863227
355600 -16149.8 -20001.4 298.254 -172.415 0.866092
355700 -16149.1 -19984.7 297.009 -1.96221 0.87004
355800 -16130.2 -20009.5 300.395 255.386 0.87374
355900 -16162.2 -19997 296.953 126.36 0.874734
356000 -16243 -20056.9 295.329 6.98531 0.874408
356100 -16280.1 -20050.9 292 -51.769 0.873912
356200 -16181 -20030.6 298.099 109.282 0.873857
356300 -16123.1 -19979.3 298.608 -73.5213 0.873311
356400 -16118.6 -19972.1 298.403 -79.7807 0.873032
356500 -16140.6 -20019 300.329 -41.7568 0.87388
356600 -16251.1 -20107.9 298.656 -2.5449 0.875037
356700 -16306.6 -20108.4 294.4 -30.0669 0.876052
356800 -16274 -20134.7 298.958 54.074 0.877251
356900 -16244.1 -20081.2 297.126 -47.2838 0.878153
357000 -16154.4 -20058.9 302.352 76.8671 0.879132
357100 -16104.7 -20022.9 303.415 164 0.879383
357200 -16192.4 -20042.9 298.171 -50.0946 0.878345
357300 -16231.5 -20049.8 295.67 12.041 0.877525
357400 -16201.4 -20047.8 297.848 8.48104 0.876559
357500 -16179.6 -20067.1 301.032 -80.4888 0.875625
357600 -16240.7 -20089.8 298.058 -76.2434 0.875388
357700 -16329 -20131 294.418 -36.1992 0.875853
357800 -16325 -20153.3 296.451 65.6595 0.876872
357900 -16288.5 -20143.2 298.497 148.385 0.877141
358000 -16219.9 -20053.4 296.856 -304.981 0.876555
358100 -16080 -19983.9 302.304 -88.7235 0.87844
358200 -16100.5 -19975.6 300.08 250.595 0.881201
358300 -16189.8 -20057.1 299.474 -139.901 0.882578
358400 -16257.6 -20095.6 297.2 204.695 0.884356
358500 -16285.7 -20123.3 297.17 48.9789 0.884703
358600 -16285.6 -20072.9 293.276 133.512 0.884218
358700 -16161.5 -20008.3 297.881 -46.3098 0.882791
358800 -16124.4 -20028.8 302.341 37.427 0.881092
358900 -16194.9 -20041.5 297.869 -183.888 0.879143
359000 -16237.9 -20012.5 292.288 -45.2224 0.878584
359100 -16164.3 -20025.6 299.006 22.9217 0.878498
359200 -16128.7 -20014.8 300.922 76.6516 0.878
359300 -16159.4 -20014.2 298.501 201.169 0.876502
359400 -16195.1 -20057 299.047 -233.389 0.873477
359500 -16254 -20088.6 296.937 -230.753 0.871567
359600 -16360.8 -20144.9 293.024 -232.916 0.872183
359700 -16415.7 -20173.4 290.979 84.6126 0.875047
359800 -16297.7 -20168 299.702 84.6474 0.877758
359900 -16243.6 -20116.2 299.874 45.8075 0.87982
360000 -16276.1 -20150.3 299.996 154.718 0.881359
360100 -16342.8 -20134.1 293.589 -116.485 0.882054
360200 -16310.1 -20131.3 295.902 121.549 0.883344
360300 -16222.9 -20116.3 301.489 103.325 0.883865
360400 -16226.7 -20075.3 298.025 75.0438 0.883313
360500 -16226.8 -20067 297.374 19.0114 0.88188
360600 -16200.2 -20035.3 296.977 -47.1212 0.880139
360700 -16120.2 -19996.9 300.194 -11.2556 0.878771
360800 -16023.9 -19948.4 303.903 -4.39651 0.877366
360900 -16057.5 -19964.9 302.572 23.371 0.875927
361000 -16105 -19950.4 297.777 -36.4102 0.874199
361100 -16123.8 -19982.4 298.798 28.5566 0.872677
361200 -16176.8 -20037.5 298.958 -10.8351 0.870986
361300 -16263.7 -20067 294.516 -335.121 0.869509
361400 -16268.9 -20090.3 295.922 -321.158 0.870973
361500 -16220.3 -20047.4 296.35 47.8482 0.875457
361600 -16199.3 -20072.5 299.927 341.062 0.879776
361700 -16224.8 -20048.1 296.061 75.3176 0.88125
361800 -16219.2 -20080.1 298.967 64.2898 0.881598
361900 -16225.3 -20093 299.504 161.958 0.881405
362000 -16301.1 -20117.2 295.498 40.7158 0.879761
362100 -16336.6 -20121.6 293.094 -170.501 0.877521
362200 -16242.7 -20072.4 296.551 -56.7178 0.876535
362300 -16183.2 -20051.6 299.556 -22.4225 0.876683
362400 -16197.1 -20067.8 299.727 95.7844 0.877026
362500 -16258.2 -20094.7 297.084 46.8927 0.876171
362600 -16312.8 -20093.6 292.769 -131.528 0.875054
362700 -16258.3 -20155.3 301.774 100.838 0.874956
362800 -16175.8 -20051.2 300.099 -27.6782 0.874231
362900 -16128.4 -19974.9 297.854 101.504 0.87341
363000 -16036.5 -19944.9 302.647 -33.9024 0.871796
363100 -15993.8 -19891.6 301.833 -36.6186 0.870165
363200 -16094.3 -19943.2 298.04 -162.024 0.868889
363300 -16179.7 -20001.6 295.953 -343.514 0.869368
363400 -16182.2 -20042.1 298.893 74.264 0.87314
363500 -16198.1 -20033.7 297.014 226.258 0.876912
363600 -16218.9 -20065.7 297.886 174.59 0.87886
363700 -16259.7 -20078 295.679 41.9451 0.879459
363800 -16290.9 -20131.9 297.432 77.4545 0.879619
363900 -16301.5 -20103.7 294.423 82.1622 0.878569
364000 -16226.4 -20061 296.94 -171.215 0.876586
364100 -16132.3 -19964.8 296.773 -21.7946 0.875688
364200 -16085.4 -19975.6 301.24 -10.8053 0.875011
364300 -16122.9 -20014.8 301.372 -105.422 0.874263
364400 -16201.4 -20053.7 298.311 -129.553 0.874322
364500 -16239.7 -20098.5 298.81 2.35624 0.875877
364600 -16248 -20075.7 296.404 216.173 0.877694
364700 -16231.2 -20099.1 299.516 218.694 0.877533
364800 -16224.9 -20023.3 294.136 83.6421 0.874915
364900 -16131.2 -20010.5 300.395 -31.5595 0.871388
365000 -16075.2 -19919.4 297.681 -72.3541 0.868087
365100 -16038.5 -19929 301.264 -77.0129 0.865348
365200 -16088.4 -19960 299.796 53.7763 0.86304
365300 -16196.2 -19997.4 294.356 -271.628 0.860764
365400 -16180.2 -20000.7 295.847 -214.675 0.860641
365500 -16130.7 -20037.2 302.511 158.509 0.86251
365600 -16191.7 -20054.3 299.106 165.526 0.863194
365700 -16275.1 -20038 291.386 -347.25 0.862718
365800 -16221.9 -20018.2 293.97 -178.576 0.865132
365900 -16144.5 -20013.6 299.609 268.81 0.869333
366000 -16121.9 -19966.3 297.701 108.131 0.871244
366100 -16114.4 -19997.2 300.673 -91.0644 0.87214
366200 -16178.8 -19984.5 294.704 59.5689 0.873536
366300 -16239.2 -20047.2 294.874 0.27212 0.874239
366400 -16213.4 -20008 293.835 56.5564 0.875214
366500 -16112.1 -20040.8 304.219 180.88 0.875712
366600 -16138.3 -20013 300.041 75.9961 0.874287
366700 -16196.5 -20019 296.002 21.7428 0.871901
366800 -16187.7 -19977.9 293.502 -47.0445 0.869431
366900 -16114.1 -19981.2 299.452 -155.927 0.867587
367000 -16108.8 -19977.6 299.58 -159.208 0.86721
367100 -16141 -19979.2 297.216 -113.073 0.868563
367200 -16173.4 -20006.6 296.833 84.2421 0.870932
367300 -16205.5 -20024.7 295.742 107.395 0.872682
367400 -16212.6 -20029.4 295.556 98.1844 0.873226
367500 -16147.7 -20012.1 299.241 -82.5548 0.872982
367600 -16081 -19960 300.375 -7.12844 0.873015
367700 -16090 -19972.1 300.609 -58.1447 0.873417
367800 -16196.6 -20004.2 294.85 19.4314 0.87466
367900 -16231.4 -20056.2 296.174 110.835 0.875591
368000 -16210.4 -20033.9 296.076 18.0294 0.875522
368100 -16174.2 -20030.9 298.644 55.9145 0.875214
368200 -16164 -20019.3 298.543 63.2728 0.874192
368300 -16175.5 -20008.4 296.802 71.0807 0.872446
368400 -16164.9 -19967.7 294.475 -172.103 0.869848
368500 -16085.1 -19943.6 298.784 -223.364 0.868456
368600 -16036.6 -19951.9 303.18 10.4951 0.869127
368700 -16089.5 -19919.1 296.547 33.841 0.870023
368800 -16138.3 -19918.9 292.755 -140.579 0.870984
368900 -16045.1 -19919.2 299.998 97.8104 0.873262
369000 -15991.3 -19915.2 303.853 -22.051 0.875613
369100 -16068.4 -19968 301.971 283.432 0.877629
369200 -16155.2 -19976.5 295.908 135.841 0.877458
369300 -16165 -20000.8 297.029 103.762 0.875658
369400 -16121.2 -19959 297.184 36.4132 0.872533
369500 -16017.9 -19917.2 301.951 -118.237 0.868787
369600 -16004.7 -19888.8 300.769 -240.962 0.866051
369700 -16045.1 -19922.2 300.226 -356.181 0.865965
369800 -16084.3 -19914.9 296.63 44.3024 0.868905
369900 -16110.5 -20003.9 301.49 -99.3544 0.872129
370000 -16219.4 -20060.1 297.408 -16.3304 0.876176
370100 -16262 -20126.4 299.244 231.167 0.879931
370200 -16288.9 -20120.3 296.687 -7.05115 0.88169
370300 -16296.3 -20111.8 295.457 109.162 0.883207
370400 -16234.3 -20114.8 300.489 341.851 0.883515
370500 -16160.2 -20037 300.211 198.995 0.880578
370600 -16107.7 -19956.7 298.053 -283.908 0.876286
370700 -16003.6 -19969 307.062 -131.27 0.87453
370800 -16044.4 -19939.1 301.594 -28.7345 0.87415
370900 -16103.5 -19941.2 297.177 22.4717 0.874088
371000 -16121.9 -19989.4 299.488 14.8545 0.873984
371100 -16175.1 -20054.2 300.384 50.2265 0.873657
371200 -16278.4 -20104.9 296.307 -186.615 0.873146
371300 -16293.4 -20132.6 297.29 -75.7472 0.874204
371400 -16266.4 -20055.5 293.415 105.516 0.876098
371500 -16169.9 -20007.7 297.187 82.0767 0.877118
371600 -16121.5 -19981 298.868 -69.97 0.877464
371700 -16110.7 -19962 298.227 51.3227 0.878127
371800 -16108.6 -19940.5 296.73 139.89 0.878314
371900 -16064.7 -19906.8 297.521 149.12 0.877076
372000 -15976.7 -19887.1 302.803 64.4988 0.874338
372100 -16007.5 -19884.6 300.233 -113.379 0.871079
372200 -16082.9 -19944.8 299.054 -41.1195 0.869001
372300 -16114.1 -19941 296.34 -135.338 0.867544
372400 -16091.9 -19917.1 296.202 -289.5 0.867493
372500 -16037.2 -19880.8 297.636 -133.172 0.870148
372600 -16006.8 -19907.1 302.022 215.974 0.873665
372700 -16039.4 -19928.8 301.177 163.236 0.875125
372800 -16085.5 -19937.9 298.315 242.455 0.874496
372900 -16144.3 -19976.7 296.764 -18.693 0.87226
373000 -16153 -19931.1 292.557 -21.7626 0.870433
373100 -16055.5 -19896.8 297.455 -51.3023 0.869126
373200 -16021 -19881.7 298.96 -99.2388 0.868634
373300 -16034.5 -19902.9 299.551 -67.3556 0.869066
373400 -16081.1 -19892.7 295.156 -257.081 0.870381
373500 -16087 -19965 300.296 108.777 0.873126
373600 -16148.2 -19990.2 297.515 175.353 0.874735
373700 -16224.5 -20043 295.684 -63.6138 0.874722
373800 -16227.5 -20020.8 293.734 72.7372 0.874865
373900 -16125.5 -19964.4 297.267 99.3742 0.874471
374000 -16068 -19917.7 298.107 43.8934 0.873155
374100 -16059.8 -19931.4 299.799 147.676 0.8715
374200 -16112.1 -19974.1 299.056 -186.831 0.869162
374300 -16208.2 -20042.2 296.895 -23.0422 0.868218
374400 -16219.7 -20015.4 293.925 60.5825 0.867735
374500 -16163.9 -20003.1 297.288 -152.777 0.866907
374600 -16136.5 -20012.2 300.117 62.2582 0.86712
374700 -16142.3 -19956 295.313 20.3934 0.867031
374800 -16087.8 -19960.9 299.918 -35.1409 0.866606
374900 -15974.8 -19909 304.651 -85.4056 0.86674
375000 -15942 -19910.2 307.282 -139.947 0.86784
375100 -16039.8 -19905.3 299.331 -128.615 0.870241
375200 -16095.4 -19980.6 300.85 76.7129 0.873731
375300 -16183.5 -20044.1 298.947 137.823 0.876442
375400 -16247.6 -20082.5 296.961 202.732 0.87764
375500 -16267.4 -20109.1 297.483 157.609 0.877004
375600 -16269.8 -20095.5 296.25 -88.033 0.875004
375700 -16204.8 -20079.2 300.022 22.7846 0.873596
375800 -16152.8 -20038.6 300.905 116.37 0.871914
375900 -16176.4 -20035.5 298.837 -197.994 0.86956
376000 -16246.9 -20033.7 293.228 -320.548 0.869127
376100 -16263.8 -20085.4 295.928 74.2909 0.871468
376200 -16183.8 -20064 300.465 119.299 0.873333
376300 -16106.6 -20030 303.806 40.1728 0.873853
376400 -16156.5 -20020.2 299.191 17.5862 0.873979
376500 -16204.5 -20001.9 294.051 174.131 0.873809
376600 -16169.2 -20012.3 297.592 -56.6689 0.87237
376700 -16138.2 -20014.8 300.189 -40.3739 0.871114
376800 -16173.6 -20013.5 297.354 -329.543 0.870856
376900 -16277.4 -20096.5 295.739 -55.9638 0.873058
377000 -16340.2 -20103.5 291.415 -117.815 0.875998
377100 -16286 -20086.3 294.274 106.703 0.879374
377200 -16239.2 -20106 299.435 100.256 0.881478
377300 -16225.3 -20040.1 295.398 1.72533 0.882412
377400 -16141.8 -20010.7 299.597 141.041 0.882845
377500 -16097.3 -20007.7 302.806 244.154 0.881797
377600 -16138.5 -19996.4 298.737 -147.158 0.879332
377700 -16172.6 -20020.2 297.945 71.0055 0.878074
377800 -16189.4 -20023.8 296.919 65.5343 0.876784
377900 -16156.1 -19991 296.957 186.929 0.874594
378000 -16060.4 -20010 305.842 -18.7054 0.871344
378100 -16048.2 -19909.4 298.996 -63.776 0.868389
378200 -16117.6 -19944.9 296.369 -466.577 0.866972
378300 -16167.4 -19975.7 294.897 -184.108 0.869289
378400 -16148.4 -19985.1 297.106 13.5424 0.873439
378500 -16071.4 -19964.5 301.465 174.567 0.877096
378600 -16052.4 -19968.9 303.279 263.803 0.878769
378700 -16180.5 -20034.3 298.422 -45.5873 0.878025
378800 -16226.1 -20045.6 295.769 -359.323 0.877808
378900 -16191.3 -20040.7 298.08 106.979 0.880456
379000 -16150.1 -20021.1 299.754 240.019 0.882118
379100 -16125.4 -19989.2 299.196 -140.624 0.88187
379200 -16091 -19997.8 302.527 134.304 0.882229
379300 -16157.9 -20008.2 298.154 75.7424 0.881557
379400 -16228.5 -20067.6 297.283 -16.8801 0.880026
379500 -16252.6 -20047.9 293.892 -57.0273 0.878729
379600 -16170 -20000.3 296.605 -118.031 0.878236
379700 -16074.2 -19932.8 298.8 9.34837 0.878505
379800 -16067.6 -19929.1 299.019 -102.804 0.879385
379900 -16100 -19969.1 299.607 429.067 0.880387
380000 -16187.2 -19997.5 295.056 -152.362 0.878194
380100 -16213.9 -20056 297.517 -150.909 0.876921
380200 -16213.5 -20044.7 296.676 267.529 0.876755
380300 -16150.8 -20026.7 300.128 -108.905 0.874645
380400 -16082.8 -19963.9 300.538 -83.9032 0.873242
380500 -16076.7 -19929 298.31 -54.2888 0.872759
380600 -16101.5 -19947.6 297.831 42.989 0.872736
380700 -16153.6 -19950.2 293.99 -185.145 0.872843
380800 -16164.8 -20006 297.452 -12.7722 0.874399
380900 -16122 -19977.9 298.588 264.619 0.876006
381000 -16056.6 -19948.8 301.394 123.804 0.875225
381100 -16019.1 -19898.7 300.426 -235.657 0.873417
381200 -16045.3 -19928.4 300.69 -104.995 0.873379
381300 -16149 -19989.6 297.4 -71.371 0.874835
381400 -16192.9 -20010.5 295.614 265.842 0.876668
381500 -16191.2 -20037.5 297.841 43.4843 0.876705
381600 -16149.7 -19993.4 297.64 38.4437 0.87573
381700 -16045.2 -19937.1 301.379 -242.119 0.874507
381800 -16035.1 -19920.4 300.863 78.1912 0.875012
381900 -16121.1 -20008.2 300.997 7.79608 0.875457
382000 -16204 -20069.1 299.302 39.8355 0.875729
382100 -16218.2 -20026.5 294.899 91.1207 0.875436
382200 -16168.2 -20008.3 297.365 -37.0756 0.874353
382300 -16084.8 -19949.7 299.284 -47.4304 0.87343
382400 -16042.3 -19943.8 302.119 13.5269 0.8728
382500 -16087.9 -19986.9 301.924 -155.611 0.872287
382600 -16123.9 -19945.1 295.901 -112.908 0.873082
382700 -16107.5 -19977.2 299.656 174.241 0.874752
382800 -16122.8 -19986.3 299.172 -108.449 0.875488
382900 -16215.6 -20056.7 297.442 157.004 0.876744
383000 -16293.9 -20140.7 297.886 54.0114 0.877106
383100 -16316.6 -20126 294.981 43.3756 0.876714
383200 -16285 -20131.7 297.876 79.9861 0.875797
383300 -16258.3 -20104.8 297.854 -5.53661 0.87399
383400 -16256.1 -20119.7 299.18 -196.938 0.872227
383500 -16255.8 -20079.7 296.106 -168.117 0.872226
383600 -16230.4 -20086.9 298.637 18.8808 0.873904
383700 -16209.7 -20061.7 298.287 11.5496 0.875715
383800 -16151.2 -20045.3 301.542 210.143 0.877339
383900 -16108.5 -20003.6 301.615 94.6784 0.877343
384000 -16155.2 -20007.6 298.313 -134.804 0.876458
384100 -16248 -20127.8 300.439 180.992 0.876125
384200 -16326.8 -20130.6 294.552 50.1556 0.874328
384300 -16294.8 -20095.1 294.281 -117.344 0.87203
384400 -16209.8 -20027.4 295.616 -46.8329 0.870574
384500 -16147.6 -19992.5 297.735 -132.923 0.869512
384600 -16116.6 -19993.6 300.221 -177.746 0.869761
384700 -16153.8 -20035 300.552 -46.0734 0.871686
384800 -16262.7 -20077.5 295.404 79.828 0.87433
384900 -16267.1 -20078.4 295.137 169.661 0.87657
385000 -16235.7 -20120 300.787 274.113 0.877126
385100 -16263.4 -20087.6 296.128 -53.4842 0.875577
385200 -16284.6 -20084.1 294.216 124.994 0.873706
385300 -16200.5 -20068.6 299.533 72.0213 0.870574
385400 -16131.3 -20020.9 301.194 -168.47 0.866467
385500 -16143.9 -19994.9 298.207 -157.082 0.863596
385600 -16188 -19985.3 294.05 -138.748 0.862265
385700 -16218.9 -20029.9 295.109 -557.049 0.863082
385800 -16197.1 -20056.8 298.883 179.38 0.868354
385900 -16162.8 -20027.8 299.29 269.566 0.872483
386000 -16156.9 -20028.7 299.817 -4.57924 0.87394
386100 -16212.8 -20066.1 298.386 87.5614 0.874811
386200 -16292.5 -20078.6 293.18 16.3563 0.875055
386300 -16264.1 -20077.8 295.318 138.724 0.874899
386400 -16186.5 -20084.9 301.876 149.832 0.87345
386500 -16186.9 -20010.2 296.065 -89.2666 0.871001
386600 -16164.6 -20021 298.631 -13.8135 0.869438
386700 -16164.4 -20043.1 300.349 155.615 0.867864
386800 -16233.3 -20031.3 294.107 -245.026 0.865448
386900 -16299.5 -20056.7 290.944 -279.437 0.865515
387000 -16200 -19991.1 293.566 149.934 0.867696
387100 -16110.1 -19966.3 298.613 -91.6099 0.868952
387200 -16068.9 -19919.8 298.198 -239.222 0.870715
387300 -16041.6 -19963.6 303.701 127.449 0.873528
387400 -16130.6 -19985 298.469 35.391 0.875079
387500 -16196 -20043 297.898 85.7586 0.875662
387600 -16206.5 -20008.1 294.377 -94.2349 0.875567
387700 -16153 -20013.9 298.974 73.2832 0.876278
387800 -16119.8 -20004.1 300.789 195.013 0.876266
387900 -16173.3 -20050.7 300.248 16.5629 0.874708
388000 -16281.1 -20083.7 294.46 -6.63266 0.872914
388100 -16269.4 -20057.7 293.352 -165.758 0.871445
388200 -16168.5 -20007.2 297.252 -94.367 0.871451
388300 -16107.4 -19965.4 298.75 90.4475 0.872326
388400 -16097 -19980.5 300.727 -128.644 0.873007
388500 -16165.9 -19966.9 294.332 79.246 0.874461
388600 -16219 -20012.5 293.754 -162.696 0.875391
388700 -16142.8 -19985.7 297.575 -206.969 0.877441
388800 -16054.8 -19959.3 302.344 91.5444 0.881432
388900 -16098.3 -19980.8 300.644 340.635 0.884251
389000 -16172.4 -20005.1 296.783 101.432 0.884179
389100 -16190.7 -20055.3 299.264 45.0631 0.882965
389200 -16226.5 -20068.2 297.489 141.494 0.881139
389300 -16246.1 -20046.1 294.261 -184.319 0.878489
389400 -16133.6 -19996.6 299.135 -163.445 0.877348
389500 -16062.1 -19977.1 303.16 -116.888 0.877866
389600 -16137.2 -20019 300.597 -28.1674 0.8795
389700 -16225 -20027.6 294.454 38.7316 0.881571
389800 -16219.9 -20073.5 298.406 283.173 0.882893
389900 -16200.5 -20063.4 299.125 70.2107 0.881699
390000 -16221.2 -20069.7 298.01 119.778 0.879415
390100 -16276.7 -20084.8 294.877 -18.9719 0.876526
390200 -16294.7 -20104.1 294.992 114.14 0.873701
390300 -16223.8 -20066.8 297.585 -38.7938 0.870289
390400 -16125.9 -19951.6 296.243 -334.643 0.867825
390500 -16069 -19936.7 299.498 51.4218 0.868023
390600 -16075.8 -19965.3 301.189 -50.2915 0.868428
390700 -16147.7 -19988.4 297.407 72.8499 0.868764
390800 -16178.5 -20004 296.238 -188.86 0.868789
390900 -16164.2 -20003.1 297.269 -53.3497 0.870483
391000 -16156.5 -20045.5 301.145 280.987 0.87213
391100 -16223.5 -20078.8 298.544 -67.3483 0.871517
391200 -16302.7 -20088.4 293.152 -276.454 0.871507
391300 -16279.6 -20092.7 295.276 -54.202 0.873784
391400 -16231.1 -20090.3 298.847 60.1655 0.876508
391500 -16208.6 -20080.5 299.828 301.057 0.87801
391600 -16250.1 -20099.6 298.086 -268.65 0.877429
391700 -16345.6 -20139 293.752 102.979 0.878231
391800 -16344.6 -20134.2 293.452 414.897 0.877962
391900 -16248.7 -20082 296.835 42.1096 0.874659
392000 -16198.3 -20035.8 297.166 -6.82291 0.871223
392100 -16172.2 -20018.4 297.837 -222.025 0.868487
392200 -16126.7 -19946.2 295.767 -204.84 0.868127
392300 -16043.1 -19957.5 303.112 198.327 0.869585
392400 -16057.9 -19942.6 300.823 -55.136 0.869589
392500 -16116.8 -19970 298.377 86.7996 0.86951
392600 -16140.2 -19978.2 297.201 -210.209 0.869229
392700 -16116.3 -19935.4 295.738 -159.929 0.870652
392800 -16063.5 -19994.5 304.401 201.24 0.873247
392900 -16140.5 -20010.2 299.657 5.34484 0.874289
393000 -16203.1 -20042 297.268 -31.6547 0.875158
393100 -16207.3 -20043.6 297.069 -6.64282 0.876443
393200 -16192.5 -20059.1 299.414 106.39 0.877466
393300 -16204.6 -20059.3 298.494 21.7359 0.877669
393400 -16246.1 -20022.6 292.443 -26.6562 0.877628
393500 -16183.7 -20041.1 298.708 191.191 0.877506
393600 -16108.4 -19974 299.337 19.0584 0.875827
393700 -16092.4 -19960.8 299.551 -95.1721 0.873727
393800 -16112.3 -19918.4 294.726 -339.049 0.872901
393900 -16051.3 -19946 301.586 -4.02433 0.87496
394000 -16021.2 -19933.7 302.973 164.369 0.87737
394100 -16102.7 -19944.2 297.472 242.937 0.878066
394200 -16159.2 -19967.5 294.899 42.9621 0.876698
394300 -16128 -19974.2 297.831 -45.7825 0.874699
394400 -16072.5 -19967.8 301.637 -196.685 0.873317
394500 -16047.3 -19962.9 303.212 125.542 0.873412
394600 -16128.5 -19977.3 298.03 10.8212 0.872794
394700 -16189.7 -20007.5 295.631 -46.0484 0.871702
394800 -16183.3 -19999.6 295.521 32.3388 0.870812
394900 -16097.7 -19973.9 300.163 -47.1187 0.8699
395000 -16048.3 -19913 299.265 168.008 0.869039
395100 -16056 -19914.9 298.815 -126.775 0.866849
395200 -16095 -19950.5 298.551 -245.947 0.865497
395300 -16227.9 -20032.3 294.592 -159.826 0.866421
395400 -16248.5 -20042.8 293.819 63.7778 0.869327
395500 -16170.3 -20024.3 298.439 273.195 0.871848
395600 -16128.6 -20022.7 301.545 158.181 0.871781
395700 -16158.2 -19971.4 295.277 -114.394 0.870381
395800 -16158.7 -19998.5 297.345 142.122 0.869458
395900 -16104.5 -19984.5 300.454 -53.373 0.867292
396000 -16074.3 -19942.5 299.539 -136.077 0.865122
396100 -16068.3 -19897.2 296.498 -179.014 0.864212
396200 -16031.8 -19924 301.395 -87.7796 0.864943
396300 -16032.8 -19922.3 301.181 -40.8638 0.866733
396400 -16132 -19966.4 296.92 -43.7957 0.869308
396500 -16192.5 -20030.6 297.213 -100.865 0.873143
396600 -16207.3 -20072.5 299.313 269.03 0.877651
396700 -16255.9 -20059.9 294.564 93.1036 0.8803
396800 -16327.9 -20148.4 295.84 -8.68581 0.882028
396900 -16404.1 -20192.8 293.377 148.334 0.883549
397000 -16373.3 -20183.2 295.027 223.701 0.883783
397100 -16277.6 -20103.4 296.254 193.912 0.881604
397200 -16231.3 -20073.2 297.504 -160.575 0.877825
397300 -16196.5 -20035 297.236 -12.3433 0.875248
397400 -16137.3 -19998.1 298.961 -44.1845 0.873046
397500 -16042 -19929.9 301.064 -65.1606 0.871374
397600 -15993.8 -19909.2 303.19 45.695 0.870156
397700 -16102 -19931.7 296.557 -188.664 0.868904
397800 -16162.4 -19961.1 294.153 -245.253 0.869399
397900 -16105 -19963.5 298.783 -24.1474 0.872167
398000 -16061.9 -19928.3 299.399 49.8692 0.875395
398100 -16063.4 -19962.9 301.962 254.962 0.877617
398200 -16170.2 -20014.6 297.696 227.857 0.877423
398300 -16225.2 -20038.6 295.296 -48.7792 0.875338
398400 -16205.3 -20043.6 297.224 0.350605 0.873621
398500 -16135.3 -19992.2 298.67 1.11994 0.872091
398600 -16062.1 -19952.2 301.239 46.0847 0.87025
398700 -16060.6 -19914.6 298.438 -353.809 0.868701
398800 -16066.1 -19913.8 297.949 -78.7996 0.8699
398900 -16074.3 -19928.4 298.447 -22.275 0.872157
399000 -16076.8 -19941.9 299.297 -88.8765 0.874942
399100 -16105.5 -19959 298.402 281.311 0.877936
399200 -16189.4 -20000 295.074 100.374 0.878632
399300 -16208.5 -20005 293.988 -61.2115 0.878216
399400 -16108.6 -19996.1 301.033 103.088 0.878008
399500 -16066.7 -19957.2 301.271 202.5 0.876905
399600 -16094.9 -19954 298.827 -112.43 0.874442
399700 -16130.2 -19972.4 297.525 -147.953 0.872753
399800 -16159.3 -19997 297.172 -61.4396 0.87241
399900 -16198.2 -19997.1 294.17 -116.367 0.872999
400000 -16180 -20032.9 298.356 198.946 0.87428
400100 -16137.3 -20027.9 301.275 126.075 0.874076
400200 -16152 -19994.5 297.544 103.358 0.872181
400300 -16187.8 -20029.5 297.48 -240.426 0.869536
400400 -16239 -20013.7 292.297 -316.414 0.86927
400500 -16192.5 -20037 297.699 34.6621 0.871807
400600 -16102.7 -20016.8 303.089 35.7908 0.874382
400700 -16121.6 -19986 299.246 83.0944 0.876573
400800 -16154.1 -19998.1 297.665 -51.1575 0.87813
400900 -16159.3 -20026.4 299.454 228.007 0.879515
401000 -16186.3 -20045.1 298.808 72.4714 0.879238
401100 -16235.1 -20073.1 297.197 -89.3761 0.878028
401200 -16274.2 -20060.6 293.205 73.8526 0.877373
401300 -16219.8 -20054.6 296.952 29.2712 0.876455
401400 -16127.4 -20003.7 300.163 62.8827 0.874905
401500 -16118.1 -20019.9 302.142 -70.9732 0.873136
401600 -16209.9 -20076.5 299.412 -41.9668 0.871682
401700 -16266 -20069.8 294.553 28.7051 0.870644
401800 -16226.4 -20048.4 295.961 -68.0658 0.869539
401900 -16156.3 -20032.7 300.17 -192.204 0.869158
402000 -16150.2 -20019.9 299.647 77.4275 0.870273
402100 -16173.9 -20018.7 297.73 -23.01 0.871082
402200 -16178.4 -20033.5 298.527 -109.766 0.872382
402300 -16186.7 -20036.6 298.123 -52.671 0.874746
402400 -16204.3 -20072.4 299.53 111.617 0.877554
402500 -16299.9 -20103.9 294.565 116.051 0.879639
402600 -16347.2 -20153.9 294.777 197.495 0.880632
402700 -16303.3 -20139.3 297.045 -13.2956 0.879975
402800 -16254.4 -20067.4 295.266 -52.4082 0.879265
402900 -16204.4 -20002.5 294.107 -113.493 0.878995
403000 -16146.4 -20010.8 299.237 -31.7666 0.879543
403100 -16159.6 -20077 303.347 402.45 0.880286
403200 -16251.2 -20065.7 295.381 -144.237 0.878187
403300 -16245 -20068 296.045 32.8035 0.876094
403400 -16191.8 -20040.9 298.062 -203.063 0.874009
403500 -16162.2 -20034.6 299.866 158.31 0.873034
403600 -16183 -20016.1 296.815 -212.636 0.871497
403700 -16232.8 -20069.6 297.105 -103.326 0.871157
403800 -16311.1 -20105.8 293.849 -137.924 0.872108
403900 -16303.1 -20109.3 294.739 -22.7475 0.874561
404000 -16211.9 -20052.1 297.375 152.291 0.877561
404100 -16143.6 -19984.8 297.452 142.429 0.879439
404200 -16117.2 -19994.3 300.229 106.541 0.880275
404300 -16150.6 -20028.2 300.268 223.128 0.879688
404400 -16270.8 -20079.2 294.904 -117.068 0.877061
404500 -16281.4 -20093 295.155 -60.2177 0.874874
404600 -16241.5 -20087.7 297.832 86.6313 0.873323
404700 -16183.5 -20007.4 296.107 -199.418 0.871331
404800 -16086.2 -19982 301.676 -196.669 0.870873
404900 -16088.9 -19977.3 301.098 1.8406 0.872173
405000 -16143 -19996.9 298.434 55.0909 0.873643
405100 -16190.9 -20049.4 298.789 -15.5896 0.874924
405200 -16248.5 -20091.7 297.602 -2.12873 0.876538
405300 -16272.9 -20063 293.484 173.719 0.878067
405400 -16233 -20075.6 297.555 188.862 0.87791
405500 -16214 -20020.1 294.727 -272.355 0.876403
405600 -16144.7 -20019.5 300.049 -49.7298 0.8769
405700 -16129.6 -20043.7 303.096 235.564 0.877788
405800 -16213.4 -20030.7 295.599 -130.905 0.87693
405900 -16229.5 -20042.8 295.288 -130.684 0.877154
406000 -16199.1 -20056.7 298.72 168.843 0.878525
406100 -16184 -20028.8 297.728 -23.5869 0.878727
406200 -16185.1 -20073 301.06 -110.702 0.878998
406300 -16217.2 -20065 297.964 135.114 0.880034
406400 -16231.7 -20081 298.078 -49.5391 0.880434
406500 -16241.4 -20080.9 297.315 149.502 0.880839
406600 -16285.4 -20115.7 296.604 -50.413 0.880226
406700 -16338.3 -20125 293.225 -124.573 0.879771
406800 -16301.6 -20144.7 297.592 -80.2382 0.880558
406900 -16211.5 -20081.1 299.652 157.681 0.882182
407000 -16177.7 -20076.7 301.922 153.088 0.882651
407100 -16217.8 -20075.4 298.716 143.76 0.881198
407200 -16239.8 -20048 294.893 -83.9969 0.878274
407300 -16198.8 -20014.8 295.497 -31.082 0.876015
407400 -16153.4 -20014.8 299.01 42.0913 0.874038
407500 -16158.4 -20013.1 298.498 -4.97076 0.871753
407600 -16181.2 -20019.6 297.227 -263.51 0.869876
407700 -16224 -20018.1 293.799 -366.204 0.870412
407800 -16233.3 -20112.6 300.402 -129.21 0.874424
407900 -16265.1 -20077.8 295.242 186.428 0.87956
408000 -16286.1 -20119.2 296.827 145.074 0.882862
408100 -16262.8 -20132.8 299.677 264.283 0.884262
408200 -16242.6 -20125.1 300.648 149.023 0.883296
408300 -16287.6 -20107.8 295.826 8.70581 0.880894
408400 -16317.4 -20119.2 294.395 -274.669 0.878724
408500 -16239.2 -20102.5 299.164 -70.7776 0.878959
408600 -16176.5 -20067.5 301.302 127.304 0.879946
408700 -16194.9 -20051.1 298.613 -66.5058 0.880004
408800 -16223.5 -20046.3 296.021 135.227 0.88025
408900 -16199 -20059.1 298.912 21.5007 0.879569
409000 -16108.5 -20020.6 302.935 -85.7327 0.878601
409100 -16135.7 -20037.8 302.163 301.152 0.877878
409200 -16226.2 -20028.5 294.43 -22.0741 0.874822
409300 -16215.7 -20031.6 295.49 -359.535 0.872388
409400 -16144.8 -20017.6 299.897 5.8922 0.873017
409500 -16127.7 -20021.5 301.526 -15.5254 0.874011
409600 -16219.5 -20012.6 293.721 33.1725 0.874776
409700 -16353 -20135.7 292.919 -240.665 0.875642
409800 -16425.6 -20172.5 290.147 72.1848 0.87835
409900 -16361.4 -20156 293.841 162.81 0.88046
410000 -16286 -20134 297.98 32.0992 0.881256
410100 -16233.7 -20110.9 300.232 193.339 0.881465
410200 -16242.5 -20114.3 299.815 252.653 0.879643
410300 -16335.5 -20125.7 293.492 7.04339 0.875568
410400 -16359.4 -20145.8 293.202 -331.087 0.872244
410500 -16252.6 -20094.9 297.535 -4.34689 0.871623
410600 -16205.7 -20048.9 297.607 -193.931 0.871673
410700 -16189.7 -20043.1 298.393 -125.375 0.873295
410800 -16175.6 -20039.3 299.193 -44.2248 0.875767
410900 -16184.1 -20027.4 297.608 1.54588 0.87811
411000 -16207.2 -20049.1 297.5 159.811 0.879822
411100 -16253.2 -20120.3 299.448 58.6818 0.879935
411200 -16324.5 -20114.1 293.451 8.01489 0.879345
411300 -16306.7 -20157.2 298.168 -186.05 0.879047
411400 -16237.1 -20109.2 299.84 -50.5771 0.880276
411500 -16137.9 -20026.8 301.136 216.461 0.881859
411600 -16136.5 -20020.7 300.779 104.745 0.881397
411700 -16211.1 -20059.6 298.015 36.8113 0.879795
411800 -16288.6 -20094.8 294.733 85.386 0.878029
411900 -16278.4 -20079.9 294.372 129.515 0.875471
412000 -16221.2 -20056.4 296.982 -91.8519 0.872318
412100 -16142.2 -19973.8 296.707 -105.24 0.869983
412200 -16071.3 -19931.2 298.9 -98.0575 0.868893
412300 -16060.7 -19943.9 300.697 -144.235 0.869092
412400 -16122.8 -20036.9 303.092 259.896 0.87001
412500 -16196.8 -20039.7 297.584 -78.057 0.86931
412600 -16214.4 -20083.1 299.574 -76.0655 0.86897
412700 -16260.2 -20104.6 297.698 15.2772 0.869131
412800 -16312.8 -20119.6 294.782 -158.223 0.869515
412900 -16291.5 -20119.9 296.452 -75.4754 0.871317
413000 -16182.9 -20067.5 300.81 183.065 0.873595
413100 -16150.9 -20045.9 301.612 -90.7335 0.874844
413200 -16206.7 -20062.1 298.545 220.558 0.876043
413300 -16277.1 -20095.4 295.672 57.4928 0.875382
413400 -16287.5 -20122.5 296.965 -138.544 0.87419
413500 -16270.8 -20082.2 295.14 167.719 0.874239
413600 -16217.1 -20069.4 298.31 -56.1412 0.873287
413700 -16155.1 -20018.5 299.17 -119.731 0.872389
413800 -16115.4 -20008.1 301.436 -90.6608 0.872727
413900 -16167.8 -20006.2 297.234 -72.2159 0.87388
414000 -16270.2 -20078.5 294.898 14.0416 0.875779
414100 -16270.8 -20089.3 295.692 146.405 0.877645
414200 -16224 -20119.8 301.679 4.25123 0.878487
414300 -16264 -20125.4 299.007 -142.37 0.879301
414400 -16379.9 -20182.5 294.457 -84.3622 0.881556
414500 -16390.3 -20213.1 296.018 35.2977 0.88513
414600 -16332 -20174.9 297.574 135.239 0.888917
414700 -16285.9 -20197.5 302.899 462.287 0.891384
414800 -16323.8 -20148.1 296.134 59.0265 0.890088
414900 -16324 -20156.3 296.759 -66.2915 0.887491
415000 -16311.9 -20147.8 297.033 59.381 0.884866
415100 -16281.9 -20124.1 297.525 -159.243 0.881681
415200 -16222.8 -20075.3 298.326 -200.472 0.879384
415300 -16154.2 -20043.5 301.171 -93.6143 0.879028
415400 -16122.1 -20048 304.001 65.0864 0.879431
415500 -16236.8 -20093.6 298.656 -108.594 0.879363
415600 -16301.7 -20112.3 295.081 -170.538 0.88073
415700 -16281.6 -20145.7 299.22 352.722 0.883566
415800 -16276.7 -20128.8 298.289 266.999 0.883865
415900 -16282 -20100.9 295.723 -83.4449 0.881463
416000 -16235.4 -20074.7 297.297 -99.8657 0.879305
416100 -16151.1 -20030.8 300.432 -201.056 0.878154
416200 -16124.3 -20009.2 300.832 62.4567 0.878509
416300 -16200.1 -20068.4 299.543 -60.4823 0.878671
416400 -16291.2 -20109.2 295.657 -208.231 0.879372
416500 -16276.8 -20098.7 295.954 160.76 0.881768
416600 -16209.4 -20056.3 297.888 407.905 0.882975
416700 -16167.3 -20066.6 301.942 131.555 0.880565
416800 -16198.4 -20020.8 295.993 -387.131 0.87693
416900 -16231.6 -20083.8 298.295 -170.244 0.876582
417000 -16305.2 -20098.5 293.735 -92.4756 0.8781
417100 -16296 -20118.2 295.974 -50.5243 0.880601
417200 -16227 -20113.8 300.982 183.797 0.883377
417300 -16208 -20087.4 300.405 190.583 0.884431
417400 -16288.3 -20101.8 295.304 37.5214 0.883974
417500 -16353.8 -20156.8 294.494 89.0164 0.882721
417600 -16318.4 -20126.4 294.882 -335.564 0.881284
417700 -16217.7 -20109.7 301.377 159.799 0.881953
417800 -16218.8 -20079 298.918 48.6914 0.881788
417900 -16226.9 -20039.8 295.259 38.6509 0.881031
418000 -16185.5 -20056.6 299.76 49.2902 0.879665
418100 -16144 -19978.5 296.929 -106.132 0.878119
418200 -16056 -19973.7 303.368 48.7198 0.877146
418300 -16084.8 -19986 302.097 -115.759 0.875886
418400 -16180.2 -20027.3 297.909 -204.387 0.875767
418500 -16201.6 -20023.6 295.96 -217.417 0.877807
418600 -16166 -20025.5 298.869 29.4519 0.881976
418700 -16154.2 -20072.4 303.411 341.768 0.886062
418800 -16268.6 -20119.3 298.185 313.465 0.887125
418900 -16313.3 -20128.7 295.453 326.189 0.884868
419000 -16280.2 -20110.5 296.601 8.13439 0.87978
419100 -16208.7 -20086.8 300.308 -211.883 0.874663
419200 -16185 -20034.5 298.088 -86.168 0.871807
419300 -16129.4 -20037.1 302.6 -243.637 0.870629
419400 -16089.6 -20003.1 303.052 -91.6645 0.871482
419500 -16159.8 -20025 299.307 -246.739 0.873418
419600 -16252.4 -20087.4 296.967 -3.36977 0.876717
419700 -16269 -20088.4 295.762 19.2617 0.879689
419800 -16243.2 -20118.2 300.069 104.021 0.881692
419900 -16273.8 -20138.7 299.282 13.89 0.882473
420000 -16390.2 -20173.4 292.952 196.424 0.882523
420100 -16381 -20181.5 294.293 -179.14 0.881489
420200 -16302.1 -20157.1 298.516 -131.081 0.881691
420300 -16261.7 -20129.1 299.481 81.4643 0.883015
420400 -16267.5 -20115.2 297.948 241.402 0.883545
420500 -16273.8 -20113.4 297.321 -145.653 0.882317
420600 -16238.2 -20136.3 301.854 -48.7901 0.881867
420700 -16176.6 -20046.9 299.698 126.93 0.881965
420800 -16158.9 -20040.9 300.61 78.2991 0.881192
420900 -16202.7 -20057.1 298.474 30.0088 0.879435
421000 -16275.7 -20108.4 296.791 -205.283 0.877473
421100 -16315.5 -20125.7 295.049 -276.294 0.877653
421200 -16288.1 -20139.1 298.204 -7.60978 0.880443
421300 -16196.2 -20099.1 302.227 307.577 0.883121
421400 -16191.6 -20074.5 300.678 69.9462 0.883179
421500 -16269.2 -20086.7 295.618 -127.275 0.882332
421600 -16328.1 -20167.8 297.33 109.963 0.882339
421700 -16406.2 -20219.2 295.259 256.059 0.881416
421800 -16494.5 -20254.6 291.172 -324.833 0.878887
421900 -16442.9 -20240.3 294.059 -107.34 0.878663
422000 -16387.5 -20213.7 296.289 86.3488 0.879467
422100 -16325.8 -20172 297.84 -15.2949 0.879588
422200 -16285.8 -20153 299.462 -149.213 0.88015
422300 -16261.5 -20099.8 297.224 236.656 0.881706
422400 -16158 -20064.6 302.511 155.978 0.881427
422500 -16134.5 -20028.5 301.537 -44.0378 0.879787
422600 -16224.6 -20097.9 299.94 -155.98 0.878364
422700 -16299.5 -20112.3 295.246 -446.882 0.878723
422800 -16265.2 -20091.4 296.286 12.0048 0.882957
422900 -16216.4 -20111.5 301.618 510.862 0.887246
423000 -16265 -20137 299.837 151.021 0.887277
423100 -16353 -20164.6 295.151 -58.2379 0.885463
423200 -16355.2 -20180.3 296.198 86.4291 0.883727
423300 -16317.9 -20129.2 295.135 -268.949 0.881798
423400 -16261.3 -20128.5 299.459 280.35 0.881583
423500 -16268 -20119.2 298.227 -17.1715 0.879739
423600 -16264.4 -20080.3 295.49 -42.7497 0.877413
423700 -16215.6 -20072.8 298.691 -136.349 0.875687
423800 -16182.9 -20032.9 298.127 -53.9237 0.874873
423900 -16175.9 -20021.5 297.792 -163.606 0.875016
424000 -16184.6 -20090.8 302.48 168.13 0.876409
424100 -16263.9 -20098.5 296.937 -70.0548 0.876975
424200 -16303.2 -20141.5 297.217 121.714 0.877588
424300 -16312.5 -20145.2 296.787 -158.079 0.877712
424400 -16279 -20125.8 297.883 -127.833 0.87915
424500 -16196 -20093.5 301.803 125.772 0.882055
424600 -16198.5 -20062.4 299.204 279.445 0.884345
424700 -16254.8 -20066 295.125 123.07 0.884163
424800 -16299.2 -20098 294.161 -64.9791 0.882477
424900 -16250.1 -20141 301.295 184.761 0.880602
425000 -16191.4 -20064.3 299.899 -21.4311 0.877244
425100 -16146.5 -20028.8 300.627 -43.7067 0.873221
425200 -16152.4 -20000.4 297.978 -261.845 0.869417
425300 -16168.2 -19984.8 295.541 -250.884 0.86789
425400 -16148.8 -20011.2 299.084 -114.57 0.868579
425500 -16134.5 -20003.8 299.623 -48.4212 0.870871
425600 -16166.8 -20017.2 298.161 17.4768 0.873859
425700 -16238.8 -20064.9 296.283 -50.5332 0.876797
425800 -16314.1 -20157 297.581 127.704 0.880243
425900 -16363.3 -20149.4 293.187 16.9203 0.882828
426000 -16303.4 -20143.6 297.373 217.718 0.884978
426100 -16171.1 -20055.7 300.805 268.653 0.885149
426200 -16163.3 -20050.5 301.008 8.87022 0.882794
426300 -16225.7 -20059 296.838 -151.632 0.880132
426400 -16252.3 -20055.4 294.502 -214.638 0.87914
426500 -16200.3 -20110.5 302.79 83.14 0.879901
426600 -16232.3 -20079.3 297.895 119.907 0.880092
426700 -16335.6 -20155 295.764 154.242 0.878946
426800 -16346.2 -20114.7 291.817 -181.911 0.876405
426900 -16260.7 -20067.6 294.79 -381.075 0.875631
427000 -16211 -20076.8 299.351 -67.1847 0.878343
427100 -16223.5 -20093 299.637 83.8883 0.882064
427200 -16292.8 -20150.2 298.697 267.598 0.885023
427300 -16374.6 -20204 296.533 78.0826 0.885615
427400 -16403.4 -20217.5 295.348 42.5645 0.885061
427500 -16379.7 -20193.7 295.342 -22.5202 0.884318
427600 -16327.8 -20147.3 295.769 152.409 0.883272
427700 -16262.4 -20112.9 298.169 -40.7794 0.881192
427800 -16237.7 -20127.3 301.199 -115.821 0.879356
427900 -16282.3 -20129 297.873 -9.43919 0.878285
428000 -16324.1 -20133.6 294.99 -121.675 0.877915
428100 -16263.2 -20118.1 298.512 38.6403 0.878393
428200 -16118.2 -20002.1 300.759 47.4094 0.87835
428300 -16136.8 -20029.9 301.47 -136.049 0.878187
428400 -16225.5 -20097.9 299.863 -190.3 0.879601
428500 -16306.4 -20145.2 297.263 109.792 0.882627
428600 -16340.2 -20153.8 295.315 176.4 0.885211
428700 -16293.6 -20119.5 296.267 180.018 0.886455
428800 -16187.1 -20078.1 301.303 81.1041 0.886158
428900 -16175.7 -20071.3 301.659 80.4364 0.884576
429000 -16238.2 -20124.5 300.937 117.591 0.881716
429100 -16296 -20122.2 296.287 -159.112 0.877734
429200 -16294.9 -20114.2 295.756 -280.477 0.874967
429300 -16226.9 -20074.9 297.975 -113.003 0.874591
429400 -16156.1 -20051.7 301.658 2.83126 0.875502
429500 -16176.1 -20029.2 298.373 49.5574 0.876558
429600 -16192.1 -20045.7 298.414 -107.501 0.87732
429700 -16237.8 -20079.6 297.499 52.7913 0.879058
429800 -16341.9 -20148.2 294.745 -67.0849 0.880722
429900 -16371.4 -20179 294.848 53.0629 0.882852
430000 -16323.8 -20183.8 298.901 196.87 0.884864
430100 -16201.6 -20073.6 299.834 47.2012 0.885506
430200 -16099.6 -19999.6 302.001 274.521 0.884826
430300 -16146.6 -20002.7 298.606 -151.356 0.881887
430400 -16209.9 -20039.9 296.58 -277.503 0.879904
430500 -16247.4 -20099.8 298.317 145.26 0.880098
430600 -16317.9 -20111 293.717 -129.291 0.879622
430700 -16357.9 -20139.2 292.809 -283.744 0.880426
430800 -16253.2 -20138.7 300.878 99.2551 0.883902
430900 -16225.1 -20141.3 303.255 171.631 0.887005
431000 -16290.8 -20130.2 297.312 -18.6628 0.888745
431100 -16323 -20186.4 299.168 354.81 0.890069
431200 -16375.5 -20212.9 297.149 105.238 0.88863
431300 -16427.7 -20206.5 292.616 213.672 0.885432
431400 -16395.3 -20218.3 296.041 48.3957 0.880338
431500 -16277.9 -20095.5 295.62 -203.535 0.874526
431600 -16197.4 -20065.2 299.504 -312.228 0.871104
431700 -16172 -20020.9 298.045 -229.207 0.87131
431800 -16157.1 -20036 300.371 -74.6993 0.873535
431900 -16184.9 -20030.5 297.791 -2.60331 0.876089
432000 -16269.7 -20112 297.53 119.285 0.878525
432100 -16332.6 -20145.9 295.288 -70.4357 0.879907
432200 -16318.7 -20147.1 296.453 55.2707 0.881259
432300 -16220.2 -20111.3 301.309 121.762 0.882186
432400 -16161.2 -20053.7 301.417 115.269 0.881743
432500 -16182.3 -20019.4 297.133 -65.2372 0.880558
432600 -16185.3 -20041.4 298.599 95.6159 0.879767
432700 -16240 -20147.9 302.612 151.963 0.878118
432800 -16354.7 -20146.3 293.614 -27.5088 0.875366
432900 -16316.2 -20108 293.62 22.0059 0.872715
433000 -16224.8 -20101.1 300.168 -211.437 0.870504
433100 -16195.3 -20045.3 298.129 -138.921 0.870266
433200 -16196.6 -20062.1 299.326 -3.96587 0.871388
433300 -16254.9 -20036.1 292.8 68.0797 0.872636
433400 -16249.3 -20068.1 295.718 102.657 0.873059
433500 -16164.7 -20059.4 301.589 -38.8098 0.872751
433600 -16144.4 -20052.2 302.605 316.908 0.872109
433700 -16230.3 -20048.9 295.7 -62.5227 0.869121
433800 -16244.5 -20050.7 294.745 -236.532 0.866749
433900 -16212.1 -20075.3 299.144 -55.6325 0.866583
434000 -16209.1 -20046.4 297.15 -77.155 0.867279
434100 -16184.3 -20012.7 296.457 42.4156 0.868593
434200 -16061.6 -19957.6 301.696 -132.636 0.869751
434300 -16044.3 -19927.4 300.695 -257.656 0.872162
434400 -16109.1 -19980.5 299.785 209.646 0.876675
434500 -16190.7 -20041.4 298.18 166.607 0.879668
434600 -16205.2 -20042.6 297.154 5.34828 0.880626
434700 -16200.5 -20081.9 300.56 107.377 0.881108
434800 -16255.1 -20079.2 296.122 12.6761 0.880683
434900 -16356.4 -20151.8 293.897 128.538 0.879973
435000 -16372.3 -20165.4 293.726 67.7675 0.878295
435100 -16264.5 -20126.6 299.066 -183.131 0.876101
435200 -16205.4 -20074.4 299.601 -18.3846 0.87515
435300 -16241.6 -20106.6 299.292 -113.357 0.874881
435400 -16294 -20095.8 294.4 43.9429 0.875615
435500 -16271 -20138.5 299.483 251.338 0.875948
435600 -16234.9 -20092 298.679 -60.5327 0.874179
435700 -16171.1 -20066.7 301.661 -269.923 0.872862
435800 -16146.1 -20021.4 300.092 -44.5187 0.873816
435900 -16193 -20056.7 299.193 -63.3352 0.875447
436000 -16300 -20115.8 295.481 16.2456 0.877764
436100 -16304.7 -20090.3 293.148 312.078 0.879625
436200 -16236.8 -20078.5 297.481 -237.882 0.879275
436300 -16195 -20055.9 298.974 -197.234 0.880824
436400 -16201.6 -20089.3 301.045 99.9746 0.884562
436500 -16260.8 -20125.1 299.237 170.011 0.887418
436600 -16284.8 -20126.3 297.469 116.714 0.888598
436700 -16300.5 -20155 298.482 281.565 0.888465
436800 -16348.7 -20213.7 299.296 93.358 0.885937
436900 -16420.4 -20213.6 293.732 99.5929 0.881853
437000 -16408.8 -20187.9 292.636 -352.112 0.877618
437100 -16272.9 -20133.1 298.921 -160.621 0.876262
437200 -16242.3 -20102.7 298.936 15.8768 0.876475
437300 -16229.7 -20057.7 296.426 -182.771 0.876926
437400 -16177.4 -20056.9 300.415 36.5993 0.878965
437500 -16140.7 -20040.6 301.996 84.3129 0.88078
437600 -16207 -20069 299.058 143.282 0.881433
437700 -16292.8 -20103.1 295.056 289.682 0.880698
437800 -16288.8 -20102.5 295.319 140.407 0.877427
437900 -16210.4 -20056.9 297.856 -286.229 0.873262
438000 -16136.6 -19989.4 298.341 -175.938 0.871635
438100 -16140 -19996.8 298.656 -124.516 0.872144
438200 -16154.5 -19995.8 297.452 -90.2846 0.873715
438300 -16136.2 -19971.1 296.966 -132.673 0.876123
438400 -16064.1 -20005.2 305.184 214.355 0.878848
438500 -16104.8 -19970 299.307 -77.2344 0.880062
438600 -16198.8 -20065.1 299.395 292.784 0.880953
438700 -16247.6 -20097.5 298.126 -136.936 0.879676
438800 -16262.3 -20091.5 296.524 131.941 0.879167
438900 -16244.9 -20100.8 298.587 154.12 0.877886
439000 -16178.3 -20055.8 300.258 -212.745 0.87569
439100 -16099.3 -19979 300.428 -5.29306 0.875316
439200 -16100.8 -20004.3 302.275 55.3998 0.875273
439300 -16198.9 -20030 296.668 -159.768 0.874832
439400 -16228 -20044.4 295.526 -36.2444 0.87567
439500 -16222.5 -20103.3 300.51 107.898 0.8768
439600 -16251.2 -20065.7 295.385 105.156 0.876972
439700 -16206.2 -20035.2 296.508 -36.2859 0.876596
439800 -16075.4 -19994.7 303.495 8.70555 0.876114
439900 -16106.2 -20004.5 301.869 -204.373 0.875846
440000 -16202.5 -20059.2 298.647 -156.527 0.87763
440100 -16256.3 -20091.9 297.007 90.2751 0.880694
440200 -16267.7 -20104.4 297.097 131.95 0.882858
440300 -16258.1 -20130.9 299.898 116.817 0.883614
440400 -16294.6 -20152.7 298.751 22.8999 0.883288
440500 -16376.6 -20190.1 295.298 2.3437 0.882744
440600 -16397.9 -20230.1 296.752 -22.2986 0.882122
440700 -16350 -20185.2 296.983 -52.0812 0.881543
440800 -16239.2 -20136.7 301.808 119.075 0.881269
440900 -16233.2 -20144.9 302.91 112.855 0.880097
441000 -16294.2 -20115.4 295.895 -44.2069 0.877849
441100 -16280.3 -20092.5 295.202 -96.1813 0.875961
441200 -16219.1 -20081.7 299.111 -38.8451 0.875101
441300 -16198.5 -20088.2 301.203 -65.6829 0.874576
441400 -16220.7 -20061.9 297.447 -91.3158 0.874352
441500 -16217.6 -20038.6 295.884 -75.1959 0.875097
441600 -16188.7 -20049 298.929 -15.1435 0.876708
441700 -16183.4 -20038 298.485 19.4051 0.879004
441800 -16216.2 -20025.4 294.97 151.983 0.881427
441900 -16226 -20068.7 297.563 116.004 0.882722
442000 -16210.1 -20060.8 298.185 168.786 0.882721
442100 -16185.8 -20042.1 298.619 7.08381 0.881045
442200 -16137.7 -19998 298.927 -48.6069 0.878574
442300 -16096.5 -20017.5 303.625 -343.719 0.876124
442400 -16163.5 -19968.4 294.639 -20.3929 0.875982
442500 -16234.8 -20074.5 297.336 1.953 0.876744
442600 -16314.7 -20114.5 294.237 -33.0082 0.877754
442700 -16388.7 -20163.1 292.27 137.749 0.878856
442800 -16421.6 -20183.9 291.344 -270.582 0.879578
442900 -16316.1 -20138.2 295.966 136.517 0.882104
443000 -16249.9 -20104 298.445 52.1307 0.884316
443100 -16229.2 -20087.4 298.76 305.716 0.885957
443200 -16229.1 -20099.1 299.68 235.87 0.884776
443300 -16275.2 -20062.2 293.251 40.1163 0.881007
443400 -16256.7 -20101.8 297.753 -13.1674 0.876647
443500 -16186.5 -20077 301.266 -119.027 0.872454
443600 -16174.2 -20068.7 301.575 -60.5895 0.869381
443700 -16264.2 -20055.6 293.591 -338.177 0.867519
443800 -16313.3 -20137.2 296.106 -26.134 0.868536
443900 -16317.5 -20181.2 299.195 14.8259 0.87025
444000 -16329.3 -20160 296.638 51.4383 0.871394
444100 -16323.1 -20123 294.251 -317.25 0.872493
444200 -16244.6 -20125.8 300.539 76.656 0.875896
444300 -16208.6 -20080.3 299.812 -102.981 0.879132
444400 -16234.3 -20097.1 299.122 6.50538 0.882714
444500 -16337 -20149.2 295.208 220.617 0.885844
444600 -16377.2 -20202.1 296.186 153.2 0.886841
444700 -16364.5 -20191.1 296.317 -70.9331 0.886535
444800 -16250.6 -20126.7 300.148 217.92 0.88638
444900 -16186.9 -20067 300.462 178.817 0.884426
445000 -16207.5 -20060.4 298.354 -172.473 0.881202
445100 -16254.8 -20120.1 299.312 71.6978 0.879432
445200 -16354.1 -20173 295.715 112.565 0.877463
445300 -16372.7 -20168.5 293.932 -234.791 0.875102
445400 -16317.2 -20134.7 295.611 -206.334 0.874965
445500 -16267.3 -20144.7 300.248 89.0144 0.876411
445600 -16280.4 -20111.1 296.638 99.4295 0.877015
445700 -16286.4 -20140.3 298.432 -16.3837 0.876882
445800 -16306.8 -20165.1 298.771 -62.1435 0.876798
445900 -16364.5 -20134.7 291.947 -170.249 0.877496
446000 -16309.9 -20104.4 293.836 92.2149 0.879425
446100 -16208.8 -20075.6 299.43 85.2351 0.880624
446200 -16194.8 -20045.3 298.165 188.352 0.880671
446300 -16200.6 -20065.9 299.318 77.7075 0.879136
446400 -16253.1 -20100.7 297.944 -85.021 0.876969
446500 -16334 -20128.6 293.84 -262.567 0.875878
446600 -16301.8 -20106.5 294.624 147.128 0.876657
446700 -16222.1 -20074.6 298.329 -61.1211 0.876826
446800 -16199.1 -20044.3 297.756 97.3362 0.877166
446900 -16196.4 -20053.6 298.694 130.781 0.876617
447000 -16205.8 -20031.3 296.235 -127.001 0.875208
447100 -16155 -20009 298.435 -220.624 0.874934
447200 -16075.6 -19987 302.891 -32.8931 0.87666
447300 -16109.2 -19984.5 300.086 140.037 0.878728
447400 -16197.8 -20033.5 297.021 27.7677 0.879502
447500 -16223.1 -20068.4 297.763 89.668 0.879608
447600 -16233.1 -20075.1 297.504 -24.989 0.879099
447700 -16210.6 -20034.7 296.122 78.7096 0.878512
447800 -16134.4 -20027.6 301.476 157.702 0.877391
447900 -16048.2 -19948.3 302.004 -18.6475 0.874729
448000 -15961.3 -19916.8 306.302 -56.7373 0.871986
448100 -16048.9 -19959.7 302.836 -172.673 0.870338
448200 -16127.6 -19961.5 296.885 -67.1027 0.870092
448300 -16133 -19983.4 298.161 -42.3367 0.870591
448400 -16146.7 -20015.5 299.58 -144.817 0.871639
448500 -16225.7 -20050 296.136 -98.4274 0.874155
448600 -16289.2 -20116.3 296.352 163.851 0.877437
448700 -16358.3 -20151.4 293.723 45.7147 0.87936
448800 -16424.2 -20160.4 289.313 -84.2916 0.880868
448900 -16335.5 -20155.9 295.838 246.783 0.882858
449000 -16263 -20138.5 300.108 29.5801 0.88321
449100 -16271.2 -20129.2 298.751 22.4194 0.882637
449200 -16310.6 -20138 296.382 -70.7427 0.881811
449300 -16349.4 -20152.1 294.465 -140.955 0.881792
449400 -16335 -20143.4 294.909 -7.37688 0.883187
449500 -16238.7 -20112.7 299.99 351.703 0.884579
449600 -16214.7 -20094.8 300.464 -63.3222 0.883166
449700 -16262.7 -20125.6 299.13 87.0233 0.881416
449800 -16362.2 -20172.8 295.081 96.4817 0.879151
449900 -16386.5 -20145.2 291.054 -103.154 0.875934
450000 -16317.7 -20101.8 293.019 -180.257 0.873567
450100 -16231.5 -20085.2 298.418 0.380972 0.872785
450200 -16200.3 -20069.7 299.626 26.3913 0.872019
450300 -16216.5 -20031.2 295.399 -272.271 0.871309
450400 -16167.5 -20004.4 297.112 61.1814 0.872908
450500 -16093.1 -20028.4 304.732 112.481 0.874349
450600 -16162.4 -20039 300.189 85.7767 0.874523
450700 -16210.5 -20034.5 296.119 -67.9375 0.874342
450800 -16199.5 -20039.5 297.349 39.0842 0.874277
450900 -16170 -20051.9 300.603 -61.2644 0.874009
451000 -16177 -20047 299.677 -31.4956 0.874216
451100 -16252.3 -20095 297.569 -133.774 0.875032
451200 -16314.5 -20104.4 293.474 -10.2577 0.877386
451300 -16277.7 -20147.5 299.661 247.323 0.879959
451400 -16223.8 -20079.9 298.604 282.916 0.880269
451500 -16121 -20022.1 302.085 76 0.877733
451600 -16064.7 -19959.9 301.627 -130.618 0.873954
451700 -16112.4 -19954.7 297.535 -134.753 0.871029
451800 -16192.3 -20013.2 295.873 -355.972 0.869744
451900 -16321.5 -20106.5 293.093 -134.977 0.871663
452000 -16369.8 -20174.2 294.601 46.999 0.875276
452100 -16323.9 -20164.1 297.37 24.1505 0.879003
452200 -16259 -20110.5 298.249 306.674 0.882183
452300 -16226.4 -20126 301.963 237.913 0.882683
452400 -16317.8 -20122.6 294.628 148.524 0.880462
452500 -16408.6 -20186.6 292.554 -257.09 0.877148
452600 -16346.8 -20119.2 292.12 -243.268 0.876059
452700 -16252.2 -20076 296.096 40.1536 0.877164
452800 -16203.5 -20100.8 301.796 54.6948 0.878272
452900 -16238.5 -20073.8 296.996 -16.015 0.878749
453000 -16277.7 -20063 293.122 -132.056 0.879504
453100 -16203.3 -20067.3 299.216 165.491 0.881237
453200 -16123.5 -20018.6 301.617 217.232 0.881773
453300 -16157 -20050.7 301.519 144.194 0.880055
453400 -16237 -20075.3 297.227 -161.884 0.876999
453500 -16261.7 -20109.7 297.974 99.2034 0.87464
453600 -16258.9 -20093.6 296.949 -149.251 0.871965
453700 -16221.5 -20066.1 297.712 -18.9733 0.870072
453800 -16111.6 -20011.1 301.966 -167.25 0.868593
453900 -16071.5 -19981.6 302.783 -96.0052 0.868551
454000 -16126.9 -20004.7 300.283 -143.252 0.869771
454100 -16167.1 -20013.4 297.845 -162.602 0.872716
454200 -16183.1 -20057.1 299.988 260.075 0.877641
454300 -16246.8 -20086.5 297.331 216.396 0.880788
454400 -16347 -20166.5 295.77 60.0168 0.881948
454500 -16370.7 -20163 293.665 12.913 0.882622
454600 -16335 -20170.9 297.041 102.079 0.883199
454700 -16301.2 -20151.3 298.14 249.023 0.88267
454800 -16256.5 -20099.4 297.58 30.687 0.87985
454900 -16153 -20022.4 299.633 -183.431 0.876338
455000 -16108.9 -19988.8 300.441 -180.619 0.873901
455100 -16126.3 -19993.3 299.45 -112.924 0.873065
455200 -16161.3 -20008.8 297.938 -89.74 0.873547
455300 -16190.5 -20039.2 298.03 74.5705 0.874649
455400 -16247.1 -20079 296.729 -102.041 0.87579
455500 -16370.2 -20158.4 293.347 63.0899 0.877825
455600 -16353.9 -20161.9 294.873 -14.6001 0.879532
455700 -16281.1 -20133.2 298.29 68.5942 0.881446
455800 -16241 -20105.3 299.236 94.2429 0.883194
455900 -16245 -20115.8 299.736 213.128 0.883868
456000 -16350.2 -20159.5 294.977 -87.5538 0.882864
456100 -16423.5 -20232.9 294.981 141.271 0.881927
456200 -16387.3 -20188.6 294.356 0.0343442 0.879843
456300 -16291.3 -20116.2 296.182 -39.5974 0.877447
456400 -16239.1 -20096.6 298.705 -101.1 0.875472
456500 -16223.4 -20077.8 298.467 -111.923 0.874313
456600 -16207.2 -20047.2 297.356 -292.237 0.8744
456700 -16153.1 -20031.9 300.355 -35.6908 0.877166
456800 -16108.1 -20020.2 302.94 188.943 0.880513
456900 -16186.4 -20055 299.574 191.439 0.882281
457000 -16266.1 -20107.1 297.432 244.421 0.881983
457100 -16278.9 -20088.3 294.987 -28.7937 0.879443
457200 -16221.3 -20043.3 295.96 -116.993 0.876917
457300 -16143.4 -20006 299.103 -220.184 0.875721
457400 -16146 -20042.2 301.71 69.2404 0.876238
457500 -16207.9 -20041.4 296.852 120.823 0.876236
457600 -16231.2 -20047.4 295.508 -166.679 0.875436
457700 -16178.5 -20029.7 298.223 146.949 0.87588
457800 -16054.7 -19979.9 303.956 174.077 0.875273
457900 -16057.7 -19965.8 302.63 33.756 0.872769
458000 -16125.7 -19989.7 299.215 -229.37 0.869877
458100 -16187.1 -20043.2 298.6 -281.61 0.869221
458200 -16225.3 -20064 297.251 68.6591 0.870932
458300 -16229.7 -20061.6 296.73 -58.8362 0.872536
458400 -16161.5 -20030.3 299.583 -20.3688 0.874762
458500 -16088 -20020.9 304.546 253.366 0.877058
458600 -16157 -20031.3 300.009 138.71 0.877085
458700 -16224 -20063.6 297.329 -82.6937 0.875522
458800 -16236.7 -20059.7 296.033 86.2458 0.874578
458900 -16198.1 -20051.6 298.404 44.0942 0.873169
459000 -16097.6 -19991.7 301.542 94.3795 0.870989
459100 -16030.1 -19914.5 300.793 -57.0305 0.868033
459200 -15968.4 -19858.3 301.217 -238.372 0.865426
459300 -15892.6 -19806.2 303.051 -118.176 0.864938
459400 -15920.1 -19818.7 301.889 -33.0333 0.865856
459500 -16028 -19881.3 298.385 -62.8999 0.867156
459600 -16082 -19951.3 299.62 2.6715 0.868992
459700 -16142.3 -19994.2 298.281 -210.927 0.871274
459800 -16194 -20032.9 297.271 -106.584 0.875359
459900 -16225.8 -20075.3 298.09 169.056 0.880304
460000 -16346.1 -20144.8 294.154 230.484 0.883512
460100 -16377.2 -20167.9 293.545 64.7601 0.884404
460200 -16293.1 -20109.3 295.513 236.701 0.884097
460300 -16222.7 -20045.9 296.057 79.9561 0.882157
460400 -16159 -20031.9 299.898 58.1914 0.879229
460500 -16152.4 -20030.9 300.335 10.7815 0.875622
460600 -16203 -20043.7 297.41 -297.505 0.872547
460700 -16232.3 -20005.7 292.198 -74.0652 0.872029
460800 -16102.6 -19945.4 297.567 -84.739 0.872824
460900 -16054.2 -19949.8 301.659 -24.9541 0.874208
461000 -16116.7 -19975.3 298.793 -178.29 0.876043
461100 -16191.2 -20030.2 297.273 125.659 0.879176
461200 -16249.2 -20066.3 295.581 240.009 0.881338
461300 -16266.2 -20078 295.169 174.646 0.88126
461400 -16179.1 -20027.6 298.01 -24.0986 0.879219
461500 -16105.1 -19983.3 300.315 -113.84 0.877356
461600 -16116.9 -19987.6 299.733 -68.9034 0.87672
461700 -16183.9 -20028.2 297.685 -206.06 0.876958
461800 -16272 -20119.7 297.952 138.512 0.878852
461900 -16311.8 -20138.5 296.324 155.886 0.879659
462000 -16298.9 -20118.5 295.776 -42.8733 0.878952
462100 -16234.6 -20052.4 295.64 112.638 0.878239
462200 -16167.3 -20024.1 298.657 118.686 0.876622
462300 -16162.5 -20059.8 301.789 -13.0041 0.874048
462400 -16201.1 -20001.7 294.298 -111.159 0.871513
462500 -16180.2 -20039.6 298.861 -70.2314 0.869953
462600 -16164.9 -19994.7 296.559 110.546 0.868779
462700 -16153.7 -19988.4 296.945 -145.674 0.867167
462800 -16146.8 -20030.3 300.726 -105.87 0.866789
462900 -16189 -19997.3 294.898 -145.327 0.867636
463000 -16160.1 -19981.8 295.939 -46.8359 0.869676
463100 -16058.5 -19967.9 302.726 11.3398 0.872466
463200 -16057.1 -19935 300.292 -83.9295 0.875421
463300 -16101.9 -19931 296.505 214.186 0.878694
463400 -16150.7 -20028.8 300.302 328.654 0.88015
463500 -16289.8 -20082.5 293.696 -13.0677 0.878677
463600 -16284.2 -20066 292.846 -186.222 0.87723
463700 -16192.5 -20059.2 299.423 124.484 0.877318
463800 -16156.7 -20018.5 299.041 261.593 0.876183
463900 -16135.5 -19959.6 296.125 -241.551 0.872992
464000 -16045.7 -19944.4 301.9 -126.057 0.871541
464100 -16013.7 -19872.9 298.843 -121.279 0.871669
464200 -16045.5 -19950.7 302.405 1.52857 0.872782
464300 -16175.4 -19990.9 295.457 -3.29105 0.874084
464400 -16200.8 -20038.6 297.185 76.3878 0.875224
464500 -16183.9 -20013.3 296.532 -151.881 0.876072
464600 -16137.1 -20037.4 302.025 295.421 0.877896
464700 -16171.9 -20030.1 298.765 -59.9439 0.877901
464800 -16258.1 -20077.1 295.725 -245.862 0.878099
464900 -16282.7 -20115.5 296.794 221.919 0.880134
465000 -16258.6 -20094.4 297.027 287.65 0.880438
465100 -16140.9 -20001.5 298.951 124.824 0.877855
465200 -16081.8 -19953.2 299.785 59.4302 0.873581
465300 -16061.5 -19900 297.236 -17.2637 0.868578
465400 -16006.4 -19887.9 300.57 -252.134 0.864213
465500 -15954.1 -19889 304.705 -233.227 0.862159
465600 -16040.1 -19912.8 299.886 -411.612 0.862827
465700 -16108.7 -19925.5 295.562 -106.392 0.867051
465800 -16121.8 -19994.5 299.89 57.9643 0.872236
465900 -16181.7 -20020.2 297.239 23.5624 0.876121
466000 -16255.4 -20025.5 291.938 1.08025 0.879011
466100 -16213 -20089.8 300.201 295.218 0.880807
466200 -16122.4 -19992.7 299.705 310.667 0.879711
466300 -16126.7 -20043.3 303.285 -21.6383 0.876474
466400 -16221.6 -20037.7 295.506 -382.112 0.874196
466500 -16218.6 -20015.3 294.001 142.19 0.874717
466600 -16150.1 -20008 298.741 11.7257 0.87482
466700 -16125.6 -20027.2 302.131 180.602 0.874287
466800 -16194.4 -20002.1 294.855 -243.097 0.872746
466900 -16232.8 -20059.6 296.332 -158.565 0.87317
467000 -16218.3 -20088.3 299.678 91.1355 0.875132
467100 -16208.6 -20070.4 299.039 292.422 0.875833
467200 -16210.7 -20036.2 296.231 -112.926 0.874331
467300 -16168.7 -20037 299.542 -147.303 0.873605
467400 -16146.4 -20040 301.508 -33.5337 0.874183
467500 -16208.6 -20007.8 294.195 -147.831 0.875368
467600 -16253.7 -20074.7 295.882 206.021 0.877411
467700 -16279 -20112.6 296.865 157.171 0.878093
467800 -16300.5 -20108.7 294.892 -222.274 0.877412
467900 -16256.4 -20090.9 296.927 99.4551 0.878177
468000 -16178.2 -20057.6 300.412 127.124 0.878505
468100 -16161.9 -20044.3 300.64 99.7726 0.877469
468200 -16254 -20124.4 299.705 -165.057 0.875779
468300 -16333.9 -20121 293.255 -196.936 0.875229
468400 -16274.7 -20103.7 296.497 -39.4579 0.876583
468500 -16212.7 -20098.7 300.92 159.723 0.8786
468600 -16250.1 -20153.5 302.264 194.419 0.879168
468700 -16335.5 -20142.1 294.763 -51.7389 0.877964
468800 -16310.8 -20111.1 294.282 -361.38 0.877337
468900 -16228.6 -20057.3 296.478 195.603 0.879514
469000 -16174.8 -20042.2 299.478 -48.0487 0.880991
469100 -16171.1 -20032.2 298.989 239.794 0.882032
469200 -16222.4 -20086.9 299.257 254.882 0.881101
469300 -16334.7 -20125.3 293.529 -170.565 0.877663
469400 -16323.6 -20132.8 294.969 -141.701 0.875152
469500 -16266.1 -20112.1 297.82 -57.1492 0.874082
469600 -16219.5 -20054.5 296.97 -171.703 0.873669
469700 -16185.6 -20041.2 298.559 181.087 0.874377
469800 -16178.6 -20010.9 296.764 -280.968 0.87445
469900 -16158 -20005.3 297.917 97.2723 0.876501
470000 -16153.6 -20031.3 300.275 47.356 0.878816
470100 -16242.7 -20081 297.226 94.7469 0.880848
470200 -16327.1 -20152.3 296.211 103.596 0.882235
470300 -16332.7 -20162.6 296.572 135.991 0.882652
470400 -16297.1 -20120.5 296.069 -88.976 0.882037
470500 -16188.7 -20032.6 297.656 207.567 0.881722
470600 -16132.7 -19981.2 298.012 118.797 0.879708
470700 -16116.6 -19977.7 298.994 -191.724 0.876009
470800 -16136.8 -20008 299.769 30.4137 0.873506
470900 -16234.5 -20057.9 296.069 -98.8954 0.871079
471000 -16275.6 -20092.2 295.548 -242.751 0.8696
471100 -16253.7 -20084 296.604 43.828 0.870085
471200 -16215.7 -20051.5 297.028 -132.031 0.870532
471300 -16192.2 -20055.2 299.133 -66.6941 0.871992
471400 -16208 -20066.9 298.818 164.635 0.873965
471500 -16233.8 -20081.4 297.945 57.615 0.87497
471600 -16278.9 -20094 295.434 127.942 0.875174
471700 -16384.4 -20141.9 290.968 -223.289 0.874766
471800 -16379.7 -20187.1 294.831 112.721 0.875996
471900 -16278.4 -20094.2 295.482 276.014 0.876131
472000 -16215.2 -20059.2 297.665 -86.0368 0.873748
472100 -16195.6 -20084.8 301.168 -18.038 0.871608
472200 -16245.3 -20065.5 295.822 -30.5592 0.869725
472300 -16296.2 -20126.6 296.611 -347.732 0.868367
472400 -16364.1 -20132.2 291.783 -200.5 0.870167
472500 -16350.5 -20172.9 295.988 180.755 0.874033
472600 -16267.8 -20126.5 298.8 302.881 0.876315
472700 -16221.7 -20078.8 298.684 25.3386 0.875991
472800 -16190.3 -20069.7 300.4 120.573 0.874953
472900 -16201.5 -20035.7 296.906 63.6974 0.87295
473000 -16215.9 -20014 294.112 -158.11 0.870356
473100 -16142.1 -19969.2 296.356 -162.816 0.869104
473200 -16059.5 -19924.8 299.31 205.665 0.869212
473300 -16051.1 -19977.6 304.054 52.1539 0.867708
473400 -16132.7 -19928.1 293.907 -150.922 0.865569
473500 -16132.9 -20016.8 300.755 -9.05723 0.864599
473600 -16174.9 -20039.6 299.268 44.7357 0.863721
473700 -16211.6 -20008.8 294.041 -246.381 0.862821
473800 -16174.7 -20000 296.214 -106.023 0.863871
473900 -16132.9 -19979.7 297.885 -92.0568 0.866407
474000 -16134.1 -20003.4 299.627 93.049 0.870101
474100 -16182.1 -20028.8 297.876 179.241 0.873462
474200 -16242.9 -20040.6 294.082 155.685 0.875727
474300 -16273.2 -20122.1 298.041 86.6574 0.876651
474400 -16329.7 -20151 295.911 -185.692 0.876996
474500 -16364.4 -20175.5 295.117 158.896 0.878876
474600 -16335.7 -20161.4 296.248 339.515 0.879699
474700 -16234.4 -20076.2 297.499 47.282 0.877434
474800 -16163.2 -19980 295.554 -122.743 0.873827
474900 -16122.4 -20018.2 301.676 -158.615 0.870916
475000 -16151.9 -19988.3 297.078 -88.8587 0.869005
475100 -16208.9 -20022.5 295.312 -185.492 0.868143
475200 -16302.5 -20098.3 293.93 -161.378 0.869067
475300 -16345.3 -20142.2 294.024 302.64 0.871006
475400 -16268.8 -20094.3 296.233 197.391 0.871069
475500 -16181.6 -20053.3 299.806 149.729 0.868862
475600 -16178 -20014.8 297.1 -309.634 0.865342
475700 -16167.7 -20028.4 298.958 -184.05 0.864224
475800 -16150 -20012.5 299.097 -17.8786 0.865024
475900 -16131.1 -19993.7 299.104 -80.278 0.866167
476000 -16130.3 -19980.2 298.119 -110.291 0.868457
476100 -16159.6 -20036.9 300.244 79.8322 0.871565
476200 -16242.3 -20050.5 294.89 -171.428 0.874425
476300 -16272.5 -20111.7 297.296 329.886 0.878256
476400 -16289.6 -20134.5 297.732 106.051 0.879524
476500 -16349 -20148.7 294.229 131.845 0.87919
476600 -16348 -20133.4 293.124 26.6828 0.878083
476700 -16247.6 -20102.7 298.525 62.6884 0.876221
476800 -16200.9 -20051.9 298.201 -122.829 0.874006
476900 -16177.7 -20027.8 298.141 -213.284 0.872975
477000 -16130.2 -19988.5 298.771 -68.2547 0.87385
477100 -16039.9 -19971.1 304.416 119.322 0.875778
477200 -16079.3 -19965.1 300.896 149.456 0.876311
477300 -16167.2 -20029.3 299.066 -38.0357 0.875487
477400 -16216.8 -20100.1 300.71 -168.188 0.874994
477500 -16268.9 -20099.2 296.601 -100.873 0.876152
477600 -16294.8 -20125.7 296.643 132.595 0.878254
477700 -16280.7 -20088.2 294.841 13.2764 0.879536
477800 -16171.1 -20059.3 301.082 252.513 0.880295
477900 -16167.4 -20082.1 303.141 111.843 0.878772
478000 -16249.4 -20101.2 298.269 -331.104 0.876309
478100 -16285 -20094.9 295.025 -98.3839 0.876565
478200 -16261.2 -20098.2 297.123 322.208 0.87779
478300 -16177.5 -20069.7 301.401 151.927 0.876058
478400 -16063.7 -19952.2 301.109 -246.012 0.872598
478500 -16036.9 -19909.7 299.894 75.4966 0.870504
478600 -16070.2 -19971.4 302.097 -158.45 0.867993
478700 -16123.2 -19970.6 297.932 -102.236 0.866059
478800 -16159.7 -19940.1 292.737 -181.662 0.865097
478900 -16081.4 -19907.1 296.251 -229.172 0.865769
479000 -16025.3 -19930.2 302.381 -188.234 0.869355
479100 -16087.2 -19976.3 301.154 202.274 0.875336
479200 -16178.8 -20037.5 298.806 227.477 0.880169
479300 -16233.5 -20084.3 298.189 370.265 0.882869
479400 -16251 -20080.9 296.573 178.773 0.882092
479500 -16218.1 -20033.2 295.434 39.8812 0.879273
479600 -16095.5 -19998.9 302.261 -40.8094 0.876203
479700 -16088.2 -19945.2 298.668 -86.8242 0.873455
479800 -16135.5 -19986.8 298.231 -131.073 0.871594
479900 -16204.5 -20013.1 294.924 28.5899 0.870906
480000 -16211 -20034.8 296.1 -26.2765 0.870074
480100 -16103.5 -19985.5 300.603 -148.994 0.869727
480200 -16053.1 -19939.5 300.947 -145.118 0.870785
480300 -16087 -19966.5 300.411 -109.108 0.87326
480400 -16185.5 -20013.6 296.436 226.319 0.876505
480500 -16242.1 -20101.3 298.836 350.457 0.877717
480600 -16249.7 -20069.2 295.772 -18.5686 0.875801
480700 -16211.7 -20077.8 299.371 -97.0632 0.873766
480800 -16189.4 -20053.2 299.191 -307.158 0.873095
480900 -16163.5 -20026.3 299.12 -74.0634 0.874971
481000 -16137.4 -20006.9 299.636 -25.4395 0.877898
481100 -16145.5 -20015.6 299.685 38.6216 0.88089
481200 -16200.8 -20020.3 295.772 36.2204 0.883438
481300 -16250.4 -20093.3 297.586 453.415 0.884968
481400 -16323.4 -20133.9 295.065 8.36104 0.883044
481500 -16381.4 -20158.6 292.487 -131.164 0.880626
481600 -16298.4 -20128.2 296.559 1.16301 0.879642
481700 -16200.3 -20060.7 298.933 226.289 0.87868
481800 -16190.4 -20041.3 298.198 -84.8839 0.876509
481900 -16184.2 -20035.9 298.259 24.6939 0.87505
482000 -16169 -20037.5 299.562 1.92901 0.873842
482100 -16191.3 -20012.7 295.911 -183.634 0.872861
482200 -16181.3 -20003.8 295.999 14.8247 0.873284
482300 -16115.3 -20022.8 302.585 126.651 0.873743
482400 -16122.7 -19959.5 297.107 190.424 0.872966
482500 -16188.5 -20018.2 296.56 34.7945 0.870805
482600 -16263.5 -20015.6 290.547 -323.243 0.868982
482700 -16189.7 -20016.4 296.324 -53.5935 0.869455
482800 -16115.2 -19955.7 297.399 186.175 0.870497
482900 -16088.6 -19926.4 297.187 145.415 0.870059
483000 -16052.3 -19944.5 301.394 -29.0849 0.868353
483100 -16083.7 -19960.1 300.167 -54.2319 0.866885
483200 -16193.2 -20000.3 294.803 -183.18 0.86617
483300 -16197.4 -20011.5 295.349 -73.3903 0.867089
483400 -16148.9 -20020.3 299.789 72.2751 0.868738
483500 -16115.7 -19980.3 299.257 210.793 0.869577
483600 -16079.4 -19970 301.272 132.489 0.868309
483700 -16068.4 -19908 297.323 -199.195 0.866222
483800 -16055.1 -19924.4 299.625 -84.6041 0.865801
483900 -16072.8 -19904.7 296.729 -294.256 0.866771
484000 -16074 -19936.4 299.085 77.9457 0.869873
484100 -16084.4 -19942.2 298.733 63.6622 0.872613
484200 -16155.6 -19977.8 295.98 -151.02 0.87491
484300 -16199 -20006.6 294.844 137.206 0.877863
484400 -16160.5 -20014.3 298.426 -23.7719 0.879926
484500 -16063.3 -19981.3 303.398 362.82 0.88133
484600 -16088.8 -19987.9 301.932 309.056 0.879576
484700 -16166.3 -19989.5 296.052 -219.908 0.875405
484800 -16158.4 -19979.2 295.867 106.774 0.872687
484900 -16122.8 -19998.2 300.1 131.888 0.869766
485000 -16132.1 -19977.9 297.807 -167.448 0.866472
485100 -16199.1 -20003.7 294.616 26.9806 0.864806
485200 -16260.6 -20022.3 291.29 -24.6895 0.863562
485300 -16179.8 -19985.5 294.699 -273.917 0.862948
485400 -16094.1 -19941.7 297.946 -19.6009 0.86439
485500 -16069 -19924.3 298.541 -141.917 0.866347
485600 -16064.3 -19933.4 299.611 -43.2081 0.869012
485700 -16107.1 -19938.9 296.725 102.667 0.8716
485800 -16185.8 -20003 295.589 133.031 0.873039
485900 -16238.8 -20064.2 296.227 -73.7602 0.873397
486000 -16299 -20129.5 296.622 11.8881 0.874208
486100 -16390.9 -20162.4 292.052 149.523 0.874573
486200 -16353.5 -20129.5 292.402 35.5114 0.873811
486300 -16256.4 -20053.2 294.009 -38.2802 0.87274
486400 -16175 -19989 295.345 -126.655 0.871851
486500 -16101 -19981.9 300.522 54.0439 0.872108
486600 -16110 -19995.2 300.858 156.623 0.872003
486700 -16187.5 -19993.2 294.694 34.0697 0.870407
486800 -16184.3 -19979.9 293.917 -94.344 0.868496
486900 -16066.2 -19953.9 301.053 -154.812 0.867524
487000 -16043.9 -19934.1 301.241 17.6157 0.867928
487100 -16115.2 -20010.3 301.619 12.6042 0.868316
487200 -16196.1 -20026 296.58 -41.6722 0.868569
487300 -16208.8 -20045.9 297.134 37.8618 0.869031
487400 -16199.8 -20024.4 296.159 61.2463 0.869473
487500 -16109.2 -19981.7 299.872 99.0854 0.869334
487600 -16066.4 -19987.7 303.651 106.605 0.868074
487700 -16138 -19979.4 297.466 -91.2064 0.865862
487800 -16166.4 -20006.2 297.338 -266.531 0.864388
487900 -16159.1 -20004.2 297.752 -154.963 0.865482
488000 -16161 -20035.7 300.037 -60.1879 0.86826
488100 -16267 -20058.8 293.623 -64.8791 0.872049
488200 -16334.9 -20122.7 293.319 273.477 0.87628
488300 -16287.6 -20130.2 297.561 150.615 0.878288
488400 -16256 -20112.2 298.611 262.191 0.878146
488500 -16242.3 -20052.8 295.066 -38.5756 0.875976
488600 -16164.3 -20030.6 299.39 100.598 0.873697
488700 -16122.1 -19972.7 298.175 -272.048 0.870969
488800 -16116.1 -19979.6 299.181 -293.745 0.870586
488900 -16148.7 -20025.8 300.225 136.257 0.872856
489000 -16232.5 -20059.2 296.328 102.214 0.874401
489100 -16261.4 -20087 296.241 234.108 0.874608
489200 -16226.2 -20051.7 296.235 120.623 0.872738
489300 -16096.9 -19983.1 300.933 31.4192 0.869451
489400 -16055.2 -19897.4 297.524 -337.977 0.866507
489500 -16051.3 -19945.9 301.586 221.162 0.866009
489600 -16142.5 -20009.9 299.482 -196.977 0.864621
489700 -16206.6 -20034.6 296.426 -188.956 0.864607
489800 -16212.3 -20079.2 299.439 -151.438 0.866697
489900 -16232.7 -20035.5 294.48 204.388 0.86929
490000 -16182.8 -20027.6 297.728 -88.8115 0.870496
490100 -16103.5 -20025.8 303.73 311.408 0.871521
490200 -16169.8 -20060.8 301.305 82.3934 0.870235
490300 -16236.8 -20054.4 295.623 -66.4602 0.868269
490400 -16218.1 -20042.8 296.168 -238.875 0.867452
490500 -16147.1 -20009.8 299.116 -79.8178 0.868376
490600 -16111 -19982 299.761 -205.837 0.870299
490700 -16132.9 -19984 298.214 184.111 0.873523
490800 -16244.9 -20020.3 292.349 38.5102 0.875174
490900 -16316 -20120.9 294.629 130.563 0.87576
491000 -16270.2 -20086.2 295.5 -47.8639 0.875385
491100 -16186.1 -20038.1 298.29 -28.9569 0.875356
491200 -16149.3 -19991 297.488 207.976 0.875252
491300 -16130.1 -19959.8 296.553 -171.921 0.873923
491400 -16079.8 -19930.7 298.2 -5.72782 0.873707
491500 -16025 -19949.9 303.925 43.6252 0.873674
491600 -16145.7 -19975.5 296.571 -79.1373 0.873395
491700 -16213.4 -20029.3 295.485 -148.552 0.87394
491800 -16192.6 -20032.3 297.332 63.9072 0.875699
491900 -16130.8 -19984 298.373 -42.682 0.877237
492000 -16076.8 -19988.3 302.894 142.755 0.878639
492100 -16146.1 -20015.7 299.651 -45.8346 0.879159
492200 -16218.7 -20025.5 294.788 83.1137 0.87968
492300 -16212.5 -20087.4 300.056 159.672 0.879378
492400 -16228.4 -20051.1 296.014 47.864 0.877706
492500 -16198.5 -20055.5 298.671 -71.5736 0.875536
492600 -16108.5 -19984.9 300.167 248.335 0.873426
492700 -16061 -19937.1 300.149 8.27776 0.869562
492800 -16077.2 -19921.3 297.671 -207.235 0.865784
492900 -16126.7 -19945.6 295.72 -162.077 0.864013
493000 -16193.2 -19994.3 294.345 -207.162 0.864023
493100 -16194.7 -20001.2 294.764 -52.4572 0.865743
493200 -16105.6 -19982.4 300.205 -93.2858 0.868347
493300 -16066.8 -19956.2 301.179 118.702 0.871271
493400 -16108.6 -19984.5 300.135 215.102 0.872597
493500 -16174.7 -20006.6 296.726 -149.903 0.87249
493600 -16174.9 -20009.3 296.92 -209.48 0.873409
493700 -16153.8 -20000.5 297.876 0.0852185 0.875675
493800 -16116.6 -19983.4 299.426 48.8153 0.87795
493900 -16084 -20012.4 304.195 76.0935 0.879251
494000 -16194.3 -20050 298.572 -6.85698 0.879719
494100 -16256.9 -20086.4 296.545 9.1895 0.880022
494200 -16252.6 -20055.8 294.51 -161.444 0.880442
494300 -16162 -20019 298.667 69.3324 0.88183
494400 -16120.5 -20012.3 301.364 224.062 0.882451
494500 -16155.3 -20017.3 299.058 67.6732 0.881124
494600 -16212.8 -20050.2 297.15 92.1234 0.878875
494700 -16257.5 -20053 293.91 -171.208 0.87647
494800 -16173.5 -20015.7 297.527 -157.839 0.875855
494900 -16090.4 -20003.1 302.986 235.238 0.876321
495000 -16158.1 -20026.1 299.519 -255.601 0.87568
495100 -16228.7 -20063.9 296.988 -38.5558 0.876706
495200 -16259.2 -20106.8 297.945 59.8132 0.877987
495300 -16304.5 -20116.6 295.196 -80.7066 0.878925
495400 -16358.3 -20147.8 293.44 63.8177 0.880467
495500 -16334.8 -20154.3 295.767 237.374 0.881245
495600 -16232.7 -20068.9 297.06 10.0481 0.880259
495700 -16172.4 -20044.2 299.824 246.475 0.878449
495800 -16176.6 -20042.8 299.383 -174.288 0.875067
495900 -16206.2 -20002 293.932 -370.823 0.873269
496000 -16129.2 -20017.7 301.108 65.1539 0.87438
496100 -16090.4 -20033.9 305.369 171.182 0.875216
496200 -16181.5 -20008.7 296.365 -0.959552 0.874622
496300 -16199.1 -20056.6 298.71 68.295 0.873728
496400 -16220.7 -20064.6 297.662 -123.409 0.872544
496500 -16255.7 -20039.1 292.978 -39.7723 0.872048
496600 -16188.3 -20039.5 298.22 -209.112 0.872487
496700 -16109.2 -20004.1 301.603 275.748 0.874138
496800 -16134.4 -19993.7 298.843 248.993 0.873503
496900 -16207 -20015.2 294.894 -184.883 0.87091
497000 -16215.2 -20039.2 296.119 -68.3826 0.869509
497100 -16089.6 -19959.1 299.637 130.073 0.868573
497200 -16048.3 -19950.2 302.146 -88.942 0.866824
497300 -16120.4 -19984.5 299.221 -244.542 0.865791
497400 -16181.9 -19977.1 293.885 -156.961 0.867035
497500 -16155.4 -20007.9 298.324 12.0859 0.870172
497600 -16108.9 -19997.4 301.113 155.386 0.873743
497700 -16066.7 -19957.8 301.31 300.026 0.876167
497800 -16068.8 -19946.4 300.264 210.528 0.875722
497900 -16138 -19985.8 297.96 -238.734 0.873384
498000 -16190.2 -20003.8 295.314 -111.789 0.872365
498100 -16200.5 -20064.1 299.184 88.087 0.872507
498200 -16259.2 -20069.1 295.03 130.123 0.871733
498300 -16297.6 -20097.5 294.247 -440.661 0.869757
498400 -16248.2 -20092 297.648 41.4883 0.871081
498500 -16150.2 -20012.1 299.051 148.5 0.873273
498600 -16096.5 -19976.8 300.472 80.2186 0.874253
498700 -16103.4 -19951.2 297.955 -201.543 0.874856
498800 -16098.5 -19936 297.166 309.221 0.87659
498900 -16105.2 -19985.9 300.508 7.86732 0.876554
499000 -16244.9 -20047.7 294.47 -103.308 0.876164
499100 -16282.1 -20101.8 295.788 205.639 0.876225
499200 -16232 -20052.8 295.863 -10.1252 0.874867
499300 -16149.1 -20007.7 298.799 36.6845 0.872969
499400 -16107.8 -19958.7 298.202 -75.7318 0.870501
499500 -16085.6 -19924.3 297.252 -250.75 0.868976
499600 -16029.7 -19917.4 301.052 11.5808 0.86979
499700 -15921.2 -19849.7 304.203 142.212 0.870542
499800 -15937.8 -19836.5 301.897 -184.601 0.870389
499900 -16039 -19901.3 299.078 136.201 0.871294
500000 -16093.2 -19951.5 298.773 -60.0074 0.871549
500100 -16109.9 -19928.9 295.729 -141.723 0.872201
500200 -16081.1 -19972.5 301.339 75.4733 0.874072
500300 -16126.6 -20021.6 301.619 191.177 0.875463
500400 -16240.5 -20043.6 294.497 -14.1027 0.875302
500500 -16230.6 -20059.3 296.474 152.532 0.874868
500600 -16170.8 -20026.3 298.55 -68.2136 0.873247
500700 -16096.2 -19948.1 298.275 -53.0759 0.871693
500800 -16041.9 -19967.8 304.003 -74.3912 0.87085
500900 -16098.3 -19945 297.88 -79.7402 0.870734
501000 -16135.9 -20029.6 301.509 -77.7579 0.871514
501100 -16200.1 -20059.3 298.842 -49.3182 0.873122
501200 -16263.9 -20095.1 296.672 -259.095 0.875977
501300 -16290.1 -20111.5 295.916 219.413 0.880818
501400 -16259 -20084 296.194 269.979 0.88431
501500 -16151.8 -20040.4 301.118 258.617 0.884994
501600 -16142.1 -20039.1 301.77 57.5401 0.883204
501700 -16207.4 -20037.1 296.562 -98.3159 0.880987
501800 -16233.1 -20040.7 294.843 -54.6293 0.879328
501900 -16155.3 -20015.9 298.946 -139.022 0.878464
502000 -16034.4 -19934.7 302.023 244.377 0.878417
502100 -16080.7 -19984.5 302.293 70.5349 0.876535
502200 -16163.5 -19999.2 297.019 -245.32 0.874023
502300 -16179.1 -19967.2 293.339 -200.352 0.873658
502400 -16100.4 -19989.4 301.148 63.46 0.875037
502500 -16087.2 -19973 300.903 139.864 0.876001
502600 -16120.4 -19972.3 298.275 24.4539 0.875918
502700 -16137.8 -19998.8 298.986 62.3483 0.875392
502800 -16153.9 -19994.1 297.367 -51.5948 0.87407
502900 -16167.9 -20034.2 299.39 -61.6704 0.872929
503000 -16262.8 -20061.9 294.187 -145.811 0.872636
503100 -16308.6 -20105.6 294.031 10.0903 0.873634
503200 -16254.4 -20126.6 299.848 152.311 0.874833
503300 -16206 -20096.9 301.3 88.3981 0.874909
503400 -16191.4 -20052.7 299.005 -41.9418 0.874345
503500 -16196.2 -20036.1 297.347 -66.3455 0.873897
503600 -16172.6 -20021.8 298.068 -44.3745 0.873717
503700 -16141.4 -19994.8 298.391 3.76984 0.873926
503800 -16092.1 -19982.4 301.256 -48.933 0.874166
503900 -16066.3 -19953.7 301.03 -49.4079 0.875098
504000 -16153.6 -20056.3 302.206 345.204 0.876111
504100 -16264.8 -20103.7 297.269 1.03088 0.874501
504200 -16273.5 -20054.4 292.775 -224.86 0.872451
504300 -16184.6 -20040.8 298.612 -114.263 0.872478
504400 -16139.9 -20010.9 299.759 -108.478 0.874198
504500 -16162.8 -20037.8 300.066 235.845 0.876511
504600 -16258.4 -20074.1 295.473 -33.7905 0.877079
504700 -16294.4 -20109.1 295.391 52.0733 0.877513
504800 -16277 -20103.1 296.277 118.337 0.8776
504900 -16239.9 -20039.3 294.208 70.6094 0.876352
505000 -16164 -20047.5 300.726 -309.165 0.874787
505100 -16140.2 -19985.9 297.793 52.5493 0.875375
505200 -16126.8 -19955 296.441 142.289 0.876139
505300 -16035.4 -19993.6 306.505 333.183 0.875221
505400 -16055.3 -19923.2 299.513 -86.0513 0.871062
505500 -16118.1 -19949.6 296.696 -401.487 0.867488
505600 -16144.2 -19996.2 298.278 1.36354 0.867263
505700 -16198.8 -20016.7 295.643 -137.688 0.86769
505800 -16313.9 -20047.5 289.113 -26.3419 0.869323
505900 -16267.9 -20079.5 295.159 151.721 0.871377
506000 -16208.9 -20043.3 296.919 -46.5386 0.872419
506100 -16164.6 -20026.8 299.071 19.9237 0.873692
506200 -16156.7 -20037.1 300.481 234.81 0.874712
506300 -16243.8 -20056.6 295.247 55.0238 0.873748
506400 -16341 -20131.1 293.486 -18.3577 0.871913
506500 -16320.5 -20087.5 291.697 -78.6705 0.870115
506600 -16233.5 -20030.2 294.005 -103.361 0.869055
506700 -16157.8 -20003.5 297.794 228.762 0.868394
506800 -16099.6 -19947.7 297.986 -199.545 0.866024
506900 -16046 -19906.3 298.93 -275.02 0.865061
507000 -15999.6 -19914.4 303.146 15.9518 0.866661
507100 -16037.7 -19909.1 299.793 185.573 0.868418
507200 -16143.4 -19970 296.321 -55.6925 0.86903
507300 -16158.8 -19993 296.901 -119.709 0.870026
507400 -16140.1 -20000.2 298.908 -1.74998 0.872441
507500 -16123.5 -19956.9 296.848 338.657 0.874977
507600 -16060.9 -19971.9 302.85 -16.1376 0.875127
507700 -16068.3 -19945.7 300.256 -89.7079 0.87493
507800 -16154.3 -19985.9 296.71 -18.0802 0.875506
507900 -16203.3 -20019.1 295.482 74.3429 0.876354
508000 -16186.5 -20017.4 296.652 19.8462 0.876947
508100 -16082 -20006.6 303.904 64.4161 0.877229
508200 -15992.1 -19914.6 303.741 29.5942 0.876946
508300 -16036 -19921.8 300.905 195.92 0.875969
508400 -16094.2 -19984.4 301.237 -67.3925 0.873318
508500 -16155.7 -19981.5 296.255 -214.591 0.870885
508600 -16161.1 -19996.1 296.964 -88.4825 0.870451
508700 -16125 -19988.7 299.19 61.3917 0.870821
508800 -16033.3 -19952.3 303.474 59.0222 0.870614
508900 -15993.8 -19911 303.334 120.204 0.869908
509000 -16096.7 -19954.2 298.711 -6.45481 0.867855
509100 -16146.3 -19944.5 294.118 -430.106 0.866271
509200 -16109.5 -19972.7 299.148 32.4965 0.86825
509300 -16090.8 -19946.8 298.598 58.6247 0.870604
509400 -16091.4 -19926.1 296.943 223.511 0.871933
509500 -16046 -19926.7 300.504 -105.202 0.871567
509600 -16041.4 -19972.1 304.382 -154.954 0.871977
509700 -16151.2 -19997.8 297.861 114.245 0.873813
509800 -16200.1 -20067.3 299.465 -25.1886 0.875044
509900 -16245.9 -20080.3 296.917 -96.3691 0.876451
510000 -16278.7 -20103.9 296.209 175.32 0.878599
510100 -16321.4 -20120.4 294.177 132.902 0.879275
510200 -16307.4 -20092.5 293.109 -214.083 0.879032
510300 -16200.4 -20055.9 298.553 135.389 0.88032
510400 -16161.1 -20027.6 299.406 228.406 0.880258
510500 -16158.5 -20017.6 298.829 -256.026 0.878504
510600 -16193.7 -20039.5 297.804 83.1104 0.878469
510700 -16289.3 -20096.2 294.797 182.943 0.878012
510800 -16312 -20121.7 295.005 -43.1878 0.875908
510900 -16242.3 -20099.2 298.665 22.8788 0.873596
511000 -16179.7 -20035.3 298.557 84.1905 0.870884
511100 -16156.2 -20012 298.581 -228.984 0.867709
511200 -16153.9 -20030.2 300.164 -166.513 0.866076
511300 -16187 -20070.9 300.752 -49.0828 0.8661
511400 -16267.3 -20079.8 295.224 -155.66 0.867151
511500 -16274 -20094.8 295.866 -194.844 0.869856
511600 -16217.5 -20107.5 301.228 134.004 0.874616
511700 -16216.2 -20106.2 301.228 396.497 0.878143
511800 -16328.5 -20139.5 295.112 53.127 0.878127
511900 -16359.3 -20178.2 295.717 -16.3085 0.877224
512000 -16320.5 -20141.2 295.858 -202.667 0.876741
512100 -16206.6 -20038.7 296.739 45.4411 0.877785
512200 -16155 -20018.4 299.167 273.833 0.878612
512300 -16175.3 -20021.4 297.824 155.21 0.876973
512400 -16187 -20000 295.265 -247.562 0.87386
512500 -16108.8 -19990.6 300.592 -209.895 0.872316
512600 -16060.7 -19979.6 303.464 -83.0052 0.872787
512700 -16141.6 -20009.8 299.535 110.917 0.874093
512800 -16229.5 -20078.1 298.023 -1.36863 0.874726
512900 -16254.6 -20097.6 297.591 101.3 0.875662
513000 -16262.4 -20120.9 298.788 167.759 0.875702
513100 -16266.9 -20093.3 296.298 102.65 0.873549
513200 -16225.2 -20058.1 296.807 -257.248 0.870341
513300 -16132.3 -20022.6 301.249 -170.659 0.868846
513400 -16125.7 -20014.5 301.132 -39.5087 0.869008
513500 -16212.3 -20078.1 299.348 -201.685 0.870019
513600 -16281.7 -20103.9 295.977 59.2318 0.872727
513700 -16262.6 -20074.5 295.176 156.388 0.875464
513800 -16208.3 -20108.6 302.022 -126.266 0.8773
513900 -16226.2 -20071.8 297.785 174.852 0.87966
514000 -16307.2 -20102 293.857 92.3794 0.88094
514100 -16373.7 -20176.7 294.492 -96.2682 0.881552
514200 -16393.4 -20204.7 295.133 159.289 0.882652
514300 -16336.5 -20183.1 297.868 68.321 0.882707
514400 -16254.1 -20133.4 300.398 25.5341 0.88215
514500 -16242.8 -20119.1 300.169 176.274 0.880856
514600 -16308.1 -20135.2 296.362 -157.982 0.878109
514700 -16393 -20163.9 292.004 -187.296 0.876273
514800 -16360.5 -20162.2 294.389 43.6424 0.876232
514900 -16235.8 -20104.6 299.584 167.4 0.875896
515000 -16200.2 -20051.9 298.262 -301.068 0.874351
515100 -16179.7 -20057.6 300.287 -187.669 0.875016
515200 -16222 -20072.8 298.191 144.758 0.877632
515300 -16325.7 -20176.9 298.226 -13.6248 0.879795
515400 -16380.9 -20202.3 295.917 87.1108 0.881831
515500 -16376 -20233.1 298.676 64.6618 0.88337
515600 -16377.2 -20218.3 297.437 256.325 0.883996
515700 -16358.5 -20216.4 298.737 308.584 0.881949
515800 -16310.7 -20158.8 297.984 -91.7544 0.877143
515900 -16241.3 -20110.1 299.586 -32.3984 0.872671
516000 -16200.9 -20065.8 299.279 -10.5291 0.868567
516100 -16205 -20092.1 300.998 -316.741 0.864951
516200 -16304.5 -20134.1 296.543 -239.112 0.864304
516300 -16369 -20183.3 295.363 -138.502 0.866124
516400 -16329.6 -20127.4 294.083 -143.711 0.869338
516500 -16235.2 -20071.2 297.043 -60.6223 0.873737
516600 -16203.3 -20102.7 301.955 262.648 0.877796
516700 -16272.4 -20162.6 301.241 -121.409 0.879323
516800 -16330.3 -20131 294.314 -109.458 0.88141
516900 -16293 -20127.3 296.918 508.38 0.883384
517000 -16243.8 -20111.8 299.52 102.436 0.881409
517100 -16206.8 -20043.8 297.121 -55.4662 0.878703
517200 -16090.3 -20008.8 303.437 126.198 0.876717
517300 -16079.1 -19956.7 300.265 89.9278 0.874134
517400 -16152.8 -20023.2 299.707 -18.9573 0.871027
517500 -16221.5 -20047.9 296.297 -254.377 0.868934
517600 -16217.4 -20025.8 294.908 -260.012 0.86918
517700 -16161.8 -20024.4 299.104 -206.885 0.871803
517800 -16142.7 -20027.6 300.834 -40.5284 0.876196
517900 -16185.9 -20075.3 301.185 174.833 0.88046
518000 -16235.4 -20087.4 298.285 314.386 0.882577
518100 -16276.4 -20166.2 301.212 -99.5637 0.882295
518200 -16344.2 -20172 296.408 -93.2696 0.882348
518300 -16354.2 -20194.5 297.377 4.5045 0.883166
518400 -16335 -20124.5 293.443 5.3421 0.884292
518500 -16287.4 -20166.8 300.405 148.713 0.885224
518600 -16288.8 -20125 297.061 88.9901 0.884714
518700 -16267.2 -20117.9 298.179 79.8858 0.883021
518800 -16234.9 -20081.9 297.898 76.2975 0.880737
518900 -16168.6 -20048.4 300.435 59.9414 0.877833
519000 -16126.1 -20059.5 304.583 -89.6912 0.874568
519100 -16205.3 -20064.7 298.858 -284.592 0.872437
519200 -16251.2 -20079.7 296.467 -12.6765 0.872526
519300 -16245.4 -20095 298.1 -113.982 0.873379
519400 -16250.2 -20116.5 299.396 107.686 0.875058
519500 -16326 -20114 293.321 110.33 0.875946
519600 -16409 -20177 291.777 -193.35 0.875903
519700 -16353.2 -20188.1 296.957 -30.332 0.877154
519800 -16272.2 -20189.5 303.338 -28.4605 0.879214
519900 -16297.8 -20118.9 295.893 133.784 0.881066
520000 -16274.1 -20085.4 295.138 -40.3185 0.881711
520100 -16192.5 -20103.3 302.841 -17.5092 0.882779
520200 -16202 -20095.7 301.51 196.383 0.883885
520300 -16248.9 -20110.2 299 168.533 0.883155
520400 -16270.9 -20104.5 296.86 102.329 0.880683
520500 -16266.3 -20101.5 296.986 -155.198 0.877709
520600 -16206.2 -20077.1 299.748 -33.2053 0.875817
520700 -16124.4 -20003.2 300.356 -77.628 0.874345
520800 -16096.3 -19993.2 301.759 -414.974 0.874314
520900 -16191 -20076.2 300.854 56.2857 0.877472
521000 -16294.3 -20130.7 297.081 122.316 0.880568
521100 -16318.1 -20134.3 295.515 -33.3227 0.882628
521200 -16283.2 -20152.5 299.625 17.7924 0.884539
521300 -16232 -20075.6 297.634 298.995 0.885832
521400 -16150.7 -20057.2 302.505 219.532 0.884282
521500 -16162.2 -20034.7 299.875 22.2717 0.880869
521600 -16287.7 -20121.5 296.877 -162.418 0.877853
521700 -16332.9 -20170 297.133 -12.2136 0.876416
521800 -16318.1 -20118.4 294.283 -213.393 0.875777
521900 -16224.3 -20073.5 298.067 -297.659 0.877173
522000 -16191 -20085.2 301.554 -39.3698 0.880632
522100 -16250.5 -20129.7 300.389 209.332 0.883892
522200 -16318.8 -20187.1 299.548 -24.8487 0.885344
522300 -16355.8 -20166.7 295.102 385.131 0.885832
522400 -16328.7 -20158.7 296.584 109.055 0.883466
522500 -16264.7 -20125.8 298.993 -213.189 0.880386
522600 -16227.5 -20085.4 298.741 -126.925 0.879452
522700 -16225.7 -20107.9 300.621 51.6842 0.879933
522800 -16264.9 -20102.5 297.168 49.2436 0.88006
522900 -16286.9 -20117.3 296.607 10.3917 0.879585
523000 -16265.4 -20107.7 297.528 5.81463 0.878974
523100 -16196.7 -20070.4 299.967 -195.184 0.878703
523200 -16128.5 -20047.5 303.473 14.25 0.879849
523300 -16194.5 -20091 301.728 -27.6609 0.880984
523400 -16293.2 -20132.8 297.32 127.397 0.882177
523500 -16307.2 -20142.7 297.011 115.965 0.882292
523600 -16288.5 -20127.1 297.244 36.4324 0.881369
523700 -16234.9 -20110.5 300.114 24.5324 0.880082
523800 -16181.8 -20043.2 299.007 -34.8157 0.87857
523900 -16107.6 -20021.5 303.077 -93.4484 0.877338
524000 -16096.5 -19986.8 301.251 -129.868 0.876908
524100 -16197.8 -20012.6 295.397 -74.521 0.877679
524200 -16238.9 -20071.1 296.747 94.5213 0.879184
524300 -16222.9 -20076.7 298.421 97.2661 0.880041
524400 -16226.7 -20107.1 300.477 -4.72645 0.879975
524500 -16323.1 -20133.1 295.028 -79.5755 0.880018
524600 -16378.6 -20220 297.469 -166.652 0.881006
524700 -16398.1 -20194.9 294.016 79.3672 0.883283
524800 -16322 -20163.1 297.447 224.585 0.885218
524900 -16233.8 -20141.7 302.618 145.994 0.885213
525000 -16263.8 -20104.5 297.416 -46.7975 0.883674
525100 -16285.3 -20121 297.02 23.6817 0.882099
525200 -16267.8 -20138.3 299.717 104.922 0.880078
525300 -16214.8 -20069.3 298.474 -9.75033 0.876924
525400 -16152.9 -20045.7 301.447 -357.04 0.873767
525500 -16147 -19968.2 295.898 -385.037 0.873652
525600 -16106.7 -19996.4 301.204 71.49 0.877443
525700 -16084.3 -19995.3 302.847 239.477 0.881418
525800 -16188.2 -20039.1 298.2 140.935 0.883368
525900 -16246.7 -20075.3 296.476 186.71 0.883882
526000 -16241.7 -20076.9 296.978 52.9379 0.882426
526100 -16188.1 -20047.7 298.873 51.6349 0.880076
526200 -16104.8 -20020.5 303.217 220.199 0.876539
526300 -16144.7 -19999.8 298.525 -347.989 0.870921
526400 -16245.1 -20026.2 292.795 -349.695 0.867807
526500 -16222.5 -20038.7 295.505 -267.306 0.868144
526600 -16171.7 -20004 296.756 -70.1798 0.871268
526700 -16138.6 -20047.9 302.724 205.572 0.875286
526800 -16197.2 -20069.8 299.881 1.04756 0.877918
526900 -16250.1 -20094.4 297.686 -12.3605 0.880716
527000 -16254.7 -20109.5 298.501 170.413 0.883639
527100 -16280.5 -20168.5 301.068 150.489 0.885196
527200 -16380.4 -20218.5 297.213 102.107 0.88516
527300 -16419.1 -20229 295.022 76.8044 0.88388
527400 -16373.5 -20151.6 292.559 41.4848 0.881738
527500 -16292.7 -20122.6 296.575 -52.4411 0.878862
527600 -16240 -20051 295.106 -256.198 0.876198
527700 -16156.6 -20000.8 297.678 -245.153 0.875336
527800 -16131.1 -20049 303.39 -113.407 0.877175
527900 -16198.3 -20058.9 298.953 250.455 0.880295
528000 -16230.9 -20054.9 296.117 69.1589 0.88198
528100 -16228.8 -20106.3 300.259 197.714 0.882987
528200 -16272.3 -20095.6 296.06 39.5781 0.882403
528300 -16370 -20130.3 291.179 -129.79 0.881158
528400 -16401.2 -20203.7 294.452 2.04677 0.88088
528500 -16302.1 -20150.5 298.008 194.5 0.88042
528600 -16218.3 -20076.5 298.762 -170.977 0.878546
528700 -16190.8 -20042.6 298.265 -45.1778 0.87762
528800 -16174.2 -20006.2 296.739 -243.493 0.877517
528900 -16096.7 -19963.4 299.421 110.187 0.87916
529000 -16017.7 -19913.5 301.674 296.694 0.8801
529100 -16058.8 -19949.7 301.303 -99.2833 0.878728
529200 -16120.2 -19967 297.881 51.5306 0.877401
529300 -16147.1 -20002.2 298.525 156.686 0.875575
529400 -16169.7 -20003.7 296.888 -254.955 0.872703
529500 -16163.5 -19999.7 297.067 -74.8958 0.871601
529600 -16089.7 -19950.9 299 -44.7113 0.871598
529700 -16007.7 -19903.4 301.673 -0.123161 0.871838
529800 -16045.1 -19949.5 302.339 -47.0614 0.872343
529900 -16143.6 -19991.9 297.994 -183.69 0.873477
530000 -16164.4 -19984.1 295.784 80.8269 0.876166
530100 -16146.5 -20016.1 299.643 198.824 0.878578
530200 -16186 -20064.1 300.311 170.898 0.879207
530300 -16303 -20087.9 293.086 149.801 0.877911
530400 -16287.9 -20083.2 293.887 -197.893 0.875401
530500 -16212.8 -20066.1 298.378 -245.191 0.874518
530600 -16175.7 -20010.9 296.989 54.2254 0.875647
530700 -16127.5 -19968 297.391 -251.085 0.877116
530800 -16067.4 -19974.2 302.529 43.3743 0.880694
530900 -16066.9 -19951.5 300.807 82.9119 0.884418
531000 -16158.2 -20020 299.038 275.438 0.887099
531100 -16246.8 -20073 296.285 198.074 0.887372
531200 -16254.8 -20045.2 293.515 115.981 0.885447
531300 -16170.5 -20050.7 300.469 206.873 0.882075
531400 -16150.4 -19996.7 297.839 -190.181 0.877224
531500 -16135.3 -19988.6 298.388 -87.316 0.873931
531600 -16111.4 -19982.6 299.768 -90.2379 0.871925
531700 -16140.9 -19978.2 297.142 -95.0122 0.87085
531800 -16168.8 -19996.7 296.422 4.68335 0.870483
531900 -16162.5 -19982.7 295.829 -396.226 0.870871
532000 -16093.9 -19959.2 299.314 -31.8906 0.87419
532100 -16058.8 -19979.5 303.606 240.337 0.877507
532200 -16138.7 -20003.8 299.294 138.634 0.878518
532300 -16185.5 -20032.3 297.88 112.718 0.877893
532400 -16204.9 -20040.1 296.985 177.86 0.876449
532500 -16207 -20049.7 297.563 24.3523 0.874049
532600 -16169.8 -20011 297.445 -131.867 0.871848
532700 -16073.7 -19950.6 300.209 31.3732 0.870992
532800 -16034.2 -19897.2 299.138 -132.412 0.870464
532900 -16049.1 -19959.3 302.789 36.8183 0.870734
533000 -16172.5 -19992.3 295.792 -181.201 0.871094
533100 -16201.5 -20028.1 296.317 -41.6795 0.872642
533200 -16165 -19997.8 296.797 -20.5779 0.874625
533300 -16097.5 -19981.2 300.735 73.2458 0.876533
533400 -16102.3 -19984 300.583 84.5262 0.877889
533500 -16226 -20057.8 296.724 167.799 0.878144
533600 -16277.2 -20066.4 293.42 -8.39316 0.877052
533700 -16219.5 -20074.3 298.498 15.9975 0.875935
533800 -16173.9 -20039.2 299.318 180.111 0.874227
533900 -16160.2 -20002.8 297.555 -190.62 0.871583
534000 -16078.6 -19935.6 298.666 -75.2741 0.870355
534100 -15995.5 -19901.9 302.492 -122.582 0.870116
534200 -16039.3 -19928.3 301.148 -229.356 0.871234
534300 -16131.5 -20000 299.563 -158.304 0.874567
534400 -16182 -20044.2 299.077 326.224 0.878829
534500 -16223.6 -20062.8 297.3 -24.8334 0.88067
534600 -16256.4 -20090.5 296.9 27.5659 0.881961
534700 -16320.9 -20147.6 296.326 92.1885 0.883109
534800 -16410.1 -20194.6 293.056 -11.9792 0.883622
534900 -16380.1 -20185.5 294.675 -70.6638 0.884137
535000 -16281.6 -20110.9 296.528 63.5423 0.885003
535100 -16232.3 -20066.7 296.916 131.986 0.885051
535200 -16201.1 -20078 300.218 -43.0655 0.883992
535300 -16221.7 -20053.5 296.722 -67.2572 0.883408
535400 -16257.8 -20053.2 293.896 -26.9538 0.88342
535500 -16223 -20086.3 299.16 -93.867 0.884021
535600 -16169.2 -20059.6 301.256 7.11653 0.885482
535700 -16170.5 -20047.2 300.197 340.111 0.88638
535800 -16270.3 -20159.1 301.138 199.155 0.884338
535900 -16349.5 -20125.9 292.428 -116.052 0.880435
536000 -16276.1 -20060.8 293.072 -219.248 0.877745
536100 -16178.7 -20029.3 298.174 -58.9897 0.876982
536200 -16131.8 -19980.7 298.036 25.2164 0.876757
536300 -16091 -19937 297.821 27.6467 0.876561
536400 -16023 -19931.8 302.682 188.302 0.875979
536500 -16037.7 -19952.4 303.138 112.795 0.873626
536600 -16167.2 -19990.3 296.044 -332.041 0.870569
536700 -16182.4 -20037.7 298.542 -178.399 0.870261
536800 -16185.7 -20024.5 297.26 -59.7402 0.871853
536900 -16170.1 -19996.1 296.27 206.994 0.873789
537000 -16093.8 -19992.4 301.887 147.517 0.873963
537100 -16068.1 -19952.3 300.781 -106.627 0.872881
537200 -16144.4 -19972.7 296.449 -35.1128 0.872537
537300 -16216.1 -20034.4 295.672 -251.337 0.872908
537400 -16208.2 -20053.4 297.76 69.9645 0.875114
537500 -16177.1 -20064.7 301.036 221.28 0.876878
537600 -16198.8 -20065.2 299.399 -154.017 0.877148
537700 -16278.8 -20094.4 295.466 123.775 0.878116
537800 -16303.1 -20099.8 294.004 3.64115 0.878299
537900 -16210.3 -20012.2 294.408 86.1226 0.878078
538000 -16135.8 -20002.9 299.453 110.75 0.877059
538100 -16134.1 -20002 299.515 -75.799 0.875007
538200 -16190 -20037.3 297.92 -136.495 0.87387
538300 -16252.4 -20040.4 293.332 58.3056 0.873734
538400 -16201.2 -20054.3 298.365 32.5307 0.873332
538500 -16079.8 -19954.9 300.068 175.255 0.872085
538600 -16066.7 -19933.7 299.445 -290.136 0.869995
538700 -16089.2 -19924.4 296.981 11.893 0.869757
538800 -16097.6 -19951.3 298.415 -91.9164 0.869906
538900 -16135.1 -19996.3 298.999 126.408 0.870605
539000 -16225.3 -20033.3 294.875 -59.7285 0.870724
539100 -16233.1 -20043.8 295.08 107.479 0.871044
539200 -16158.1 -20033.8 300.12 -3.04328 0.870726
539300 -16085.3 -19998.3 303.006 -171.189 0.870276
539400 -16109 -19945.3 297.069 -3.78511 0.871137
539500 -16125.4 -19974.6 298.068 -76.2469 0.872767
539600 -16133.2 -19993.4 298.92 -15.0068 0.875187
539700 -16154.3 -20014.7 298.937 323.818 0.877764
539800 -16202 -20055.4 298.396 -96.2164 0.878475
539900 -16251.4 -20043.3 293.634 -85.7101 0.879495
540000 -16227.2 -20090 299.124 317.496 0.8811
540100 -16153.3 -20033.3 300.452 110.1 0.88059
540200 -16062.7 -19921.6 298.818 -30.9316 0.878419
540300 -16020.3 -19951.2 304.395 73.3317 0.875906
540400 -16080.1 -19931 298.195 -246.291 0.873105
540500 -16099.6 -19934.4 296.948 -173.409 0.872235
540600 -16100.1 -19996.2 301.693 95.0146 0.873008
540700 -16183.5 -20052.9 299.629 14.5715 0.872887
540800 -16238.6 -20016.2 292.521 -200.922 0.872902
540900 -16175.6 -20015.6 297.357 6.66502 0.874605
541000 -16126.8 -19983 298.611 -162.702 0.876791
541100 -16131.1 -20020.5 301.178 113.116 0.880567
541200 -16232.5 -20077.3 297.731 212.591 0.883748
541300 -16287.6 -20109 295.914 269.768 0.884511
541400 -16261.2 -20096.1 296.959 126.152 0.882709
541500 -16209.2 -20056.1 297.887 -7.11981 0.879657
541600 -16135.5 -20003.4 299.52 48.3642 0.876314
541700 -16050.7 -19942.8 301.391 -199.054 0.873116
541800 -15974.2 -19942.3 307.27 -157.579 0.871639
541900 -16088.6 -19944.9 298.619 -160.348 0.871933
542000 -16167.6 -20009.3 297.486 209.791 0.873397
542100 -16183.6 -20008.4 296.18 13.1622 0.873159
542200 -16149.6 -19996.9 297.921 -83.7659 0.872667
542300 -16078.6 -19972.7 301.544 0.372301 0.872824
542400 -16065.3 -19957.4 301.387 -110.65 0.873367
542500 -16183.2 -20049 299.354 312.211 0.874213
542600 -16261.5 -20079.4 295.642 -201.733 0.873096
542700 -16245.4 -20064.5 295.734 -164.508 0.87358
542800 -16162.6 -20002.8 297.369 -53.7546 0.875744
542900 -16094.6 -19955.4 298.961 93.3301 0.878415
543000 -16076.8 -19920.5 297.646 191.355 0.880134
543100 -16076.3 -19938.6 299.085 67.5183 0.880252
543200 -16125.8 -19992.3 299.411 -86.5617 0.879817
543300 -16253.2 -20058.4 294.663 -61.341 0.879941
543400 -16257 -20059.7 294.468 67.2353 0.880744
543500 -16194.8 -20064.2 299.633 33.8622 0.881255
543600 -16166.7 -20030.3 299.185 -38.8863 0.881591
543700 -16172.1 -20029.6 298.711 148.85 0.882194
543800 -16196.8 -20012.3 295.453 -99.8428 0.881885
543900 -16204.5 -20058.5 298.441 101.941 0.881811
544000 -16197.5 -20025.2 296.398 -57.87 0.881
544100 -16140.5 -20015.2 300.043 -29.1023 0.880367
544200 -16104.8 -20005.7 302.077 225.472 0.879503
544300 -16186.2 -20013.5 296.373 -168.826 0.876982
544400 -16251.9 -20070.4 295.691 90.6645 0.875055
544500 -16248.2 -20111.3 299.143 -120.01 0.872643
544600 -16265.2 -20076.2 295.11 -278.318 0.871208
544700 -16229.3 -20040.7 295.142 -22.4807 0.872154
544800 -16189.2 -20004.4 295.434 -83.2275 0.873884
544900 -16135.9 -19991.8 298.583 -108.652 0.876569
545000 -16101.6 -19996.6 301.608 5.02554 0.880457
545100 -16170.7 -20014.3 297.633 258.751 0.884105
545200 -16266.6 -20110.1 297.624 346.919 0.885459
545300 -16290.4 -20138.6 297.988 -4.79183 0.883745
545400 -16297.7 -20134.8 297.133 15.7339 0.881585
545500 -16267.7 -20104.3 297.09 116.43 0.879223
545600 -16150.7 -19987.6 297.112 -7.33882 0.875864
545700 -16081 -19964.1 300.691 -172.113 0.872938
545800 -16091.2 -19952.5 299.002 -159.239 0.871556
545900 -16148.5 -19972.2 296.098 -191.698 0.871646
546000 -16198.6 -19956.8 291.025 -66.9547 0.873699
546100 -16084.9 -19923.2 297.224 -27.2812 0.876666
546200 -16036.3 -19934.8 301.884 134.518 0.879533
546300 -16101.5 -19952.3 298.195 281.83 0.880964
546400 -16162.3 -19978.2 295.492 102.761 0.879895
546500 -16164.1 -20002.2 297.208 -74.7689 0.877867
546600 -16084.9 -19952.5 299.492 274.276 0.876014
546700 -16002.5 -19911.4 302.69 19.5051 0.87227
546800 -16018.9 -19854 296.971 -198.563 0.868562
546900 -16039.3 -19863.6 296.14 -364.572 0.867412
547000 -16021.6 -19910.5 301.144 63.9811 0.869199
547100 -16058.7 -19956.6 301.843 -189.161 0.870925
547200 -16151.3 -19986.8 297.007 -83.2151 0.873766
547300 -16189.9 -20009.9 295.802 255.05 0.876748
547400 -16164.5 -19977.5 295.264 121.408 0.877333
547500 -16058.1 -19929.5 299.784 55.1535 0.876548
547600 -16033.6 -19929.1 301.656 -45.2328 0.875832
547700 -16085.8 -19955.9 299.686 230.876 0.87502
547800 -16131.4 -19945.6 295.354 -376.214 0.87279
547900 -16120.5 -19979.3 298.808 -81.5652 0.873385
548000 -16121.5 -19953.4 296.722 -19.6873 0.87543
548100 -16112.9 -19971 298.752 95.4348 0.877253
548200 -16123.9 -19977.9 298.437 -177.036 0.878427
548300 -16136.1 -20003.3 299.456 191.972 0.880541
548400 -16181.9 -20023.9 297.516 248.117 0.880945
548500 -16290.2 -20052.1 291.311 -76.5097 0.879269
548600 -16282 -20112.1 296.585 75.4716 0.877939
548700 -16245.3 -20056.9 295.152 -154.936 0.876413
548800 -16199.7 -20011 295.136 -137.084 0.876225
548900 -16147.3 -20018.6 299.78 -26.5054 0.87743
549000 -16147.8 -19998.2 298.16 -85.7206 0.879076
549100 -16188.1 -20047.6 298.864 121.757 0.881111
549200 -16293.8 -20081.5 293.305 -142.014 0.882555
549300 -16307.6 -20150.3 297.56 471.636 0.884168
549400 -16287.7 -20132 297.69 113.667 0.882095
549500 -16188.6 -20054.2 299.336 51.0681 0.878497
549600 -16144.7 -20053.3 302.668 72.4684 0.874562
549700 -16189.8 -20004 295.359 -296.067 0.870862
549800 -16175.1 -20003.1 296.425 99.4143 0.869458
549900 -16071.1 -19941.8 299.737 -169.491 0.868264
550000 -16018.5 -19954.5 304.783 125.273 0.868146
550100 -16086.3 -19943.8 298.712 89.834 0.86697
550200 -16136 -19974.1 297.209 -269.051 0.865268
550300 -16161.3 -20033.8 299.865 -266.608 0.866023
550400 -16250.8 -20105.1 298.464 -3.21836 0.869152
550500 -16324.8 -20130.9 294.735 93.7293 0.872207
550600 -16292.9 -20061.5 291.825 94.3215 0.874155
550700 -16184.6 -20004.4 295.786 -39.9087 0.875293
550800 -16121.3 -19970.7 298.083 243.769 0.876162
550900 -16084.8 -19962 300.238 -9.51396 0.8752
551000 -16098.7 -19970.3 299.799 -71.4203 0.874156
551100 -16190.7 -20017.3 296.311 -15.2209 0.873635
551200 -16239.8 -20004.1 291.491 32.1694 0.873492
551300 -16183.8 -20022.8 297.281 -30.0619 0.873131
551400 -16150.6 -19987.6 297.129 -215.471 0.873244
551500 -16123.8 -19983.6 298.891 -87.8346 0.875123
551600 -16098.3 -19945.7 297.93 -57.0448 0.877897
551700 -16046.6 -19955.2 302.666 140.81 0.880954
551800 -16042 -19929.2 301.008 447.533 0.882122
551900 -16133.7 -19992.1 298.777 254.848 0.879476
552000 -16201 -20012.6 295.155 -45.5859 0.87527
552100 -16191.8 -20011.7 295.803 -146.406 0.872447
552200 -16115.9 -19982.1 299.387 -86.2521 0.871844
552300 -16033.7 -19953.6 303.543 225.673 0.871803
552400 -16083.8 -19939.5 298.567 109.28 0.870064
552500 -16227.9 -20026.1 294.115 -190.948 0.868283
552600 -16215.9 -20042 296.274 -347.065 0.868485
552700 -16150.8 -20031.8 300.527 -18.5184 0.87137
552800 -16145.6 -20031.4 300.897 179.945 0.874162
552900 -16218.8 -20045.3 296.311 62.3595 0.87515
553000 -16274.9 -20090.1 295.433 23.8979 0.87549
553100 -16332.2 -20120.1 293.321 -160.581 0.875722
553200 -16360.8 -20149.2 293.354 68.1359 0.876884
553300 -16284.5 -20097.8 295.285 -175.189 0.878057
553400 -16195.8 -20077 300.545 232.06 0.880051
553500 -16201.9 -20065.2 299.158 66.615 0.88047
553600 -16250.1 -20080.6 296.626 15.9105 0.879943
553700 -16316 -20079.8 291.455 114.96 0.879204
553800 -16269.6 -20083.4 295.327 146.169 0.877501
553900 -16158.7 -20047 301.096 -58.7653 0.874595
554000 -16168.5 -20036.6 299.528 -269.74 0.872348
554100 -16215.7 -20044.4 296.478 -306.762 0.872748
554200 -16243.2 -20061 295.638 -58.3133 0.875827
554300 -16244.6 -20095.9 298.231 274.987 0.879281
554400 -16231.4 -20093.5 299.067 -52.9934 0.880767
554500 -16261.5 -20147.2 300.898 175.498 0.881797
554600 -16330.1 -20096.7 291.675 47.439 0.881506
554700 -16284.3 -20152.5 299.538 63.6037 0.880519
554800 -16241.3 -20095 298.419 -14.4647 0.879032
554900 -16158.2 -20032 299.975 -134.912 0.877931
555000 -16064.4 -19991.3 304.083 -34.9051 0.877874
555100 -16125.5 -20018.1 301.429 -4.80846 0.878504
555200 -16204.5 -20058.1 298.406 67.2421 0.87902
555300 -16234.7 -20052.1 295.606 148.812 0.878597
555400 -16206 -20030 296.112 -196.925 0.877465
555500 -16105.1 -19999.5 301.571 165.212 0.877566
555600 -16082.9 -19988.2 302.411 87.4376 0.876546
555700 -16125.3 -19997.9 299.884 4.75365 0.874319
555800 -16153.8 -19993.8 297.359 -0.72011 0.872128
555900 -16184.2 -20052.3 299.53 -135.475 0.87016
556000 -16261.5 -20054.2 293.693 -442.824 0.869768
556100 -16238.3 -20087.4 298.057 -84.8242 0.873107
556200 -16113.1 -20016 302.227 176.551 0.877474
556300 -16096.2 -20011 303.153 263.928 0.879988
556400 -16168 -20015.8 297.957 121.252 0.879757
556500 -16182.3 -19986.3 294.563 75.2307 0.878304
556600 -16136.6 -19999 299.084 -21.9341 0.876496
556700 -16140.1 -20040.2 302.009 15.1647 0.874821
556800 -16236.3 -20077.9 297.483 -34.2902 0.873307
556900 -16265.7 -20090.1 296.146 -192.455 0.87256
557000 -16244.5 -20091 297.863 67.424 0.873176
557100 -16198.2 -20047.9 298.105 -81.5878 0.873332
557200 -16131.7 -20010.5 300.355 228.541 0.873774
557300 -16114.8 -20002.6 301.061 78.5884 0.872697
557400 -16204.2 -20022.4 295.663 -281.721 0.871285
557500 -16262.9 -20087.5 296.163 -182.867 0.872143
557600 -16250.5 -20075.5 296.188 110.062 0.874232
557700 -16161.9 -20050.5 301.122 66.5191 0.875701
557800 -16103.1 -20006.1 302.23 226.699 0.875996
557900 -16157.7 -20013.5 298.583 -246.782 0.874756
558000 -16214.7 -20023.7 294.951 -139.97 0.875464
558100 -16212.3 -20074.8 299.098 175.724 0.877438
558200 -16242.5 -20103.5 298.98 160.115 0.877904
558300 -16301.8 -20110.8 294.96 -271.804 0.877313
558400 -16283.8 -20078.4 293.837 32.0552 0.878233
558500 -16181.4 -20090.9 302.733 189.011 0.87907
558600 -16198.3 -20034.9 297.088 128.186 0.878258
558700 -16188.1 -20003.4 295.448 -76.4888 0.876669
558800 -16115.7 -20026.8 302.859 99.5096 0.875293
558900 -16132.5 -19989.2 298.652 -40.3925 0.873384
559000 -16262 -20053.5 293.597 -59.7301 0.872222
559100 -16286.5 -20092.3 294.702 -109.955 0.871832
559200 -16240.3 -20094.2 298.433 74.7714 0.872065
559300 -16195.3 -20013.8 295.695 -9.12321 0.872
559400 -16102.6 -20000.5 301.836 191.757 0.871772
559500 -16094.4 -19991.3 301.759 99.1526 0.869833
559600 -16130.1 -19976 297.817 -67.8599 0.867306
559700 -16158.7 -19985.6 296.341 -144.576 0.86607
559800 -16156 -19996.4 297.39 -13.5363 0.866233
559900 -16088.2 -19938.4 298.142 42.1193 0.86649
560000 -15995.2 -19875.5 300.477 -73.0087 0.866458
560100 -15982.7 -19875.9 301.473 -73.4628 0.866888
560200 -16067.8 -19925.1 298.688 16.2849 0.867921
560300 -16122.4 -19944.7 295.982 -104.009 0.869045
560400 -16113.2 -19983.1 299.67 90.8962 0.870695
560500 -16141.2 -19990.4 298.062 168.114 0.87141
560600 -16215.4 -20031.8 295.523 15.9337 0.870655
560700 -16288.7 -20052.4 291.452 -126.099 0.869687
560800 -16223.1 -20009.7 293.223 -303.577 0.870125
560900 -16120.2 -19988.2 299.522 147.296 0.872784
561000 -16129 -20004.8 300.127 63.7934 0.874575
561100 -16180.2 -20005.2 296.194 39.036 0.875586
561200 -16231.7 -20093.9 299.074 280.919 0.87591
561300 -16317.3 -20124.6 294.817 -251.404 0.874378
561400 -16330.8 -20162.9 296.741 91.5978 0.874073
561500 -16251.6 -20108.1 298.634 75.2608 0.873445
561600 -16131.7 -20027.6 301.684 166.919 0.872004
561700 -16151.4 -20017.9 299.407 -107.664 0.869236
561800 -16209.6 -20067.1 298.713 -273.46 0.86742
561900 -16278.2 -20084.3 294.73 -112.075 0.868136
562000 -16279 -20113.5 296.93 -98.495 0.870087
562100 -16158.1 -20063.4 302.412 261.012 0.87248
562200 -16132.1 -20027.9 301.675 120.554 0.87282
562300 -16200.3 -20052.2 298.277 -289.586 0.872208
562400 -16252.4 -20074.1 295.94 -222.144 0.874103
562500 -16256.6 -20106.4 298.117 182.84 0.878239
562600 -16240.2 -20090.9 298.182 120.618 0.880915
562700 -16144.1 -20060.8 303.292 155.48 0.881925
562800 -16106.9 -20008.1 302.096 177.515 0.88137
562900 -16181.8 -20018.7 297.12 188.14 0.879192
563000 -16224.5 -20036.3 295.171 1.73314 0.875445
563100 -16193.5 -20071 300.255 -88.4916 0.871712
563200 -16149.3 -20024 300.044 -115.875 0.869312
563300 -16098.9 -19982 300.695 -146.242 0.86809
563400 -16098.3 -19970.5 299.854 -134.92 0.868428
563500 -16157.9 -19980.2 295.98 21.1413 0.869953
563600 -16223.3 -20042.7 295.758 -15.3612 0.871303
563700 -16282.7 -20119.9 297.139 -95.7456 0.872841
563800 -16373.2 -20150.8 292.523 32.6574 0.874837
563900 -16384.9 -20174.2 293.434 117.194 0.876346
564000 -16264.1 -20101.5 297.15 130.531 0.876494
564100 -16211 -20089 300.302 90.9961 0.875473
564200 -16233.7 -20079.9 297.833 105.671 0.873706
564300 -16268.2 -20064.4 293.964 165.125 0.871175
564400 -16208 -20072.8 299.269 -21.0318 0.867742
564500 -16138.3 -20023.8 300.877 -374.077 0.865365
564600 -16140.2 -19988.9 298.031 -112.942 0.866166
564700 -16175.9 -20007.2 296.679 -191.83 0.868249
564800 -16259.6 -20088.2 296.469 102.734 0.871226
564900 -16311.4 -20099.9 293.365 207.074 0.873115
565000 -16266.5 -20118.6 298.294 73.0428 0.87306
565100 -16172.8 -20010.6 297.187 -51.7777 0.872017
565200 -16127.6 -19993.6 299.368 -122.244 0.871754
565300 -16146.1 -20026.6 300.493 186.273 0.872457
565400 -16201.3 -20035.7 296.926 169.233 0.871512
565500 -16216.3 -20006 293.465 -153.049 0.869201
565600 -16099.8 -19972.2 299.865 17.2791 0.867888
565700 -16057.2 -19929 299.819 -33.0245 0.866955
565800 -16087.7 -19987.3 301.971 -69.9192 0.866152
565900 -16176.6 -20003.1 296.308 -76.5002 0.86598
566000 -16200.2 -20005.7 294.683 -100.213 0.866772
566100 -16149 -20012.2 299.154 58.6477 0.86834
566200 -16114.7 -20004.9 301.249 159.661 0.869486
566300 -16209.1 -20033.7 296.162 168.333 0.869009
566400 -16276.9 -20056.1 292.646 -341.851 0.867461
566500 -16197.5 -20010.2 295.237 -68.4306 0.868392
566600 -16121.5 -19996.7 300.08 188.124 0.869984
566700 -16123.9 -19983.9 298.904 16.6816 0.870449
566800 -16159.6 -19977.8 295.669 63.2959 0.870458
566900 -16170.1 -19994.5 296.148 -261.409 0.870404
567000 -16149.2 -20033.6 300.799 54.6771 0.87232
567100 -16151.4 -19986.7 296.987 193.519 0.873789
567200 -16159 -20039.1 300.462 -99.3893 0.873934
567300 -16241.2 -20103.4 299.069 190.002 0.874291
567400 -16301.5 -20092.6 293.571 -60.9601 0.873292
567500 -16261.2 -20093.7 296.771 90.0436 0.872293
567600 -16192 -20026.7 296.94 -98.6634 0.870919
567700 -16117.9 -19971.6 298.412 87.852 0.869941
567800 -16104.6 -19968.5 299.201 -96.1424 0.86837
567900 -16124.1 -19971.6 297.934 -183.154 0.867582
568000 -16123.9 -19948.6 296.172 65.6891 0.868123
568100 -16043.5 -19922.9 300.399 -114.91 0.868469
568200 -15980.8 -19896.7 303.233 159.153 0.869576
568300 -16038.4 -19881.5 297.594 269.476 0.869404
568400 -16120.5 -19905.1 293.069 -139.068 0.866888
568500 -16071.8 -19912 297.37 -252.707 0.865095
568600 -15950.7 -19884.3 304.601 57.4215 0.86538
568700 -16011.8 -19897.9 300.925 -18.2147 0.865597
568800 -16109.6 -19950.8 297.446 -127.747 0.865987
568900 -16160.9 -19993.8 296.803 60.6002 0.867621
569000 -16165.7 -19967.4 294.393 120.292 0.869017
569100 -16067.5 -19947.6 300.462 40.2259 0.869303
569200 -16033.2 -19924.6 301.339 113.336 0.868906
569300 -16075 -19955 300.456 -29.2169 0.867733
569400 -16123.6 -19961 297.155 31.8452 0.866422
569500 -16115.2 -19907.4 293.653 -328.198 0.865285
569600 -16065.4 -19950.6 300.849 77.0152 0.866611
569700 -16078.6 -19930 298.239 45.0487 0.867705
569800 -16087.5 -19917 296.543 85.4553 0.868
569900 -16053.4 -19929.9 300.18 -98.2269 0.867946
570000 -16028.3 -19915.8 301.032 208.475 0.86834
570100 -16069.1 -19928.1 298.821 114.41 0.866922
570200 -16154.3 -19996.7 297.545 -109.587 0.864483
570300 -16193.1 -19991.9 294.166 54.4745 0.862592
570400 -16135.7 -19976.6 297.429 -158.775 0.860425
570500 -16065.6 -19957.3 301.361 -228.552 0.859734
570600 -16050.4 -19903.4 298.36 -123.042 0.861224
570700 -16078.2 -19969.2 301.303 15.5304 0.864066
570800 -16170.9 -19983.1 295.2 -72.6734 0.867143
570900 -16186.8 -20017.7 296.652 -5.50435 0.870791
571000 -16166 -20037.7 299.807 316.793 0.874326
571100 -16181.9 -20029 297.899 43.5149 0.875453
571200 -16231.8 -20070.3 297.242 116.547 0.875492
571300 -16302.9 -20119 295.504 29.7441 0.874457
571400 -16318.8 -20110.7 293.63 91.7429 0.872923
571500 -16212.2 -20045.5 296.837 -45.4784 0.870908
571600 -16132.4 -20005.4 299.91 -217.252 0.869532
571700 -16134.2 -19988.5 298.458 -226.059 0.870349
571800 -16171.6 -20019.6 297.975 -20.4545 0.872864
571900 -16245 -20053.4 294.907 121.951 0.875569
572000 -16307.5 -20109.1 294.386 25.4543 0.877389
572100 -16333.6 -20109.3 292.373 -108.545 0.879035
572200 -16239.1 -20127.2 301.08 315.871 0.881134
572300 -16197.6 -20052.4 298.497 67.322 0.88063
572400 -16195.8 -20073.4 300.267 22.5382 0.879206
572500 -16285 -20085.5 294.294 28.1784 0.87765
572600 -16321.1 -20070.9 290.37 -210.03 0.875988
572700 -16232.6 -20064.7 296.739 19.786 0.876106
572800 -16195.7 -20065.4 299.659 89.5135 0.876389
572900 -16210.7 -20056.4 297.796 -16.0601 0.875774
573000 -16259.7 -20105.2 297.782 -137.671 0.875716
573100 -16345.1 -20142.5 294.057 -30.1619 0.87684
573200 -16349.8 -20135.6 293.156 56.3559 0.87802
573300 -16221.3 -20087.2 299.362 44.3755 0.878712
573400 -16187.4 -20050.1 299.109 -57.3737 0.878869
573500 -16194.3 -20017.1 296.024 -21.8694 0.879476
573600 -16162.2 -20016.9 298.491 169.219 0.880191
573700 -16089.6 -19959.4 299.659 271.438 0.879415
573800 -16023.3 -19931.4 302.624 0.398308 0.875985
573900 -16075 -19945.5 299.722 -263.781 0.872711
574000 -16187.8 -20033 297.758 -192.321 0.872249
574100 -16220.5 -20061 297.391 -121.651 0.87374
574200 -16215.4 -20053.8 297.232 22.416 0.876031
574300 -16160.8 -20017.3 298.633 -122.311 0.878253
574400 -16084.2 -19990.3 302.474 208.14 0.881019
574500 -16089.4 -19977.4 301.078 174.799 0.882089
574600 -16210.2 -20032.1 295.95 -56.1358 0.881426
574700 -16261.3 -20110.8 298.088 31.6946 0.881072
574800 -16272.6 -20075 294.444 -4.50094 0.880582
574900 -16193.9 -20074.1 300.464 30.8916 0.880092
575000 -16115.7 -19968.4 298.337 75.1452 0.87929
575100 -16080.5 -19970.9 301.257 -154.994 0.87824
575200 -16103.6 -19969.9 299.397 -26.0062 0.878485
575300 -16132.7 -19992.5 298.888 7.26395 0.879065
575400 -16176 -20033.7 298.729 14.3039 0.879591
575500 -16251.9 -20087.4 297.007 -84.1603 0.879844
575600 -16323.6 -20120.5 294.016 68.993 0.88066
575700 -16301 -20116.1 295.424 251.255 0.880832
575800 -16265.2 -20103.1 297.188 25.5622 0.878937
575900 -16229.3 -20048.1 295.713 -84.5526 0.876667
576000 -16163 -20014 298.205 125.994 0.874929
576100 -16108.9 -19963.9 298.517 158.82 0.872265
576200 -16055.4 -19924.7 299.624 -208.926 0.868667
576300 -15950.6 -19910.1 306.612 -46.0081 0.866731
576400 -15981.6 -19910.6 304.251 59.2568 0.865438
576500 -16075.2 -19933.4 298.76 -331 0.864314
576600 -16120 -19981.6 299.031 63.2563 0.865671
576700 -16185.4 -20032.4 297.897 62.3481 0.866554
576800 -16238 -20018.1 292.715 -157.624 0.867149
576900 -16173.6 -20035.2 299.029 12.1242 0.868924
577000 -16103.1 -19986.4 300.704 -26.1502 0.870447
577100 -16115 -20008.9 301.527 20.1346 0.871971
577200 -16157.8 -20005.7 297.967 30.084 0.873323
577300 -16203.7 -20069.9 299.387 90.3572 0.874087
577400 -16273.2 -20087.1 295.329 8.517 0.873991
577500 -16295.5 -20127.6 296.744 41.7171 0.873583
577600 -16294.8 -20152.3 298.706 113.323 0.872872
577700 -16308.7 -20158.4 298.102 -125.488 0.871449
577800 -16317 -20140.4 296.071 -88.3366 0.871018
577900 -16284.1 -20149.1 299.291 49.2439 0.87169
578000 -16271.5 -20149.7 300.315 -108.517 0.872038
578100 -16312 -20127.1 295.431 -90.7695 0.873296
578200 -16341.7 -20141.9 294.277 -160.987 0.875582
578300 -16295.1 -20163.2 299.537 -87.4724 0.879025
578400 -16231 -20129.9 301.918 242.149 0.882526
578500 -16245.2 -20102 298.661 352.988 0.883354
578600 -16342.5 -20170.2 296.403 76.8092 0.881088
578700 -16399.1 -20191.1 293.633 14.7177 0.878219
578800 -16351 -20183.8 296.797 -53.2179 0.87572
578900 -16283 -20130.5 297.937 -76.1456 0.874164
579000 -16260.3 -20114.8 298.48 138.721 0.873246
579100 -16249.9 -20080.4 296.621 -154.982 0.8717
579200 -16219.4 -20072 298.328 -145.567 0.871398
579300 -16165.8 -20052.3 300.952 -88.9372 0.872484
579400 -16083 -19998 303.166 45.917 0.874281
579500 -16060 -19958.2 301.862 15.561 0.875669
579600 -16165.7 -20026.6 298.979 -69.3155 0.876998
579700 -16230.8 -20070.5 297.328 -132.081 0.87906
579800 -16241.6 -20081.9 297.385 134.197 0.881785
579900 -16223.4 -20078.4 298.512 131.584 0.883509
580000 -16183.9 -20098.3 303.117 243.183 0.883719
580100 -16250.7 -20070.7 295.802 -102.753 0.882021
580200 -16290.9 -20100.6 295.008 8.3971 0.880896
580300 -16240.8 -20084.9 297.672 91.0222 0.879839
580400 -16131.7 -20047.9 303.255 56.1302 0.87776
580500 -16111.5 -19964.2 298.341 -201.899 0.875515
580600 -16128 -20011 300.686 74.6187 0.874679
580700 -16174.9 -20050.2 300.084 -99.9849 0.873627
580800 -16209.2 -20050.3 297.441 -7.85131 0.873194
580900 -16197.5 -19987.8 293.506 27.6384 0.872981
581000 -16123.7 -19965.7 297.514 78.5581 0.872565
581100 -16096.7 -19970.9 300.001 181.227 0.871217
581200 -16104.7 -19928.5 296.102 119.626 0.868008
581300 -16075.3 -19929.1 298.422 -272.351 0.86401
581400 -15974.1 -19840 299.358 83.6629 0.861802
581500 -15888.4 -19769.3 300.528 -305.246 0.859807
581600 -15905.9 -19810.6 302.366 -77.3868 0.860043
581700 -16001.6 -19849.5 297.962 -212.988 0.861692
581800 -16054.7 -19946.3 301.35 -23.3473 0.86514
581900 -16111.5 -19929.5 295.652 133.387 0.868787
582000 -16109.2 -19934.2 296.197 -205.498 0.871396
582100 -16036.3 -19961.1 303.921 28.998 0.875157
582200 -16042.5 -19977.4 304.702 250.141 0.878327
582300 -16171.6 -20007.2 297.015 -60.6962 0.879252
582400 -16216.3 -20079.6 299.153 126.211 0.880086
582500 -16268.4 -20087.4 295.726 144.852 0.879866
582600 -16285.9 -20091.7 294.708 84.0287 0.878451
582700 -16201.2 -20053.6 298.32 -30.9778 0.87656
582800 -16117.7 -19976.9 298.843 -6.41216 0.875032
582900 -16098.6 -19973.8 300.076 -73.1075 0.873781
583000 -16140.1 -19978.9 297.258 -104.345 0.873466
583100 -16231.8 -20058.7 296.343 -26.8406 0.874241
583200 -16344.2 -20160.1 295.489 29.74 0.875188
583300 -16355.1 -20156.8 294.389 -27.3465 0.875703
583400 -16288.5 -20080.1 293.608 35.3971 0.876186
583500 -16212.9 -20077.6 299.266 85.3412 0.876354
583600 -16192.1 -20033.1 297.433 -154.506 0.876059
583700 -16143.8 -20009.3 299.324 -46.9555 0.876908
583800 -16079.6 -20002.1 303.739 116.478 0.878126
583900 -16164.1 -20043.4 300.397 -107.54 0.878683
584000 -16259.8 -20086 296.284 155.7 0.879667
584100 -16267.5 -20075.7 294.893 274.947 0.879278
584200 -16193.9 -20043.8 298.117 73.7035 0.876473
584300 -16135.3 -20020 300.809 42.6846 0.872785
584400 -16142.8 -19987.9 297.75 -227.441 0.86894
584500 -16144.1 -19984.8 297.416 -319.198 0.86757
584600 -16102.5 -20011.8 302.719 -60.542 0.869352
584700 -16095.9 -20007.5 302.901 8.26674 0.871656
584800 -16206.5 -20090.5 300.767 76.6957 0.873734
584900 -16276.3 -20088.4 295.197 140.062 0.875021
585000 -16267.1 -20092.8 296.249 53.3396 0.874975
585100 -16197.4 -20054.2 298.657 130.932 0.87414
585200 -16134.6 -20010.9 300.166 8.59363 0.872456
585300 -16132.1 -19987.3 298.531 -121.37 0.870885
585400 -16181 -20022.7 297.483 -173.852 0.870153
585500 -16280.2 -20091.1 295.104 -226.412 0.871297
585600 -16315 -20177.6 299.108 104.385 0.874185
585700 -16362.1 -20154.1 293.643 54.9123 0.876567
585800 -16331 -20175.5 297.7 261.351 0.878149
585900 -16223.8 -20087.9 299.217 69.3746 0.877626
586000 -16159.3 -19995.9 297.085 52.4869 0.876085
586100 -16118.2 -19959.2 297.433 22.6109 0.873894
586200 -16093.7 -19946.4 298.336 0.0317237 0.871568
586300 -16096.1 -19979.7 300.731 40.5134 0.869117
586400 -16206 -20007.9 294.403 -379.816 0.866857
586500 -16276.9 -20067 293.497 -406.886 0.868061
586600 -16223 -20053 296.583 32.0098 0.872792
586700 -16165.6 -20066.6 302.083 199.942 0.87728
586800 -16202.5 -20060.1 298.722 341.95 0.879202
586900 -16277.4 -20080.7 294.514 116.23 0.87818
587000 -16276.8 -20083.9 294.811 -73.8426 0.876217
587100 -16230.3 -20025.7 293.898 -301.069 0.875339
587200 -16169.2 -20056.4 301.015 139 0.876693
587300 -16176.5 -20037.1 298.948 5.797 0.877185
587400 -16220.8 -20063.2 297.539 -58.3713 0.877239
587500 -16302.9 -20102.6 294.234 194.956 0.877453
587600 -16342.4 -20153.5 295.12 -186.93 0.87683
587700 -16281.2 -20110.1 296.495 171.228 0.877115
587800 -16177.3 -20051.8 300.024 136.997 0.875991
587900 -16166.4 -20006.9 297.399 -193.899 0.874061
588000 -16157.5 -20011.5 298.437 66.3994 0.873743
588100 -16144.9 -20003.1 298.763 -34.993 0.873109
588200 -16125.4 -19989.6 299.231 18.6214 0.872457
588300 -16138 -20020.9 300.68 -130.946 0.87221
588400 -16218.3 -20042.2 296.108 28.427 0.872908
588500 -16270.5 -20096.5 296.275 -33.2914 0.873625
588600 -16261.6 -20071.1 294.996 86.251 0.874301
588700 -16143.3 -20023.2 300.449 237.496 0.874005
588800 -16111.5 -19989.6 300.305 -65.4909 0.872009
588900 -16137.2 -19997.6 298.935 -162.676 0.870286
589000 -16209.9 -20030 295.814 -43.3843 0.870062
589100 -16318.2 -20142.8 296.163 -14.6311 0.870384
589200 -16363.2 -20134.2 292.015 -135.917 0.871032
589300 -16304.9 -20109.2 294.587 -72.284 0.872889
589400 -16240 -20100.6 298.954 -109.024 0.875431
589500 -16215.5 -20075.6 298.913 305.483 0.878057
589600 -16204.3 -20020.4 295.506 -0.848136 0.878278
589700 -16111.4 -20005.6 301.551 -110.538 0.878216
589800 -16065.5 -19954 301.107 176.746 0.878676
589900 -16114.2 -19951.7 297.164 10.1956 0.877841
590000 -16216.8 -19998.9 292.877 -244.226 0.877448
590100 -16242.6 -20040.8 294.115 315.836 0.878593
590200 -16123.8 -20002 300.31 330.867 0.876798
590300 -16069.8 -19939.7 299.669 -248.634 0.872864
590400 -16109.2 -19990.2 300.533 46.744 0.871281
590500 -16200.7 -20047.2 297.858 -114.091 0.870174
590600 -16244.4 -20060.4 295.498 -203.746 0.870154
590700 -16207.3 -20027.8 295.844 19.4887 0.871851
590800 -16154.4 -20014.7 298.928 279.894 0.872955
590900 -16143.2 -19968.3 296.197 -83.7068 0.87191
591000 -16122.8 -20019.3 301.737 50.0369 0.871115
591100 -16183.8 -20032.4 298.015 88.2792 0.870144
591200 -16225.1 -20025.1 294.261 -62.9465 0.868598
591300 -16190.6 -20003.3 295.239 -146.654 0.867328
591400 -16124 -19948.1 296.117 -179.775 0.867838
591500 -16060.1 -19933.6 299.942 38.5771 0.869992
591600 -16061.5 -19947.9 300.945 -134.432 0.871963
591700 -16131.3 -19982.1 298.192 226.101 0.87455
591800 -16204.1 -20009.6 294.684 0.320688 0.875573
591900 -16204.2 -20050.8 297.866 -204.203 0.876383
592000 -16200.2 -20067.9 299.497 402.884 0.878334
592100 -16241.8 -20099.4 298.715 174.394 0.877265
592200 -16318.4 -20119.5 294.345 -24.4395 0.874247
592300 -16315.6 -20118.4 294.472 -164.721 0.871841
592400 -16197.8 -20076.6 300.36 24.2926 0.87073
592500 -16171.3 -20030.5 298.838 -179.205 0.869912
592600 -16182 -20031.8 298.111 -143.68 0.870783
592700 -16198.9 -20043.4 297.705 -25.8838 0.872846
592800 -16248.9 -20073.3 296.142 -93.3347 0.874998
592900 -16298.6 -20084.5 293.163 130.127 0.877708
593000 -16249.9 -20109.6 298.884 131.166 0.879281
593100 -16171.1 -20066.7 301.656 328.638 0.879195
593200 -16191.1 -20081.4 301.247 11.2685 0.876342
593300 -16305.2 -20115.9 295.088 -238.208 0.873801
593400 -16318.5 -20129.1 295.079 99.7774 0.873488
593500 -16255.5 -20029 292.207 -263.497 0.873109
593600 -16158.2 -20017 298.815 -51.2611 0.874481
593700 -16145.4 -20025 300.42 131.741 0.87616
593800 -16212.1 -20067.2 298.527 93.3748 0.876511
593900 -16280 -20124.4 297.696 -211.424 0.876257
594000 -16304.6 -20131.6 296.35 -22.4686 0.877641
594100 -16285.9 -20123.6 297.175 309.578 0.878599
594200 -16208.5 -20094.4 300.904 216.371 0.876994
594300 -16069.7 -19986.4 303.299 -97.4113 0.873936
594400 -16065.3 -19928.1 299.119 -117.213 0.871833
594500 -16114.6 -19970 298.545 -183.958 0.871278
594600 -16186 -20023.5 297.165 -329.098 0.87262
594700 -16293.6 -20105.9 295.215 -33.608 0.876636
594800 -16334.6 -20154.2 295.776 268.091 0.880514
594900 -16320 -20144.4 296.145 -131.61 0.882071
595000 -16275.2 -20108.3 296.825 -106.195 0.884332
595100 -16221.5 -20119.4 301.838 178.744 0.887092
595200 -16254.6 -20107.3 298.336 273.12 0.888202
595300 -16368.4 -20142.5 292.246 394.329 0.886433
595400 -16414.3 -20154.7 289.64 -180.317 0.881786
595500 -16328.3 -20122.6 293.815 -96.1946 0.878457
595600 -16252.1 -20106 298.431 79.8157 0.876375
595700 -16207.9 -20067.2 298.849 -45.1932 0.874109
595800 -16183.1 -20060.9 300.28 -214.046 0.872342
595900 -16219.8 -20050.7 296.646 144.404 0.872093
596000 -16297.5 -20109.1 295.153 73.5364 0.87109
596100 -16326.3 -20132.5 294.738 -181.384 0.86969
596200 -16272.6 -20129 298.624 -113.508 0.869813
596300 -16166.1 -20022.6 298.634 52.5161 0.870968
596400 -16124.6 -20012 301.032 2.3014 0.871783
596500 -16164.7 -20037.2 299.87 70.054 0.872234
596600 -16236.3 -20090.5 298.46 216.535 0.872119
596700 -16270.9 -20097.8 296.339 -91.8575 0.870291
596800 -16238 -20040.1 294.416 -312.357 0.869242
596900 -16172.9 -20085.3 302.965 147.844 0.870583
597000 -16221.2 -20095.4 299.999 20.7313 0.871224
597100 -16283.3 -20097.5 295.359 24.3965 0.871412
597200 -16264.7 -20109.7 297.74 -308.467 0.871801
597300 -16245.7 -20091 297.769 -50.4321 0.874724
597400 -16232.3 -20122.9 301.275 215.606 0.878405
597500 -16300.4 -20153.2 298.345 189.927 0.880182
597600 -16403.7 -20201.2 294.059 -54.5813 0.880299
597700 -16381.3 -20187.2 294.715 61.6299 0.880542
597800 -16297.4 -20145.7 297.998 111.011 0.880297
597900 -16258.8 -20111.4 298.336 -40.466 0.879179
598000 -16233.6 -20063.5 296.575 -30.9934 0.87809
598100 -16147.8 -20051.4 302.282 -215.27 0.877618
598200 -16080.5 -20042.9 306.827 367.758 0.878194
598300 -16162.6 -20024.7 299.07 71.2174 0.876119
598400 -16183.6 -20016.3 296.788 -0.938523 0.872644
598500 -16158 -19998.4 297.386 -246.967 0.86911
598600 -16110.7 -19984 299.93 -257.915 0.8676
598700 -16095.1 -19986.3 301.324 -157.998 0.8688
598800 -16167 -20002.7 297.021 144.797 0.871695
598900 -16245.4 -20071.1 296.247 -60.7976 0.873872
599000 -16258.7 -20075.9 295.589 108.046 0.876401
599100 -16193.8 -20077.6 300.749 324.334 0.878232
599200 -16083.1 -19980.1 301.773 79.2642 0.877334
599300 -16065.6 -19973.9 302.648 -178.639 0.875216
599400 -16132.5 -20008.1 300.113 -209.959 0.874321
599500 -16187.6 -20055.1 299.486 -187.808 0.875893
599600 -16221.7 -20060.5 297.267 113.852 0.879439
599700 -16232.6 -20074.5 297.5 41.1754 0.882848
599800 -16244.6 -20103 298.783 228.256 0.886025
599900 -16312.5 -20115.9 294.519 259.466 0.887354
600000 -16329.8 -20146.5 295.554 115.487 0.886235
600100 -16250.7 -20108 298.696 364.074 0.883238
600200 -16171.4 -20035.6 299.228 68.8274 0.876664
600300 -16145.6 -19991.6 297.819 -511.31 0.870152
600400 -16136.5 -19996.7 298.917 -336.696 0.868432
600500 -16143 -19989.7 297.876 -170.867 0.870299
600600 -16183.5 -20051.5 299.529 150.89 0.873472
600700 -16291.3 -20067.3 292.399 1.55381 0.874971
600800 -16281.2 -20091.3 295.043 -8.62872 0.876095
600900 -16244.5 -20126.5 300.614 56.6516 0.877364
601000 -16243.1 -20052.3 294.971 -10.6287 0.878055
601100 -16209.1 -20077.6 299.56 146.614 0.878633
601200 -16215.7 -20064.6 298.043 -99.6743 0.878342
601300 -16215.5 -20033.3 295.641 -19.0716 0.8785
601400 -16186.2 -20059.4 299.922 -51.4601 0.878972
601500 -16217.1 -20137.2 303.554 158.512 0.879646
601600 -16289.6 -20139.7 298.134 90.9074 0.879203
601700 -16316.3 -20173.3 298.664 -69.5494 0.877851
601800 -16354.5 -20205.8 298.225 -33.8451 0.876849
601900 -16409.7 -20196.4 293.229 -109.045 0.876363
602000 -16366.8 -20172.1 294.668 -36.2355 0.876838
602100 -16238.6 -20096.1 298.71 160.28 0.87742
602200 -16185.9 -20009.1 296.055 0.179248 0.876831
602300 -16123.3 -20027.2 302.301 68.7927 0.876092
602400 -16153.6 -20050.6 301.769 95.7642 0.874543
602500 -16246.4 -20072.3 296.256 -232.651 0.872459
602600 -16255.8 -20110.8 298.511 -234.892 0.872268
602700 -16264.4 -20132.2 299.507 92.5964 0.8742
602800 -16335.1 -20156 295.878 4.30931 0.87579
602900 -16419.6 -20227.6 294.877 141.145 0.877129
603000 -16420.7 -20227.3 294.763 169.92 0.877108
603100 -16302.4 -20123.5 295.893 11.6769 0.875523
603200 -16227.4 -20088.2 298.959 44.7441 0.873613
603300 -16225.2 -20069.8 297.707 -78.866 0.871308
603400 -16231.4 -20057.9 296.31 -105.55 0.869426
603500 -16191 -20064.5 299.954 -328.563 0.868893
603600 -16159.1 -20068.3 302.712 -229.337 0.871589
603700 -16252.8 -20103.3 298.167 176.16 0.876234
603800 -16325.5 -20152.5 296.347 132.049 0.879586
603900 -16327.7 -20162.4 296.941 160.356 0.881531
604000 -16297.7 -20172.5 300.046 217.747 0.881614
604100 -16239.6 -20078.9 297.298 -77.0761 0.879793
604200 -16140.7 -20039.7 301.924 94.6564 0.878319
604300 -16138.6 -20008.2 299.647 -130.182 0.876694
604400 -16189.4 -19982.6 293.728 -213.362 0.876025
604500 -16191.8 -20023.1 296.683 -128.585 0.877509
604600 -16121.9 -20031.7 302.757 91.0467 0.879906
604700 -16142.3 -20043.9 302.126 75.9092 0.881512
604800 -16250.3 -20098.8 298.012 -42.9858 0.882839
604900 -16303.7 -20173.5 299.658 -10.324 0.884633
605000 -16351.7 -20180.5 296.488 194.738 0.885928
605100 -16367.8 -20214.2 297.853 -67.8865 0.885881
605200 -16391.6 -20232.9 297.459 63.7371 0.885942
605300 -16450.3 -20275.1 296.177 -120.749 0.885768
605400 -16465.5 -20251.1 293.139 -125.765 0.8867
605500 -16373.6 -20217.1 297.62 410.002 0.888163
605600 -16315.9 -20143.8 296.414 -53.089 0.887014
605700 -16266.7 -20102.3 297.011 167.446 0.885405
605800 -16235.5 -20101.9 299.397 242.734 0.882092
605900 -16241.6 -20085.4 297.647 -197.305 0.876895
606000 -16237.8 -20095.2 298.703 -251.741 0.873348
606100 -16214.9 -20039.4 296.155 -249.71 0.872434
606200 -16143.4 -20014.6 299.771 -81.9502 0.873811
606300 -16109.6 -19986.2 300.192 -151.206 0.876323
606400 -16121.2 -19993.4 299.852 152.921 0.87934
606500 -16204.2 -20065 298.966 85.1688 0.880754
606600 -16283.2 -20124.5 297.459 -98.1047 0.881379
606700 -16308.3 -20154.4 297.827 -194.967 0.882527
606800 -16316.4 -20138.1 295.934 -141.391 0.884923
606900 -16237.8 -20143.6 302.452 305.94 0.887272
607000 -16157.7 -20035.4 300.275 152.291 0.886894
607100 -16167.5 -20075.6 302.628 141.901 0.885166
607200 -16298.8 -20170.8 299.835 165.075 0.882324
607300 -16356.8 -20177.8 295.881 -14.792 0.878609
607400 -16335.2 -20149.8 295.388 -178.302 0.875621
607500 -16251.9 -20120.1 299.532 -62.947 0.87434
607600 -16213.2 -20064.5 298.231 -127.039 0.874044
607700 -16187.6 -20055.6 299.524 -107.334 0.875035
607800 -16130.9 -19987.6 298.651 47.771 0.876918
607900 -16065.9 -20004.3 304.971 51.8173 0.878358
608000 -16144.7 -20045 302.023 -52.4266 0.879159
608100 -16232.2 -20078.2 297.818 -54.1366 0.880441
608200 -16264.6 -20112.8 297.994 -6.0836 0.882093
608300 -16297.2 -20114.6 295.607 24.3744 0.883598
608400 -16280.8 -20131.1 298.154 157.957 0.884853
608500 -16219.9 -20097.2 300.237 -56.8147 0.885044
608600 -16182.8 -20092.2 302.727 223.255 0.884998
608700 -16242.3 -20086.7 297.695 -58.7551 0.883507
608800 -16308 -20102.4 293.817 104.297 0.882045
608900 -16275.2 -20110.5 296.986 133.619 0.879663
609000 -16200.6 -20030.2 296.55 -9.89524 0.875892
609100 -16151.9 -19999.8 297.967 -474.745 0.873132
609200 -16143.8 -20005.7 299.051 -63.6731 0.874442
609300 -16159.6 -20014.6 298.513 201.671 0.876345
609400 -16227.1 -20067.1 297.347 -22.5087 0.876441
609500 -16297.9 -20111.7 295.332 -214.32 0.876821
609600 -16294.7 -20128.9 296.908 76.6311 0.878762
609700 -16215.5 -20074.2 298.804 56.4831 0.880288
609800 -16109.3 -19984.4 300.078 146.886 0.881056
609900 -16112.9 -19994.6 300.586 140.353 0.880333
610000 -16190.7 -20042.5 298.269 -166.394 0.878646
610100 -16240.7 -20063.2 296.006 42.8992 0.878112
610200 -16238.9 -20093.2 298.456 75.2953 0.877534
610300 -16239 -20084 297.742 103.788 0.876186
610400 -16237.6 -20060.3 296.014 -9.2575 0.874126
610500 -16198 -19995.4 294.055 180.424 0.871679
610600 -16138.9 -19946.6 294.851 -394.785 0.868742
610700 -16092.6 -19973.9 300.552 54.8607 0.868762
610800 -16101.1 -19941.2 297.363 -80.2418 0.868848
610900 -16122.1 -19993.1 299.753 -146.697 0.869395
611000 -16223.7 -20062.1 297.234 20.4273 0.871217
611100 -16264.4 -20037.1 292.15 -204.277 0.873028
611200 -16197.4 -20034.6 297.142 148.34 0.876197
611300 -16150.2 -20018.2 299.526 98.6496 0.878207
611400 -16151.8 -20041.7 301.22 73.7185 0.878805
611500 -16222.4 -20060.7 297.218 173.635 0.878495
611600 -16265.3 -20095.4 296.586 -181.54 0.877126
611700 -16254.3 -20058.4 294.571 -31.9567 0.877052
611800 -16193.5 -20057.8 299.241 84.1261 0.877598
611900 -16136.8 -19987.1 298.15 12.2846 0.877333
612000 -16073.7 -19932.2 298.783 94.7934 0.876828
612100 -15987.6 -19901.8 303.098 -82.6911 0.875726
612200 -16010.9 -19891.1 300.464 92.7246 0.874983
612300 -16133.6 -19959.8 296.282 -202.038 0.874087
612400 -16173.2 -20016.8 297.631 -2.3836 0.874688
612500 -16212.9 -20059.7 297.883 -20.4166 0.875805
612600 -16269.1 -20083.4 295.363 10.2066 0.876559
612700 -16310.3 -20061.4 290.467 -317.365 0.877615
612800 -16213.8 -20063.6 298.112 47.8401 0.88105
612900 -16157.1 -20036.2 300.378 246.172 0.883733
613000 -16184.5 -20053.6 299.608 129.688 0.883944
613100 -16266.4 -20097.4 296.657 108.163 0.883015
613200 -16313.5 -20126.8 295.295 105.428 0.880983
613300 -16287.6 -20098.1 295.069 48.4586 0.878238
613400 -16232 -20082.5 298.165 -104.414 0.875967
613500 -16216.6 -20045.1 296.466 31.1748 0.874726
613600 -16182.9 -20021 297.207 -104.733 0.873728
613700 -16113.6 -19983.8 299.696 -49.4362 0.873537
613800 -16081 -19956.2 300.078 -73.8415 0.873946
613900 -16119.3 -19954.6 296.993 47.5545 0.87479
614000 -16217.4 -20005.8 293.361 49.8444 0.875258
614100 -16235.6 -20035.4 294.243 3.90468 0.875284
614200 -16160.9 -20028 299.453 44.486 0.875209
614300 -16127.9 -20018.7 301.291 190.831 0.874729
614400 -16194.8 -20074.6 300.437 -4.28094 0.872638
614500 -16304.5 -20073.4 291.843 -155.327 0.870314
614600 -16266 -20092.7 296.326 -405.644 0.869997
614700 -16193.3 -20044.7 298.237 94.1441 0.872738
614800 -16136.7 -20020.1 300.718 -61.7608 0.875524
614900 -16139 -20018.1 300.383 253.255 0.878136
615000 -16236.6 -20055.7 295.74 59.6683 0.878731
615100 -16270.1 -20059.2 293.411 -165.559 0.878851
615200 -16219.3 -20064 297.716 326.455 0.879701
615300 -16198.6 -20043 297.694 41.2419 0.87825
615400 -16171.5 -20010.5 297.273 -193.595 0.876251
615500 -16089.6 -19987.9 301.873 -16.7293 0.875734
615600 -15971.9 -19899.8 304.164 211.099 0.8754
615700 -15976.3 -19884.5 302.635 -19.8692 0.873557
615800 -16059.4 -19936.9 300.26 -208.031 0.871599
615900 -16096.8 -19954.9 298.759 23.8388 0.871338
616000 -16141.8 -20032.9 301.308 -17.5257 0.871365
616100 -16241.3 -20097.6 298.613 -70.5447 0.871384
616200 -16295.6 -20113.2 295.622 285.978 0.871622
616300 -16276.3 -20116 297.329 -249.852 0.870149
616400 -16207.6 -20063.3 298.574 -69.5823 0.870037
616500 -16119.4 -20001.4 300.606 28.6737 0.871085
616600 -15997.4 -19930 304.523 42.371 0.871962
616700 -15959.8 -19884.3 303.9 121.074 0.872432
616800 -16027.3 -19922.9 301.658 117.492 0.871793
616900 -16102.1 -19991.8 301.2 -123.495 0.870074
617000 -16177.3 -20041.3 299.215 -83.6114 0.869089
617100 -16228.8 -20056.3 296.386 -292.37 0.869094
617200 -16242.1 -20071.3 296.52 -76.6544 0.871601
617300 -16194.5 -20048.6 298.44 -187.666 0.876233
617400 -16104.1 -20052.3 305.734 371.271 0.882438
617500 -16170 -20047.7 300.275 477.474 0.885396
617600 -16236.4 -20073.2 297.109 124.092 0.883947
617700 -16239 -20074.1 296.977 -244.592 0.881288
617800 -16225.8 -20083.1 298.694 157.219 0.880432
617900 -16241.8 -20105.9 299.222 101.058 0.878613
618000 -16293.2 -20088.3 293.877 -226.485 0.875984
618100 -16281.6 -20118.9 297.148 -142.139 0.875367
618200 -16217.8 -20104.6 300.979 168.586 0.875983
618300 -16190.5 -20057.8 299.472 207.172 0.875317
618400 -16222.4 -20058.6 297.06 -39.7566 0.872743
618500 -16267.8 -20064.9 294.03 -372.502 0.870833
618600 -16233.3 -20076.7 297.618 23.3675 0.871805
618700 -16155 -20047.6 301.424 -23.1359 0.873094
618800 -16124.9 -19986.2 299.001 16.4284 0.874292
618900 -16143.9 -19999.9 298.595 99.5768 0.875208
619000 -16221.5 -20053.9 296.766 60.2073 0.875176
619100 -16270.1 -20079.7 295.006 -223.731 0.874819
619200 -16234.9 -20079.1 297.675 -81.7812 0.876142
619300 -16139.5 -19994.1 298.484 137.066 0.878009
619400 -16082.9 -19969.7 300.98 363.62 0.878314
619500 -16106.2 -19980.9 300.039 21.3551 0.87579
619600 -16142.5 -19975.7 296.828 -352.191 0.873441
619700 -16142.9 -19991.8 298.05 -246.085 0.874311
619800 -16161.1 -20013.4 298.312 52.1055 0.877296
619900 -16292.3 -20104.3 295.191 18.2123 0.879687
620000 -16333.9 -20137 294.497 284.557 0.880957
620100 -16283.3 -20135.6 298.306 -31.9601 0.880089
620200 -16217.9 -20078.4 298.938 -27.5273 0.879397
620300 -16168.5 -20079.1 302.821 357.869 0.878449
620400 -16239.6 -20037.4 294.081 -346.463 0.875437
620500 -16295.7 -20071.2 292.362 -131.722 0.874803
620600 -16224.8 -20072.6 297.961 182.762 0.875766
620700 -16164.1 -20009.3 297.756 -49.3018 0.875523
620800 -16142.2 -20010.7 299.557 133.34 0.874919
620900 -16165.8 -20038.8 299.911 -35.0399 0.873539
621000 -16199.9 -20007.5 294.844 -303.657 0.872717
621100 -16179.1 -20022.9 297.648 95.8936 0.874258
621200 -16176 -20041 299.292 -39.1085 0.87546
621300 -16190.2 -20048.7 298.788 -275.983 0.877207
621400 -16224.9 -20052.2 296.374 269.978 0.880711
621500 -16314.9 -20123.1 294.888 219.113 0.882105
621600 -16380.4 -20139 291.058 13.2345 0.881478
621700 -16296.4 -20083.6 293.266 30.9882 0.88044
621800 -16218.9 -20042.3 296.072 -16.2019 0.879266
621900 -16157.3 -19992.2 296.959 -33.1145 0.87845
622000 -16085.3 -19951.5 299.388 33.5781 0.877867
622100 -16072 -19992.3 303.577 267.295 0.876584
622200 -16166.7 -19987 295.832 -75.9154 0.873389
622300 -16187.5 -20004.5 295.571 -90.6986 0.870607
622400 -16159.9 -20025.1 299.311 -34.1443 0.868725
622500 -16138.9 -19962.1 296.056 -143.806 0.867564
622600 -16058.6 -19990.1 304.446 -18.37 0.86752
622700 -16036.5 -19931.1 301.583 -49.3053 0.867806
622800 -16135.9 -19950 295.348 -178.364 0.868821
622900 -16168.3 -19975.7 294.828 -31.6046 0.871218
623000 -16118.4 -19975.1 298.642 171.471 0.873807
623100 -16043.7 -19947.3 302.275 84.1288 0.87483
623200 -16009.5 -19899.8 301.247 29.9255 0.87485
623300 -16087.7 -19963.2 300.1 -100.871 0.874527
623400 -16173.4 -19994.6 295.898 -319.88 0.875299
623500 -16193.2 -20029.6 297.077 -87.3984 0.878822
623600 -16206.5 -20099.7 301.474 233.048 0.882534
623700 -16299.3 -20094.5 293.885 99.6807 0.883523
623800 -16314 -20102.4 293.358 -7.50614 0.883583
623900 -16235.2 -20075.1 297.342 117.392 0.883461
624000 -16189.6 -20023.7 296.899 -58.9155 0.882458
624100 -16164 -20028.5 299.256 134.16 0.881896
624200 -16162.7 -20000.3 297.174 148.87 0.880418
624300 -16161.2 -20016.9 298.567 72.6515 0.877717
624400 -16163.7 -19994.1 296.612 52.6809 0.874562
624500 -16134.7 -19970.3 297.017 -228.635 0.871778
624600 -16054.2 -19931.1 300.218 84.0698 0.870689
624700 -16031.6 -19951.2 303.52 -22.9035 0.869501
624800 -16116.1 -19929.3 295.279 -7.39364 0.868323
624900 -16142.8 -20019 300.158 8.87197 0.867464
625000 -16171.9 -20032.7 298.963 -149.643 0.866947
625100 -16218.8 -20071.1 298.307 14.3698 0.867407
625200 -16296.6 -20103.9 294.825 101.486 0.867644
625300 -16395 -20174.9 292.702 -182.35 0.867392
625400 -16469.1 -20184.3 287.696 31.084 0.868386
625500 -16363 -20159.8 294.01 -169.456 0.86955
625600 -16269 -20101.5 296.776 -140.695 0.872215
625700 -16199.4 -20045.9 297.86 206.051 0.876018
625800 -16141.4 -20013.7 299.861 281.72 0.877845
625900 -16136.4 -20030.7 301.561 200.345 0.876946
626000 -16239 -20083.9 297.73 17.8537 0.874285
626100 -16289.4 -20084.4 293.867 -190.932 0.871589
626200 -16232.8 -20038.6 294.707 -135.102 0.870575
626300 -16165.8 -20060.9 301.616 49.3553 0.870924
626400 -16191 -20044.1 298.367 43.6829 0.870987
626500 -16220.9 -20073.6 298.342 -59.7293 0.870843
626600 -16235.9 -20056.5 295.858 -39.6347 0.871054
626700 -16160.3 -20027.6 299.465 -56.9804 0.871549
626800 -16074 -20012.3 304.965 136.193 0.872562
626900 -16140.4 -19975.4 296.964 157.117 0.872335
627000 -16172 -20018.2 297.831 21.4755 0.870676
627100 -16212.3 -20083.4 299.764 -31.8631 0.868702
627200 -16319.1 -20107.4 293.351 -323.855 0.867278
627300 -16312.4 -20111.6 294.191 -145.939 0.868805
627400 -16246.8 -20086.7 297.349 130.083 0.871741
627500 -16212.9 -20053.4 297.397 58.4866 0.873598
627600 -16188.5 -20057.2 299.572 169.163 0.874393
627700 -16221.2 -20109.9 301.129 208.059 0.873614
627800 -16344.9 -20144.1 294.195 -24.9367 0.871173
627900 -16329.7 -20134.9 294.658 -161.395 0.869147
628000 -16254 -20092.1 297.202 94.2659 0.868531
628100 -16203.1 -20074.3 299.773 63.2635 0.867516
628200 -16200.6 -20046.6 297.823 -102.082 0.866115
628300 -16211 -19994.9 293.014 -274.162 0.866027
628400 -16126.4 -20023.3 301.762 -120.462 0.868203
628500 -16113.6 -19997.1 300.724 199.319 0.8709
628600 -16177.4 -19983.8 294.75 -24.1414 0.872208
628700 -16196.3 -20039.1 297.569 255.164 0.872775
628800 -16162.4 -20011 298.021 122.185 0.871088
628900 -16083.9 -19986.1 302.175 -91.8049 0.868458
629000 -16079.2 -19938.7 298.862 -143.048 0.867181
629100 -16141.5 -19975.1 296.86 8.24123 0.867393
629200 -16213.3 -20023.1 295.017 -63.0534 0.867695
629300 -16282.5 -20116.3 296.876 99.8904 0.868152
629400 -16378.5 -20157 292.593 -111.667 0.867971
629500 -16343.5 -20158.5 295.414 -214.467 0.868985
629600 -16284.7 -20125.8 297.438 254.654 0.871485
629700 -16272.5 -20146.6 300.002 324.752 0.871533
629800 -16299.5 -20133.2 296.867 -38.8383 0.86877
629900 -16289.5 -20097.8 294.904 -168.864 0.866434
630000 -16167.5 -20066.9 301.956 0.282623 0.865636
630100 -16143.8 -20006.1 299.088 12.2439 0.864961
630200 -16171 -20021.3 298.148 -291.546 0.864647
630300 -16231 -20040.7 295.008 -261.274 0.867132
630400 -16291.9 -20099.5 294.853 -17.8066 0.871961
630500 -16316.3 -20135.9 295.773 186.071 0.876403
630600 -16310.8 -20187.4 300.187 260.756 0.878605
630700 -16352.1 -20175.4 296.065 -105.196 0.878361
630800 -16378.7 -20178.9 294.272 -113.167 0.878875
630900 -16307.8 -20179.5 299.806 363.967 0.879883
631000 -16249.4 -20125.6 300.163 183.917 0.877921
631100 -16233.4 -20083.6 298.147 -4.22717 0.87433
631200 -16152.3 -20046.4 301.54 -124.475 0.871163
631300 -16072.4 -19973.4 302.077 -115.398 0.869508
631400 -16104.4 -19979.8 300.093 -41.989 0.869151
631500 -16199.3 -20023.2 296.109 -20.7718 0.869367
631600 -16208.5 -20007.4 294.172 -245.431 0.870035
631700 -16181.4 -20070 301.125 -79.5605 0.872767
631800 -16211.3 -20053.5 297.521 96.689 0.876167
631900 -16262.2 -20110.2 297.977 116.446 0.878493
632000 -16380.7 -20179.1 294.134 93.1555 0.879453
632100 -16413.8 -20201.3 293.293 -70.1323 0.879684
632200 -16366.3 -20196.5 296.595 86.2151 0.880446
632300 -16333.4 -20194.1 298.958 290.033 0.879981
632400 -16315.2 -20140.3 296.197 11.6226 0.877192
632500 -16229.4 -20117.8 301.102 -63.768 0.874048
632600 -16130.7 -20045 303.109 -1.46402 0.871437
632700 -16046.3 -19954.8 302.657 -149.326 0.869297
632800 -15974.6 -19913 304.978 -52.5723 0.868594
632900 -16054.8 -19963.3 302.662 -103.765 0.868682
633000 -16150.5 -20022 299.794 -8.07171 0.869499
633100 -16218.9 -20057.9 297.28 66.4427 0.870477
633200 -16259.3 -20099.7 297.386 -93.4398 0.871085
633300 -16279.3 -20087.2 294.871 81.7165 0.872146
633400 -16224.5 -20081.7 298.685 96.381 0.872736
633500 -16145.7 -20029.3 300.729 74.9165 0.872277
633600 -16135.3 -20006.1 299.737 52.081 0.870893
633700 -16183.2 -19989.9 294.78 -157.006 0.869381
633800 -16244.7 -20037.9 293.735 -82.8017 0.869196
633900 -16210.3 -20039.5 296.513 58.1502 0.86979
634000 -16101.8 -19986.4 300.813 47.7319 0.869927
634100 -16075.1 -19933.7 298.794 -182.607 0.86977
634200 -16072.4 -19909.8 297.147 -103.35 0.871121
634300 -16051.7 -19953.7 302.163 261.174 0.873557
634400 -16138.8 -19970.8 296.729 168.686 0.87398
634500 -16196.3 -20004.7 294.908 -155.475 0.872821
634600 -16155.2 -19991.8 297.093 -70.9107 0.872785
634700 -16077.5 -19951.7 299.999 244.432 0.87339
634800 -16031.8 -19896.9 299.293 99.8138 0.871887
634900 -15969.9 -19868 301.859 -109.804 0.868898
635000 -15910.4 -19827.8 303.348 -149.91 0.86651
635100 -15978.4 -19861.6 300.701 -177.515 0.865446
635200 -16077.1 -19923.1 297.815 139.874 0.865595
635300 -16096.9 -19940 297.592 -93.6794 0.865122
635400 -16106.2 -19970.3 299.221 -18.5695 0.865035
635500 -16182.7 -19969.4 293.22 -174.092 0.865378
635600 -16206.5 -20013.3 294.788 9.14113 0.867634
635700 -16101.3 -19982.6 300.552 237.53 0.870172
635800 -16038 -19930 301.384 10.9144 0.871004
635900 -16050.3 -19929.3 300.376 110.91 0.871126
636000 -16098.4 -19971.8 299.942 124.845 0.870346
636100 -16160.4 -19997.7 297.146 40.2231 0.868433
636200 -16162.3 -19978.3 295.497 -277.975 0.865915
636300 -16103.8 -19935.7 296.728 -307.962 0.865939
636400 -16018.4 -19909.2 301.29 136.406 0.868704
636500 -16009.1 -19890 300.521 226.202 0.870442
636600 -16031.1 -19879.9 298.041 -88.2916 0.870523
636700 -16082.5 -19968.8 300.94 -127.095 0.871382
636800 -16167.3 -19987.8 295.847 -177.068 0.873547
636900 -16168.1 -20002.2 296.9 175.191 0.876934
637000 -16143.5 -20059.3 303.223 375.991 0.878991
637100 -16241.3 -20082.8 297.472 3.1404 0.877766
637200 -16291.5 -20072.9 292.813 -196.121 0.876157
637300 -16215.7 -20053.8 297.202 66.9666 0.876142
637400 -16148.3 -19976.9 296.476 40.9581 0.875837
637500 -16093 -19950.3 298.696 -152.609 0.875243
637600 -16076.5 -19970.3 301.526 -1.83196 0.875837
637700 -16128.8 -19992.9 299.225 146.325 0.876275
637800 -16179.2 -20028.9 298.106 85.1207 0.875593
637900 -16199 -20044.1 297.751 154.334 0.87398
638000 -16206.4 -20066.3 298.898 -168.117 0.871082
638100 -16212.2 -20048.3 297.055 -174.237 0.869284
638200 -16213.6 -20048.5 296.958 -167.984 0.869393
638300 -16193.9 -20038.8 297.73 -27.3114 0.87114
638400 -16130.3 -19991.6 299.006 161.124 0.873085
638500 -16064.6 -19958.8 301.557 18.8754 0.874091
638600 -16092.5 -19993.3 302.068 264.146 0.874268
638700 -16203.2 -19992.1 293.394 -113.09 0.872299
638800 -16181.2 -20013.2 296.73 -194.441 0.871082
638900 -16134.5 -19989.9 298.552 26.9946 0.871556
639000 -16098.2 -19966.2 299.52 25.3969 0.872136
639100 -16071.1 -19979.3 302.641 48.144 0.872443
639200 -16124.2 -19992.1 299.516 52.4174 0.872381
639300 -16206.9 -20037 296.589 9.97831 0.871671
639400 -16228.1 -20035.7 294.849 13.1079 0.870685
639500 -16153.3 -19992.4 297.285 -218.579 0.869681
639600 -16077.3 -19959.7 300.638 56.4491 0.870208
639700 -16089.6 -19971.7 300.616 -1.74412 0.870989
639800 -16147.3 -20010 299.112 -92.9016 0.87165
639900 -16201 -20060.2 298.843 22.2386 0.873145
640000 -16223.7 -20053.1 296.527 214.848 0.874606
640100 -16218.9 -20058.1 297.292 152.726 0.874037
640200 -16176.1 -19974.2 294.109 -17.3334 0.872066
640300 -16098.1 -19999.4 302.103 -35.3315 0.870139
640400 -16120.2 -19979.7 298.865 -28.0612 0.868237
640500 -16153.8 -19987.2 296.842 -119.723 0.866564
640600 -16173.5 -19988.4 295.413 -57.1997 0.866071
640700 -16119.6 -19972.3 298.336 -224.126 0.866471
640800 -16035.1 -19925.8 301.281 181.325 0.868371
640900 -16034.3 -19917.2 300.676 -88.8491 0.869271
641000 -16133.2 -19974.4 297.443 -132.352 0.870945
641100 -16211.6 -20056.1 297.71 -9.62074 0.874147
641200 -16212.3 -20021.8 294.997 92.8231 0.877513
641300 -16150.7 -20028.9 300.316 48.2713 0.880069
641400 -16138.5 -20017.2 300.354 221.799 0.881713
641500 -16222.2 -20058 297.03 98.0427 0.881596
641600 -16323.7 -20096.1 292.124 56.7868 0.880437
641700 -16306.6 -20116.6 295.033 61.4924 0.878575
641800 -16250.9 -20088.1 297.133 -138.801 0.876357
641900 -16170.8 -19998 296.365 59.4412 0.875049
642000 -16113.2 -20006.3 301.466 -11.0605 0.873292
642100 -16134 -19970 297.046 -193.28 0.871632
642200 -16157.6 -19995.8 297.214 -74.5672 0.871844
642300 -16170.3 -20013.5 297.601 -51.0018 0.87299
642400 -16192.1 -20056.6 299.256 177.843 0.87431
642500 -16255.8 -20081.9 296.282 141.328 0.874142
642600 -16292.1 -20116 296.105 -273.941 0.873006
642700 -16266.4 -20110.8 297.695 -148.354 0.874234
642800 -16190.7 -20115 303.881 318.081 0.876814
642900 -16211.7 -20069.2 298.711 -104.057 0.877115
643000 -16311.4 -20129.5 295.659 -39.0169 0.877884
643100 -16349.5 -20166.4 295.567 -42.0434 0.879597
643200 -16334.5 -20169.4 296.962 176.467 0.881693
643300 -16314.6 -20149.8 296.989 238.664 0.882357
643400 -16285.8 -20092.4 294.77 -61.205 0.880862
643500 -16230.3 -20113.1 300.667 205.874 0.879134
643600 -16251.6 -20113.2 299.028 -279.773 0.875818
643700 -16305.3 -20106.7 294.372 -435.543 0.874308
643800 -16297.3 -20142.6 297.763 83.5577 0.876548
643900 -16252.4 -20110.6 298.765 90.4925 0.879041
644000 -16208.3 -20107.6 301.945 -52.9947 0.881109
644100 -16232.5 -20097.3 299.272 167.362 0.883411
644200 -16327.7 -20173.5 297.8 144.242 0.884613
644300 -16376.3 -20164.6 293.347 167.975 0.884397
644400 -16325.1 -20141.9 295.556 -95.7098 0.882832
644500 -16261 -20105.4 297.697 118.28 0.881395
644600 -16242.3 -20111.7 299.629 150.041 0.87872
644700 -16270.6 -20132 299.011 -14.7013 0.874596
644800 -16326.4 -20094.9 291.818 -165.755 0.870437
644900 -16328.8 -20146.9 295.658 -369.63 0.868236
645000 -16241.1 -20073.3 296.752 -327.459 0.869579
645100 -16147 -20000.3 298.379 128.368 0.873539
645200 -16116.4 -19990.9 300.03 167.983 0.876661
645300 -16162.9 -20058.6 301.67 -9.31919 0.878123
645400 -16278.1 -20106.8 296.481 19.3616 0.879418
645500 -16290.4 -20130 297.326 -84.4896 0.880787
645600 -16264.1 -20113.3 298.06 367.419 0.882211
645700 -16241.4 -20133.2 301.368 337.422 0.880599
645800 -16294.9 -20104 294.961 -194.714 0.876196
645900 -16343.4 -20144.8 294.363 -286.609 0.873466
646000 -16307 -20131.5 296.154 -104.017 0.873728
646100 -16203 -20088.6 300.891 -81.7731 0.875136
646200 -16179.2 -20034.6 298.548 -107.066 0.876952
646300 -16195.5 -20058 299.093 132.758 0.879706
646400 -16299.9 -20168.5 299.572 114.378 0.881372
646500 -16376 -20163.5 293.286 -154.285 0.881941
646600 -16317.2 -20148.3 296.667 31.9123 0.883578
646700 -16255.4 -20174.2 303.462 135.415 0.884996
646800 -16298.6 -20123.5 296.188 125.955 0.88494
646900 -16322.2 -20149 296.338 201.62 0.883705
647000 -16261.2 -20143.2 300.605 140.051 0.880715
647100 -16171.9 -20054.8 300.676 -9.285 0.876224
647200 -16158.2 -20058.1 301.996 -8.67482 0.872313
647300 -16239.8 -20072.4 296.783 -267.506 0.869369
647400 -16291.8 -20133 297.448 -156.566 0.868775
647500 -16307.7 -20161.9 298.449 -43.2222 0.869946
647600 -16319.9 -20195.2 300.085 62.5585 0.871164
647700 -16344.2 -20168.4 296.134 -78.0175 0.871877
647800 -16326.2 -20147.9 295.939 -102.185 0.873396
647900 -16220.5 -20103.7 300.699 233.794 0.875387
648000 -16167 -20061.8 301.599 159.71 0.875301
648100 -16198.8 -20088.3 301.187 15.2645 0.873377
648200 -16255.9 -20091.8 297.038 -151.882 0.871578
648300 -16264.9 -20095.5 296.624 -33.7945 0.871308
648400 -16254.5 -20117.3 299.123 -63.8278 0.871615
648500 -16259 -20079.2 295.822 -23.2039 0.872304
648600 -16182.1 -20052.9 299.742 141.642 0.873184
648700 -16109.8 -19998.5 301.123 -38.4543 0.873089
648800 -16123 -20007.1 300.771 -238.92 0.873354
648900 -16212.5 -20045.7 296.826 -29.8867 0.87569
649000 -16266.6 -20113.4 297.878 193.74 0.878342
649100 -16283.8 -20125.6 297.493 162.088 0.879213
649200 -16284.9 -20137.5 298.334 -82.9612 0.878563
649300 -16273 -20107.6 296.934 -249.633 0.878596
649400 -16192.4 -20105 302.979 378.522 0.880271
649500 -16202.2 -20089.9 301.051 -6.34804 0.879534
649600 -16294.6 -20178.4 300.751 -190.165 0.878379
649700 -16365.8 -20155.1 293.429 -112.612 0.878896
649800 -16344.4 -20202.6 298.765 -24.9924 0.880718
649900 -16299.8 -20140.1 297.381 40.7249 0.882862
650000 -16195 -20105.6 302.821 231.504 0.884372
650100 -16182.2 -20071.2 301.148 48.5325 0.883784
650200 -16233.3 -20112.9 300.422 -35.6781 0.882671
650300 -16273.9 -20139.2 299.311 98.846 0.881748
650400 -16310.2 -20129.5 295.752 -161.139 0.880382
650500 -16294.3 -20131.3 297.118 -17.0517 0.880052
650600 -16209.5 -20091.3 300.59 138.206 0.879668
650700 -16184 -20098.2 303.101 -199.696 0.878381
650800 -16257 -20094.6 297.169 -99.1318 0.878694
650900 -16290.9 -20140.7 298.118 -87.9621 0.88056
651000 -16303.9 -20181.8 300.294 133.016 0.883003
651100 -16329.8 -20115.6 293.157 143.505 0.884365
651200 -16272.7 -20167.3 301.586 74.4478 0.884505
651300 -16209 -20082.5 299.951 89.9299 0.883835
651400 -16143.5 -20071.4 304.154 299.204 0.881782
651500 -16191 -20060.6 299.644 -287.769 0.877478
651600 -16283.1 -20125.5 297.542 -217.059 0.87504
651700 -16312.2 -20135.8 296.082 -84.7913 0.874734
651800 -16316.9 -20175.6 298.808 -138.898 0.875595
651900 -16339.3 -20137.7 294.137 132.69 0.877466
652000 -16292.9 -20132.4 297.316 -45.7124 0.878749
652100 -16214.5 -20082.7 299.537 143.958 0.880303
652200 -16178.6 -20060.8 300.627 111.63 0.880732
652300 -16219.1 -20071.1 298.285 -25.138 0.880007
652400 -16328.4 -20141.2 295.247 195.795 0.87896
652500 -16346.9 -20132.3 293.13 -108.826 0.876372
652600 -16279.2 -20134.9 298.574 -242.673 0.8743
652700 -16262.4 -20135.9 299.955 -0.302849 0.874062
652800 -16300.3 -20129.5 296.518 -203.713 0.874583
652900 -16287.9 -20080.6 293.694 42.2041 0.876644
653000 -16175.8 -20077 302.097 -50.6802 0.879291
653100 -16164.9 -20021 298.604 117.107 0.882548
653200 -16198.3 -20082.2 300.752 301.407 0.88523
653300 -16280 -20103.2 296.051 9.46681 0.885449
653400 -16307.6 -20132.4 296.179 -28.8531 0.885246
653500 -16288.5 -20122.4 296.886 12.4705 0.885443
653600 -16273 -20126.2 298.378 -46.4634 0.885654
653700 -16275.4 -20136.2 298.964 -63.8035 0.886224
653800 -16274.6 -20077.6 294.487 169.846 0.887183
653900 -16176.9 -20038.6 299.038 92.3307 0.886999
654000 -16130.2 -20029.7 301.959 111.446 0.885737
654100 -16153.4 -19965.1 295.16 71.0014 0.883274
654200 -16131 -20001.9 299.75 14.6697 0.879554
654300 -16097.9 -19957.3 298.855 -319.469 0.8759
654400 -16039.2 -19935 301.673 7.97633 0.874819
654500 -16006 -19854.1 297.98 3.52687 0.873998
654600 -15974.4 -19871.4 301.768 18.2309 0.873051
654700 -16023.4 -19903 300.42 -48.4295 0.872158
654800 -16128.2 -19975.3 297.906 -193.421 0.871863
654900 -16153.2 -19944.4 293.574 -20.9036 0.873071
655000 -16091.9 -19946.8 298.504 108.469 0.874962
655100 -16050.8 -19970 303.487 175.969 0.875794
655200 -16110.6 -20000.1 301.189 31.2802 0.874704
655300 -16152.5 -19996.3 297.649 -64.188 0.873243
655400 -16159 -19995.5 297.082 105.288 0.872226
655500 -16146 -20016.9 299.748 -12.2185 0.870435
655600 -16170.3 -20020.6 298.15 -440.206 0.869174
655700 -16238.7 -20085.4 297.877 107.686 0.871164
655800 -16324.8 -20114.3 293.445 13.196 0.872973
655900 -16309.3 -20124.3 295.417 164.061 0.874447
656000 -16246.2 -20085.3 297.287 118.362 0.874866
656100 -16213.3 -20048.8 297.005 144.706 0.873719
656200 -16185 -20014.5 296.543 11.8435 0.871015
656300 -16125.9 -19974.8 298.04 -271.42 0.868087
656400 -16057.6 -19933.8 300.16 -86.7976 0.867579
656500 -16076.2 -19973.2 301.763 34.2325 0.86815
656600 -16197.9 -20000.9 294.491 -133.27 0.868737
656700 -16185.9 -20012 296.274 -42.4647 0.87039
656800 -16138.7 -20029.1 301.258 146.063 0.872605
656900 -16160.8 -20029.9 299.607 102.649 0.873694
657000 -16237.2 -20053.4 295.515 -79.152 0.873807
657100 -16264.3 -20074.6 295.053 -52.8258 0.87458
657200 -16198.9 -20098 301.935 156.5 0.875968
657300 -16118.2 -19993.7 300.108 236.446 0.875966
657400 -16106.5 -20006.4 301.995 -227.121 0.874068
657500 -16203.9 -20042.9 297.283 -173.121 0.873497
657600 -16269.9 -20088.7 295.717 -78.7247 0.874608
657700 -16255.5 -20099.9 297.701 -25.3063 0.877208
657800 -16231.3 -20081.5 298.138 242.039 0.880658
657900 -16195.1 -20108.9 303.067 97.6624 0.882727
658000 -16224.6 -20094.1 299.638 77.2723 0.88386
658100 -16311.8 -20134.5 296.02 133.221 0.884118
658200 -16342.9 -20155.1 295.202 -4.3312 0.883359
658300 -16297.7 -20183.9 300.926 312.774 0.88202
658400 -16231.7 -20123.8 301.388 -66.0516 0.878
658500 -16168.8 -20072.1 302.262 -107.536 0.873748
658600 -16179.9 -20058 300.304 -333.749 0.870927
658700 -16269.2 -20077.3 294.889 -139.129 0.870931
658800 -16284 -20114.8 296.636 115.964 0.872428
658900 -16237.6 -20097.1 298.868 70.8969 0.873136
659000 -16121.2 -20026.2 302.389 -52.4029 0.872868
659100 -16114.7 -20018.9 302.323 169.592 0.873039
659200 -16193 -20063.4 299.71 -24.8455 0.872196
659300 -16231.8 -20064.8 296.811 -180.379 0.871186
659400 -16225.7 -20061.2 297.004 -74.9824 0.871693
659500 -16195.6 -20047 298.24 -49.7156 0.873393
659600 -16106.6 -20003.5 301.76 82.1739 0.875483
659700 -16052.3 -19972.2 303.541 94.8513 0.876982
659800 -16127.9 -19966.9 297.277 -33.633 0.877715
659900 -16196.1 -20054 298.737 -40.8144 0.878557
660000 -16206.8 -20042.6 297.027 170.116 0.879648
660100 -16208 -20082.5 300.023 74.7184 0.879243
660200 -16269.8 -20101.6 296.717 88.5986 0.877846
660300 -16339.2 -20127.2 293.324 -187.316 0.875986
660400 -16273.8 -20093 295.747 -137.749 0.875509
660500 -16162.9 -20059.7 301.753 11.9706 0.876326
660600 -16185.4 -20048.9 299.171 -36.7254 0.877197
660700 -16244.1 -20075.2 296.667 -12.1692 0.878627
660800 -16294.4 -20130.8 297.074 260.003 0.880239
660900 -16350.8 -20168.7 295.642 78.558 0.879632
661000 -16418.3 -20180.6 291.342 -187.474 0.878102
661100 -16374.7 -20215.2 297.399 48.2813 0.877836
661200 -16263.6 -20089.9 296.298 105.75 0.877249
661300 -16209.4 -20051.8 297.533 -31.552 0.875599
661400 -16175.8 -20043.1 299.469 -169.179 0.874036
661500 -16166.8 -20040 299.924 -235.578 0.873976
661600 -16248.8 -20080.8 296.735 65.7595 0.876124
661700 -16330.3 -20153.4 296.049 -13.5519 0.8786
661800 -16335.2 -20165.5 296.609 257.489 0.880817
661900 -16277.6 -20089 295.145 11.6824 0.881281
662000 -16157.2 -20053.8 301.737 -57.1155 0.88162
662100 -16185.8 -20087.7 302.151 83.072 0.882376
662200 -16262.2 -20074.6 295.217 181.446 0.882074
662300 -16271.2 -20110.3 297.283 -278.244 0.880589
662400 -16244.9 -20099.4 298.478 93.3458 0.880887
662500 -16164.6 -20086 303.663 134.62 0.880824
662600 -16171 -20047.7 300.191 93.131 0.879235
662700 -16264.2 -20091.7 296.385 -189.969 0.876822
662800 -16307.1 -20135.5 296.462 -192.316 0.876104
662900 -16305.2 -20142.6 297.153 -90.063 0.877361
663000 -16284.7 -20092.3 294.846 -44.9184 0.879668
663100 -16251.8 -20097.8 297.819 209.59 0.882562
663200 -16242.4 -20123.4 300.529 202.311 0.883501
663300 -16288.7 -20100.6 295.179 158.602 0.882179
663400 -16327.2 -20152.7 296.232 -108.399 0.879557
663500 -16353.1 -20141.4 293.352 -206.616 0.877602
663600 -16299.3 -20171.2 299.832 -28.0986 0.877736
663700 -16252.1 -20135 300.674 -9.73772 0.878362
663800 -16263.5 -20094.1 296.632 156.43 0.878759
663900 -16266.9 -20135.9 299.604 72.5701 0.87783
664000 -16303.4 -20136.1 296.786 -281.193 0.876458
664100 -16343.5 -20170.6 296.362 173.14 0.87681
664200 -16344.3 -20140.4 293.955 -121.403 0.876526
664300 -16251.2 -20134.6 300.716 31.5443 0.876969
664400 -16216.6 -20091.4 300.054 112.991 0.877331
664500 -16257.9 -20112.9 298.516 -203.28 0.876899
664600 -16353.4 -20121.3 291.768 -72.9838 0.877843
664700 -16425.8 -20183.4 290.971 9.31145 0.879939
664800 -16409.9 -20253.3 297.619 126.893 0.882201
664900 -16338.9 -20193.1 298.452 31.4942 0.883748
665000 -16268.3 -20125.6 298.696 71.482 0.884992
665100 -16221.5 -20085.9 299.248 137.006 0.885633
665200 -16170.7 -20024.5 298.422 132.274 0.884961
665300 -16062.3 -19973.6 302.878 126.779 0.882771
665400 -16070.4 -19988.4 303.396 62.323 0.878621
665500 -16174.9 -20042.4 299.483 -404.613 0.873925
665600 -16207.9 -20046.6 297.255 -317.515 0.872494
665700 -16217.6 -20109.1 301.343 -12.575 0.874008
665800 -16310.6 -20152.4 297.493 -222.025 0.87656
665900 -16354.3 -20167.7 295.298 170.38 0.88089
666000 -16323.1 -20164.1 297.433 118.97 0.884061
666100 -16278.3 -20166.6 301.095 97.8058 0.885892
666200 -16261.8 -20130.7 299.595 131.854 0.886747
666300 -16306.6 -20139.9 296.832 250.299 0.886151
666400 -16361 -20188.4 296.38 -152.837 0.883721
666500 -16391 -20223.6 296.781 -77.9893 0.882244
666600 -16379.9 -20184.7 294.625 -1.59393 0.881557
666700 -16274.8 -20120.8 297.816 -38.3545 0.880926
666800 -16211.6 -20101.8 301.244 301.961 0.880191
666900 -16255.7 -20156.5 302.057 -228.292 0.877199
667000 -16333.6 -20144.2 295.082 -325.271 0.875621
667100 -16327.1 -20171.5 297.7 97.5354 0.876912
667200 -16317.8 -20173.1 298.533 39.306 0.878021
667300 -16328 -20174.7 297.868 132.305 0.87864
667400 -16388.3 -20220.9 296.785 74.0857 0.878163
667500 -16431.5 -20224.5 293.716 -103.892 0.876883
667600 -16352.9 -20149.4 293.987 -17.2366 0.876125
667700 -16262.1 -20124.1 299.059 -39.1277 0.87552
667800 -16254.8 -20117.9 299.145 -225.148 0.875463
667900 -16294.2 -20146.8 298.328 -120.661 0.877554
668000 -16367 -20177.8 295.092 127.03 0.881245
668100 -16429.3 -20238.4 294.961 358.495 0.884023
668200 -16493.5 -20267.5 292.243 54.3442 0.883952
668300 -16477.6 -20259.4 292.853 35.8898 0.882964
668400 -16372.2 -20223.9 298.255 -46.1611 0.881521
668500 -16332.1 -20178 297.818 43.7942 0.88009
668600 -16322.6 -20201.7 300.381 -205.758 0.878743
668700 -16377 -20197.8 295.871 -112.395 0.878821
668800 -16457 -20248.6 293.605 -31.4479 0.880161
668900 -16478 -20259.9 292.854 -88.2544 0.882228
669000 -16369.2 -20224.8 298.559 117.917 0.885285
669100 -16312.2 -20182.9 299.733 104.009 0.887744
669200 -16324.2 -20197.6 299.947 246.185 0.88916
669300 -16399.2 -20249.3 298.135 -52.7112 0.888392
669400 -16457.7 -20297 297.304 -226.468 0.887772
669500 -16462.8 -20294 296.679 67.0514 0.888935
669600 -16441.7 -20271.7 296.58 122.854 0.890125
669700 -16390.2 -20238.1 297.971 316.131 0.889946
669800 -16271 -20147.1 300.153 188.988 0.886635
669900 -16231.2 -20117.9 300.971 -172.473 0.88135
670000 -16259.2 -20099.1 297.35 -226.57 0.877168
670100 -16276.7 -20106.2 296.547 -281.574 0.875487
670200 -16278.1 -20148.6 299.719 -49.5099 0.876404
670300 -16317.7 -20123.3 294.694 13.3676 0.87802
670400 -16330.6 -20190.6 298.908 -79.0264 0.879525
670500 -16358.5 -20236.9 300.331 -150.047 0.881983
670600 -16453 -20247.7 293.85 119.074 0.885614
670700 -16459.2 -20300.1 297.423 189.008 0.888389
670800 -16427.1 -20271.5 297.701 199.679 0.889052
670900 -16316.7 -20195.4 300.354 -55.0831 0.887921
671000 -16258.8 -20154.2 301.648 22.6471 0.88685
671100 -16295.2 -20138.2 297.589 -68.2239 0.88572
671200 -16350.6 -20195.2 297.713 71.2291 0.88525
671300 -16436.4 -20235 294.15 -39.1912 0.884361
671400 -16498.6 -20291.9 293.741 -14.974 0.883438
671500 -16552.6 -20309.3 290.904 -46.4717 0.883084
671600 -16480.4 -20308.4 296.43 93.1803 0.883419
671700 -16394.6 -20245.7 298.214 93.3798 0.882761
671800 -16357.3 -20200.4 297.598 -63.5114 0.881266
671900 -16309.5 -20164.7 298.539 149.428 0.880135
672000 -16218.2 -20087.6 299.629 137.037 0.877807
672100 -16121.9 -20061.5 305.066 3.51045 0.874189
672200 -16153.4 -20014 298.945 -196.236 0.870849
672300 -16182.3 -20014.6 296.755 -194.562 0.86966
672400 -16190.5 -20070.6 300.459 -1.92869 0.870192
672500 -16273.8 -20093.7 295.8 -294.241 0.871296
672600 -16346.3 -20145.3 294.184 -22.8035 0.874587
672700 -16302 -20107.6 294.691 -73.2504 0.878021
672800 -16245.9 -20094 297.982 191.579 0.880984
672900 -16233.2 -20095.1 299.056 53.3959 0.882234
673000 -16245.5 -20094.6 298.057 47.6262 0.882664
673100 -16271.4 -20088.9 295.615 105.193 0.882284
673200 -16294.3 -20099.6 294.667 144.178 0.881049
673300 -16252.1 -20131.4 300.391 33.3484 0.878921
673400 -16221.1 -20096.9 300.131 -55.8932 0.876646
673500 -16213.7 -20028.6 295.405 40.1557 0.874976
673600 -16145.3 -20015.5 299.693 -165.313 0.873395
673700 -16097.6 -19997.5 301.994 -13.0295 0.873247
673800 -16164 -20028.7 299.269 110.306 0.873365
673900 -16251.5 -20090.5 297.275 217.104 0.872261
674000 -16275.6 -20121.1 297.785 -48.0007 0.869567
674100 -16279.5 -20106.3 296.335 -40.5344 0.867199
674200 -16229.7 -20051.2 295.926 -189.041 0.865885
674300 -16121.4 -20020.7 301.95 -49.4775 0.865995
674400 -16137 -20001.5 299.25 -121.403 0.866839
674500 -16183.1 -20046.5 299.162 107.931 0.868625
674600 -16247.6 -20096 298.001 290.511 0.869226
674700 -16311.2 -20081.6 291.963 -132.296 0.867716
674800 -16228.5 -20083.7 298.528 -223.894 0.867077
674900 -16126.2 -20005 300.361 -254.313 0.868555
675000 -16139.5 -20001.9 299.09 158.878 0.87222
675100 -16202.5 -20048.4 297.814 181.786 0.874747
675200 -16273.1 -20107.4 296.917 -62.2417 0.875513
675300 -16323.6 -20144.5 295.877 -101.587 0.876412
675400 -16406.5 -20158.4 290.535 -175.943 0.878468
675500 -16416.4 -20216.7 294.278 173.361 0.881966
675600 -16322.8 -20203.2 300.49 240.356 0.883551
675700 -16300.7 -20147.8 297.902 144.143 0.882626
675800 -16280.6 -20092.5 295.178 81.6764 0.880561
675900 -16167.6 -20046.7 300.384 -97.619 0.878074
676000 -16124.5 -19977.5 298.36 -38.3405 0.876563
676100 -16127.6 -19979.5 298.275 -146.791 0.875927
676200 -16136 -19976.3 297.378 51.1744 0.876316
676300 -16133.4 -19960 296.317 -217.707 0.876994
676400 -16087.4 -20002.7 303.182 55.3521 0.878765
676500 -16120.6 -19964 297.62 -150.553 0.880164
676600 -16197.1 -20038.8 297.487 -19.5605 0.882515
676700 -16259.8 -20069 294.967 322.869 0.884171
676800 -16273.4 -20103.4 296.579 193.145 0.882949
676900 -16221.4 -20028.9 294.839 -230.491 0.880716
677000 -16110.6 -19987.4 300.204 -135.716 0.880486
677100 -16118.2 -20056.7 304.984 208.159 0.881262
677200 -16218.7 -20032 295.289 9.77186 0.880603
677300 -16217.6 -20050.6 296.808 -82.4737 0.87991
677400 -16169.7 -20038.6 299.592 102.654 0.879826
677500 -16127.9 -20006.7 300.363 227.524 0.878669
677600 -16086.4 -19976.4 301.222 137.566 0.875457
677700 -16061.2 -19908 297.88 -50.9646 0.871185
677800 -16044.7 -19920.8 300.146 -197.412 0.867756
677900 -16063 -19907.5 297.704 -134.385 0.866358
678000 -16124.3 -19989.5 299.308 -32.5958 0.866331
678100 -16199.6 -20002.7 294.502 -190.747 0.867006
678200 -16197.1 -20041.2 297.671 -160.394 0.869453
678300 -16153.6 -20021.6 299.526 138.042 0.872968
678400 -16050.9 -19956.3 302.422 3.21651 0.875473
678500 -16055.8 -19965 302.712 307.212 0.877285
678600 -16160.7 -20034.4 299.968 77.3398 0.876558
678700 -16210.7 -20085 300.007 -169.118 0.875157
678800 -16276 -20118.5 297.545 -87.3978 0.875175
678900 -16303.5 -20080.1 292.449 59.5625 0.875966
679000 -16221 -20101.6 300.496 181.774 0.876045
679100 -16213.9 -20096.2 300.625 -85.3754 0.874863
679200 -16239.1 -20083.9 297.724 25.3991 0.874091
679300 -16242.7 -20057.9 295.438 165.083 0.872991
679400 -16165.7 -20018.3 298.337 -248.801 0.870969
679500 -16074.5 -19957.2 300.662 -55.0612 0.870681
679600 -16081.2 -19954.3 299.917 -42.9442 0.870996
679700 -16121.4 -19965.4 297.661 -197.315 0.871991
679800 -16166.4 -20034.9 299.562 51.1357 0.87498
679900 -16285.2 -20129.2 297.666 434.036 0.877225
680000 -16337 -20130.5 293.755 -57.7169 0.876123
680100 -16279.1 -20112.9 296.879 95.033 0.874781
680200 -16202.2 -20023.2 295.879 14.0138 0.872678
680300 -16139.7 -19997.5 298.731 43.9998 0.870257
680400 -16126.6 -19998.3 299.805 -92.2947 0.867622
680500 -16145 -19997.2 298.299 -82.7379 0.865614
680600 -16238.7 -20058.3 295.779 -130.386 0.864682
680700 -16318.9 -20115.5 293.998 -248.466 0.865216
680800 -16276 -20096.6 295.853 -179.69 0.868039
680900 -16214.2 -20053.6 297.301 -59.4039 0.87271
681000 -16159.4 -19992.5 296.817 96.676 0.877827
681100 -16133 -20022.7 301.202 282.667 0.8814
681200 -16167.9 -20048.4 300.492 270.477 0.881965
681300 -16226.5 -20107.4 300.526 -13.9715 0.880247
681400 -16280.5 -20121.7 297.449 13.4051 0.878606
681500 -16294.9 -20110.3 295.446 303.402 0.876901
681600 -16255.3 -20095.3 297.354 149.778 0.873185
681700 -16221.8 -20090.6 299.588 -189.443 0.869159
681800 -16224.7 -20061.4 297.093 -154.878 0.867205
681900 -16206.4 -20040 296.856 -215.668 0.86735
682000 -16165.5 -20047.7 300.626 -127.201 0.869357
682100 -16127.8 -20007 300.389 81.0545 0.871731
682200 -16089.5 -19934.6 297.754 -101.902 0.873646
682300 -16048 -19967.4 303.499 236.164 0.875611
682400 -16111.1 -19992.4 300.555 -135.409 0.876174
682500 -16201.3 -20054.1 298.341 141.035 0.877087
682600 -16252 -20130.7 300.348 -30.6942 0.877062
682700 -16314.1 -20122.6 294.921 -157.316 0.877376
682800 -16300.1 -20129.4 296.525 287.57 0.878513
682900 -16239.6 -20059 295.76 101.875 0.877596
683000 -16180 -20014.8 296.952 10.0665 0.875365
683100 -16163 -20008.4 297.773 -44.1549 0.873193
683200 -16137.6 -19972.2 296.94 153.917 0.871283
683300 -16074.3 -19952.7 300.329 -103.418 0.868368
683400 -16050.2 -19940.5 301.252 -159.139 0.866385
683500 -16139.6 -19988.6 298.048 -144.032 0.866103
683600 -16226.6 -20026.7 294.264 -289.642 0.86751
683700 -16195.5 -20042.3 297.887 -97.3097 0.871487
683800 -16169.3 -20074.9 302.433 337.726 0.875769
683900 -16260.5 -20089.3 296.485 61.4494 0.877116
684000 -16311.8 -20064.9 290.627 -167.482 0.877748
684100 -16250.9 -20129 300.308 22.7467 0.879419
684200 -16247.7 -20070.4 296.015 102.524 0.880706
684300 -16208.1 -20044 297.03 256.771 0.880853
684400 -16132.4 -20041.1 302.67 148.112 0.878719
684500 -16143.5 -19990.1 297.872 -73.7125 0.875417
684600 -16236.2 -20023.1 293.247 -116.277 0.873404
684700 -16277.9 -20072.6 293.852 -19.2784 0.872427
684800 -16203.1 -20023.2 295.815 -179.755 0.871926
684900 -16124.7 -20012.4 301.048 -15.7305 0.872959
685000 -16148.8 -20026.9 300.306 41.7258 0.874151
685100 -16201.8 -20026.2 296.14 79.8695 0.874722
685200 -16202.6 -20046.2 297.636 -43.482 0.874886
685300 -16160.8 -20035.1 300.007 85.7225 0.875014
685400 -16069.3 -19990.6 303.65 45.517 0.874507
685500 -16085.3 -19997.6 302.957 -4.33215 0.873507
685600 -16191.7 -20038.4 297.877 -206.065 0.873052
685700 -16217.4 -20051.2 296.874 183.919 0.874107
685800 -16214.1 -20078.1 299.211 119.845 0.873635
685900 -16232 -20030.5 294.147 -118.931 0.872062
686000 -16165.3 -19993.5 296.444 -244.185 0.8717
686100 -16067.5 -19956.9 301.181 -34.1879 0.87355
686200 -16077.7 -19972.3 301.582 218.299 0.875485
686300 -16154.6 -19974.9 295.822 -148.41 0.876118
686400 -16171.7 -19997.6 296.263 21.3369 0.877634
686500 -16143.7 -19974.9 296.678 -47.4585 0.879061
686600 -16128.7 -19995.8 299.454 -58.1078 0.880913
686700 -16141.2 -20018.5 300.247 243.523 0.88288
686800 -16186 -20024.5 297.239 121.705 0.882829
686900 -16231.9 -20062.6 296.64 -116.877 0.881803
687000 -16309.5 -20114.5 294.643 180.157 0.881193
687100 -16377.2 -20123.3 290.082 40.8088 0.879389
687200 -16286.6 -20097.4 295.095 -33.4027 0.877137
687300 -16239 -20134 301.615 104.503 0.875077
687400 -16263.3 -20090.9 296.396 30.927 0.872314
687500 -16264 -20094.7 296.641 -170.913 0.869277
687600 -16207.2 -20027.3 295.814 -409.295 0.868252
687700 -16106.6 -20014.1 302.582 10.2251 0.870685
687800 -16130.5 -20025.1 301.582 93.1 0.873036
687900 -16214.9 -20091.4 300.178 -192.708 0.874944
688000 -16274.2 -20123.1 298.042 228.589 0.877815
688100 -16301.4 -20146.4 297.741 -45.8613 0.8791
688200 -16318.1 -20153.3 296.982 1.95019 0.880239
688300 -16296.8 -20141 297.682 180.05 0.881163
688400 -16223.5 -20118 301.577 93.519 0.880376
688500 -16227.8 -20104.5 300.195 -12.0961 0.878811
688600 -16297.7 -20113.8 295.506 -104.608 0.877682
688700 -16354.1 -20183 296.497 10.2257 0.877403
688800 -16441.7 -20202.5 291.225 -17.4642 0.877179
688900 -16429.8 -20189.3 291.118 57.5892 0.876886
689000 -16295.7 -20093.7 294.107 -246.309 0.87658
689100 -16225.3 -20099.5 300.004 -120.602 0.87806
689200 -16200.4 -20046.8 297.85 91.0021 0.880856
689300 -16201.6 -20109.1 302.579 369.774 0.882622
689400 -16296.9 -20106.8 295.02 -197.46 0.881554
689500 -16295 -20114.9 295.798 164.834 0.881495
689600 -16259.6 -20118.6 298.825 333.453 0.879975
689700 -16265.6 -20123 298.703 62.6971 0.875543
689800 -16334.4 -20170.8 297.083 -381.709 0.871267
689900 -16425.9 -20173 290.158 -382.31 0.87062
690000 -16354.5 -20159 294.61 33.8984 0.873268
690100 -16258.9 -20059.2 294.283 -84.4228 0.876037
690200 -16185.3 -20053.6 299.543 80.1182 0.878909
690300 -16179.4 -20051.8 299.864 397.015 0.88011
690400 -16228.3 -20041.3 295.266 -80.1151 0.878364
690500 -16276.7 -20099.6 296.031 -108.917 0.877177
690600 -16345.3 -20151.7 294.761 -2.51876 0.877347
690700 -16368.8 -20181.6 295.246 274.997 0.877005
690800 -16285.2 -20138.5 298.382 39.5493 0.874497
690900 -16219.2 -20094.1 300.054 -120.537 0.871892
691000 -16219.6 -20041.4 295.95 -23.9321 0.870435
691100 -16193.7 -20084.3 301.273 94.626 0.869478
691200 -16234.4 -20040.6 294.744 72.1525 0.867663
691300 -16342.2 -20117.6 292.352 -184.342 0.865443
691400 -16318.2 -20060.8 289.818 -308.556 0.865387
691500 -16209.5 -20054 297.704 94.054 0.867767
691600 -16186.6 -20060.6 299.993 47.3856 0.869464
691700 -16212.8 -20045.9 296.818 -70.8056 0.870481
691800 -16219.4 -20063.3 297.651 62.6107 0.87201
691900 -16215.9 -20088.7 299.894 132.738 0.873037
692000 -16256.5 -20082.5 296.268 6.80748 0.872609
692100 -16287.2 -20054.9 291.754 -171.316 0.87238
692200 -16198.1 -20030.3 296.748 120.878 0.87357
692300 -16132.2 -20041.7 302.742 -20.7292 0.874047
692400 -16176.4 -20023.4 297.903 131.318 0.87416
692500 -16224.9 -20063.9 297.281 49.8203 0.873313
692600 -16237.7 -20061.8 296.125 -219.225 0.872188
692700 -16152.1 -20043.8 301.36 5.21899 0.872733
692800 -16076.2 -20006.5 304.347 12.916 0.873432
692900 -16151.6 -20030 300.331 147.876 0.873705
693000 -16202.7 -20015.3 295.235 -112.23 0.873003
693100 -16195.1 -20057.6 299.097 21.9557 0.873053
693200 -16201.1 -20057 298.59 130.318 0.872974
693300 -16247.1 -20060.3 295.282 75.4801 0.871377
693400 -16268.6 -20060.4 293.623 -228.945 0.869124
693500 -16188.8 -20048.1 298.845 -67.7837 0.868559
693600 -16146.3 -20035.2 301.149 -75.5116 0.869101
693700 -16163.6 -19993.9 296.605 -12.8632 0.870665
693800 -16154.1 -20032.9 300.357 107.27 0.87266
693900 -16192 -20042 298.128 125.551 0.874118
694000 -16256.1 -20085.2 296.509 244.687 0.874456
694100 -16292.2 -20124.4 296.749 79.7622 0.872499
694200 -16313.3 -20134.9 295.934 -46.8175 0.86878
694300 -16288.2 -20091.9 294.549 -155.326 0.864841
694400 -16178.8 -20057.4 300.345 -310.446 0.862077
694500 -16149.6 -20004.3 298.492 -314.633 0.862203
694600 -16146.5 -19986.5 297.355 -96.0286 0.865235
694700 -16110.3 -19983.8 299.949 102.337 0.869616
694800 -16074.5 -20008.2 304.606 290.002 0.873129
694900 -16173.7 -20059 300.866 153.664 0.873916
695000 -16255.2 -20080.7 296.231 15.5416 0.873287
695100 -16266.9 -20116.2 298.072 -121.863 0.872437
695200 -16264.8 -20104.2 297.31 -67.2636 0.872418
695300 -16230.4 -20107.4 300.219 62.5482 0.873149
695400 -16193.8 -20038 297.683 242.12 0.872948
695500 -16119.3 -19960.5 297.443 -238.428 0.871306
695600 -16039.1 -19931.9 301.443 183.209 0.871024
695700 -16062.3 -19937.9 300.112 118.277 0.86933
695800 -16118.2 -19942.4 296.126 -110.394 0.866564
695900 -16125.9 -19971.7 297.8 -116.722 0.864749
696000 -16121.7 -19974.7 298.369 -24.1606 0.864014
696100 -16132.3 -19985.5 298.381 -121.061 0.863736
696200 -16148.9 -19987 297.211 -167.932 0.864422
696300 -16155.9 -20005 298.059 -137.257 0.867031
696400 -16188.7 -20050.6 299.056 9.05715 0.871018
696500 -16261.4 -20113.2 298.261 209.159 0.874847
696600 -16330.6 -20118 293.283 136.949 0.876881
696700 -16275.9 -19995.9 288.057 101.952 0.877518
696800 -16171 -20011.9 297.421 225.38 0.877109
696900 -16140.3 -20009.2 299.597 -0.102149 0.874797
697000 -16130.2 -19975 297.722 10.0587 0.872096
697100 -16110.1 -19956.6 297.854 -148.015 0.869685
697200 -16073 -19950.5 300.261 -322.098 0.868809
697300 -16051.2 -19964.1 303.002 42.4796 0.87032
697400 -16144.5 -19959 295.384 -118.015 0.872075
697500 -16190.8 -20032.3 297.469 -10.9904 0.874798
697600 -16196.7 -20038.1 297.457 94.3825 0.877493
697700 -16184.4 -20039.7 298.539 114.838 0.87916
697800 -16146.6 -20017.8 299.766 8.65426 0.879899
697900 -16135.3 -20032.2 301.759 -99.4696 0.880415
698000 -16206.2 -20037.1 296.65 -33.0861 0.881658
698100 -16258.9 -20081 295.962 218.269 0.88291
698200 -16269.8 -20083.5 295.318 -126.691 0.882537
698300 -16191.3 -20017.8 296.307 -33.078 0.883156
698400 -16095.3 -19982.8 301.032 225.43 0.883951
698500 -16091.5 -19941.8 298.15 201.136 0.882588
698600 -16108.9 -19992.2 300.71 -78.0091 0.879633
698700 -16209.3 -20038.8 296.546 -141.068 0.877635
698800 -16254.4 -20061.7 294.821 87.3242 0.876779
698900 -16216.3 -20014.2 294.097 -134.092 0.875903
699000 -16137.1 -19976.6 297.313 -46.8979 0.876124
699100 -16115.8 -19969.6 298.421 -127.225 0.876844
699200 -16098.5 -19936.7 297.212 -12.5977 0.878319
699300 -16051.2 -19922.2 299.751 86.602 0.879836
699400 -16020.3 -19921.8 302.119 109.959 0.880579
699500 -16087.9 -19978.2 301.247 39.5273 0.880261
699600 -16172.2 -19962.5 293.505 -49.3054 0.87955
699700 -16136.6 -19991.8 298.531 49.9427 0.879054
699800 -16094.6 -19973.4 300.356 -42.8731 0.878443
699900 -16091.4 -19938 297.864 -11.999 0.878296
700000 -16115.4 -19985.7 299.703 25.5246 0.878244
700100 -16199.7 -20042.3 297.559 378.811 0.877556
700200 -16259.7 -20062.9 294.511 74.0183 0.873888
700300 -16220.6 -20044.8 296.13 -249.878 0.869706
700400 -16117.3 -19988.1 299.742 -225.877 0.868174
700500 -16086.2 -19928.2 297.517 -334.044 0.86913
700600 -16074.2 -19914.6 297.388 -43.3358 0.872836
700700 -16046.8 -19921.4 300.035 188.014 0.876495
700800 -16066.9 -19945.5 300.345 -21.3896 0.878188
700900 -16177.6 -20020.8 297.596 125.343 0.879281
701000 -16241.3 -20067 296.242 -68.4961 0.879509
701100 -16226.6 -20037.5 295.099 -59.717 0.880096
701200 -16139.4 -19980.5 297.439 146.545 0.881038
701300 -16092.2 -19975.2 300.688 170.439 0.880592
701400 -16105.6 -19946.5 297.419 25.8496 0.878592
701500 -16103.2 -19955.3 298.298 -299.945 0.876886
701600 -16127.8 -19991.2 299.17 -120.492 0.877683
701700 -16223 -20019.6 293.99 -147.593 0.879797
701800 -16243.4 -20029.4 293.174 1.45701 0.88326
701900 -16165.8 -20066.6 302.06 242.15 0.88665
702000 -16168.7 -20077.2 302.661 212.965 0.887318
702100 -16219 -20068 298.054 223.642 0.885853
702200 -16232.4 -20062 296.552 25.304 0.882733
702300 -16203.5 -20059 298.556 13.0807 0.879017
702400 -16138.9 -20031.3 301.408 58.0213 0.875321
702500 -16073.2 -19950.6 300.245 2.53369 0.871609
702600 -16011.8 -19887 300.084 -308.233 0.868584
702700 -15969.7 -19892.5 303.763 -189.982 0.86851
702800 -16037.7 -19885.2 297.936 -129.453 0.87045
702900 -16122 -19995.6 299.962 284.691 0.872749
703000 -16176.2 -19998.6 295.986 -103.869 0.87333
703100 -16178.6 -20014.8 297.061 -68.1621 0.874145
703200 -16144.9 -20010.5 299.332 -48.4509 0.875733
703300 -16067.3 -19982.3 303.161 213.515 0.877758
703400 -16062.8 -19969.2 302.497 69.4562 0.877677
703500 -16151.7 -19981.7 296.58 -29.6708 0.876764
703600 -16179.7 -20013.5 296.882 115.957 0.876149
703700 -16180.3 -20021.8 297.473 -175.588 0.874892
703800 -16141.8 -19969.6 296.415 -171.501 0.875098
703900 -16027.6 -19910.2 300.652 8.67804 0.876948
704000 -16011.5 -19891.8 300.48 80.3275 0.878685
704100 -16088.7 -19977.4 301.127 129.04 0.879756
704200 -16174.9 -20022.4 297.935 194.381 0.879477
704300 -16214.1 -20080.4 299.389 52.8429 0.877398
704400 -16257.6 -20075.6 295.651 -224.067 0.875034
704500 -16249.4 -20081.7 296.764 -182.19 0.874545
704600 -16143.8 -20036.8 301.461 -54.9812 0.875793
704700 -16113.6 -20037.8 303.875 -72.8443 0.877981
704800 -16195 -20048.9 298.43 300.407 0.880438
704900 -16233.1 -20049.6 295.535 106.093 0.880416
705000 -16204.6 -20042.2 297.165 -207.929 0.879443
705100 -16171.8 -20044.8 299.913 178.28 0.879883
705200 -16226.9 -20065.2 297.219 263.412 0.87885
705300 -16347.2 -20107.7 291.201 7.67438 0.875323
705400 -16292.9 -20048.1 290.793 -153.021 0.871344
705500 -16192.1 -20022.4 296.607 -168.46 0.86834
705600 -16127.6 -19971.4 297.65 -405.687 0.867432
705700 -16073.4 -19959.2 300.901 -26.0085 0.87024
705800 -16103 -20008.9 302.462 94.5706 0.873878
705900 -16204.4 -20030.9 296.311 72.6958 0.876394
706000 -16223.7 -20087.4 299.195 270.806 0.877956
706100 -16262.6 -20113.2 298.175 206.919 0.877107
706200 -16324 -20111.4 293.285 -148.495 0.874575
706300 -16290.4 -20111.6 295.901 -114.393 0.872995
706400 -16170.7 -20034.9 299.226 -13.1094 0.872315
706500 -16147.6 -20018.2 299.723 -187.507 0.872291
706600 -16189.5 -20046.1 298.643 118.036 0.873588
706700 -16266 -20081.6 295.463 -139.705 0.874544
706800 -16343.4 -20170.6 296.366 17.9973 0.876491
706900 -16441.4 -20196.7 290.795 -53.9561 0.878802
707000 -16391.4 -20187.7 293.969 80.1195 0.881485
707100 -16313.7 -20137.4 296.087 470.807 0.882979
707200 -16275.5 -20121.5 297.819 180.951 0.880657
707300 -16224.3 -20061.3 297.119 -121.101 0.876223
707400 -16144.9 -19997.2 298.302 -181.006 0.872745
707500 -16083.8 -19951.3 299.486 -156.527 0.871138
707600 -16077.5 -19975.3 301.829 -145.186 0.871061
707700 -16201 -20032.3 296.674 0.968426 0.872419
707800 -16248.9 -20079.5 296.62 22.6307 0.873909
707900 -16238.7 -20059 295.83 239.537 0.874943
708000 -16181.2 -20053 299.823 113.418 0.874035
708100 -16120.3 -19989.2 299.592 -114.404 0.871784
708200 -16101.5 -19943.4 297.505 48.4481 0.870237
708300 -16084.7 -19945.3 298.954 -110.202 0.868895
708400 -16057.1 -19940.5 300.718 -1.43891 0.868032
708500 -16083.9 -19902.4 295.694 -102.335 0.867433
708600 -16087.3 -19927.8 297.389 -20.0801 0.867706
708700 -16040.4 -19921.1 300.512 32.1728 0.868247
708800 -16009.6 -19900.9 301.323 -27.9527 0.868505
708900 -16071.6 -19923.5 298.274 -259.837 0.869535
709000 -16164.7 -20014.4 298.105 -120.913 0.873068
709100 -16206.3 -20041.4 296.977 59.1026 0.87821
709200 -16218.7 -20072.2 298.403 444.689 0.882758
709300 -16274.8 -20112.7 297.193 341.627 0.883324
709400 -16378.7 -20141.1 291.352 136.823 0.880679
709500 -16340.7 -20174.8 296.894 -10.6715 0.876554
709600 -16272.3 -20098.7 296.301 -3.46055 0.872642
709700 -16202.7 -20032.3 296.552 -30.8005 0.869099
709800 -16157.5 -19994.6 297.126 -349.82 0.866358
709900 -16141.8 -20010.1 299.55 -27.0339 0.866611
710000 -16161.4 -19969.6 294.896 -292.984 0.867917
710100 -16116.7 -19970.4 298.416 -206.86 0.871574
710200 -16016.2 -19877.3 298.992 162.371 0.876136
710300 -16002.3 -19932 304.305 23.9913 0.878904
710400 -16095.6 -19964.5 299.59 409.011 0.88008
710500 -16144.8 -19986.7 297.499 -36.371 0.878168
710600 -16143.9 -19970 296.285 -54.1139 0.87656
710700 -16106.3 -19973.7 299.477 8.79251 0.87594
710800 -16052.8 -19942.8 301.227 -113.574 0.875565
710900 -15996.3 -19878.8 300.642 -7.53937 0.875948
711000 -15998.7 -19939.5 305.163 117.608 0.87629
711100 -16118.2 -19987.4 299.618 -47.4058 0.875642
711200 -16174.5 -20004.5 296.582 -35.0318 0.875325
711300 -16180.9 -19999.1 295.667 129.649 0.875101
711400 -16118.2 -19986.9 299.578 2.13133 0.874012
711500 -16040.3 -19895.5 298.533 -56.4283 0.872941
711600 -15956.2 -19875.8 303.523 -19.8503 0.872314
711700 -16000.4 -19914.9 303.124 141.215 0.871821
711800 -16151.3 -20015.3 299.214 -103.726 0.870269
711900 -16208.5 -20035.5 296.354 -265.941 0.869614
712000 -16217.1 -20021.2 294.568 -90.801 0.871284
712100 -16153.5 -20020.2 299.424 362.264 0.873539
712200 -16111.1 -19989.5 300.329 -219.437 0.873605
712300 -16148.8 -20002.3 298.407 -198.618 0.875218
712400 -16256.5 -20070.4 295.34 -36.3398 0.878773
712500 -16300 -20139.4 297.304 7.61115 0.882695
712600 -16305.8 -20162.1 298.623 206.361 0.886304
712700 -16338.3 -20208.4 299.687 157.456 0.888005
712800 -16456.2 -20258.9 294.466 174.148 0.887821
712900 -16512.4 -20273.4 291.238 67.7292 0.886175
713000 -16439.8 -20256.7 295.564 44.4592 0.883984
713100 -16362.5 -20195.9 296.845 63.3937 0.88141
713200 -16284.3 -20102.1 295.633 -104.23 0.878637
713300 -16212.5 -20058.5 297.822 -235.852 0.877045
713400 -16182.7 -20022.5 297.338 -100.215 0.877671
713500 -16148.7 -20033.5 300.823 117.684 0.87919
713600 -16179.8 -20049.6 299.66 43.5746 0.879625
713700 -16295.3 -20130.6 296.992 -49.1991 0.879559
713800 -16346.6 -20181.7 296.977 36.4664 0.879565
713900 -16353.7 -20160.7 294.8 -137.68 0.879818
714000 -16262.4 -20136.3 299.979 64.1142 0.880996
714100 -16201 -20088 300.989 175.687 0.881333
714200 -16210.3 -20052.3 297.511 133.774 0.880336
714300 -16224 -20111.8 301.055 241.443 0.877862
714400 -16264.6 -20080.1 295.453 -228.476 0.874357
714500 -16257.5 -20101.8 297.689 -117.226 0.8728
714600 -16235.6 -20078.2 297.552 -119.78 0.872811
714700 -16225.9 -20086.9 298.985 -12.1002 0.873975
714800 -16240.4 -20095.6 298.531 127.985 0.874778
714900 -16268.8 -20099.8 296.658 -27.9824 0.874725
715000 -16269.5 -20087.7 295.668 -184.935 0.874944
715100 -16184.3 -20049.8 299.335 19.3827 0.87654
715200 -16118 -20024.7 302.519 -6.69816 0.878489
715300 -16159.5 -20074.8 303.182 201.62 0.879675
715400 -16262.8 -20116 298.376 50.6853 0.879067
715500 -16287.2 -20108.8 295.929 -94.4034 0.878098
715600 -16264.7 -20123.9 298.845 132.465 0.877773
715700 -16235.7 -20093.1 298.706 156.017 0.876412
715800 -16195.8 -20034.7 297.267 -179.067 0.873731
715900 -16104.9 -19978.3 299.94 -161.829 0.872608
716000 -16058.8 -19951.5 301.437 -47.7109 0.873245
716100 -16108.3 -19974.3 299.367 101.787 0.874085
716200 -16162 -19988.5 296.31 -62.1439 0.874534
716300 -16154.4 -19989.4 296.971 -1.74611 0.875225
716400 -16148.3 -19998.2 298.12 -19.0098 0.875873
716500 -16125.2 -19960.5 296.997 49.901 0.876828
716600 -16059.3 -19991.1 304.461 171.535 0.877291
716700 -16139.5 -19986.3 297.886 -65.2969 0.876239
716800 -16229.7 -20065.3 297.015 -137.556 0.875374
716900 -16252.9 -20091.2 297.227 -137.713 0.876203
717000 -16251.8 -20087.2 297.001 342.817 0.877962
717100 -16197 -20078.3 300.551 84.5289 0.877121
717200 -16135.6 -20037.5 302.148 71.1163 0.874997
717300 -16158.3 -19997.2 297.271 -83.2071 0.87215
717400 -16219.2 -20026.6 294.829 -156.315 0.869997
717500 -16259.9 -20070.9 295.11 -99.9702 0.869432
717600 -16237 -20032.8 293.929 16.6958 0.869738
717700 -16123.9 -19975 298.213 73.7421 0.86994
717800 -16073.5 -19931.3 298.734 -55.3237 0.86932
717900 -16057.4 -19940.2 300.666 -34.9085 0.869063
718000 -16113.2 -19962.6 298.089 33.6685 0.86941
718100 -16209.3 -20017 294.853 -79.2044 0.869548
718200 -16208.5 -20049.1 297.401 -83.5622 0.870437
718300 -16178.3 -19990.5 295.2 -73.7025 0.872206
718400 -16112.9 -19970.1 298.689 -130.063 0.875446
718500 -16069.8 -19955.6 300.899 31.2071 0.880784
718600 -16087.6 -19957.9 299.702 288.306 0.886108
718700 -16128.4 -19963.4 296.961 316.674 0.889174
718800 -16187.8 -20060.3 299.866 421.077 0.889
718900 -16237.8 -20009.8 292.094 -237.057 0.885354
719000 -16176.2 -20020.2 297.667 41.548 0.882667
719100 -16130.7 -19976.1 297.775 -79.4218 0.880235
719200 -16118.3 -19977.8 298.869 28.7614 0.87828
719300 -16130.6 -19983.1 298.323 -9.31007 0.876131
719400 -16140.9 -19934.9 293.796 -111.664 0.87398
719500 -16033.1 -19899 299.357 -256.464 0.873029
719600 -15981.1 -19885.7 302.358 -102.398 0.874426
719700 -16048.1 -19945.9 301.83 86.744 0.87706
719800 -16130.6 -20001.9 299.78 143.416 0.879324
719900 -16177.8 -20004 296.284 75.6454 0.880561
720000 -16184.3 -20019.7 296.999 76.0269 0.881238
720100 -16140 -20004.6 299.26 -58.3491 0.881486
720200 -16058.1 -19973 303.155 310.573 0.881691
720300 -16104.5 -19977.1 299.876 259.78 0.878918
720400 -16190.1 -20006.2 295.504 15.7383 0.872736
720500 -16172.2 -19982.7 295.071 -553.456 0.866317
720600 -16106.5 -19935.3 296.485 -187.699 0.864189
720700 -16068.2 -19970 302.136 94.9414 0.864238
720800 -16128.2 -20021.4 301.47 -100.148 0.863924
720900 -16169.7 -19976.7 294.803 -151.874 0.864303
721000 -16144.1 -20004.9 298.964 132.26 0.865993
721100 -16139.2 -19988.2 298.048 -40.7757 0.867026
721200 -16150.1 -20007.5 298.701 -74.1614 0.868142
721300 -16187.3 -20000.2 295.258 -53.4657 0.87004
721400 -16204.9 -20049.7 297.728 272.566 0.872273
721500 -16213.5 -20058.7 297.754 -20.1699 0.8726
721600 -16192.2 -20031.5 297.295 -103.618 0.872676
721700 -16123.7 -19972.5 298.032 -20.6437 0.873652
721800 -16037.8 -19904.1 299.393 101.381 0.874987
721900 -15993.8 -19850.3 298.632 111.422 0.875373
722000 -16001.5 -19917 303.201 214.527 0.874479
722100 -16115.8 -19982.8 299.447 -31.4298 0.87185
722200 -16150.5 -19983.9 296.846 -35.1262 0.868826
722300 -16124.9 -19940.4 295.457 -212.913 0.86607
722400 -16051.7 -19925.5 299.977 -216.33 0.865215
722500 -16033.9 -19935.1 302.092 33.2918 0.866514
722600 -16112.2 -19934.3 295.969 4.49112 0.867896
722700 -16164.5 -19989.9 296.221 -69.6841 0.869403
722800 -16168.7 -20019.2 298.169 100.483 0.871481
722900 -16170.6 -20020 298.085 8.18548 0.873158
723000 -16186.2 -20035.6 298.083 4.14685 0.874797
723100 -16204.9 -20041.1 297.063 126.069 0.87649
723200 -16204.8 -20045.4 297.402 55.3059 0.877427
723300 -16186 -20075.9 301.216 -21.9419 0.877893
723400 -16238.9 -20081.3 297.538 221.095 0.87817
723500 -16319.7 -20128.4 294.931 120.82 0.876527
723600 -16310.3 -20088.6 292.579 -259.182 0.873763
723700 -16206 -20069.8 299.202 125.934 0.872228
723800 -16198.6 -20077.4 300.365 9.90351 0.869807
723900 -16245.3 -20065.7 295.842 -202.795 0.867016
724000 -16232.5 -20024.9 293.668 -315.401 0.865848
724100 -16136.1 -20008 299.821 -186.594 0.867821
724200 -16126 -20006.7 300.504 55.8563 0.871902
724300 -16167.5 -20058.4 301.296 185.713 0.875589
724400 -16262.3 -20140.3 300.295 80.0699 0.877827
724500 -16309 -20147.6 297.245 164.483 0.878811
724600 -16312.7 -20146.2 296.855 6.48719 0.878435
724700 -16274.5 -20108.1 296.858 -153.778 0.877998
724800 -16166.5 -19998.5 296.736 -89.4825 0.878876
724900 -16096.4 -19947 298.176 177.457 0.880394
725000 -16089.6 -19969.3 300.43 296.992 0.880451
725100 -16155.5 -20005.8 298.152 70.2637 0.877801
725200 -16224.8 -20005.1 292.728 -246.234 0.874506
725300 -16194.8 -20033.8 297.282 -213.317 0.873398
725400 -16172 -20002.8 296.638 -83.6713 0.87451
725500 -16159.8 -20045 300.861 131.404 0.876306
725600 -16193.1 -19991.3 294.116 -80.8015 0.877177
725700 -16159.1 -19985.2 296.281 67.1949 0.878455
725800 -16050.2 -19907.7 298.71 57.5536 0.879362
725900 -16002.4 -19895.8 301.484 90.4686 0.879611
726000 -16052.1 -19959.4 302.568 44.158 0.878885
726100 -16152.1 -19961.7 295.003 -58.4545 0.877938
726200 -16142.5 -19995.1 298.331 156.576 0.877354
726300 -16135.4 -19992 298.644 -42.4511 0.875602
726400 -16140.2 -19989.2 298.049 -266.623 0.873943
726500 -16145.2 -19992.9 297.948 -128.45 0.874534
726600 -16147.9 -20003.9 298.592 41.5886 0.8765
726700 -16181.2 -20021.1 297.347 -34.7538 0.878605
726800 -16237.4 -20069.6 296.756 156.531 0.880882
726900 -16280 -20079.5 294.214 54.2288 0.881914
727000 -16249.6 -20044.4 293.855 19.267 0.882593
727100 -16137 -20013.4 300.168 215.446 0.882934
727200 -16123.1 -19986.4 299.161 266.608 0.8811
727300 -16156.7 -19999.5 297.572 -152.852 0.876705
727400 -16191.6 -19979.7 293.335 -179.182 0.872944
727500 -16118.5 -19951.4 296.806 -141.054 0.870557
727600 -16025.7 -19914.5 301.137 -123.95 0.869408
727700 -16038.7 -19888.5 298.117 7.8334 0.869588
727800 -16058.3 -19886.4 296.431 -86.0297 0.869767
727900 -16036.4 -19931 301.579 170.607 0.870514
728000 -16062 -19918.8 298.653 -215.527 0.870475
728100 -16130.7 -19974.4 297.641 -194.296 0.872217
728200 -16185.5 -20012.7 296.365 369.685 0.876389
728300 -16256.1 -20104.4 297.996 310.913 0.87843
728400 -16351.9 -20122.8 292.004 35.5569 0.877545
728500 -16319 -20085.3 291.644 35.8815 0.875656
728600 -16245.9 -20052.4 294.758 -122.656 0.873482
728700 -16163.8 -20013.6 298.111 -130.127 0.872032
728800 -16116 -19968.6 298.334 -61.949 0.871629
728900 -16099 -19956.4 298.704 87.4716 0.871776
729000 -16097.2 -19952.5 298.539 -50.8255 0.871642
729100 -16119.6 -19940.9 295.905 -156.68 0.872094
729200 -16118.6 -19981.2 299.102 63.2658 0.873721
729300 -16127 -19986.9 298.899 132.374 0.875014
729400 -16190.1 -20039.6 298.088 83.8739 0.87515
729500 -16260.3 -20056.9 293.996 89.5697 0.874268
729600 -16256.9 -20118.6 299.029 92.2673 0.872257
729700 -16210.8 -20058.9 297.987 -261.714 0.869495
729800 -16101.9 -19944.2 297.529 0.97228 0.86858
729900 -16038.8 -19927.9 301.158 -196.61 0.868328
730000 -16062.5 -19943.6 300.536 28.4605 0.869329
730100 -16145.4 -19949 294.54 -91.4545 0.870901
730200 -16133 -19944.3 295.129 -116.753 0.87343
730300 -16102.2 -19951.2 298.048 468.584 0.87628
730400 -16085.8 -19953.2 299.477 -158.083 0.876424
730500 -16113.7 -19990.5 300.203 168.835 0.876814
730600 -16209.7 -20008.1 294.134 -173.021 0.876389
730700 -16228.2 -20072.3 297.669 205.757 0.876894
730800 -16234 -20073.5 297.32 191.541 0.875819
730900 -16208.5 -20040.6 296.739 -56.6958 0.872371
731000 -16129.8 -19963.6 296.873 -127.184 0.869125
731100 -16062.8 -19964.1 302.107 -386.175 0.867546
731200 -16088.4 -19955.2 299.428 -47.1095 0.869159
731300 -16127.1 -19987.4 298.925 -60.3625 0.872096
731400 -16153.6 -19996 297.542 180.679 0.875472
731500 -16150.4 -19994.4 297.668 90.7254 0.877316
731600 -16119 -19990.2 299.776 244.993 0.877996
731700 -16065.3 -19980.7 303.193 69.3005 0.876668
731800 -16096.7 -19952.8 298.599 2.63749 0.874242
731900 -16169.1 -20007.6 297.232 -130.621 0.871948
732000 -16202.9 -19997.5 293.843 -144.425 0.87047
732100 -16141.3 -20027.7 300.946 -36.4728 0.870355
732200 -16038 -19943.3 302.41 -183.187 0.871217
732300 -16000.3 -19957.6 306.435 198.813 0.873274
732400 -16098.1 -19971.5 299.945 170.898 0.874152
732500 -16153.1 -20019.6 299.41 131.871 0.87324
732600 -16207.9 -20028.3 295.838 44.9121 0.870732
732700 -16210.5 -20032 295.921 -241.865 0.867381
732800 -16128.6 -19996.3 299.5 -259.262 0.865665
732900 -16055.2 -19963 302.599 -243.472 0.866614
733000 -16099 -19985.1 300.925 45.8259 0.8703
733100 -16151.3 -20003.7 298.315 254.604 0.874371
733200 -16173.6 -20022.8 298.07 102.017 0.876725
733300 -16205.2 -20055.7 298.168 21.7242 0.878083
733400 -16236.4 -20057.3 295.877 132.125 0.879016
733500 -16255.6 -20080.6 296.197 -0.649146 0.87893
733600 -16260 -20115.5 298.555 157.957 0.878535
733700 -16249.7 -20058.8 294.967 -12.7049 0.876854
733800 -16173 -20022.8 298.118 9.31023 0.874806
733900 -16093.9 -19944 298.136 122.865 0.872472
734000 -16054.7 -19933.6 300.366 -273.884 0.869146
734100 -16067 -19939.6 299.882 -330.552 0.867754
734200 -16142.9 -19942.3 294.212 -175.44 0.86966
734300 -16270.6 -20027.1 290.89 274.297 0.873267
734400 -16289 -20104.1 295.43 262.553 0.874834
734500 -16252.4 -20071.2 295.714 -24.6741 0.873791
734600 -16204.3 -20004 294.231 -213.631 0.872885
734700 -16133 -19987.4 298.471 -47.3949 0.873949
734800 -16104.7 -19960 298.54 262.489 0.87526
734900 -16106.4 -19948 297.481 127.52 0.874489
735000 -16130.8 -20002.8 299.839 55.6817 0.872459
735100 -16219.3 -20027.6 294.902 110.707 0.869407
735200 -16231.2 -19997.2 291.624 -118.977 0.865626
735300 -16129 -19973.1 297.672 -394.55 0.863279
735400 -16086.3 -19948.5 299.075 -258.882 0.864426
735500 -16097 -19958.4 299.014 -163.72 0.868285
735600 -16147.7 -19981.7 296.894 30.6398 0.873312
735700 -16238.3 -20057.9 295.779 248.802 0.877718
735800 -16315.1 -20124.3 294.971 298.033 0.87934
735900 -16295.3 -20095.1 294.246 12.9293 0.878236
736000 -16244 -20103.6 298.87 -83.949 0.877005
736100 -16232.9 -20053 295.814 181.972 0.876162
736200 -16183.4 -20025.1 297.482 -58.7432 0.874429
736300 -16117 -19975.6 298.796 185.608 0.872613
736400 -16069.1 -19933.9 299.274 -116.731 0.869758
736500 -15957.4 -19891 304.607 -33.3981 0.867779
736600 -15930.5 -19866.2 304.768 -112.39 0.866398
736700 -16020.7 -19878.3 298.722 67.6278 0.865736
736800 -16058.7 -19935.3 300.188 -279.554 0.865302
736900 -16120 -19970.5 298.167 -116.169 0.867112
737000 -16180 -20027.8 297.956 308.649 0.869665
737100 -16230.2 -20020.7 293.52 98.9687 0.869891
737200 -16145.2 -19963.5 295.678 -135.093 0.869102
737300 -16042.4 -19932.7 301.248 60.768 0.869218
737400 -16081.2 -19963.1 300.604 -180.247 0.86937
737500 -16166.1 -19987.8 295.937 92.68 0.870662
737600 -16194 -20034.2 297.371 140.154 0.871433
737700 -16197.4 -20027.7 296.606 331.113 0.870447
737800 -16136.5 -19966.8 296.607 -5.66058 0.866508
737900 -16034 -19910.4 300.17 -179.146 0.862517
738000 -16034.7 -19913.2 300.337 142.943 0.860104
738100 -16091.9 -19920.3 296.456 -277.728 0.85737
738200 -16103.6 -19899.3 293.923 -346.133 0.857008
738300 -15974 -19852.5 300.34 64.0236 0.859635
738400 -15930.2 -19806.2 300.149 -32.1277 0.862068
738500 -15977 -19863.9 300.987 -253.637 0.864806
738600 -16064.8 -19912.4 297.947 89.4993 0.86904
738700 -16113.5 -19976.7 299.144 29.6192 0.872444
738800 -16138.4 -19962.9 296.158 187.764 0.874916
738900 -16123.7 -19982.4 298.805 -83.3697 0.875741
739000 -16149.7 -19998.8 298.054 190.815 0.876707
739100 -16270.6 -20037.8 291.714 76.2138 0.876402
739200 -16256.3 -20070.2 295.334 105.823 0.874903
739300 -16171.7 -20001.9 296.596 8.07814 0.872714
739400 -16126.7 -19979 298.307 -106.783 0.870594
739500 -16120.6 -19990.8 299.697 -30.2353 0.869604
739600 -16166.8 -19995.1 296.452 72.6291 0.8691
739700 -16271.4 -20071.6 294.272 -323.207 0.868417
739800 -16317.8 -20117.1 294.201 100.374 0.869885
739900 -16266.8 -20060.7 293.779 165.691 0.870998
740000 -16201.6 -20045.9 297.689 66.4492 0.870511
740100 -16183.9 -20025.4 297.468 -96.1485 0.86928
740200 -16159.2 -19996.1 297.111 174.378 0.868796
740300 -16102 -19978.4 300.178 361.903 0.866522
740400 -16050.8 -19898.3 297.934 -286.843 0.8618
740500 -15946 -19845.9 301.99 -8.02848 0.858953
740600 -15916.6 -19811.7 301.618 -337.551 0.857139
740700 -15969 -19814.5 297.781 -116.23 0.85796
740800 -16013 -19897.6 300.814 92.5688 0.85981
740900 -16059.1 -19918.3 298.836 -164.087 0.861416
741000 -16056.6 -19890 296.846 184.325 0.864024
741100 -16030.1 -19884.2 298.449 21.4421 0.865384
741200 -16004.7 -19865.6 298.976 0.742512 0.866228
741300 -15964.7 -19873.2 302.66 -102.279 0.867417
741400 -16020.2 -19932.1 302.923 163.157 0.869102
741500 -16123 -19930.1 294.802 130.581 0.869361
741600 -16103.9 -19926.9 296.04 -89.5565 0.868437
741700 -16041.9 -19900.6 298.8 93.705 0.867822
741800 -15988.5 -19876.4 301.058 73.1757 0.866631
741900 -15981.2 -19864.7 300.722 27.8837 0.864839
742000 -16077.8 -19924.3 297.857 -205.698 0.862954
742100 -16143.4 -19946.8 294.522 -201.223 0.862749
742200 -16123.8 -19975.1 298.227 -175.728 0.864625
742300 -16092 -19979.4 301.024 -62.3284 0.868196
742400 -16109 -19972.2 299.152 61.3344 0.872569
742500 -16180.8 -20021.3 297.389 302.406 0.87602
742600 -16245.8 -20049.8 294.573 147.999 0.876652
742700 -16236.7 -20067.9 296.674 0.849773 0.875952
742800 -16138.6 -20016.2 300.264 89.2018 0.875048
742900 -16067 -19955.6 301.122 -29.2579 0.873514
743000 -16078.4 -19923.1 297.724 62.8384 0.871898
743100 -16097.6 -19973 300.093 88.1051 0.870061
743200 -16137.6 -19998.5 298.973 -168.073 0.867669
743300 -16154.9 -19970.7 295.483 -297.261 0.866891
743400 -16140.9 -20018.3 300.253 57.0816 0.868692
743500 -16163 -20012.9 298.121 68.314 0.870204
743600 -16223.8 -20039.5 295.475 -39.3412 0.870937
743700 -16259.6 -20061.7 294.422 -64.3246 0.871902
743800 -16180.4 -20067.4 300.991 290.829 0.87314
743900 -16095.6 -19935 297.309 -148.605 0.872331
744000 -16033.8 -19906.7 299.901 -54.3339 0.872179
744100 -16016.4 -19877.5 298.99 -52.7661 0.872761
744200 -16036.2 -19889.8 298.41 -150.865 0.873944
744300 -16065.3 -19955.6 301.25 241.901 0.875938
744400 -16143 -19995.2 298.301 89.1412 0.87601
744500 -16187.2 -20017.5 296.604 -76.7091 0.875128
744600 -16173.9 -19997.4 296.081 45.832 0.874939
744700 -16123.3 -19934.5 295.13 208.675 0.874311
744800 -16058.3 -19916.2 298.739 78.0515 0.872189
744900 -16058.3 -19962.2 302.301 -9.29399 0.869617
745000 -16118.3 -19988.8 299.711 -225.31 0.867592
745100 -16162.7 -19964 294.359 -212.924 0.867812
745200 -16132.1 -19986.3 298.458 -54.2814 0.869858
745300 -16112.5 -19996.7 300.774 27.37 0.872258
745400 -16204.1 -20046.2 297.511 -66.9893 0.874149
745500 -16312 -20122.7 295.085 -134.64 0.87664
745600 -16300.8 -20117.9 295.581 -185.814 0.880298
745700 -16220.7 -20105.1 300.792 176.469 0.884635
745800 -16217.3 -20099.5 300.628 442.444 0.88667
745900 -16276.3 -20135.3 298.827 112.648 0.884867
746000 -16330.6 -20163.6 296.812 -51.8736 0.882017
746100 -16334.5 -20116 292.825 -156.91 0.879965
746200 -16276.9 -20112.6 297.019 155.399 0.879175
746300 -16208.7 -20022.1 295.296 16.9906 0.8775
746400 -16121.9 -19968.5 297.873 -19.6966 0.875725
746500 -16086 -19969.5 300.724 -175.783 0.874612
746600 -16124.2 -19977 298.352 -222.709 0.875072
746700 -16198.9 -20001.9 294.483 0.729422 0.877347
746800 -16304.1 -20097.6 293.749 104.778 0.879741
746900 -16384.7 -20192 294.822 87.6999 0.881143
747000 -16355 -20143 293.33 187.43 0.881466
747100 -16272.1 -20123.5 298.239 168.355 0.880014
747200 -16251.7 -20091.3 297.324 17.6943 0.876896
747300 -16217.7 -20061.8 297.671 -56.6135 0.873747
747400 -16174.9 -20067.6 301.431 -20.3266 0.87135
747500 -16168 -20014.8 297.886 -157.985 0.869318
747600 -16177.8 -20013.4 297.016 -286.753 0.869082
747700 -16160.9 -19990.9 296.576 -130.836 0.871341
747800 -16097.1 -19991.4 301.561 177.749 0.874626
747900 -16110.4 -20024.6 303.097 230.866 0.876285
748000 -16203.4 -20026.6 296.059 -76.7992 0.876049
748100 -16207.5 -20052.7 297.757 164.343 0.875903
748200 -16200.1 -20061.5 299.017 232.763 0.874329
748300 -16213 -20024.2 295.127 -211.616 0.871235
748400 -16179.8 -20028.2 298.002 -221.144 0.869995
748500 -16113.7 -20001 301.014 129.559 0.870521
748600 -16115.5 -19977.7 299.078 -185.749 0.87064
748700 -16184.8 -20023 297.214 -14.2644 0.871903
748800 -16272.8 -20080.4 294.844 250.35 0.872956
748900 -16275.6 -20075.4 294.243 100.459 0.872039
749000 -16179.5 -20029.4 298.117 79.772 0.87004
749100 -16148.2 -20036.3 301.078 -214.998 0.867953
749200 -16198.5 -20058 298.862 -21.6584 0.867585
749300 -16257.2 -20065.6 294.91 -301.332 0.868073
749400 -16238.9 -20062.6 296.086 -11.0676 0.870587
749500 -16137.1 -20022.5 300.871 87.7616 0.873042
749600 -16110 -20006.9 301.761 -154.407 0.874675
749700 -16151.5 -20022.2 299.732 85.0541 0.876908
749800 -16179.5 -20016.8 297.15 87.2054 0.8781
749900 -16183.8 -20017.1 296.83 32.7693 0.878259
750000 -16152.7 -20030.2 300.259 -31.0446 0.878186
750100 -16084.2 -19972.1 301.065 23.1842 0.878266
750200 -16068.9 -19967.8 301.916 -85.4248 0.878559
750300 -16161.5 -20018.8 298.697 93.5116 0.879069
750400 -16230.7 -20059.6 296.494 37.5562 0.878875
750500 -16228.2 -20070.8 297.555 307.076 0.877764
750600 -16201.9 -20058.1 298.61 56.4519 0.87442
750700 -16131.3 -20005.6 300.009 -288.9 0.871021
750800 -16044.4 -19930.8 300.949 9.3504 0.869881
750900 -16030.7 -19905.9 300.08 -149.21 0.869266
751000 -16110.4 -19960.2 298.109 -274.842 0.870071
751100 -16217.1 -20003 293.166 -23.8699 0.873293
751200 -16199.7 -20040.4 297.404 126.692 0.876875
751300 -16174.9 -20051.1 300.159 -26.3353 0.879426
751400 -16197.8 -20039.6 297.49 222.544 0.881222
751500 -16282.3 -20077.6 293.892 -14.3642 0.881425
751600 -16316.2 -20128.4 295.199 75.6013 0.881335
751700 -16248 -20082.2 296.909 198.712 0.880382
751800 -16154.8 -20043 301.085 -66.9033 0.878037
751900 -16163.4 -20009.5 297.831 -40.8844 0.876104
752000 -16172.3 -20016.2 297.662 65.5884 0.874652
752100 -16142.7 -19967.7 296.194 4.04966 0.872654
752200 -16026.2 -19897.4 299.771 -98.8011 0.870775
752300 -15988 -19881 301.452 -131.087 0.870163
752400 -16050.1 -19967 303.31 -72.7369 0.870622
752500 -16152.6 -20014.4 299.043 -18.2383 0.871547
752600 -16185.1 -20025.8 297.413 -39.7089 0.872868
752700 -16204.1 -20061.3 298.686 119.093 0.874506
752800 -16251.8 -20073.3 295.924 12.1686 0.875192
752900 -16285.5 -20058.9 292.2 -30.1493 0.875589
753000 -16184.8 -20004.9 295.815 2.95756 0.876228
753100 -16109.8 -19987.8 300.297 -46.3725 0.877101
753200 -16132.3 -20003.5 299.771 -103.444 0.878489
753300 -16192.5 -20005.5 295.262 -20.4804 0.880873
753400 -16207.7 -20029 295.905 329.416 0.88343
753500 -16145.2 -20031.4 300.932 303.876 0.883157
753600 -16103.6 -20014.6 302.849 281.506 0.879416
753700 -16176.3 -20024.8 298.012 -100.426 0.872987
753800 -16238 -20036.4 294.135 -314.71 0.867699
753900 -16222.4 -20036 295.314 -76.8828 0.865611
754000 -16184.6 -20043.6 298.824 -349.351 0.865319
754100 -16178.2 -20010 296.714 -15.1403 0.867494
754200 -16142 -19949.3 294.818 128.926 0.869586
754300 -16042.3 -19899.7 298.697 -22.4197 0.870439
754400 -16013.9 -19880.1 299.382 -51.4288 0.87121
754500 -16044.9 -19956.9 302.924 -9.66777 0.872201
754600 -16154.1 -20032.4 300.321 15.1645 0.873225
754700 -16199.5 -20024.7 296.214 1.32035 0.873989
754800 -16199.3 -20053.1 298.429 -88.2298 0.874756
754900 -16194.7 -20057.6 299.132 175.9 0.875756
755000 -16219.7 -20044.5 296.174 158.293 0.875355
755100 -16242.2 -20064.4 295.976 -32.0092 0.873695
755200 -16211.4 -20027.8 295.527 -171.249 0.87239
755300 -16110.5 -19972.7 299.078 12.276 0.87242
755400 -16072.1 -19944.1 299.835 84.4129 0.872526
755500 -16101.5 -19962.1 298.953 -67.6157 0.872161
755600 -16191.1 -20013.8 296.01 120.325 0.87212
755700 -16263.2 -20046.2 292.944 -154.864 0.871355
755800 -16174.5 -19978.6 294.58 -168.033 0.871758
755900 -16093.4 -19997.5 302.315 91.6958 0.873553
756000 -16146.3 -19972.4 296.28 -229.641 0.875351
756100 -16188.4 -20050.2 299.038 119.638 0.878671
756200 -16244.3 -20048 294.544 207.617 0.880779
756300 -16228.6 -20049.2 295.856 -75.2044 0.881197
756400 -16144.5 -20039.3 301.593 347.882 0.881641
756500 -16144.8 -20007 299.075 148.255 0.879174
756600 -16192.2 -20033 297.422 27.493 0.875121
756700 -16323 -20095.6 292.132 -298.455 0.871661
756800 -16362.1 -20159 294.021 -221.166 0.870957
756900 -16305.4 -20147.2 297.496 -90.5874 0.87227
757000 -16246.7 -20057.8 295.116 21.8941 0.87429
757100 -16193.8 -20041 297.909 121.845 0.876058
757200 -16175.2 -20042.1 299.441 -162.163 0.876922
757300 -16184 -20052 299.524 126.787 0.878383
757400 -16246.1 -20095.5 298.08 281.3 0.878715
757500 -16323.9 -20135 295.122 -72.55 0.876965
757600 -16326 -20123.7 294.083 -253.205 0.875908
757700 -16190.6 -20042.4 298.265 24.1796 0.876834
757800 -16113.9 -19983.5 299.645 145.289 0.877797
757900 -16103.3 -19990.1 300.981 63.3455 0.877407
758000 -16163.4 -19994.8 296.683 -65.2311 0.876526
758100 -16207.9 -20037 296.511 163.516 0.876066
758200 -16229.1 -20079.5 298.164 -62.662 0.874694
758300 -16289.6 -20072.3 292.918 -107.033 0.874024
758400 -16288 -20095.9 294.869 225.822 0.87407
758500 -16183.3 -20013.9 296.632 178.789 0.872145
758600 -16121.5 -19991.8 299.702 -194.516 0.869443
758700 -16132.9 -19998.5 299.337 -109.058 0.868357
758800 -16177.3 -19991.9 295.394 -142.529 0.868647
758900 -16210.5 -20028 295.61 94.7271 0.870115
759000 -16209.3 -20018.3 294.953 52.5589 0.870688
759100 -16124.4 -19988.3 299.208 -105.966 0.871032
759200 -16079 -19945.3 299.392 32.9868 0.872185
759300 -16070.8 -19953.8 300.685 -202.985 0.873423
759400 -16144.4 -20042.2 301.83 57.3167 0.87591
759500 -16245.4 -20052.4 294.805 97.4303 0.878239
759600 -16238.2 -20096.3 298.762 254.94 0.87916
759700 -16230.6 -20065.6 296.968 -133.888 0.878224
759800 -16185.8 -20044.7 298.82 -76.7846 0.878142
759900 -16106.6 -19987.5 300.519 233.363 0.878351
760000 -16071.5 -19965.5 301.537 -264.425 0.877216
760100 -16151.8 -19990.5 297.257 -35.3917 0.878004
760200 -16254.5 -20068.9 295.374 174.118 0.879274
760300 -16262.7 -20103.2 297.397 -168.753 0.879546
760400 -16250.8 -20091.4 297.399 230.101 0.880572
760500 -16208.2 -20060.9 298.337 235.294 0.879805
760600 -16119.9 -19993.3 299.947 -139.261 0.877059
760700 -16036.2 -19948.2 302.933 -67.1184 0.875012
760800 -16062.1 -19958.4 301.72 -52.8369 0.873592
760900 -16168.8 -20024 298.537 -106.931 0.872711
761000 -16186.6 -20003.5 295.566 10.6346 0.872779
761100 -16145.1 -20008.3 299.146 -0.196058 0.872908
761200 -16107.5 -19993.4 300.908 -98.7224 0.873199
761300 -16161.1 -20041 300.449 85.254 0.874239
761400 -16234.3 -20031.4 294.033 -52.2615 0.875075
761500 -16207.7 -20087.1 300.409 222.903 0.876073
761600 -16221.1 -20057.4 297.075 140.811 0.874896
761700 -16280.1 -20079 294.172 -189.562 0.872065
761800 -16328.4 -20103.9 292.361 -318.449 0.871157
761900 -16259.8 -20116.6 298.659 266.652 0.872511
762000 -16193.4 -20083.3 301.218 207.577 0.87194
762100 -16223.6 -20081.6 298.75 -161.199 0.869565
762200 -16257.4 -20043.1 293.146 -320.097 0.868134
762300 -16214 -20053.9 297.343 -149.48 0.869598
762400 -16189.9 -20021.1 296.672 -71.106 0.873227
762500 -16169.8 -20053 300.698 59.8423 0.877843
762600 -16199 -20012.3 295.286 133.133 0.882397
762700 -16193.7 -20044.1 298.161 361.186 0.885779
762800 -16148.1 -20033.2 300.843 362.312 0.885413
762900 -16122.6 -19994 299.791 30.832 0.881738
763000 -16144.6 -20004.1 298.86 -144.014 0.877795
763100 -16221 -20028 294.794 -197.268 0.875318
763200 -16250.7 -20102.1 298.238 159.687 0.874614
763300 -16275.6 -20105 296.528 131.614 0.872884
763400 -16339.1 -20132.4 293.74 -154.969 0.869928
763500 -16334.3 -20088 290.67 48.7235 0.868321
763600 -16223.1 -20085.8 299.112 167.63 0.866488
763700 -16193.5 -20010.7 295.591 -213.605 0.863422
763800 -16120.6 -19960.1 297.317 -80.593 0.86218
763900 -16069.3 -19976.6 302.564 -18.0161 0.86208
764000 -16125.4 -20015.2 301.21 -7.43825 0.862027
764100 -16189.1 -20040.4 298.23 -84.5216 0.862099
764200 -16199.6 -20026.5 296.334 -184.026 0.863207
764300 -16177.1 -20043.7 299.412 -8.98222 0.865817
764400 -16163.5 -20017.9 298.463 -6.66648 0.86878
764500 -16143.5 -20009.3 299.352 211.599 0.871456
764600 -16164.5 -20052 301.032 -58.9484 0.872654
764700 -16249.4 -20092.3 297.578 -91.2251 0.874075
764800 -16314.5 -20167.1 298.331 348.502 0.875644
764900 -16361.8 -20181.8 295.804 -21.7171 0.874883
765000 -16350.7 -20179.8 296.512 18.0548 0.873737
765100 -16216.5 -20088.6 299.84 -29.4565 0.872594
765200 -16163.3 -20038.2 300.056 141.692 0.871374
765300 -16194.9 -20039.7 297.733 9.35037 0.869206
765400 -16235.6 -20048.7 295.273 -193.043 0.867118
765500 -16227.7 -20060.7 296.813 -189.319 0.866563
765600 -16129.8 -19958.6 296.489 -47.7845 0.867766
765700 -16052.6 -19946.9 301.562 -176.994 0.870149
765800 -16071 -19933.5 299.096 306.245 0.873502
765900 -16134.7 -19981.5 297.876 90.1163 0.87454
766000 -16195.8 -19996.6 294.315 262.798 0.873941
766100 -16148.5 -20000.4 298.273 -85.5828 0.871379
766200 -16014.9 -19925.4 302.814 76.3665 0.869168
766300 -16037.5 -19931 301.501 -178.632 0.866853
766400 -16115.6 -19931 295.447 -420.023 0.866224
766500 -16129.5 -19992.7 299.153 16.0137 0.869068
766600 -16186.1 -20039.2 298.368 -0.969113 0.872411
766700 -16281.6 -20092.7 295.117 -147.771 0.875559
766800 -16294.5 -20143.5 298.051 67.8536 0.879782
766900 -16306.8 -20185.7 300.372 577.919 0.882545
767000 -16338.7 -20137 294.125 175.723 0.880268
767100 -16277.9 -20128.4 298.167 -99.3876 0.876572
767200 -16169.7 -20072.4 302.214 -38.4597 0.874335
767300 -16170.2 -20048.8 300.342 60.4996 0.872852
767400 -16200.9 -20041.5 297.402 -146.477 0.871221
767500 -16228.3 -20053.4 296.198 34.6681 0.870787
767600 -16210.5 -20052.2 297.483 -145.125 0.870545
767700 -16127 -20014.1 301.003 94.8577 0.871281
767800 -16115.9 -20038 303.714 33.7004 0.871519
767900 -16214.5 -20049.8 296.989 -259.661 0.871853
768000 -16229.8 -20064.5 296.944 114.953 0.873752
768100 -16208.9 -20054 297.747 -82.0327 0.874957
768200 -16175.4 -20049.3 299.987 112.496 0.876511
768300 -16146.4 -20035.8 301.173 51.566 0.877341
768400 -16178 -20026.8 298.033 212.609 0.877189
768500 -16247 -20077.6 296.628 85.018 0.875155
768600 -16296.5 -20096.9 294.289 -177.487 0.872642
768700 -16247.5 -20063.4 295.492 -177.109 0.871583
768800 -16134.1 -19987.5 298.395 190.362 0.871816
768900 -16097.7 -19927.5 296.562 -63.7498 0.871033
769000 -16049.4 -19913.9 299.251 -49.5935 0.870609
769100 -16028.6 -19970.7 305.256 290.056 0.870311
769200 -16153.4 -19986.3 296.808 11.1575 0.867641
769300 -16201.5 -20055.9 298.47 -421.301 0.865032
769400 -16234.4 -20070 297.018 -126.977 0.866082
769500 -16257.7 -20105.8 297.982 -135.867 0.868753
769600 -16288.6 -20099.3 295.083 154.187 0.872268
769700 -16297.3 -20122.1 296.178 106.603 0.874608
769800 -16250.6 -20089.3 297.254 46.747 0.875813
769900 -16160.7 -20038.6 300.295 -7.47768 0.876651
770000 -16142.2 -20050.8 302.67 304.591 0.876932
770100 -16224.8 -20072 297.907 35.0481 0.87479
770200 -16255.4 -20073.7 295.674 -225.9 0.872234
770300 -16221.1 -20046 296.185 17.7263 0.871695
770400 -16171.7 -20044.4 299.888 -50.4712 0.871431
770500 -16135.3 -19997.6 299.078 -119.845 0.871612
770600 -16051.4 -19986.7 304.736 183.762 0.872399
770700 -16071.9 -19951.8 300.443 48.5238 0.871877
770800 -16197.2 -20030.5 296.837 64.0516 0.870751
770900 -16222 -20038 295.497 -204.808 0.869439
771000 -16169.7 -20027.3 298.723 -56.6192 0.869574
771100 -16106.4 -19956.4 298.128 71.3287 0.870314
771200 -16062.1 -19978.7 303.293 7.97977 0.870709
771300 -16177.2 -20039.6 299.084 -85.3902 0.871096
771400 -16259.9 -20097.3 297.16 120.226 0.872048
771500 -16250.6 -20050.3 294.236 134.006 0.872086
771600 -16167.9 -20041.8 299.975 -76.653 0.870824
771700 -16134.1 -19994.7 298.954 -117.476 0.869857
771800 -16147.9 -20009.7 299.044 -163.753 0.870208
771900 -16242.2 -20040.7 294.14 -156.559 0.87247
772000 -16299 -20126.4 296.379 191.31 0.876588
772100 -16287.5 -20126.1 297.248 111.425 0.87997
772200 -16205.5 -20089.6 300.773 240.342 0.882535
772300 -16130.1 -20056.8 304.065 116.315 0.883402
772400 -16185.9 -20036 298.137 208.455 0.882679
772500 -16228.5 -20020.8 293.658 -163.8 0.880204
772600 -16197.3 -20049.7 298.318 -149.152 0.878506
772700 -16197.4 -20044.2 297.884 -41.1926 0.878351
772800 -16202.3 -20055.3 298.361 90.7523 0.878466
772900 -16215.1 -20045.9 296.648 62.0854 0.878004
773000 -16217.2 -20084.7 299.487 27.272 0.876699
773100 -16246 -20097.8 298.267 -85.7128 0.874818
773200 -16306.7 -20117.3 295.076 -145.958 0.873701
773300 -16309.3 -20110.6 294.359 59.5749 0.873646
773400 -16210.2 -20091 300.511 -110.052 0.873428
773500 -16176.6 -20041.9 299.312 121.812 0.873955
773600 -16180.1 -20006.7 296.316 180.802 0.873768
773700 -16157.4 -20015.8 298.783 2.03295 0.871655
773800 -16137.8 -19993.7 298.585 -343.533 0.869476
773900 -16064.7 -19962.7 301.851 93.0842 0.869782
774000 -16023.2 -19919.5 301.719 98.2852 0.869766
774100 -16078.8 -19936.1 298.691 -271.678 0.868989
774200 -16163.9 -20012.1 297.993 -287.024 0.87056
774300 -16227.3 -20082.6 298.542 -79.3268 0.875306
774400 -16251.3 -20069.5 295.67 177.468 0.880964
774500 -16239.3 -20101.9 299.107 82.4644 0.885105
774600 -16243 -20103.1 298.91 248.894 0.88792
774700 -16267.2 -20115.9 298.036 188.529 0.888233
774800 -16370.7 -20142.6 292.079 1.76004 0.886757
774900 -16404.4 -20204 294.23 161.198 0.885154
775000 -16324.8 -20149.5 296.164 -38.2725 0.882552
775100 -16245.7 -20130.8 300.848 -109.224 0.880069
775200 -16251.1 -20078.2 296.356 114.955 0.878541
775300 -16242 -20086.9 297.737 50.9691 0.876444
775400 -16171.8 -20085.9 303.092 -130.549 0.87419
775500 -16113.5 -19991.5 300.294 38.5039 0.872798
775600 -16103.4 -20003.9 302.042 -229.18 0.87163
775700 -16188.3 -20010.9 296.013 -106.602 0.872563
775800 -16259.4 -20107 297.941 221.114 0.874297
775900 -16293.1 -20109.1 295.497 -118.895 0.874402
776000 -16249.8 -20075.9 296.274 -118.549 0.875238
776100 -16140 -20004.6 299.259 297.184 0.876753
776200 -16115.3 -20007.8 301.418 -96.7719 0.876169
776300 -16163.6 -20015.7 298.297 -57.1456 0.876092
776400 -16216.1 -20028.3 295.201 84.251 0.876564
776500 -16209.9 -20042.1 296.744 267.088 0.876086
776600 -16147.7 -20018.7 299.75 32.9629 0.873403
776700 -16064.7 -19944.6 300.446 -321.795 0.870659
776800 -16016.6 -19913.8 301.778 -99.947 0.870599
776900 -16085.5 -19942.5 298.676 27.7041 0.871809
777000 -16185 -19991.7 294.77 -324.462 0.873209
777100 -16176.6 -20011.9 296.987 58.0924 0.876659
777200 -16131.7 -20031 301.953 318.194 0.879533
777300 -16186.2 -20061.6 300.096 139.789 0.879256
777400 -16297.3 -20095.3 294.096 35.7815 0.877644
777500 -16290.9 -20133.4 297.554 312.412 0.87574
777600 -16227.6 -20022.2 293.839 -149.525 0.872214
777700 -16131.9 -19979.6 297.945 107.211 0.869928
777800 -16104.8 -19977.8 299.908 -303.335 0.867858
777900 -16133.7 -19997.4 299.195 -127.635 0.868342
778000 -16224.4 -20079.6 298.527 47.0093 0.870096
778100 -16290.2 -20096.6 294.751 -236.518 0.871529
778200 -16271.6 -20104.6 296.813 -278.28 0.874855
778300 -16218.2 -20038.4 295.819 186.711 0.87974
778400 -16153.4 -20009.8 298.625 340.239 0.882258
778500 -16134.6 -19987.9 298.387 44.5354 0.881667
778600 -16146.4 -20020.1 299.965 163.319 0.88041
778700 -16170.6 -20003.1 296.777 -261.867 0.878339
778800 -16158.1 -20008.5 298.159 -113.516 0.878313
778900 -16161.7 -20043.3 300.573 67.5174 0.879452
779000 -16196.9 -20031.2 296.919 1.67496 0.880085
779100 -16197.6 -20039.1 297.475 204.293 0.880347
779200 -16195.1 -20077.6 300.642 86.6862 0.879088
779300 -16269.2 -20070.9 294.388 110.623 0.876744
779400 -16382.1 -20155.5 292.198 -336.066 0.874163
779500 -16356.7 -20122.2 291.59 -199.911 0.874329
779600 -16282.7 -20136.2 298.404 51.7902 0.876503
779700 -16263.2 -20117.1 298.433 204.657 0.878199
779800 -16248.8 -20092.6 297.649 -127.885 0.878173
779900 -16207.5 -20085.6 300.306 155.648 0.87876
780000 -16168.2 -20062.7 301.577 -15.0496 0.878494
780100 -16190.7 -20061 299.7 27.6549 0.877982
780200 -16276.8 -20102.8 296.274 167.437 0.877042
780300 -16333.8 -20167.4 296.86 74.3411 0.874427
780400 -16343.6 -20136.2 293.685 -130.984 0.871524
780500 -16218.5 -20105.1 300.963 -185.089 0.870091
780600 -16182.1 -20041.4 298.849 -98.7216 0.87047
780700 -16183.7 -20015.5 296.72 -126.335 0.871925
780800 -16150.2 -20019.3 299.605 -131.38 0.874433
780900 -16109.5 -20020.6 302.859 233.027 0.877694
781000 -16149.7 -19983.7 296.897 80.5656 0.879152
781100 -16218.6 -20045.7 296.355 144.177 0.87925
781200 -16290.8 -20136.2 297.778 -46.6173 0.878224
781300 -16349.1 -20123.9 292.304 -100.238 0.877611
781400 -16281.9 -20124.2 297.533 89.0965 0.877796
781500 -16198.4 -20061.7 299.165 -1.3691 0.877436
781600 -16197.2 -20051.2 298.432 -212.218 0.87723
781700 -16209.6 -20051.9 297.533 -16.3714 0.878834
781800 -16228.5 -20095.5 299.446 135.116 0.880369
781900 -16286.3 -20089 294.468 -80.6606 0.880854
782000 -16299.8 -20152.5 298.334 95.3122 0.881764
782100 -16308.2 -20107.2 294.181 16.5464 0.881919
782200 -16235 -20082.1 297.904 127.999 0.881735
782300 -16159.9 -20042 300.618 104.166 0.880445
782400 -16160.2 -20035.3 300.071 -5.01135 0.878165
782500 -16236.8 -20051.1 295.364 -59.8658 0.876328
782600 -16340.9 -20144.8 294.555 -18.9752 0.875097
782700 -16383 -20179.7 294.004 -28.9657 0.874249
782800 -16281.9 -20122 297.367 140.127 0.87371
782900 -16186.8 -20062.9 300.151 58.3178 0.872017
783000 -16185.6 -20037.9 298.306 -208.719 0.870107
783100 -16187.1 -20009.1 295.957 -64.4953 0.87033
783200 -16162.7 -20042.8 300.458 119.584 0.87116
783300 -16170.5 -20049 300.334 65.1002 0.870803
783400 -16251.7 -20041.8 293.488 -31.8287 0.869938
783500 -16251.9 -20064.3 295.213 -36.6923 0.869443
783600 -16151.6 -20026.3 300.042 -194.32 0.869672
783700 -16090.2 -19989.3 301.932 41.3299 0.871076
783800 -16142.3 -20068.5 304.029 260.858 0.871992
783900 -16226.1 -20071.3 297.757 -236.946 0.871275
784000 -16246 -20041.3 293.896 -118.878 0.872165
784100 -16188.7 -20102.5 303.066 208.277 0.87374
784200 -16224.6 -20090 299.315 -278.78 0.874034
784300 -16335.8 -20139.1 294.517 -10.361 0.876304
784400 -16324 -20105.4 292.818 75.1402 0.878914
784500 -16246.5 -20109.8 299.16 107.572 0.880467
784600 -16228.3 -20109.9 300.581 277.923 0.880486
784700 -16288.6 -20120.7 296.738 -24.274 0.878442
784800 -16354.9 -20180.4 296.233 85.8871 0.876352
784900 -16428.5 -20178.1 290.356 94.8024 0.873685
785000 -16428.1 -20174.7 290.128 -7.50748 0.870403
785100 -16302.1 -20103.9 294.4 -180.871 0.867533
785200 -16209.2 -20045.7 297.083 -55.333 0.866367
785300 -16152.9 -20041.4 301.114 -15.4453 0.866065
785400 -16182 -20062 300.447 -164.176 0.865972
785500 -16277.2 -20106.1 296.494 33.4804 0.866957
785600 -16304 -20119 295.419 -39.9161 0.868173
785700 -16283 -20133.4 298.157 130.906 0.869424
785800 -16268.8 -20105.7 297.12 63.8263 0.869706
785900 -16205.3 -20085.3 300.457 -109.829 0.869391
786000 -16092.4 -20007.8 303.194 -73.9112 0.869909
786100 -16106.7 -19989.9 300.702 100.064 0.871144
786200 -16177.4 -20063.3 300.91 7.1844 0.871722
786300 -16231.7 -20081.5 298.115 -207.969 0.872299
786400 -16249.9 -20099.3 298.083 87.9676 0.874509
786500 -16250.9 -20091.3 297.382 130.485 0.876225
786600 -16216.8 -20067.5 298.179 -90.4316 0.876802
786700 -16142 -20064.6 303.757 179.893 0.877769
786800 -16164.2 -20023 298.807 -103.214 0.877512
786900 -16245 -20069.7 296.167 6.40466 0.877736
787000 -16289.4 -20101 295.157 120.333 0.878103
787100 -16265.5 -20104.2 297.252 171.513 0.877224
787200 -16165 -20026.4 299.01 -225.008 0.875047
787300 -16110 -19998.5 301.11 -43.3513 0.874416
787400 -16139.1 -19992.6 298.396 -155.934 0.874817
787500 -16200.9 -20012.6 295.162 -30.3258 0.876648
787600 -16213.6 -20046.3 296.787 109.056 0.878802
787700 -16185.2 -20061.8 300.189 329.333 0.879633
787800 -16178.2 -20057.8 300.417 -146.569 0.877948
787900 -16251.8 -20103.1 298.229 -119.024 0.877175
788000 -16316.7 -20145.2 296.462 202.044 0.877289
788100 -16319.9 -20152.1 296.751 6.56557 0.875829
788200 -16260.9 -20094.1 296.834 -45.6585 0.874053
788300 -16132.2 -19979.5 297.92 -86.4517 0.872615
788400 -16092.9 -19968.6 300.123 206.648 0.871534
788500 -16107.1 -19963.7 298.642 17.5299 0.868794
788600 -16176.9 -20003.9 296.347 -361.042 0.865906
788700 -16233.1 -20033.2 294.261 -221.555 0.866126
788800 -16183.5 -20040.4 298.66 201.564 0.868487
788900 -16066.2 -19992.7 304.051 -41.0131 0.869676
789000 -16065.4 -19986.4 303.62 78.1553 0.870811
789100 -16126.4 -20002.3 300.137 278.606 0.871187
789200 -16175.9 -20017.5 297.482 -188.288 0.869417
789300 -16205.3 -20029.4 296.123 -207.366 0.86877
789400 -16196.2 -20063.9 299.499 -3.54115 0.870104
789500 -16174.1 -20033.7 298.867 25.9455 0.871894
789600 -16176.9 -20054.7 300.281 -11.8206 0.873794
789700 -16243 -20070.9 296.414 137.906 0.87612
789800 -16294.4 -20123.5 296.513 35.0042 0.877871
789900 -16318 -20146.5 296.458 108.796 0.879378
790000 -16338.3 -20151.6 295.286 394.458 0.879847
790100 -16291.5 -20085.8 293.817 9.72512 0.876855
790200 -16173.7 -19996.6 296.031 -55.9034 0.872364
790300 -16101.4 -19950.3 298.045 -222.038 0.868023
790400 -16061.6 -19941.9 300.475 -380.621 0.865732
790500 -16066.2 -19908.5 297.528 -112.012 0.866873
790600 -16109.8 -19984 299.998 61.7503 0.869346
790700 -16209.5 -20040.2 296.635 86.5862 0.871295
790800 -16261.5 -20086 296.154 -33.5421 0.872587
790900 -16243.2 -20046.9 294.542 -179.964 0.874358
791000 -16146.6 -20021.6 300.064 131.48 0.877611
791100 -16141.6 -20047.7 302.471 81.9312 0.88002
791200 -16204.6 -20034.2 296.549 333.737 0.881093
791300 -16233 -20069.8 297.102 153.885 0.879556
791400 -16237.7 -20105.8 299.53 -3.74907 0.876366
791500 -16280.4 -20094.4 295.337 -88.5113 0.872924
791600 -16321 -20124.5 294.526 -153.814 0.870689
791700 -16277.6 -20121.5 297.651 -71.443 0.869917
791800 -16195.7 -20070.7 300.071 -84.5366 0.86988
791900 -16148.6 -19991.7 297.598 -104.997 0.870773
792000 -16074.1 -20003.3 304.269 199.791 0.872334
792100 -16075.4 -19979.7 302.331 30.4934 0.87254
792200 -16186 -20034.6 298.02 -92.6224 0.872367
792300 -16244.5 -20058.1 295.306 31.9984 0.872877
792400 -16240.2 -20079.5 297.298 -56.6099 0.873315
792500 -16187.5 -20040.6 298.366 170.266 0.873899
792600 -16100.1 -19981 300.521 15.7769 0.873251
792700 -16067.1 -19959 301.371 -37.1175 0.872274
792800 -16149.3 -20000.5 298.227 -75.7267 0.871602
792900 -16234.7 -20026.6 293.63 -14.6625 0.871571
793000 -16178.8 -19991.1 295.208 -81.4196 0.872062
793100 -16097.8 -19967.2 299.635 101.521 0.872988
793200 -16087.4 -19950 299.109 183.041 0.873
793300 -16120.1 -19955.7 297.017 17.6558 0.871489
793400 -16200.3 -19999.2 294.173 -268.611 0.869717
793500 -16249.6 -20024.2 292.291 -42.0253 0.869843
793600 -16172.1 -20022.8 298.189 274.73 0.870414
793700 -16083.5 -19949.3 299.353 -269.388 0.869307
793800 -16078.9 -19956.9 300.299 -149.187 0.869898
793900 -16131 -19983.7 298.34 60.4472 0.872372
794000 -16168.2 -19995.6 296.383 31.347 0.874984
794100 -16161.3 -20017 298.563 45.2543 0.877454
794200 -16151.6 -19969.3 295.623 100.419 0.879739
794300 -16072.4 -19998.5 304.022 145.914 0.88136
794400 -16075.8 -19942.4 299.413 232.937 0.881499
794500 -16134.9 -19953.5 295.704 159.132 0.879133
794600 -16164.6 -20034.9 299.705 -206.138 0.875339
794700 -16236.4 -20047.8 295.136 -102.049 0.872892
794800 -16273.1 -20047.3 292.257 -230.553 0.871717
794900 -16155.9 -19954.5 294.149 -183.423 0.872776
795000 -16078.1 -19948 299.674 38.2198 0.875584
795100 -16076.3 -19952 300.114 187.039 0.878159
795200 -16147.3 -20020.2 299.905 -5.23105 0.879396
795300 -16239.9 -20091.7 298.272 260.239 0.880053
795400 -16278.2 -20105.6 296.378 -21.2042 0.878686
795500 -16254.9 -20074.1 295.751 181.399 0.876803
795600 -16146.4 -20012.4 299.373 -37.5782 0.873785
795700 -16087.6 -19959.4 299.817 -308.958 0.871189
795800 -16088.4 -19931.1 297.558 -143.542 0.871373
795900 -16087.7 -19938.1 298.161 -71.1248 0.872911
796000 -16078.5 -19966.1 301.042 -133.758 0.875287
796100 -16143.6 -20038.1 301.574 -18.4572 0.878859
796200 -16254.8 -20126.5 299.811 102.512 0.882581
796300 -16325.3 -20143.8 295.691 162.323 0.885248
796400 -16334.6 -20158.6 296.11 161.492 0.88622
796500 -16271.4 -20151.4 300.447 119.302 0.885552
796600 -16205.9 -20089 300.694 10.3429 0.883743
796700 -16133 -20014.4 300.559 -46.3796 0.881953
796800 -16070.1 -20014.2 305.422 151.306 0.88032
796900 -16155.3 -20000.8 297.777 4.00012 0.877639
797000 -16194.4 -20000.6 294.743 -180.684 0.875223
797100 -16150.5 -20001.2 298.187 59.4601 0.874183
797200 -16119.6 -19996.3 300.194 -49.0494 0.873002
797300 -16158.2 -20003.4 297.759 -149.651 0.87245
797400 -16278.5 -20096.2 295.628 -123.284 0.873356
797500 -16309.6 -20124.9 295.44 -3.83008 0.875134
797600 -16275 -20124.7 298.102 33.6816 0.877135
797700 -16203.1 -20081.2 300.304 45.5795 0.878729
797800 -16109 -20034.6 303.986 118.142 0.879646
797900 -16151.8 -20022.5 299.733 53.8682 0.879844
798000 -16270.9 -20086.3 295.454 249.082 0.879089
798100 -16273.8 -20091 295.586 -25.9968 0.876262
798200 -16205.8 -20018.1 295.208 -106.797 0.87384
798300 -16135.3 -20053.1 303.38 -107.837 0.872571
798400 -16174.3 -20023.6 298.078 -82.8636 0.872213
798500 -16208.5 -20023.8 295.439 -194.604 0.873096
798600 -16178.2 -20025.6 297.929 94.0017 0.875273
798700 -16107.1 -20006.4 301.949 -26.2067 0.87671
798800 -16002.3 -19957.8 306.301 -0.021511 0.878036
798900 -16052.7 -19947 301.56 247.158 0.878965
799000 -16139.6 -19996.3 298.647 -72.5547 0.877855
799100 -16181.5 -20054.9 299.938 29.2341 0.876913
799200 -16239.6 -20042.6 294.488 -76.1473 0.876325
799300 -16241.1 -20087.8 297.875 -220.63 0.876812
799400 -16154.8 -20050.6 301.674 36.624 0.878816
799500 -16069 -19977.4 302.649 83.5384 0.880363
799600 -16117.3 -20009 301.36 137.967 0.880788
799700 -16205.5 -20072.8 299.472 -88.7176 0.880243
799800 -16244.6 -20083.6 297.277 -24.1826 0.880177
799900 -16239 -20058.5 295.766 -81.0518 0.880633
800000 -16169.3 -20032.6 299.159 -125.598 0.881915
800100 -16091.6 -20000.3 302.679 -10.2732 0.884214
800200 -16121.3 -19970.5 298.07 164.607 0.886424
800300 -16263.1 -20074.1 295.108 377.761 0.886644
800400 -16289.4 -20099.7 295.049 -37.057 0.883827
800500 -16227 -20071.4 297.699 180.953 0.880901
800600 -16174.6 -20027.3 298.341 -39.5822 0.877016
800700 -16138.1 -20010.6 299.873 -138.324 0.873774
800800 -16063.1 -19944.3 300.54 -132.835 0.872141
800900 -15974 -19893.6 303.516 18.454 0.871702
801000 -16017.2 -19922.3 302.394 -50.589 0.871586
801100 -16124.3 -20011.1 300.983 39.7747 0.871582
801200 -16180.9 -20007.2 296.294 -142.303 0.871497
801300 -16180 -20001.1 295.894 -51.1871 0.872686
801400 -16115.1 -20004.4 301.167 -113.892 0.874629
801500 -16094.5 -19984.3 301.215 259.026 0.876816
801600 -16198 -20037.5 297.316 4.41476 0.877156
801700 -16269.8 -20084.9 295.426 -209.328 0.877535
801800 -16267.9 -20144.9 300.215 236.126 0.879195
801900 -16301 -20141.6 297.405 -26.7402 0.879159
802000 -16375.6 -20131.3 290.832 -88.5313 0.879018
802100 -16317.1 -20093.9 292.459 190.271 0.879682
802200 -16211.8 -20074.3 299.103 254.335 0.878488
802300 -16201.3 -20047 297.796 5.94687 0.874936
802400 -16198.1 -20027.7 296.547 -285.069 0.871978
802500 -16143.2 -19985.7 297.545 5.17394 0.871012
802600 -16056 -19928.2 299.849 -120.816 0.870426
802700 -16036.8 -19916.2 300.403 -246.708 0.87107
802800 -16077.5 -19914.5 297.122 -240.156 0.874203
802900 -16182 -19992 295.032 27.3202 0.879361
803000 -16261.4 -20039.4 292.553 154.44 0.883945
803100 -16215 -20096.8 300.589 369.733 0.886462
803200 -16228.5 -20126.3 301.828 228.242 0.885571
803300 -16327.9 -20140.4 295.227 -123.88 0.882716
803400 -16344.2 -20162.9 295.702 167.719 0.880786
803500 -16300.4 -20088.5 293.334 -101.049 0.87821
803600 -16221.3 -20060.3 297.274 137.641 0.876441
803700 -16191.6 -20055.8 299.232 -201.106 0.874554
803800 -16192.1 -20038.3 297.836 -104.415 0.874128
803900 -16204.1 -20077.2 299.916 91.2099 0.87471
804000 -16289.6 -20090.2 294.301 -130.884 0.874764
804100 -16316.7 -20125.3 294.926 24.238 0.875703
804200 -16259.5 -20131.7 299.85 119.376 0.876614
804300 -16173.7 -20048.6 300.058 24.3692 0.876366
804400 -16096.7 -20033.7 304.866 84.3471 0.875584
804500 -16182.2 -20029.9 297.951 23.6688 0.874059
804600 -16274.4 -20109.3 296.954 -224.385 0.872887
804700 -16278.6 -20117.4 297.261 53.9277 0.873224
804800 -16237.3 -20060.9 296.083 -86.8731 0.873287
804900 -16155.3 -20047.1 301.366 32.4751 0.874009
805000 -16143.4 -19991.3 297.969 -275.518 0.875164
805100 -16148.1 -20018.4 299.703 -20.2817 0.878523
805200 -16203.3 -20070.7 299.475 98.7201 0.882276
805300 -16298.2 -20152.2 298.435 284.773 0.884874
805400 -16364.8 -20181.3 295.537 183.373 0.884714
805500 -16356.4 -20125.2 291.835 -59.8118 0.882847
805600 -16245.9 -20097.1 298.224 48.8843 0.881485
805700 -16218.3 -20057.3 297.281 -114.234 0.879935
805800 -16193.3 -20066.4 299.92 -21.3398 0.879246
805900 -16189.7 -20063.5 299.974 75.6728 0.878651
806000 -16264.7 -20066.8 294.417 -348.435 0.877856
806100 -16291.4 -20065.6 292.262 20.5719 0.879723
806200 -16192.6 -20089.2 301.734 181.587 0.881861
806300 -16179.8 -20038.3 298.785 -78.4618 0.882645
806400 -16195.1 -20032.1 297.123 45.9395 0.883572
806500 -16185.6 -20034.1 298.015 178.956 0.884305
806600 -16136.1 -20046 302.762 194.272 0.883359
806700 -16130.9 -19994.5 299.181 123.304 0.880379
806800 -16188.3 -20043.5 298.535 -115.64 0.876225
806900 -16261.4 -20070.1 294.926 -386.151 0.873247
807000 -16260.4 -20059.5 294.191 -203.876 0.873875
807100 -16152 -20028 300.147 11.885 0.876651
807200 -16102.6 -20001.7 301.935 163.565 0.879021
807300 -16158.4 -20013.5 298.526 27.659 0.880103
807400 -16215.1 -20052.8 297.178 107.177 0.880836
807500 -16234.1 -20090.1 298.587 112.682 0.880595
807600 -16262 -20073.6 295.151 -41.4963 0.879181
807700 -16267.2 -20075.5 294.904 102.206 0.877741
807800 -16209.1 -20086.2 300.228 -51.1671 0.876004
807900 -16180.7 -20062.8 300.608 -121.662 0.874382
808000 -16220.6 -20032.1 295.146 -320.429 0.874165
808100 -16248.3 -20090.2 297.502 -59.7577 0.876804
808200 -16274.5 -20096 295.918 73.3519 0.880295
808300 -16281.9 -20139.5 298.72 175.281 0.882716
808400 -16308.5 -20141.5 296.818 21.8745 0.883564
808500 -16338.1 -20155.8 295.623 91.2768 0.884145
808600 -16315.1 -20148.5 296.843 147.643 0.883734
808700 -16222.7 -20083.2 298.943 21.2783 0.881824
808800 -16174.7 -20075.8 302.085 -130.483 0.879949
808900 -16224.4 -20079.5 298.52 -51.5973 0.879337
809000 -16271.9 -20120.2 297.991 -126.057 0.879581
809100 -16283.5 -20111.2 296.4 49.5278 0.880676
809200 -16258.4 -20095.5 297.131 -73.8601 0.8816
809300 -16216.4 -20096.9 300.492 -185.035 0.883196
809400 -16223.4 -20080.8 298.699 79.9449 0.886199
809500 -16305.8 -20146.7 297.423 279.65 0.888276
809600 -16380.1 -20184.5 294.601 97.9109 0.887795
809700 -16350.5 -20149.5 294.181 14.3066 0.886347
809800 -16248.5 -20093.4 297.735 -9.65056 0.884634
809900 -16218.6 -20085.3 299.421 -108.241 0.883331
810000 -16230.2 -20061.2 296.659 88.9836 0.88299
810100 -16229.3 -20092.6 299.159 32.9092 0.882107
810200 -16236.7 -20062.6 296.267 145.712 0.880739
810300 -16225.9 -20102.8 300.21 109.236 0.878319
810400 -16236.1 -20045.6 294.991 -35.836 0.875067
810500 -16185.6 -19999.6 295.343 -275.236 0.872805
810600 -16085 -19946.6 299.025 -181.506 0.873033
810700 -16064.8 -19944.8 300.452 5.40848 0.874685
810800 -16125.9 -20012.3 300.95 -104.611 0.876658
810900 -16208.9 -20031.6 296.02 -158.112 0.879161
811000 -16223 -20076 298.36 125.579 0.882517
811100 -16242 -20105.6 299.176 339.954 0.884436
811200 -16297.4 -20113.8 295.526 -37.0076 0.883328
811300 -16363 -20138 292.322 110.732 0.881954
811400 -16369.3 -20162.6 293.737 -204.291 0.880537
811500 -16262.1 -20087.6 296.23 122.455 0.880455
811600 -16183.2 -20035.9 298.332 209.632 0.87948
811700 -16157.3 -19992.9 297.019 -62.0426 0.876942
811800 -16110.9 -19942 296.666 -209.255 0.875264
811900 -16007.8 -19925.7 303.383 135.846 0.875271
812000 -16015.3 -19892.4 300.232 59.7952 0.874362
812100 -16059.7 -19933.2 299.949 -112.497 0.872823
812200 -16102.1 -19932.6 296.615 -209.983 0.872631
812300 -16118.6 -19971.8 298.376 263.02 0.873741
812400 -16165.8 -20016.1 298.157 -103.087 0.87324
812500 -16289.1 -20075.2 293.176 -90.174 0.873297
812600 -16290.9 -20093.4 294.45 -11.0316 0.87428
812700 -16210.4 -20048 297.168 -77.7412 0.875732
812800 -16157.3 -20048.9 301.348 47.4891 0.877644
812900 -16172.1 -20029.5 298.702 102.989 0.879102
813000 -16204.2 -20043.1 297.27 218.375 0.879521
813100 -16224.5 -20048.2 296.091 23.326 0.877886
813200 -16168.5 -19987.7 295.747 -235.823 0.876112
813300 -16059.3 -19939.5 300.467 31.0209 0.876352
813400 -16047.6 -19960.6 303.006 151.343 0.876418
813500 -16144.4 -20009.3 299.282 -104.156 0.875282
813600 -16213.4 -20054.3 297.424 104.59 0.874543
813700 -16237.9 -20073.2 296.995 -250.039 0.873429
813800 -16223.4 -20053.4 296.584 -235.263 0.874418
813900 -16125.3 -20024.4 301.933 166.797 0.877685
814000 -16093.6 -20002.5 302.692 232.052 0.879628
814100 -16173.9 -20050.2 300.166 39.1612 0.879498
814200 -16241.2 -20101.3 298.914 141.943 0.878583
814300 -16255.9 -20074.4 295.692 -93.8298 0.876479
814400 -16210 -20044.2 296.912 -191.212 0.875142
814500 -16132.9 -20012.7 300.436 42.0775 0.875468
814600 -16115.4 -20001.9 300.96 177.003 0.875506
814700 -16223.8 -20020.5 294.003 -168.477 0.8741
814800 -16280.4 -20083 294.462 -42.9442 0.873562
814900 -16228.1 -20068.5 297.383 20.0487 0.873793
815000 -16170 -20046.8 300.208 -79.0856 0.874053
815100 -16186.8 -20067.2 300.484 64.3526 0.875005
815200 -16219 -20067.9 298.047 199.773 0.875414
815300 -16231.5 -20071.6 297.358 -103.578 0.874354
815400 -16221.9 -20049 296.356 80.8445 0.873257
815500 -16135.5 -20003.4 299.513 46.2079 0.871236
815600 -16049.9 -19967.5 303.36 -35.027 0.868211
815700 -16055.4 -19893.1 297.179 -437.495 0.86536
815800 -16064.7 -19942.1 300.25 -163.783 0.86613
815900 -16114 -19961.4 297.926 -122.101 0.869225
816000 -16177.2 -20045 299.502 -93.5734 0.873727
816100 -16253.1 -20099.4 297.838 90.0871 0.879115
816200 -16277.1 -20091.1 295.344 160.59 0.88354
816300 -16232.2 -20063.5 296.679 182.42 0.886038
816400 -16177.4 -20061.6 300.776 440.66 0.886121
816500 -16195.2 -20056.7 299.022 114.64 0.882641
816600 -16286.9 -20113.8 296.345 104.681 0.877996
816700 -16357.7 -20164.9 294.81 -27.9423 0.873219
816800 -16347.5 -20175.9 296.451 -138.267 0.869496
816900 -16310.6 -20110 294.208 -277.236 0.86785
817000 -16262.9 -20070.6 294.856 -47.5984 0.868637
817100 -16194.9 -20074 300.386 -124.724 0.870084
817200 -16183.3 -20030.3 297.896 134.406 0.871996
817300 -16187.5 -20034.1 297.869 102.09 0.872892
817400 -16158.4 -20004.3 297.813 110.903 0.872551
817500 -16113.1 -20027 303.078 -171.954 0.871598
817600 -16157.9 -19979.5 295.926 -83.7021 0.871963
817700 -16197 -20023.1 296.281 -63.3939 0.87325
817800 -16181.2 -19990.8 295.001 -1.04289 0.874961
817900 -16068.8 -19937.4 299.568 137.327 0.876577
818000 -16036.5 -19946.8 302.803 146.659 0.876991
818100 -16127.1 -20022 301.601 -87.372 0.87613
818200 -16194.7 -20016 295.91 -39.6992 0.875698
818300 -16184.5 -19998.3 295.33 -65.6053 0.87594
818400 -16101.4 -19952.4 298.208 -14.2007 0.876611
818500 -16051.4 -19929.4 300.296 254.155 0.877138
818600 -16064.4 -19915.8 298.237 67.9112 0.875759
818700 -16085.7 -19954.4 299.584 -67.9174 0.873703
818800 -16141.6 -20017.5 300.133 -60.7042 0.872064
818900 -16223.8 -20044.8 295.885 -46.7226 0.870974
819000 -16227.4 -20048.6 295.896 -153.543 0.870683
819100 -16186.7 -20031.1 297.696 -236.167 0.871996
819200 -16134.5 -20020.7 300.93 82.4422 0.875271
819300 -16148.8 -19996.5 297.949 174.851 0.877951
819400 -16209.5 -20018.8 294.983 135.8 0.879075
819500 -16268.8 -20082.2 295.296 -193.007 0.879098
819600 -16320.1 -20127.5 294.833 -107.884 0.880586
819700 -16303.9 -20117.8 295.338 228.01 0.882912
819800 -16193.9 -20028.1 296.904 116.768 0.883295
819900 -16142.2 -20022.4 300.467 -63.582 0.882653
820000 -16143.6 -19958.9 295.442 243.348 0.882316
820100 -16075.9 -19916.6 297.407 205.217 0.879862
820200 -15986.8 -19910.6 303.851 -81.5316 0.875466
820300 -16013.4 -19883.8 299.713 -313.308 0.871986
820400 -16053.9 -19893.4 297.31 -220.972 0.871377
820500 -16074.7 -19927.4 298.342 9.16392 0.873045
820600 -16132.7 -19962.9 296.59 -3.78329 0.874788
820700 -16240.7 -20022.9 292.883 57.1966 0.876226
820800 -16236.5 -20070.4 296.885 227.521 0.877061
820900 -16189.9 -20050.8 298.974 108.49 0.875677
821000 -16113.1 -19985.5 299.868 -234.375 0.873755
821100 -16006.5 -19920.4 303.081 12.1149 0.873782
821200 -16028.6 -19902.1 299.945 29.474 0.873784
821300 -16078.6 -19910.4 296.72 -30.0253 0.873589
821400 -16100.3 -19971.8 299.799 -55.1939 0.873536
821500 -16220.5 -20031.9 295.139 -151.572 0.874161
821600 -16291.8 -20098.2 294.753 -22.3967 0.876042
821700 -16255.5 -20081.1 296.24 170.603 0.877918
821800 -16193.7 -20091.8 301.856 55.976 0.878409
821900 -16209.1 -20067.1 298.753 62.9251 0.878128
822000 -16310.9 -20103.3 293.672 53.8801 0.877186
822100 -16363.5 -20169.1 294.689 -214.338 0.876105
822200 -16320 -20154.4 296.917 62.8935 0.876639
822300 -16192.7 -20091.1 301.875 173.75 0.876721
822400 -16161.4 -20019.1 298.728 129.737 0.875252
822500 -16189.8 -20053.9 299.225 4.13864 0.872753
822600 -16240.6 -20070 296.537 -30.4226 0.870273
822700 -16274.5 -20076.9 294.438 -37.9791 0.86847
822800 -16234.4 -20069.9 297 15.8997 0.867042
822900 -16134.1 -19978.5 297.696 -31.1333 0.86556
823000 -16071 -19938.2 299.464 -115.099 0.864649
823100 -16059.4 -19932 299.877 -266.176 0.865183
823200 -16122.4 -19968.1 297.793 1.0237 0.867595
823300 -16242.9 -20064.6 295.94 5.07718 0.870082
823400 -16259.1 -20084.1 296.188 6.92094 0.87225
823500 -16248.5 -20160.5 302.928 -23.9108 0.874267
823600 -16340.1 -20158.8 295.704 103.105 0.875728
823700 -16393.4 -20205.9 295.229 -46.5598 0.876527
823800 -16358.7 -20171.6 295.255 104.7 0.87744
823900 -16309.7 -20163.6 298.429 134.352 0.877319
824000 -16288.2 -20142 298.426 129.391 0.875851
824100 -16278.5 -20145.8 299.469 -199.282 0.873914
824200 -16304.7 -20136.6 296.729 166.789 0.873247
824300 -16336.6 -20126.5 293.477 44.1183 0.871645
824400 -16278.6 -20109.4 296.647 -273.884 0.870048
824500 -16193.5 -20060.9 299.475 -36.2341 0.870609
824600 -16177.1 -20013.3 297.06 -91.5191 0.871983
824700 -16148 -20013.3 299.316 120.477 0.873925
824800 -16067.1 -19994.4 304.112 443.946 0.874199
824900 -16055.2 -19965.5 302.804 -224.803 0.8712
825000 -16163.9 -20011.9 297.975 -160.414 0.869768
825100 -16217.4 -20035.4 295.651 -35.065 0.870112
825200 -16207.4 -20065.5 298.757 184.487 0.870487
825300 -16172.9 -20012.1 297.288 -56.1694 0.869625
825400 -16065.4 -19948.1 300.668 59.9629 0.868897
825500 -16024.5 -19906.4 300.598 -90.2846 0.867817
825600 -16060.7 -19936 300.091 -36.6212 0.86737
825700 -16155.2 -19999.2 297.659 -80.434 0.867676
825800 -16189.4 -20011.9 296.005 1.15716 0.868441
825900 -16157.2 -19978.3 295.894 65.9957 0.869379
826000 -16097.9 -19994 301.694 318.127 0.869502
826100 -16119.6 -19980.4 298.964 -101.147 0.867095
826200 -16213.4 -20018.7 294.662 -309.597 0.865446
826300 -16237.6 -20027.1 293.449 -199.582 0.866706
826400 -16119.2 -20030.9 302.91 239.055 0.869648
826500 -16073.6 -19964.6 301.303 76.3456 0.870892
826600 -16113.3 -19992 300.35 -84.0951 0.871289
826700 -16189.5 -20024.5 296.968 57.6192 0.87206
826800 -16231.4 -20064.5 296.818 -237.21 0.872969
826900 -16240.5 -20077.7 297.139 275.949 0.875397
827000 -16189.4 -20018.3 296.49 247.51 0.875685
827100 -16090.5 -19991 302.044 186.975 0.87334
827200 -16096.4 -19946.4 298.129 -145.469 0.869418
827300 -16137.9 -19977.8 297.346 -213.06 0.866784
827400 -16190.9 -19996.8 294.716 -277.773 0.866514
827500 -16234.4 -20036.4 294.416 -5.43064 0.868545
827600 -16217.2 -20055.9 297.256 -108.574 0.871192
827700 -16139.1 -19997.2 298.762 191.265 0.874197
827800 -16088.2 -20000 302.912 53.0847 0.87581
827900 -16157 -20015 298.749 212.053 0.87628
828000 -16229.2 -20057.9 296.474 -136.171 0.875383
828100 -16214.4 -20011.1 294.006 -127.666 0.875245
828200 -16135.3 -19980.6 297.767 -45.4798 0.876396
828300 -16092.3 -19944 298.268 149.323 0.878103
828400 -16093 -19978.7 300.895 101.973 0.878452
828500 -16175.9 -20017.4 297.475 16.19 0.877511
828600 -16261.3 -20036.2 292.315 -180.445 0.876571
828700 -16221.8 -20040.2 295.682 -48.7037 0.877242
828800 -16163.5 -20013.9 298.16 13.0233 0.878607
828900 -16119.2 -19974.7 298.555 29.2271 0.879832
829000 -16073.2 -19973.7 302.039 -26.6962 0.880797
829100 -16107.9 -19999.4 301.344 231.136 0.881603
829200 -16226.3 -20079 298.343 -28.2365 0.880869
829300 -16304.4 -20165.7 299.004 148.784 0.879623
829400 -16358.4 -20129.9 292.047 -218.456 0.877601
829500 -16284.7 -20080 293.893 12.1145 0.877393
829600 -16214.7 -20061.4 297.875 253.447 0.876953
829700 -16176.4 -20003 296.318 -15.5866 0.874225
829800 -16092.9 -19911.5 295.694 -241.087 0.871667
829900 -16024.5 -19920.4 301.685 -31.2412 0.871008
830000 -16070.3 -20000.2 304.32 -77.0106 0.87098
830100 -16156.6 -19978.5 295.954 21.9865 0.871477
830200 -16153.3 -19982.7 296.535 -34.4121 0.872212
830300 -16102.6 -19978.9 300.164 -106.209 0.873218
830400 -16090.8 -19957.6 299.43 3.01714 0.875238
830500 -16174.5 -20002.9 296.45 75.1248 0.877667
830600 -16252.8 -20035.8 292.945 63.4268 0.879509
830700 -16213.2 -20036.2 296.038 69.5968 0.880775
830800 -16161.9 -20057 301.621 294.597 0.881149
830900 -16183.4 -20032.7 298.07 23.299 0.879154
831000 -16200.3 -20054.3 298.443 -24.3032 0.876245
831100 -16203.4 -20001.4 294.099 -229.385 0.873374
831200 -16097.7 -20010.5 302.991 -82.4708 0.872348
831300 -16070.2 -19973.3 302.241 -39.5688 0.872404
831400 -16122.9 -19957.3 296.921 -23.2184 0.872653
831500 -16146.6 -19996.1 298.085 -11.1231 0.873402
831600 -16156.9 -20014.4 298.707 200.927 0.874116
831700 -16151.6 -19953.8 294.424 -274.339 0.873482
831800 -16112.3 -19988 300.115 43.1923 0.874862
831900 -16132.1 -20026 301.532 227.941 0.876411
832000 -16241.1 -20071.7 296.629 -44.1527 0.876056
832100 -16254.1 -20042.2 293.338 98.6114 0.875692
832200 -16188.4 -20050.6 299.069 300.964 0.873884
832300 -16133.2 -19958.3 296.204 -262.955 0.869553
832400 -16047.3 -19887.1 297.338 -25.5627 0.866531
832500 -15997 -19866.6 299.649 -260.923 0.864466
832600 -16010.2 -19878.5 299.544 -32.5561 0.864462
832700 -16039.8 -19881 297.451 -32.3904 0.865194
832800 -16046.5 -19875.1 296.474 27.4829 0.866211
832900 -16044.2 -19938.9 301.589 39.0583 0.867232
833000 -16080.3 -19971.6 301.328 216.155 0.867351
833100 -16144 -19964.9 295.872 3.30009 0.865589
833200 -16153.3 -19962.5 294.969 -174.848 0.863881
833300 -16065.7 -19917.5 298.274 -79.6903 0.863543
833400 -15998.3 -19901.6 302.257 247.326 0.863543
833500 -16041.5 -19906.1 299.261 -162.59 0.861801
833600 -16069.8 -19896.1 296.299 -151.311 0.861379
833700 -16059.1 -19917.1 298.75 -18.6941 0.862508
833800 -16086.4 -19938.4 298.281 -141.535 0.864143
833900 -16159.9 -19925 291.553 63.832 0.867032
834000 -16124.8 -19980.3 298.554 170.832 0.869636
834100 -16065 -19952.9 301.061 0.533379 0.870918
834200 -16079.5 -19939.2 298.887 -54.3071 0.872102
834300 -16182.6 -19986.7 294.578 -98.6654 0.873897
834400 -16212.3 -20024.9 295.23 12.0238 0.876636
834500 -16160.6 -20028.9 299.551 360.821 0.879169
834600 -16071.7 -19940.9 299.616 216.895 0.878497
834700 -15966.9 -19888.2 303.65 21.0647 0.875266
834800 -15985 -19888.6 302.279 11.5407 0.871905
834900 -16043.4 -19908.8 299.32 -119.833 0.86881
835000 -16100.8 -19979.1 300.32 -131.993 0.866852
835100 -16158.8 -19972.8 295.346 -215.672 0.866394
835200 -16143.4 -19964.7 295.901 -111.545 0.867839
835300 -16081.9 -19960.7 300.357 -13.165 0.870456
835400 -16000.7 -19912 302.882 87.6299 0.873211
835500 -15909 -19844.4 304.742 185.48 0.874884
835600 -15979.5 -19890.6 302.863 65.0023 0.874794
835700 -16066.7 -19914.8 297.986 68.0036 0.874091
835800 -16117 -19987.6 299.717 65.6877 0.872586
835900 -16186.3 -20017.8 296.693 -262.413 0.870655
836000 -16210 -20008.5 294.143 -95.5357 0.871113
836100 -16121.6 -19996.7 300.068 53.756 0.872754
836200 -16032.1 -19940.4 302.647 -132.316 0.874026
836300 -16061.9 -19942.4 300.492 110.486 0.876262
836400 -16133.8 -20004.8 299.758 190.853 0.877685
836500 -16193.5 -20057.1 299.182 -16.9678 0.87741
836600 -16228.3 -20064 297.021 -108.387 0.877179
836700 -16221.5 -20041.1 295.776 20.6727 0.877825
836800 -16140.1 -20034 301.528 11.7981 0.878561
836900 -16033.2 -19997.7 306.996 235.742 0.878848
837000 -16085.9 -19987.3 302.108 -33.5252 0.877151
837100 -16138.7 -19980.2 297.468 5.00384 0.874645
837200 -16141.9 -19956.5 295.392 -348.444 0.87237
837300 -16080.6 -19967.3 300.97 60.0783 0.872623
837400 -16071.3 -19951.3 300.455 -48.3247 0.873025
837500 -16171.4 -20004.9 296.848 -149.131 0.873984
837600 -16254.5 -20070.6 295.501 208.728 0.876529
837700 -16251.1 -20077.3 296.288 9.34666 0.878375
837800 -16230.4 -20095.1 299.264 121.634 0.880193
837900 -16220.7 -20068.9 297.993 116.237 0.881162
838000 -16191.1 -20065.2 299.999 90.6069 0.880829
838100 -16164.5 -20053.5 301.146 5.68982 0.879445
838200 -16204.7 -20044.8 297.363 30.6861 0.877664
838300 -16260.2 -20065.8 294.692 -409.167 0.876127
838400 -16239 -20054.6 295.466 186.493 0.877314
838500 -16129 -20000.4 299.78 360.119 0.877375
838600 -16090.2 -19962.7 299.871 -4.60122 0.874244
838700 -16119.1 -19999.4 300.474 -329.045 0.870816
838800 -16186.6 -20035 298.003 -315.917 0.870196
838900 -16207.5 -20032.1 296.167 88.9705 0.87224
839000 -16198.6 -20059.2 298.954 114.694 0.874113
839100 -16194.6 -20035.3 297.403 30.1417 0.875064
839200 -16188.2 -20079.4 301.316 103.873 0.875381
839300 -16280.4 -20123.5 297.599 -176.187 0.87513
839400 -16343.5 -20155.8 295.212 -146.649 0.876268
839500 -16315.3 -20138.1 296.019 -14.3475 0.879038
839600 -16234.4 -20101.2 299.428 121.709 0.882267
839700 -16175.5 -20024.9 298.085 392.086 0.884492
839800 -16089.6 -20018.7 304.248 8.15691 0.883554
839900 -15995.7 -19939.6 305.402 55.5046 0.881705
840000 -16073.7 -19928.7 298.511 -155.254 0.879579
840100 -16172.7 -20026.5 298.417 0.139913 0.878369
840200 -16208.2 -20058.7 298.166 -113.063 0.877413
840300 -16222.2 -20002.9 292.764 -60.9533 0.877584
840400 -16139.4 -20034.6 301.626 223.758 0.878204
840500 -16133.4 -20003.4 299.675 -33.6056 0.876948
840600 -16163.8 -20001.7 297.193 -117.032 0.875704
840700 -16179.4 -20020.5 297.438 18.9218 0.875326
840800 -16218 -20038.5 295.849 -258.677 0.875252
840900 -16248.4 -20043.8 293.904 11.2999 0.877303
841000 -16199 -20042.1 297.598 224.507 0.879674
841100 -16130.1 -20009.3 300.391 229.758 0.880009
841200 -16117.6 -19981.6 299.221 10.7278 0.878335
841300 -16177.5 -20020.6 297.594 -120.055 0.87613
841400 -16266.7 -20053.2 293.214 -10.2697 0.874424
841500 -16255.6 -20068.8 295.279 -60.7422 0.873031
841600 -16157.6 -20073.6 303.235 -215.216 0.872584
841700 -16133.4 -20047.3 303.081 -79.6027 0.874047
841800 -16176.5 -20025.6 298.061 69.8967 0.876309
841900 -16183.8 -20028.7 297.735 131.107 0.878102
842000 -16193.1 -20047.1 298.436 36.6614 0.878993
842100 -16221.6 -20028.9 294.821 84.588 0.879427
842200 -16192.4 -20053.6 298.992 224.78 0.878871
842300 -16123.6 -20015.4 301.362 87.545 0.875992
842400 -16120.7 -19990.8 299.686 -109.511 0.872096
842500 -16210.7 -20039.7 296.501 -173.266 0.869019
842600 -16276.9 -20097.7 295.866 -398.055 0.86788
842700 -16278.2 -20115.5 297.148 -152.635 0.8703
842800 -16277.2 -20169.3 301.39 96.9975 0.874535
842900 -16299.7 -20126.7 296.352 -25.2856 0.8781
843000 -16283.2 -20136.2 298.364 459.914 0.881069
843100 -16282.7 -20159.1 300.176 238.732 0.88
843200 -16357.9 -20147.1 293.423 -59.7424 0.876644
843300 -16375.7 -20155.4 292.687 -25.2713 0.874056
843400 -16266.6 -20154.9 301.09 -267.233 0.872197
843500 -16259.9 -20123.7 299.199 -53.8549 0.872444
843600 -16270.4 -20092.6 295.981 -201.358 0.873814
843700 -16211.2 -20038.9 296.405 66.188 0.876586
843800 -16110.8 -20007 301.707 -4.33092 0.878965
843900 -16124.2 -20017.6 301.488 38.5202 0.881144
844000 -16189.4 -20053.4 299.212 329.47 0.882569
844100 -16246.2 -20108 299.041 -5.72099 0.881148
844200 -16292.5 -20141.1 298.023 13.5686 0.879463
844300 -16320.6 -20173.2 298.327 -69.4037 0.878045
844400 -16324.1 -20142.5 295.681 -126.596 0.87723
844500 -16295.3 -20151.6 298.612 75.9254 0.877219
844600 -16280 -20108.5 296.465 -59.6361 0.877043
844700 -16224.5 -20090.6 299.376 63.0101 0.877111
844800 -16110.8 -20031.3 303.592 143.46 0.876509
844900 -16105 -20034.4 304.277 213.246 0.874511
845000 -16188.5 -20063.9 300.096 -117.069 0.870811
845100 -16230.1 -20078 297.962 -162.186 0.86805
845200 -16264.9 -20105.4 297.394 -159.201 0.867307
845300 -16301.1 -20118.9 295.634 -179.287 0.868176
845400 -16285.3 -20090.9 294.693 -4.81625 0.870571
845500 -16181.1 -20044.6 299.172 151.151 0.872742
845600 -16128.6 -20000.3 299.814 25.5409 0.873833
845700 -16149.2 -20063.4 303.098 93.6394 0.874509
845800 -16263 -20121.4 298.78 59.5917 0.874285
845900 -16308.4 -20176.6 299.54 -21.5262 0.873416
846000 -16354.5 -20155.5 294.331 -101.414 0.87273
846100 -16324.4 -20139.5 295.427 6.67853 0.873012
846200 -16218.6 -20087.5 299.595 -66.8022 0.87356
846300 -16199.1 -20080.8 300.58 -36.3945 0.874647
846400 -16231.8 -20051.1 295.758 -14.2191 0.876174
846500 -16216 -20055.3 297.298 294.986 0.877442
846600 -16113.9 -19993.6 300.429 -94.0687 0.876676
846700 -16038.7 -19945.6 302.528 62.0154 0.876133
846800 -16083 -19993.9 302.844 -136.705 0.875542
846900 -16158.4 -20032 299.959 -60.3928 0.87586
847000 -16204.3 -20057.6 298.383 152.71 0.876639
847100 -16245.1 -20076.6 296.69 -31.0834 0.876334
847200 -16276.6 -20099.4 296.024 -274.249 0.876393
847300 -16282.7 -20110.5 296.412 316.852 0.87837
847400 -16241.9 -20093.6 298.258 80.7969 0.878349
847500 -16172.4 -20021.5 298.066 10.3341 0.877147
847600 -16110.8 -20002.8 301.385 18.1866 0.875662
847700 -16134.4 -19999.6 299.308 44.2762 0.873563
847800 -16252.3 -20061.8 294.993 -218.383 0.871467
847900 -16290.5 -20107.6 295.579 93.4409 0.870776
848000 -16245.5 -20070.3 296.172 -86.0637 0.869488
848100 -16170.8 -20012.9 297.512 7.15383 0.868667
848200 -16130.5 -20004.8 300.012 -179.739 0.86822
848300 -16148.9 -20025.1 300.156 -3.67413 0.869181
848400 -16189 -20030.1 297.434 -22.6098 0.870368
848500 -16206.7 -20041.5 296.951 -196.392 0.872289
848600 -16168.1 -20028.2 298.91 42.9426 0.876018
848700 -16068 -20009.5 305.213 289.841 0.879743
848800 -16119.4 -20026.3 302.535 270.054 0.881197
848900 -16213.1 -20057.1 297.666 280.557 0.87969
849000 -16232.4 -20044.4 295.185 -264.385 0.876013
849100 -16187.3 -20075.2 301.068 -106.543 0.873834
849200 -16183.5 -20054.1 299.726 -196.515 0.873037
849300 -16270.9 -20057.8 293.243 -281.568 0.874431
849400 -16294.4 -20121 296.321 46.0309 0.878352
849500 -16256.2 -20143.3 300.997 280.061 0.88188
849600 -16220.4 -20123.6 302.244 55.0562 0.883192
849700 -16277.5 -20112 296.927 118.334 0.883449
849800 -16353.8 -20181.4 296.396 69.5652 0.882634
849900 -16387.9 -20192.4 294.607 -200.35 0.881657
850000 -16313.5 -20203.7 301.245 275.46 0.881623
850100 -16234.6 -20129.8 301.626 112.376 0.879517
850200 -16256.6 -20095.6 297.283 -51.9724 0.876138
850300 -16263.2 -20113.1 298.124 -150.512 0.873283
850400 -16239.4 -20094.8 298.548 -223.477 0.87187
850500 -16203.2 -20089.1 300.909 -113.434 0.872649
850600 -16222.4 -20073.9 298.249 -8.84507 0.874777
850700 -16262.8 -20089.1 296.299 -36.2047 0.877132
850800 -16273.7 -20118 297.687 57.3005 0.879707
850900 -16292.9 -20150 298.676 350.279 0.881337
851000 -16354.7 -20163.4 294.927 80.9298 0.880114
851100 -16380.3 -20169.8 293.445 -102.389 0.877938
851200 -16280.1 -20089.4 294.979 -70.1063 0.87637
851300 -16190.4 -20009.8 295.765 -257.866 0.875955
851400 -16129.4 -20003.3 299.978 179.891 0.877582
851500 -16116.7 -19970.3 298.407 159.485 0.87796
851600 -16140.3 -20003.1 299.123 -76.0808 0.876739
851700 -16227.1 -20051 296.106 -72.7464 0.876098
851800 -16300.4 -20120.5 295.817 -42.2123 0.876177
851900 -16306 -20097.1 293.567 -16.2745 0.876689
852000 -16189.2 -20045.1 298.584 -46.7868 0.877434
852100 -16179.1 -20092.9 303.073 191.189 0.878432
852200 -16274.8 -20140.6 299.354 -35.5869 0.878309
852300 -16336.2 -20124.7 293.368 77.1752 0.877817
852400 -16284.1 -20121.4 297.146 -56.6811 0.876749
852500 -16220.9 -20097.3 300.176 -50.539 0.876018
852600 -16226.6 -20070.1 297.622 70.1325 0.875691
852700 -16256.9 -20091.4 296.928 -185.789 0.875407
852800 -16308.7 -20089.5 292.775 -17.8517 0.876382
852900 -16272.7 -20113.3 297.406 27.3463 0.877924
853000 -16193.2 -20048.1 298.505 197.91 0.879174
853100 -16147.5 -20046 301.884 46.3406 0.878538
853200 -16200.8 -20058.8 298.746 -109.04 0.877329
853300 -16295.5 -20079.5 293.015 -12.5633 0.876992
853400 -16282.2 -20115.4 296.829 -97.9608 0.876941
853500 -16250.8 -20081.1 296.608 176.379 0.877552
853600 -16195.8 -20056.1 298.931 -67.1179 0.877027
853700 -16123.5 -20003.4 300.442 -198.48 0.876773
853800 -16064.2 -19994.2 304.331 230.551 0.878151
853900 -16125 -20005.6 300.499 64.3266 0.878135
854000 -16222.1 -20015.1 293.714 -172.696 0.877256
854100 -16199.7 -20032.1 296.77 15.0349 0.877675
854200 -16141 -20027.1 300.924 250.998 0.877797
854300 -16146.5 -20015 299.563 -103.633 0.875959
854400 -16245.4 -20083.7 297.224 -90.8565 0.874711
854500 -16309.8 -20059.1 290.333 39.7108 0.874137
854600 -16230.7 -20055.5 296.175 -210.779 0.873563
854700 -16172.3 -20008.9 297.091 -42.9093 0.874602
854800 -16141.1 -20037.7 301.741 161.528 0.876516
854900 -16189.6 -20026.2 297.087 59.9529 0.877022
855000 -16270.9 -20074 294.496 -61.6019 0.876782
855100 -16289.3 -20100.4 295.119 -196.575 0.877416
855200 -16210.2 -20072.9 299.116 184.207 0.879658
855300 -16141 -20044.2 302.243 267.986 0.880577
855400 -16177.8 -20047.6 299.666 -87.9418 0.879113
855500 -16247.8 -20026.3 292.595 -73.4064 0.877993
855600 -16218.1 -20037.7 295.774 58.4859 0.877451
855700 -16102.2 -19999.9 301.827 18.0367 0.876542
855800 -16101.7 -19998.9 301.782 197.252 0.875149
855900 -16166.4 -19991.5 296.202 2.90014 0.871948
856000 -16194.6 -20027.6 296.808 -81.5091 0.868252
856100 -16171.1 -20010.1 297.284 -138.688 0.865253
856200 -16064.9 -19969.7 302.372 -228.503 0.86355
856300 -16048.1 -19917 299.591 -231.58 0.864127
856400 -16105.3 -19973.9 299.575 -59.4035 0.86708
856500 -16185.9 -20010.8 296.18 181.021 0.870654
856600 -16208.4 -20045.3 297.117 396.882 0.872286
856700 -16194.9 -20013.1 295.664 11.9052 0.87056
856800 -16146.3 -19997.4 298.216 30.4207 0.868356
856900 -16095.5 -19959.9 299.24 -164.623 0.866223
857000 -16060.3 -19937.5 300.233 -196.061 0.865728
857100 -16011.6 -19919.3 302.594 63.3721 0.86678
857200 -16043.3 -19934.6 301.323 111.494 0.86722
857300 -16146.7 -20020.6 299.982 -129.393 0.866938
857400 -16206.9 -20041 296.897 -305.633 0.868043
857500 -16231.1 -20084.6 298.4 83.6742 0.871668
857600 -16261 -20080.7 295.79 -37.4796 0.875085
857700 -16284.3 -20123.9 297.325 -122.882 0.878477
857800 -16308.2 -20131.2 296.039 206.905 0.882656
857900 -16305.7 -20148.6 297.585 578.873 0.884394
858000 -16284.4 -20135.9 298.243 189.732 0.881187
858100 -16219.7 -20057.4 297.178 133.51 0.876511
858200 -16129.4 -19987.5 298.751 -285.901 0.872266
858300 -16082.6 -19948.2 299.341 -247.309 0.871434
858400 -16084.7 -19958.1 299.942 140.804 0.872564
858500 -16127.7 -19998.8 299.762 60.4079 0.872649
858600 -16163.2 -20029.1 299.355 130.871 0.871839
858700 -16187.4 -20005.6 295.672 13.8476 0.870279
858800 -16163.2 -20005.6 297.538 -273.501 0.86922
858900 -16105.1 -20022 303.307 -112.88 0.870293
859000 -16161.6 -20031.7 299.688 -111.098 0.872476
859100 -16260.1 -20088.2 296.434 152.721 0.875239
859200 -16270 -20094.3 296.138 130.017 0.876822
859300 -16226.3 -20048.6 295.984 61.4658 0.876875
859400 -16145.8 -19998.7 298.354 83.9287 0.876131
859500 -16114.8 -19966.6 298.269 4.56883 0.874888
859600 -16122.1 -20003.3 300.544 -130.997 0.873883
859700 -16154.4 -19994.4 297.349 96.5068 0.873518
859800 -16179.6 -20029 298.08 -164.346 0.872927
859900 -16272.8 -20063.8 293.56 -35.777 0.87352
860000 -16331 -20100.8 291.918 51.2605 0.874552
860100 -16255.4 -20056.7 294.365 24.1964 0.875044
860200 -16176.4 -20010 296.858 -202.388 0.87558
860300 -16139.3 -20025.6 300.947 149.238 0.877465
860400 -16191.9 -20073.3 300.566 296.402 0.878209
860500 -16261.6 -20069 294.833 -99.7329 0.876529
860600 -16251.5 -20079.9 296.453 -67.7053 0.875397
860700 -16207.9 -20013.4 294.68 -59.735 0.875354
860800 -16142 -20024.1 300.614 62.6103 0.875451
860900 -16138.2 -19947.5 294.976 -170.266 0.875196
861000 -16094.8 -19953.7 298.822 127.628 0.876299
861100 -16060.9 -19947 300.929 -7.3306 0.876905
861200 -16126.5 -19960.1 296.859 -15.4137 0.877032
861300 -16219.7 -20010.6 293.551 -53.6819 0.877525
861400 -16187 -19972.6 293.144 -31.1866 0.878701
861500 -16113.2 -19997 300.747 112.858 0.880219
861600 -16149.6 -20059 302.734 233.788 0.880856
861700 -16233.7 -20077.9 297.683 -126.435 0.879448
861800 -16264 -20075.6 295.158 -44.8268 0.878561
861900 -16219.6 -20089.8 299.699 -88.5239 0.878273
862000 -16175.8 -20069.7 301.522 91.3457 0.878577
862100 -16256.3 -20088.7 296.767 43.3369 0.87844
862200 -16335.8 -20135.3 294.221 -21.764 0.877619
862300 -16313.7 -20143.1 296.529 -125.503 0.877097
862400 -16229.6 -20092.8 299.148 117.294 0.877474
862500 -16169.5 -20023.1 298.408 164.815 0.876682
862600 -16156.9 -20011.8 298.51 18.0948 0.874141
862700 -16149.6 -19959.4 295.014 -223.369 0.871372
862800 -16101.1 -19948.9 297.959 -186.401 0.870342
862900 -16092 -20010.2 303.415 109.948 0.870955
863000 -16161.5 -20029.1 299.49 -125.318 0.871194
863100 -16199.8 -20050.7 298.199 -249.313 0.872684
863200 -16227 -20081.1 298.447 76.4079 0.876526
863300 -16266.2 -20088.6 295.987 135.153 0.879722
863400 -16346.2 -20192.9 297.869 32.8617 0.881991
863500 -16433.5 -20227.2 293.768 292.659 0.88341
863600 -16423.8 -20249.1 296.221 -4.64376 0.882527
863700 -16345.5 -20191.9 297.852 39.1362 0.881225
863800 -16275.8 -20153 300.236 -136.323 0.879915
863900 -16270.8 -20106.9 297.053 43.833 0.879374
864000 -16253.2 -20095.4 297.53 -119.578 0.878853
864100 -16221.4 -20110.4 301.152 166.288 0.878982
864200 -16258.5 -20131.8 299.937 -193.874 0.878308
864300 -16349.4 -20145.5 293.959 -101.488 0.878755
864400 -16350.5 -20180.5 296.586 130.916 0.880434
864500 -16296.5 -20161.4 299.283 231.152 0.881052
864600 -16181.5 -20048.2 299.427 10.2471 0.879408
864700 -16133 -20039.6 302.515 -69.5579 0.877346
864800 -16185.5 -20045.6 298.913 -288.339 0.876356
864900 -16226.3 -20080.6 298.46 -4.33376 0.877749
865000 -16258 -20103.4 297.77 278.905 0.879282
865100 -16275.3 -20099.7 296.143 -25.4717 0.878602
865200 -16215.5 -20067.7 298.299 12.0988 0.877719
865300 -16131.7 -20043.2 302.89 2.33532 0.876873
865400 -16178.6 -20061.7 300.691 -100.614 0.87579
865500 -16274.3 -20118.8 297.702 -144.226 0.875402
865600 -16305 -20111.1 294.733 -148.778 0.876705
865700 -16262.1 -20130.9 299.583 218.748 0.879742
865800 -16245.4 -20123.1 300.276 484.933 0.880795
865900 -16333.1 -20142.4 294.974 -263.105 0.877768
866000 -16386.7 -20144.7 291.008 -134.931 0.876069
866100 -16297.5 -20117.6 295.816 -190.352 0.876171
866200 -16232.2 -20092.7 298.941 158.48 0.877801
866300 -16243 -20099.7 298.645 117.896 0.878456
866400 -16271.3 -20082 295.085 -180.163 0.878174
866500 -16201 -20056.1 298.528 60.6235 0.879117
866600 -16105.4 -19978 299.88 70.4123 0.879763
866700 -16095.8 -19989.1 301.486 -55.1036 0.879577
866800 -16170.4 -20067.5 301.774 6.01986 0.880044
866900 -16242.1 -20090.9 298.032 33.3922 0.880594
867000 -16260.8 -20110.5 298.102 -253.249 0.88111
867100 -16267.1 -20070.4 294.511 -35.3441 0.883486
867200 -16184.9 -20027.2 297.533 -58.6394 0.886987
867300 -16136.8 -20082.6 305.55 287.561 0.890691
867400 -16220.9 -20084.9 299.214 186.491 0.89192
867500 -16278.4 -20127.9 298.094 288.092 0.89095
867600 -16318.6 -20146.6 296.426 -23.9689 0.887618
867700 -16311.5 -20140.6 296.512 -54.7043 0.884233
867800 -16204.8 -20084.1 300.401 48.8823 0.881413
867900 -16144.1 -20022.2 300.309 112.352 0.87821
868000 -16157.9 -20005.2 297.92 -220.748 0.874766
868100 -16189.8 -20008.1 295.676 -372.005 0.873592
868200 -16227.9 -20086.3 298.779 -154.58 0.875768
868300 -16309.1 -20154.3 297.759 61.9477 0.879328
868400 -16370.4 -20170.6 294.279 -49.6996 0.882273
868500 -16333.7 -20141.8 294.882 253.198 0.884773
868600 -16235.4 -20110.3 300.056 202.916 0.885131
868700 -16217.2 -20063.3 297.829 105.959 0.883273
868800 -16208.2 -20051.7 297.623 73.4028 0.880586
868900 -16181.2 -20065.6 300.795 -32.4749 0.877736
869000 -16198.8 -20084.5 300.89 -174.019 0.875483
869100 -16291.6 -20102.3 295.087 -230.567 0.875127
869200 -16289.4 -20066.1 292.452 99.1967 0.876592
869300 -16198.8 -20033.7 296.959 173.768 0.87709
869400 -16154.6 -20003.2 298.022 -259.908 0.87645
869500 -16140.2 -20005.8 299.337 -47.9288 0.877919
869600 -16169.7 -20022.2 298.321 -87.1786 0.88004
869700 -16272 -20082.1 295.043 -258.706 0.882996
869800 -16320 -20150.6 296.629 262.435 0.887374
869900 -16315.4 -20161.6 297.835 210.89 0.889403
870000 -16273.5 -20119.5 297.819 335.097 0.888878
870100 -16174.2 -20042.8 299.574 110.724 0.885733
870200 -16122.6 -19998 300.101 45.7683 0.881572
870300 -16136.3 -19976.5 297.37 -21.8899 0.877636
870400 -16185.1 -20003.9 295.713 -294.754 0.874906
870500 -16235.1 -20004.6 291.897 -89.5836 0.874766
870600 -16172.3 -20041.9 299.649 -29.7559 0.875673
870700 -16105.9 -19980.5 300.039 122.391 0.876753
870800 -16114.3 -20015.7 302.109 151.052 0.876606
870900 -16245 -20071.7 296.326 -217.683 0.875463
871000 -16263.1 -20070.6 294.836 -14.6302 0.875795
871100 -16200.2 -20040.8 297.403 57.6036 0.876554
871200 -16141 -20042.2 302.094 176.603 0.876455
871300 -16172.3 -20024.4 298.287 -102.792 0.875137
871400 -16259.4 -20059.9 294.295 13.4625 0.874396
871500 -16340.7 -20103.8 291.394 -291.812 0.874183
871600 -16256.3 -20080.6 296.145 44.3721 0.87615
871700 -16167.7 -20021.9 298.457 276.325 0.877642
871800 -16168.2 -20038.9 299.729 -297.663 0.877581
871900 -16186.9 -20007.2 295.828 137.63 0.879137
872000 -16160.8 -20020.5 298.876 247.663 0.879749
872100 -16157.3 -20043 300.891 120.463 0.878247
872200 -16227.6 -20020.8 293.733 -251.633 0.875682
872300 -16228 -20040.3 295.208 72.7871 0.874692
872400 -16125.5 -19978.1 298.338 3.64908 0.873472
872500 -16056.5 -19916.6 298.915 -329.891 0.872485
872600 -16059.2 -19923.5 299.234 64.5695 0.874053
872700 -16101.1 -19962.9 299.041 248.299 0.875447
872800 -16167.7 -20004.3 297.089 80.5388 0.874621
872900 -16263.1 -20045.8 292.913 -103.49 0.872903
873000 -16358.7 -20115.9 290.942 -22.839 0.871895
873100 -16327.3 -20125.6 294.124 -90.7834 0.871282
873200 -16210.5 -20079.5 299.604 -70.1448 0.871573
873300 -16171.6 -20004.6 296.808 -18.2025 0.872559
873400 -16119.3 -20018.8 301.961 134.867 0.873564
873500 -16152.5 -20031.7 300.386 103.603 0.873444
873600 -16255.8 -20067.3 295.149 -113.417 0.872448
873700 -16248.6 -20043.6 293.873 -112.145 0.872106
873800 -16191.9 -20061.1 299.618 51.64 0.872907
873900 -16189.7 -20063.4 299.967 132.138 0.873922
874000 -16242.6 -20068 296.223 277.372 0.873331
874100 -16356.3 -20116 291.135 -136.487 0.870016
874200 -16354 -20141.7 293.3 -84.0534 0.866946
874300 -16270.5 -20057.7 293.27 -175.556 0.864709
874400 -16192.2 -20005.7 295.305 123.125 0.863444
874500 -16136.8 -20016.7 300.445 -184.332 0.861317
874600 -16120.6 -19922.3 294.391 -319.382 0.860589
874700 -16037.3 -19949.6 302.956 -63.2004 0.863201
874800 -16037 -19941.6 302.361 100.022 0.866671
874900 -16101.6 -19922.3 295.86 146.157 0.86904
875000 -16101.6 -19985 300.715 5.05876 0.870302
875100 -16146.6 -19996.5 298.118 -17.5579 0.871427
875200 -16205.6 -20029.5 296.109 103.75 0.872565
875300 -16258 -20096.4 297.236 183.765 0.87277
875400 -16351.7 -20088.4 289.358 -130.63 0.871573
875500 -16293.3 -20101.5 294.887 -153.794 0.871222
875600 -16210.1 -20070.2 298.911 139.161 0.87206
875700 -16214.1 -20071.8 298.725 -24.4684 0.872187
875800 -16241.8 -20061.6 295.789 -38.3897 0.872335
875900 -16228.2 -20086.9 298.806 217.636 0.872764
876000 -16180.3 -20007.4 296.361 87.9932 0.871211
876100 -16080.9 -19940.8 298.897 69.535 0.868467
876200 -16036.5 -19922 300.877 -99.1228 0.865337
876300 -16067 -19925.1 298.753 -96.9197 0.86269
876400 -16162.1 -19979.6 295.611 -201.365 0.861007
876500 -16219.9 -19997.8 292.549 -18.1915 0.861108
876600 -16178.7 -19985.1 294.751 82.4081 0.861715
876700 -16136.6 -19966.4 296.571 102.872 0.861587
876800 -16091.9 -19974.9 300.686 -118.579 0.860629
876900 -16081.5 -19901.4 295.802 -179.39 0.860372
877000 -16029.6 -19930.8 302.096 23.3422 0.861816
877100 -16020.2 -19922.7 302.195 176.599 0.863245
877200 -16120.8 -19928.9 294.885 -40.9325 0.863363
877300 -16147.9 -19971.4 296.083 5.36304 0.863752
877400 -16106.3 -19932.5 296.287 -26.5337 0.864226
877500 -16010 -19903 301.455 -70.6493 0.8649
877600 -15995 -19882.5 301.03 -61.9644 0.866598
877700 -16033.6 -19915.2 300.573 17.6575 0.869313
877800 -16097.7 -19961.6 299.202 100.201 0.872258
877900 -16173 -20021.2 297.991 13.0983 0.874878
878000 -16210.9 -20040 296.509 155.366 0.877433
878100 -16208.3 -20073.3 299.29 131.298 0.878931
878200 -16223.8 -20081.2 298.704 81.7009 0.87903
878300 -16240.2 -20102.6 299.094 167.433 0.878234
878400 -16251 -20059.3 294.902 -18.5617 0.875809
878500 -16195.3 -20035 297.33 -108.961 0.8732
878600 -16136.8 -19986.4 298.094 63.3346 0.871088
878700 -16110.6 -19989.8 300.387 -270.553 0.868763
878800 -16130.2 -19967.9 297.179 -283.993 0.868801
878900 -16141.4 -19994.6 298.375 6.98108 0.871684
879000 -16159 -20047.2 301.088 110.358 0.874937
879100 -16207.8 -20021.6 295.325 120.935 0.876956
879200 -16210.5 -20040 296.548 59.5361 0.877907
879300 -16163.6 -20036.8 299.926 60.9454 0.878183
879400 -16098.7 -20007.8 302.704 74.0421 0.877902
879500 -16124.2 -20009.9 300.895 -0.603127 0.876919
879600 -16238.6 -20048.1 294.994 11.9591 0.875701
879700 -16246.1 -20057.6 295.148 69.8369 0.87431
879800 -16180.4 -20010.9 296.621 -15.0429 0.872403
879900 -16116.3 -20004.1 301.056 -106.17 0.870712
880000 -16130.8 -19980.4 298.095 -95.2227 0.869855
880100 -16143.6 -19986.9 297.613 64.5424 0.869733
880200 -16137.7 -19997.2 298.868 10.3317 0.869164
880300 -16136.1 -19968.3 296.745 -140.735 0.868594
880400 -16078.8 -19986.3 302.578 -171.589 0.869482
880500 -16018.3 -19962.1 305.396 143.011 0.871794
880600 -16104.9 -19984.1 300.393 194.584 0.873024
880700 -16202.6 -20076.6 299.982 228.02 0.872317
880800 -16234 -20027.4 293.746 -136.384 0.869603
880900 -16175.2 -20045.6 299.71 -121.839 0.867609
881000 -16139 -20013.7 300.038 -405.005 0.867347
881100 -16193.5 -20065 299.798 233.123 0.870085
881200 -16312.3 -20129.9 295.62 -35.3225 0.87193
881300 -16306.5 -20095.8 293.425 -123.16 0.873956
881400 -16213.1 -20049.5 297.077 131.12 0.876736
881500 -16149.5 -20002.8 298.382 72.1374 0.878798
881600 -16134 -19995.1 298.99 253.619 0.879897
881700 -16165.4 -20013.8 298.004 -55.4183 0.878891
881800 -16264.3 -20056.4 293.65 -261.589 0.878343
881900 -16293.7 -20089.7 293.954 245.294 0.879594
882000 -16208.1 -20070.5 299.088 102.115 0.879172
882100 -16151.8 -20069.7 303.391 -74.0213 0.877363
882200 -16194.5 -20027.2 296.792 -225.636 0.876066
882300 -16217 -20089.1 299.841 202.313 0.876652
882400 -16276.7 -20101.6 296.184 82.5356 0.875964
882500 -16339 -20136.5 294.063 -85.7648 0.874025
882600 -16302.8 -20124.4 295.927 151.42 0.872163
882700 -16199.3 -20084.9 300.883 31.0417 0.868545
882800 -16176.7 -19998.3 295.929 -106.525 0.863839
882900 -16097.2 -19927.4 296.595 -89.0519 0.859279
883000 -16019.7 -19886.6 299.434 -537.81 0.855853
883100 -16024.7 -19917 301.409 -201.721 0.856752
883200 -16089.2 -19933.2 297.665 -170.56 0.860492
883300 -16122.1 -19985.3 299.153 11.7846 0.86642
883400 -16144.4 -20022.4 300.301 340.858 0.871791
883500 -16201.6 -20102.4 302.06 154.164 0.873996
883600 -16248 -20068.2 295.826 -59.0907 0.874516
883700 -16223.9 -20049.8 296.259 43.3642 0.875172
883800 -16148.7 -19997.6 298.051 180.792 0.875311
883900 -16099.4 -20000 302.045 -13.4292 0.87412
884000 -16129.2 -19981.8 298.332 106.983 0.872835
884100 -16155.2 -20027.1 299.826 -135.199 0.871165
884200 -16194 -20045.4 298.241 -124.957 0.870605
884300 -16245.5 -20078.2 296.789 -113.047 0.871368
884400 -16346 -20120.9 292.32 12.2754 0.872777
884500 -16417.4 -20196 292.597 -190.149 0.87424
884600 -16349.5 -20181.7 296.752 127.832 0.876906
884700 -16241.8 -20105.2 299.168 415.88 0.877967
884800 -16229.7 -20090.1 298.942 26.6699 0.875837
884900 -16249.2 -20097.2 297.972 59.191 0.873256
885000 -16282.5 -20088.8 294.748 -243.595 0.871416
885100 -16270.3 -20110.7 297.384 -116.444 0.871774
885200 -16190.8 -20053.1 299.082 118.456 0.872696
885300 -16131.7 -20005 299.929 93.6097 0.872665
885400 -16120.3 -19991.9 299.807 -33.9099 0.871995
885500 -16186.3 -20035.7 298.081 55.5844 0.871414
885600 -16283.8 -20108.7 296.184 -26.1142 0.870606
885700 -16311.6 -20160.9 298.07 -52.5899 0.870168
885800 -16332.5 -20142.3 295.021 112.54 0.869982
885900 -16294.4 -20141.8 297.926 14.6061 0.869124
886000 -16202.9 -20072.6 299.659 -130.028 0.868174
886100 -16155.7 -20001 297.763 86.8671 0.86811
886200 -16115 -20014 301.923 169.688 0.867302
886300 -16187.2 -20036.9 298.11 -140.592 0.86528
886400 -16278.5 -20092.3 295.329 -71.8049 0.864308
886500 -16272.4 -20082.7 295.056 -340.566 0.864489
886600 -16190.2 -20053 299.119 60.3785 0.867323
886700 -16142.7 -20021.5 300.357 166.541 0.869847
886800 -16156.1 -20016.3 298.918 9.20147 0.870892
886900 -16196.6 -20078.5 300.598 -38.881 0.871924
887000 -16246.7 -20101.2 298.477 -114.278 0.873294
887100 -16260.9 -20090.3 296.534 72.7127 0.875442
887200 -16235.3 -20066.8 296.693 144.54 0.877077
887300 -16183.6 -20060.8 300.235 191.234 0.877363
887400 -16131.5 -20000.2 299.58 -17.4813 0.875956
887500 -16043.8 -19963.4 303.519 210.702 0.874036
887600 -16081.6 -19996.4 303.152 -47.0005 0.870942
887700 -16169.9 -19972 294.422 -213.669 0.868004
887800 -16150.2 -20010.3 298.912 -294.61 0.867296
887900 -16139.8 -20018.7 300.367 237.683 0.868808
888000 -16219.5 -20058.4 297.275 74.1339 0.868699
888100 -16306.2 -20109.5 294.513 -319.135 0.86815
888200 -16287.9 -20123.4 297.006 92.4897 0.869767
888300 -16251.4 -20096.4 297.741 102.916 0.871091
888400 -16191.5 -20088.5 301.765 -99.3131 0.871611
888500 -16083.2 -20018 304.692 93.0041 0.872529
888600 -16076.8 -19999.1 303.727 171.319 0.872657
888700 -16176.6 -19996.4 295.791 -111.504 0.871527
888800 -16187.3 -20027.4 297.368 -87.8657 0.871144
888900 -16178.9 -20041.4 299.103 -69.479 0.871796
889000 -16200.4 -20079.9 300.414 -248.157 0.873341
889100 -16303.6 -20121.1 295.606 31.0407 0.877022
889200 -16349.9 -20173.2 296.057 124.732 0.881131
889300 -16329.5 -20171.5 297.505 257.366 0.884334
889400 -16253 -20155.4 302.183 236.32 0.885311
889500 -16213.4 -20101.5 301.074 209.116 0.883784
889600 -16268.5 -20092.5 296.117 -18.3756 0.880207
889700 -16335.1 -20129.5 293.822 -1.24028 0.876088
889800 -16302.8 -20109 294.74 -360.623 0.872514
889900 -16199.9 -20092.9 301.456 18.2342 0.871716
890000 -16195.1 -20031.2 297.055 -48.8757 0.871442
890100 -16173.6 -20018.9 297.76 -105.395 0.871587
890200 -16113.8 -19990.5 300.192 126.378 0.872498
890300 -16037.3 -19971 304.608 220.789 0.872224
890400 -16058.1 -19989.7 304.444 -410.899 0.870494
890500 -16167.7 -20013.8 297.832 -205.08 0.871987
890600 -16220.2 -20079.5 298.847 -13.0507 0.875949
890700 -16282.6 -20105.5 296.036 153.643 0.880153
890800 -16284.7 -20074.7 293.485 167.796 0.882971
890900 -16184.4 -20058.7 300.006 161.443 0.883856
891000 -16164.1 -20015.7 298.251 74.1055 0.883259
891100 -16154 -19987.5 296.856 78.7052 0.881795
891200 -16116.1 -19991.8 300.121 -49.4186 0.879811
891300 -16117 -19993.3 300.162 61.8743 0.87822
891400 -16205.4 -20033.4 296.426 3.47352 0.87596
891500 -16265.1 -20071.4 294.744 -125.203 0.873818
891600 -16236.8 -20060.5 296.09 -83.8683 0.873038
891700 -16124.1 -19972.2 297.977 -88.2438 0.873026
891800 -16075.3 -19963.6 301.094 -28.3581 0.873704
891900 -16121.5 -19983.6 299.066 29.7068 0.874797
892000 -16188.6 -20019.7 296.661 10.5987 0.875719
892100 -16208 -20036 296.426 -6.44117 0.876486
892200 -16157.4 -20040.1 300.664 -8.15506 0.87738
892300 -16086.7 -20011.6 303.934 130.258 0.878158
892400 -16161.6 -20061 301.956 20.2191 0.878052
892500 -16247.1 -20063.9 295.562 -27.8533 0.877656
892600 -16239.4 -20095.4 298.598 2.07155 0.877195
892700 -16219.9 -20047.6 296.408 -22.6271 0.876834
892800 -16140.6 -20007 299.398 17.5931 0.876828
892900 -16067.5 -19963.5 301.686 53.4945 0.876552
893000 -16076.8 -19931.5 298.492 53.4078 0.875681
893100 -16109.2 -19950.3 297.436 -66.0932 0.874107
893200 -16217.7 -20014.2 293.987 -237.005 0.872768
893300 -16275.6 -20078.7 294.496 -148.317 0.873649
893400 -16235.6 -20082.4 297.882 62.0566 0.876351
893500 -16166.4 -20055.6 301.164 285.518 0.878707
893600 -16163.3 -20043.4 300.456 151.388 0.878742
893700 -16278.2 -20090 295.176 -5.67119 0.877032
893800 -16316.3 -20136.5 295.827 -12.479 0.875092
893900 -16276.9 -20098.3 295.914 -94.7759 0.873333
894000 -16185.2 -20080.8 301.662 -93.6402 0.872352
894100 -16176.3 -20065.1 301.135 -77.5804 0.87214
894200 -16215.3 -20055.5 297.372 148.994 0.872508
894300 -16229.7 -20088.7 298.825 25.5776 0.87185
894400 -16243 -20079.1 297.051 -114.962 0.870744
894500 -16227 -20049.1 295.974 27.8258 0.870553
894600 -16111.7 -19985.9 300.004 -225.279 0.870578
894700 -16044.9 -19928.1 300.696 -14.6395 0.872338
894800 -16082.3 -19963.8 300.571 201.81 0.874544
894900 -16162.3 -20001.2 297.27 113.252 0.874976
895000 -16179.1 -19973.8 293.849 75.4711 0.874252
895100 -16136.6 -19987 298.161 -173.82 0.873207
895200 -16118.6 -19977.1 298.793 100.421 0.872975
895300 -16134.6 -19993.8 298.845 72.9425 0.872159
895400 -16154.9 -19991.1 297.065 -228.575 0.870622
895500 -16133.5 -20008.3 300.055 -360.633 0.871166
895600 -16136.9 -20040.1 302.246 243.814 0.874965
895700 -16227.4 -20076 298.025 124.635 0.877492
895800 -16271.8 -20057.1 293.119 21.2638 0.878394
895900 -16205.1 -20066.4 299.004 4.86202 0.879185
896000 -16158.7 -20030.3 299.807 164.315 0.879791
896100 -16168.2 -20002.3 296.893 -145.52 0.879214
896200 -16205.6 -20043.4 297.184 39.9334 0.879673
896300 -16271.6 -20084.8 295.274 181.908 0.879729
896400 -16295.5 -20093.2 294.087 -125.372 0.878331
896500 -16213.7 -20038.4 296.169 127.388 0.877584
896600 -16131.9 -19981 298.059 -23.5008 0.875848
896700 -16101.6 -19956.9 298.542 -256.48 0.874323
896800 -16089.9 -19952.5 299.107 217.922 0.874413
896900 -16119.9 -19975.6 298.571 149.747 0.873046
897000 -16213.5 -20032.8 295.748 -25.2282 0.869802
897100 -16237 -20017.6 292.76 -260.354 0.866643
897200 -16144.4 -19978.2 296.875 -267.159 0.866001
897300 -16096 -19977.3 300.553 44.2782 0.867545
897400 -16123.2 -19966 297.568 -232.078 0.869704
897500 -16158.4 -20024.1 299.345 -36.7791 0.873682
897600 -16256 -20091.1 296.976 -86.8596 0.878636
897700 -16329 -20165.3 297.069 396.548 0.883788
897800 -16342.5 -20174.5 296.732 207.327 0.88549
897900 -16314.7 -20150.9 297.055 58.367 0.884721
898000 -16267.5 -20098.9 296.685 69.7516 0.883349
898100 -16197 -20092.1 301.621 102.395 0.881356
898200 -16099.3 -19950.5 298.218 -76.329 0.878901
898300 -15997.4 -19928.5 304.413 -13.3989 0.877247
898400 -16073 -19956.7 300.738 111.367 0.875777
898500 -16159.8 -20026.2 299.4 -112.461 0.873687
898600 -16208.8 -20023.9 295.426 -234.194 0.872491
898700 -16196.2 -20015.3 295.733 39.3975 0.873384
898800 -16102.5 -19998.2 301.666 187.529 0.874072
898900 -16054.6 -19942 301.027 -74.2419 0.873169
899000 -16112.9 -19994.7 300.586 -34.9621 0.872816
899100 -16241 -20057.2 295.515 -153.248 0.873068
899200 -16224.7 -20050.5 296.254 -124.022 0.874578
899300 -16184 -20072.9 301.14 232.832 0.876778
899400 -16202.7 -20046.3 297.633 -142.187 0.87743
899500 -16242 -20071.1 296.508 -50.4448 0.878718
899600 -16286.5 -20068 292.824 216.056 0.879891
899700 -16247.3 -20106.1 298.817 -138.442 0.879674
899800 -16155.7 -20022.7 299.447 53.6793 0.880019
899900 -16127.2 -20007.1 300.448 339.638 0.879855
900000 -16176.7 -20050.4 299.965 441.542 0.876618
900100 -16218 -20002.1 293.03 -214.432 0.871139
900200 -16194.3 -20030 297.021 -118.266 0.8684
900300 -16166.5 -20011.7 297.756 -201.62 0.867642
900400 -16135.7 -19996.7 298.975 -70.787 0.868597
900500 -16113.4 -19972.7 298.848 -83.8467 0.870507
900600 -16089.5 -19971.3 300.594 -56.3638 0.872914
900700 -16100.1 -19963.1 299.135 -46.5839 0.875553
900800 -16175.5 -20028.1 298.336 -71.5037 0.878307
900900 -16251.6 -20078.8 296.366 110.398 0.881427
901000 -16278.6 -20144.1 299.33 351.777 0.882993
901100 -16347.2 -20170.3 296.047 46.8352 0.881462
901200 -16439.3 -20202.3 291.394 -180.765 0.879755
901300 -16367.2 -20179 295.168 -8.99533 0.879539
901400 -16240.3 -20096 298.574 10.8253 0.879491
901500 -16223.7 -20114.2 301.266 47.8057 0.879281
901600 -16273.3 -20090.1 295.559 195.669 0.878492
901700 -16300.6 -20129.2 296.466 -149.819 0.876635
901800 -16278.4 -20082.8 294.599 -61.199 0.875877
901900 -16170 -20040.3 299.703 -7.77028 0.875758
902000 -16138.6 -19999.7 298.985 115.877 0.875553
902100 -16150.1 -20005.2 298.524 2.67511 0.874489
902200 -16184.4 -19984.8 294.284 54.4935 0.873207
902300 -16187.8 -19992.5 294.622 -111.295 0.871987
902400 -16102.5 -19946.2 297.638 10.74 0.871349
902500 -16054.7 -19980.5 303.998 -50.044 0.870882
902600 -16131.8 -19980.9 298.056 -152.693 0.871072
902700 -16175 -20000.9 296.261 -105.755 0.872728
902800 -16170.8 -20028.9 298.762 201.866 0.875067
902900 -16178.1 -20036 298.743 -6.15476 0.875955
903000 -16247.3 -20082.3 296.964 155.933 0.876358
903100 -16309.6 -20097.6 293.324 22.5517 0.875441
903200 -16253.5 -20051.1 294.072 -85.5435 0.874225
903300 -16166.5 -20037.3 299.739 107.719 0.873555
903400 -16158 -20038.8 300.511 76.2624 0.872206
903500 -16217.8 -20071.1 298.383 -81.8764 0.869983
903600 -16274.1 -20055.4 292.808 -266.114 0.868548
903700 -16239.4 -20060 295.859 -118.34 0.869681
903800 -16204.9 -20054.3 298.084 250.81 0.871753
903900 -16187.4 -20038.6 298.221 60.1443 0.872157
904000 -16177.8 -20003.2 296.225 40.3467 0.871646
904100 -16080.7 -19936.5 298.577 64.6972 0.870463
904200 -16010.7 -19883.2 299.87 -247.34 0.869008
904300 -16008.8 -19858.7 298.124 -102.997 0.86936
904400 -16020.5 -19904.3 300.751 129.562 0.87086
904500 -16131.6 -19962.6 296.663 -110.239 0.871957
904600 -16175.5 -20024.5 298.056 120.117 0.873749
904700 -16185.3 -20011.5 296.283 78.0282 0.874905
904800 -16160.6 -20039.1 300.334 132.87 0.875203
904900 -16122.9 -19980.6 298.724 -56.3465 0.874403
905000 -16078.2 -19948.6 299.706 39.395 0.873464
905100 -16051.2 -19941.8 301.274 -103.851 0.87263
905200 -16119.2 -19950.5 296.684 -122.275 0.872632
905300 -16189.6 -19999.6 295.033 -38.0933 0.873686
905400 -16179 -20028.1 298.064 131.487 0.875321
905500 -16083.5 -20011.5 304.164 252.678 0.87592
905600 -16053.6 -19967.3 303.058 124.809 0.873921
905700 -16150.7 -20007.3 298.64 -105.55 0.870398
905800 -16197.9 -20045.9 297.978 -135.526 0.867435
905900 -16206 -20029.2 296.058 -47.4716 0.865705
906000 -16149.2 -19963.5 295.364 -212.872 0.864552
906100 -16055.1 -19928 299.902 -137.574 0.865305
906200 -16054.7 -19910.1 298.542 -25.8954 0.867703
906300 -16080.8 -19947.5 299.424 138.014 0.870296
906400 -16154.4 -19992 297.165 -137.108 0.872241
906500 -16248.6 -20055 294.758 181.026 0.874822
906600 -16252.4 -20090 297.167 -130.973 0.876355
906700 -16237.7 -20075.6 297.19 86.8175 0.878602
906800 -16220.2 -20070.8 298.17 325.065 0.880212
906900 -16206.6 -20085.4 300.36 108.929 0.878857
907000 -16237.7 -20061.4 296.092 -33.4954 0.876122
907100 -16273 -20078.2 294.66 -279.594 0.874131
907200 -16220.7 -20042.6 295.955 -83.932 0.874429
907300 -16147 -20054.6 302.593 289.297 0.875414
907400 -16181.1 -20022.4 297.452 28.4895 0.874155
907500 -16218.1 -20043.6 296.235 -95.6455 0.872478
907600 -16223.6 -20029 294.676 -38.8667 0.87163
907700 -16142.3 -19983.7 297.462 155.629 0.870861
907800 -16080 -19980.3 302.029 -1.35081 0.868967
907900 -16103.4 -19951.3 297.964 -117.203 0.86683
908000 -16165.2 -19984.3 295.738 -29.6736 0.865587
908100 -16226.3 -20029.5 294.503 -145.461 0.864995
908200 -16226.4 -20055.7 296.526 38.2846 0.865345
908300 -16149.3 -20017.8 299.566 0.865431 0.865539
908400 -16095.4 -19980.9 300.884 13.5738 0.865688
908500 -16132.2 -19989.8 298.715 -137.749 0.866003
908600 -16207.2 -19991.5 293.044 -34.4635 0.867826
908700 -16181.1 -20040.5 298.862 -35.4434 0.870558
908800 -16067.5 -19971 302.276 146.873 0.874075
908900 -16047.1 -19958.5 302.879 139.939 0.877154
909000 -16128.5 -19978 298.093 172.468 0.879113
909100 -16194.8 -20076.7 300.596 239.127 0.879817
909200 -16237.8 -20101.4 299.178 130.759 0.878196
909300 -16276.4 -20092 295.46 -94.883 0.874694
909400 -16256.6 -20088.9 296.759 -104.789 0.871358
909500 -16149.7 -20040.8 301.308 -176.46 0.8688
909600 -16112.5 -19993.6 300.536 -254.459 0.867952
909700 -16146.5 -19991.9 297.77 -44.1549 0.869654
909800 -16169.4 -19994.3 296.187 -110.498 0.872335
909900 -16150.3 -20033.4 300.69 183.481 0.875779
910000 -16162.6 -20062.1 301.959 495.185 0.877169
910100 -16259.4 -20092.6 296.83 180.035 0.874181
910200 -16301.3 -20120.2 295.719 -206.858 0.869689
910300 -16260.9 -20055.6 293.851 -259.304 0.867231
910400 -16160.1 -20052.6 301.418 35.3669 0.867097
910500 -16166 -20027.9 299.053 -81.1823 0.867016
910600 -16210.4 -20067.4 298.666 -44.0443 0.867393
910700 -16274.2 -20070 293.931 -241.906 0.868646
910800 -16307.1 -20107.1 294.259 122.185 0.871698
910900 -16273 -20081.9 294.95 78.0601 0.874083
911000 -16160.3 -19999.5 297.298 210.1 0.875256
911100 -16111.5 -20004.4 301.45 85.8345 0.87464
911200 -16163.2 -20014.1 298.196 -38.606 0.87324
911300 -16222.1 -20043.7 295.935 -66.652 0.872037
911400 -16228.3 -20052.7 296.148 -0.733254 0.871379
911500 -16145 -19998.3 298.378 -102.776 0.871008
911600 -16057 -19955.7 301.9 -2.56959 0.871442
911700 -16071.8 -19927.5 298.566 157.714 0.871698
911800 -16129.9 -19954.8 296.183 -170.841 0.870917
911900 -16213.7 -20018.6 294.632 -77.9673 0.871416
912000 -16289 -20064.6 292.366 76.3524 0.872855
912100 -16250.9 -20042.2 293.582 47.1866 0.87385
912200 -16134.1 -20003.1 299.601 337.096 0.873806
912300 -16113.1 -19963.8 298.185 -340.751 0.871552
912400 -16114.6 -19995.7 300.535 235.779 0.871181
912500 -16179.7 -20000.9 295.9 -90.3259 0.869714
912600 -16248.5 -20056.5 294.87 -59.8455 0.867961
912700 -16231.8 -20045.8 295.347 -19.8161 0.866822
912800 -16108.6 -19968.1 298.862 80.6558 0.865505
912900 -16059.6 -19911.4 298.271 -273.451 0.863675
913000 -16038.9 -19894.2 298.534 -53.709 0.863674
913100 -16016.8 -19889.8 299.911 -21.8828 0.864492
913200 -16008.7 -19894.4 300.895 90.1477 0.865769
913300 -16077.4 -19954.8 300.255 15.0052 0.866466
913400 -16169.1 -19983.6 295.381 -110.485 0.867315
913500 -16188.4 -20027.7 297.306 -104.915 0.869557
913600 -16167.9 -20021.4 298.401 189.684 0.872856
913700 -16116.6 -20005.7 301.158 185.342 0.875015
913800 -16087.2 -20005.1 303.392 90.5112 0.875317
913900 -16172.2 -20032.2 298.902 150.568 0.874404
914000 -16247.3 -20076.1 296.49 -33.6554 0.872303
914100 -16250.7 -20071.1 295.833 -6.90178 0.870138
914200 -16174.3 -20012 297.175 -12.7639 0.868142
914300 -16111.4 -19997.5 300.924 -88.2664 0.866388
914400 -16121.4 -19978 298.642 -200.981 0.865402
914500 -16134.4 -19988.6 298.455 -184.42 0.866252
914600 -16185.8 -20046.8 298.979 -29.366 0.868874
914700 -16310.3 -20142.3 296.734 95.6686 0.872229
914800 -16333 -20142.7 295.008 -132.494 0.874971
914900 -16282.1 -20111.1 296.505 215.573 0.878211
915000 -16197.2 -20057.4 298.922 355.474 0.879776
915100 -16169.5 -20030.6 298.99 51.6955 0.877998
915200 -16179.3 -20040.7 299.01 -3.13112 0.875467
915300 -16202.8 -20020.3 295.612 52.4997 0.872896
915400 -16156.2 -19976.7 295.842 -155.484 0.870185
915500 -16023.4 -19875.7 298.309 -70.1083 0.86878
915600 -15973.9 -19859.5 300.879 32.4571 0.868184
915700 -16005.8 -19880.1 300.017 -76.7296 0.867604
915800 -16102.8 -19976.4 299.957 -80.8424 0.867582
915900 -16170 -20010.9 297.419 -79.872 0.868671
916000 -16169.5 -20001.9 296.766 116.911 0.870247
916100 -16145.6 -20034.9 301.176 70.9371 0.870778
916200 -16202.6 -20022.8 295.822 -22.8654 0.870434
916300 -16286.1 -20068.9 292.928 -312.029 0.870796
916400 -16247.4 -20069.5 295.971 4.61293 0.873766
916500 -16177.8 -20058.4 300.494 130.675 0.876754
916600 -16165.9 -19975 294.958 -110.658 0.878869
916700 -16125.3 -19964.6 297.304 122.307 0.881563
916800 -16098.7 -19997.7 301.922 128.504 0.883226
916900 -16158.8 -19996.3 297.163 163.426 0.883377
917000 -16288 -20075.6 293.294 29.1567 0.882131
917100 -16303.8 -20113 294.963 126.89 0.880542
917200 -16251.5 -20080.9 296.534 -93.9974 0.87796
917300 -16179.8 -20025 297.76 -109.824 0.876039
917400 -16139.6 -20035 301.642 -122.951 0.875759
917500 -16168.6 -20015 297.848 147.566 0.876387
917600 -16181.8 -19978.1 293.969 270.974 0.875588
917700 -16153.6 -19967.3 295.315 74 0.8725
917800 -16091.1 -19926 296.958 -159.899 0.869316
917900 -16029 -19909.3 300.475 -273.392 0.867889
918000 -16035 -19905.9 299.747 -71.413 0.868954
918100 -16138.5 -19991.3 298.346 -85.6469 0.870918
918200 -16215.9 -20035 295.736 108.572 0.87299
918300 -16195.4 -20035.6 297.372 217.387 0.873998
918400 -16138.1 -19970.6 296.767 -148.56 0.873179
918500 -16051 -19920.4 299.632 125.353 0.87298
918600 -16029.8 -19937.6 302.61 -11.995 0.872227
918700 -16072.7 -19951.3 300.345 -55.0006 0.871588
918800 -16130.2 -19983.7 298.398 4.40352 0.871426
918900 -16183.5 -20002.3 295.707 74.0098 0.871268
919000 -16183.1 -20017.3 296.906 46.6565 0.870788
919100 -16068.2 -19964.4 301.704 -123.473 0.869697
919200 -16018.6 -19939.9 303.649 76.3942 0.869459
919300 -16091.9 -19963 299.762 17.3699 0.868734
919400 -16139.6 -19965.1 296.237 -198.091 0.868094
919500 -16129.4 -19958.1 296.482 123.962 0.868902
919600 -16075.3 -19953.4 300.301 64.2096 0.869053
919700 -15979.3 -19873.8 301.577 138.189 0.86824
919800 -15909.3 -19826.5 303.326 -341.03 0.866765
919900 -15975.1 -19853.2 300.303 -36.3768 0.867824
920000 -16062.7 -19936.3 299.957 -116.526 0.869893
920100 -16104.3 -19955.2 298.199 131.424 0.872547
920200 -16147 -19996.7 298.109 180.606 0.874093
920300 -16183.3 -19990.1 294.787 7.13629 0.874109
920400 -16162.1 -20036.3 299.999 240.291 0.873561
920500 -16130 -19986.3 298.614 17.1903 0.871173
920600 -16080.3 -19940.5 298.919 -130.816 0.868299
920700 -16017.6 -19876.9 298.853 -284.401 0.866855
920800 -15955.3 -19835 300.427 -204.673 0.868066
920900 -15914.1 -19869.3 306.278 -2.80775 0.871342
921000 -16037.7 -19960.4 303.753 145.526 0.874452
921100 -16134.2 -19937.7 294.531 32.0123 0.876187
921200 -16128.8 -19955.8 296.346 -93.2641 0.877897
921300 -16074.4 -19959.3 300.833 82.3153 0.87995
921400 -16052.8 -19899.7 297.883 384.2 0.880785
921500 -16045.4 -19906.8 299.016 37.1636 0.878448
921600 -16053.8 -19911.6 298.737 -87.1803 0.875783
921700 -16104.7 -19981.3 300.188 -38.7081 0.874488
921800 -16201.1 -20030.4 296.526 2.00855 0.873512
921900 -16216.4 -20025.6 294.969 -106.734 0.872685
922000 -16149.7 -19976.6 296.343 -48.5863 0.872973
922100 -16072.3 -19933.9 299.033 -87.8083 0.87386
922200 -16072.8 -19954.1 300.559 43.4422 0.875239
922300 -16140.3 -20019.8 300.412 -63.7763 0.876372
922400 -16209.8 -20053.7 297.655 -2.90407 0.877906
922500 -16232.6 -20034.5 294.399 203.99 0.879106
922600 -16173.9 -20013.3 297.309 61.5551 0.878513
922700 -16118.7 -19996.6 300.289 218.775 0.876977
922800 -16137.8 -20020.1 300.624 -94.9354 0.873952
922900 -16181.1 -20008.2 296.357 -234.027 0.871784
923000 -16180.5 -20003.1 296.002 -211.295 0.872029
923100 -16095.7 -19981.3 300.884 42.3313 0.874207
923200 -16021.3 -19914.7 301.49 136.065 0.876046
923300 -16055.3 -19929.1 299.968 149.197 0.87631
923400 -16130.9 -19944.2 295.287 -45.8347 0.875123
923500 -16152.3 -19984 296.713 -38.6828 0.874521
923600 -16167.4 -20036.4 299.598 -49.2058 0.874635
923700 -16277.6 -20077.2 294.226 264.126 0.874603
923800 -16302.7 -20074.3 292.055 -211.371 0.87289
923900 -16209.9 -20048.2 297.227 -155.975 0.872878
924000 -16149.7 -20021.9 299.844 80.9291 0.874303
924100 -16139.2 -19988.9 298.11 -46.744 0.875251
924200 -16129.7 -19997 299.471 63.7189 0.876305
924300 -16162.3 -20005 297.558 99.4947 0.876817
924400 -16226.4 -20040.3 295.339 46.5221 0.876349
924500 -16241.1 -20071.3 296.594 -194.568 0.875633
924600 -16190.6 -20043 298.315 19.7938 0.876385
924700 -16103.1 -20005.6 302.191 35.2719 0.877269
924800 -16103.6 -19988.7 300.844 51.5095 0.877934
924900 -16201.9 -20019.4 295.612 88.5553 0.878026
925000 -16244.8 -20037.1 293.656 -109.677 0.877315
925100 -16204 -20044.2 297.37 -14.8424 0.8773
925200 -16169 -20031.5 299.093 162.296 0.877582
925300 -16171.1 -20040.9 299.664 89.3737 0.876121
925400 -16265.7 -20070.1 294.596 87.0694 0.873229
925500 -16320.3 -20125.6 294.663 -215.987 0.869581
925600 -16269.1 -20073.7 294.614 -47.2442 0.866955
925700 -16166.2 -19990.9 296.167 -225.89 0.86523
925800 -16115.6 -19962.1 297.858 -260.316 0.865391
925900 -16088.3 -19970.7 300.635 -146.667 0.868509
926000 -16129.2 -19985.2 298.593 180.687 0.873605
926100 -16214.8 -20019.8 294.644 158.973 0.877769
926200 -16245.5 -20102.6 298.68 233.884 0.880466
926300 -16330.9 -20147.4 295.534 260.578 0.88098
926400 -16420.9 -20172.7 290.526 93.8906 0.879057
926500 -16349.2 -20179.2 296.583 -293.843 0.87629
926600 -16285.6 -20099.8 295.356 0.460864 0.875458
926700 -16226.6 -20129.3 302.209 67.7959 0.875008
926800 -16250.4 -20099.6 298.071 -26.3169 0.873731
926900 -16263.5 -20054 293.519 70.8403 0.872305
927000 -16141.2 -20003.5 299.083 -5.96382 0.870457
927100 -16073.3 -19919.3 297.82 -143.333 0.8686
927200 -16073.3 -19978.5 302.403 -183.633 0.868037
927300 -16151.6 -19972.7 295.894 -81.2321 0.869087
927400 -16193.1 -20046.5 298.392 -8.75299 0.871255
927500 -16242 -20107 299.293 160.039 0.87366
927600 -16352.8 -20129.6 292.466 35.5413 0.875038
927700 -16350.8 -20142.7 293.631 -17.8996 0.876163
927800 -16302.3 -20148.5 297.834 163.888 0.877571
927900 -16271.8 -20090.5 295.707 142.257 0.877628
928000 -16205.5 -20080.5 300.067 134.986 0.87591
928100 -16182.8 -20067.1 300.784 -43.5639 0.872845
928200 -16216.7 -20101.6 300.833 14.1438 0.869538
928300 -16244.9 -20095.3 298.156 -354.917 0.866359
928400 -16260.9 -20099.7 297.262 -198.957 0.865863
928500 -16267.2 -20089.4 295.983 78.9238 0.867458
928600 -16230.2 -20100.7 299.717 -99.8716 0.869119
928700 -16183.8 -20052.3 299.563 46.3613 0.871286
928800 -16153.4 -20015.5 299.072 133.063 0.873172
928900 -16089.9 -19961 299.757 327.289 0.87361
929000 -16038.7 -19954.6 303.226 62.127 0.871201
929100 -16071.8 -19907.3 297.006 -371.809 0.868117
929200 -16146.8 -19967 295.821 -391.312 0.868472
929300 -16194.5 -20049.2 298.488 27.2392 0.872579
929400 -16291.3 -20089.9 294.149 56.8783 0.87674
929500 -16349 -20163.1 295.348 87.3004 0.880132
929600 -16325.9 -20180.2 298.457 337.807 0.882231
929700 -16235.7 -20092 298.614 321.365 0.880902
929800 -16166.2 -20042.5 300.171 -209.499 0.877117
929900 -16143.1 -20026.8 300.743 80.5214 0.874706
930000 -16213.1 -20064.6 298.247 -129.155 0.872398
930100 -16314.5 -20119.6 294.655 -126.881 0.871365
930200 -16307.4 -20125.3 295.644 41.3823 0.871315
930300 -16247.9 -20060.5 295.231 -300.444 0.871461
930400 -16186.3 -20059.1 299.896 -68.2372 0.874101
930500 -16193.4 -20079.2 300.898 245.848 0.877238
930600 -16246.5 -20087.9 297.467 36.5665 0.878371
930700 -16270.7 -20108.6 297.193 -175.733 0.879114
930800 -16265.7 -20125.8 298.911 74.3309 0.881042
930900 -16276.1 -20125.4 298.075 107.261 0.882531
931000 -16291.7 -20157.5 299.352 160.411 0.882856
931100 -16313.6 -20148.2 296.935 123.799 0.881458
931200 -16308 -20132.6 296.164 90.2839 0.878898
931300 -16283.7 -20081.5 294.09 32.3595 0.875471
931400 -16217.7 -20068 298.154 -108.166 0.872001
931500 -16182.6 -20069.6 300.99 -212.79 0.86994
931600 -16216 -20057.4 297.465 -204.515 0.869885
931700 -16309.6 -20083.3 292.222 -66.006 0.871685
931800 -16336.7 -20121.2 293.055 49.8957 0.874247
931900 -16221.2 -20091.5 299.704 284.961 0.876053
932000 -16173.7 -20022.4 298.023 -54.7068 0.875477
932100 -16171.8 -20063.1 301.324 104.882 0.874965
932200 -16248.2 -20102.2 298.44 34.5738 0.873624
932300 -16322.4 -20180 298.721 -90.6462 0.87206
932400 -16348.9 -20158.8 295.028 -24.5107 0.871354
932500 -16308.5 -20132.3 296.099 -54.6104 0.8709
932600 -16246.7 -20093.6 297.89 45.4701 0.87081
932700 -16231 -20070.4 297.308 -12.363 0.870493
932800 -16212.5 -20059.6 297.908 -144.931 0.870561
932900 -16185.5 -20054.3 299.588 149.793 0.871591
933000 -16176.6 -20008.5 296.726 -144.477 0.871944
933100 -16138.1 -20040.8 302.213 125.769 0.873038
933200 -16172.3 -20056.9 300.816 109.53 0.87313
933300 -16267.6 -20098 296.611 -132.522 0.872191
933400 -16288.9 -20099.8 295.104 58.9405 0.872038
933500 -16225.9 -20059.2 296.832 196.835 0.871512
933600 -16162.3 -20028.6 299.391 -16.9038 0.869428
933700 -16167.2 -20033.2 299.368 -84.9837 0.867239
933800 -16192.5 -20049 298.633 -292.797 0.865939
933900 -16219.7 -20018.6 294.168 -117.1 0.867078
934000 -16187.6 -20080.6 301.46 72.2382 0.86976
934100 -16163 -20031.6 299.568 104.306 0.872131
934200 -16175.8 -20016.4 297.403 25.8126 0.873397
934300 -16197.7 -20034.4 297.097 -37.7534 0.874479
934400 -16215 -20063.6 298.022 88.3561 0.875938
934500 -16273.1 -20137.6 299.253 193.53 0.87659
934600 -16352.9 -20145.3 293.665 73.255 0.875561
934700 -16322.1 -20144.2 295.964 94.6664 0.873482
934800 -16241.5 -20082.8 297.458 33.8491 0.870127
934900 -16197.1 -20026.1 296.501 -373.744 0.866629
935000 -16156.3 -19974.8 295.69 -68.4727 0.866287
935100 -16104.4 -19997.5 301.467 176.26 0.866633
935200 -16128.2 -19977.8 298.097 -101.875 0.865714
935300 -16220.1 -20026.6 294.764 -138.653 0.865428
935400 -16303.6 -20086.1 292.9 -58.4201 0.866438
935500 -16264.3 -20078.5 295.352 -152.097 0.868369
935600 -16222.6 -20079.5 298.667 -7.51356 0.871966
935700 -16226.9 -20113 300.919 96.6312 0.876031
935800 -16286.6 -20105.7 295.738 225.425 0.879332
935900 -16321.3 -20153.1 296.719 322.998 0.880442
936000 -16343.3 -20155.1 295.173 -60.591 0.878788
936100 -16309.8 -20118.6 294.944 25.4134 0.877129
936200 -16204.8 -20036.2 296.687 235.548 0.875034
936300 -16128.5 -19975.1 297.866 -139.074 0.871106
936400 -16085.5 -19985.6 302.009 -262.718 0.868105
936500 -16133.7 -19985.6 298.275 -132.938 0.867628
936600 -16204.6 -19995.1 293.522 -115.005 0.868819
936700 -16172 -20007.7 297.022 110.523 0.870809
936800 -16153.5 -20018 299.249 9.57675 0.872108
936900 -16168.8 -20016.2 297.933 -92.9858 0.873467
937000 -16184.5 -20025.1 297.401 -51.8507 0.875677
937100 -16169.4 -20028 298.8 94.2751 0.878168
937200 -16140.5 -20022.7 300.623 217.613 0.879959
937300 -16157.7 -19991.7 296.891 29.4649 0.879887
937400 -16167.8 -20016.2 298.002 157.118 0.878967
937500 -16182.3 -20026.6 297.69 -11.578 0.876708
937600 -16200.4 -20041.6 297.452 -264.456 0.874577
937700 -16227.9 -20051.6 296.092 -30.6712 0.874647
937800 -16219.2 -20071.2 298.29 -96.9176 0.875598
937900 -16202.2 -20054.5 298.303 4.85765 0.877234
938000 -16184.6 -20039.7 298.522 31.362 0.879049
938100 -16165.5 -20062.3 301.757 137.224 0.880662
938200 -16225.1 -20063.2 297.209 29.0542 0.881154
938300 -16305.7 -20140.7 296.963 199.277 0.880983
938400 -16339 -20148.2 294.969 -34.8728 0.879309
938500 -16270.4 -20110.2 297.338 82.3803 0.877264
938600 -16148.7 -20017.8 299.608 -163.436 0.874377
938700 -16145.9 -20027.2 300.549 -508.136 0.872818
938800 -16174.7 -19961.9 293.262 17.3162 0.875463
938900 -16129.6 -20037.5 302.611 231.432 0.878964
939000 -16169.2 -20062.1 301.454 67.8908 0.880698
939100 -16287 -20106.3 295.75 -64.8195 0.881971
939200 -16299 -20147.4 298.008 -47.6831 0.88426
939300 -16304.7 -20173.5 299.589 208.217 0.886958
939400 -16361.6 -20181.6 295.801 217.258 0.887743
939500 -16417.1 -20216.9 294.249 59.742 0.88665
939600 -16370.8 -20185.1 295.367 1.21907 0.884899
939700 -16251.8 -20104 298.301 110.956 0.882441
939800 -16221.4 -20103 300.582 -180.835 0.879082
939900 -16252.2 -20091.9 297.331 53.3882 0.876634
940000 -16303.2 -20110.1 294.792 -251.492 0.87422
940100 -16327.2 -20146.5 295.757 -104.449 0.87374
940200 -16289 -20121 296.739 163.573 0.874364
940300 -16201.4 -20039.3 297.185 -102.057 0.874049
940400 -16125.5 -20018.4 301.454 -55.2668 0.874199
940500 -16147 -20059.7 302.986 -150.92 0.87509
940600 -16229.6 -20098 299.559 -11.5118 0.877372
940700 -16265.7 -20112.1 297.85 245.215 0.87987
940800 -16285.7 -20124.7 297.273 197.22 0.880428
940900 -16300.7 -20141.6 297.42 65.3632 0.879158
941000 -16289.1 -20115.8 296.323 15.0239 0.876753
941100 -16225.3 -20088.2 299.131 25.91 0.874067
941200 -16169 -20050.8 300.596 34.8998 0.870788
941300 -16145.4 -19990.2 297.728 -258.915 0.867216
941400 -16089.8 -19955.7 299.357 -82.7338 0.865888
941500 -16013.3 -19910.9 301.817 74.8958 0.865169
941600 -16028 -19906 300.296 -294.177 0.864398
941700 -16138.5 -19977.8 297.3 -107.063 0.866155
941800 -16186.9 -20032.1 297.76 51.3941 0.869165
941900 -16187.6 -20021 296.847 92.7688 0.871797
942000 -16152.4 -20023.1 299.728 -0.435904 0.87368
942100 -16108.2 -20007.6 301.955 46.7198 0.875789
942200 -16141.6 -19982.1 297.394 116.968 0.877611
942300 -16207.3 -20030.5 296.05 135.309 0.878242
942400 -16258.7 -20063.2 294.601 113.775 0.877712
942500 -16220.4 -20041.9 295.929 -37.9591 0.875893
942600 -16110.5 -20011.9 302.106 116.791 0.873669
942700 -16122.9 -20009.4 300.949 -27.5243 0.869575
942800 -16160.6 -19941.6 292.787 -289.877 0.864488
942900 -16106.4 -19967.5 298.993 -296.849 0.861264
943000 -16076.3 -19933.7 298.703 12.2849 0.860132
943100 -16069.4 -19912.3 297.575 -105.869 0.859258
943200 -16060.1 -19897.3 297.137 -262.931 0.859268
943300 -16039.7 -19909 299.627 -179.977 0.861971
943400 -16077.1 -19958.1 300.533 197.653 0.866811
943500 -16193 -20023.9 296.648 158.805 0.87041
943600 -16216.2 -20038 295.946 70.3039 0.872761
943700 -16187.2 -20020 296.796 384.99 0.87409
943800 -16102.3 -19984.6 300.629 224.302 0.871851
943900 -16059 -19933.1 299.991 -328.319 0.867595
944000 -16064 -19899.6 297.01 -242.761 0.866031
944100 -16055.3 -19882.1 296.333 84.5769 0.86677
944200 -16039.9 -19895.3 298.55 -112.482 0.867349
944300 -16030.6 -19908.9 300.32 -110.675 0.868639
944400 -16087.3 -19936.6 298.076 176.131 0.870847
944500 -16187.2 -19973.5 293.199 -13.69 0.87207
944600 -16167.7 -19995.1 296.385 -38.9075 0.873296
944700 -16115.2 -19986 299.734 153.594 0.874447
944800 -16111.6 -19994.3 300.658 69.2979 0.874328
944900 -16234.5 -20065.3 296.642 -23.5959 0.873368
945000 -16298.8 -20095.5 294.003 -85.8481 0.87268
945100 -16250.8 -20089.2 297.23 63.9143 0.872673
945200 -16179.1 -20017.3 297.211 -89.7501 0.872306
945300 -16112.9 -20011.3 301.879 16.6647 0.872764
945400 -16122.1 -19956.1 296.895 112.803 0.873105
945500 -16123.3 -19957.9 296.943 140.609 0.872235
945600 -16009 -19900.8 301.363 -139.411 0.870251
945700 -15933.6 -19825.6 301.382 -195.554 0.869032
945800 -15977.9 -19896 303.404 15.3855 0.869402
945900 -16081.3 -19950.1 299.589 -145.22 0.870271
946000 -16143.2 -19982.5 297.302 27.1834 0.872442
946100 -16166.5 -19995.1 296.469 91.0841 0.875038
946200 -16145.4 -19999.4 298.439 47.1781 0.8775
946300 -16074.5 -19979.7 302.407 281.599 0.879487
946400 -16063.1 -19958.6 301.657 423.95 0.878699
946500 -16152.4 -19978.6 296.29 -225.861 0.874214
946600 -16195.9 -20001.9 294.721 -297.6 0.870877
946700 -16161.5 -19983.7 295.977 -86.7444 0.870418
946800 -16086.7 -19964.1 300.256 -152.407 0.870927
946900 -16075.1 -19918.8 297.643 -8.67054 0.872832
947000 -16085.8 -19945.4 298.877 272.295 0.875134
947100 -16110.5 -19946.6 297.058 57.9138 0.875051
947200 -16114.9 -19949.2 296.915 -70.3159 0.874181
947300 -16102.7 -19958.4 298.568 -257.489 0.874158
947400 -16069.7 -19931.9 299.079 -35.8146 0.876417
947500 -16038.3 -19950.1 302.915 434.733 0.878784
947600 -16127.6 -19965.7 297.202 25.25 0.8778
947700 -16172.3 -19989.2 295.564 -245.442 0.876439
947800 -16138.8 -19984.1 297.77 34.2837 0.876934
947900 -16092.4 -19938.6 297.835 -33.5213 0.877523
948000 -15977.1 -19854.1 300.217 31.7772 0.878364
948100 -15926 -19846.4 303.579 279.346 0.878918
948200 -16001.6 -19886.5 300.827 175.759 0.876811
948300 -16071.2 -19935.7 299.254 -288.797 0.873004
948400 -16116.3 -19940.7 296.147 -264.643 0.871434
948500 -16115.6 -19947.2 296.701 -116.918 0.872686
948600 -16033.8 -19956.4 303.756 35.2415 0.875326
948700 -15979.6 -19905.1 303.977 185.979 0.877331
948800 -16080 -19948.4 299.559 -68.0296 0.877832
948900 -16143.8 -19946.3 294.455 75.4563 0.87869
949000 -16108.9 -19960.5 298.249 52.5161 0.879143
949100 -16074.1 -19989.2 303.169 57.1664 0.878885
949200 -16151.2 -19967.9 295.554 27.592 0.878121
949300 -16204.8 -20019.4 295.392 159.31 0.876976
949400 -16184.9 -20007.2 295.983 48.7795 0.874293
949500 -16137.9 -19982.9 297.736 -375.424 0.871393
949600 -16131.5 -20022.3 301.289 24.1974 0.8712
949700 -16172.8 -20000.3 296.383 63.4312 0.871151
949800 -16168.9 -20020.8 298.277 -136.305 0.870748
949900 -16148 -19993.6 297.789 15.3133 0.871389
950000 -16098.7 -19946.7 297.977 122.101 0.872123
950100 -16033.7 -19939.4 302.449 76.576 0.871899
950200 -16070.5 -19952.4 300.601 -18.6757 0.870816
950300 -16164.8 -19998 296.832 -89.2031 0.869618
950400 -16186.1 -20001.3 295.429 -3.13475 0.868955
950500 -16145.6 -19974.2 296.473 -50.0564 0.868507
950600 -16087.8 -19974.8 300.997 -80.6793 0.868266
950700 -16101.6 -19972.1 299.716 -307.808 0.869154
950800 -16115.5 -19969.2 298.411 63.347 0.873229
950900 -16117 -19963.7 297.868 155.154 0.877996
951000 -16145.7 -20003.5 298.729 240.63 0.881806
951100 -16246 -20099 298.362 275.061 0.883534
951200 -16325.2 -20134 294.938 177.311 0.882591
951300 -16299.4 -20126.5 296.35 -125.32 0.880097
951400 -16236.6 -20065.5 296.488 -120.879 0.878311
951500 -16196.9 -20080.9 300.761 -0.563072 0.877583
951600 -16214.6 -20057.7 297.601 -38.5603 0.877083
951700 -16218 -20047.8 296.565 -155.866 0.876974
951800 -16193.7 -20046.9 298.381 93.0322 0.878001
951900 -16130.1 -19982.7 298.329 238.767 0.87836
952000 -16006.7 -19888.7 300.604 165.072 0.876633
952100 -16004.5 -19906.2 302.13 92.0164 0.872909
952200 -16083.3 -19958 300.043 -293.437 0.868374
952300 -16166.5 -20014 297.932 -477.965 0.866724
952400 -16194.9 -20063.2 299.541 -85.3431 0.869649
952500 -16237.6 -20079.8 297.526 117.07 0.873537
952600 -16291.4 -20101.2 295.014 155.123 0.875823
952700 -16314.2 -20087.1 292.16 -98.9554 0.876874
952800 -16217 -20084.6 299.491 52.9536 0.878549
952900 -16165.6 -20045.5 300.439 365.971 0.87942
953000 -16178.1 -20011.7 296.862 1.9247 0.877281
953100 -16161.1 -20001.8 297.412 -110.062 0.87499
953200 -16093.4 -20019.6 304.026 76.5237 0.873568
953300 -16138.4 -20006.1 299.502 -248.78 0.872279
953400 -16237.2 -20120.5 300.715 135.841 0.872807
953500 -16287.9 -20086.2 294.13 -29.4108 0.872662
953600 -16239.7 -20062.2 295.994 35.6476 0.87246
953700 -16176.5 -20034.5 298.748 107.025 0.871695
953800 -16168.5 -20029.9 299.015 66.8618 0.869964
953900 -16184.9 -20033.6 298.029 -91.9841 0.867977
954000 -16232.5 -20047.7 295.435 -176.789 0.866957
954100 -16316.3 -20118.6 294.438 -341.317 0.867772
954200 -16327.3 -20153.2 296.263 -48.6213 0.871373
954300 -16259.1 -20092.2 296.821 231.087 0.875186
954400 -16170.6 -20064.9 301.555 66.5077 0.876935
954500 -16172.4 -20056.8 300.793 215.838 0.877212
954600 -16203 -20033.9 296.652 -73.4549 0.876043
954700 -16192 -20040 297.972 -24.2686 0.875138
954800 -16181.7 -20031.3 298.102 -48.7239 0.874886
954900 -16170.9 -20013.8 297.579 78.2449 0.874983
955000 -16127.6 -20044.1 303.28 46.8701 0.874549
955100 -16170.5 -20055.3 300.83 -14.1042 0.873814
955200 -16264.5 -20096.8 296.761 34.2254 0.873219
955300 -16300.6 -20110.5 295.023 -16.6161 0.872572
955400 -16250 -20075.9 296.263 -62.3725 0.872223
955500 -16176.5 -20075.6 301.934 14.9281 0.872383
955600 -16208.5 -20096.4 301.067 -16.1032 0.87226
955700 -16258.2 -20071.1 295.26 -244.744 0.872557
955800 -16239.4 -20068.7 296.529 -73.3315 0.874833
955900 -16140.1 -19980.8 297.41 210.501 0.877668
956000 -16079 -19972.5 301.496 276.587 0.878397
956100 -16124 -19970 297.821 -172.82 0.876818
956200 -16175.8 -20032 298.609 -181.735 0.876746
956300 -16244.8 -20084.9 297.363 -103.291 0.878629
956400 -16323.8 -20146.1 295.986 61.8524 0.881302
956500 -16352 -20186.8 296.949 -5.28311 0.883546
956600 -16317.8 -20172.3 298.48 30.8683 0.885643
956700 -16249.2 -20104 298.496 284.82 0.887246
956800 -16192.9 -20073.1 300.474 302.876 0.886261
956900 -16191.4 -20062.1 299.738 3.58224 0.882458
957000 -16251.9 -20093.4 297.471 -135.698 0.878602
957100 -16327 -20117.7 293.538 -200.94 0.876178
957200 -16310.8 -20150.1 297.301 -158.146 0.875918
957300 -16194.4 -20093.3 301.913 309.625 0.876713
957400 -16145.3 -20023.8 300.342 -118.563 0.875296
957500 -16165.6 -20004.8 297.296 -116.664 0.874811
957600 -16186.1 -20054.9 299.585 15.8757 0.875397
957700 -16287.1 -20048.9 291.295 -182.442 0.876054
957800 -16316.1 -20111 293.867 23.0393 0.878099
957900 -16241.7 -20093.3 298.251 -13.382 0.880422
958000 -16169.9 -20009.2 297.303 210.627 0.882481
958100 -16150.3 -20025.8 300.106 -19.8014 0.883015
958200 -16183.3 -20041.8 298.789 13.3864 0.883394
958300 -16236.6 -20075.6 297.274 30.5559 0.883658
958400 -16286.7 -20081.3 293.84 33.4352 0.883374
958500 -16279.8 -20102.7 296.036 31.9481 0.882888
958600 -16185.2 -20042 298.661 155.739 0.882074
958700 -16130.6 -20021 301.255 31.3251 0.879877
958800 -16166.5 -20024.3 298.731 74.8295 0.876788
958900 -16238.1 -20060.6 295.996 -317.909 0.873543
959000 -16309.7 -20126.2 295.536 -8.87703 0.872604
959100 -16426 -20210.4 293.045 -10.2869 0.872213
959200 -16411.6 -20181.6 291.931 -84.5715 0.871941
959300 -16329.3 -20163.2 296.885 32.7118 0.872331
959400 -16292.1 -20139.6 297.937 -11.9517 0.872792
959500 -16258.4 -20106.4 297.974 -86.9407 0.873492
959600 -16191.7 -20076.9 300.856 -4.6379 0.875021
959700 -16115.9 -20026.5 302.815 221.166 0.876691
959800 -16100.5 -20029.7 304.267 174.752 0.876273
959900 -16213.8 -20040.2 296.3 -233.625 0.874112
960000 -16248.8 -20069.6 295.869 -62.5756 0.873512
960100 -16234.3 -20107.4 299.914 83.8959 0.873696
960200 -16254.4 -20080.4 296.269 -87.6505 0.873153
960300 -16283.4 -20057.9 292.278 -191.525 0.873356
960400 -16195.6 -20082.9 301.023 2.39851 0.875711
960500 -16172.3 -20036.6 299.238 208.082 0.878579
960600 -16198.7 -20040.7 297.513 139.2 0.880004
960700 -16269.6 -20119.7 298.132 98.2684 0.879949
960800 -16371.3 -20140.5 291.868 161.264 0.878746
960900 -16315.9 -20097.7 292.849 -142.351 0.87612
961000 -16225.3 -20067.2 297.501 -138.938 0.874332
961100 -16188.2 -20040.4 298.298 0.329176 0.873892
961200 -16155.4 -19991.4 297.044 -59.8353 0.873699
961300 -16060.5 -19927.2 299.425 -32.2133 0.873803
961400 -16002.2 -19867.7 299.335 16.1321 0.874205
961500 -16019.7 -19940.1 303.581 -69.9761 0.874833
961600 -16096.4 -20007.2 302.84 26.6696 0.875991
961700 -16180.6 -20045.5 299.282 45.3917 0.877258
961800 -16231.4 -20057.4 296.274 -11.1291 0.878189
961900 -16233 -20061.3 296.451 137.999 0.878952
962000 -16158 -20026 299.524 101.589 0.878723
962100 -16092.3 -20030.7 304.974 91.1007 0.877261
962200 -16158.7 -20014.3 298.565 30.7099 0.874774
962300 -16192 -20046.1 298.449 111.929 0.871587
962400 -16181.4 -19960.3 292.627 -318.875 0.867388
962500 -16085.6 -19963.3 300.277 -210.599 0.865701
962600 -16086.9 -19977.3 301.258 -54.0379 0.866364
962700 -16140.6 -19987.8 297.912 -229.081 0.867735
962800 -16168.9 -20013.2 297.694 -38.8646 0.871053
962900 -16242.7 -20103.6 298.974 223.461 0.875077
963000 -16330 -20128.6 294.153 111.655 0.8773
963100 -16303.8 -20134.2 296.606 417.037 0.877584
963200 -16238.1 -20081.6 297.63 -55.1852 0.874627
963300 -16178.7 -20051.8 299.916 -160.797 0.871916
963400 -16148.7 -19975.7 296.341 -322.457 0.871102
963500 -16012.1 -19933.8 303.683 54.6683 0.87287
963600 -16018.9 -19942.3 303.814 102.993 0.874389
963700 -16121.9 -19990.9 299.597 -27.395 0.874977
963800 -16203 -20084.1 300.534 2.02099 0.875755
963900 -16279.5 -20097.5 295.655 17.6804 0.876525
964000 -16267.8 -20075.7 294.868 295.693 0.876747
964100 -16209.4 -20087.8 300.33 -30.2912 0.874781
964200 -16219.2 -20082.2 299.136 -14.4928 0.87268
964300 -16226.1 -20044.8 295.703 -286.427 0.871053
964400 -16197.3 -20053.1 298.575 -12.3418 0.871661
964500 -16207.6 -20099.8 301.397 120.248 0.872606
964600 -16267.4 -20060 293.685 -80.8073 0.872737
964700 -16250.4 -20086.6 297.063 1.68632 0.87355
964800 -16240.4 -20098.6 298.759 46.9747 0.874292
964900 -16250.5 -20113.1 299.099 102.888 0.874527
965000 -16299.9 -20143.9 297.67 93.8115 0.873797
965100 -16384.8 -20176.7 293.628 -70.7865 0.872099
965200 -16395.1 -20213 295.644 -7.74415 0.870754
965300 -16268.8 -20136.7 299.515 -58.8983 0.869338
965400 -16207.8 -20079.3 299.798 -276.726 0.868424
965500 -16214.6 -20062.4 297.958 132.46 0.869512
965600 -16246.3 -20106.8 298.946 32.1987 0.870235
965700 -16334.1 -20106.6 292.127 -112.673 0.870715
965800 -16306.4 -20097.9 293.6 -76.2523 0.872531
965900 -16213.1 -20107.2 301.55 250.319 0.874958
966000 -16237.3 -20082.4 297.753 125.395 0.875495
966100 -16260.8 -20086.2 296.223 31.8836 0.874742
966200 -16246.7 -20079.3 296.782 -122 0.873846
966300 -16169.6 -20068.7 301.924 122.62 0.873597
966400 -16157.3 -20054 301.745 -154.433 0.87277
966500 -16232.7 -20018 293.123 -99.5272 0.872874
966600 -16232.9 -20093 298.907 164.81 0.873901
966700 -16170.6 -20076.2 302.438 15.3947 0.87385
966800 -16153.8 -20017.7 299.2 -185.024 0.873659
966900 -16194.4 -20047.9 298.4 -43.8061 0.875088
967000 -16265.9 -20093 296.357 42.7558 0.877248
967100 -16314.7 -20164.7 298.129 221.824 0.878849
967200 -16396.6 -20157 291.192 159.847 0.878599
967300 -16384.5 -20147.4 291.381 -251.662 0.877131
967400 -16252.9 -20121.1 299.538 18.1995 0.877311
967500 -16231.6 -20100 299.554 26.8509 0.877656
967600 -16266.4 -20125.5 298.834 -18.2568 0.877644
967700 -16329.5 -20130.7 294.351 -22.8791 0.87805
967800 -16335.7 -20170.6 296.96 418.262 0.878224
967900 -16259.1 -20116.7 298.713 -90.1567 0.874918
968000 -16154.6 -20015.7 298.987 -96.5248 0.871623
968100 -16150.9 -20070.8 303.544 87.0418 0.868988
968200 -16220.3 -20049.1 296.484 -447.388 0.866193
968300 -16237.9 -20083.5 297.79 -91.068 0.86707
968400 -16238.5 -20085.6 297.902 -51.6118 0.869492
968500 -16254.9 -20142.6 301.047 132.146 0.872041
968600 -16376.6 -20166.5 293.476 84.5677 0.873879
968700 -16374.9 -20181.4 294.763 316.667 0.874397
968800 -16298.5 -20134.1 297.014 -199.268 0.872399
968900 -16224 -20074.4 298.162 -87.9555 0.871647
969000 -16205.5 -20086.7 300.548 268.204 0.871649
969100 -16236.1 -20074.8 297.257 -81.0657 0.86971
969200 -16255 -20079.1 296.119 -495.002 0.868607
969300 -16183 -20052.9 299.677 -13.7393 0.87156
969400 -16102.3 -20046.9 305.452 275.287 0.874986
969500 -16179.5 -20039.8 298.922 -183.064 0.876352
969600 -16259.1 -20153.2 301.546 2.201 0.878856
969700 -16326.8 -20153.7 296.338 235.622 0.881546
969800 -16326.8 -20153.1 296.297 11.2924 0.882528
969900 -16277.2 -20136.1 298.821 158.968 0.88284
970000 -16179.5 -20085.9 302.496 326.052 0.881565
970100 -16135.6 -20049.5 303.083 64.331 0.877192
970200 -16254.1 -20112.6 298.783 -347.243 0.872459
970300 -16325.8 -20120.2 293.824 -207.198 0.87088
970400 -16276.4 -20099.4 296.035 -166.771 0.871384
970500 -16192.9 -20062.4 299.644 -80.2975 0.873599
970600 -16174.1 -20058.8 300.815 192.337 0.876186
970700 -16239.7 -20096.1 298.632 -53.1176 0.877179
970800 -16326.1 -20174.6 298.016 -199.283 0.878363
970900 -16338 -20150.4 295.219 142.946 0.880809
971000 -16300.5 -20150.9 298.157 273.474 0.882006
971100 -16262 -20112.4 298.157 70.8227 0.880563
971200 -16189.9 -20050.9 298.98 -56.2428 0.878621
971300 -16083.4 -19967.9 300.797 106.363 0.877274
971400 -16065.8 -19947.1 300.557 -25.6636 0.875373
971500 -16098.1 -19966 299.515 -52.1278 0.873963
971600 -16142.8 -20015.6 299.894 -260.875 0.873593
971700 -16188.3 -20023.3 296.967 186.739 0.874855
971800 -16194.7 -20051 298.621 104.536 0.8748
971900 -16203.8 -20064.3 298.938 78.6542 0.873483
972000 -16234.1 -20061.9 296.413 -119.172 0.871786
972100 -16274.4 -20065.1 293.542 -29.4733 0.87117
972200 -16260.1 -20064.6 294.608 -115.323 0.871042
972300 -16163 -20018.4 298.543 179.145 0.871466
972400 -16109.3 -19970.3 298.977 -86.2217 0.871116
972500 -16110.8 -20028.8 303.393 109.609 0.871011
972600 -16226.8 -20070 297.599 60.0913 0.870036
972700 -16258.3 -20078.4 295.813 -151.723 0.868686
972800 -16218.9 -20053 296.893 -43.4834 0.868646
972900 -16154.6 -20060.3 302.443 -94.5692 0.869199
973000 -16198 -20057.8 298.886 -136.373 0.870784
973100 -16306.6 -20148.6 297.505 43.2899 0.873511
973200 -16329.1 -20141.9 295.245 125.719 0.875846
973300 -16289.4 -20149.4 298.909 153.19 0.876653
973400 -16250.1 -20074 296.106 76.4541 0.876002
973500 -16167.3 -20063.4 301.698 87.4236 0.874791
973600 -16146.5 -20023.3 300.205 70.3134 0.87263
973700 -16241.1 -20070.1 296.504 -149.352 0.869811
973800 -16323.2 -20097.8 292.291 -358.852 0.868913
973900 -16276.3 -20160.7 300.792 -171.971 0.871216
974000 -16285.4 -20162.9 300.259 137.622 0.874796
974100 -16374.8 -20199.5 296.167 50.4937 0.877208
974200 -16432.6 -20224.9 293.661 262.4 0.878337
974300 -16406 -20205.3 294.21 -6.02317 0.877523
974400 -16345.8 -20191 297.751 -169.161 0.876872
974500 -16296.3 -20149.3 298.362 135.605 0.8774
974600 -16252.6 -20121.1 299.567 210.796 0.876553
974700 -16207.1 -20092.8 300.891 -10.1664 0.874154
974800 -16166.4 -20043.2 300.206 57.3505 0.872054
974900 -16165.4 -20037.9 299.867 -198.912 0.870191
975000 -16211.8 -20054.2 297.543 -95.8387 0.870109
975100 -16279.3 -20093.9 295.389 -26.6132 0.871034
975200 -16303.5 -20106.3 294.473 -313.612 0.87253
975300 -16225.7 -20106.5 300.512 18.9905 0.876275
975400 -16155.4 -20049.3 301.523 267.84 0.879451
975500 -16172.1 -20035 299.126 151.787 0.879733
975600 -16271.4 -20084.9 295.309 -104.513 0.87866
975700 -16326.9 -20087.2 291.183 -4.91514 0.878476
975800 -16257.9 -20088.3 296.616 50.1855 0.87849
975900 -16208.3 -20047.5 297.291 114.087 0.877997
976000 -16185 -20066 300.535 30.9176 0.876414
976100 -16218.2 -20048.4 296.595 -225.212 0.874756
976200 -16309 -20115.8 294.783 86.021 0.874856
976300 -16361.5 -20186.1 296.161 167.363 0.874468
976400 -16338.2 -20168.3 296.588 -192.382 0.872965
976500 -16226.8 -20104.2 300.252 37.1478 0.872515
976600 -16181.9 -20029.6 297.949 88.3194 0.87215
976700 -16163.8 -20013.6 298.11 -54.4459 0.871045
976800 -16148.4 -19994.5 297.827 -41.2571 0.870222
976900 -16153.6 -20032 300.326 -74.6501 0.870041
977000 -16186 -20035.1 298.06 -136.236 0.870795
977100 -16194 -20036.4 297.534 48.3539 0.87239
977200 -16178.9 -20021.2 297.537 -256.519 0.874151
977300 -16150.5 -20033.1 300.654 147.791 0.877831
977400 -16192.6 -20048.4 298.576 173.046 0.880669
977500 -16284.1 -20116 296.724 113.662 0.88186
977600 -16333.5 -20165.8 296.753 181.007 0.881591
977700 -16329.5 -20149.4 295.799 26.7357 0.879629
977800 -16267 -20102.4 296.996 -255.661 0.877669
977900 -16118.2 -19988.8 299.721 -190.636 0.877986
978000 -16096.9 -19997.9 302.077 44.5751 0.88009
978100 -16175.9 -20013 297.132 -164.202 0.882352
978200 -16226.1 -20049.2 296.045 273.757 0.885488
978300 -16236.2 -20080.5 297.688 510.272 0.886287
978400 -16243.2 -20054.6 295.139 -161.184 0.88291
978500 -16167 -20012.5 297.78 -284.302 0.880423
978600 -16089.5 -19990.6 302.088 49.3721 0.880471
978700 -16127.2 -20009.5 300.63 -23.1134 0.880563
978800 -16194.4 -20039.7 297.762 63.1452 0.880635
978900 -16231.4 -20113.6 300.624 108.236 0.88003
979000 -16272.2 -20102.2 296.578 -9.71257 0.878379
979100 -16259.4 -20076.2 295.562 -349.631 0.877163
979200 -16188.7 -20017.1 296.452 -188.274 0.878773
979300 -16139.4 -20018.5 300.379 149.339 0.882362
979400 -16181.8 -20068 300.936 112.644 0.885226
979500 -16262.9 -20118.5 298.565 66.563 0.886898
979600 -16290.9 -20109.5 295.697 -31.851 0.888012
979700 -16283.3 -20151.1 299.507 229.981 0.889106
979800 -16356.6 -20161.9 294.667 -67.1728 0.888629
979900 -16420.3 -20210.7 293.515 13.7529 0.888117
980000 -16365.4 -20174.1 294.936 76.7686 0.887358
980100 -16246.5 -20079 296.774 -17.0717 0.886166
980200 -16213.7 -20083.5 299.664 -87.7592 0.885106
980300 -16212.5 -20010.6 294.11 117.936 0.884349
980400 -16138.9 -20030.5 301.35 50.9134 0.882365
980500 -16117.9 -19995.4 300.263 -271.908 0.87985
980600 -16198.1 -20041.4 297.615 -55.5472 0.879567
980700 -16290.4 -20116.2 296.261 67.4623 0.880261
980800 -16291.4 -20130.4 297.273 -12.6083 0.880426
980900 -16256.7 -20094.8 297.215 -41.9028 0.880516
981000 -16188 -20074.9 300.989 200.494 0.880581
981100 -16116.7 -19982.7 299.369 27.3029 0.879052
981200 -16011.4 -19931 303.525 -161.393 0.877129
981300 -16026.9 -19928.2 302.099 -292.836 0.876519
981400 -16106.7 -19951.4 297.723 39.3102 0.878497
981500 -16135.7 -19996.5 298.968 55.0605 0.881012
981600 -16176.5 -20077.3 302.06 39.3634 0.883092
981700 -16261.8 -20081.8 295.806 33.39 0.884928
981800 -16272.7 -20093.7 295.889 146.377 0.886524
981900 -16237.4 -20100.9 299.181 166.901 0.886671
982000 -16206.8 -20042.2 296.998 89.1476 0.885218
982100 -16094.8 -20001.2 302.5 139.392 0.882656
982200 -16025.3 -19891.2 299.356 25.3249 0.87829
982300 -16045.5 -19964.5 303.471 -55.5932 0.873529
982400 -16138.8 -19969.5 296.634 -436.532 0.870048
982500 -16156.2 -20019.4 299.148 -121.099 0.87026
982600 -16198.8 -20057.9 298.835 31.0566 0.87186
982700 -16263.8 -20087.9 296.124 -24.753 0.873329
982800 -16327.4 -20137.8 295.061 -41.7006 0.87502
982900 -16423.6 -20219.7 293.954 -72.6881 0.877102
983000 -16473.4 -20248.4 292.321 -76.146 0.879774
983100 -16383.7 -20204.3 295.849 170.111 0.88278
983200 -16291.7 -20148.5 298.653 87.1515 0.884637
983300 -16280.3 -20160.2 300.44 82.6879 0.885373
983400 -16326.1 -20165.1 297.28 17.8653 0.885262
983500 -16396.4 -20213.2 295.559 -31.3297 0.884861
983600 -16442.7 -20209.4 291.681 64.9349 0.884693
983700 -16365.6 -20190.5 296.186 233.883 0.88385
983800 -16270.2 -20133.4 299.152 -7.00978 0.881035
983900 -16251.8 -20127 300.084 -294.996 0.878628
984000 -16292.6 -20133.1 297.397 56.3569 0.878393
984100 -16358.2 -20154.2 293.949 -136.671 0.878329
984200 -16373.8 -20185.7 295.184 -98.5866 0.879317
984300 -16276.1 -20125.4 298.08 257.535 0.880748
984400 -16191.6 -20064.8 299.925 46.5267 0.880311
984500 -16196.6 -20075.4 300.359 90.2991 0.879148
984600 -16260.5 -20084.9 296.148 -50.0389 0.877308
984700 -16283 -20115.2 296.753 -118.662 0.875968
984800 -16237.1 -20112.2 300.073 -16.4911 0.875961
984900 -16170.4 -20046.1 300.121 158.862 0.875976
985000 -16158.2 -20044.3 300.924 -17.3582 0.874908
985100 -16238.1 -20087.2 298.058 -283.516 0.874238
985200 -16289.9 -20090.4 294.293 -207.867 0.876106
985300 -16248.3 -20103.5 298.528 98.2567 0.879627
985400 -16224.8 -20087.4 299.099 189.988 0.8818
985500 -16236.7 -20066.8 296.585 129.351 0.881923
985600 -16180.2 -20052.2 299.831 73.6759 0.880949
985700 -16070.2 -19993.4 303.805 124.016 0.879249
985800 -16112.6 -19998.8 300.934 -74.3428 0.876538
985900 -16192.2 -20008.6 295.533 -188.727 0.87502
986000 -16197.8 -20041 297.599 79.3921 0.875104
986100 -16198.6 -20050.3 298.255 -65.6239 0.874864
986200 -16232.5 -20055.8 296.06 -167.698 0.875342
986300 -16271.1 -20110.3 297.296 224.505 0.876901
986400 -16314.5 -20138.6 296.126 -51.4316 0.876954
986500 -16324.5 -20131.5 294.796 -245.109 0.877334
986600 -16234.6 -20095.7 298.988 -50.9823 0.87974
986700 -16171.6 -20055 300.711 175.598 0.8823
986800 -16197.3 -20074.9 300.27 209.897 0.883144
986900 -16252.6 -20068.3 295.471 118.21 0.882053
987000 -16245.8 -20059.5 295.322 -47.8457 0.880117
987100 -16205.3 -20044.3 297.272 -15.7144 0.878583
987200 -16178.7 -20040.9 299.073 58.0073 0.876964
987300 -16172 -19999.1 296.358 -241.724 0.875501
987400 -16075.4 -19946.4 299.758 -34.0642 0.87603
987500 -16010.5 -19951.9 305.21 64.0127 0.877015
987600 -16083.1 -19970.4 301.012 -0.803278 0.877373
987700 -16143.6 -20002.6 298.825 -221.421 0.877945
987800 -16191 -20061 299.683 117.76 0.880057
987900 -16262.1 -20106.6 297.697 257.056 0.881043
988000 -16302.4 -20089.8 293.281 12.3255 0.879777
988100 -16241.6 -20103.9 299.081 84.7841 0.878309
988200 -16172 -20046.2 300.001 -22.881 0.876384
988300 -16172.6 -20064.5 301.372 175.499 0.874113
988400 -16209.4 -20028.1 295.7 -241.084 0.871078
988500 -16210.3 -20057.6 297.919 -247.861 0.870152
988600 -16180.9 -20010.3 296.54 -109.35 0.871827
988700 -16105.1 -19972.8 299.501 -15.404 0.87426
988800 -16044.9 -19894 298.059 75.4344 0.876525
988900 -15978.5 -19904 303.974 54.1078 0.878049
989000 -16030.3 -19936.6 302.486 47.6278 0.878726
989100 -16155.5 -19998.4 297.579 43.6985 0.878801
989200 -16209.5 -20073.6 299.221 -33.2299 0.878472
989300 -16275.8 -20099.2 296.068 -121.251 0.878638
989400 -16286.5 -20091.4 294.643 -63.4903 0.87964
989500 -16196.9 -20068.3 299.788 101.461 0.88086
989600 -16135.7 -20038.4 302.211 205.836 0.881163
989700 -16159.4 -20012.9 298.402 14.6861 0.879737
989800 -16168.6 -20000.2 296.709 -100.94 0.878069
989900 -16144.6 -19970.8 296.286 -253.827 0.877696
990000 -16080.3 -19978.8 301.882 32.9787 0.879204
990100 -16077.3 -19989.6 302.952 -10.4225 0.880888
990200 -16198 -20007 294.953 76.5245 0.882604
990300 -16233.4 -20098.9 299.331 244.457 0.883044
990400 -16261.6 -20052.7 293.568 61.3745 0.881332
990500 -16198.5 -20034.3 297.029 -154.728 0.879604
990600 -16111.5 -19995 300.718 222.212 0.878769
990700 -16107.6 -19963.8 298.609 245.37 0.876049
990800 -16133.8 -19997.6 299.196 -221.054 0.871443
990900 -16213.4 -20026.1 295.246 -645.649 0.869382
991000 -16337.6 -20124.4 293.234 -20.3193 0.872597
991100 -16362.8 -20181.3 295.696 129.382 0.876373
991200 -16333.1 -20183.7 298.176 120.259 0.878767
991300 -16325.4 -20188.4 299.132 289.008 0.879423
991400 -16340.4 -20154.6 295.357 142.238 0.877397
991500 -16262.8 -20065.8 294.488 -119.094 0.874303
991600 -16150.7 -20029.7 300.377 -83.2348 0.872419
991700 -16136.1 -19982.1 297.821 -30.8144 0.871626
991800 -16152.3 -20044.5 301.403 -100.461 0.871546
991900 -16241.7 -20057.2 295.461 9.58732 0.872075
992000 -16274.3 -20103.8 296.539 -139.945 0.872737
992100 -16256.4 -20123.1 299.424 -34.7553 0.874439
992200 -16270.2 -20107.5 297.148 245.921 0.876356
992300 -16317 -20114.5 294.064 -161.236 0.876476
992400 -16295.9 -20119.2 296.064 -214.844 0.877585
992500 -16211.2 -20067.8 298.635 -44.8487 0.880929
992600 -16180.9 -20100.1 303.487 408.641 0.88447
992700 -16252.3 -20099.2 297.891 152.392 0.884509
992800 -16275.7 -20121.3 297.793 -123.757 0.882704
992900 -16283.7 -20139.8 298.602 94.3321 0.881847
993000 -16283.6 -20102.3 295.71 -171.944 0.880566
993100 -16186 -20068.1 300.618 30.9169 0.880503
993200 -16123.9 -20033.9 302.774 27.6367 0.880673
993300 -16178.5 -20059.6 300.542 62.2405 0.880498
993400 -16251.8 -20076.4 296.162 -3.92914 0.879802
993500 -16252.3 -20112.3 298.905 -144.837 0.879022
993600 -16255.4 -20070.1 295.393 90.2636 0.879495
993700 -16197.9 -20052.7 298.501 -39.8849 0.879518
993800 -16103.3 -20010.8 302.583 -127.138 0.879546
993900 -16121.9 -20026.7 302.374 -124.888 0.880991
994000 -16172.5 -20049.9 300.245 181.117 0.883525
994100 -16235.3 -20105.4 299.684 108.213 0.88458
994200 -16308.2 -20148.7 297.394 39.6421 0.884545
994300 -16330.5 -20133.6 294.499 -38.0595 0.884302
994400 -16293.3 -20153.5 298.914 -21.3893 0.884369
994500 -16286.5 -20143.9 298.702 138.062 0.884607
994600 -16288.4 -20135.6 297.913 165.724 0.883479
994700 -16280 -20089.8 295.019 -42.7506 0.880364
994800 -16209.8 -20076.6 299.427 1.3912 0.876607
994900 -16168.8 -20021.3 298.322 -216.209 0.872835
995000 -16160.7 -20020.9 298.923 -272.621 0.870419
995100 -16153 -19968 295.419 -126.435 0.870076
995200 -16124.3 -20000.4 300.158 -187.067 0.871603
995300 -16159.4 -20041.3 300.599 223.87 0.875255
995400 -16251.5 -20107.1 298.564 203.69 0.877787
995500 -16291.2 -20121.8 296.627 124.642 0.878466
995600 -16285.5 -20106.6 295.893 -101.543 0.878553
995700 -16229.9 -20049.7 295.794 53.3399 0.879307
995800 -16150.3 -20040.7 301.256 78.102 0.879598
995900 -16156.4 -20030.3 299.978 -36.1175 0.879231
996000 -16190.2 -20018.2 296.425 -62.7688 0.879229
996100 -16190.5 -20030.2 297.327 32.3116 0.87994
996200 -16127.7 -19997.4 299.656 221.55 0.880255
996300 -16063.3 -20006.2 305.32 350.06 0.878042
996400 -16137.6 -19953.8 295.512 -176.966 0.872821
996500 -16146.1 -19978.9 296.798 -284.705 0.869023
996600 -16131.2 -19987.1 298.581 -147.474 0.868077
996700 -16148.4 -20016.3 299.51 -131.65 0.868754
996800 -16245.5 -20066.1 295.846 -343.595 0.871048
996900 -16341 -20124.1 292.953 68.6526 0.875929
997000 -16329.4 -20179.4 298.125 161.857 0.880354
997100 -16320.5 -20126.8 294.739 -98.1051 0.88302
997200 -16259.3 -20115.3 298.593 -9.15566 0.885957
997300 -16200.2 -20086.7 300.953 108.782 0.88866
997400 -16221.8 -20137.8 303.238 145.353 0.890029
997500 -16285.7 -20140.5 298.498 214.075 0.889879
997600 -16301.5 -20147.8 297.848 -88.2507 0.888061
997700 -16300.2 -20115.7 295.457 261.608 0.886341
997800 -16242 -20112.8 299.737 186.164 0.883043
997900 -16185.6 -20059.1 299.949 -164.719 0.878559
998000 -16166.9 -20054.8 301.063 -305.632 0.876221
998100 -16244 -20101 298.675 -42.2072 0.87669
998200 -16326.8 -20131.8 294.643 -114.97 0.877859
998300 -16303.8 -20118.4 295.385 -3.58232 0.879724
998400 -16230.6 -20148.6 303.399 34.5279 0.88165
998500 -16271.6 -20184.1 302.969 204.334 0.882661
998600 -16338.8 -20167.4 296.473 7.95332 0.881958
998700 -16326.7 -20164.6 297.191 27.4008 0.881155
998800 -16293.5 -20180 300.951 -4.7697 0.880091
998900 -16292.1 -20128.2 297.054 -215.876 0.879472
999000 -16263.8 -20132.7 299.595 276.237 0.880044
999100 -16251.6 -20099.2 297.944 5.6616 0.878903
999200 -16222 -20073.8 298.267 8.78463 0.877158
999300 -16173.9 -20039.3 299.321 106.03 0.875268
999400 -16132.2 -19988.8 298.647 -213.313 0.873019
999500 -16055.5 -19925.5 299.677 -176.85 0.872682
999600 -16001.3 -19940.4 305.028 -37.0622 0.874201
999700 -16092.5 -19987.9 301.645 130.816 0.876034
999800 -16163.6 -20039 300.093 104.318 0.876461
999900 -16214.4 -20035.5 295.889 -92.1502 0.875817
1000000 -16219.1 -20047.1 296.43 -22.2956 0.876259
