# Radius 	finiterdf__wat_wat	rdf__wat_wat	finiterdf__wat_met	rdf__wat_met	finiterdf__met_met	rdf__met_met	
0.00806621 0	0	0	0	0	0	
0.0241986 0	0	0	0	0	0	
0.040331 0	0	0	0	0	0	
0.0564634 0	0	0	0	0	0	
0.0725959 0	0	0	0	0	0	
0.0887283 0	0	0	0	0	0	
0.104861 0	0	0	0	0	0	
0.120993 0	0	0	0	0	0	
0.137126 0	0	0	0	0	0	
0.153258 0	0	0	0	0	0	
0.16939 0	0	0	0	0	0	
0.185523 0	0	0	0	0	0	
0.201655 0	0	0	0	0	0	
0.217788 0	0	0	0	0	0	
0.23392 0	0	0	0	0	0	
0.250052 0	0	0	0	0	0	
0.266185 0	0	0	0	0	0	
0.282317 0	0	0	0	0	0	
0.29845 0	0	0	0	0	0	
0.314582 0	0	0	0	0	0	
0.330714 0	0	0	0	0	0	
0.346847 0	0	0	0	0	0	
0.362979 0	0	0	0	0	0	
0.379112 0	0	0	0	0	0	
0.395244 0	0	0	0	0	0	
0.411377 0	0	0	0	0	0	
0.427509 0	0	0	0	0	0	
0.443641 0	0	0	0	0	0	
0.459774 0	0	0	0	0	0	
0.475906 0	0	0	0	0	0	
0.492039 0	0	0	0	0	0	
0.508171 0	0	0	0	0	0	
0.524303 0	0	0	0	0	0	
0.540436 0	0	0	0	0	0	
0.556568 0	0	0	0	0	0	
0.572701 0	0	0	0	0	0	
0.588833 0	0	0	0	0	0	
0.604966 0	0	0	0	0	0	
0.621098 0	0	0	0	0	0	
0.63723 0	0	0	0	0	0	
0.653363 0	0	0	0	0	0	
0.669495 0	0	0	0	0	0	
0.685628 0	0	0	0	0	0	
0.70176 0	0	0	0	0	0	
0.717892 0	0	0	0	0	0	
0.734025 0	0	0	0	0	0	
0.750157 0	0	0	0	0	0	
0.76629 0	0	0	0	0	0	
0.782422 0	0	0	0	0	0	
0.798554 0	0	0	0	0	0	
0.814687 0	0	0	0	0	0	
0.830819 0	0	0	0	0	0	
0.846952 0	0	0	0	0	0	
0.863084 0	0	0	0	0	0	
0.879217 0	0	0	0	0	0	
0.895349 0	0	0	0	0	0	
0.911481 0	0	0	0	0	0	
0.927614 0	0	0	0	0	0	
0.943746 0	0	0	0	0	0	
0.959879 0	0	0	0	0	0	
0.976011 0	0	0	0	0	0	
0.992143 0	0	0	0	0	0	
1.00828 0	0	0	0	0	0	
1.02441 0	0	0	0	0	0	
1.04054 0	0	0	0	0	0	
1.05667 0	0	0	0	0	0	
1.07281 0	0	0	0	0	0	
1.08894 0	0	0	0	0	0	
1.10507 0	0	0	0	0	0	
1.1212 0	0	0	0	0	0	
1.13734 0	0	0	0	0	0	
1.15347 0	0	0	0	0	0	
1.1696 0	0	0	0	0	0	
1.18573 0	0	0	0	0	0	
1.20186 0	0	0	0	0	0	
1.218 0	0	0	0	0	0	
1.23413 0	0	0	0	0	0	
1.25026 0	0	0	0	0	0	
1.26639 0	0	0	0	0	0	
1.28253 0	0	0	0	0	0	
1.29866 0	0	0	0	0	0	
1.31479 0	0	0	0	0	0	
1.33092 0	0	0	0	0	0	
1.34706 0	0	0	0	0	0	
1.36319 0	0	0	0	0	0	
1.37932 0	0	0	0	0	0	
1.39545 0	0	0	0	0	0	
1.41159 0	0	0	0	0	0	
1.42772 0	0	0	0	0	0	
1.44385 0	0	0	0	0	0	
1.45998 0	0	0	0	0	0	
1.47612 0	0	0	0	0	0	
1.49225 0	0	0	0	0	0	
1.50838 0	0	0	0	0	0	
1.52451 0	0	0	0	0	0	
1.54065 0	0	0	0	0	0	
1.55678 0	0	0	0	0	0	
1.57291 0	0	0	0	0	0	
1.58904 0	0	0	0	0	0	
1.60518 0	0	0	0	0	0	
1.62131 0	0	0	0	0	0	
1.63744 0	0	0	0	0	0	
1.65357 0	0	0	0	0	0	
1.6697 0	0	0	0	0	0	
1.68584 0	0	0	0	0	0	
1.70197 0	0	0	0	0	0	
1.7181 0	0	0	0	0	0	
1.73423 0	0	0	0	0	0	
1.75037 0	0	0	0	0	0	
1.7665 0	0	0	0	0	0	
1.78263 0	0	0	0	0	0	
1.79876 0	0	0	0	0	0	
1.8149 0	0	0	0	0	0	
1.83103 0	0	0	0	0	0	
1.84716 0	0	0	0	0	0	
1.86329 0	0	0	0	0	0	
1.87943 0	0	0	0	0	0	
1.89556 0	0	0	0	0	0	
1.91169 0	0	0	0	0	0	
1.92782 0	0	0	0	0	0	
1.94396 0	0	0	0	0	0	
1.96009 0	0	0	0	0	0	
1.97622 0	0	0	0	0	0	
1.99235 0	0	0	0	0	0	
2.00849 0	0	0	0	0	0	
2.02462 0	0	0	0	0	0	
2.04075 0	0	0	0	0	0	
2.05688 0	0	0	0	0	0	
2.07302 0	0	0	0	0	0	
2.08915 0	0	0	0	0	0	
2.10528 0	0	0	0	0	0	
2.12141 0	0	0	0	0	0	
2.13754 0	0	0	0	0	0	
2.15368 0	0	0	0	0	0	
2.16981 0	0	0	0	0	0	
2.18594 0	0	0	0	0	0	
2.20207 0	0	0	0	0	0	
2.21821 0	0	0	0	0	0	
2.23434 0	0	0	0	0	0	
2.25047 0	0	0	0	0	0	
2.2666 0	0	0	0	0	0	
2.28274 0	0	0	0	0	0	
2.29887 0	0	0	0	0	0	
2.315 0	0	8.7441e-07	8.73927e-07	1.74882e-06	1.7496e-06	
2.33113 0	0	4.31175e-06	4.30931e-06	1.55223e-05	1.55291e-05	
2.34727 1.70107e-06	1.7018e-06	1.44591e-05	1.44508e-05	0.000102064	0.000102108	
2.3634 6.71172e-06	6.71449e-06	7.38289e-05	7.37855e-05	0.000352365	0.000352511	
2.37953 5.46234e-05	5.46453e-05	0.000284704	0.000284533	0.0011802	0.00118067	
2.39566 0.000205763	0.000205843	0.000950428	0.000949846	0.00357635	0.00357774	
2.4118 0.000834635	0.000834948	0.00306704	0.00306513	0.00895057	0.00895394	
2.42793 0.00285073	0.00285177	0.00827714	0.00827187	0.0206658	0.0206733	
2.44406 0.0084789	0.00848187	0.0201986	0.0201854	0.0426863	0.0427013	
2.46019 0.0224083	0.0224158	0.0446315	0.0446019	0.0804721	0.0804994	
2.47633 0.0509823	0.0509989	0.0889596	0.0888996	0.141261	0.141307	
2.49246 0.108345	0.108379	0.164336	0.164224	0.232206	0.23228	
2.50859 0.208539	0.208602	0.280049	0.279855	0.353805	0.353914	
2.52472 0.367062	0.36717	0.444365	0.444053	0.510651	0.510805	
2.54086 0.603294	0.603469	0.662093	0.661625	0.700173	0.700382	
2.55699 0.926157	0.926423	0.935114	0.934452	0.915311	0.915583	
2.57312 1.33637	1.33676	1.25356	1.25267	1.14671	1.14706	
2.58925 1.82879	1.82935	1.60506	1.60394	1.38313	1.38355	
2.60538 2.38004	2.38081	1.97314	1.9718	1.6106	1.6111	
2.62152 2.9674	2.96845	2.33333	2.33179	1.81516	1.81575	
2.63765 3.55671	3.5581	2.67549	2.67379	1.99679	1.99747	
2.65378 4.11253	4.11434	2.97126	2.96946	2.13338	2.13415	
2.66991 4.60874	4.61101	3.21601	3.21416	2.23847	2.23931	
2.68605 5.02309	5.02588	3.40597	3.40414	2.29754	2.29845	
2.70218 5.33157	5.33489	3.52636	3.52461	2.31457	2.31554	
2.71831 5.5434	5.54725	3.58224	3.5806	2.30515	2.30616	
2.73444 5.65224	5.65659	3.58451	3.58302	2.25712	2.25815	
2.75058 5.65829	5.66307	3.53015	3.52883	2.18638	2.18743	
2.76671 5.58077	5.5859	3.43277	3.43162	2.08919	2.09022	
2.78284 5.42711	5.4325	3.30575	3.30477	1.98533	1.98635	
2.79897 5.21921	5.22476	3.1481	3.14727	1.86679	1.86777	
2.81511 4.973	4.97863	2.97326	2.97258	1.74678	1.74772	
2.83124 4.69583	4.70144	2.7884	2.78785	1.62413	1.62503	
2.84737 4.39771	4.40322	2.6007	2.60026	1.50319	1.50403	
2.8635 4.0988	4.10417	2.41141	2.41106	1.38626	1.38704	
2.87964 3.79952	3.80468	2.2298	2.22952	1.27572	1.27644	
2.89577 3.51045	3.51537	2.05484	2.05462	1.16999	1.17066	
2.9119 3.2309	3.23557	1.89212	1.89195	1.07215	1.07276	
2.92803 2.97291	2.97731	1.73687	1.73674	0.980938	0.9815	
2.94417 2.72966	2.73378	1.59325	1.59315	0.900241	0.900756	
2.9603 2.504	2.50786	1.46245	1.46237	0.824761	0.82523	
2.97643 2.30258	2.30619	1.34415	1.34409	0.757419	0.757846	
2.99256 2.11816	2.12152	1.23704	1.23699	0.696395	0.696784	
3.0087 1.95253	1.95566	1.13934	1.13929	0.642023	0.642376	
3.02483 1.80021	1.80313	1.0515	1.05146	0.593374	0.593696	
3.04096 1.66731	1.67004	0.975106	0.975067	0.553162	0.553458	
3.05709 1.54902	1.55156	0.90592	0.905882	0.513433	0.513702	
3.07322 1.44313	1.44552	0.843945	0.843907	0.480468	0.480715	
3.08936 1.3514	1.35365	0.791536	0.791497	0.453126	0.453354	
3.10549 1.26788	1.26999	0.743966	0.743926	0.428548	0.428758	
3.12162 1.19857	1.20058	0.702857	0.702814	0.406285	0.406479	
3.13775 1.13584	1.13774	0.667014	0.666968	0.389334	0.389515	
3.15389 1.07922	1.08103	0.634919	0.634871	0.372746	0.372914	
3.17002 1.03262	1.03435	0.60789	0.607838	0.360278	0.360436	
3.18615 0.991074	0.992735	0.584774	0.58472	0.349896	0.350044	
3.20228 0.955658	0.957259	0.563979	0.563921	0.339905	0.340044	
3.21842 0.924393	0.92594	0.547472	0.547411	0.334551	0.334684	
3.23455 0.898947	0.90045	0.532804	0.532738	0.327784	0.327909	
3.25068 0.875569	0.87703	0.520059	0.51999	0.324482	0.324601	
3.26681 0.855469	0.856894	0.511049	0.510975	0.32094	0.321053	
3.28295 0.839365	0.84076	0.503745	0.503666	0.321384	0.321492	
3.29908 0.825321	0.826689	0.49643	0.496346	0.321298	0.3214	
3.31521 0.814664	0.81601	0.492594	0.492505	0.321499	0.321596	
3.33134 0.803569	0.804894	0.488534	0.48844	0.323231	0.323323	
3.34748 0.797454	0.798765	0.487596	0.487496	0.326714	0.326802	
3.36361 0.790701	0.791997	0.487226	0.48712	0.328977	0.329061	
3.37974 0.785935	0.787219	0.48808	0.487968	0.33425	0.33433	
3.39587 0.781974	0.783247	0.488717	0.488599	0.339716	0.339791	
3.41201 0.779023	0.780287	0.491061	0.490936	0.345645	0.345716	
3.42814 0.778545	0.779804	0.494067	0.493935	0.352233	0.352299	
3.44427 0.777339	0.778592	0.498757	0.498617	0.359388	0.35945	
3.4604 0.776896	0.778143	0.503878	0.50373	0.366816	0.366873	
3.47654 0.778564	0.77981	0.508288	0.508133	0.374824	0.374877	
3.49267 0.779934	0.781178	0.514506	0.514342	0.384131	0.384179	
3.5088 0.781667	0.782909	0.521222	0.521049	0.39177	0.391812	
3.52493 0.783142	0.784382	0.527904	0.527723	0.402976	0.403013	
3.54106 0.785352	0.78659	0.534398	0.534208	0.411095	0.411126	
3.5572 0.789247	0.790487	0.542883	0.542683	0.422178	0.422204	
3.57333 0.793441	0.794683	0.551669	0.551459	0.433166	0.433185	
3.58946 0.796054	0.797296	0.559795	0.559575	0.444891	0.444904	
3.60559 0.802035	0.803282	0.569258	0.569027	0.455517	0.455523	
3.62173 0.804466	0.805712	0.578063	0.577823	0.467806	0.467806	
3.63786 0.809675	0.810925	0.588049	0.587797	0.481211	0.481204	
3.65399 0.813805	0.815057	0.597829	0.597566	0.494584	0.494569	
3.67012 0.81849	0.819745	0.60896	0.608686	0.506908	0.506886	
3.68626 0.825732	0.826994	0.618146	0.61786	0.519788	0.519758	
3.70239 0.830781	0.832046	0.629697	0.629399	0.534932	0.534894	
3.71852 0.836289	0.837559	0.640041	0.639732	0.548495	0.548449	
3.73465 0.842552	0.843827	0.651824	0.651502	0.562818	0.562763	
3.75079 0.84818	0.84946	0.664087	0.663752	0.577705	0.577642	
3.76692 0.854362	0.855648	0.675055	0.674708	0.590923	0.590851	
3.78305 0.860228	0.861519	0.686823	0.686463	0.606218	0.606137	
3.79918 0.865863	0.867159	0.698903	0.698531	0.621873	0.621782	
3.81532 0.87504	0.876346	0.711354	0.710969	0.637123	0.637023	
3.83145 0.879821	0.881132	0.723341	0.722942	0.653139	0.653029	
3.84758 0.887358	0.888677	0.734593	0.734182	0.66891	0.668791	
3.86371 0.895908	0.897236	0.747597	0.747173	0.684569	0.68444	
3.87985 0.902558	0.903893	0.759765	0.759328	0.700438	0.700299	
3.89598 0.910729	0.912073	0.772606	0.772156	0.716665	0.716516	
3.91211 0.916275	0.917625	0.784791	0.784329	0.732818	0.73266	
3.92824 0.925742	0.927105	0.796883	0.796408	0.747866	0.747697	
3.94438 0.932284	0.933653	0.810042	0.809554	0.764742	0.764565	
3.96051 0.940618	0.941998	0.823052	0.822551	0.781234	0.781046	
3.97664 0.948792	0.950183	0.834587	0.834075	0.79721	0.797013	
3.99277 0.95574	0.957139	0.846805	0.846281	0.811815	0.81161	
4.0089 0.964738	0.966149	0.858768	0.858232	0.82972	0.829505	
4.02504 0.973701	0.975124	0.871684	0.871136	0.844658	0.844435	
4.04117 0.979466	0.980897	0.883375	0.882816	0.861597	0.861365	
4.0573 0.988263	0.989707	0.895071	0.894502	0.877158	0.876918	
4.07343 0.996563	0.998018	0.906659	0.906079	0.892109	0.891861	
4.08957 1.00403	1.0055	0.919332	0.918741	0.907603	0.907348	
4.1057 1.01154	1.01302	0.930346	0.929746	0.923775	0.923513	
4.12183 1.02055	1.02205	0.942064	0.941455	0.938947	0.938679	
4.13796 1.02912	1.03063	0.952725	0.952107	0.955805	0.95553	
4.1541 1.03676	1.03828	0.964329	0.963702	0.970355	0.970075	
4.17023 1.04392	1.04545	0.975069	0.974434	0.985238	0.984953	
4.18636 1.05123	1.05277	0.986638	0.985995	1.00021	0.999925	
4.20249 1.05925	1.06081	0.99718	0.99653	1.01438	1.01409	
4.21863 1.06648	1.06805	1.00636	1.0057	1.03049	1.03019	
4.23476 1.07315	1.07474	1.0173	1.01664	1.04455	1.04425	
4.25089 1.08053	1.08212	1.02715	1.02648	1.05927	1.05897	
4.26702 1.08739	1.089	1.03802	1.03734	1.0734	1.0731	
4.28316 1.09314	1.09476	1.04729	1.04661	1.08616	1.08586	
4.29929 1.10069	1.10233	1.05684	1.05616	1.09866	1.09836	
4.31542 1.10714	1.1088	1.06638	1.0657	1.11382	1.11352	
4.33155 1.11127	1.11293	1.07556	1.07488	1.12664	1.12634	
4.34769 1.1173	1.11898	1.08458	1.08389	1.13933	1.13904	
4.36382 1.12246	1.12415	1.09316	1.09247	1.15154	1.15125	
4.37995 1.12926	1.13098	1.10151	1.10082	1.16376	1.16347	
4.39608 1.13307	1.1348	1.10854	1.10785	1.17703	1.17675	
4.41222 1.1364	1.13814	1.11764	1.11695	1.18796	1.18769	
4.42835 1.14165	1.1434	1.12412	1.12343	1.1987	1.19844	
4.44448 1.14595	1.14772	1.13165	1.13096	1.21012	1.20986	
4.46061 1.14927	1.15105	1.1385	1.13781	1.21847	1.21822	
4.47674 1.15357	1.15536	1.14451	1.14382	1.22944	1.22921	
4.49288 1.15801	1.15982	1.15107	1.15039	1.23782	1.23759	
4.50901 1.15826	1.16008	1.1552	1.15452	1.24717	1.24695	
4.52514 1.16243	1.16425	1.16157	1.1609	1.25654	1.25634	
4.54127 1.16447	1.16631	1.16609	1.16543	1.26153	1.26134	
4.55741 1.16588	1.16773	1.17079	1.17013	1.27025	1.27007	
4.57354 1.16934	1.17121	1.1742	1.17355	1.27583	1.27567	
4.58967 1.1701	1.17198	1.17663	1.17599	1.28144	1.28129	
4.6058 1.17084	1.17273	1.17911	1.17847	1.28688	1.28675	
4.62194 1.17163	1.17353	1.18089	1.18027	1.29236	1.29225	
4.63807 1.17168	1.17358	1.18264	1.18203	1.29565	1.29556	
4.6542 1.17236	1.17428	1.18405	1.18344	1.29753	1.29745	
4.67033 1.17305	1.17498	1.18399	1.18339	1.3001	1.30004	
4.68647 1.17287	1.17481	1.1842	1.18361	1.3009	1.30086	
4.7026 1.17265	1.1746	1.18402	1.18345	1.30408	1.30406	
4.71873 1.17321	1.17517	1.18412	1.18356	1.30544	1.30544	
4.73486 1.1699	1.17186	1.18113	1.18057	1.30451	1.30452	
4.751 1.17056	1.17253	1.17924	1.1787	1.30457	1.3046	
4.76713 1.17043	1.17241	1.17717	1.17664	1.30343	1.30349	
4.78326 1.1674	1.16939	1.17507	1.17455	1.30098	1.30105	
4.79939 1.16562	1.16761	1.17222	1.17171	1.29841	1.2985	
4.81553 1.16485	1.16685	1.1693	1.1688	1.29868	1.29879	
4.83166 1.16181	1.16382	1.16548	1.16499	1.29579	1.29592	
4.84779 1.15991	1.16193	1.16053	1.16005	1.29074	1.29089	
4.86392 1.15765	1.15967	1.15578	1.15532	1.28813	1.2883	
4.88006 1.15419	1.15621	1.15199	1.15154	1.2853	1.28548	
4.89619 1.15057	1.1526	1.14663	1.14619	1.28178	1.28198	
4.91232 1.14807	1.1501	1.14186	1.14143	1.27739	1.27761	
4.92845 1.14553	1.14757	1.13573	1.13531	1.27093	1.27117	
4.94458 1.14084	1.14288	1.12977	1.12936	1.26675	1.26701	
4.96072 1.13752	1.13956	1.12407	1.12366	1.26144	1.26171	
4.97685 1.1326	1.13464	1.11805	1.11766	1.2563	1.25659	
4.99298 1.12895	1.13098	1.11152	1.11114	1.25101	1.25131	
5.00911 1.12463	1.12667	1.10532	1.10495	1.24528	1.2456	
5.02525 1.11954	1.12158	1.09869	1.09832	1.23908	1.23941	
5.04138 1.11435	1.11638	1.09226	1.0919	1.23157	1.23192	
5.05751 1.10799	1.11002	1.08473	1.08438	1.2258	1.22617	
5.07364 1.10284	1.10487	1.07755	1.0772	1.21932	1.2197	
5.08978 1.09693	1.09895	1.07065	1.07031	1.21276	1.21314	
5.10591 1.09034	1.09235	1.06328	1.06294	1.20668	1.20708	
5.12204 1.08514	1.08714	1.05491	1.05458	1.20019	1.2006	
5.13817 1.07865	1.08065	1.04823	1.04791	1.19379	1.19421	
5.15431 1.07138	1.07337	1.03971	1.03939	1.18647	1.1869	
5.17044 1.06467	1.06665	1.0325	1.03219	1.17825	1.17869	
5.18657 1.05707	1.05905	1.02468	1.02437	1.17098	1.17143	
5.2027 1.05027	1.05223	1.01654	1.01623	1.1641	1.16456	
5.21884 1.04224	1.04419	1.0092	1.0089	1.15631	1.15678	
5.23497 1.03487	1.0368	1.00029	0.999992	1.14893	1.1494	
5.2511 1.02795	1.02988	0.993371	0.993072	1.14229	1.14277	
5.26723 1.01996	1.02188	0.984515	0.984218	1.13365	1.13414	
5.28337 1.01173	1.01363	0.977166	0.976869	1.12681	1.1273	
5.2995 1.00484	1.00673	0.969096	0.9688	1.11949	1.11998	
5.31563 0.994805	0.996674	0.960325	0.960029	1.11167	1.11217	
5.33176 0.987486	0.98934	0.952778	0.952482	1.10436	1.10487	
5.3479 0.979039	0.980876	0.943426	0.943129	1.09636	1.09687	
5.36403 0.970334	0.972153	0.9369	0.936601	1.08869	1.0892	
5.38016 0.962678	0.964481	0.928701	0.928401	1.08233	1.08284	
5.39629 0.953796	0.955579	0.921667	0.921365	1.07393	1.07444	
5.41242 0.946923	0.94869	0.91386	0.913555	1.06765	1.06816	
5.42856 0.93917	0.94092	0.906613	0.906306	1.05907	1.05959	
5.44469 0.930156	0.931885	0.900231	0.89992	1.0532	1.05371	
5.46082 0.923067	0.924778	0.892546	0.892231	1.04681	1.04732	
5.47695 0.91643	0.918124	0.886506	0.886187	1.0406	1.04111	
5.49309 0.909335	0.911011	0.880582	0.880258	1.03346	1.03397	
5.50922 0.902931	0.904589	0.873995	0.873666	1.02777	1.02829	
5.52535 0.897063	0.898704	0.868749	0.868416	1.02135	1.02186	
5.54148 0.891824	0.893449	0.863216	0.862876	1.01499	1.01549	
5.55762 0.88635	0.887958	0.858138	0.857792	1.00928	1.00978	
5.57375 0.881191	0.882783	0.853511	0.853159	1.00388	1.00438	
5.58988 0.877026	0.878604	0.849349	0.84899	0.998345	0.998846	
5.60601 0.87237	0.873932	0.84561	0.845244	0.993958	0.994456	
5.62215 0.869985	0.871535	0.841801	0.841427	0.988825	0.989319	
5.63828 0.866573	0.868109	0.839136	0.838754	0.984835	0.985326	
5.65441 0.862761	0.864282	0.835978	0.835588	0.980144	0.980632	
5.67054 0.86184	0.863351	0.83327	0.832872	0.975688	0.976172	
5.68668 0.860036	0.861536	0.832043	0.831636	0.972866	0.973347	
5.70281 0.858944	0.860434	0.830069	0.829653	0.968715	0.969192	
5.71894 0.858912	0.860393	0.829149	0.828724	0.965262	0.965735	
5.73507 0.858325	0.859797	0.827644	0.827208	0.961729	0.962197	
5.75121 0.858693	0.860156	0.826867	0.826422	0.958356	0.95882	
5.76734 0.858829	0.860284	0.827043	0.826587	0.956783	0.957243	
5.78347 0.85996	0.861409	0.826865	0.826399	0.955071	0.955527	
5.7996 0.861563	0.863006	0.827332	0.826855	0.951956	0.952407	
5.81574 0.862333	0.863769	0.827166	0.826679	0.94933	0.949776	
5.83187 0.86469	0.866121	0.828451	0.827954	0.947221	0.947663	
5.848 0.867723	0.86915	0.829425	0.828916	0.946209	0.946647	
5.86413 0.869154	0.870576	0.830922	0.830402	0.944916	0.945349	
5.88026 0.872613	0.874032	0.833196	0.832665	0.942792	0.943221	
5.8964 0.876983	0.878402	0.834493	0.83395	0.941518	0.941942	
5.91253 0.878837	0.88025	0.836782	0.836227	0.941051	0.94147	
5.92866 0.88275	0.884162	0.839013	0.838447	0.940596	0.941012	
5.94479 0.88683	0.888241	0.841145	0.840567	0.940237	0.940648	
5.96093 0.892254	0.893666	0.843117	0.842527	0.93812	0.938525	
5.97706 0.895235	0.896645	0.846563	0.845961	0.938466	0.938867	
5.99319 0.899819	0.901229	0.84954	0.848926	0.937523	0.937919	
6.00932 0.903348	0.904757	0.853005	0.852378	0.937009	0.9374	
6.02546 0.909511	0.910923	0.854923	0.854286	0.938758	0.939146	
6.04159 0.91451	0.915924	0.858574	0.857924	0.938294	0.938677	
6.05772 0.918543	0.919958	0.862248	0.861585	0.938312	0.93869	
6.07385 0.922955	0.924371	0.86599	0.865315	0.938738	0.939112	
6.08999 0.929038	0.930458	0.869511	0.868825	0.938955	0.939325	
6.10612 0.932984	0.934405	0.873459	0.872761	0.939791	0.940157	
6.12225 0.939221	0.940646	0.877946	0.877236	0.94021	0.940572	
6.13838 0.943006	0.944434	0.881333	0.880611	0.941315	0.941672	
6.15452 0.949485	0.950918	0.885344	0.88461	0.942136	0.942489	
6.17065 0.954847	0.956285	0.889531	0.888786	0.94208	0.942428	
6.18678 0.959262	0.960704	0.893574	0.892818	0.943545	0.943889	
6.20291 0.966038	0.967487	0.898204	0.897436	0.943582	0.943922	
6.21905 0.971253	0.972708	0.902784	0.902005	0.94584	0.946176	
6.23518 0.976518	0.977979	0.906972	0.906182	0.946449	0.946781	
6.25131 0.982065	0.983533	0.911454	0.910653	0.947562	0.947891	
6.26744 0.986957	0.988431	0.916452	0.915641	0.9491	0.949426	
6.28358 0.992488	0.99397	0.920462	0.919641	0.950987	0.951309	
6.29971 0.998013	0.999503	0.924887	0.924056	0.95178	0.952098	
6.31584 1.00305	1.00455	0.929069	0.928228	0.953882	0.954197	
6.33197 1.00865	1.01016	0.934461	0.93361	0.953914	0.954226	
6.3481 1.01304	1.01456	0.938005	0.937146	0.956254	0.956563	
6.36424 1.01839	1.01992	0.942896	0.942027	0.958086	0.958392	
6.38037 1.02353	1.02507	0.947285	0.946407	0.960389	0.960692	
6.3965 1.02808	1.02962	0.951833	0.950947	0.961085	0.961385	
6.41263 1.03249	1.03404	0.955784	0.954891	0.962364	0.962661	
6.42877 1.03824	1.0398	0.960391	0.95949	0.965303	0.965598	
6.4449 1.04212	1.0437	0.964768	0.96386	0.966969	0.967262	
6.46103 1.04744	1.04903	0.969486	0.968571	0.967841	0.968132	
6.47716 1.05214	1.05375	0.973632	0.97271	0.96963	0.969918	
6.4933 1.05616	1.05777	0.978273	0.977345	0.971854	0.972141	
6.50943 1.06134	1.06296	0.981778	0.980845	0.973337	0.973621	
6.52556 1.06373	1.06537	0.98654	0.985601	0.975192	0.975475	
6.54169 1.06736	1.06901	0.990139	0.989196	0.977616	0.977898	
6.55783 1.0724	1.07406	0.994077	0.993129	0.979367	0.979648	
6.57396 1.07612	1.0778	0.997305	0.996354	0.979908	0.980187	
6.59009 1.07958	1.08127	1.00158	1.00063	0.981805	0.982083	
6.60622 1.08248	1.08419	1.00515	1.00419	0.983806	0.984083	
6.62236 1.08626	1.08798	1.0078	1.00684	0.986003	0.986279	
6.63849 1.08895	1.09068	1.01206	1.0111	0.987196	0.987472	
6.65462 1.09164	1.09339	1.01536	1.01439	0.988879	0.989154	
6.67075 1.09457	1.09633	1.01786	1.01689	0.99055	0.990824	
6.68689 1.09732	1.0991	1.02107	1.0201	0.991872	0.992146	
6.70302 1.09793	1.09972	1.02482	1.02385	0.993146	0.993419	
6.71915 1.10084	1.10264	1.02709	1.02612	0.995507	0.995781	
6.73528 1.10346	1.10528	1.02972	1.02875	0.99622	0.996494	
6.75142 1.10437	1.1062	1.03222	1.03126	0.996854	0.997128	
6.76755 1.10587	1.10771	1.03487	1.03391	0.998827	0.999101	
6.78368 1.10759	1.10946	1.03666	1.0357	0.998972	0.999246	
6.79981 1.1082	1.11008	1.03844	1.03748	1.0003	1.00058	
6.81594 1.10867	1.11056	1.04128	1.04032	1.00197	1.00225	
6.83208 1.10996	1.11187	1.04269	1.04174	1.00255	1.00283	
6.84821 1.10867	1.11058	1.04495	1.044	1.00315	1.00343	
6.86434 1.10988	1.11181	1.04568	1.04473	1.00574	1.00602	
6.88047 1.1099	1.11185	1.04703	1.04609	1.00604	1.00632	
6.89661 1.11005	1.112	1.04903	1.04809	1.00614	1.00642	
6.91274 1.10873	1.11069	1.04941	1.04847	1.00638	1.00666	
6.92887 1.10832	1.1103	1.05069	1.04975	1.00824	1.00853	
6.945 1.10875	1.11074	1.05191	1.05098	1.00786	1.00814	
6.96114 1.10762	1.10962	1.05226	1.05134	1.00851	1.00879	
6.97727 1.10622	1.10823	1.05331	1.05239	1.00894	1.00922	
6.9934 1.10505	1.10707	1.05377	1.05286	1.0097	1.00998	
7.00953 1.10359	1.10562	1.05368	1.05277	1.00931	1.00959	
7.02567 1.10146	1.1035	1.05411	1.05321	1.00947	1.00975	
7.0418 1.10055	1.1026	1.05435	1.05345	1.01061	1.0109	
7.05793 1.0989	1.10096	1.05459	1.0537	1.01118	1.01147	
7.07406 1.09703	1.09909	1.05394	1.05306	1.01015	1.01045	
7.0902 1.09487	1.09695	1.05409	1.05322	1.01088	1.01117	
7.10633 1.09197	1.09405	1.05337	1.0525	1.01073	1.01103	
7.12246 1.0893	1.09139	1.05323	1.05236	1.01124	1.01154	
7.13859 1.0868	1.08889	1.0529	1.05204	1.01076	1.01105	
7.15473 1.08478	1.08688	1.05259	1.05174	1.01076	1.01105	
7.17086 1.0821	1.0842	1.05174	1.0509	1.0106	1.0109	
7.18699 1.07923	1.08134	1.05122	1.05039	1.01121	1.01151	
7.20312 1.07673	1.07885	1.05032	1.04949	1.01038	1.01068	
7.21926 1.07285	1.07496	1.04937	1.04855	1.0103	1.0106	
7.23539 1.07115	1.07327	1.04827	1.04745	1.00991	1.01021	
7.25152 1.06839	1.07051	1.04776	1.04695	1.00925	1.00955	
7.26765 1.06513	1.06726	1.04644	1.04563	1.0094	1.0097	
7.28378 1.06128	1.06341	1.04539	1.04459	1.00946	1.00977	
7.29992 1.05914	1.06127	1.04424	1.04345	1.00943	1.00974	
7.31605 1.05605	1.05818	1.04344	1.04265	1.00814	1.00845	
7.33218 1.05271	1.05484	1.04164	1.04086	1.00779	1.0081	
7.34831 1.04887	1.051	1.04131	1.04053	1.00744	1.00775	
7.36445 1.0463	1.04843	1.04	1.03923	1.00713	1.00744	
7.38058 1.04313	1.04526	1.03874	1.03797	1.00718	1.00749	
7.39671 1.03998	1.04211	1.03677	1.03601	1.00615	1.00646	
7.41284 1.03717	1.0393	1.03581	1.03506	1.00626	1.00658	
7.42898 1.03393	1.03606	1.03401	1.03326	1.00631	1.00662	
7.44511 1.03002	1.03214	1.03297	1.03222	1.00614	1.00645	
7.46124 1.02808	1.0302	1.03149	1.03075	1.00493	1.00524	
7.47737 1.02516	1.02728	1.03014	1.0294	1.00491	1.00523	
7.49351 1.02152	1.02363	1.02917	1.02844	1.00412	1.00443	
7.50964 1.01833	1.02044	1.02734	1.02661	1.00388	1.0042	
7.52577 1.01561	1.01771	1.02618	1.02546	1.00372	1.00404	
7.5419 1.01306	1.01516	1.02468	1.02396	1.00385	1.00417	
7.55804 1.01035	1.01245	1.02405	1.02333	1.00284	1.00315	
7.57417 1.00717	1.00926	1.02245	1.02174	1.00255	1.00287	
7.5903 1.00567	1.00776	1.02081	1.02011	1.00205	1.00237	
7.60643 1.00215	1.00424	1.01985	1.01914	1.00248	1.0028	
7.62257 0.999919	1.002	1.01824	1.01754	1.00173	1.00205	
7.6387 0.997949	1.00002	1.01753	1.01683	1.00129	1.0016	
7.65483 0.994927	0.996995	1.01607	1.01538	1.00109	1.00141	
7.67096 0.993727	0.995793	1.01504	1.01435	1.00013	1.00045	
7.6871 0.991011	0.99307	1.01377	1.01308	1.00089	1.00121	
7.70323 0.988709	0.990762	1.01315	1.01246	1	1.00032	
7.71936 0.987057	0.989105	1.01169	1.011	0.999846	1.00016	
7.73549 0.98452	0.986561	1.01094	1.01025	1.00025	1.00057	
7.75162 0.982664	0.9847	1.00947	1.00879	1.00051	1.00083	
7.76776 0.982232	0.984264	1.00876	1.00808	0.999706	1.00002	
7.78389 0.979507	0.981531	1.00754	1.00686	0.99929	0.999608	
7.80002 0.977551	0.979568	1.00687	1.0062	0.999599	0.999918	
7.81615 0.976729	0.978742	1.0056	1.00492	0.999468	0.999786	
7.83229 0.974763	0.976769	1.00535	1.00468	0.999598	0.999916	
7.84842 0.973511	0.975511	1.00409	1.00341	0.998462	0.99878	
7.86455 0.971979	0.973973	1.00377	1.0031	0.998379	0.998697	
7.88068 0.971555	0.973545	1.00237	1.00169	0.999366	0.999683	
7.89682 0.969809	0.971791	1.00144	1.00077	0.999212	0.99953	
7.91295 0.969069	0.971046	1.00127	1.0006	0.998827	0.999145	
7.92908 0.968538	0.97051	1.0002	0.999526	0.999303	0.999621	
7.94521 0.967428	0.969393	1.00001	0.999345	0.999582	0.9999	
7.96135 0.966266	0.968225	0.999507	0.998838	0.999688	1.00001	
7.97748 0.965806	0.967759	0.999431	0.998762	0.999518	0.999836	
7.99361 0.965315	0.967263	0.998624	0.997955	1.00028	1.00059	
8.00974 0.965532	0.967476	0.997874	0.997205	1.00011	1.00043	
8.02588 0.963311	0.965246	0.99783	0.997161	1.00117	1.00149	
8.04201 0.963906	0.965837	0.997588	0.996919	1.00065	1.00096	
8.05814 0.964101	0.966028	0.99724	0.996571	1.00055	1.00087	
8.07427 0.963653	0.965574	0.996964	0.996294	1.0008	1.00112	
8.09041 0.963466	0.965382	0.996854	0.996184	1.00122	1.00153	
8.10654 0.962884	0.964795	0.996215	0.995545	1.00211	1.00243	
8.12267 0.963261	0.965167	0.995948	0.995277	1.00218	1.0025	
8.1388 0.962667	0.964567	0.995901	0.995229	1.00312	1.00344	
8.15494 0.96351	0.965407	0.995522	0.99485	1.00286	1.00319	
8.17107 0.963748	0.965641	0.996029	0.995355	1.00245	1.00277	
8.1872 0.964621	0.96651	0.995682	0.995008	1.00327	1.00359	
8.20333 0.964215	0.966099	0.995615	0.994941	1.00306	1.00338	
8.21946 0.965463	0.967345	0.99508	0.994405	1.00391	1.00424	
8.2356 0.965155	0.967032	0.99582	0.995144	1.00492	1.00524	
8.25173 0.965624	0.967497	0.995443	0.994766	1.0045	1.00482	
8.26786 0.965383	0.967251	0.995296	0.994619	1.00492	1.00525	
8.28399 0.966526	0.968391	0.995512	0.994833	1.00516	1.00549	
8.30013 0.966739	0.968599	0.995133	0.994454	1.00615	1.00647	
8.31626 0.967116	0.968973	0.995472	0.994793	1.00695	1.00728	
8.33239 0.968205	0.97006	0.995513	0.994832	1.00667	1.007	
8.34852 0.969176	0.971028	0.995428	0.994746	1.00665	1.00698	
8.36466 0.969722	0.971572	0.995831	0.995148	1.00689	1.00723	
8.38079 0.969984	0.97183	0.995645	0.994962	1.0079	1.00824	
8.39692 0.970563	0.972405	0.995227	0.994544	1.00728	1.00761	
8.41305 0.97206	0.973901	0.995664	0.994979	1.00813	1.00847	
8.42919 0.972671	0.974509	0.995526	0.994841	1.00816	1.0085	
8.44532 0.973265	0.975101	0.995665	0.994979	1.00866	1.009	
8.46145 0.974	0.975833	0.996303	0.995616	1.00869	1.00903	
8.47758 0.975627	0.97746	0.996339	0.995651	1.00973	1.01008	
8.49372 0.976174	0.978004	0.996103	0.995414	1.00955	1.0099	
8.50985 0.976376	0.978204	0.996202	0.995512	1.01005	1.0104	
8.52598 0.977965	0.979793	0.996684	0.995993	1.01028	1.01062	
8.54211 0.978749	0.980575	0.996216	0.995526	1.01019	1.01055	
8.55825 0.979531	0.981356	0.996913	0.996221	1.0113	1.01165	
8.57438 0.979991	0.981814	0.996787	0.996095	1.01083	1.01119	
8.59051 0.982034	0.983858	0.997237	0.996544	1.01117	1.01153	
8.60664 0.981972	0.983793	0.996903	0.99621	1.01143	1.01179	
8.62278 0.983111	0.984931	0.99696	0.996265	1.0118	1.01216	
8.63891 0.983468	0.985287	0.996749	0.996055	1.01162	1.01198	
8.65504 0.984545	0.986364	0.997521	0.996825	1.01254	1.01291	
8.67117 0.985228	0.987046	0.99729	0.996594	1.01261	1.01298	
8.6873 0.986415	0.988233	0.997439	0.996742	1.01272	1.01309	
8.70344 0.987101	0.988919	0.997752	0.997054	1.01286	1.01324	
8.71957 0.988103	0.98992	0.99781	0.997112	1.01297	1.01335	
8.7357 0.988542	0.990359	0.998254	0.997555	1.01262	1.01299	
8.75183 0.989734	0.991552	0.998128	0.997429	1.01271	1.01309	
8.76797 0.990554	0.992372	0.997993	0.997293	1.01328	1.01366	
8.7841 0.990301	0.992117	0.998103	0.997403	1.01273	1.01311	
8.80023 0.991241	0.993058	0.998124	0.997423	1.01257	1.01296	
8.81636 0.991737	0.993553	0.998088	0.997387	1.01272	1.01311	
8.8325 0.993654	0.995474	0.998532	0.99783	1.01305	1.01344	
8.84863 0.993625	0.995444	0.998429	0.997727	1.01286	1.01325	
8.86476 0.994562	0.996381	0.997955	0.997253	1.01317	1.01356	
8.88089 0.995447	0.997268	0.998208	0.997505	1.01254	1.01294	
8.89703 0.996165	0.997986	0.99826	0.997557	1.01262	1.01302	
8.91316 0.995946	0.997767	0.998314	0.99761	1.01248	1.01289	
8.92929 0.997391	0.999215	0.997718	0.997014	1.01265	1.01305	
8.94542 0.9975	0.999323	0.998052	0.997348	1.01219	1.01259	
8.96156 0.997822	0.999646	0.998069	0.997364	1.0121	1.01251	
8.97769 0.998739	1.00056	0.998374	0.997669	1.01243	1.01284	
8.99382 0.998367	1.00019	0.997914	0.997208	1.0117	1.01211	
9.00995 0.999117	1.00094	0.997867	0.997161	1.01234	1.01275	
9.02609 1.00011	1.00194	0.997906	0.997199	1.01137	1.01178	
9.04222 1.00013	1.00196	0.997768	0.997061	1.01111	1.01153	
9.05835 1.00077	1.0026	0.997967	0.99726	1.01136	1.01178	
9.07448 1.00141	1.00325	0.997761	0.997053	1.01108	1.01151	
9.09062 1.00027	1.0021	0.99725	0.996542	1.01093	1.01135	
9.10675 1.00159	1.00342	0.99728	0.996571	1.01038	1.0108	
9.12288 1.0027	1.00454	0.997251	0.996541	1.00978	1.01021	
9.13901 1.00195	1.00378	0.997526	0.996815	1.01042	1.01086	
9.15514 1.00257	1.00441	0.997201	0.99649	1.00977	1.01021	
9.17128 1.00347	1.00531	0.99721	0.996499	1.00918	1.00961	
9.18741 1.00292	1.00476	0.997144	0.996432	1.00881	1.00925	
9.20354 1.00296	1.0048	0.996849	0.996136	1.00827	1.00871	
9.21967 1.00385	1.00569	0.996382	0.995669	1.00839	1.00883	
9.23581 1.00337	1.00521	0.996017	0.995303	1.00806	1.0085	
9.25194 1.00308	1.00493	0.996255	0.995541	1.00777	1.00821	
9.26807 1.00373	1.00558	0.996301	0.995585	1.00655	1.00699	
9.2842 1.00419	1.00604	0.996458	0.995742	1.00671	1.00716	
9.30034 1.00398	1.00583	0.99602	0.995303	1.00635	1.00679	
9.31647 1.00365	1.0055	0.995756	0.995038	1.00544	1.00589	
9.3326 1.00355	1.0054	0.995184	0.994466	1.00523	1.00568	
9.34873 1.00337	1.00522	0.994711	0.993991	1.00455	1.00499	
9.36487 1.00427	1.00613	0.995336	0.994615	1.00425	1.0047	
9.381 1.00405	1.00591	0.994643	0.993921	1.00368	1.00412	
9.39713 1.00358	1.00543	0.994902	0.994179	1.00343	1.00388	
9.41326 1.00353	1.00539	0.994348	0.993624	1.00293	1.00338	
9.4294 1.00367	1.00553	0.994295	0.99357	1.00271	1.00316	
9.44553 1.0034	1.00526	0.993977	0.993251	1.0025	1.00295	
9.46166 1.0034	1.00526	0.993794	0.993067	1.0019	1.00235	
9.47779 1.00399	1.00585	0.994235	0.993506	1.00098	1.00143	
9.49393 1.0034	1.00527	0.99342	0.992691	1.00084	1.00129	
9.51006 1.0032	1.00506	0.993092	0.992361	1.00013	1.00058	
9.52619 1.00317	1.00503	0.993366	0.992633	1.00028	1.00073	
9.54232 1.00234	1.00421	0.992384	0.99165	0.999518	0.999969	
9.55846 1.00276	1.00462	0.992481	0.991746	0.998638	0.999088	
9.57459 1.00239	1.00426	0.99228	0.991543	0.997754	0.998203	
9.59072 1.00203	1.00389	0.992459	0.991721	0.998202	0.998651	
9.60685 1.00214	1.004	0.99202	0.99128	0.997111	0.99756	
9.62298 1.00192	1.00379	0.99218	0.991438	0.996439	0.996886	
9.63912 1.00183	1.00369	0.991501	0.990757	0.996329	0.996775	
9.65525 1.00166	1.00352	0.991703	0.990957	0.99597	0.996416	
9.67138 1.00181	1.00367	0.991897	0.99115	0.995816	0.996261	
9.68751 1.00188	1.00375	0.991564	0.990815	0.994871	0.995314	
9.70365 1.00164	1.00351	0.991275	0.990524	0.995297	0.995739	
9.71978 1.00117	1.00304	0.991292	0.99054	0.994556	0.994997	
9.73591 1.00124	1.00311	0.991319	0.990564	0.993864	0.994303	
9.75204 1.00066	1.00253	0.990961	0.990205	0.993764	0.994203	
9.76818 1.00052	1.00239	0.990848	0.99009	0.993081	0.993518	
9.78431 1.00088	1.00275	0.991002	0.990241	0.992846	0.993281	
9.80044 0.999978	1.00185	0.990942	0.990179	0.992577	0.993011	
9.81657 1.00017	1.00204	0.990323	0.989559	0.992189	0.992621	
9.83271 1.00031	1.00218	0.990697	0.98993	0.992157	0.992588	
9.84884 0.999887	1.00176	0.99085	0.990081	0.991883	0.992312	
9.86497 1.00001	1.00188	0.990656	0.989885	0.990914	0.991341	
9.8811 0.999664	1.00154	0.990716	0.989943	0.990751	0.991176	
9.89724 0.999875	1.00175	0.990566	0.989791	0.991061	0.991484	
9.91337 0.999458	1.00133	0.990962	0.990184	0.990618	0.991039	
9.9295 0.999249	1.00112	0.990976	0.990196	0.989758	0.990176	
9.94563 0.999965	1.00184	0.991017	0.990234	0.989707	0.990123	
9.96177 0.999587	1.00146	0.991148	0.990363	0.98998	0.990394	
9.9779 0.999536	1.00141	0.991109	0.990323	0.989722	0.990133	
9.99403 0.999437	1.00131	0.990972	0.990184	0.989127	0.989536	
10.0102 0.999794	1.00167	0.991324	0.990533	0.989043	0.98945	
10.0263 0.999792	1.00167	0.991817	0.991024	0.988789	0.989193	
10.0424 0.999258	1.00113	0.991745	0.990949	0.988776	0.989177	
10.0586 0.999125	1.001	0.991925	0.991128	0.988634	0.989034	
10.0747 0.999602	1.00148	0.991813	0.991014	0.988569	0.988965	
10.0908 0.998959	1.00083	0.991967	0.991165	0.988382	0.988776	
10.107 0.999637	1.00151	0.992403	0.9916	0.987947	0.988338	
10.1231 0.999538	1.00141	0.992233	0.991427	0.988725	0.989114	
10.1392 0.999382	1.00126	0.99239	0.991583	0.988208	0.988594	
10.1554 0.999829	1.00171	0.992955	0.992146	0.988309	0.988693	
10.1715 0.999975	1.00185	0.99341	0.992598	0.988374	0.988755	
10.1876 0.999877	1.00175	0.993329	0.992515	0.988113	0.988492	
10.2038 1.00002	1.0019	0.993444	0.992628	0.988343	0.988719	
10.2199 1.00006	1.00194	0.993868	0.99305	0.987847	0.98822	
10.236 1.00051	1.00239	0.993902	0.993083	0.988333	0.988704	
10.2521 1.00037	1.00225	0.994081	0.99326	0.988476	0.988844	
10.2683 1.00024	1.00212	0.9946	0.993778	0.988911	0.989277	
10.2844 1.00084	1.00272	0.99472	0.993896	0.988559	0.988922	
10.3005 1.00069	1.00258	0.995363	0.994537	0.988841	0.989202	
10.3167 1.00155	1.00344	0.995622	0.994794	0.98878	0.989138	
10.3328 1.00072	1.00261	0.995668	0.99484	0.988873	0.989229	
10.3489 1.00122	1.00311	0.996168	0.995337	0.98892	0.989273	
10.3651 1.00126	1.00314	0.996935	0.996104	0.989374	0.989724	
10.3812 1.0015	1.00339	0.997061	0.996228	0.989898	0.990247	
10.3973 1.00155	1.00344	0.996959	0.996126	0.989655	0.990001	
10.4135 1.00207	1.00396	0.99749	0.996655	0.990493	0.990837	
10.4296 1.0017	1.00359	0.997852	0.997016	0.989946	0.990288	
10.4457 1.00204	1.00393	0.99799	0.997154	0.990442	0.990781	
10.4619 1.00273	1.00462	0.998462	0.997624	0.990284	0.990621	
10.478 1.00218	1.00408	0.99859	0.997752	0.991105	0.991441	
10.4941 1.00233	1.00422	0.999165	0.998326	0.990877	0.99121	
10.5103 1.00196	1.00386	0.999739	0.998899	0.991394	0.991725	
10.5264 1.00336	1.00526	1.00001	0.999167	0.991166	0.991495	
10.5425 1.00321	1.00512	1.0005	0.99966	0.991979	0.992306	
10.5587 1.00315	1.00505	1.00073	0.999891	0.991891	0.992216	
10.5748 1.00308	1.00499	1.00088	1.00004	0.99282	0.993144	
10.5909 1.0032	1.00511	1.00099	1.00015	0.992042	0.992364	
10.6071 1.00331	1.00522	1.00141	1.00057	0.993257	0.993578	
10.6232 1.00396	1.00587	1.00182	1.00098	0.993136	0.993455	
10.6393 1.00391	1.00583	1.00205	1.00121	0.993196	0.993513	
10.6555 1.00352	1.00544	1.00283	1.00199	0.993754	0.99407	
10.6716 1.00374	1.00565	1.00249	1.00164	0.993833	0.994148	
10.6877 1.00387	1.00578	1.00291	1.00207	0.994046	0.994359	
10.7039 1.00392	1.00584	1.0032	1.00236	0.994876	0.995189	
10.72 1.00382	1.00573	1.00383	1.00299	0.994854	0.995165	
10.7361 1.00398	1.0059	1.00373	1.00289	0.994845	0.995155	
10.7523 1.00418	1.0061	1.00381	1.00298	0.995463	0.995772	
10.7684 1.00397	1.00589	1.00446	1.00362	0.9956	0.995908	
10.7845 1.00477	1.0067	1.00447	1.00363	0.995551	0.995858	
10.8007 1.00452	1.00645	1.00486	1.00403	0.996277	0.996583	
10.8168 1.00452	1.00645	1.0054	1.00457	0.996763	0.997068	
10.8329 1.00467	1.0066	1.00537	1.00453	0.99658	0.996885	
10.849 1.00434	1.00628	1.00604	1.00521	0.997134	0.997438	
10.8652 1.00473	1.00666	1.00538	1.00455	0.997566	0.99787	
10.8813 1.00438	1.00631	1.00629	1.00546	0.997806	0.998109	
10.8974 1.00435	1.00629	1.00657	1.00574	0.998262	0.998564	
10.9136 1.00454	1.00648	1.00662	1.00579	0.998394	0.998697	
10.9297 1.00417	1.00611	1.00639	1.00557	0.998702	0.999005	
10.9458 1.00448	1.00642	1.00689	1.00606	0.998838	0.999141	
10.962 1.00488	1.00682	1.00695	1.00612	0.998749	0.99905	
10.9781 1.00455	1.0065	1.00721	1.00639	0.999318	0.99962	
10.9942 1.00395	1.0059	1.00697	1.00615	0.999107	0.999409	
11.0104 1.00427	1.00622	1.00748	1.00666	0.99951	0.999812	
11.0265 1.00434	1.0063	1.00768	1.00686	0.999553	0.999855	
11.0426 1.00431	1.00626	1.00743	1.00662	1.0007	1.001	
11.0588 1.00392	1.00587	1.00755	1.00673	0.999965	1.00027	
11.0749 1.00398	1.00594	1.00801	1.00719	1.00105	1.00135	
11.091 1.00416	1.00612	1.00808	1.00727	1.00151	1.00181	
11.1072 1.00321	1.00516	1.00815	1.00734	1.0015	1.00181	
11.1233 1.00322	1.00518	1.00816	1.00735	1.00173	1.00204	
11.1394 1.00373	1.00569	1.00839	1.00759	1.00166	1.00196	
11.1556 1.0038	1.00576	1.00844	1.00764	1.00182	1.00213	
11.1717 1.00283	1.00479	1.00813	1.00733	1.00171	1.00201	
11.1878 1.0036	1.00557	1.00833	1.00753	1.00229	1.0026	
11.204 1.00283	1.00479	1.00848	1.00768	1.00232	1.00263	
11.2201 1.00275	1.00472	1.00798	1.00718	1.00225	1.00256	
11.2362 1.0023	1.00427	1.00831	1.00752	1.00268	1.00299	
11.2524 1.00236	1.00433	1.0083	1.00751	1.00283	1.00314	
11.2685 1.00207	1.00404	1.00811	1.00732	1.00321	1.00352	
11.2846 1.00223	1.0042	1.00804	1.00725	1.00262	1.00293	
11.3008 1.00172	1.00369	1.0084	1.00761	1.00324	1.00355	
11.3169 1.00139	1.00336	1.00818	1.0074	1.00393	1.00425	
11.333 1.00162	1.00359	1.0081	1.00732	1.00367	1.00399	
11.3492 1.00153	1.00351	1.00828	1.00751	1.00355	1.00387	
11.3653 1.00055	1.00252	1.00809	1.00732	1.00349	1.00381	
11.3814 1.00065	1.00262	1.00795	1.00718	1.00415	1.00447	
11.3976 1.00104	1.00302	1.00786	1.00709	1.00394	1.00427	
11.4137 1.00067	1.00265	1.00762	1.00686	1.00415	1.00448	
11.4298 1.00054	1.00252	1.00736	1.0066	1.00402	1.00435	
11.4459 1.0001	1.00208	1.00723	1.00647	1.00388	1.00421	
11.4621 0.999808	1.00178	1.00736	1.0066	1.00432	1.00465	
11.4782 0.999524	1.0015	1.00691	1.00615	1.00432	1.00465	
11.4943 0.999474	1.00145	1.00681	1.00605	1.00412	1.00445	
11.5105 0.999021	1.001	1.00679	1.00604	1.00445	1.00478	
11.5266 0.998772	1.00075	1.00657	1.00582	1.00446	1.00479	
11.5427 0.998405	1.00038	1.00638	1.00563	1.00457	1.0049	
11.5589 0.998065	1.00004	1.00621	1.00546	1.00432	1.00466	
11.575 0.998616	1.00059	1.0064	1.00565	1.00477	1.00511	
11.5911 0.998141	1.00011	1.00595	1.00521	1.00469	1.00503	
11.6073 0.99795	0.999924	1.00582	1.00507	1.00488	1.00522	
11.6234 0.997466	0.999439	1.00565	1.00491	1.00511	1.00545	
11.6395 0.997405	0.999378	1.00563	1.00489	1.00485	1.00519	
11.6557 0.997872	0.999845	1.00535	1.00462	1.00461	1.00495	
11.6718 0.996768	0.998739	1.00512	1.00438	1.00438	1.00473	
11.6879 0.996537	0.998507	1.00504	1.00431	1.0043	1.00465	
11.7041 0.996874	0.998845	1.00492	1.00419	1.00441	1.00476	
11.7202 0.996697	0.998667	1.00476	1.00403	1.00489	1.00524	
11.7363 0.995633	0.9976	1.00457	1.00384	1.00468	1.00503	
11.7525 0.996264	0.998231	1.00403	1.0033	1.00448	1.00483	
11.7686 0.996145	0.998112	1.00414	1.00341	1.0046	1.00496	
11.7847 0.995505	0.997469	1.00382	1.00309	1.00438	1.00474	
11.8009 0.995602	0.997565	1.00335	1.00262	1.00451	1.00487	
11.817 0.995448	0.99741	1.00361	1.00288	1.0043	1.00466	
11.8331 0.995667	0.997629	1.00322	1.0025	1.00443	1.00479	
11.8493 0.995406	0.997367	1.00296	1.00224	1.00434	1.0047	
11.8654 0.994953	0.996912	1.00268	1.00196	1.00428	1.00464	
11.8815 0.995013	0.996971	1.0028	1.00207	1.00409	1.00446	
11.8977 0.994756	0.996713	1.00245	1.00173	1.00428	1.00465	
11.9138 0.994239	0.996193	1.00219	1.00147	1.00386	1.00423	
11.9299 0.994474	0.996427	1.00175	1.00103	1.00417	1.00454	
11.9461 0.994467	0.99642	1.00174	1.00102	1.00409	1.00446	
11.9622 0.994186	0.996136	1.00139	1.00067	1.00394	1.00431	
11.9783 0.993991	0.99594	1.00135	1.00063	1.00426	1.00464	
11.9944 0.993744	0.995691	1.00109	1.00037	1.00356	1.00394	
12.0106 0.993804	0.99575	1.00132	1.0006	1.00319	1.00357	
12.0267 0.993405	0.995348	1.00095	1.00023	1.00365	1.00403	
12.0428 0.993768	0.995711	1.00085	1.00013	1.00316	1.00354	
12.059 0.993319	0.995259	1.00054	0.999826	1.0033	1.00368	
12.0751 0.993183	0.995121	1.00028	0.999561	1.0031	1.00349	
12.0912 0.993674	0.995612	1.00033	0.999614	1.00296	1.00335	
12.1074 0.993242	0.995177	1.00035	0.99963	1.00298	1.00336	
12.1235 0.99386	0.995795	0.999737	0.999018	1.00308	1.00346	
12.1396 0.993706	0.99564	0.999767	0.999048	1.00237	1.00276	
12.1558 0.99364	0.995572	0.999511	0.998792	1.00248	1.00286	
12.1719 0.993317	0.995247	0.999592	0.998872	1.00234	1.00273	
12.188 0.992919	0.994846	0.999092	0.998372	1.00193	1.00232	
12.2042 0.993337	0.995263	0.999113	0.998393	1.00272	1.00311	
12.2203 0.99312	0.995044	0.999471	0.99875	1.00279	1.00318	
12.2364 0.993277	0.9952	0.998568	0.997847	1.00176	1.00215	
12.2526 0.993777	0.995699	0.998682	0.99796	1.00204	1.00243	
12.2687 0.992723	0.994641	0.998698	0.997975	1.0021	1.00249	
12.2848 0.993194	0.995111	0.998961	0.998238	1.0024	1.0028	
12.301 0.993162	0.995078	0.99853	0.997806	1.00177	1.00217	
12.3171 0.993261	0.995175	0.998524	0.997799	1.00134	1.00173	
12.3332 0.993156	0.995069	0.998277	0.997551	1.00094	1.00133	
12.3494 0.993228	0.995139	0.998267	0.997541	1.00149	1.00189	
12.3655 0.99337	0.995279	0.998069	0.997342	1.00152	1.00192	
12.3816 0.993173	0.995081	0.998181	0.997453	1.00153	1.00192	
12.3978 0.993452	0.995358	0.997678	0.99695	1.00132	1.00172	
12.4139 0.993503	0.995408	0.997715	0.996985	1.00136	1.00176	
12.43 0.993716	0.995619	0.997597	0.996866	1.00067	1.00107	
12.4462 0.993848	0.99575	0.997612	0.99688	1.00119	1.00159	
12.4623 0.993792	0.995692	0.997611	0.996877	1.00085	1.00125	
12.4784 0.993564	0.995463	0.997913	0.997178	1.00085	1.00125	
12.4946 0.993948	0.995846	0.997766	0.997031	1.0008	1.00121	
12.5107 0.993951	0.995847	0.997447	0.99671	1.0004	1.00081	
12.5268 0.993946	0.99584	0.997665	0.996927	1.00025	1.00065	
12.543 0.993852	0.995744	0.99737	0.996631	1.00082	1.00122	
12.5591 0.994308	0.9962	0.997561	0.996821	1.00078	1.00118	
12.5752 0.994225	0.996116	0.997319	0.996578	1.00065	1.00106	
12.5913 0.994448	0.996338	0.997369	0.996627	1.00034	1.00075	
12.6075 0.994585	0.996473	0.997594	0.99685	1.00042	1.00083	
12.6236 0.994442	0.996329	0.997281	0.996536	1.00025	1.00066	
12.6397 0.994449	0.996335	0.997234	0.996488	0.999816	1.00022	
12.6559 0.994655	0.99654	0.997363	0.996616	1.00041	1.00081	
12.672 0.994815	0.996698	0.997368	0.996619	0.999965	1.00037	
12.6881 0.994853	0.996735	0.997378	0.996628	1.00014	1.00054	
12.7043 0.995083	0.996965	0.997841	0.99709	0.999883	1.00029	
12.7204 0.995724	0.997606	0.997507	0.996755	0.999885	1.00029	
12.7365 0.995674	0.997555	0.997598	0.996845	0.999542	0.999947	
12.7527 0.994758	0.996637	0.99764	0.996885	0.999516	0.999921	
12.7688 0.995474	0.997353	0.997713	0.996956	0.999618	1.00002	
12.7849 0.996207	0.998086	0.997578	0.996821	0.999462	0.999866	
12.8011 0.996106	0.997984	0.997508	0.99675	0.999637	1.00004	
12.8172 0.996038	0.997915	0.997618	0.996858	0.999789	1.00019	
12.8333 0.996124	0.998	0.997731	0.996971	0.999482	0.999887	
12.8495 0.996314	0.99819	0.997497	0.996735	0.999302	0.999707	
12.8656 0.996615	0.998492	0.997787	0.997023	0.999623	1.00003	
12.8817 0.996689	0.998565	0.997806	0.997042	0.999432	0.999836	
12.8979 0.996511	0.998385	0.997622	0.996856	0.999697	1.0001	
12.914 0.996861	0.998736	0.997721	0.996955	0.999419	0.999824	
12.9301 0.996654	0.998528	0.998079	0.997311	0.999363	0.999768	
12.9463 0.996962	0.998836	0.99813	0.997361	0.999063	0.999467	
12.9624 0.997187	0.999061	0.997918	0.997148	0.999091	0.999495	
12.9785 0.99711	0.998984	0.998208	0.997436	0.999399	0.999803	
12.9947 0.997527	0.999401	0.997986	0.997214	0.998797	0.9992	
13.0108 0.997653	0.999527	0.998465	0.997691	0.999101	0.999505	
13.0269 0.997912	0.999787	0.998201	0.997426	0.998897	0.9993	
13.0431 0.997532	0.999406	0.998157	0.997382	0.998899	0.999301	
13.0592 0.998097	0.999972	0.998268	0.997491	0.99906	0.999462	
13.0753 0.998444	1.00032	0.998647	0.997869	0.99887	0.999272	
13.0915 0.998373	1.00025	0.998518	0.99774	0.998968	0.99937	
13.1076 0.998212	1.00009	0.99856	0.997781	0.998219	0.99862	
13.1237 0.998388	1.00026	0.998704	0.997924	0.998956	0.999357	
13.1399 0.998528	1.0004	0.99844	0.997659	0.998904	0.999305	
13.156 0.998837	1.00071	0.998642	0.99786	0.998667	0.999068	
13.1721 0.998987	1.00086	0.998789	0.998006	0.998331	0.998731	
13.1882 0.998907	1.00078	0.99895	0.998166	0.998861	0.99926	
13.2044 0.998844	1.00072	0.999015	0.99823	0.99828	0.998679	
13.2205 0.99913	1.00101	0.999294	0.998508	0.998715	0.999114	
13.2366 0.999183	1.00106	0.99894	0.998153	0.998219	0.998616	
13.2528 0.999458	1.00134	0.999104	0.998317	0.998418	0.998815	
13.2689 0.999437	1.00132	0.999382	0.998594	0.998457	0.998854	
13.285 0.999512	1.00139	0.999225	0.998436	0.998925	0.999322	
13.3012 0.999614	1.0015	0.999545	0.998756	0.998434	0.99883	
13.3173 0.999466	1.00135	0.99938	0.99859	0.998448	0.998844	
13.3334 0.999792	1.00168	0.999298	0.998508	0.998553	0.998949	
13.3496 0.999869	1.00175	0.999608	0.998817	0.998395	0.99879	
13.3657 0.999849	1.00173	0.999512	0.99872	0.998111	0.998505	
13.3818 1.00035	1.00224	0.999549	0.998757	0.998351	0.998744	
13.398 0.999644	1.00153	0.999832	0.999039	0.998525	0.998918	
13.4141 0.999921	1.00181	0.999957	0.999164	0.997892	0.998285	
13.4302 1.00014	1.00203	0.999932	0.999139	0.998444	0.998836	
13.4464 1.00026	1.00215	1.00003	0.999233	0.998263	0.998654	
13.4625 1.00041	1.0023	0.999869	0.999075	0.998306	0.998696	
13.4786 1.0001	1.00199	0.999998	0.999204	0.998681	0.999071	
13.4948 1.00053	1.00243	0.999849	0.999054	0.998187	0.998577	
13.5109 1.00057	1.00246	1.00002	0.999227	0.998158	0.998547	
13.527 1.00038	1.00228	1.00037	0.99957	0.998514	0.998903	
13.5432 1.00044	1.00233	1.0001	0.999306	0.998045	0.998433	
13.5593 1.00056	1.00246	1.00028	0.999484	0.998434	0.998822	
13.5754 1.00052	1.00242	1.00047	0.999669	0.997793	0.998179	
13.5916 1.00021	1.00211	1.0003	0.999507	0.998314	0.9987	
13.6077 1.00041	1.00231	1.00062	0.999821	0.998299	0.998684	
13.6238 1.00052	1.00242	1.00046	0.999668	0.998217	0.998601	
13.64 1.00054	1.00245	1.00063	0.999834	0.997858	0.998242	
13.6561 1.0006	1.0025	1.00049	0.999697	0.998249	0.998632	
13.6722 1.00016	1.00207	1.00064	0.999847	0.998074	0.998456	
13.6884 1.00074	1.00264	1.00048	0.999683	0.997952	0.998334	
13.7045 1.00036	1.00227	1.00068	0.999886	0.998054	0.998435	
13.7206 1.0004	1.00231	1.00067	0.99987	0.998294	0.998675	
13.7368 1.00044	1.00235	1.00065	0.999855	0.998048	0.998427	
13.7529 1.00087	1.00278	1.00113	1.00033	0.998059	0.998438	
13.769 1.00064	1.00255	1.00098	1.00018	0.998094	0.998472	
13.7851 1.00053	1.00244	1.00091	1.00011	0.997832	0.998209	
13.8013 1.00049	1.00241	1.00112	1.00032	0.998081	0.998458	
13.8174 1.00076	1.00268	1.00094	1.00015	0.998643	0.99902	
13.8335 1.00044	1.00235	1.00084	1.00004	0.998296	0.998672	
13.8497 1.00071	1.00262	1.0012	1.0004	0.998396	0.998771	
13.8658 1.00048	1.0024	1.00123	1.00043	0.998046	0.99842	
13.8819 1.00056	1.00248	1.00123	1.00043	0.998023	0.998397	
13.8981 1.00047	1.00239	1.00127	1.00047	0.998203	0.998576	
13.9142 1.00041	1.00234	1.00154	1.00075	0.99845	0.998822	
13.9303 1.00051	1.00244	1.00124	1.00044	0.99818	0.998552	
13.9465 1.00035	1.00227	1.00144	1.00065	0.99808	0.998451	
13.9626 1.00059	1.00252	1.00122	1.00043	0.998092	0.998462	
13.9787 1.00036	1.00229	1.00145	1.00065	0.998355	0.998725	
13.9949 1.00029	1.00221	1.00141	1.00062	0.997742	0.998111	
14.011 1.00022	1.00215	1.00155	1.00076	0.99843	0.998799	
14.0271 1.00022	1.00215	1.00146	1.00067	0.998375	0.998743	
14.0433 1.0001	1.00203	1.00167	1.00087	0.998452	0.998819	
14.0594 0.999692	1.00162	1.00151	1.00071	0.998585	0.998952	
14.0755 0.999822	1.00175	1.00123	1.00043	0.998478	0.998844	
14.0917 0.999993	1.00193	1.00147	1.00067	0.998327	0.998692	
14.1078 1.00001	1.00194	1.00154	1.00075	0.99875	0.999115	
14.1239 1.00004	1.00197	1.00144	1.00064	0.998297	0.998661	
14.1401 0.999955	1.00189	1.00168	1.00089	0.998799	0.999163	
14.1562 0.999837	1.00177	1.0016	1.00081	0.998471	0.998834	
14.1723 0.999438	1.00137	1.00155	1.00076	0.998528	0.998891	
14.1885 0.999468	1.0014	1.00158	1.00079	0.998645	0.999007	
14.2046 0.999618	1.00156	1.00164	1.00084	0.998617	0.998979	
14.2207 0.999933	1.00187	1.00194	1.00115	0.998455	0.998816	
14.2369 0.999681	1.00162	1.00172	1.00093	0.998443	0.998803	
14.253 0.999272	1.00121	1.00162	1.00083	0.998373	0.998733	
14.2691 0.999566	1.00151	1.00204	1.00125	0.998604	0.998964	
14.2853 0.999246	1.00119	1.00182	1.00103	0.998357	0.998716	
14.3014 0.99951	1.00145	1.00198	1.00119	0.998762	0.999121	
14.3175 0.999172	1.00111	1.00161	1.00082	0.998505	0.998863	
14.3336 0.998999	1.00094	1.00175	1.00096	0.998957	0.999315	
14.3498 0.998948	1.00089	1.00178	1.001	0.998727	0.999084	
14.3659 0.999022	1.00096	1.00177	1.00098	0.998589	0.998946	
14.382 0.999132	1.00108	1.00181	1.00103	0.998824	0.99918	
14.3982 0.999252	1.0012	1.00187	1.00109	0.998388	0.998743	
14.4143 0.999038	1.00098	1.00179	1.00101	0.998793	0.999149	
14.4304 0.998464	1.00041	1.00191	1.00113	0.998694	0.999049	
14.4466 0.998447	1.00039	1.00162	1.00084	0.99918	0.999535	
14.4627 0.998753	1.0007	1.00186	1.00108	0.998568	0.998922	
14.4788 0.998567	1.00051	1.00213	1.00134	0.998857	0.99921	
14.495 0.998561	1.00051	1.00204	1.00126	0.998706	0.999059	
14.5111 0.998555	1.0005	1.00197	1.00119	0.999061	0.999414	
14.5272 0.998634	1.00058	1.00179	1.00101	0.999062	0.999415	
14.5434 0.998839	1.00079	1.00195	1.00117	0.998659	0.999011	
14.5595 0.998547	1.00049	1.00196	1.00118	0.998791	0.999143	
14.5756 0.998299	1.00025	1.00173	1.00095	0.999164	0.999515	
14.5918 0.998005	0.99995	1.00188	1.0011	0.999068	0.999419	
14.6079 0.99826	1.00021	1.00189	1.00111	0.999092	0.999443	
14.624 0.997885	0.99983	1.00198	1.0012	0.999368	0.999719	
14.6402 0.998195	1.00014	1.00185	1.00107	0.999698	1.00005	
14.6563 0.99842	1.00037	1.00174	1.00096	0.999286	0.999636	
14.6724 0.998584	1.00053	1.0016	1.00083	0.999521	0.999872	
14.6886 0.9983	1.00025	1.00183	1.00106	0.999238	0.999588	
14.7047 0.998086	1.00003	1.00173	1.00096	0.999405	0.999755	
14.7208 0.998244	1.00019	1.00179	1.00101	0.999049	0.999399	
14.737 0.997917	0.999863	1.00195	1.00118	0.999248	0.999598	
14.7531 0.997646	0.999591	1.00196	1.00119	0.999561	0.99991	
14.7692 0.997661	0.999607	1.00184	1.00107	0.99973	1.00008	
14.7854 0.997867	0.999813	1.00167	1.0009	0.999409	0.999759	
14.8015 0.997799	0.999744	1.00216	1.00139	0.999463	0.999813	
14.8176 0.997773	0.999718	1.00187	1.0011	0.999676	1.00003	
14.8338 0.997497	0.999441	1.00171	1.00094	0.999876	1.00023	
14.8499 0.99784	0.999785	1.00195	1.00118	1.00003	1.00038	
14.866 0.997805	0.999749	1.00167	1.0009	0.999856	1.00021	
14.8822 0.997879	0.999824	1.0019	1.00114	1.00015	1.0005	
14.8983 0.998018	0.999963	1.00187	1.00111	0.999786	1.00014	
14.9144 0.997621	0.999565	1.00176	1.00099	0.99963	0.99998	
14.9305 0.997753	0.999697	1.00203	1.00127	0.999816	1.00017	
14.9467 0.997718	0.999662	1.00202	1.00126	1.0001	1.00045	
14.9628 0.997912	0.999856	1.00172	1.00095	0.999911	1.00026	
14.9789 0.997727	0.99967	1.00198	1.00121	1.00019	1.00054	
14.9951 0.997714	0.999657	1.0019	1.00114	0.999657	1.00001	
15.0112 0.997091	0.999033	1.00189	1.00113	1.00004	1.00039	
15.0273 0.997645	0.999587	1.00172	1.00096	0.999943	1.00029	
15.0435 0.997444	0.999386	1.00212	1.00136	1.00013	1.00049	
15.0596 0.997225	0.999166	1.00173	1.00097	1.00011	1.00046	
15.0757 0.99719	0.99913	1.00177	1.00101	1.00026	1.00061	
15.0919 0.997653	0.999594	1.00181	1.00106	1.00013	1.00049	
15.108 0.997431	0.999371	1.00173	1.00097	0.999978	1.00033	
15.1241 0.997711	0.999651	1.00143	1.00067	0.999969	1.00032	
15.1403 0.997405	0.999344	1.0018	1.00104	1.00004	1.00039	
15.1564 0.997342	0.999281	1.0018	1.00104	1.00042	1.00077	
15.1725 0.99744	0.999379	1.00193	1.00117	1.00002	1.00037	
15.1887 0.997679	0.999618	1.00186	1.0011	1.00016	1.00051	
15.2048 0.997298	0.999235	1.00164	1.00088	1.00059	1.00095	
15.2209 0.997193	0.99913	1.00172	1.00097	1.00051	1.00086	
15.2371 0.997305	0.999242	1.00163	1.00087	1.00048	1.00084	
15.2532 0.997488	0.999425	1.00164	1.00088	1.0006	1.00096	
15.2693 0.997239	0.999175	1.00178	1.00103	1.00051	1.00087	
15.2855 0.997169	0.999104	1.00158	1.00083	1.0003	1.00065	
15.3016 0.997195	0.99913	1.00145	1.0007	1.00024	1.00059	
15.3177 0.997477	0.999412	1.00156	1.00081	1.00024	1.0006	
15.3339 0.997195	0.999128	1.0015	1.00075	1.0004	1.00076	
15.35 0.997164	0.999097	1.00167	1.00092	1.00046	1.00082	
15.3661 0.996947	0.998879	1.00139	1.00064	1.00017	1.00053	
15.3823 0.997176	0.999108	1.00163	1.00088	1.00042	1.00078	
15.3984 0.997539	0.999472	1.00158	1.00083	1.00033	1.00069	
15.4145 0.997174	0.999105	1.00166	1.00091	1.00019	1.00055	
15.4307 0.997274	0.999205	1.00142	1.00067	1.00064	1.001	
15.4468 0.99731	0.999241	1.00135	1.00061	1.00025	1.00061	
15.4629 0.997109	0.999038	1.00168	1.00093	1.00053	1.00089	
15.4791 0.996871	0.9988	1.00152	1.00077	1.00067	1.00104	
15.4952 0.997178	0.999106	1.00143	1.00068	1.00058	1.00094	
15.5113 0.997057	0.998984	1.00106	1.00031	1.00036	1.00072	
15.5274 0.997129	0.999056	1.00145	1.0007	1.00063	1.00099	
15.5436 0.996922	0.998848	1.00128	1.00054	1.00077	1.00114	
15.5597 0.997389	0.999315	1.00101	1.00027	1.00055	1.00091	
15.5758 0.996972	0.998897	1.00109	1.00035	1.00043	1.0008	
15.592 0.99717	0.999094	1.00117	1.00042	1.00062	1.00099	
15.6081 0.99731	0.999234	1.00111	1.00037	1.0002	1.00057	
15.6242 0.997175	0.999098	1.00122	1.00047	1.00026	1.00063	
15.6404 0.997098	0.999021	1.00101	1.00027	1.00041	1.00078	
15.6565 0.997062	0.998984	1.00123	1.00049	1.00068	1.00105	
15.6726 0.996954	0.998875	1.00133	1.00058	1.00055	1.00092	
15.6888 0.997449	0.999371	1.00102	1.00028	0.999873	1.00024	
15.7049 0.99704	0.998961	1.00107	1.00032	1.00033	1.0007	
15.721 0.996897	0.998817	1.00101	1.00027	1.00042	1.00079	
15.7372 0.997457	0.999377	1.00071	0.999972	1.00025	1.00062	
15.7533 0.997211	0.99913	1.00093	1.00019	1.00052	1.00089	
15.7694 0.996932	0.998849	1.00078	1.00004	1.00046	1.00083	
15.7856 0.997126	0.999043	1.00064	0.999896	0.999934	1.00031	
15.8017 0.997429	0.999346	1.00085	1.00011	1.00027	1.00065	
15.8178 0.996757	0.998672	1.00073	0.999992	1.00018	1.00055	
15.834 0.996984	0.9989	1.00074	1	1.00013	1.0005	
15.8501 0.997184	0.9991	1.00073	0.999991	1.00011	1.00048	
15.8662 0.997366	0.999281	1.00086	1.00012	0.999999	1.00037	
15.8824 0.997147	0.99906	1.00059	0.999851	1.0003	1.00067	
15.8985 0.997144	0.999057	1.00053	0.999786	1.00029	1.00066	
15.9146 0.996955	0.998867	1.00043	0.999686	1.00026	1.00064	
15.9308 0.996818	0.998729	1.00072	0.999975	1.00037	1.00074	
15.9469 0.997137	0.999048	1.00048	0.999736	1.00005	1.00042	
15.963 0.997513	0.999424	1.00071	0.999968	1.00024	1.00061	
15.9792 0.997071	0.998981	1.00053	0.999787	1.00018	1.00056	
15.9953 0.997084	0.998993	1.00056	0.999815	1.00004	1.00042	
16.0114 0.997036	0.998944	1.00061	0.999871	1.0004	1.00078	
16.0276 0.997037	0.998945	1.00064	0.999897	1.00028	1.00066	
16.0437 0.997157	0.999064	1.0003	0.999561	0.999966	1.00034	
16.0598 0.997129	0.999036	1.0004	0.99966	1.00002	1.0004	
16.076 0.997135	0.999041	1.00039	0.999646	0.999887	1.00027	
16.0921 0.99707	0.998975	1.00052	0.999771	0.999806	1.00018	
16.1082 0.996822	0.998726	1.00055	0.999809	0.999926	1.0003	
16.1243 0.99718	0.999084	1.00032	0.999578	1.00007	1.00045	
16.1405 0.997323	0.999227	1.00043	0.999687	0.999655	1.00003	
16.1566 0.99701	0.998912	1.00041	0.999667	0.999849	1.00023	
16.1727 0.996826	0.998727	1.0002	0.99946	1.00009	1.00047	
16.1889 0.996929	0.99883	1.00032	0.999579	1.00006	1.00044	
16.205 0.997198	0.999099	1.00038	0.999631	0.999544	0.999924	
16.2211 0.997222	0.999122	1.00054	0.999794	0.999697	1.00008	
16.2373 0.997472	0.999372	1.00021	0.999465	0.999685	1.00006	
16.2534 0.996762	0.99866	1.00007	0.999321	0.999914	1.00029	
16.2695 0.996909	0.998806	1.00035	0.999604	0.999615	0.999995	
16.2857 0.997111	0.999007	1.00039	0.999639	0.999765	1.00014	
16.3018 0.99697	0.998866	1.00032	0.999575	0.999426	0.999806	
16.3179 0.996996	0.998891	1.00025	0.999499	0.999576	0.999956	
16.3341 0.997267	0.999162	1.00039	0.999642	0.99952	0.9999	
16.3502 0.997429	0.999324	1.00026	0.999515	0.999342	0.999721	
16.3663 0.99724	0.999134	1.00033	0.999586	0.999345	0.999724	
16.3825 0.997176	0.999068	1.00017	0.99942	0.999767	1.00015	
16.3986 0.997154	0.999046	1.00021	0.999462	0.999649	1.00003	
16.4147 0.997217	0.999108	1.00016	0.999406	0.999383	0.999762	
16.4309 0.997303	0.999195	1.00027	0.999518	0.999535	0.999914	
16.447 0.997359	0.99925	1.00009	0.999344	0.999377	0.999756	
16.4631 0.997165	0.999055	1.00016	0.999412	0.999371	0.99975	
16.4793 0.997112	0.999001	1.0003	0.999553	0.999359	0.999737	
16.4954 0.997524	0.999414	1.00042	0.999667	0.999399	0.999778	
16.5115 0.997312	0.9992	1.00018	0.999431	0.999149	0.999527	
16.5277 0.996977	0.998864	1.00031	0.999561	0.999546	0.999924	
16.5438 0.997407	0.999294	1.00025	0.999494	0.999379	0.999757	
16.5599 0.997539	0.999426	1.00014	0.99939	0.999024	0.999402	
16.5761 0.997372	0.999258	1.00007	0.99932	0.999323	0.9997	
16.5922 0.997271	0.999156	1.00019	0.999436	0.999314	0.999691	
16.6083 0.997462	0.999347	1.0003	0.999548	0.999468	0.999845	
16.6245 0.997395	0.999279	1.00025	0.999492	0.999436	0.999813	
16.6406 0.997657	0.999542	1.00023	0.999479	0.999244	0.999621	
16.6567 0.997545	0.999429	1.00032	0.999566	0.998766	0.999142	
16.6728 0.997525	0.999409	1.00043	0.999676	0.999226	0.999601	
16.689 0.997312	0.999195	1.00007	0.99931	0.998883	0.999258	
16.7051 0.997387	0.99927	1.00037	0.999612	0.999174	0.999549	
16.7212 0.997574	0.999456	1.00031	0.999554	0.999043	0.999417	
16.7374 0.997566	0.999448	1.00014	0.99938	0.998989	0.999363	
16.7535 0.997565	0.999446	1.00038	0.999619	0.999135	0.999508	
16.7696 0.997404	0.999284	1.00019	0.999431	0.999109	0.999482	
16.7858 0.997599	0.999479	1.00017	0.999411	0.999312	0.999684	
16.8019 0.997628	0.999508	1.00027	0.999509	0.999147	0.99952	
16.818 0.997215	0.999093	1.00031	0.999553	0.999339	0.999711	
16.8342 0.997885	0.999764	1.00013	0.999375	0.999053	0.999424	
16.8503 0.997892	0.999771	1.0004	0.99964	0.998995	0.999366	
16.8664 0.99789	0.999769	1.0005	0.999737	0.999291	0.999662	
16.8826 0.997449	0.999327	1.00047	0.999709	0.998725	0.999095	
16.8987 0.997543	0.99942	1.00041	0.999651	0.998874	0.999243	
16.9148 0.997651	0.999528	1.00057	0.99981	0.999139	0.999508	
16.931 0.99753	0.999407	1.00037	0.999612	0.999068	0.999436	
16.9471 0.997603	0.999479	1.00038	0.999619	0.99921	0.999579	
16.9632 0.997993	0.99987	1.00058	0.999819	0.999047	0.999415	
16.9794 0.997346	0.999221	1.00059	0.99983	0.998894	0.999262	
16.9955 0.99789	0.999766	1.00054	0.999774	0.999135	0.999502	
17.0116 0.997641	0.999516	1.0007	0.99994	0.999167	0.999534	
17.0278 0.997794	0.999669	1.00037	0.999606	0.998546	0.998912	
17.0439 0.99777	0.999645	1.00055	0.999788	0.999219	0.999584	
17.06 0.99777	0.999645	1.00045	0.999683	0.998886	0.999251	
17.0762 0.997825	0.9997	1.0006	0.999837	0.998887	0.999251	
17.0923 0.997652	0.999526	1.00064	0.999874	0.99903	0.999394	
17.1084 0.998174	1.00005	1.00046	0.999694	0.998902	0.999265	
17.1246 0.997827	0.999701	1.00069	0.999922	0.998858	0.999221	
17.1407 0.997841	0.999715	1.00069	0.999927	0.99901	0.999372	
17.1568 0.99788	0.999754	1.00057	0.999808	0.998978	0.99934	
17.173 0.998245	1.00012	1.00064	0.999877	0.999146	0.999507	
17.1891 0.997768	0.999642	1.00062	0.999859	0.998876	0.999237	
17.2052 0.998112	0.999986	1.00067	0.999905	0.999066	0.999426	
17.2214 0.997664	0.999537	1.0007	0.999931	0.99891	0.99927	
17.2375 0.997851	0.999724	1.00051	0.999747	0.999121	0.99948	
17.2536 0.998026	0.999899	1.0006	0.999831	0.999045	0.999403	
17.2697 0.997835	0.999708	1.00086	1.0001	0.999041	0.999399	
17.2859 0.998287	1.00016	1.00067	0.999908	0.999197	0.999555	
17.302 0.9979	0.999772	1.00082	1.00005	0.9991	0.999458	
17.3181 0.998109	0.999982	1.0008	1.00003	0.999038	0.999395	
17.3343 0.997773	0.999645	1.00089	1.00012	0.999306	0.999662	
17.3504 0.99816	1.00003	1.00084	1.00007	0.999285	0.999641	
17.3665 0.997521	0.999392	1.00081	1.00005	0.999303	0.999659	
17.3827 0.998098	0.99997	1.00097	1.00021	0.998961	0.999317	
17.3988 0.997974	0.999846	1.00101	1.00024	0.999174	0.999529	
17.4149 0.998024	0.999896	1.00075	0.999987	0.999078	0.999433	
17.4311 0.997802	0.999673	1.00092	1.00015	0.99939	0.999744	
17.4472 0.998019	0.99989	1.00121	1.00045	0.99907	0.999424	
17.4633 0.997838	0.999709	1.0009	1.00014	0.998988	0.999341	
17.4795 0.99817	1.00004	1.00105	1.00029	0.999429	0.999782	
17.4956 0.998019	0.99989	1.00091	1.00015	0.999325	0.999678	
17.5117 0.997941	0.999812	1.0011	1.00034	0.999384	0.999737	
17.5279 0.997789	0.99966	1.00082	1.00005	0.99907	0.999422	
17.544 0.997716	0.999586	1.00121	1.00044	0.999469	0.999821	
17.5601 0.998135	1.00001	1.00098	1.00022	0.999364	0.999716	
17.5763 0.997725	0.999594	1.0009	1.00013	0.999422	0.999773	
17.5924 0.997766	0.999635	1.00111	1.00034	0.999655	1.00001	
17.6085 0.997676	0.999545	1.00108	1.00032	0.999069	0.99942	
17.6247 0.998147	1.00002	1.00108	1.00032	0.999387	0.999738	
17.6408 0.998104	0.999974	1.00133	1.00057	0.999491	0.999842	
17.6569 0.998004	0.999873	1.00103	1.00027	0.999053	0.999402	
17.6731 0.99803	0.999899	1.00094	1.00018	0.99929	0.99964	
17.6892 0.99778	0.999648	1.00123	1.00047	0.999555	0.999905	
17.7053 0.997784	0.999652	1.00122	1.00046	0.999372	0.999721	
17.7215 0.997704	0.999571	1.00102	1.00026	0.999266	0.999615	
17.7376 0.998083	0.999951	1.00126	1.0005	0.999418	0.999767	
17.7537 0.997602	0.999469	1.00132	1.00057	0.999673	1.00002	
17.7699 0.997914	0.999781	1.00127	1.00051	0.999271	0.999619	
17.786 0.99787	0.999737	1.00144	1.00068	0.999393	0.999741	
17.8021 0.997773	0.999639	1.00132	1.00056	0.99932	0.999668	
17.8183 0.997924	0.99979	1.00118	1.00042	0.999408	0.999756	
17.8344 0.997942	0.999809	1.00125	1.00049	0.999568	0.999916	
17.8505 0.997886	0.999752	1.00116	1.00041	0.999527	0.999875	
17.8666 0.997438	0.999303	1.0013	1.00055	0.999882	1.00023	
17.8828 0.9979	0.999765	1.00139	1.00064	0.999583	0.999931	
17.8989 0.997521	0.999385	1.00131	1.00056	0.999749	1.0001	
17.915 0.997953	0.999818	1.00119	1.00043	0.999598	0.999946	
17.9312 0.99765	0.999514	1.00122	1.00047	0.999681	1.00003	
17.9473 0.99756	0.999423	1.00125	1.0005	0.999513	0.999861	
17.9634 0.997546	0.999408	1.00123	1.00047	0.99952	0.999868	
17.9796 0.997738	0.9996	1.00138	1.00062	0.999685	1.00003	
17.9957 0.997684	0.999546	1.00127	1.00052	0.999658	1.00001	
18.0118 0.997409	0.99927	1.00136	1.00061	0.999529	0.999876	
18.028 0.997622	0.999482	1.0015	1.00075	0.999696	1.00004	
18.0441 0.997406	0.999265	1.00131	1.00056	0.999476	0.999824	
18.0602 0.997709	0.999569	1.00142	1.00067	0.999524	0.999872	
18.0764 0.997505	0.999364	1.00134	1.00059	0.999625	0.999972	
18.0925 0.9977	0.999559	1.00141	1.00066	0.99979	1.00014	
18.1086 0.99741	0.999267	1.00143	1.00069	0.999701	1.00005	
18.1248 0.997727	0.999584	1.00134	1.00059	0.999538	0.999885	
18.1409 0.997769	0.999626	1.00128	1.00054	0.999797	1.00015	
18.157 0.997438	0.999294	1.00144	1.00069	0.99995	1.0003	
18.1732 0.997762	0.999618	1.00127	1.00052	0.999428	0.999776	
18.1893 0.997217	0.999071	1.00123	1.00049	0.999648	0.999995	
18.2054 0.997494	0.999348	1.00159	1.00085	0.999763	1.00011	
18.2216 0.997598	0.999452	1.00129	1.00054	0.999735	1.00008	
18.2377 0.997139	0.99899	1.00131	1.00057	0.999646	0.999994	
18.2538 0.99757	0.999422	1.00145	1.00071	0.999479	0.999827	
18.27 0.997296	0.999146	1.0015	1.00076	0.999719	1.00007	
18.2861 0.997669	0.99952	1.00138	1.00064	0.999672	1.00002	
18.3022 0.997335	0.999184	1.00149	1.00075	0.99959	0.999938	
18.3184 0.99728	0.999129	1.00128	1.00054	0.99972	1.00007	
18.3345 0.997399	0.999247	1.00148	1.00074	0.999948	1.0003	
18.3506 0.997559	0.999407	1.00147	1.00073	0.999785	1.00013	
18.3668 0.997616	0.999463	1.00142	1.00068	0.999835	1.00018	
18.3829 0.997202	0.999048	1.0011	1.00036	0.999563	0.999911	
18.399 0.997112	0.998956	1.00147	1.00074	0.99977	1.00012	
18.4152 0.997355	0.999199	1.00144	1.0007	0.999741	1.00009	
18.4313 0.997221	0.999064	1.00124	1.00051	0.999786	1.00013	
18.4474 0.997282	0.999124	1.00139	1.00066	0.999783	1.00013	
18.4635 0.997371	0.999213	1.00123	1.0005	0.999945	1.00029	
18.4797 0.997286	0.999127	1.0015	1.00077	0.999764	1.00011	
18.4958 0.997053	0.998891	1.00135	1.00062	0.999924	1.00027	
18.5119 0.997279	0.999117	1.00124	1.00051	0.999819	1.00017	
18.5281 0.997298	0.999135	1.0014	1.00067	0.999686	1.00004	
18.5442 0.997394	0.999231	1.00111	1.00038	0.999538	0.999887	
18.5603 0.997318	0.999154	1.00132	1.00059	0.99988	1.00023	
18.5765 0.997278	0.999113	1.00131	1.00058	0.999754	1.0001	
18.5926 0.997086	0.99892	1.00146	1.00073	1.0001	1.00045	
18.6087 0.997252	0.999085	1.00131	1.00058	0.999764	1.00011	
18.6249 0.996949	0.99878	1.00133	1.0006	0.999795	1.00015	
18.641 0.997348	0.999179	1.00151	1.00078	0.99973	1.00008	
18.6571 0.997349	0.999179	1.00139	1.00067	0.999814	1.00017	
18.6733 0.996923	0.998751	1.00116	1.00044	0.999724	1.00007	
18.6894 0.997065	0.998892	1.00138	1.00066	0.999874	1.00023	
18.7055 0.99703	0.998856	1.00117	1.00045	0.999953	1.00031	
18.7217 0.996718	0.998542	1.00129	1.00057	0.999769	1.00012	
18.7378 0.997329	0.999153	1.00126	1.00053	0.999978	1.00033	
18.7539 0.99701	0.998832	1.00141	1.00069	1.00003	1.00038	
18.7701 0.997131	0.998953	1.00139	1.00067	0.999651	1	
18.7862 0.997401	0.999222	1.00138	1.00066	0.999561	0.999913	
18.8023 0.997136	0.998955	1.00103	1.00031	1.00005	1.0004	
18.8185 0.997206	0.999024	1.00127	1.00055	0.999765	1.00012	
18.8346 0.996946	0.998762	1.00141	1.00069	0.999715	1.00007	
18.8507 0.997099	0.998915	1.00099	1.00027	0.99959	0.999943	
18.8669 0.996974	0.998788	1.00116	1.00044	0.999777	1.00013	
18.883 0.997221	0.999034	1.00118	1.00046	0.999815	1.00017	
18.8991 0.996899	0.998711	1.001	1.00028	0.999737	1.00009	
18.9153 0.997056	0.998867	1.00125	1.00053	0.999637	0.999991	
18.9314 0.997235	0.999045	1.00116	1.00044	0.999774	1.00013	
18.9475 0.996981	0.998789	1.00139	1.00068	0.999652	1.00001	
18.9637 0.996969	0.998776	1.001	1.00028	1.00011	1.00046	
18.9798 0.997114	0.99892	1.00122	1.00051	0.999959	1.00031	
18.9959 0.997543	0.999349	1.00128	1.00057	0.999516	0.99987	
19.012 0.996826	0.998629	1.00102	1.00031	0.999929	1.00028	
19.0282 0.99679	0.998591	1.0013	1.00058	0.999609	0.999964	
19.0443 0.996944	0.998745	1.00113	1.00042	0.999466	0.99982	
19.0604 0.997063	0.998863	1.00122	1.0005	0.999892	1.00025	
19.0766 0.996817	0.998614	1.00108	1.00037	0.999651	1.00001	
19.0927 0.996703	0.998499	1.00106	1.00035	0.999846	1.0002	
19.1088 0.997148	0.998943	1.00141	1.0007	0.999573	0.999927	
19.125 0.996887	0.99868	1.00101	1.0003	0.999575	0.99993	
19.1411 0.997131	0.998924	1.00105	1.00034	0.999912	1.00027	
19.1572 0.997022	0.998813	1.00116	1.00045	0.999711	1.00007	
19.1734 0.997036	0.998826	1.00101	1.0003	0.999576	0.999931	
19.1895 0.997015	0.998803	1.00104	1.00033	0.999655	1.00001	
19.2056 0.997072	0.998859	1.00114	1.00043	0.999568	0.999923	
19.2218 0.996757	0.998542	1.00134	1.00063	0.999664	1.00002	
19.2379 0.997109	0.998893	1.00109	1.00038	0.99945	0.999804	
19.254 0.996797	0.998579	1.00105	1.00035	0.999631	0.999986	
19.2702 0.996916	0.998697	1.00113	1.00042	0.999502	0.999857	
19.2863 0.997012	0.998791	1.00106	1.00035	0.999422	0.999776	
19.3024 0.9971	0.998878	1.001	1.0003	0.999754	1.00011	
19.3186 0.997267	0.999044	1.00121	1.00051	0.999589	0.999944	
19.3347 0.996974	0.998749	1.00125	1.00054	0.999747	1.0001	
19.3508 0.996905	0.998679	1.00118	1.00048	0.999742	1.0001	
19.367 0.99693	0.998703	1.00102	1.00032	0.999742	1.0001	
19.3831 0.996911	0.998681	1.00099	1.00029	0.999421	0.999775	
19.3992 0.996699	0.998467	1.001	1.0003	0.999629	0.999984	
19.4154 0.996924	0.998691	1.0011	1.00039	0.999717	1.00007	
19.4315 0.997277	0.999044	1.00112	1.00041	0.999417	0.999771	
19.4476 0.996763	0.998527	1.00101	1.00031	0.999583	0.999937	
19.4638 0.997305	0.999069	1.00097	1.00027	0.999589	0.999943	
19.4799 0.99696	0.998722	1.00097	1.00027	0.999523	0.999877	
19.496 0.997036	0.998796	1.0009	1.0002	0.999601	0.999954	
19.5122 0.997116	0.998875	1.00113	1.00043	0.999661	1.00001	
19.5283 0.997169	0.998927	1.00113	1.00043	0.999817	1.00017	
19.5444 0.997108	0.998865	1.00128	1.00058	0.999414	0.999767	
19.5606 0.996653	0.998407	1.00102	1.00032	0.99947	0.999823	
19.5767 0.997181	0.998935	1.00096	1.00026	0.999457	0.99981	
19.5928 0.996869	0.99862	1.00118	1.00049	0.999648	1	
19.6089 0.996861	0.998611	1.00118	1.00048	0.999383	0.999735	
19.6251 0.997235	0.998984	1.00114	1.00044	0.999758	1.00011	
19.6412 0.997003	0.99875	1.00106	1.00036	0.999406	0.999758	
19.6573 0.996919	0.998664	1.00107	1.00037	0.999572	0.999924	
19.6735 0.997235	0.99898	1.00096	1.00026	0.99987	1.00022	
19.6896 0.997098	0.99884	1.00084	1.00015	0.99966	1.00001	
19.7057 0.997141	0.998883	1.00093	1.00023	0.999762	1.00012	
19.7219 0.997183	0.998923	1.0008	1.00011	0.999278	0.999631	
19.738 0.99723	0.998969	1.00111	1.00041	0.999574	0.999927	
19.7541 0.997359	0.999097	1.00102	1.00032	0.999673	1.00003	
19.7703 0.996882	0.998617	1.00094	1.00024	0.999269	0.999621	
19.7864 0.997283	0.999018	1.00091	1.00022	0.999374	0.999725	
19.8025 0.996961	0.998694	1.00098	1.00029	0.999374	0.999725	
19.8187 0.99739	0.999122	1.00095	1.00026	0.99957	0.999921	
19.8348 0.997488	0.99922	1.00105	1.00036	0.999325	0.999675	
19.8509 0.997173	0.998902	1.00114	1.00045	0.999737	1.00009	
19.8671 0.997028	0.998756	1.00104	1.00035	0.999433	0.999783	
19.8832 0.997041	0.998767	1.00099	1.0003	0.999495	0.999845	
19.8993 0.99731	0.999036	1.00085	1.00016	0.999409	0.999759	
19.9155 0.997191	0.998915	1.0009	1.00022	0.999465	0.999815	
19.9316 0.997003	0.998725	1.00084	1.00015	0.999482	0.999832	
19.9477 0.997004	0.998724	1.00083	1.00014	0.999331	0.99968	
19.9639 0.997147	0.998866	1.00101	1.00032	0.999474	0.999823	
19.98 0.997216	0.998933	1.00108	1.0004	0.999521	0.999869	
19.9961 0.997068	0.998784	1.00125	1.00056	0.999415	0.999764	
20.0123 0.997471	0.999187	1.00109	1.00041	0.99938	0.999728	
20.0284 0.996876	0.998589	1.00092	1.00024	0.999413	0.999761	
20.0445 0.9973	0.999012	1.00109	1.00041	0.999718	1.00007	
20.0607 0.997418	0.999129	1.00081	1.00012	0.999405	0.999753	
20.0768 0.997027	0.998735	1.0009	1.00021	0.999198	0.999544	
20.0929 0.997237	0.998945	1.00099	1.00031	0.999322	0.999668	
20.1091 0.997119	0.998825	1.00114	1.00045	0.999451	0.999797	
20.1252 0.997357	0.999062	1.0008	1.00012	0.99953	0.999876	
20.1413 0.997424	0.999127	1.00122	1.00053	0.999553	0.999899	
20.1575 0.997091	0.998793	1.00109	1.0004	0.99929	0.999636	
20.1736 0.997592	0.999293	1.00095	1.00027	0.99935	0.999695	
20.1897 0.997377	0.999077	1.00108	1.0004	0.999313	0.999657	
20.2058 0.996992	0.998689	1.00096	1.00028	0.999292	0.999636	
20.222 0.997662	0.99936	1.0012	1.00051	0.999449	0.999793	
20.2381 0.997212	0.998907	1.00109	1.00041	0.999606	0.999949	
20.2542 0.997358	0.999053	1.00097	1.00029	0.999708	1.00005	
20.2704 0.99715	0.998843	1.00113	1.00045	0.999461	0.999804	
20.2865 0.997165	0.998856	1.00101	1.00033	0.999216	0.999558	
20.3026 0.99738	0.99907	1.00094	1.00027	0.999486	0.999828	
20.3188 0.997114	0.998802	1.00115	1.00047	0.999653	0.999996	
20.3349 0.997361	0.999048	1.0012	1.00052	0.999233	0.999575	
20.351 0.997384	0.999069	1.00091	1.00023	0.999229	0.99957	
20.3672 0.997297	0.998981	1.00085	1.00017	0.999462	0.999803	
20.3833 0.99746	0.999143	1.00089	1.00022	0.999296	0.999636	
20.3994 0.997387	0.999069	1.00114	1.00047	0.999395	0.999735	
20.4156 0.997446	0.999127	1.00088	1.0002	0.999362	0.999702	
20.4317 0.997104	0.998782	1.00094	1.00026	0.999494	0.999834	
20.4478 0.997159	0.998835	1.00121	1.00054	0.999202	0.999541	
20.464 0.997344	0.99902	1.00103	1.00036	0.999301	0.999639	
20.4801 0.997251	0.998925	1.00097	1.0003	0.999343	0.999681	
20.4962 0.997395	0.999068	1.00099	1.00032	0.999282	0.99962	
20.5124 0.997105	0.998776	1.00112	1.00044	0.999195	0.999532	
20.5285 0.997216	0.998885	1.00108	1.00041	0.999425	0.999761	
20.5446 0.997441	0.999109	1.00102	1.00035	0.999256	0.999591	
20.5608 0.997273	0.998939	1.00125	1.00058	0.99911	0.999445	
20.5769 0.997065	0.998729	1.00097	1.0003	0.999244	0.999578	
20.593 0.997218	0.998881	1.00109	1.00042	0.999237	0.999571	
20.6092 0.997346	0.999007	1.00108	1.00041	0.99921	0.999543	
20.6253 0.997273	0.998933	1.00087	1.0002	0.9992	0.999533	
20.6414 0.997035	0.998692	1.00101	1.00034	0.999217	0.999548	
20.6576 0.997349	0.999005	1.00114	1.00047	0.999133	0.999464	
20.6737 0.997104	0.998758	1.00105	1.00038	0.999247	0.999577	
20.6898 0.997248	0.9989	1.00114	1.00047	0.999284	0.999613	
20.706 0.997338	0.99899	1.00096	1.00029	0.999275	0.999604	
20.7221 0.997385	0.999036	1.00122	1.00055	0.99934	0.999668	
20.7382 0.997176	0.998824	1.00107	1.0004	0.999537	0.999865	
20.7544 0.997526	0.999174	1.00103	1.00037	0.999542	0.99987	
20.7705 0.997134	0.998779	1.00101	1.00034	0.999318	0.999645	
20.7866 0.997316	0.998959	1.00102	1.00036	0.999258	0.999585	
20.8027 0.997384	0.999026	1.00098	1.00032	0.999077	0.999403	
20.8189 0.997609	0.99925	1.00125	1.00058	0.999351	0.999676	
20.835 0.997285	0.998924	1.00114	1.00048	0.999425	0.99975	
20.8511 0.997204	0.998841	1.00097	1.00031	0.999094	0.999419	
20.8673 0.997178	0.998813	1.00107	1.00041	0.999349	0.999672	
20.8834 0.9976	0.999234	1.00123	1.00058	0.999231	0.999554	
20.8995 0.997543	0.999176	1.00109	1.00043	0.999431	0.999754	
20.9157 0.997523	0.999155	1.00106	1.0004	0.99941	0.999733	
20.9318 0.997605	0.999236	1.001	1.00034	0.999392	0.999714	
20.9479 0.997497	0.999126	1.0012	1.00054	0.999569	0.999891	
20.9641 0.997356	0.998983	1.00119	1.00054	0.999151	0.999472	
20.9802 0.99736	0.998986	1.00123	1.00057	0.999412	0.999733	
20.9963 0.997323	0.998948	1.00084	1.00019	0.999483	0.999803	
21.0125 0.997171	0.998793	1.00105	1.00039	0.999253	0.999572	
21.0286 0.997705	0.999327	1.00126	1.00061	0.999372	0.99969	
21.0447 0.997471	0.999091	1.00121	1.00056	0.999246	0.999564	
21.0609 0.997525	0.999143	1.0011	1.00045	0.999613	0.999931	
21.077 0.997378	0.998995	1.00097	1.00032	0.999299	0.999616	
21.0931 0.997488	0.999103	1.00108	1.00043	0.999357	0.999674	
21.1093 0.997578	0.999193	1.00114	1.00049	0.999486	0.999803	
21.1254 0.997389	0.999002	1.00099	1.00034	0.999507	0.999824	
21.1415 0.997295	0.998905	1.00109	1.00044	0.999693	1.00001	
21.1577 0.997427	0.999037	1.00122	1.00057	0.999462	0.999778	
21.1738 0.997495	0.999103	1.00104	1.0004	0.999424	0.99974	
21.1899 0.997392	0.998998	1.00102	1.00037	0.999673	0.999988	
21.2061 0.997419	0.999024	1.00117	1.00053	0.999414	0.999729	
21.2222 0.99726	0.998862	1.00096	1.00032	0.99954	0.999855	
21.2383 0.997235	0.998836	1.00122	1.00058	0.999502	0.999817	
21.2545 0.997358	0.998957	1.00101	1.00037	0.99932	0.999634	
21.2706 0.997384	0.998982	1.00106	1.00042	0.999627	0.999941	
21.2867 0.997357	0.998952	1.00104	1.0004	0.999464	0.999778	
21.3029 0.997566	0.99916	1.00117	1.00053	0.999421	0.999734	
21.319 0.99736	0.998953	1.00094	1.0003	0.99943	0.999743	
21.3351 0.997488	0.999079	1.001	1.00036	0.999343	0.999655	
21.3512 0.997534	0.999123	1.00086	1.00022	0.999581	0.999893	
21.3674 0.997481	0.999069	1.00123	1.00059	0.999624	0.999936	
21.3835 0.997324	0.99891	1.00118	1.00055	0.999438	0.99975	
21.3996 0.997567	0.999152	1.00107	1.00043	0.999546	0.999857	
21.4158 0.997183	0.998765	1.00129	1.00066	0.999461	0.999772	
21.4319 0.997457	0.999038	1.00108	1.00045	0.99962	0.99993	
21.448 0.997243	0.998822	1.00117	1.00053	0.999689	0.999999	
21.4642 0.997551	0.999128	1.00103	1.0004	0.999552	0.999862	
21.4803 0.997612	0.999188	1.00113	1.0005	0.999738	1.00005	
21.4964 0.997362	0.998936	1.00118	1.00055	0.999538	0.999848	
21.5126 0.99768	0.999253	1.00113	1.0005	0.999652	0.999962	
21.5287 0.997433	0.999004	1.00127	1.00065	0.9997	1.00001	
21.5448 0.997423	0.998992	1.00113	1.0005	0.999678	0.999988	
21.561 0.997357	0.998924	1.00109	1.00046	0.99954	0.99985	
21.5771 0.997525	0.999091	1.00118	1.00055	0.999554	0.999864	
21.5932 0.997303	0.998866	1.00101	1.00038	0.999516	0.999825	
21.6094 0.997452	0.999014	1.00109	1.00046	0.999393	0.999702	
21.6255 0.99749	0.99905	1.00117	1.00055	0.99962	0.999928	
21.6416 0.997412	0.998971	1.00111	1.00049	0.999418	0.999726	
21.6578 0.997244	0.9988	1.00111	1.00049	0.999525	0.999833	
21.6739 0.997481	0.999036	1.00114	1.00052	0.999492	0.9998	
21.69 0.997495	0.999047	1.00087	1.00025	0.999525	0.999832	
21.7062 0.99742	0.99897	1.00117	1.00055	0.999664	0.999972	
21.7223 0.997394	0.998943	1.00101	1.00039	0.999581	0.999888	
21.7384 0.997465	0.999011	1.00095	1.00033	0.999552	0.999859	
21.7546 0.99749	0.999035	1.00096	1.00034	0.999794	1.0001	
21.7707 0.997208	0.99875	1.00123	1.00061	0.999552	0.999859	
21.7868 0.997538	0.999079	1.00095	1.00033	0.999638	0.999944	
21.803 0.997396	0.998935	1.0011	1.00049	0.999427	0.999733	
21.8191 0.99757	0.999107	1.00115	1.00054	0.99946	0.999765	
21.8352 0.99731	0.998845	1.0011	1.00049	0.999501	0.999806	
21.8514 0.997665	0.999199	1.00095	1.00034	0.999551	0.999856	
21.8675 0.997467	0.998999	1.00104	1.00043	0.999603	0.999908	
21.8836 0.997415	0.998945	1.00096	1.00035	0.999643	0.999948	
21.8998 0.997734	0.999263	1.00115	1.00054	0.999357	0.999661	
21.9159 0.997816	0.999344	1.00108	1.00048	0.999754	1.00006	
21.932 0.997525	0.999051	1.00118	1.00057	0.99951	0.999814	
21.9481 0.997279	0.998801	1.00083	1.00023	0.999318	0.999621	
21.9643 0.997453	0.998974	1.00101	1.0004	0.999832	1.00014	
21.9804 0.997375	0.998893	1.00106	1.00046	0.999478	0.999781	
21.9965 0.997415	0.998931	1.00112	1.00052	0.999356	0.999658	
22.0127 0.997372	0.998886	1.00105	1.00045	0.999454	0.999756	
22.0288 0.997498	0.999011	1.00098	1.00038	0.999488	0.999789	
22.0449 0.997633	0.999144	1.00111	1.00051	0.9994	0.999701	
22.0611 0.997311	0.998819	1.00112	1.00052	0.999683	0.999984	
22.0772 0.997467	0.998973	1.00111	1.00051	0.999558	0.999858	
22.0933 0.997466	0.998971	1.00096	1.00036	0.999439	0.999739	
22.1095 0.997552	0.999055	1.00093	1.00033	0.999501	0.9998	
22.1256 0.997524	0.999025	1.00125	1.00065	0.999309	0.999607	
22.1417 0.997523	0.999021	1.00116	1.00057	0.999596	0.999894	
22.1579 0.997395	0.998891	1.00092	1.00033	0.999763	1.00006	
22.174 0.997751	0.999247	1.00113	1.00054	0.999348	0.999645	
22.1901 0.997292	0.998784	1.00103	1.00044	0.999637	0.999934	
22.2063 0.997265	0.998755	1.00098	1.00039	0.999676	0.999974	
22.2224 0.997242	0.998729	1.00107	1.00048	0.999489	0.999787	
22.2385 0.997371	0.998856	1.0011	1.00051	0.999532	0.999829	
22.2547 0.997287	0.998769	1.00089	1.0003	0.999651	0.999948	
22.2708 0.997774	0.999256	1.00097	1.00039	0.999689	0.999985	
22.2869 0.997404	0.998883	1.00093	1.00034	0.999638	0.999935	
22.3031 0.997588	0.999065	1.00101	1.00042	0.999571	0.999868	
22.3192 0.996944	0.998416	1.00096	1.00038	0.999614	0.99991	
22.3353 0.997618	0.99909	1.00106	1.00048	0.999619	0.999915	
22.3515 0.99753	0.999	1.00115	1.00057	0.999447	0.999742	
22.3676 0.997519	0.998986	1.00103	1.00044	0.999566	0.999861	
22.3837 0.997362	0.998827	1.00109	1.00051	0.999672	0.999967	
22.3999 0.997477	0.99894	1.00092	1.00034	0.999478	0.999772	
22.416 0.997608	0.999069	1.00101	1.00043	0.999619	0.999913	
22.4321 0.997603	0.999062	1.00112	1.00054	0.999558	0.999852	
22.4483 0.997371	0.998827	1.00103	1.00045	0.99965	0.999944	
22.4644 0.997587	0.999042	1.00102	1.00044	0.999697	0.999991	
22.4805 0.997653	0.999106	1.00093	1.00036	0.999487	0.99978	
22.4967 0.997479	0.998929	1.00113	1.00055	0.999671	0.999964	
22.5128 0.997458	0.998906	1.00104	1.00046	0.999582	0.999875	
22.5289 0.997191	0.998636	1.00103	1.00046	0.999593	0.999886	
22.545 0.997418	0.99886	1.00092	1.00035	0.99963	0.999922	
22.5612 0.997495	0.998935	1.0009	1.00033	0.99953	0.999822	
22.5773 0.997266	0.998703	1.00112	1.00055	0.999596	0.999888	
22.5934 0.997437	0.998872	1.00097	1.0004	0.999442	0.999733	
22.6096 0.997539	0.998971	1.00101	1.00044	0.999452	0.999743	
22.6257 0.99729	0.998719	1.00093	1.00037	0.999282	0.999571	
22.6418 0.997627	0.999054	1.00106	1.00049	0.999591	0.99988	
22.658 0.997435	0.998859	1.00092	1.00035	0.999484	0.999773	
22.6741 0.9974	0.998822	1.00097	1.0004	0.999556	0.999845	
22.6902 0.997398	0.998817	1.00091	1.00035	0.999744	1.00003	
22.7064 0.997483	0.9989	1.00107	1.00051	0.999551	0.999839	
22.7225 0.997415	0.998829	1.00103	1.00047	0.999549	0.999837	
22.7386 0.997402	0.998813	1.00091	1.00035	0.999457	0.999745	
22.7548 0.997223	0.998631	1.0011	1.00054	0.99947	0.999757	
22.7709 0.997431	0.998836	1.00106	1.0005	0.999657	0.999944	
22.787 0.997494	0.998897	1.00094	1.00038	0.999559	0.999846	
22.8032 0.997651	0.999052	1.00102	1.00046	0.999579	0.999865	
22.8193 0.997336	0.998733	1.00108	1.00053	0.999471	0.999756	
22.8354 0.997527	0.998923	1.001	1.00045	0.999482	0.999767	
22.8516 0.997298	0.998691	1.00083	1.00028	0.999706	0.999991	
22.8677 0.997531	0.998921	1.00106	1.00051	0.999587	0.999872	
22.8838 0.997566	0.998953	1.00114	1.00059	0.999476	0.99976	
22.9 0.997365	0.998749	1.00094	1.00039	0.999288	0.999571	
22.9161 0.997396	0.998778	1.00101	1.00046	0.999664	0.999947	
22.9322 0.997407	0.998786	1.00084	1.00029	0.999683	0.999966	
22.9484 0.997628	0.999004	1.00085	1.00031	0.999451	0.999733	
22.9645 0.997293	0.998666	1.00102	1.00047	0.999466	0.999748	
22.9806 0.997489	0.99886	1.00095	1.0004	0.999561	0.999842	
22.9968 0.997549	0.998918	1.00095	1.0004	0.999576	0.999857	
23.0129 0.997334	0.998698	1.00099	1.00044	0.999447	0.999728	
23.029 0.997349	0.998711	1.00101	1.00047	0.999669	0.999949	
23.0452 0.997071	0.998428	1.00098	1.00043	0.999608	0.999888	
23.0613 0.997317	0.998671	1.00106	1.00052	0.999581	0.999861	
23.0774 0.997403	0.998755	1.00093	1.00039	0.999575	0.999854	
23.0936 0.9975	0.99885	1.00107	1.00053	0.999707	0.999986	
23.1097 0.997291	0.998637	1.00106	1.00052	0.999443	0.999722	
23.1258 0.997686	0.99903	1.00093	1.00039	0.999602	0.999881	
23.1419 0.997547	0.998888	1.00134	1.00081	0.999539	0.999817	
23.1581 0.997446	0.998784	1.00083	1.0003	0.99942	0.999697	
23.1742 0.997662	0.998998	1.00114	1.00061	0.999368	0.999645	
23.1903 0.997337	0.998669	1.00086	1.00032	0.999361	0.999637	
23.2065 0.997474	0.998804	1.00099	1.00046	0.999362	0.999636	
23.2226 0.997479	0.998805	1.00087	1.00034	0.999531	0.999805	
23.2387 0.997758	0.999083	1.00102	1.00049	0.999376	0.999649	
23.2549 0.997383	0.998704	1.00081	1.00028	0.999261	0.999533	
23.271 0.997414	0.998732	1.00096	1.00044	0.999671	0.999943	
23.2871 0.997327	0.998642	1.00088	1.00035	0.999515	0.999787	
23.3033 0.997351	0.998662	1.00088	1.00035	0.999472	0.999743	
23.3194 0.997438	0.998746	1.00113	1.0006	0.999665	0.999936	
23.3355 0.997686	0.998992	1.00114	1.00062	0.999602	0.999873	
23.3517 0.997528	0.998831	1.00093	1.00041	0.999348	0.999617	
23.3678 0.997692	0.998993	1.00109	1.00057	0.999391	0.99966	
23.3839 0.997621	0.998919	1.00092	1.0004	0.999386	0.999653	
23.4001 0.997396	0.998691	1.00092	1.00041	0.999542	0.999809	
23.4162 0.997584	0.998877	1.00102	1.0005	0.999453	0.999719	
23.4323 0.997506	0.998795	1.00079	1.00028	0.999395	0.99966	
23.4485 0.997373	0.998658	1.00103	1.00052	0.999428	0.999693	
23.4646 0.997703	0.998986	1.00099	1.00048	0.999435	0.999699	
23.4807 0.997636	0.998917	1.00092	1.00041	0.999482	0.999746	
23.4969 0.997502	0.99878	1.00083	1.00032	0.999478	0.999741	
23.513 0.997429	0.998703	1.0008	1.00029	0.999514	0.999777	
23.5291 0.997219	0.998489	1.00087	1.00036	0.99959	0.999852	
23.5453 0.997491	0.998758	1.00093	1.00043	0.99952	0.999782	
23.5614 0.997816	0.999081	1.00089	1.00038	0.999575	0.999836	
23.5775 0.997441	0.998702	1.00105	1.00054	0.999324	0.999584	
23.5937 0.997478	0.998736	1.00093	1.00042	0.999586	0.999846	
23.6098 0.997295	0.99855	1.00106	1.00056	0.99963	0.999889	
23.6259 0.997508	0.99876	1.00065	1.00015	0.9996	0.999859	
23.6421 0.997521	0.99877	1.00079	1.00029	0.999326	0.999584	
23.6582 0.997572	0.998818	1.00092	1.00041	0.999452	0.999709	
23.6743 0.997621	0.998863	1.0011	1.0006	0.999453	0.99971	
23.6904 0.997785	0.999025	1.00095	1.00045	0.999297	0.999552	
23.7066 0.997425	0.998662	1.00107	1.00057	0.999174	0.999427	
23.7227 0.997527	0.998761	1.00099	1.00049	0.999538	0.999791	
23.7388 0.997714	0.998945	1.00084	1.00035	0.999497	0.999749	
23.755 0.997639	0.998868	1.00094	1.00045	0.999347	0.999598	
23.7711 0.997401	0.998625	1.0009	1.00041	0.999571	0.999822	
23.7872 0.997675	0.998897	1.00086	1.00037	0.999674	0.999925	
23.8034 0.997797	0.999016	1.00086	1.00037	0.999411	0.999662	
23.8195 0.997715	0.998932	1.0009	1.00041	0.999707	0.999957	
23.8356 0.997557	0.99877	1.00096	1.00047	0.999446	0.999695	
23.8518 0.997562	0.998772	1.0009	1.00042	0.999469	0.999718	
23.8679 0.997759	0.998967	1.00086	1.00037	0.999663	0.999911	
23.884 0.997748	0.998953	1.00069	1.0002	0.999488	0.999735	
23.9002 0.997498	0.998699	1.00094	1.00045	0.9994	0.999647	
23.9163 0.997689	0.998887	1.00087	1.00038	0.999514	0.99976	
23.9324 0.997616	0.998811	1.00087	1.00039	0.999672	0.999917	
23.9486 0.997679	0.998871	1.00087	1.00039	0.999537	0.999782	
23.9647 0.997559	0.998748	1.00087	1.00038	0.999345	0.999589	
23.9808 0.997755	0.998942	1.00094	1.00046	0.999671	0.999915	
23.997 0.997481	0.998664	1.00084	1.00036	0.999651	0.999895	
24.0131 0.997874	0.999054	1.0009	1.00042	0.999603	0.999846	
24.0292 0.997775	0.998953	1.00088	1.0004	0.999321	0.999563	
24.0454 0.997673	0.998848	1.00092	1.00044	0.999389	0.99963	
24.0615 0.997792	0.998964	1.00097	1.00049	0.999441	0.999681	
24.0776 0.997793	0.998963	1.00101	1.00054	0.999857	1.0001	
24.0938 0.997638	0.998804	1.00082	1.00035	0.999634	0.999874	
24.1099 0.997628	0.998791	1.00095	1.00048	0.999527	0.999767	
24.126 0.997554	0.998713	1.00095	1.00048	0.999609	0.999848	
24.1422 0.997925	0.999082	1.00097	1.0005	0.999693	0.999932	
24.1583 0.997754	0.998908	1.00094	1.00047	0.999446	0.999684	
24.1744 0.99781	0.998961	1.00093	1.00047	0.999588	0.999826	
24.1906 0.997662	0.99881	1.00093	1.00047	0.999693	0.99993	
24.2067 0.997887	0.999032	1.00107	1.00061	0.999532	0.999769	
24.2228 0.997844	0.998986	1.00087	1.0004	0.999897	1.00013	
24.239 0.99779	0.99893	1.00104	1.00058	0.999494	0.99973	
24.2551 0.997593	0.998729	1.00087	1.00041	0.999396	0.999632	
24.2712 0.997731	0.998864	1.00085	1.00039	0.999687	0.999923	
24.2873 0.997902	0.999033	1.00095	1.00049	0.999669	0.999904	
24.3035 0.997649	0.998776	1.00077	1.00032	0.999675	0.99991	
24.3196 0.997843	0.998968	1.00102	1.00056	0.999449	0.999683	
24.3357 0.998235	0.999358	1.00078	1.00033	0.999456	0.999689	
24.3519 0.997895	0.999016	1.00103	1.00058	0.999589	0.999822	
24.368 0.997818	0.998936	1.00073	1.00028	0.999367	0.999598	
24.3841 0.997578	0.998692	1.00087	1.00042	0.999595	0.999826	
24.4003 0.997939	0.999051	1.00076	1.00031	0.99949	0.99972	
24.4164 0.997882	0.998991	1.00107	1.00062	0.999414	0.999643	
24.4325 0.997868	0.998974	1.00088	1.00043	0.999644	0.999872	
24.4487 0.997957	0.99906	1.00081	1.00036	0.999348	0.999576	
24.4648 0.997703	0.998803	1.00088	1.00044	0.999729	0.999956	
24.4809 0.998056	0.999153	1.00079	1.00035	0.999561	0.999788	
24.4971 0.998049	0.999144	1.00085	1.00041	0.999627	0.999853	
24.5132 0.998034	0.999127	1.00103	1.00059	0.999743	0.999969	
24.5293 0.997883	0.998973	1.00095	1.00051	0.999398	0.999623	
24.5455 0.997905	0.998992	1.00106	1.00063	0.999686	0.999912	
24.5616 0.997892	0.998976	1.00088	1.00044	0.999671	0.999896	
24.5777 0.997953	0.999034	1.00098	1.00054	0.999696	0.999921	
24.5939 0.998069	0.999148	1.0008	1.00036	0.999652	0.999877	
24.61 0.997811	0.998887	1.00105	1.00061	0.999736	0.999961	
24.6261 0.997784	0.998857	1.00097	1.00054	0.999702	0.999926	
24.6423 0.998044	0.999115	1.00087	1.00045	0.999761	0.999985	
24.6584 0.997667	0.998733	1.00083	1.0004	0.999645	0.999869	
24.6745 0.997908	0.998971	1.00088	1.00046	0.999653	0.999876	
24.6907 0.997994	0.999055	1.00094	1.00051	0.999721	0.999944	
24.7068 0.997916	0.998974	1.00081	1.00039	0.99949	0.999712	
24.7229 0.998016	0.999071	1.00086	1.00044	0.999723	0.999945	
24.7391 0.99791	0.998963	1.00078	1.00036	0.999443	0.999664	
24.7552 0.997851	0.9989	1.00093	1.00051	0.999745	0.999966	
24.7713 0.99809	0.999137	1.00092	1.00051	0.999551	0.999772	
24.7875 0.997824	0.998868	1.00085	1.00044	0.999543	0.999763	
24.8036 0.997905	0.998945	1.00098	1.00056	0.999637	0.999857	
24.8197 0.997847	0.998884	1.00077	1.00035	0.999394	0.999612	
24.8359 0.997815	0.998849	1.00084	1.00042	0.999676	0.999894	
24.852 0.997791	0.998821	1.00083	1.00041	0.999566	0.999784	
24.8681 0.997755	0.998782	1.00097	1.00056	0.999565	0.999781	
24.8842 0.997927	0.998951	1.00085	1.00044	0.999709	0.999926	
24.9004 0.997867	0.998888	1.00084	1.00043	0.999666	0.999882	
24.9165 0.9978	0.998817	1.00088	1.00047	0.999589	0.999805	
24.9326 0.998085	0.9991	1.00095	1.00055	0.999701	0.999916	
24.9488 0.998011	0.999023	1.00096	1.00055	0.999677	0.999892	
24.9649 0.997791	0.998799	1.00089	1.00049	0.999724	0.999939	
24.981 0.997957	0.998962	1.00073	1.00033	0.999652	0.999867	
24.9972 0.997801	0.998803	1.00097	1.00057	0.999502	0.999716	
25.0133 0.997901	0.998899	1.00078	1.00038	0.999593	0.999806	
25.0294 0.997782	0.998776	1.00106	1.00067	0.999229	0.99944	
25.0456 0.997847	0.998838	1.00073	1.00033	0.999575	0.999786	
25.0617 0.997904	0.998892	1.00088	1.00049	0.999578	0.999788	
25.0778 0.998091	0.999076	1.00101	1.00062	0.999799	1.00001	
25.094 0.997928	0.99891	1.00092	1.00053	0.99986	1.00007	
25.1101 0.997997	0.998976	1.00091	1.00053	0.999677	0.999887	
25.1262 0.998153	0.99913	1.00084	1.00046	0.999536	0.999745	
25.1424 0.998102	0.999076	1.00099	1.0006	0.999605	0.999814	
25.1585 0.997772	0.998742	1.00088	1.0005	0.999522	0.99973	
25.1746 0.998018	0.998985	1.0009	1.00051	0.999629	0.999837	
25.1908 0.997979	0.998943	1.00079	1.00041	0.999581	0.999787	
25.2069 0.997941	0.998902	1.00075	1.00037	0.999495	0.999701	
25.223 0.997816	0.998773	1.00079	1.00041	0.999736	0.999942	
25.2392 0.998231	0.999185	1.00086	1.00049	0.999668	0.999873	
25.2553 0.997898	0.998849	1.00082	1.00044	0.999678	0.999883	
25.2714 0.997893	0.99884	1.00079	1.00041	0.999752	0.999957	
25.2876 0.998065	0.999009	1.00073	1.00035	0.999912	1.00012	
25.3037 0.997859	0.9988	1.00077	1.0004	0.999498	0.999702	
25.3198 0.997994	0.998931	1.00097	1.0006	0.999482	0.999686	
25.336 0.998031	0.998965	1.00081	1.00044	0.999641	0.999844	
25.3521 0.997957	0.998888	1.0007	1.00033	0.99947	0.999672	
25.3682 0.99793	0.998857	1.00086	1.00049	0.999604	0.999806	
25.3844 0.997972	0.998896	1.00093	1.00056	0.999518	0.999718	
25.4005 0.998125	0.999046	1.00079	1.00043	0.999612	0.999812	
25.4166 0.997781	0.998698	1.00094	1.00058	1.00003	1.00023	
25.4327 0.99803	0.998943	1.0007	1.00034	0.999569	0.999769	
25.4489 0.997737	0.998646	1.00077	1.00041	0.999511	0.99971	
25.465 0.997854	0.998759	1.00095	1.00059	0.999395	0.999593	
25.4811 0.997955	0.998857	1.00079	1.00044	0.999613	0.99981	
25.4973 0.998035	0.998934	1.00103	1.00067	0.999407	0.999603	
25.5134 0.997835	0.99873	1.00084	1.00048	0.999704	0.999899	
25.5295 0.997987	0.998879	1.0008	1.00045	0.999652	0.999847	
25.5457 0.998144	0.999032	1.0007	1.00035	0.999488	0.999682	
25.5618 0.998253	0.999138	1.00093	1.00058	0.999438	0.99963	
25.5779 0.997856	0.998738	1.00086	1.00051	0.99963	0.999822	
25.5941 0.997898	0.998776	1.00086	1.00051	0.999753	0.999945	
25.6102 0.997869	0.998743	1.001	1.00065	0.999556	0.999748	
25.6263 0.998094	0.998965	1.00089	1.00055	0.999529	0.99972	
25.6425 0.997896	0.998762	1.0009	1.00056	0.999828	1.00002	
25.6586 0.997851	0.998713	1.00085	1.00051	0.999477	0.999667	
25.6747 0.998233	0.999093	1.00094	1.0006	0.999609	0.999797	
25.6909 0.998343	0.9992	1.00085	1.00052	0.999626	0.999814	
25.707 0.998077	0.998931	1.00086	1.00053	0.999778	0.999966	
25.7231 0.998068	0.998918	1.00076	1.00043	0.999788	0.999976	
25.7393 0.998221	0.999069	1.00069	1.00036	0.999697	0.999885	
25.7554 0.997848	0.998691	1.00087	1.00054	0.999975	1.00016	
25.7715 0.997967	0.998806	1.00104	1.00072	0.999799	0.999987	
25.7877 0.998018	0.998853	1.00075	1.00042	0.999689	0.999877	
25.8038 0.998086	0.998918	1.00091	1.00059	0.999471	0.999658	
25.8199 0.998106	0.998934	1.00088	1.00056	0.99949	0.999676	
25.8361 0.997948	0.998773	1.00078	1.00046	0.999564	0.999749	
25.8522 0.998248	0.999069	1.00096	1.00064	0.999693	0.999877	
25.8683 0.998127	0.998945	1.00091	1.0006	0.999979	1.00016	
25.8845 0.997999	0.998813	1.00079	1.00048	0.999738	0.999923	
25.9006 0.997766	0.998575	1.00073	1.00041	0.999686	0.99987	
25.9167 0.998024	0.99883	1.00111	1.0008	0.999578	0.999761	
25.9329 0.998022	0.998824	1.00092	1.00061	0.999497	0.99968	
25.949 0.997952	0.998749	1.00098	1.00068	0.999554	0.999735	
25.9651 0.998059	0.998853	1.00099	1.00069	1.00006	1.00024	
25.9813 0.99806	0.998851	1.00075	1.00044	0.999592	0.999774	
25.9974 0.998275	0.999062	1.00081	1.00051	0.999506	0.999687	
26.0135 0.998089	0.998872	1.00083	1.00053	0.999759	0.999939	
26.0296 0.998072	0.998852	1.00085	1.00055	0.999672	0.999851	
26.0458 0.997967	0.998742	1.00089	1.00059	0.999561	0.99974	
26.0619 0.997712	0.998483	1.00071	1.00042	0.99966	0.999839	
26.078 0.998026	0.998793	1.00077	1.00048	0.999532	0.999709	
26.0942 0.998069	0.998831	1.00091	1.00062	0.999718	0.999895	
26.1103 0.998042	0.998801	1.00089	1.0006	0.999825	1	
26.1264 0.997988	0.998743	1.00074	1.00045	0.999685	0.999862	
26.1426 0.998155	0.998906	1.00074	1.00046	0.999543	0.999719	
26.1587 0.998012	0.998758	1.00101	1.00072	0.999836	1.00001	
26.1748 0.998292	0.999035	1.00095	1.00067	0.999458	0.999632	
26.191 0.998335	0.999076	1.00074	1.00046	0.999667	0.999841	
26.2071 0.998017	0.998753	1.00081	1.00053	0.999653	0.999826	
26.2232 0.998014	0.998746	1.00085	1.00058	0.999973	1.00015	
26.2394 0.998366	0.999094	1.00082	1.00055	0.999559	0.999732	
26.2555 0.998181	0.998906	1.00085	1.00058	0.999412	0.999584	
26.2716 0.998109	0.99883	1.00075	1.00048	0.999353	0.999522	
26.2878 0.998144	0.998861	1.00071	1.00044	0.999772	0.999941	
26.3039 0.998332	0.999046	1.00083	1.00056	0.999735	0.999905	
26.32 0.99812	0.99883	1.00086	1.0006	0.999535	0.999704	
26.3362 0.998149	0.998855	1.00065	1.00039	0.999888	1.00006	
26.3523 0.998116	0.998818	1.00068	1.00042	0.999845	1.00001	
26.3684 0.998363	0.999061	1.00088	1.00062	0.999508	0.999675	
26.3846 0.997933	0.998627	1.00063	1.00038	0.999372	0.999538	
26.4007 0.998446	0.999137	1.00084	1.00058	0.9997	0.999866	
26.4168 0.997945	0.998631	1.00066	1.0004	0.999547	0.999711	
26.433 0.998245	0.998927	1.00095	1.0007	0.999713	0.999877	
26.4491 0.998093	0.998771	1.0007	1.00045	0.999565	0.999728	
26.4652 0.998199	0.998873	1.00079	1.00054	0.999686	0.999849	
26.4814 0.998489	0.99916	1.00085	1.00061	0.99963	0.999792	
26.4975 0.998288	0.998955	1.0007	1.00046	0.999777	0.999939	
26.5136 0.99832	0.998984	1.00078	1.00053	0.999553	0.999714	
26.5298 0.997982	0.99864	1.00079	1.00054	0.99975	0.99991	
26.5459 0.998195	0.99885	1.00073	1.00049	0.999751	0.999911	
26.562 0.998211	0.998862	1.00055	1.00032	0.999642	0.999801	
26.5782 0.998412	0.999059	1.00054	1.0003	0.999521	0.999679	
26.5943 0.998071	0.998714	1.00089	1.00066	0.999749	0.999906	
26.6104 0.998358	0.998998	1.00056	1.00033	0.99971	0.999867	
26.6265 0.998277	0.998912	1.0006	1.00037	0.999581	0.999737	
26.6427 0.99832	0.998952	1.00071	1.00048	0.999737	0.999893	
26.6588 0.998066	0.998693	1.00071	1.00048	0.999695	0.999851	
26.6749 0.998234	0.998857	1.00074	1.00051	0.99976	0.999915	
26.6911 0.99841	0.99903	1.00077	1.00055	0.999694	0.999849	
26.7072 0.99768	0.998293	1.00075	1.00053	0.999409	0.999562	
26.7233 0.998251	0.99886	1.00073	1.00051	0.999647	0.999799	
26.7395 0.998093	0.998698	1.00061	1.00039	0.999541	0.999692	
26.7556 0.998461	0.999062	1.00079	1.00057	0.999624	0.999774	
26.7717 0.998354	0.998951	1.0007	1.00048	0.999908	1.00006	
26.7879 0.998238	0.998831	1.00075	1.00054	0.999445	0.999594	
26.804 0.997992	0.998579	1.00061	1.0004	0.999561	0.999709	
26.8201 0.998056	0.998638	1.00068	1.00047	0.999792	0.99994	
26.8363 0.998381	0.99896	1.00072	1.00051	0.999833	0.999981	
26.8524 0.998305	0.99888	1.00075	1.00054	0.999837	0.999984	
26.8685 0.998549	0.999121	1.00073	1.00052	0.999672	0.999819	
26.8847 0.998456	0.999024	1.0007	1.0005	0.999538	0.999684	
26.9008 0.998236	0.9988	1.00052	1.00032	0.999659	0.999804	
26.9169 0.998213	0.998772	1.00065	1.00045	0.999593	0.999737	
26.9331 0.998427	0.998982	1.00052	1.00033	0.999746	0.999889	
26.9492 0.998322	0.998873	1.00077	1.00058	0.999703	0.999846	
26.9653 0.99847	0.999017	1.0007	1.00051	0.999658	0.9998	
26.9815 0.99831	0.998853	1.00068	1.00049	0.99954	0.999682	
26.9976 0.998352	0.998891	1.0008	1.00061	0.999805	0.999946	
27.0137 0.998506	0.999041	1.00069	1.0005	0.999708	0.999848	
27.0299 0.998432	0.998963	1.00065	1.00047	0.999673	0.999812	
27.046 0.998654	0.999182	1.00046	1.00027	0.999424	0.999562	
27.0621 0.998195	0.998718	1.00072	1.00054	0.999349	0.999485	
27.0783 0.99842	0.998939	1.00059	1.00041	0.999676	0.999811	
27.0944 0.998185	0.9987	1.00043	1.00025	0.999797	0.999932	
27.1105 0.998377	0.998887	1.0006	1.00042	0.999415	0.999548	
27.1267 0.998297	0.998803	1.00066	1.00048	0.99923	0.999361	
27.1428 0.998374	0.998875	1.00053	1.00036	0.999654	0.999784	
27.1589 0.998292	0.998789	1.00041	1.00024	0.999699	0.999828	
27.1751 0.998469	0.998962	1.00074	1.00057	0.999745	0.999873	
27.1912 0.998296	0.998784	1.0004	1.00023	0.999824	0.999952	
27.2073 0.998759	0.999245	1.00042	1.00025	0.999728	0.999856	
27.2234 0.99822	0.9987	1.00044	1.00027	0.999417	0.999543	
27.2396 0.998306	0.998781	1.00058	1.00041	0.999598	0.999723	
27.2557 0.998328	0.998799	1.00068	1.00051	0.999602	0.999727	
27.2718 0.998385	0.998851	1.00049	1.00032	0.999595	0.999718	
27.288 0.998334	0.998796	1.0007	1.00054	0.99976	0.999883	
27.3041 0.998359	0.998816	1.00077	1.00061	0.999644	0.999766	
27.3202 0.998592	0.999045	1.00047	1.00031	0.999475	0.999595	
27.3364 0.998352	0.998801	1.0006	1.00044	0.999555	0.999674	
27.3525 0.998406	0.998851	1.00056	1.00041	0.999425	0.999542	
27.3686 0.998601	0.999041	1.00064	1.00048	0.999675	0.999792	
27.3848 0.99814	0.998574	1.00066	1.0005	0.999886	1	
27.4009 0.998597	0.999028	1.00073	1.00058	0.999627	0.999742	
27.417 0.998476	0.998902	1.00045	1.0003	0.999478	0.999592	
27.4332 0.998472	0.998894	1.00058	1.00043	0.999583	0.999695	
27.4493 0.998709	0.999127	1.0006	1.00046	0.999684	0.999796	
27.4654 0.998415	0.998829	1.00073	1.00058	0.99946	0.99957	
27.4816 0.998685	0.999096	1.00056	1.00042	0.99975	0.99986	
27.4977 0.998742	0.999149	1.0004	1.00025	0.999726	0.999835	
27.5138 0.998436	0.998838	1.00031	1.00017	0.999564	0.999671	
27.53 0.998725	0.999124	1.00052	1.00038	0.999625	0.999731	
27.5461 0.998735	0.99913	1.00049	1.00035	0.999434	0.999538	
27.5622 0.998516	0.998907	1.00051	1.00037	0.999627	0.99973	
27.5784 0.998501	0.998887	1.0004	1.00027	0.999723	0.999825	
27.5945 0.998697	0.99908	1.00068	1.00055	0.999707	0.999809	
27.6106 0.998803	0.999182	1.00048	1.00035	0.999659	0.99976	
27.6268 0.998611	0.998986	1.00028	1.00015	0.999798	0.999898	
27.6429 0.998585	0.998956	1.00061	1.00048	0.999686	0.999785	
27.659 0.99844	0.998806	1.00057	1.00044	0.999902	1	
27.6752 0.99851	0.998871	1.00036	1.00023	0.99976	0.999858	
27.6913 0.998421	0.998777	1.00055	1.00043	0.999625	0.999723	
27.7074 0.998934	0.999288	1.00066	1.00054	0.999698	0.999795	
27.7236 0.99851	0.998859	1.00083	1.00072	0.999799	0.999895	
27.7397 0.998628	0.998973	1.0007	1.00058	0.999732	0.999828	
27.7558 0.998835	0.999175	1.00048	1.00037	0.999666	0.99976	
27.7719 0.998886	0.999224	1.00058	1.00046	0.999603	0.999697	
27.7881 0.998904	0.999239	1.0007	1.00059	0.999924	1.00002	
27.8042 0.99868	0.99901	1.00071	1.0006	0.99964	0.999732	
27.8203 0.998706	0.999032	1.00053	1.00043	0.999821	0.999914	
27.8365 0.998576	0.998897	1.0005	1.00039	0.999745	0.999837	
27.8526 0.998744	0.999061	1.00053	1.00043	0.999516	0.999606	
27.8687 0.998916	0.999231	1.00062	1.00052	0.999717	0.999806	
27.8849 0.998814	0.999124	1.00043	1.00033	0.999674	0.999762	
27.901 0.998884	0.999191	1.00055	1.00045	0.999582	0.999668	
27.9171 0.998789	0.999092	1.00053	1.00044	0.999584	0.999669	
27.9333 0.999127	0.999428	1.00043	1.00034	0.999798	0.999882	
27.9494 0.999004	0.999302	1.00054	1.00044	0.999426	0.999508	
27.9655 0.998728	0.999021	1.00049	1.0004	0.999387	0.999467	
27.9817 0.998909	0.999199	1.00049	1.0004	0.999204	0.999281	
27.9978 0.998545	0.99883	1.00056	1.00047	0.999406	0.999481	
28.0139 0.998955	0.999237	1.0004	1.00032	0.999656	0.999729	
28.0301 0.998948	0.999227	1.00056	1.00048	0.999833	0.999907	
28.0462 0.998688	0.998962	1.00073	1.00065	0.999631	0.999703	
28.0623 0.998643	0.998912	1.00043	1.00035	0.999309	0.999378	
28.0785 0.999063	0.99933	1.00056	1.00048	0.999825	0.999894	
28.0946 0.998364	0.998624	1.00053	1.00045	0.999718	0.999786	
28.1107 0.998805	0.999061	1.0005	1.00043	0.999592	0.999659	
28.1269 0.998718	0.99897	1.00039	1.00032	0.99952	0.999585	
28.143 0.999024	0.999272	1.00035	1.00028	0.999555	0.999618	
28.1591 0.998976	0.999221	1.00065	1.00059	0.999783	0.999845	
28.1753 0.998879	0.99912	1.00052	1.00046	0.999436	0.999496	
28.1914 0.998771	0.999008	1.00054	1.00047	0.999475	0.999533	
28.2075 0.998897	0.99913	1.00041	1.00035	0.99968	0.999737	
28.2237 0.998641	0.998869	1.00061	1.00055	0.999848	0.999904	
28.2398 0.998875	0.999099	1.00066	1.00061	0.999683	0.999738	
28.2559 0.998832	0.999052	1.00052	1.00047	1	1.00006	
28.2721 0.999209	0.999426	1.00066	1.0006	0.99973	0.999784	
28.2882 0.998822	0.999035	1.00039	1.00034	0.999584	0.999637	
28.3043 0.998874	0.999083	1.00058	1.00053	0.999745	0.999797	
28.3205 0.9991	0.999306	1.00034	1.0003	0.999473	0.999523	
28.3366 0.999223	0.999427	1.0006	1.00055	0.999414	0.999462	
28.3527 0.998766	0.998964	1.00044	1.0004	0.999793	0.99984	
28.3688 0.99909	0.999285	1.00045	1.00041	0.999686	0.999731	
28.385 0.999048	0.99924	1.00051	1.00047	0.999604	0.999648	
28.4011 0.99871	0.998897	1.00063	1.0006	0.999483	0.999525	
28.4172 0.998833	0.999016	1.00041	1.00038	0.99959	0.99963	
28.4334 0.998987	0.999165	1.00039	1.00036	0.9994	0.999438	
28.4495 0.998685	0.998858	1.00064	1.00061	0.999556	0.999592	
28.4656 0.999037	0.999207	1.00049	1.00046	0.999514	0.999548	
28.4818 0.999193	0.99936	1.00033	1.00031	0.999432	0.999463	
28.4979 0.998865	0.999027	1.00059	1.00056	0.999746	0.999776	
28.514 0.999035	0.999193	1.00045	1.00043	0.999741	0.99977	
28.5302 0.998801	0.998955	1.00081	1.0008	0.999707	0.999734	
28.5463 0.998657	0.998805	1.00054	1.00053	0.999451	0.999476	
28.5624 0.998819	0.998962	1.00048	1.00047	0.999602	0.999626	
28.5786 0.998821	0.998959	1.00044	1.00043	0.999509	0.99953	
28.5947 0.999	0.999134	1.00033	1.00032	0.999848	0.999869	
28.6108 0.998702	0.998831	1.0003	1.0003	0.999862	0.999882	
28.627 0.998918	0.999043	1.00044	1.00043	0.999901	0.99992	
28.6431 0.998598	0.998716	1.00049	1.00049	0.999871	0.99989	
28.6592 0.998972	0.999085	1.00054	1.00054	0.999546	0.999563	
28.6754 0.999005	0.999114	1.00024	1.00025	0.999567	0.999582	
28.6915 0.999235	0.999342	1.00043	1.00043	0.999325	0.999337	
28.7076 0.998951	0.999053	1.00057	1.00058	0.999471	0.999481	
28.7238 0.999156	0.999254	1.00054	1.00055	0.999893	0.999902	
28.7399 0.99905	0.999144	1.00038	1.00039	0.999683	0.999691	
28.756 0.999035	0.999126	1.00022	1.00023	0.99987	0.999877	
28.7722 0.998707	0.998791	1.00027	1.00028	0.999892	0.999898	
28.7883 0.998886	0.998965	1.00046	1.00048	0.999886	0.999892	
28.8044 0.998808	0.998882	1.00038	1.0004	0.999646	0.99965	
28.8206 0.999309	0.99938	1.00044	1.00046	0.999618	0.99962	
28.8367 0.998951	0.999017	1.00056	1.00058	0.999964	0.999967	
28.8528 0.998791	0.998852	1.00045	1.00047	0.999727	0.999728	
28.869 0.998872	0.998927	1.00048	1.00051	0.999845	0.999845	
28.8851 0.998476	0.998524	1.00066	1.00069	0.999667	0.999666	
28.9012 0.998877	0.99892	1.0004	1.00043	0.999728	0.999725	
28.9174 0.998966	0.999004	1.00036	1.00039	0.999887	0.999884	
28.9335 0.998882	0.998914	1.00054	1.00058	0.999661	0.999656	
28.9496 0.998883	0.99891	1.00046	1.0005	0.999664	0.999657	
28.9657 0.998782	0.998803	1.00058	1.00062	0.999852	0.999844	
28.9819 0.999364	0.999382	1.00071	1.00075	0.999982	0.999975	
28.998 0.99912	0.999134	1.00068	1.00073	0.99965	0.999641	
29.0141 0.999217	0.999227	1.00035	1.00041	0.999728	0.999717	
29.0303 0.999146	0.999152	1.00049	1.00054	0.999454	0.99944	
29.0464 0.998813	0.998812	1.00037	1.00043	0.999588	0.999572	
29.0625 0.998956	0.99895	1.00031	1.00036	0.999887	0.999871	
29.0787 0.999243	0.999234	1.00038	1.00044	0.999774	0.999756	
29.0948 0.99901	0.998995	1.00048	1.00055	0.999736	0.999717	
29.1109 0.999085	0.999065	1.0004	1.00047	1.00022	1.0002	
29.1271 0.999285	0.999262	1.00035	1.00042	0.999528	0.999507	
29.1432 0.999003	0.998975	1.00029	1.00036	0.999815	0.999793	
29.1593 0.999024	0.998991	1.00038	1.00046	0.999926	0.999904	
29.1755 0.999092	0.999054	1.00031	1.00038	1.0001	1.00008	
29.1916 0.998849	0.998805	1.00054	1.00062	1.00005	1.00003	
29.2077 0.998897	0.998847	1.00033	1.00041	0.999808	0.999785	
29.2239 0.99914	0.999085	1.00036	1.00044	0.999814	0.99979	
29.24 0.998944	0.998883	1.00032	1.0004	0.999809	0.999784	
29.2561 0.998882	0.998815	1.00017	1.00026	0.999811	0.999785	
29.2723 0.998765	0.998691	1.00044	1.00053	0.999785	0.999758	
29.2884 0.999124	0.999045	1.00064	1.00073	0.999894	0.999866	
29.3045 0.99898	0.998896	1.00009	1.00019	0.999814	0.999784	
29.3207 0.99924	0.99915	1.0005	1.0006	0.999648	0.999616	
29.3368 0.99881	0.998714	1.00032	1.00042	0.99981	0.999778	
29.3529 0.999146	0.999045	1.00034	1.00044	0.999652	0.999617	
29.3691 0.999	0.998893	1.00035	1.00045	0.999816	0.99978	
29.3852 0.99899	0.998878	1.0002	1.0003	0.999701	0.999664	
29.4013 0.999168	0.99905	1.0004	1.0005	1.00002	0.999978	
29.4175 0.999049	0.998925	1.0004	1.00051	1.00029	1.00025	
29.4336 0.999076	0.998947	1.00057	1.00068	0.999943	0.999906	
29.4497 0.998751	0.998614	1.0004	1.00052	0.999895	0.999858	
29.4659 0.999183	0.999041	1.00044	1.00056	0.999684	0.999644	
29.482 0.999224	0.999078	1.00041	1.00054	1.00003	0.999995	
29.4981 0.998926	0.998773	1.0005	1.00063	0.999866	0.999826	
29.5143 0.999043	0.998884	1.00058	1.00071	1.00034	1.0003	
29.5304 0.999324	0.99916	1.00026	1.0004	0.999827	0.999787	
29.5465 0.999019	0.998849	1.00009	1.00022	0.999736	0.999695	
29.5626 0.998949	0.998772	1.00019	1.00032	1.00006	1.00002	
29.5788 0.999127	0.998944	1.00024	1.00037	1.00013	1.00009	
29.5949 0.998876	0.998686	1.00018	1.00032	1.00002	0.999974	
29.611 0.999079	0.998883	1.00028	1.00042	0.999975	0.999934	
29.6272 0.999178	0.998977	1.00043	1.00057	1.0002	1.00016	
29.6433 0.998923	0.998715	1.00031	1.00046	1.00038	1.00034	
29.6594 0.999167	0.998953	1.00017	1.00032	0.999916	0.999876	
29.6756 0.998934	0.998713	1.00011	1.00026	1.00002	0.999977	
29.6917 0.999064	0.998836	1.00022	1.00037	0.999614	0.999572	
29.7078 0.99928	0.999047	1.00024	1.00039	1.00006	1.00002	
29.724 0.99907	0.99883	1.00041	1.00057	0.99998	0.999938	
29.7401 0.999078	0.998832	1.00015	1.00031	1.00018	1.00014	
29.7562 0.999012	0.998759	1.00043	1.00059	0.999743	0.999701	
29.7724 0.998919	0.998658	1.00031	1.00047	1.00014	1.0001	
29.7885 0.999115	0.998848	1.00026	1.00042	0.999732	0.999688	
29.8046 0.998991	0.998717	1.00041	1.00058	1.00012	1.00007	
29.8208 0.999097	0.998816	1.00063	1.00081	1.0001	1.00006	
29.8369 0.999089	0.998801	1.00059	1.00077	0.999728	0.999683	
29.853 0.99922	0.998926	1.00027	1.00046	1.00001	0.999966	
29.8692 0.999201	0.9989	1.00035	1.00054	0.999922	0.999876	
29.8853 0.999106	0.998799	1.00049	1.00068	1.00027	1.00022	
29.9014 0.999151	0.998837	1.00025	1.00044	0.999909	0.999863	
29.9176 0.999103	0.998782	1.00018	1.00037	1.00027	1.00023	
29.9337 0.999105	0.998777	1.00019	1.00039	0.999981	0.999936	
29.9498 0.999095	0.998759	1.00034	1.00054	1.00015	1.00011	
29.966 0.99939	0.999049	1.00025	1.00045	1.00017	1.00012	
29.9821 0.999359	0.999012	1.00024	1.00044	1.00016	1.00012	
29.9982 0.999115	0.998761	1.00051	1.00072	1.00031	1.00027	
30.0144 0.999044	0.998683	1.00012	1.00033	1.00002	0.999983	
30.0305 0.999336	0.998968	1.00035	1.00056	1.00009	1.00005	
30.0466 0.999219	0.998845	1.00011	1.00033	0.999972	0.99993	
30.0628 0.999172	0.99879	1.0004	1.00061	0.99972	0.999677	
30.0789 0.999331	0.998943	1.00035	1.00058	0.999752	0.999707	
30.095 0.999339	0.998945	1.00024	1.00046	0.99997	0.999925	
30.1111 0.999012	0.99861	1.00001	1.00024	0.999992	0.999947	
30.1273 0.99973	0.999324	1.00032	1.00055	0.999686	0.999639	
30.1434 0.999515	0.999103	1.00015	1.00038	0.999953	0.999905	
30.1595 0.999185	0.998766	1.0001	1.00033	1.00002	0.999974	
30.1757 0.999558	0.999134	1.00012	1.00036	0.99968	0.99963	
30.1918 0.999326	0.998895	1.00052	1.00076	1.00004	0.999987	
30.2079 0.999485	0.999048	1.00038	1.00062	0.99961	0.999556	
30.2241 0.999375	0.998932	1.00039	1.00064	1.00013	1.00008	
30.2402 0.999472	0.999023	1.00022	1.00047	0.99989	0.999836	
30.2563 0.999348	0.998893	1.00038	1.00063	0.999864	0.999809	
30.2725 0.999251	0.998788	1.00034	1.0006	1	0.999944	
30.2886 0.99954	0.999071	1.00026	1.00053	1.00007	1.00002	
30.3047 0.99961	0.999136	1.00037	1.00063	0.999907	0.99985	
30.3209 0.999163	0.998681	1.00017	1.00043	0.999721	0.999662	
30.337 0.999507	0.999019	1.00011	1.00038	0.99975	0.999689	
30.3531 0.999627	0.999134	1.00018	1.00046	0.999754	0.999691	
30.3693 0.999191	0.998689	1.00055	1.00083	0.999689	0.999624	
30.3854 0.999591	0.999083	1.00026	1.00054	1.00009	1.00003	
30.4015 0.999175	0.998659	1.00023	1.00051	0.999754	0.999687	
30.4177 0.999904	0.999384	1.0003	1.00059	0.999915	0.999848	
30.4338 0.999475	0.998949	1.0001	1.00039	0.999521	0.99945	
30.4499 0.999425	0.998892	1.00024	1.00054	1.00008	1.00001	
30.4661 0.999453	0.998914	1.00039	1.00069	0.999595	0.999521	
30.4822 0.99966	0.999114	1.00024	1.00054	1.00039	1.00031	
30.4983 0.999477	0.998925	1.00019	1.00049	0.999719	0.999645	
30.5145 0.99943	0.998871	1	1.00031	1.00003	0.999955	
30.5306 0.999693	0.999128	1.00007	1.00038	0.999527	0.999449	
30.5467 0.999655	0.999084	1.00045	1.00076	0.999776	0.999697	
30.5629 0.999593	0.999016	1.00013	1.00045	1.00005	0.999966	
30.579 0.999516	0.998933	1.00002	1.00034	0.999669	0.999587	
30.5951 0.999501	0.998911	1.00009	1.00042	0.999588	0.999502	
30.6113 0.999645	0.999048	0.999943	1.00027	0.999607	0.999518	
30.6274 0.999256	0.998651	1.0002	1.00053	0.999725	0.999634	
30.6435 0.999444	0.998831	1.0002	1.00053	1.00004	0.999953	
30.6597 0.999185	0.998563	0.999931	1.00026	0.999842	0.999749	
30.6758 0.999786	0.999158	1.00005	1.00038	1.00007	0.999979	
30.6919 0.999473	0.998838	0.999953	1.00029	0.999853	0.999758	
30.708 0.999308	0.998664	1.0002	1.00054	0.999952	0.999856	
30.7242 0.999253	0.9986	1.00019	1.00054	0.999582	0.999483	
30.7403 0.999597	0.998937	1.00026	1.00061	0.999769	0.999668	
30.7564 0.999658	0.998991	1.00023	1.00059	1.00003	0.999924	
30.7726 0.99955	0.998875	1.00024	1.0006	0.99946	0.999354	
30.7887 0.999519	0.998837	1.00016	1.00052	0.999947	0.999839	
30.8048 0.999433	0.998743	1.00012	1.00048	0.999881	0.999772	
30.821 0.999831	0.999135	1.00044	1.0008	0.999527	0.999415	
30.8371 0.999213	0.998508	1.00021	1.00058	0.999896	0.999783	
30.8532 0.999501	0.998786	1.00015	1.00053	0.999879	0.999763	
30.8694 0.999473	0.998751	1.00008	1.00046	0.999895	0.999778	
30.8855 0.999591	0.998861	1.00018	1.00057	0.999664	0.999544	
30.9016 0.999213	0.998473	1.00027	1.00065	0.99949	0.999366	
30.9178 0.999779	0.999032	1.00005	1.00044	0.999631	0.999504	
30.9339 0.999594	0.998839	0.999966	1.00036	0.999693	0.999562	
30.95 0.999335	0.998571	1	1.0004	0.999998	0.999867	
30.9662 0.999341	0.998567	0.999957	1.00035	0.999945	0.999813	
30.9823 0.999503	0.99872	1.00013	1.00054	1.00004	0.999906	
30.9984 0.999663	0.998872	1.00023	1.00064	0.999707	0.99957	
31.0146 0.999572	0.998773	1.00007	1.00048	0.999978	0.99984	
31.0307 0.999739	0.998933	1.00021	1.00062	0.999817	0.999678	
31.0468 0.999704	0.99889	1.0004	1.00082	1.00018	1.00004	
31.063 0.999437	0.998614	0.999888	1.00031	0.999217	0.999071	
31.0791 0.999662	0.998831	1.00006	1.00048	1.00013	0.999983	
31.0952 0.999836	0.998998	1.00023	1.00066	1.00008	0.999929	
31.1114 0.999495	0.998648	1.00016	1.00059	1.00011	0.999959	
31.1275 0.999185	0.998327	0.999996	1.00043	0.99995	0.999802	
31.1436 0.999556	0.998687	1.00013	1.00057	1.00028	1.00014	
31.1598 0.999954	0.999079	0.999968	1.00041	0.999691	0.999541	
31.1759 0.999335	0.998449	1.00006	1.0005	0.999739	0.999586	
31.192 0.999764	0.99887	1.00003	1.00048	0.999991	0.999836	
31.2082 0.999608	0.998706	0.999891	1.00034	0.999587	0.999428	
31.2243 0.999473	0.99856	1.00008	1.00054	0.999864	0.999703	
31.2404 0.999805	0.998884	1.00005	1.00051	1.00011	0.999951	
31.2566 0.999646	0.998716	1.00006	1.00053	0.999669	0.999505	
31.2727 0.999531	0.998592	1.00025	1.00072	1.00021	1.00005	
31.2888 0.999525	0.998576	1.00031	1.00078	0.999918	0.999752	
31.3049 0.999316	0.998355	1.00001	1.00048	0.999933	0.999766	
31.3211 0.999315	0.998343	1.00006	1.00054	0.999717	0.999547	
31.3372 0.999623	0.998641	0.999824	1.00031	0.999904	0.999732	
31.3533 0.999443	0.99845	1.00002	1.0005	0.999928	0.999754	
31.3695 0.999999	0.998998	0.999827	1.00032	1.00007	0.999892	
31.3856 0.999973	0.998964	1.00002	1.00051	1.00018	1	
31.4017 0.99959	0.998572	0.999898	1.00039	0.99977	0.999593	
31.4179 0.999592	0.998563	1.00002	1.00052	0.999823	0.999642	
31.434 0.999928	0.998891	1.00012	1.00062	1.00048	1.0003	
31.4501 0.999595	0.998547	1.00021	1.00072	0.999944	0.999764	
31.4663 1.00001	0.998956	1.00028	1.00079	1.00017	0.999987	
31.4824 0.999922	0.998858	0.999894	1.00041	1.00008	0.999895	
31.4985 0.999633	0.998559	0.999717	1.00024	1.0002	1.00002	
31.5147 0.999424	0.998338	0.999924	1.00045	0.99978	0.999596	
31.5308 0.99981	0.998714	0.999893	1.00042	1.00011	0.99993	
31.5469 0.999762	0.998656	1.00012	1.00065	1.00039	1.00021	
31.5631 0.999548	0.998431	1.00005	1.00058	0.999705	0.999519	
31.5792 0.999432	0.998303	0.999929	1.00047	0.999674	0.999484	
31.5953 0.999894	0.998755	1.00003	1.00057	1.0002	1.00001	
31.6115 0.99967	0.998521	0.99979	1.00033	1.00035	1.00016	
31.6276 0.999734	0.998574	0.999921	1.00047	0.999956	0.999766	
31.6437 1.00021	0.999037	0.999775	1.00033	1.00032	1.00013	
31.6599 0.999877	0.9987	0.999942	1.0005	1.00007	0.999884	
31.676 0.999896	0.998709	1.00014	1.0007	1.00003	0.999838	
31.6921 1.00004	0.998842	1.00034	1.00091	0.999937	0.999744	
31.7083 1.00008	0.998879	0.99999	1.00056	1.00056	1.00037	
31.7244 0.999904	0.99869	0.999991	1.00057	1.00061	1.00043	
31.7405 1.00053	0.999306	0.999964	1.00054	0.999929	0.999739	
31.7567 1.00001	0.998784	1.00001	1.00059	1.00036	1.00017	
31.7728 0.999735	0.998496	1.00001	1.0006	1.0001	0.999914	
31.7889 0.999844	0.998594	0.999774	1.00036	1.00012	0.999931	
31.8051 0.999618	0.998356	0.99974	1.00033	1.00009	0.999902	
31.8212 1.00001	0.99874	0.999875	1.00047	1.00028	1.00009	
31.8373 1.00001	0.998731	0.999749	1.00035	1.00053	1.00034	
31.8535 0.999911	0.99862	1.00006	1.00067	0.999545	0.999353	
31.8696 1.00023	0.998929	0.999832	1.00044	1.00036	1.00017	
31.8857 1.00004	0.998734	1	1.00062	1.00014	0.999949	
31.9018 0.999951	0.998632	0.999787	1.0004	0.99972	0.999526	
31.918 1.00036	0.999028	0.999519	1.00013	1.00014	0.999941	
31.9341 0.999657	0.998318	0.999494	1.00011	1.00056	1.00037	
31.9502 1.00029	0.998943	0.999757	1.00038	1.00057	1.00038	
31.9664 0.999674	0.998314	0.999484	1.0001	1.00018	0.999991	
31.9825 1.0001	0.998727	0.999738	1.00036	0.99991	0.999719	
31.9986 0.999602	0.998219	0.999921	1.00055	1.00036	1.00017	
32.0148 1.00024	0.998851	0.999509	1.00014	1.00034	1.00015	
32.0309 0.999549	0.998143	0.999809	1.00044	0.999867	0.999676	
32.047 0.99985	0.998432	0.999656	1.00029	1.00032	1.00013	
32.0632 0.999746	0.998315	0.99973	1.00037	0.999702	0.999508	
32.0793 1.00006	0.998617	0.999796	1.00044	1.00019	0.999997	
32.0954 1.00038	0.998931	0.999523	1.00016	1.00045	1.00026	
32.1116 1.00022	0.998758	0.999727	1.00037	0.999966	0.999772	
32.1277 1.00065	0.999179	0.999792	1.00044	1.00015	0.999958	
32.1438 0.999898	0.99842	1.00006	1.00071	0.999777	0.99958	
32.16 1.00023	0.998737	0.999753	1.00041	1.00024	1.00004	
32.1761 1.00062	0.999122	1.00006	1.00073	1.00021	1.00001	
32.1922 1.00019	0.998683	1.00001	1.00068	1.00041	1.00022	
32.2084 1.00033	0.99882	0.999979	1.00065	1.00011	0.999914	
32.2245 1.00001	0.99848	0.999529	1.0002	1.00012	0.999926	
32.2406 1.00023	0.998699	0.999964	1.00064	1.00002	0.999826	
32.2568 0.999935	0.998387	0.9999	1.00058	0.999653	0.999451	
