# Radius 	finiterdf__wat_wat	rdf__wat_wat	finiterdf__wat_met	rdf__wat_met	finiterdf__met_met	rdf__met_met	
0.00508277 0	0	0	0	0	0	
0.0152483 0	0	0	0	0	0	
0.0254139 0	0	0	0	0	0	
0.0355794 0	0	0	0	0	0	
0.045745 0	0	0	0	0	0	
0.0559105 0	0	0	0	0	0	
0.0660761 0	0	0	0	0	0	
0.0762416 0	0	0	0	0	0	
0.0864071 0	0	0	0	0	0	
0.0965727 0	0	0	0	0	0	
0.106738 0	0	0	0	0	0	
0.116904 0	0	0	0	0	0	
0.127069 0	0	0	0	0	0	
0.137235 0	0	0	0	0	0	
0.1474 0	0	0	0	0	0	
0.157566 0	0	0	0	0	0	
0.167732 0	0	0	0	0	0	
0.177897 0	0	0	0	0	0	
0.188063 0	0	0	0	0	0	
0.198228 0	0	0	0	0	0	
0.208394 0	0	0	0	0	0	
0.218559 0	0	0	0	0	0	
0.228725 0	0	0	0	0	0	
0.23889 0	0	0	0	0	0	
0.249056 0	0	0	0	0	0	
0.259221 0	0	0	0	0	0	
0.269387 0	0	0	0	0	0	
0.279553 0	0	0	0	0	0	
0.289718 0	0	0	0	0	0	
0.299884 0	0	0	0	0	0	
0.310049 0	0	0	0	0	0	
0.320215 0	0	0	0	0	0	
0.33038 0	0	0	0	0	0	
0.340546 0	0	0	0	0	0	
0.350711 0	0	0	0	0	0	
0.360877 0	0	0	0	0	0	
0.371042 0	0	0	0	0	0	
0.381208 0	0	0	0	0	0	
0.391374 0	0	0	0	0	0	
0.401539 0	0	0	0	0	0	
0.411705 0	0	0	0	0	0	
0.42187 0	0	0	0	0	0	
0.432036 0	0	0	0	0	0	
0.442201 0	0	0	0	0	0	
0.452367 0	0	0	0	0	0	
0.462532 0	0	0	0	0	0	
0.472698 0	0	0	0	0	0	
0.482863 0	0	0	0	0	0	
0.493029 0	0	0	0	0	0	
0.503195 0	0	0	0	0	0	
0.51336 0	0	0	0	0	0	
0.523526 0	0	0	0	0	0	
0.533691 0	0	0	0	0	0	
0.543857 0	0	0	0	0	0	
0.554022 0	0	0	0	0	0	
0.564188 0	0	0	0	0	0	
0.574353 0	0	0	0	0	0	
0.584519 0	0	0	0	0	0	
0.594684 0	0	0	0	0	0	
0.60485 0	0	0	0	0	0	
0.615016 0	0	0	0	0	0	
0.625181 0	0	0	0	0	0	
0.635347 0	0	0	0	0	0	
0.645512 0	0	0	0	0	0	
0.655678 0	0	0	0	0	0	
0.665843 0	0	0	0	0	0	
0.676009 0	0	0	0	0	0	
0.686174 0	0	0	0	0	0	
0.69634 0	0	0	0	0	0	
0.706506 0	0	0	0	0	0	
0.716671 0	0	0	0	0	0	
0.726837 0	0	0	0	0	0	
0.737002 0	0	0	0	0	0	
0.747168 0	0	0	0	0	0	
0.757333 0	0	0	0	0	0	
0.767499 0	0	0	0	0	0	
0.777664 0	0	0	0	0	0	
0.78783 0	0	0	0	0	0	
0.797995 0	0	0	0	0	0	
0.808161 0	0	0	0	0	0	
0.818327 0	0	0	0	0	0	
0.828492 0	0	0	0	0	0	
0.838658 0	0	0	0	0	0	
0.848823 0	0	0	0	0	0	
0.858989 0	0	0	0	0	0	
0.869154 0	0	0	0	0	0	
0.87932 0	0	0	0	0	0	
0.889485 0	0	0	0	0	0	
0.899651 0	0	0	0	0	0	
0.909816 0	0	0	0	0	0	
0.919982 0	0	0	0	0	0	
0.930148 0	0	0	0	0	0	
0.940313 0	0	0	0	0	0	
0.950479 0	0	0	0	0	0	
0.960644 0	0	0	0	0	0	
0.97081 0	0	0	0	0	0	
0.980975 0	0	0	0	0	0	
0.991141 0	0	0	0	0	0	
1.00131 0	0	0	0	0	0	
1.01147 0	0	0	0	0	0	
1.02164 0	0	0	0	0	0	
1.0318 0	0	0	0	0	0	
1.04197 0	0	0	0	0	0	
1.05213 0	0	0	0	0	0	
1.0623 0	0	0	0	0	0	
1.07247 0	0	0	0	0	0	
1.08263 0	0	0	0	0	0	
1.0928 0	0	0	0	0	0	
1.10296 0	0	0	0	0	0	
1.11313 0	0	0	0	0	0	
1.12329 0	0	0	0	0	0	
1.13346 0	0	0	0	0	0	
1.14362 0	0	0	0	0	0	
1.15379 0	0	0	0	0	0	
1.16396 0	0	0	0	0	0	
1.17412 0	0	0	0	0	0	
1.18429 0	0	0	0	0	0	
1.19445 0	0	0	0	0	0	
1.20462 0	0	0	0	0	0	
1.21478 0	0	0	0	0	0	
1.22495 0	0	0	0	0	0	
1.23511 0	0	0	0	0	0	
1.24528 0	0	0	0	0	0	
1.25545 0	0	0	0	0	0	
1.26561 0	0	0	0	0	0	
1.27578 0	0	0	0	0	0	
1.28594 0	0	0	0	0	0	
1.29611 0	0	0	0	0	0	
1.30627 0	0	0	0	0	0	
1.31644 0	0	0	0	0	0	
1.3266 0	0	0	0	0	0	
1.33677 0	0	0	0	0	0	
1.34693 0	0	0	0	0	0	
1.3571 0	0	0	0	0	0	
1.36727 0	0	0	0	0	0	
1.37743 0	0	0	0	0	0	
1.3876 0	0	0	0	0	0	
1.39776 0	0	0	0	0	0	
1.40793 0	0	0	0	0	0	
1.41809 0	0	0	0	0	0	
1.42826 0	0	0	0	0	0	
1.43842 0	0	0	0	0	0	
1.44859 0	0	0	0	0	0	
1.45876 0	0	0	0	0	0	
1.46892 0	0	0	0	0	0	
1.47909 0	0	0	0	0	0	
1.48925 0	0	0	0	0	0	
1.49942 0	0	0	0	0	0	
1.50958 0	0	0	0	0	0	
1.51975 0	0	0	0	0	0	
1.52991 0	0	0	0	0	0	
1.54008 0	0	0	0	0	0	
1.55025 0	0	0	0	0	0	
1.56041 0	0	0	0	0	0	
1.57058 0	0	0	0	0	0	
1.58074 0	0	0	0	0	0	
1.59091 0	0	0	0	0	0	
1.60107 0	0	0	0	0	0	
1.61124 0	0	0	0	0	0	
1.6214 0	0	0	0	0	0	
1.63157 0	0	0	0	0	0	
1.64174 0	0	0	0	0	0	
1.6519 0	0	0	0	0	0	
1.66207 0	0	0	0	0	0	
1.67223 0	0	0	0	0	0	
1.6824 0	0	0	0	0	0	
1.69256 0	0	0	0	0	0	
1.70273 0	0	0	0	0	0	
1.71289 0	0	0	0	0	0	
1.72306 0	0	0	0	0	0	
1.73323 0	0	0	0	0	0	
1.74339 0	0	0	0	0	0	
1.75356 0	0	0	0	0	0	
1.76372 0	0	0	0	0	0	
1.77389 0	0	0	0	0	0	
1.78405 0	0	0	0	0	0	
1.79422 0	0	0	0	0	0	
1.80438 0	0	0	0	0	0	
1.81455 0	0	0	0	0	0	
1.82472 0	0	0	0	0	0	
1.83488 0	0	0	0	0	0	
1.84505 0	0	0	0	0	0	
1.85521 0	0	0	0	0	0	
1.86538 0	0	0	0	0	0	
1.87554 0	0	0	0	0	0	
1.88571 0	0	0	0	0	0	
1.89587 0	0	0	0	0	0	
1.90604 0	0	0	0	0	0	
1.91621 0	0	0	0	0	0	
1.92637 0	0	0	0	0	0	
1.93654 0	0	0	0	0	0	
1.9467 0	0	0	0	0	0	
1.95687 0	0	0	0	0	0	
1.96703 0	0	0	0	0	0	
1.9772 0	0	0	0	0	0	
1.98736 0	0	0	0	0	0	
1.99753 0	0	0	0	0	0	
2.0077 0	0	0	0	0	0	
2.01786 0	0	0	0	0	0	
2.02803 0	0	0	0	0	0	
2.03819 0	0	0	0	0	0	
2.04836 0	0	0	0	0	0	
2.05852 0	0	0	0	0	0	
2.06869 0	0	0	0	0	0	
2.07885 0	0	0	0	0	0	
2.08902 0	0	0	0	0	0	
2.09919 0	0	0	0	0	0	
2.10935 0	0	0	0	0	0	
2.11952 0	0	0	0	0	0	
2.12968 0	0	0	0	0	0	
2.13985 0	0	0	0	0	0	
2.15001 0	0	0	0	0	0	
2.16018 0	0	0	0	0	0	
2.17034 0	0	0	0	0	0	
2.18051 0	0	0	0	0	0	
2.19068 0	0	0	0	0	0	
2.20084 0	0	0	0	0	0	
2.21101 0	0	0	0	0	0	
2.22117 0	0	0	0	0	0	
2.23134 0	0	0	0	0	0	
2.2415 0	0	0	0	0	0	
2.25167 0	0	0	0	0	0	
2.26183 0	0	0	0	0	0	
2.272 0	0	0	0	0	0	
2.28217 0	0	0	0	0	0	
2.29233 0	0	0	0	0	0	
2.3025 0	0	0	0	0	0	
2.31266 0	0	0	0	0	0	
2.32283 0	0	0	0	0.000110347	0.000110543	
2.33299 0	0	0	0	0	0	
2.34316 0	0	0	0	0.00010844	0.000108627	
2.35332 0	0	0	0	0	0	
2.36349 0	0	0.000213165	0.000212665	0.000532911	0.000533799	
2.37366 0	0	0.000105671	0.000105421	0.00105671	0.00105844	
2.38382 0	0	0.000209544	0.000209041	0.00220021	0.00220374	
2.39399 0.000207768	0.000208095	0.000675247	0.000673604	0.00311652	0.00312143	
2.40415 0.000309022	0.000309499	0.00185413	0.00184957	0.00566541	0.00567415	
2.41432 0.000817135	0.000818369	0.00275783	0.00275095	0.00868206	0.00869518	
2.42448 0.00273475	0.0027388	0.00638109	0.00636497	0.0174214	0.0174472	
2.43465 0.00421861	0.00422471	0.0115007	0.0114713	0.0307356	0.0307801	
2.44481 0.00707228	0.00708228	0.0214659	0.0214103	0.041836	0.0418953	
2.45498 0.0183743	0.0183997	0.0361064	0.0360118	0.0670759	0.067169	
2.46515 0.0274325	0.0274696	0.0552079	0.0550615	0.0924868	0.0926123	
2.47531 0.0486823	0.0487465	0.0870159	0.0867825	0.133512	0.133689	
2.48548 0.0809567	0.081061	0.128663	0.128314	0.185429	0.185671	
2.49564 0.121404	0.121557	0.187746	0.187231	0.258198	0.258528	
2.50581 0.177881	0.1781	0.260896	0.260175	0.324093	0.324499	
2.51597 0.264482	0.264801	0.344805	0.343844	0.420613	0.421132	
2.52614 0.374783	0.375227	0.45726	0.455978	0.503536	0.504149	
2.5363 0.521721	0.52233	0.589423	0.587762	0.653516	0.654304	
2.54647 0.698991	0.6998	0.744577	0.742472	0.761333	0.762245	
2.55664 0.892286	0.893315	0.92198	0.919371	0.899117	0.90019	
2.5668 1.15471	1.15604	1.12565	1.12247	1.03922	1.04046	
2.57697 1.42103	1.4227	1.33954	1.33577	1.1821	1.18352	
2.58713 1.76961	1.77174	1.57138	1.56699	1.33739	1.33902	
2.5973 2.07978	2.08236	1.77679	1.77188	1.47495	1.47677	
2.60746 2.43778	2.44094	2.01381	2.00831	1.5901	1.59209	
2.61763 2.81189	2.81572	2.24401	2.23799	1.75503	1.75728	
2.62779 3.15463	3.15918	2.47582	2.46931	1.88469	1.88717	
2.63796 3.55327	3.55874	2.69561	2.68869	1.99785	2.00055	
2.64812 3.90063	3.90706	2.8802	2.87302	2.05615	2.05901	
2.65829 4.23862	4.24614	3.04947	3.0421	2.1461	2.14919	
2.66846 4.53883	4.5475	3.21198	3.20449	2.23589	2.2392	
2.67862 4.79662	4.80649	3.36705	3.35951	2.24907	2.25252	
2.68879 5.06266	5.07387	3.43367	3.4263	2.27682	2.28042	
2.69895 5.26309	5.27564	3.50675	3.49957	2.26795	2.27165	
2.70912 5.35533	5.36902	3.57	3.56305	2.28585	2.28969	
2.71928 5.51689	5.532	3.59698	3.59035	2.28344	2.2874	
2.72945 5.58576	5.6021	3.59757	3.59131	2.24417	2.24817	
2.73961 5.64188	5.65944	3.58925	3.58337	2.22675	2.23084	
2.74978 5.61174	5.63027	3.54209	3.53666	2.15181	2.15586	
2.75995 5.51732	5.53658	3.48939	3.4844	2.12622	2.13032	
2.77011 5.50639	5.52664	3.4158	3.41125	2.05827	2.06233	
2.78028 5.44093	5.46196	3.33591	3.3318	2.01421	2.01827	
2.79044 5.2921	5.31351	3.25404	3.25033	1.90972	1.91364	
2.80061 5.20183	5.22381	3.1563	3.15298	1.83136	1.83518	
2.81077 5.00647	5.02849	3.05054	3.0476	1.77428	1.77804	
2.82094 4.82433	4.84635	2.9219	2.91933	1.68871	1.69235	
2.8311 4.65188	4.67386	2.80717	2.80492	1.61763	1.62115	
2.84127 4.52278	4.54484	2.70596	2.70399	1.54442	1.54782	
2.85144 4.28563	4.30716	2.58023	2.57853	1.47528	1.47857	
2.8616 4.08466	4.10575	2.43942	2.43797	1.398	1.40114	
2.87177 3.92144	3.94221	2.35064	2.34938	1.32452	1.32751	
2.88193 3.73003	3.75024	2.2272	2.22613	1.24839	1.25122	
2.8921 3.53928	3.55887	2.10822	2.10731	1.18837	1.19108	
2.90226 3.38631	3.40543	1.99957	1.9988	1.11638	1.11892	
2.91243 3.18225	3.20054	1.91179	1.91114	1.08031	1.08278	
2.92259 3.01378	3.03138	1.81094	1.81038	1.0144	1.01672	
2.93276 2.87497	2.89201	1.70139	1.70093	0.948401	0.950566	
2.94293 2.70968	2.72596	1.63078	1.63038	0.918143	0.920237	
2.95309 2.57902	2.59471	1.53607	1.53574	0.858855	0.860807	
2.96326 2.45151	2.4666	1.45449	1.45421	0.811069	0.812906	
2.97342 2.32313	2.33758	1.36982	1.36957	0.766812	0.76854	
2.98359 2.1963	2.21009	1.30602	1.30581	0.732435	0.734076	
2.99375 2.05911	2.07215	1.25133	1.25114	0.699901	0.701459	
3.00392 1.97559	1.98819	1.17155	1.17138	0.656309	0.657759	
3.01408 1.88364	1.89574	1.12926	1.1291	0.622202	0.623565	
3.02425 1.79966	1.81129	1.06748	1.06734	0.603574	0.604885	
3.03442 1.71112	1.72225	1.01566	1.01553	0.561064	0.56227	
3.04458 1.62271	1.6333	0.967945	0.967815	0.545955	0.547116	
3.05475 1.56018	1.57041	0.927794	0.927665	0.525036	0.52614	
3.06491 1.47633	1.48605	0.900417	0.900288	0.498108	0.499143	
3.07508 1.40469	1.41397	0.841963	0.841836	0.486384	0.487381	
3.08524 1.35535	1.36433	0.814845	0.814714	0.461855	0.462789	
3.09541 1.29247	1.30105	0.785206	0.78507	0.438569	0.439444	
3.10557 1.2539	1.26224	0.754023	0.753883	0.436012	0.436868	
3.11574 1.20911	1.21717	0.730129	0.729984	0.416183	0.416988	
3.12591 1.16836	1.17616	0.693948	0.693798	0.403122	0.403889	
3.13607 1.13398	1.14156	0.679013	0.678855	0.395973	0.396713	
3.14624 1.08991	1.0972	0.661821	0.661656	0.385118	0.385825	
3.1564 1.04747	1.05448	0.638173	0.638001	0.371346	0.372016	
3.16657 1.0284	1.03529	0.632093	0.63191	0.365344	0.365991	
3.17673 0.987259	0.993866	0.608497	0.608307	0.356107	0.356725	
3.1869 0.954298	0.960682	0.600899	0.600698	0.352022	0.35262	
3.19706 0.952433	0.958803	0.579114	0.578907	0.34769	0.348268	
3.20723 0.92852	0.934726	0.560168	0.559954	0.339064	0.339615	
3.2174 0.90673	0.912786	0.561925	0.561697	0.334912	0.335444	
3.22756 0.896226	0.902208	0.548161	0.547924	0.328462	0.328971	
3.23773 0.887199	0.893115	0.548728	0.548477	0.336739	0.337249	
3.24789 0.85953	0.865254	0.531075	0.530819	0.322331	0.322806	
3.25806 0.835048	0.840602	0.524766	0.524498	0.322117	0.32258	
3.26822 0.84363	0.849233	0.513703	0.513426	0.319225	0.31967	
3.27839 0.81935	0.824784	0.517834	0.517541	0.322123	0.32256	
3.28855 0.80631	0.811648	0.513041	0.512736	0.325089	0.325518	
3.29872 0.802551	0.807856	0.501896	0.501582	0.324894	0.325309	
3.30889 0.794256	0.799496	0.502677	0.502349	0.318388	0.318782	
3.31905 0.7961	0.801343	0.502332	0.501989	0.324872	0.32526	
3.32922 0.789903	0.795095	0.501794	0.501436	0.320259	0.320629	
3.33938 0.787237	0.792402	0.496768	0.496399	0.330004	0.330372	
3.34955 0.769146	0.774181	0.498507	0.498121	0.335274	0.335635	
3.35971 0.7626	0.767581	0.501244	0.500841	0.32713	0.327468	
3.36988 0.768596	0.773606	0.491907	0.491496	0.33402	0.334351	
3.38004 0.772944	0.777971	0.501486	0.501051	0.335297	0.335616	
3.39021 0.758473	0.763395	0.495945	0.495499	0.339868	0.340177	
3.40038 0.755386	0.760277	0.500888	0.500422	0.343297	0.343595	
3.41054 0.756367	0.761253	0.490536	0.490064	0.342072	0.342356	
3.42071 0.758137	0.763022	0.497648	0.497154	0.355561	0.355841	
3.43087 0.759518	0.764401	0.501001	0.500487	0.353052	0.353316	
3.44104 0.754484	0.759323	0.504808	0.504274	0.359668	0.359922	
3.4512 0.749496	0.754291	0.509186	0.508632	0.361252	0.361492	
3.46137 0.754244	0.759057	0.509803	0.509232	0.361419	0.361644	
3.47153 0.74267	0.747397	0.521766	0.521165	0.37215	0.372366	
3.4817 0.745805	0.75054	0.520049	0.519434	0.374842	0.375045	
3.49187 0.756801	0.761594	0.523667	0.523031	0.384089	0.384281	
3.50203 0.749792	0.754528	0.526481	0.525825	0.39361	0.393791	
3.5122 0.757138	0.761909	0.525971	0.525299	0.3937	0.393865	
3.52236 0.762036	0.766825	0.530402	0.529708	0.398917	0.399068	
3.53253 0.756845	0.76159	0.545913	0.545182	0.41528	0.415421	
3.54269 0.764937	0.76972	0.545394	0.544646	0.409342	0.409464	
3.55286 0.761462	0.766211	0.55065	0.549878	0.414078	0.414185	
3.56302 0.752105	0.756783	0.552108	0.551317	0.425835	0.425928	
3.57319 0.765878	0.77063	0.558274	0.557457	0.435446	0.435525	
3.58336 0.767798	0.77255	0.56617	0.565324	0.433165	0.433226	
3.59352 0.769086	0.773833	0.571132	0.570262	0.452064	0.452111	
3.60369 0.774105	0.778871	0.581416	0.580513	0.458778	0.458808	
3.61385 0.775956	0.780722	0.584304	0.583379	0.459985	0.459997	
3.62402 0.786796	0.791616	0.589235	0.588286	0.474	0.473994	
3.63418 0.779425	0.784188	0.596988	0.596009	0.478519	0.478496	
3.64435 0.777279	0.782017	0.600185	0.599183	0.482129	0.482088	
3.65451 0.784507	0.789277	0.614013	0.612972	0.493761	0.4937	
3.66468 0.794968	0.799789	0.610013	0.608961	0.498695	0.498616	
3.67485 0.803405	0.808267	0.619891	0.618805	0.511987	0.511888	
3.68501 0.796129	0.800934	0.629783	0.628661	0.514822	0.514704	
3.69518 0.795504	0.800294	0.63561	0.634461	0.532967	0.532826	
3.70534 0.794918	0.799693	0.645484	0.6443	0.530741	0.530581	
3.71551 0.800192	0.804986	0.661666	0.660436	0.541814	0.541633	
3.72567 0.803509	0.808312	0.653663	0.652431	0.560093	0.559887	
3.73584 0.808954	0.813778	0.661928	0.660663	0.570359	0.570131	
3.746 0.80737	0.812172	0.676966	0.675656	0.574311	0.574062	
3.75617 0.818408	0.823265	0.68124	0.679905	0.578844	0.578575	
3.76634 0.823356	0.828231	0.686487	0.685124	0.596458	0.596162	
3.7765 0.820599	0.825447	0.694255	0.692861	0.592541	0.592229	
3.78667 0.831645	0.836548	0.700789	0.699365	0.599246	0.598912	
3.79683 0.838019	0.842948	0.714098	0.712631	0.618096	0.617733	
3.807 0.842669	0.847616	0.71793	0.71644	0.630492	0.630103	
3.81716 0.844479	0.849427	0.728045	0.726518	0.646711	0.646294	
3.82733 0.844511	0.849448	0.733714	0.732159	0.642711	0.642278	
3.83749 0.844207	0.849132	0.738565	0.736984	0.649337	0.648881	
3.84766 0.856441	0.861429	0.747597	0.745982	0.669839	0.669351	
3.85783 0.852014	0.856966	0.761564	0.759904	0.681115	0.680602	
3.86799 0.856654	0.861623	0.764689	0.763008	0.677739	0.67721	
3.87816 0.868004	0.873029	0.772027	0.770315	0.693587	0.693029	
3.88832 0.877923	0.882998	0.778983	0.777241	0.704142	0.703558	
3.89849 0.878208	0.883276	0.790693	0.788912	0.711365	0.710758	
3.90865 0.873179	0.878209	0.798394	0.796581	0.723648	0.723014	
3.91882 0.89335	0.898489	0.799239	0.797411	0.731568	0.73091	
3.92898 0.885108	0.890191	0.820872	0.818982	0.744024	0.74334	
3.93915 0.89455	0.89968	0.814799	0.812911	0.75005	0.749344	
3.94931 0.895639	0.900767	0.833571	0.831627	0.762494	0.76176	
3.95948 0.923174	0.928454	0.840518	0.838546	0.769597	0.768842	
3.96965 0.909422	0.914617	0.845551	0.843556	0.783833	0.78305	
3.97981 0.91339	0.918601	0.856254	0.854223	0.792652	0.791846	
3.98998 0.919363	0.924602	0.862536	0.86048	0.797669	0.796843	
4.00014 0.922547	0.927799	0.868297	0.866217	0.805006	0.804159	
4.01031 0.926909	0.93218	0.876376	0.874268	0.825548	0.824667	
4.02047 0.944585	0.949952	0.886499	0.884357	0.823699	0.822807	
4.03064 0.943088	0.948443	0.888227	0.886072	0.843627	0.842701	
4.0408 0.940245	0.945579	0.900099	0.897907	0.857327	0.856376	
4.05097 0.947723	0.953095	0.908902	0.906681	0.866889	0.865917	
4.06114 0.95811	0.963537	0.917498	0.915249	0.877211	0.876218	
4.0713 0.956276	0.96169	0.928726	0.926444	0.885839	0.884826	
4.08147 0.978789	0.984329	0.925643	0.923361	0.890117	0.88909	
4.09163 0.97194	0.977439	0.92793	0.925637	0.919484	0.918417	
4.1018 0.981566	0.987119	0.939314	0.936987	0.908067	0.907006	
4.11196 0.982071	0.987625	0.946683	0.944333	0.919675	0.918593	
4.12213 0.984907	0.990476	0.951655	0.949288	0.925201	0.924106	
4.13229 0.999104	1.00475	0.974697	0.972271	0.941539	0.94042	
4.14246 1.00063	1.00628	0.976911	0.974476	0.956909	0.955767	
4.15263 0.998736	1.00439	0.980955	0.978509	0.96566	0.964505	
4.16279 0.999705	1.00536	0.985945	0.983484	0.968233	0.967072	
4.17296 0.999046	1.0047	0.999217	0.996723	0.981506	0.980327	
4.18312 1.01621	1.02196	1.00233	0.999826	0.986847	0.98566	
4.19329 1.02649	1.0323	1.00609	1.00358	0.992395	0.991201	
4.20345 1.02847	1.0343	1.02788	1.02532	1.00607	1.00486	
4.21362 1.02801	1.03384	1.01269	1.01016	1.01413	1.01291	
4.22378 1.03064	1.03649	1.03246	1.02989	1.02621	1.02498	
4.23395 1.03819	1.04408	1.03068	1.02812	1.03414	1.0329	
4.24412 1.04334	1.04926	1.04076	1.03817	1.03861	1.03737	
4.25428 1.05207	1.05806	1.04674	1.04415	1.05388	1.05263	
4.26445 1.05548	1.06149	1.06004	1.05742	1.06324	1.06198	
4.27461 1.05209	1.05809	1.06487	1.06224	1.07311	1.07185	
4.28478 1.05816	1.0642	1.06832	1.06569	1.08343	1.08216	
4.29494 1.05971	1.06577	1.07146	1.06883	1.09209	1.09082	
4.30511 1.06789	1.07399	1.07152	1.06889	1.1064	1.10513	
4.31527 1.07028	1.07641	1.0877	1.08505	1.09563	1.09439	
4.32544 1.07563	1.0818	1.09393	1.09127	1.11331	1.11205	
4.33561 1.07981	1.08601	1.09862	1.09596	1.12342	1.12217	
4.34577 1.08135	1.08757	1.09766	1.09502	1.12924	1.12799	
4.35594 1.08431	1.09056	1.10938	1.10672	1.13078	1.12955	
4.3661 1.08389	1.09015	1.11843	1.11576	1.14763	1.1464	
4.37627 1.087	1.09329	1.12359	1.12093	1.14884	1.14762	
4.38643 1.10079	1.10716	1.1205	1.11785	1.14801	1.14681	
4.3966 1.09598	1.10234	1.13075	1.1281	1.17098	1.16978	
4.40676 1.09476	1.10113	1.13275	1.1301	1.17781	1.17663	
4.41693 1.10465	1.11109	1.12752	1.12491	1.18174	1.18057	
4.4271 1.10444	1.11089	1.1381	1.13548	1.18747	1.18632	
4.43726 1.10897	1.11546	1.14266	1.14004	1.19537	1.19424	
4.44743 1.11881	1.12537	1.15534	1.15271	1.19954	1.19843	
4.45759 1.10721	1.11372	1.15954	1.15692	1.20504	1.20396	
4.46776 1.12073	1.12733	1.15667	1.15408	1.20243	1.20137	
4.47792 1.11743	1.12403	1.16636	1.16377	1.22174	1.22069	
4.48809 1.12139	1.12803	1.16504	1.16248	1.22422	1.2232	
4.49825 1.12318	1.12985	1.17183	1.16927	1.22955	1.22856	
4.50842 1.12219	1.12887	1.16929	1.16676	1.2316	1.23064	
4.51859 1.12724	1.13396	1.17336	1.17083	1.23233	1.2314	
4.52875 1.13284	1.13961	1.17817	1.17566	1.24419	1.24329	
4.53892 1.12736	1.13412	1.18217	1.17968	1.25241	1.25154	
4.54908 1.12866	1.13545	1.18019	1.17772	1.24213	1.2413	
4.55925 1.13329	1.14012	1.18401	1.18156	1.25559	1.25478	
4.56941 1.13692	1.14379	1.18933	1.18689	1.27353	1.27276	
4.57958 1.13648	1.14336	1.19083	1.18841	1.26604	1.26531	
4.58974 1.14504	1.152	1.18546	1.18308	1.27064	1.26994	
4.59991 1.13616	1.14308	1.18858	1.18622	1.28248	1.28182	
4.61008 1.14141	1.14838	1.19321	1.19087	1.28187	1.28125	
4.62024 1.14144	1.14843	1.20101	1.19869	1.28661	1.28603	
4.63041 1.13182	1.13878	1.19301	1.19073	1.28616	1.28562	
4.64057 1.14207	1.14911	1.18761	1.18536	1.28449	1.28399	
4.65074 1.1476	1.1547	1.20369	1.20144	1.28895	1.2885	
4.6609 1.15061	1.15774	1.2007	1.19849	1.28717	1.28677	
4.67107 1.14814	1.15528	1.20363	1.20144	1.29729	1.29693	
4.68123 1.14196	1.14909	1.20256	1.2004	1.29052	1.29021	
4.6914 1.13548	1.14258	1.20469	1.20255	1.30041	1.30014	
4.70157 1.14108	1.14823	1.20703	1.20492	1.28512	1.2849	
4.71173 1.143	1.15019	1.2035	1.20142	1.2905	1.29032	
4.7219 1.13624	1.14341	1.19934	1.1973	1.2971	1.29697	
4.73206 1.1403	1.14751	1.19471	1.19271	1.30961	1.30953	
4.74223 1.13637	1.14357	1.19809	1.19611	1.2964	1.29637	
4.75239 1.13415	1.14136	1.19662	1.19467	1.30391	1.30393	
4.76256 1.1365	1.14375	1.18783	1.18592	1.29082	1.29088	
4.77272 1.14144	1.14874	1.19263	1.19074	1.28987	1.28998	
4.78289 1.13303	1.1403	1.18802	1.18617	1.29023	1.29038	
4.79306 1.13478	1.14208	1.18721	1.18539	1.29132	1.29152	
4.80322 1.14165	1.14902	1.18564	1.18384	1.29141	1.29165	
4.81339 1.13151	1.13884	1.18263	1.18087	1.29151	1.2918	
4.82355 1.13148	1.13883	1.17641	1.17468	1.2756	1.27594	
4.83372 1.13906	1.14647	1.17655	1.17485	1.27753	1.27791	
4.84388 1.14083	1.14828	1.18218	1.1805	1.28611	1.28654	
4.85405 1.13131	1.13871	1.17014	1.1685	1.28626	1.28674	
4.86421 1.128	1.1354	1.16681	1.1652	1.27958	1.2801	
4.87438 1.12943	1.13687	1.16537	1.16379	1.27831	1.27888	
4.88455 1.13397	1.14145	1.16181	1.16026	1.28013	1.28075	
4.89471 1.12614	1.13359	1.16639	1.16486	1.27211	1.27277	
4.90488 1.12397	1.13143	1.15835	1.15685	1.26691	1.26762	
4.91504 1.11299	1.12039	1.1566	1.15513	1.2621	1.26284	
4.92521 1.1208	1.12827	1.15404	1.1526	1.26507	1.26586	
4.93537 1.10978	1.1172	1.15312	1.1517	1.27233	1.27317	
4.94554 1.11688	1.12437	1.13336	1.13199	1.25754	1.25841	
4.9557 1.10508	1.1125	1.13505	1.13369	1.24518	1.24609	
4.96587 1.10319	1.11062	1.12976	1.12843	1.2383	1.23925	
4.97604 1.10153	1.10896	1.12824	1.12693	1.24039	1.24137	
4.9862 1.11093	1.11844	1.12414	1.12285	1.24633	1.24736	
4.99637 1.09335	1.10075	1.12843	1.12716	1.2354	1.23646	
5.00653 1.10086	1.10833	1.12031	1.11907	1.23763	1.23873	
5.0167 1.09941	1.10689	1.11173	1.11051	1.24511	1.24626	
5.02686 1.09541	1.10288	1.10685	1.10565	1.22778	1.22896	
5.03703 1.08628	1.0937	1.10255	1.10137	1.22341	1.22463	
5.04719 1.08258	1.08999	1.098	1.09684	1.23436	1.23562	
5.05736 1.08871	1.09618	1.09729	1.09615	1.21125	1.21252	
5.06753 1.07241	1.07978	1.08537	1.08425	1.21502	1.21633	
5.07769 1.07251	1.07989	1.09182	1.09071	1.21106	1.21241	
5.08786 1.07706	1.08448	1.08084	1.07975	1.2051	1.20647	
5.09802 1.07858	1.08603	1.07898	1.07791	1.19599	1.19739	
5.10819 1.07288	1.0803	1.07759	1.07653	1.20024	1.20169	
5.11835 1.06719	1.07459	1.06803	1.06699	1.18935	1.19081	
5.12852 1.05488	1.0622	1.06094	1.05992	1.17237	1.17384	
5.13868 1.05159	1.0589	1.06322	1.0622	1.1846	1.18612	
5.14885 1.04727	1.05455	1.05544	1.05444	1.17656	1.17809	
5.15902 1.04639	1.05367	1.05	1.04901	1.17667	1.17824	
5.16918 1.0429	1.05017	1.05132	1.05034	1.17059	1.17219	
5.17935 1.04529	1.05258	1.03469	1.03373	1.16081	1.16242	
5.18951 1.03178	1.03899	1.03934	1.03838	1.16372	1.16536	
5.19968 1.03627	1.04352	1.03011	1.02916	1.15646	1.15812	
5.20984 1.01876	1.02589	1.03054	1.0296	1.15224	1.15392	
5.22001 1.01797	1.02509	1.02047	1.01954	1.15398	1.15569	
5.23017 1.00413	1.01116	1.01645	1.01553	1.1482	1.14992	
5.24034 1.00649	1.01353	1.01287	1.01195	1.14379	1.14553	
5.2505 1.007	1.01405	1.00403	1.00312	1.12846	1.1302	
5.26067 0.996827	1.00381	0.993579	0.992678	1.13152	1.13329	
5.27084 0.997508	1.0045	0.994304	0.993402	1.13003	1.13182	
5.281 0.986584	0.993493	0.988292	0.987393	1.12357	1.12537	
5.29117 0.995641	1.00261	0.982786	0.981889	1.11856	1.12037	
5.30133 0.989454	0.996383	0.980853	0.979955	1.1162	1.11803	
5.3115 0.975456	0.982285	0.973557	0.972661	1.10866	1.1105	
5.32166 0.973204	0.980014	0.972343	0.971444	1.09678	1.09861	
5.33183 0.963507	0.970245	0.961036	0.960142	1.10209	1.10395	
5.34199 0.964705	0.971447	0.952656	0.951763	1.09243	1.09429	
5.35216 0.964473	0.971209	0.947378	0.946482	1.08332	1.08518	
5.36233 0.953304	0.959955	0.950467	0.94956	1.08149	1.08336	
5.37249 0.935797	0.942318	0.94444	0.94353	1.07577	1.07765	
5.38266 0.944986	0.951563	0.939026	0.938112	1.07422	1.07611	
5.39282 0.937127	0.943641	0.931385	0.930468	1.07083	1.07272	
5.40299 0.931402	0.937866	0.93597	0.935039	1.06776	1.06966	
5.41315 0.914049	0.920382	0.930152	0.929216	1.05699	1.05888	
5.42332 0.920261	0.926626	0.924381	0.923439	1.05655	1.05845	
5.43348 0.912969	0.919271	0.915652	0.914706	1.05569	1.0576	
5.44365 0.909	0.915262	0.904058	0.90311	1.04846	1.05036	
5.45382 0.903093	0.9093	0.913271	0.9123	1.03993	1.04182	
5.46398 0.895388	0.901528	0.899765	0.898794	1.03628	1.03817	
5.47415 0.896536	0.902669	0.896834	0.89585	1.03468	1.03658	
5.48431 0.89569	0.901803	0.888574	0.887582	1.0372	1.03911	
5.49448 0.897822	0.903934	0.893976	0.892963	1.02169	1.02358	
5.50464 0.885451	0.891463	0.882778	0.88176	1.02588	1.02778	
5.51481 0.879155	0.885107	0.881465	0.880431	1.01783	1.01972	
5.52497 0.87799	0.883917	0.873914	0.87287	1.01109	1.01296	
5.53514 0.870959	0.876821	0.875069	0.874005	1.01692	1.01881	
5.54531 0.874991	0.880862	0.872639	0.871558	1.01196	1.01384	
5.55547 0.858578	0.864318	0.871049	0.869951	1.00625	1.00812	
5.56564 0.86786	0.873644	0.868072	0.866958	1.00559	1.00747	
5.5758 0.859433	0.86514	0.864996	0.863865	1.0013	1.00316	
5.58597 0.85646	0.862127	0.858034	0.856892	0.99844	1.0003	
5.59613 0.863617	0.869312	0.855975	0.854814	0.992858	0.994706	
5.6063 0.851282	0.856874	0.860488	0.8593	0.989867	0.991708	
5.61646 0.844221	0.849744	0.854583	0.853381	0.987532	0.989368	
5.62663 0.850388	0.85593	0.852683	0.851461	0.984306	0.986133	
5.6368 0.842883	0.848353	0.849919	0.848679	0.982127	0.983947	
5.64696 0.847749	0.853228	0.842595	0.841342	0.977455	0.979263	
5.65713 0.842695	0.84812	0.845142	0.843861	0.979191	0.980999	
5.66729 0.839805	0.845187	0.839805	0.838508	0.965338	0.967115	
5.67746 0.838777	0.844129	0.843708	0.842382	0.973447	0.975234	
5.68762 0.842885	0.84824	0.836305	0.834966	0.966768	0.968537	
5.69779 0.84065	0.845968	0.844685	0.843308	0.968786	0.970554	
5.70795 0.835758	0.841021	0.83796	0.83657	0.963201	0.964952	
5.71812 0.842823	0.848106	0.835657	0.834246	0.957922	0.959657	
5.72829 0.831469	0.836657	0.834436	0.833001	0.958607	0.960337	
5.73845 0.835704	0.840893	0.83885	0.837382	0.955196	0.956912	
5.74862 0.836552	0.841722	0.835877	0.834389	0.956667	0.958378	
5.75878 0.83502	0.840156	0.83879	0.837272	0.948392	0.950079	
5.76895 0.842545	0.847703	0.841624	0.840075	0.943049	0.944717	
5.77911 0.839583	0.844699	0.8374	0.835834	0.943959	0.945619	
5.78928 0.840883	0.845982	0.835962	0.834374	0.949209	0.95087	
5.79944 0.846346	0.851455	0.834725	0.833112	0.943264	0.944905	
5.80961 0.834232	0.839242	0.835564	0.833923	0.945717	0.947352	
5.81978 0.843467	0.848508	0.835055	0.83339	0.947601	0.949231	
5.82994 0.841316	0.84632	0.834362	0.832671	0.9498	0.951425	
5.84011 0.842789	0.847777	0.840022	0.838294	0.938519	0.940114	
5.85027 0.845516	0.850496	0.834713	0.83297	0.945071	0.946668	
5.86044 0.841407	0.846338	0.836093	0.834321	0.943286	0.94487	
5.8706 0.849223	0.854176	0.835731	0.833933	0.940333	0.941901	
5.88077 0.850749	0.855687	0.841736	0.839899	0.938239	0.939792	
5.89093 0.854952	0.859891	0.840815	0.838954	0.938109	0.939651	
5.9011 0.861994	0.866951	0.842793	0.840902	0.941958	0.943496	
5.91127 0.860701	0.865629	0.838526	0.836617	0.934921	0.936436	
5.92143 0.857239	0.862124	0.844776	0.842827	0.935314	0.936818	
5.9316 0.856351	0.861207	0.848355	0.846373	0.935884	0.937378	
5.94176 0.863795	0.86867	0.8507	0.848686	0.934725	0.936205	
5.95193 0.86725	0.872123	0.847116	0.845085	0.927821	0.929277	
5.96209 0.867209	0.87206	0.852613	0.850543	0.933637	0.93509	
5.97226 0.875177	0.880051	0.8527	0.850606	0.932481	0.93392	
5.98242 0.873569	0.878413	0.857624	0.855492	0.933524	0.934952	
5.99259 0.87656	0.881399	0.85538	0.853229	0.934338	0.935756	
6.00276 0.876815	0.881635	0.859813	0.857626	0.93377	0.935175	
6.01292 0.877838	0.882643	0.864615	0.862392	0.939821	0.941223	
6.02309 0.888581	0.893425	0.86819	0.865934	0.933746	0.935128	
6.03325 0.891314	0.896154	0.863418	0.86115	0.932827	0.934194	
6.04342 0.892149	0.896975	0.868202	0.865898	0.938038	0.939401	
6.05358 0.886702	0.891478	0.867376	0.865051	0.936433	0.937782	
6.06375 0.894127	0.898925	0.876064	0.873693	0.932114	0.933444	
6.07391 0.90416	0.908995	0.876669	0.874273	0.933709	0.935029	
6.08408 0.898246	0.903031	0.874393	0.87198	0.934532	0.935841	
6.09425 0.901712	0.906498	0.876544	0.874102	0.935505	0.936803	
6.10441 0.908681	0.913488	0.879243	0.876771	0.94062	0.941913	
6.11458 0.915647	0.920475	0.882166	0.879664	0.935377	0.936651	
6.12474 0.919038	0.923869	0.889112	0.886569	0.934656	0.935916	
6.13491 0.917624	0.922432	0.887521	0.884961	0.93618	0.93743	
6.14507 0.931761	0.93663	0.889569	0.886982	0.935434	0.93667	
6.15524 0.92383	0.928644	0.897476	0.894846	0.93329	0.93451	
6.1654 0.928398	0.933223	0.896289	0.893642	0.944734	0.945959	
6.17557 0.931823	0.936652	0.903121	0.900435	0.939519	0.940725	
6.18574 0.93175	0.936567	0.903905	0.901198	0.935765	0.936953	
6.1959 0.937489	0.942323	0.901221	0.898502	0.937349	0.938527	
6.20607 0.938006	0.942832	0.906325	0.903571	0.944236	0.945411	
6.21623 0.95192	0.956809	0.910743	0.907958	0.940503	0.941662	
6.2264 0.942196	0.947023	0.908985	0.906187	0.942211	0.94336	
6.23656 0.948908	0.95376	0.91899	0.916144	0.937045	0.938175	
6.24673 0.964131	0.969055	0.913956	0.911109	0.938849	0.939969	
6.25689 0.955648	0.960519	0.923475	0.920581	0.94012	0.94123	
6.26706 0.963191	0.968095	0.922626	0.919719	0.943288	0.944389	
6.27723 0.968838	0.973764	0.926984	0.924048	0.943771	0.944861	
6.28739 0.971039	0.975972	0.927671	0.924717	0.947153	0.948236	
6.29756 0.973972	0.978915	0.933093	0.930107	0.943497	0.944564	
6.30772 0.973304	0.978239	0.933799	0.930797	0.948359	0.949422	
6.31789 0.986567	0.991567	0.936196	0.933172	0.950575	0.95163	
6.32805 0.977081	0.982029	0.940112	0.937062	0.95011	0.951154	
6.33822 0.980796	0.98576	0.945442	0.942363	0.951763	0.952799	
6.34838 0.991411	0.996428	0.942343	0.939261	0.95278	0.953807	
6.35855 0.995209	1.00025	0.948455	0.945341	0.950767	0.951781	
6.36872 0.991037	0.99605	0.950721	0.947588	0.957158	0.958169	
6.37888 1.00033	1.00539	0.955332	0.952173	0.955002	0.956002	
6.38905 1.0011	1.00617	0.956225	0.953053	0.960338	0.961334	
6.39921 1.00586	1.01096	0.960401	0.957205	0.961549	0.962539	
6.40938 1.01	1.01511	0.96319	0.959976	0.967835	0.968824	
6.41954 1.01256	1.0177	0.966332	0.9631	0.958387	0.959357	
6.42971 1.01718	1.02235	0.970581	0.967327	0.957317	0.958277	
6.43987 1.01408	1.01923	0.963858	0.960618	0.961518	0.962474	
6.45004 1.01767	1.02284	0.973109	0.96983	0.960765	0.961712	
6.4602 1.01977	1.02497	0.979328	0.976024	0.969043	0.96999	
6.47037 1.02854	1.03379	0.981693	0.978376	0.962246	0.963178	
6.48054 1.03265	1.03793	0.979707	0.976391	0.957443	0.958361	
6.4907 1.03685	1.04216	0.98228	0.97895	0.979927	0.980862	
6.50087 1.02912	1.03439	0.989304	0.985947	0.963171	0.964082	
6.51103 1.0381	1.04343	0.992643	0.989272	0.971893	0.972806	
6.5212 1.04378	1.04916	0.994002	0.990625	0.964651	0.965549	
6.53136 1.04073	1.0461	0.995691	0.992306	0.975384	0.976286	
6.54153 1.03844	1.04381	0.998157	0.994762	0.965259	0.966144	
6.55169 1.04965	1.05509	1.00118	0.997773	0.973833	0.974721	
6.56186 1.05158	1.05705	1.00255	0.999142	0.977705	0.97859	
6.57203 1.0516	1.05708	1.00529	1.00187	0.975868	0.976746	
6.58219 1.05337	1.05888	1.0069	1.00348	0.981541	0.98242	
6.59236 1.05591	1.06144	1.0159	1.01244	0.985202	0.986081	
6.60252 1.06129	1.06687	1.01257	1.00913	0.987169	0.988047	
6.61269 1.06441	1.07003	1.01067	1.00724	0.980174	0.981041	
6.62285 1.05804	1.06364	1.01952	1.01607	0.981999	0.982864	
6.63302 1.05977	1.06539	1.0187	1.01525	0.981468	0.982328	
6.64318 1.06775	1.07344	1.02193	1.01848	0.986251	0.987112	
6.65335 1.0662	1.0719	1.02546	1.022	0.993717	0.994583	
6.66352 1.06728	1.073	1.01961	1.01617	0.98472	0.985575	
6.67368 1.07359	1.07937	1.02377	1.02032	0.984878	0.985729	
6.68385 1.07744	1.08327	1.03203	1.02856	0.988788	0.98964	
6.69401 1.07818	1.08404	1.02899	1.02554	0.985043	0.985888	
6.70418 1.07905	1.08493	1.02882	1.02538	0.987197	0.988042	
6.71434 1.07339	1.07926	1.03144	1.02799	0.989334	0.990178	
6.72451 1.07536	1.08127	1.03544	1.03199	0.98653	0.987368	
6.73467 1.08409	1.09007	1.03346	1.03003	0.990852	0.991692	
6.74484 1.08156	1.08755	1.03627	1.03284	0.996388	0.997231	
6.75501 1.09027	1.09634	1.03984	1.0364	0.99574	0.996582	
6.76517 1.09099	1.09709	1.03996	1.03653	0.991214	0.992051	
6.77534 1.08555	1.09165	1.04325	1.03983	0.992055	0.99289	
6.7855 1.08291	1.08901	1.04558	1.04216	0.99471	0.995546	
6.79567 1.0923	1.09848	1.0443	1.04089	0.999975	1.00082	
6.80583 1.09	1.0962	1.0524	1.04898	1.00076	1.0016	
6.816 1.08851	1.09472	1.048	1.04461	0.999183	1.00002	
6.82616 1.0856	1.09183	1.05312	1.04972	1.00082	1.00166	
6.83633 1.09598	1.1023	1.04525	1.04189	0.996025	0.996863	
6.8465 1.08956	1.09587	1.05002	1.04665	0.997465	0.998303	
6.85666 1.09388	1.10025	1.05274	1.04938	1.00417	1.00502	
6.86683 1.09363	1.10002	1.0544	1.05105	0.996213	0.997051	
6.87699 1.08507	1.09144	1.05457	1.05123	0.997765	0.998603	
6.88716 1.09323	1.09967	1.05602	1.05269	0.999955	1.0008	
6.89732 1.09135	1.09781	1.05841	1.0551	1.00468	1.00553	
6.90749 1.08207	1.08851	1.06026	1.05696	1.00297	1.00382	
6.91765 1.09582	1.10236	1.05934	1.05606	1.00237	1.00321	
6.92782 1.08737	1.09389	1.05168	1.04843	1.00397	1.00482	
6.93799 1.08284	1.08936	1.05476	1.05152	1.00036	1.00121	
6.94815 1.08897	1.09556	1.05822	1.05499	1.00444	1.00529	
6.95832 1.08386	1.09044	1.05894	1.05572	1.00635	1.00721	
6.96848 1.08623	1.09286	1.0571	1.0539	1.00422	1.00507	
6.97865 1.09051	1.0972	1.05626	1.05308	1.00447	1.00533	
6.98881 1.08985	1.09656	1.06477	1.06158	1.00076	1.00161	
6.99898 1.08668	1.0934	1.06398	1.06081	1.00363	1.00448	
7.00914 1.08468	1.09141	1.05989	1.05675	1.0046	1.00546	
7.01931 1.08039	1.08713	1.06111	1.05798	1.00852	1.00938	
7.02948 1.08159	1.08836	1.05763	1.05453	1.00846	1.00932	
7.03964 1.08254	1.08935	1.0606	1.05751	1.00937	1.01024	
7.04981 1.07484	1.08162	1.06087	1.05779	1.00222	1.00308	
7.05997 1.07811	1.08494	1.06085	1.05779	1.00767	1.00854	
7.07014 1.07556	1.0824	1.06095	1.05791	1.00588	1.00676	
7.0803 1.07695	1.08382	1.06165	1.05862	1.00235	1.00323	
7.09047 1.07491	1.08179	1.05888	1.05588	1.01504	1.01593	
7.10063 1.07543	1.08235	1.05977	1.05678	1.00834	1.00922	
7.1108 1.07374	1.08067	1.06017	1.0572	1.01007	1.01096	
7.12097 1.06888	1.0758	1.05772	1.05478	1.0049	1.00579	
7.13113 1.07045	1.0774	1.05865	1.05572	1.00681	1.0077	
7.1413 1.07404	1.08105	1.0647	1.06177	1.01116	1.01206	
7.15146 1.06953	1.07652	1.06024	1.05734	1.0128	1.0137	
7.16163 1.0718	1.07883	1.05981	1.05692	1.00164	1.00253	
7.17179 1.06188	1.06888	1.06003	1.05716	1.01064	1.01155	
7.18196 1.06331	1.07034	1.05689	1.05405	1.0045	1.0054	
7.19212 1.05436	1.06135	1.05555	1.05273	1.01	1.01091	
7.20229 1.05826	1.06529	1.05959	1.05678	1.00743	1.00834	
7.21246 1.05782	1.06487	1.05851	1.05572	1.00456	1.00547	
7.22262 1.05763	1.0647	1.0588	1.05603	1.01018	1.0111	
7.23279 1.05586	1.06294	1.05736	1.05461	1.00697	1.00789	
7.24295 1.0556	1.0627	1.05321	1.05049	1.00398	1.00489	
7.25312 1.05441	1.06152	1.05828	1.05556	0.99855	0.99946	
7.26328 1.0508	1.0579	1.05677	1.05407	1.008	1.00892	
7.27345 1.04327	1.05034	1.05432	1.05164	1.00594	1.00686	
7.28361 1.04627	1.05338	1.05315	1.05049	1.00376	1.00468	
7.29378 1.03759	1.04465	1.05321	1.05057	1.0053	1.00622	
7.30395 1.03763	1.04471	1.04983	1.04721	1.00801	1.00894	
7.31411 1.04047	1.04758	1.05182	1.04922	1.00673	1.00766	
7.32428 1.03347	1.04054	1.04917	1.04659	1.00529	1.00622	
7.33444 1.03677	1.04388	1.04912	1.04655	1.00046	1.00139	
7.34461 1.04217	1.04933	1.04432	1.04178	1.00756	1.00849	
7.35477 1.03135	1.03846	1.0496	1.04706	1.00226	1.0032	
7.36494 1.03751	1.04467	1.04883	1.0463	1.00497	1.0059	
7.3751 1.0262	1.0333	1.04494	1.04244	1.00349	1.00443	
7.38527 1.02748	1.0346	1.04529	1.0428	1.00195	1.00289	
7.39544 1.02734	1.03446	1.04384	1.04137	1.00379	1.00473	
7.4056 1.01862	1.0257	1.04297	1.04051	1.00284	1.00378	
7.41577 1.02208	1.02919	1.04353	1.04108	0.999627	1.00056	
7.42593 1.01828	1.02537	1.0442	1.04177	1.00123	1.00217	
7.4361 1.01074	1.01778	1.03964	1.03724	1.00024	1.00118	
7.44626 1.02007	1.02719	1.0422	1.0398	1.0016	1.00254	
7.45643 1.01504	1.02213	1.03457	1.03219	1.00684	1.00779	
7.46659 1.00514	1.01216	1.03868	1.03631	1.00181	1.00275	
7.47676 1.0054	1.01243	1.03838	1.03603	1.0003	1.00124	
7.48693 1.00845	1.0155	1.03551	1.03317	1.00394	1.00489	
7.49709 1.00463	1.01167	1.03561	1.03329	1.00809	1.00904	
7.50726 1.00664	1.01369	1.03281	1.0305	1.00196	1.00291	
7.51742 1.00238	1.0094	1.03618	1.03387	0.995236	0.99618	
7.52759 0.999915	1.00692	1.03386	1.03157	1.00081	1.00176	
7.53775 1.00076	1.00778	1.02877	1.0265	1.00343	1.00439	
7.54792 0.994348	1.00132	1.03449	1.03222	1.0033	1.00426	
7.55808 1.00074	1.00776	1.03272	1.03046	1.00477	1.00572	
7.56825 0.98262	0.989509	1.02757	1.02533	0.996642	0.997592	
7.57842 0.990622	0.997566	1.02733	1.0251	1.0018	1.00275	
7.58858 0.991568	0.998518	1.02456	1.02235	0.995434	0.996382	
7.59875 0.992123	0.999077	1.03181	1.02958	0.999331	1.00028	
7.60891 0.991243	0.99819	1.02502	1.02283	1.00153	1.00248	
7.61908 0.98662	0.993532	1.03079	1.02859	1.00176	1.00271	
7.62924 0.987235	0.99415	1.02502	1.02283	1.00105	1.00201	
7.63941 0.982038	0.988913	1.02067	1.01851	0.996627	0.997578	
7.64957 0.981343	0.988209	1.02283	1.02067	0.996513	0.997463	
7.65974 0.984179	0.991062	1.02131	1.01916	1.00198	1.00293	
7.66991 0.97555	0.982367	1.01549	1.01335	1.0021	1.00305	
7.68007 0.974473	0.981276	1.02551	1.02336	1.00173	1.00268	
7.69024 0.972221	0.979001	1.01839	1.01626	0.998275	0.999229	
7.7004 0.976965	0.983773	1.0198	1.01767	0.996766	0.997718	
7.71057 0.976304	0.983101	1.01937	1.01725	0.997314	0.998266	
7.72073 0.971757	0.978515	1.0136	1.01149	1.003	1.00396	
7.7309 0.9751	0.981875	1.01935	1.01724	0.991288	0.992233	
7.74106 0.970743	0.97748	1.01135	1.00926	0.99424	0.995186	
7.75123 0.965542	0.972234	1.01653	1.01444	0.997768	0.998717	
7.76139 0.967314	0.974009	1.01307	1.01098	1.00013	1.00108	
7.77156 0.966392	0.973071	1.01777	1.01568	0.984008	0.984939	
7.78173 0.969129	0.975819	1.01147	1.0094	0.995489	0.996429	
7.79189 0.966808	0.973472	1.01315	1.01108	0.990578	0.991511	
7.80206 0.969503	0.976178	1.01439	1.01232	0.997907	0.998846	
7.81222 0.961099	0.967705	1.01689	1.01482	0.986658	0.987583	
7.82239 0.962904	0.969511	1.01133	1.00927	0.997883	0.998818	
7.83255 0.961493	0.968079	1.01036	1.00831	0.998216	0.99915	
7.84272 0.962632	0.969215	1.00949	1.00744	0.994149	0.995078	
7.85288 0.960971	0.967532	1.00738	1.00534	1.00202	1.00296	
7.86305 0.959172	0.965709	1.01234	1.01029	0.995293	0.996223	
7.87322 0.959453	0.96598	1.00747	1.00544	0.995202	0.996131	
7.88338 0.952583	0.959049	1.00305	1.00103	1.00246	1.00339	
7.89355 0.949902	0.956334	1.00941	1.00738	0.994325	0.995252	
7.90371 0.954027	0.960473	1.00974	1.00771	0.997583	0.998512	
7.91388 0.950389	0.956795	1.00543	1.00341	0.995734	0.996661	
7.92404 0.951261	0.957658	1.00929	1.00727	0.995618	0.996543	
7.93421 0.950272	0.956647	1.00563	1.00361	0.999348	1.00028	
7.94437 0.951955	0.958327	1.003	1.00099	1.00212	1.00305	
7.95454 0.946296	0.952613	1.00398	1.00196	0.996618	0.997544	
7.96471 0.948396	0.954711	1.00622	1.00421	0.997182	0.998108	
7.97487 0.946682	0.952969	1.00441	1.0024	0.99716	0.998085	
7.98504 0.949512	0.955801	1.00165	0.999648	1.00168	1.00261	
7.9952 0.946093	0.952342	1.00742	1.0054	0.997441	0.998367	
8.00537 0.94371	0.949926	1.00245	1.00045	0.998077	0.999004	
8.01553 0.949566	0.955804	1.00844	1.00643	0.99993	1.00086	
8.0257 0.947162	0.953367	1.00732	1.00531	0.994543	0.995464	
8.03586 0.951285	0.957502	1.00377	1.00177	0.999303	1.00023	
8.04603 0.948193	0.954373	1.0067	1.0047	0.998278	0.999203	
8.0562 0.948921	0.955089	1.00038	0.998385	1.00143	1.00236	
8.06636 0.949477	0.955633	0.99898	0.996988	0.993545	0.994464	
8.07653 0.948348	0.954479	1.00419	1.00219	1.00293	1.00386	
8.08669 0.950381	0.956509	1.00382	1.00182	0.998133	0.999058	
8.09686 0.954126	0.960264	1.00305	1.00105	1.00605	1.00698	
8.10702 0.94831	0.954394	1.00415	1.00215	0.997735	0.998662	
8.11719 0.953184	0.959283	0.996991	0.995003	1.00303	1.00396	
8.12735 0.950125	0.956188	0.998807	0.996814	0.998086	0.999014	
8.13752 0.95098	0.957033	0.999842	0.997846	1.0037	1.00464	
8.14769 0.952931	0.958981	0.999438	0.997443	0.999496	1.00043	
8.15785 0.952043	0.958071	1.00152	0.999525	0.999897	1.00083	
8.16802 0.950844	0.956848	0.999654	0.997657	0.999301	1.00023	
8.17818 0.952345	0.958343	1.00114	0.999144	1.00284	1.00377	
8.18835 0.951935	0.957915	1.00269	1.00069	1.00305	1.00399	
8.19851 0.952508	0.958475	0.999844	0.997845	1.00309	1.00403	
8.20868 0.959189	0.965185	1.0018	0.999793	1.0071	1.00804	
8.21884 0.952552	0.95849	1.00248	1.00048	0.997265	0.998202	
8.22901 0.954746	0.960682	0.998984	0.996986	1.00352	1.00447	
8.23918 0.94876	0.954642	1.00006	0.998058	1.0053	1.00624	
8.24934 0.952049	0.957934	1.00264	1.00064	1.00348	1.00442	
8.25951 0.950597	0.956457	0.995028	0.993035	1.0074	1.00835	
8.26967 0.94888	0.954711	1.00352	1.00151	1.00457	1.00553	
8.27984 0.950676	0.956502	0.997425	0.995426	1.00449	1.00545	
8.29 0.951682	0.957496	1.00187	0.999864	1.00356	1.00452	
8.30017 0.958789	0.964633	0.997117	0.995116	1.00617	1.00714	
8.31033 0.947807	0.953566	1.00069	0.998679	1.00349	1.00445	
8.3205 0.953997	0.959778	0.998876	0.99687	1.008	1.00897	
8.33067 0.953309	0.959069	1.00257	1.00055	1.00271	1.00367	
8.34083 0.955257	0.961014	1.00028	0.998267	1.00299	1.00396	
8.351 0.956621	0.96237	0.999205	0.997196	1.00656	1.00754	
8.36116 0.958742	0.96449	1.00183	0.999813	1.00744	1.00842	
8.37133 0.954113	0.959816	0.997921	0.995914	1.00537	1.00635	
8.38149 0.95641	0.962112	0.999672	0.99766	1.0093	1.01029	
8.39166 0.959607	0.965314	0.999378	0.997365	1.00188	1.00286	
8.40182 0.955043	0.960707	0.9971	0.99509	1.01046	1.01146	
8.41199 0.95722	0.962882	0.998789	0.996774	1.00981	1.01081	
8.42216 0.962751	0.968432	0.998281	0.996265	1.00986	1.01087	
8.43232 0.955231	0.960852	1.00056	0.998539	1.00846	1.00947	
8.44249 0.961728	0.967373	1.00371	1.00168	1.0041	1.0051	
8.45265 0.960049	0.965671	1.0023	1.00028	1.00728	1.00829	
8.46282 0.96353	0.969159	1.00049	0.99847	1.01385	1.01488	
8.47298 0.965698	0.971328	0.999298	0.997278	1.00667	1.0077	
8.48315 0.963906	0.969512	1.00237	1.00035	1.00515	1.00617	
8.49331 0.960758	0.966332	0.998551	0.996532	1.00453	1.00556	
8.50348 0.96118	0.966742	1.00107	0.999044	1.00745	1.00849	
8.51365 0.965022	0.970594	1.00182	0.999799	1.01091	1.01195	
8.52381 0.965507	0.97107	0.999924	0.997901	1.00574	1.00678	
8.53398 0.967312	0.972874	1.00322	1.00119	1.01445	1.0155	
8.54414 0.964669	0.970203	1.00009	0.998065	1.0129	1.01396	
8.55431 0.968464	0.974008	0.997673	0.995652	1.01312	1.01418	
8.56447 0.968342	0.973874	0.999705	0.997679	1.01113	1.01219	
8.57464 0.968905	0.97443	1.0036	1.00156	1.01128	1.01236	
8.5848 0.972146	0.977679	0.999605	0.997579	1.00478	1.00585	
8.59497 0.972701	0.978228	1.00117	0.999137	1.01306	1.01415	
8.60514 0.970782	0.976287	1.0025	1.00047	1.01235	1.01344	
8.6153 0.97126	0.976758	1.0001	0.998077	1.01148	1.01257	
8.62547 0.971276	0.976764	1.0008	0.998768	1.00804	1.00914	
8.63563 0.973526	0.979017	1.0043	1.00226	1.00845	1.00956	
8.6458 0.972624	0.9781	1.00391	1.00188	1.00628	1.00739	
8.65596 0.97522	0.980702	1.00089	0.998865	1.01162	1.01273	
8.66613 0.972695	0.978154	1.00144	0.999414	1.01381	1.01493	
8.67629 0.976895	0.982369	1.00129	0.999264	1.00782	1.00894	
8.68646 0.977916	0.983388	1.00074	0.998709	1.01267	1.01381	
8.69663 0.977434	0.982896	1.00604	1.00401	1.01397	1.01511	
8.70679 0.979087	0.984552	1.00141	0.999378	1.01077	1.01191	
8.71696 0.978748	0.984203	1.00283	1.00079	1.01633	1.01749	
8.72712 0.977798	0.983241	1.00177	0.99974	1.01186	1.01302	
8.73729 0.978823	0.984264	0.999647	0.99762	1.00929	1.01045	
8.74745 0.98072	0.986165	1.0029	1.00086	1.00905	1.01022	
8.75762 0.976869	0.982284	1.00182	0.999788	1.01071	1.01188	
8.76778 0.97586	0.981261	1.00318	1.00115	1.01456	1.01574	
8.77795 0.977657	0.983061	1.00177	0.999739	1.01671	1.0179	
8.78812 0.984239	0.989674	1.00591	1.00388	1.01182	1.01302	
8.79828 0.982689	0.98811	1.00112	0.999093	1.0151	1.01631	
8.80845 0.976302	0.981679	1.003	1.00097	1.01081	1.01202	
8.81861 0.982336	0.98774	1.00526	1.00323	1.01379	1.015	
8.82878 0.988698	0.994135	1.00138	0.999355	1.00957	1.01079	
8.83894 0.981404	0.986794	1.00163	0.999605	1.01313	1.01436	
8.84911 0.981279	0.986662	1.00102	0.998998	1.0113	1.01253	
8.85927 0.983754	0.989146	1.00042	0.998394	1.01154	1.01278	
8.86944 0.982515	0.987894	1.00289	1.00086	1.01105	1.0123	
8.87961 0.982033	0.987404	0.997301	0.99528	1.00873	1.00998	
8.88977 0.983156	0.988527	1.00512	1.00308	1.01263	1.01389	
8.89994 0.98818	0.993576	1.00257	1.00054	1.01391	1.01518	
8.9101 0.983459	0.988824	0.998675	0.996651	1.00912	1.01039	
8.92027 0.986412	0.991788	1.00009	0.998057	1.01463	1.01591	
8.93043 0.980957	0.986297	1.00015	0.998118	1.0082	1.00948	
8.9406 0.986333	0.991698	0.999147	0.997119	1.01344	1.01474	
8.95076 0.985862	0.991221	0.999844	0.997813	1.01058	1.01187	
8.96093 0.989417	0.994793	1.0039	1.00186	1.01391	1.01522	
8.9711 0.991349	0.996733	1.00093	0.9989	1.00913	1.01043	
8.98126 0.989829	0.995203	1.00198	0.999947	1.01086	1.01217	
8.99143 0.990899	0.996276	1.00045	0.998418	1.01116	1.01248	
9.00159 0.98684	0.992191	0.998493	0.996463	1.00724	1.00857	
9.01176 0.991169	0.996542	1.00222	1.00018	1.00903	1.01036	
9.02192 0.992126	0.997503	1.00098	0.998948	1.01111	1.01244	
9.03209 0.99158	0.996952	1.00113	0.999096	1.00344	1.00477	
9.04225 0.989118	0.994475	1.00257	1.00053	1.00571	1.00705	
9.05242 0.986571	0.99191	1.00265	1.00061	1.00761	1.00896	
9.06258 0.989151	0.994501	1.00201	0.999976	1.01407	1.01543	
9.07275 0.989257	0.994605	0.998649	0.996616	1.01353	1.0149	
9.08292 0.998302	1.0037	1.00132	0.99928	1.00444	1.0058	
9.09308 0.993537	0.998909	1.00314	1.0011	1.0096	1.01097	
9.10325 0.996176	1.00156	1.00174	0.999697	1.00664	1.00801	
9.11341 0.994808	1.00019	1.00287	1.00083	1.01147	1.01285	
9.12358 0.995811	1.0012	1.00361	1.00157	1.00905	1.01044	
9.13374 0.992182	0.997548	1.00413	1.00209	1.0077	1.00909	
9.14391 0.994371	0.999748	1.00331	1.00127	1.00623	1.00762	
9.15407 0.99416	0.999536	1.00374	1.0017	1.00934	1.01074	
9.16424 0.993664	0.999037	1.00121	0.999173	1.00782	1.00923	
9.17441 0.996125	1.00151	0.998848	0.996817	1.00288	1.00428	
9.18457 0.995029	1.00041	1.00481	1.00277	1.01242	1.01384	
9.19474 0.996401	1.00179	1.0011	0.999066	1.0078	1.00921	
9.2049 0.993815	0.99919	0.99997	0.997936	1.00547	1.00688	
9.21507 0.992303	0.997669	0.998603	0.99657	1.00321	1.00462	
9.22523 0.994763	1.00014	0.998831	0.996796	1.01078	1.01222	
9.2354 0.991297	0.996655	1.00207	1.00003	1.00564	1.00707	
9.24556 0.993095	0.998462	1.00004	0.998001	1.00541	1.00684	
9.25573 0.99423	0.999603	0.995954	0.99392	1.00898	1.01043	
9.2659 0.993894	0.999265	1.0005	0.998456	1.00761	1.00906	
9.27606 0.996374	1.00176	0.996329	0.994291	1.00404	1.00549	
9.28623 0.990672	0.996025	1.00101	0.99896	1.00495	1.0064	
9.29639 0.993956	0.999326	1.00022	0.998167	1.00827	1.00973	
9.30656 0.98683	0.992157	0.997602	0.995557	1.00817	1.00963	
9.31672 0.993114	0.998474	1.00099	0.998936	1.00152	1.00297	
9.32689 0.993243	0.998603	1.00146	0.99941	1.00098	1.00244	
9.33705 0.999202	1.0046	1.00191	0.999859	1.00907	1.01055	
9.34722 0.995217	1.00059	0.998508	0.996459	1.00557	1.00705	
9.35739 0.997469	1.00286	0.99938	0.997327	1.00064	1.00211	
9.36755 0.997592	1.00298	0.998511	0.996458	1.00897	1.01046	
9.37772 0.993893	0.999262	1.00184	0.999785	0.999316	1.00079	
9.38788 0.992012	0.99737	0.997406	0.995353	1.00015	1.00162	
9.39805 0.989773	0.995115	0.998772	0.996714	0.995826	0.997294	
9.40821 0.997785	1.00317	0.996352	0.994296	1.00391	1.0054	
9.41838 1.0007	1.00611	0.993206	0.991152	0.997149	0.998621	
9.42854 1.00015	1.00556	0.999139	0.997071	1.00219	1.00367	
9.43871 0.98681	0.992141	0.996029	0.993964	0.999214	1.00069	
9.44888 0.994457	0.999829	0.999909	0.997834	1.0003	1.00178	
9.45904 0.994231	0.999601	0.998373	0.9963	1.00078	1.00226	
9.46921 0.994767	1.00014	0.997104	0.99503	0.999375	1.00085	
9.47937 0.993602	0.998968	0.996232	0.994157	0.99875	1.00023	
9.48954 0.994555	0.999926	0.995609	0.993532	1.00542	1.00691	
9.4997 0.992276	0.997634	0.998969	0.996882	0.996907	0.998387	
9.50987 0.996996	1.00238	0.997782	0.995696	0.994889	0.996364	
9.52003 0.993107	0.99847	0.995065	0.99298	0.997462	0.99894	
9.5302 0.992025	0.997381	0.996293	0.994202	0.999642	1.00112	
9.54037 0.992071	0.997425	0.998697	0.9966	0.996048	0.997523	
9.55053 0.993191	0.998551	1.00027	0.998171	0.999164	1.00064	
9.5607 0.995405	1.00078	0.99561	0.993514	0.995014	0.996486	
9.57086 0.996763	1.00214	0.997344	0.995242	0.996548	0.998021	
9.58103 0.995135	1.00051	0.995433	0.993331	0.997943	0.999418	
9.59119 0.997874	1.00326	0.995645	0.993538	0.995331	0.9968	
9.60136 0.996428	1.00181	0.997891	0.995777	1.00074	1.00222	
9.61152 0.992755	0.998116	0.997653	0.995537	0.994991	0.996459	
9.62169 0.994999	1.00037	0.995871	0.993755	0.993128	0.99459	
9.63186 0.992361	0.997719	0.996529	0.994409	0.993818	0.995278	
9.64202 0.994561	0.99993	0.996799	0.994675	0.990532	0.991983	
9.65219 0.990748	0.996094	0.995132	0.993007	0.994454	0.995908	
9.66235 0.994474	0.99984	0.99801	0.995877	0.994333	0.995784	
9.67252 0.994446	0.999813	0.993975	0.991846	0.991672	0.993115	
9.68268 0.994868	1.00024	0.996747	0.994609	0.990054	0.99149	
9.69285 0.992668	0.998024	0.995909	0.993769	0.9918	0.993234	
9.70301 0.994358	0.999723	0.996413	0.994268	0.993751	0.995185	
9.71318 0.992246	0.997598	0.997727	0.995577	0.990505	0.991929	
9.72335 0.990028	0.995365	0.996908	0.994756	0.99028	0.991699	
9.73351 0.993359	0.998713	0.996165	0.994011	0.988357	0.989767	
9.74368 0.989619	0.99495	0.995085	0.992929	0.993263	0.994677	
9.75384 0.99421	0.999565	0.997843	0.995678	0.988115	0.989515	
9.76401 0.99349	0.998841	0.996038	0.993874	0.990536	0.991935	
9.77417 0.992023	0.997364	0.996765	0.994596	0.988539	0.989929	
9.78434 0.995615	1.00098	0.995249	0.993079	0.99097	0.992358	
9.7945 0.991738	0.997076	0.99499	0.992816	0.988889	0.990269	
9.80467 0.994724	1.00008	0.996133	0.993953	0.992147	0.993528	
9.81484 0.993313	0.998659	0.99437	0.992189	0.983282	0.984641	
9.825 0.993892	0.999241	0.99647	0.994281	0.990241	0.991604	
9.83517 0.989992	0.995317	0.993864	0.991675	0.993495	0.994859	
9.84533 0.989939	0.995261	0.993926	0.991732	0.98884	0.990192	
9.8555 0.993243	0.998582	0.9945	0.9923	0.985495	0.986834	
9.86566 0.993008	0.998344	0.996443	0.994235	0.99143	0.992772	
9.87583 0.992967	0.998302	0.996135	0.993924	0.98649	0.987819	
9.88599 0.992278	0.997608	0.991958	0.98975	0.985078	0.986396	
9.89616 0.992277	0.997606	0.998968	0.996742	0.99232	0.993644	
9.90633 0.9904	0.995715	0.999309	0.997081	0.985789	0.987096	
9.91649 0.991845	0.997167	0.993889	0.991667	0.988534	0.989838	
9.92666 0.997772	1.00313	0.995196	0.992967	0.987392	0.988688	
9.93682 0.993272	0.998602	0.996305	0.99407	0.986639	0.987926	
9.94699 0.991628	0.996947	0.993078	0.990844	0.986345	0.987623	
9.95715 0.99212	0.997441	0.998225	0.995977	0.983947	0.985213	
9.96732 0.990613	0.995923	0.995536	0.99329	0.989331	0.990598	
9.97748 0.992979	0.998301	0.995399	0.993148	0.989116	0.990376	
9.98765 0.994755	1.00009	0.999279	0.997018	0.991341	0.9926	
9.99782 0.99019	0.995493	0.995309	0.993053	0.985609	0.986852	
10.008 0.991746	0.997056	0.996632	0.994369	0.986045	0.98728	
10.0181 0.991953	0.997262	0.995281	0.993016	0.98325	0.984472	
10.0283 0.989801	0.995095	0.99853	0.996255	0.983472	0.984684	
10.0385 0.994816	1.00014	0.995953	0.993681	0.987732	0.988942	
10.0486 0.990428	0.995723	0.992739	0.990468	0.985375	0.986573	
10.0588 0.995318	1.00064	0.998748	0.996461	0.986991	0.988184	
10.069 0.993262	0.998572	0.99678	0.994493	0.985716	0.986898	
10.0791 0.990046	0.995336	0.994999	0.992711	0.987855	0.989032	
10.0893 0.992772	0.998075	0.997036	0.99474	0.982215	0.983375	
10.0995 0.992958	0.998261	0.992202	0.989911	0.980105	0.98125	
10.1096 0.991044	0.996333	0.996688	0.994383	0.985632	0.986775	
10.1198 0.991978	0.997271	0.999817	0.997503	0.984699	0.985832	
10.13 0.992245	0.997538	0.998154	0.995841	0.988648	0.989778	
10.1401 0.994483	0.999788	0.997703	0.995387	0.990459	0.991586	
10.1503 0.996566	1.00188	0.998705	0.996384	0.98498	0.986091	
10.1605 0.990703	0.995987	0.995839	0.993521	0.985455	0.986558	
10.1706 0.993524	0.998822	0.995047	0.992726	0.989547	0.990648	
10.1808 0.992409	0.997698	0.996246	0.993918	0.98864	0.989733	
10.191 0.991427	0.996709	1.00021	0.997871	0.988739	0.989825	
10.2011 0.99356	0.998853	0.999696	0.997357	0.986637	0.987713	
10.2113 0.993479	0.99877	0.999223	0.996883	0.98653	0.987597	
10.2215 0.990181	0.995452	0.99918	0.996837	0.988193	0.989254	
10.2316 0.996126	1.00143	0.998745	0.996401	0.986162	0.987212	
10.2418 0.992169	0.997449	1.00134	0.998987	0.98811	0.989155	
10.252 0.992779	0.998062	0.998608	0.996261	0.987947	0.988985	
10.2621 0.996235	1.00154	0.998971	0.996621	0.985782	0.986808	
10.2723 0.992583	0.997864	0.997655	0.995305	0.989034	0.990056	
10.2825 0.995892	1.00119	1.00367	1.00131	0.99097	0.991989	
10.2926 0.995955	1.00126	0.996817	0.994466	0.985973	0.986978	
10.3028 0.995482	1.00078	1	0.99764	0.987748	0.988746	
10.3129 0.992978	0.998262	0.999424	0.997063	0.983528	0.984512	
10.3231 1.0025	1.00784	0.997834	0.995473	0.986358	0.987336	
10.3333 0.99668	1.00199	1.00209	0.999718	0.986883	0.987852	
10.3434 0.993753	0.999048	1.0024	1.00003	0.986224	0.987184	
10.3536 0.993386	0.998678	0.998473	0.996108	0.98491	0.985859	
10.3638 0.993051	0.99834	0.997646	0.99528	0.986017	0.986957	
10.3739 0.998608	1.00393	1.0011	0.998724	0.988107	0.989042	
10.3841 0.99895	1.00428	1.00084	0.998463	0.989128	0.990056	
10.3943 0.999146	1.00448	1.00259	1.00021	0.988974	0.989895	
10.4044 0.995397	1.00071	0.998641	0.996268	0.989506	0.990421	
10.4146 0.993548	0.998848	0.999328	0.996951	0.991215	0.992125	
10.4248 1.00034	1.00568	0.999771	0.997391	0.987486	0.988384	
10.4349 0.996176	1.0015	1.00095	0.998562	0.989018	0.989911	
10.4451 0.996906	1.00223	0.997766	0.995386	0.991787	0.992677	
10.4553 0.991924	0.99722	1.00275	1.00036	0.988029	0.988908	
10.4654 0.99645	1.00177	1.00275	1.00035	0.989356	0.990229	
10.4756 1.00214	1.0075	1.00373	1.00134	0.989992	0.990859	
10.4858 0.991794	0.997094	1.00402	1.00163	0.986839	0.987694	
10.4959 0.996894	1.00222	1.00381	1.00142	0.988793	0.989642	
10.5061 0.997641	1.00298	1.00198	0.999589	0.98647	0.987308	
10.5163 0.996569	1.0019	1.00304	1.00065	0.992268	0.993105	
10.5264 0.99464	0.999961	1.00222	0.99983	0.988832	0.989659	
10.5366 0.995859	1.00119	1.00445	1.00206	0.988239	0.989057	
10.5468 0.99857	1.00392	1.00386	1.00147	0.990445	0.991259	
10.5569 0.998619	1.00397	1.00267	1.00028	0.991327	0.992136	
10.5671 0.998277	1.00363	1.0032	1.00081	0.990589	0.99139	
10.5773 0.994779	1.00011	1.00424	1.00186	0.989223	0.990015	
10.5874 0.999519	1.00488	1.00348	1.0011	0.98845	0.989234	
10.5976 0.994994	1.00033	1.00488	1.0025	0.993526	0.99431	
10.6077 0.99648	1.00183	1.0032	1.00082	0.990427	0.991201	
10.6179 1.00258	1.00796	1.00338	1.001	0.991077	0.991845	
10.6281 1.00284	1.00823	1.00474	1.00236	0.992323	0.993088	
10.6382 0.993247	0.998587	1.00017	0.997793	0.99431	0.995072	
10.6484 0.995138	1.00049	1.0062	1.00382	0.994455	0.995214	
10.6586 0.998665	1.00404	1.00571	1.00333	0.991736	0.992487	
10.6687 0.996213	1.00157	1.00493	1.00256	0.989884	0.990626	
10.6789 0.996468	1.00183	1.00281	1.00044	0.989942	0.990677	
10.6891 0.999483	1.00487	1.00681	1.00444	0.995752	0.996488	
10.6992 1.00083	1.00623	1.00688	1.00451	0.993465	0.994195	
10.7094 0.99647	1.00184	1.00662	1.00425	0.990204	0.990925	
10.7196 0.995964	1.00134	1.00646	1.00409	0.994612	0.995332	
10.7297 0.995919	1.00129	1.00692	1.00455	0.989305	0.990014	
10.7399 0.998758	1.00415	1.00746	1.0051	0.992285	0.99299	
10.7501 1.00241	1.00783	1.00843	1.00607	0.990564	0.991261	
10.7602 1.00135	1.00676	1.00767	1.00532	0.998808	0.99951	
10.7704 0.996918	1.00231	1.00808	1.00573	0.994552	0.995248	
10.7806 0.999921	1.00534	1.0077	1.00536	0.993461	0.994151	
10.7907 0.999413	1.00483	1.00552	1.00318	0.997327	0.998019	
10.8009 1.00214	1.00757	1.0051	1.00277	0.995706	0.996393	
10.8111 0.99797	1.00339	1.00687	1.00453	0.99143	0.992108	
10.8212 0.998527	1.00395	1.0088	1.00647	0.996635	0.997315	
10.8314 1.00178	1.00723	1.00976	1.00743	0.992583	0.993255	
10.8416 0.997591	1.00302	1.00915	1.00683	0.994512	0.99518	
10.8517 0.999864	1.00531	1.00725	1.00494	0.993645	0.994309	
10.8619 1.00011	1.00556	1.0101	1.00779	0.997696	0.998361	
10.8721 1.00011	1.00557	1.01023	1.00792	0.996304	0.996966	
10.8822 1.00053	1.00599	1.00837	1.00607	0.999456	1.00012	
10.8924 1.00133	1.0068	1.01144	1.00914	1.00043	1.0011	
10.9025 1.00149	1.00697	1.01069	1.0084	0.995261	0.99592	
10.9127 1.00078	1.00626	1.00885	1.00658	0.997292	0.997951	
10.9229 1.00078	1.00626	1.00703	1.00476	0.994484	0.995136	
10.933 0.99916	1.00464	1.01007	1.0078	1.00036	1.00101	
10.9432 0.997464	1.00294	1.01225	1.00999	0.997176	0.997829	
10.9534 1.00516	1.01069	1.01235	1.0101	0.996259	0.996909	
10.9635 0.997186	1.00267	1.01048	1.00823	1.00157	1.00223	
10.9737 0.996575	1.00206	1.01449	1.01224	0.99704	0.99769	
10.9839 1.00095	1.00646	1.01179	1.00956	0.998679	0.99933	
10.994 0.997784	1.00328	1.00951	1.00728	0.995902	0.996549	
11.0042 0.999068	1.00458	1.01012	1.0079	0.997284	0.997929	
11.0144 1.00099	1.00651	1.01033	1.00812	0.99884	0.999486	
11.0245 0.994765	1.00025	1.01084	1.00863	0.998958	0.999604	
11.0347 1.00088	1.00641	1.01206	1.00986	0.992679	0.993314	
11.0449 0.997744	1.00326	1.00907	1.00689	0.996436	0.997071	
11.055 0.99758	1.0031	1.01144	1.00925	1.00244	1.00308	
11.0652 0.998554	1.00408	1.01051	1.00834	1.00238	1.00303	
11.0754 1.00166	1.00721	1.0084	1.00624	0.999129	0.999772	
11.0855 1.00005	1.00559	1.01111	1.00895	1.00177	1.00242	
11.0957 0.998595	1.00413	1.00845	1.0063	1.00143	1.00208	
11.1059 0.999964	1.00552	1.01206	1.00991	1.00254	1.00319	
11.116 0.999528	1.00508	1.01208	1.00994	1.00092	1.00157	
11.1262 1.00264	1.00822	1.01177	1.00964	1.00083	1.00149	
11.1364 1.00114	1.00671	1.01122	1.0091	0.998469	0.99912	
11.1465 0.998714	1.00428	1.0107	1.00859	0.998091	0.998741	
11.1567 1.00053	1.00611	1.01264	1.01053	0.998445	0.999094	
11.1669 0.997893	1.00346	1.00819	1.0061	1.00087	1.00152	
11.177 0.996312	1.00188	1.01278	1.01069	0.999548	1.0002	
11.1872 1.00088	1.00647	1.00894	1.00687	1.00084	1.0015	
11.1973 0.998339	1.00392	1.01163	1.00955	1.00218	1.00283	
11.2075 1.00026	1.00586	1.01129	1.00922	1.00029	1.00094	
11.2177 0.999549	1.00515	1.01046	1.00841	1.00106	1.00172	
11.2278 1.00199	1.00761	1.01132	1.00927	1.00374	1.0044	
11.238 0.997275	1.00287	1.01122	1.00918	1.00008	1.00075	
11.2482 0.997007	1.00261	1.00968	1.00765	1.00121	1.00188	
11.2583 1.00039	1.00601	1.01004	1.00802	1.00146	1.00213	
11.2685 0.992672	0.99825	1.01011	1.00809	1.00336	1.00403	
11.2787 1.00131	1.00694	1.00946	1.00746	1.00131	1.00198	
11.2888 0.99529	1.00089	1.01186	1.00985	0.999695	1.00037	
11.299 0.996354	1.00196	1.0105	1.00851	1.00289	1.00357	
11.3092 0.99772	1.00334	1.00773	1.00574	1.00108	1.00176	
11.3193 1.0005	1.00614	1.01115	1.00917	1.00114	1.00182	
11.3295 0.998567	1.0042	1.01019	1.00822	1.00231	1.00299	
11.3397 0.999417	1.00506	1.00887	1.00691	1.0002	1.00089	
11.3498 0.997424	1.00306	1.01027	1.00832	0.999041	0.999722	
11.36 0.995173	1.0008	1.00834	1.00639	1.00047	1.00116	
11.3702 0.998972	1.00462	1.00942	1.00748	1.00683	1.00753	
11.3803 0.997206	1.00285	1.00847	1.00654	1.00122	1.00191	
11.3905 0.994464	1.00009	1.00955	1.00762	1.00338	1.00408	
11.4007 0.998779	1.00443	1.00796	1.00604	1.00167	1.00237	
11.4108 0.994238	0.999866	1.01168	1.00976	1.00027	1.00097	
11.421 0.996947	1.00259	1.00975	1.00785	1.00303	1.00373	
11.4312 0.995256	1.00089	1.00915	1.00725	1.0037	1.00441	
11.4413 1.0002	1.00587	1.0098	1.00791	1.00247	1.00318	
11.4515 1.00145	1.00713	1.01028	1.00839	1.00466	1.00538	
11.4617 0.996276	1.00193	1.00992	1.00804	1.00508	1.0058	
11.4718 0.995877	1.00153	1.00771	1.00584	1.00472	1.00545	
11.482 0.994494	1.00014	1.00716	1.0053	1.00652	1.00726	
11.4922 0.995251	1.0009	1.00768	1.00582	1.00379	1.00453	
11.5023 0.994289	0.999937	1.00923	1.00738	1.00123	1.00197	
11.5125 0.995979	1.00164	1.00807	1.00622	1.00283	1.00358	
11.5226 0.995644	1.0013	1.00905	1.00721	1.00328	1.00402	
11.5328 0.997869	1.00354	1.00677	1.00494	1.00431	1.00506	
11.543 0.997658	1.00334	1.00937	1.00754	1.00168	1.00243	
11.5531 0.99738	1.00306	1.00828	1.00646	1.00477	1.00553	
11.5633 0.995939	1.00161	1.00728	1.00547	1.0025	1.00327	
11.5735 0.997386	1.00307	1.00728	1.00548	1.00189	1.00266	
11.5836 0.997242	1.00293	1.00831	1.00651	1.00203	1.0028	
11.5938 0.99483	1.0005	1.01032	1.00853	1.00211	1.00288	
11.604 0.99552	1.0012	1.00774	1.00595	1.00637	1.00715	
11.6141 0.998086	1.00378	1.0084	1.00662	1.00192	1.0027	
11.6243 0.994873	1.00055	1.00789	1.00612	1.00413	1.00492	
11.6345 0.993571	0.99924	1.00777	1.00601	1.00473	1.00552	
11.6446 0.998805	1.00451	1.00643	1.00467	1.00137	1.00216	
11.6548 0.995495	1.00118	1.00531	1.00356	1.00478	1.00558	
11.665 0.995922	1.00161	1.00373	1.00199	0.999431	1.00023	
11.6751 0.995162	1.00085	1.00597	1.00423	1.00217	1.00297	
11.6853 0.995145	1.00083	1.00525	1.00351	1.00433	1.00514	
11.6955 0.992202	0.99787	1.00762	1.00588	1.00519	1.00601	
11.7056 0.992782	0.998452	1.00324	1.0015	1.00516	1.00598	
11.7158 0.995462	1.00115	1.00714	1.00541	1.0037	1.00453	
11.726 0.997236	1.00294	1.00494	1.00321	1.00206	1.00288	
11.7361 0.994939	1.00063	1.00375	1.00202	1.00272	1.00356	
11.7463 0.995133	1.00082	1.00995	1.00823	0.999297	1.00013	
11.7565 0.995295	1.00099	1.00561	1.00389	1.00534	1.00618	
11.7666 0.995671	1.00137	1.00666	1.00495	1.00315	1.004	
11.7768 0.996631	1.00233	1.00342	1.00172	1.00187	1.00272	
11.787 0.995388	1.00109	1.00556	1.00386	1.00503	1.00589	
11.7971 0.994298	0.999989	1.00574	1.00404	1.00207	1.00293	
11.8073 0.992463	0.998141	1.00554	1.00385	1.0025	1.00336	
11.8174 0.994896	1.00059	1.00293	1.00125	1.00428	1.00514	
11.8276 0.994336	1.00002	1.00742	1.00573	1.0005	1.00137	
11.8378 0.996423	1.00213	1.00379	1.00211	1.0021	1.00297	
11.8479 0.996597	1.0023	1.00512	1.00344	1.00601	1.00689	
11.8581 0.99419	0.999883	1.00443	1.00275	1.00511	1.006	
11.8683 0.992999	0.998684	1.00464	1.00297	1.00801	1.00891	
11.8784 0.991364	0.997036	1.0029	1.00123	1.00403	1.00493	
11.8886 0.993266	0.998948	1.00453	1.00286	1.00141	1.00231	
11.8988 0.993858	0.999543	1.00057	0.998902	1.00646	1.00737	
11.9089 0.992863	0.99854	1.00269	1.00103	0.999743	1.00065	
11.9191 0.995901	1.0016	1.00355	1.00189	1.00299	1.0039	
11.9293 0.995594	1.00129	1.0018	1.00014	1.00374	1.00466	
11.9394 0.991009	0.996675	1.001	0.999337	1.00454	1.00547	
11.9496 0.991179	0.996843	1.00245	1.00078	1.00467	1.0056	
11.9598 0.989116	0.994762	1.00368	1.00202	1.00264	1.00357	
11.9699 0.995656	1.00134	1.0039	1.00224	1.0053	1.00624	
11.9801 0.992955	0.998623	1.00041	0.99875	0.999057	0.999995	
11.9903 0.992841	0.998507	1.00198	1.00032	0.999882	1.00082	
12.0004 0.995005	1.00068	1.00209	1.00043	1.00127	1.00221	
12.0106 0.993577	0.999247	1.0004	0.998739	1.00198	1.00293	
12.0208 0.990105	0.995751	1.00049	0.998837	1.00024	1.00118	
12.0309 0.991756	0.997408	1.00202	1.00036	1.00369	1.00465	
12.0411 0.991031	0.996675	1.00022	0.998565	1.00021	1.00116	
12.0513 0.992156	0.997804	1.00078	0.999125	1.00274	1.0037	
12.0614 0.994642	1.0003	1.00144	0.99978	1.00311	1.00408	
12.0716 0.99063	0.996266	1.00001	0.998352	1.00471	1.00568	
12.0818 0.989058	0.994679	1.00202	1.00036	1.0012	1.00217	
12.0919 0.99319	0.998833	0.998842	0.99718	1.00179	1.00276	
12.1021 0.991193	0.996821	1.00017	0.998507	1.00326	1.00425	
12.1122 0.994233	0.999878	1.00126	0.999596	0.999225	1.0002	
12.1224 0.989743	0.995357	1.00136	0.99969	1.00065	1.00164	
12.1326 0.989007	0.994611	1.00074	0.999068	1.00474	1.00573	
12.1427 0.993918	0.999549	1.00109	0.999421	1.00102	1.00202	
12.1529 0.992336	0.997956	0.997639	0.99597	1.00674	1.00774	
12.1631 0.98906	0.994655	1.0028	1.00113	1.00548	1.00649	
12.1732 0.995079	1.00071	1.002	1.00032	1.00384	1.00486	
12.1834 0.99098	0.996583	0.998314	0.996642	1.00407	1.0051	
12.1936 0.990418	0.996013	0.999986	0.998309	1.0029	1.00393	
12.2037 0.990979	0.996573	0.998955	0.997276	1.00123	1.00226	
12.2139 0.994702	1.00032	1.00194	1.00025	1.00157	1.0026	
12.2241 0.986494	0.992054	0.999119	0.997437	0.999874	1.0009	
12.2342 0.99523	1.00084	0.999185	0.997501	1.00197	1.00301	
12.2444 0.990997	0.996579	0.999423	0.997736	1.00677	1.00782	
12.2546 0.990729	0.996305	0.996267	0.994579	1.00003	1.00107	
12.2647 0.991042	0.996616	0.997642	0.995946	1.00119	1.00224	
12.2749 0.98954	0.9951	0.997775	0.996074	1.00274	1.00379	
12.2851 0.993197	0.998776	0.998412	0.996706	1.00312	1.00418	
12.2952 0.995931	1.00153	0.999745	0.998035	1.00019	1.00125	
12.3054 0.992116	0.997687	0.996403	0.994692	0.999716	1.00077	
12.3156 0.995491	1.00108	1.00017	0.998455	1.00116	1.00222	
12.3257 0.989696	0.99525	0.999458	0.997737	1.00061	1.00167	
12.3359 0.989282	0.994827	0.997888	0.996165	0.999509	1.00057	
12.3461 0.992755	0.998317	0.998179	0.996451	1.0019	1.00297	
12.3562 0.989352	0.994889	0.998767	0.997035	0.999467	1.00054	
12.3664 0.991487	0.997032	0.999896	0.998159	0.995948	0.997009	
12.3766 0.990345	0.995879	0.999562	0.997823	1.00046	1.00153	
12.3867 0.996042	1.00161	0.997202	0.995462	1.00212	1.0032	
12.3969 0.994657	1.00022	0.998026	0.996279	1.0007	1.00178	
12.407 0.995202	1.00077	0.997977	0.996226	1.00616	1.00725	
12.4172 0.991418	0.996958	0.998349	0.996593	1.00113	1.00222	
12.4274 0.993783	0.999335	0.997775	0.996015	0.996929	0.998008	
12.4375 0.991205	0.996738	0.999864	0.998099	0.9962	0.997275	
12.4477 0.994213	0.999763	0.998522	0.996754	0.998924	1	
12.4579 0.991037	0.996565	1.00022	0.998447	1.00022	1.00131	
12.468 0.990858	0.99638	0.996909	0.995137	1.00097	1.00205	
12.4782 0.994617	1.00016	0.998117	0.996338	1.0019	1.00299	
12.4884 0.992731	0.998261	0.997823	0.996039	1.00147	1.00256	
12.4985 0.991193	0.996711	0.998126	0.996336	1.00449	1.00559	
12.5087 0.993654	0.999184	0.996719	0.994926	0.998958	1.00005	
12.5189 0.989518	0.995019	0.998566	0.996765	0.999851	1.00095	
12.529 0.992396	0.997911	0.99962	0.997814	0.999148	1.00025	
12.5392 0.992905	0.99842	0.998713	0.996906	1.001	1.0021	
12.5494 0.991652	0.997157	1.00024	0.998431	1.00328	1.00439	
12.5595 0.990863	0.996358	1.00065	0.998835	1.00225	1.00337	
12.5697 0.992449	0.99795	0.999013	0.997197	0.999518	1.00063	
12.5799 0.994803	1.00032	0.997166	0.995348	1.00076	1.00188	
12.59 0.990538	0.996024	0.998777	0.996952	0.997262	0.998372	
12.6002 0.991719	0.997208	0.998524	0.996695	0.999246	1.00036	
12.6104 0.992588	0.99808	0.998876	0.997043	1.00096	1.00207	
12.6205 0.990392	0.995866	0.999881	0.998043	0.995621	0.996728	
12.6307 0.994269	0.999764	0.99724	0.995401	1.00299	1.00411	
12.6409 0.991452	0.996928	0.998303	0.996457	0.996945	0.998056	
12.651 0.993011	0.998492	0.999591	0.99774	1.00291	1.00403	
12.6612 0.991324	0.996792	0.997463	0.99561	1.00071	1.00183	
12.6714 0.992063	0.997531	0.997219	0.99536	0.998733	0.999855	
12.6815 0.991754	0.997217	0.997285	0.995419	1.00007	1.00119	
12.6917 0.991304	0.996761	0.998003	0.996131	1.00322	1.00436	
12.7019 0.992541	0.998002	0.996447	0.994571	0.99901	1.00014	
12.712 0.995361	1.00084	0.998704	0.996819	1.00101	1.00215	
12.7222 0.991089	0.996538	0.998735	0.996846	1.00063	1.00177	
12.7323 0.992548	0.998003	0.997234	0.995342	0.999757	1.00089	
12.7425 0.993554	0.999012	0.996966	0.995067	1.00246	1.00361	
12.7527 0.992571	0.998021	0.995747	0.993842	0.999483	1.00062	
12.7628 0.998417	1.00391	0.995216	0.993302	0.996714	0.99785	
12.773 0.991351	0.996796	0.999819	0.997894	0.999007	1.00015	
12.7832 0.994242	0.999702	0.998299	0.996372	0.998979	1.00012	
12.7933 0.99251	0.997958	1.00004	0.998109	0.999967	1.00111	
12.8035 0.993095	0.998545	0.996646	0.994712	1.00195	1.00309	
12.8137 0.994817	1.00028	0.997074	0.995132	0.998544	0.999688	
12.8238 0.995383	1.00085	0.998593	0.996644	1.00338	1.00453	
12.834 0.997776	1.00326	0.997364	0.995411	0.996496	0.997641	
12.8442 0.996601	1.00208	0.999164	0.997203	0.99964	1.00079	
12.8543 0.990626	0.996065	0.999339	0.997374	0.999151	1.0003	
12.8645 0.993608	0.999063	1.00046	0.998495	0.999134	1.00028	
12.8747 0.995481	1.00095	0.995912	0.993943	0.9982	0.999348	
12.8848 0.997963	1.00345	0.997576	0.995598	0.999473	1.00062	
12.895 0.994854	1.00032	0.999377	0.997391	1.00121	1.00236	
12.9052 0.997027	1.00251	0.998495	0.996506	0.998904	1.00006	
12.9153 0.994484	0.999953	0.997316	0.995323	0.999213	1.00037	
12.9255 0.997795	1.00329	0.998786	0.996785	0.997418	0.998567	
12.9357 0.995715	1.0012	1.00121	0.999202	0.997722	0.99887	
12.9458 0.999246	1.00476	0.998358	0.996352	0.998653	0.999802	
12.956 0.996874	1.00237	0.997223	0.995212	1.00217	1.00333	
12.9662 0.996852	1.00235	0.998415	0.996397	0.997149	0.998299	
12.9763 0.995839	1.00134	0.996993	0.99497	0.997564	0.998712	
12.9865 0.996751	1.00226	0.998945	0.996914	0.995339	0.99648	
12.9967 0.994942	1.00044	0.999956	0.99792	0.996789	0.997928	
13.0068 0.999427	1.00496	0.999689	0.997649	0.994641	0.995771	
13.017 0.99424	0.999742	1.00038	0.998335	1.00366	1.00481	
13.0271 0.993542	0.999038	0.99926	0.997215	0.998043	0.999183	
13.0373 0.998953	1.00449	0.998373	0.996324	1.00203	1.00318	
13.0475 0.995652	1.00117	0.99913	0.997075	0.99981	1.00096	
13.0576 0.997992	1.00353	0.999295	0.997235	0.997269	0.998412	
13.0678 0.99766	1.0032	0.997943	0.99588	0.997828	0.99897	
13.078 0.998731	1.00428	0.998737	0.996667	1.0002	1.00134	
13.0881 0.997375	1.00292	0.998607	0.996533	1.0009	1.00205	
13.0983 0.996209	1.00175	0.997778	0.995698	0.999947	1.0011	
13.1085 0.997943	1.0035	0.998133	0.996047	0.996931	0.998076	
13.1186 0.997047	1.0026	0.996326	0.994234	0.999489	1.00064	
13.1288 0.995935	1.00149	0.995808	0.993708	0.99788	0.999026	
13.139 0.997171	1.00274	0.999313	0.997201	0.996702	0.997843	
13.1491 0.995527	1.00108	0.996675	0.994561	0.994211	0.995342	
13.1593 0.994611	1.00016	0.997415	0.995292	0.997183	0.998315	
13.1695 0.996619	1.00219	0.99929	0.997159	0.997474	0.998604	
13.1796 0.997266	1.00284	0.998676	0.996541	1.00159	1.00273	
13.1898 1.00037	1.00597	0.999292	0.99715	0.997865	0.998998	
13.2 1.00141	1.00703	0.999267	0.997121	0.998686	0.99982	
13.2101 0.997897	1.0035	0.997945	0.995795	0.998255	0.999387	
13.2203 0.99886	1.00448	0.997627	0.995471	1.00071	1.00185	
13.2305 1.00027	1.00591	1.00334	1.00118	1.00003	1.00117	
13.2406 0.99934	1.00498	1.00002	0.99786	1.00156	1.00271	
13.2508 1.00046	1.00611	0.998104	0.995939	0.99657	0.997705	
13.261 0.998824	1.00447	0.995738	0.993568	0.997798	0.998934	
13.2711 1.00022	1.00589	0.99996	0.997777	0.996855	0.997986	
13.2813 0.998121	1.00378	0.998945	0.996759	0.996329	0.997455	
13.2915 0.997983	1.00365	0.997844	0.995653	0.999409	1.00054	
13.3016 0.998817	1.0045	0.999514	0.997315	0.996698	0.997822	
13.3118 0.998049	1.00373	0.999461	0.997258	0.997148	0.99827	
13.3219 0.997579	1.00326	1.00064	0.998436	0.999797	1.00092	
13.3321 0.997502	1.00319	0.999023	0.996813	0.996126	0.997243	
13.3423 0.99825	1.00395	0.998322	0.996108	0.998555	0.999675	
13.3524 0.999683	1.0054	0.998741	0.99652	1.00109	1.00222	
13.3626 0.997196	1.0029	1.0012	0.99897	1.0002	1.00133	
13.3728 0.996995	1.00271	1.00078	0.998548	0.996902	0.998023	
13.3829 1.00063	1.00638	0.999778	0.997546	0.996153	0.997268	
13.3931 0.999208	1.00495	1.00042	0.99818	0.997678	0.998793	
13.4033 0.998422	1.00417	0.999967	0.997728	0.997876	0.998989	
13.4134 1.00091	1.00668	1.00048	0.998234	1.0011	1.00222	
13.4236 1.00171	1.0075	0.999782	0.997536	1.00023	1.00135	
13.4338 0.999028	1.00481	0.99834	0.996091	0.99661	0.997724	
13.4439 0.997913	1.00369	0.999151	0.996895	0.99758	0.998693	
13.4541 0.998241	1.00403	1.00018	0.997923	0.996152	0.997259	
13.4643 1.00181	1.00763	0.999194	0.996929	0.996044	0.997146	
13.4744 1.00095	1.00678	1.00276	1.00049	0.997487	0.998588	
13.4846 0.998089	1.00391	0.999639	0.99737	0.996684	0.99778	
13.4948 0.999891	1.00573	0.999981	0.997707	0.999499	1.0006	
13.5049 0.997629	1.00346	1.00069	0.998409	0.99932	1.00042	
13.5151 1.00003	1.00588	1.00018	0.997897	1.00011	1.00121	
13.5253 1.00207	1.00795	1.00036	0.99807	0.999501	1.0006	
13.5354 1.00105	1.00694	0.999964	0.997676	0.996911	0.998009	
13.5456 1.00165	1.00756	1.00094	0.998644	0.998521	0.99962	
13.5558 0.999169	1.00507	0.999073	0.996779	0.999726	1.00083	
13.5659 0.999257	1.00517	1.00053	0.998233	1.00094	1.00205	
13.5761 0.999703	1.00563	0.99927	0.996967	0.999893	1.001	
13.5863 0.999862	1.0058	1.00157	0.999259	0.99544	0.996536	
13.5964 0.999034	1.00497	1.00126	0.998949	0.993527	0.994611	
13.6066 0.997883	1.00382	0.999116	0.996804	0.9944	0.995477	
13.6167 1.00171	1.00768	1.00099	0.998667	0.998766	0.999848	
13.6269 1.00019	1.00617	1.00129	0.998972	1.00089	1.00198	
13.6371 0.997727	1.0037	1.00198	0.999659	0.998905	0.999991	
13.6472 0.999509	1.0055	1.00076	0.998435	0.999598	1.00069	
13.6574 1.00099	1.007	1.00069	0.998364	0.998241	0.999326	
13.6676 0.997586	1.00358	1.0024	1.00008	0.998669	0.999754	
13.6777 0.997676	1.00368	1.00184	0.999514	0.996202	0.997279	
13.6879 1.00026	1.00629	0.998891	0.996562	0.998326	0.999405	
13.6981 1.00067	1.00671	1.0021	0.999766	0.99609	0.997161	
13.7082 0.997031	1.00306	1.00101	0.998674	0.998618	0.999691	
13.7184 1.00241	1.00849	1.00218	0.999845	0.999777	1.00085	
13.7286 1.00056	1.00664	1.00249	1.00015	0.995925	0.996991	
13.7387 0.998949	1.00503	1.00151	0.999167	1.00015	1.00123	
13.7489 1.00329	1.00942	0.999433	0.997094	0.997378	0.998445	
13.7591 1.00121	1.00734	1.00075	0.998407	0.996666	0.997728	
13.7692 0.997591	1.0037	0.999549	0.997201	0.999865	1.00093	
13.7794 1.00004	1.00618	1.00167	0.999314	0.999629	1.0007	
13.7896 0.998681	1.00482	1.00249	1.00014	1.00133	1.00241	
13.7997 1.00129	1.00746	1.00164	0.999287	1.00025	1.00133	
13.8099 1.0012	1.00738	0.998776	0.99642	0.996889	0.997957	
13.8201 0.998608	1.00478	1.00147	0.999105	0.998842	0.999913	
13.8302 1.0014	1.00761	1.00224	0.999875	0.995258	0.996317	
13.8404 0.998462	1.00466	1.00122	0.998853	0.995506	0.996559	
13.8506 1.00025	1.00647	1.00065	0.998279	0.999389	1.00045	
13.8607 1.00144	1.00768	1.00188	0.999507	0.997909	0.998963	
13.8709 0.999024	1.00526	1.00146	0.999089	0.998213	0.999267	
13.8811 0.998118	1.00436	1.00075	0.998375	0.99957	1.00063	
13.8912 0.998546	1.0048	1.00054	0.99816	0.998607	0.999662	
13.9014 0.999714	1.00599	1.00143	0.999044	0.99845	0.999504	
13.9116 0.998804	1.00508	1.00264	1.00026	0.999314	1.00037	
13.9217 0.996658	1.00293	1.0013	0.998919	1.00117	1.00223	
13.9319 0.997961	1.00425	1.00126	0.998881	0.994314	0.995359	
13.942 1.00318	1.00952	1.00051	0.998125	0.99802	0.999067	
13.9522 0.996752	1.00306	1.0008	0.998413	0.996006	0.997045	
13.9624 0.99988	1.00622	1.00113	0.998741	0.997647	0.998685	
13.9725 0.998108	1.00444	1.00131	0.998911	0.999029	1.00007	
13.9827 0.999779	1.00614	1.00169	0.99929	0.995421	0.99645	
13.9929 1.0005	1.00688	1.00477	1.00237	0.999032	1.00006	
14.003 0.998775	1.00515	1.00261	1.00022	0.995417	0.996439	
14.0132 0.999789	1.00618	1.00033	0.997933	1.00094	1.00197	
14.0234 1.00128	1.0077	1.0026	1.0002	0.996899	0.997921	
14.0335 0.994569	1.00095	1.00188	0.999481	0.999228	1.00025	
14.0437 1.00198	1.00843	1.0036	1.0012	0.99789	0.998912	
14.0539 0.998343	1.00477	1.0022	0.999803	0.997517	0.998536	
14.064 0.998773	1.00522	1.0026	1.0002	0.996822	0.997836	
14.0742 1.00016	1.00663	1.00355	1.00115	0.99847	0.999484	
14.0844 1.00153	1.00802	1.00181	0.999413	0.994727	0.995728	
14.0945 0.999466	1.00596	1.00063	0.998231	0.995253	0.996247	
14.1047 0.99802	1.00451	0.999014	0.996615	0.999388	1.00039	
14.1149 0.998021	1.00452	0.999977	0.99757	0.996356	0.997347	
14.125 0.999345	1.00587	1.00208	0.999671	0.997307	0.998295	
14.1352 0.999425	1.00596	1.00201	0.9996	0.995569	0.996548	
14.1454 0.995659	1.00218	1.00118	0.998764	0.999566	1.00055	
14.1555 0.999679	1.00624	1.00109	0.998674	0.996779	0.997755	
14.1657 0.999692	1.00626	1.0019	0.999478	0.999292	1.00027	
14.1759 0.999234	1.00581	1.00174	0.999316	0.995222	0.996189	
14.186 0.998814	1.0054	1.00079	0.998365	0.999586	1.00056	
14.1962 0.997727	1.00432	1.00211	0.999684	0.996897	0.997862	
14.2064 1.00132	1.00795	1.0021	0.999675	0.998665	0.999632	
14.2165 0.999845	1.00648	1.00345	1.00103	0.998284	0.999248	
14.2267 0.99879	1.00543	1.00214	0.999716	0.99556	0.996514	
14.2368 1.00034	1.00701	1.00183	0.999404	0.996486	0.997435	
14.247 1.0019	1.0086	1.00069	0.998261	0.999285	1.00024	
14.2572 0.998836	1.00553	1.00149	0.999057	0.998611	0.999561	
14.2673 1.00005	1.00677	1.00184	0.999405	0.998341	0.999289	
14.2775 0.997471	1.00418	1.00131	0.998874	0.997793	0.998738	
14.2877 0.99696	1.00367	1.00165	0.999218	0.996618	0.997557	
14.2978 0.999253	1.00599	1.00123	0.998796	1.0006	1.00154	
14.308 0.996278	1.003	1.00146	0.999015	0.997005	0.997943	
14.3182 0.999879	1.00664	1.00176	0.999321	0.996411	0.997343	
14.3283 0.995285	1.00202	1.00207	0.999627	1.00149	1.00243	
14.3385 0.996478	1.00323	1.00254	1.0001	0.999191	1.00013	
14.3487 0.997218	1.00399	0.999964	0.997519	0.997151	0.998085	
14.3588 0.999159	1.00596	1.00151	0.99906	0.998452	0.999385	
14.369 0.999141	1.00595	1.0024	0.999951	0.996866	0.997793	
14.3792 0.99871	1.00553	1.00354	1.00108	0.999453	1.00038	
14.3893 0.996645	1.00346	1.00293	1.00048	0.997542	0.998466	
14.3995 1.00101	1.00787	1.00207	0.999617	0.999233	1.00016	
14.4097 0.999999	1.00687	1.00154	0.99909	0.995803	0.996719	
14.4198 0.998973	1.00585	1.00202	0.999572	0.999074	0.999993	
14.43 0.997864	1.00475	1.00221	0.999754	0.997951	0.998866	
14.4402 0.998072	1.00497	1.00124	0.998781	0.996061	0.996968	
14.4503 0.996728	1.00362	1.0015	0.999043	1.00052	1.00144	
14.4605 0.995998	1.00289	1.00396	1.0015	0.997084	0.99799	
14.4707 0.998931	1.00586	1.00267	1.00021	0.997084	0.997985	
14.4808 0.994607	1.00151	1.00047	0.99801	0.998969	0.999871	
14.491 0.996209	1.00313	1.00374	1.00128	0.998155	0.999054	
14.5012 0.999022	1.00598	1.00092	0.998467	0.999222	1.00012	
14.5113 0.995369	1.00231	1.0026	1.00014	0.99691	0.997804	
14.5215 0.996369	1.00332	1.00203	0.999571	0.997021	0.99791	
14.5316 0.996567	1.00353	1.00451	1.00204	1.00016	1.00106	
14.5418 0.998455	1.00544	1.0027	1.00025	0.996096	0.996979	
14.552 0.99937	1.00638	1.00143	0.998972	0.999457	1.00034	
14.5621 0.998105	1.00512	1.00398	1.00152	1.00022	1.00111	
14.5723 0.993611	1.00059	1.00299	1.00053	1.00023	1.00112	
14.5825 0.998624	1.00566	1.00159	0.999137	1.00025	1.00115	
14.5926 1.00002	1.00707	1.00192	0.999468	0.999313	1.00021	
14.6028 0.99906	1.00613	1.00291	1.00045	1.00266	1.00357	
14.613 0.995288	1.00233	1.00373	1.00128	0.996044	0.996938	
14.6231 0.997561	1.00463	1.00266	1.00021	0.997044	0.997934	
14.6333 0.997939	1.00503	1.00159	0.999143	0.996686	0.997569	
14.6435 0.996523	1.00361	1.00039	0.997939	0.999375	1.00026	
14.6536 0.996914	1.00401	1.00129	0.998835	0.999525	1.00041	
14.6638 0.994413	1.0015	1.00269	1.00022	0.997697	0.998579	
14.674 0.996751	1.00386	1.00118	0.998715	1.00051	1.0014	
14.6841 0.995508	1.00262	1.00115	0.998681	1.00004	1.00093	
14.6943 0.998265	1.00541	1.00246	0.999989	1.00092	1.00182	
14.7045 0.997064	1.00421	1.00158	0.999116	0.997716	0.998605	
14.7146 0.992085	0.999191	1.0007	0.998231	0.998282	0.999169	
14.7248 0.997559	1.00472	1.00153	0.999054	0.9987	0.999587	
14.735 0.996384	1.00354	1.00075	0.99827	0.99965	1.00054	
14.7451 0.997188	1.00436	1.00413	1.00165	0.996622	0.997502	
14.7553 0.99518	1.00234	1.00008	0.9976	1.00121	1.0021	
14.7655 0.999317	1.00653	1.00298	1.0005	0.998339	0.999224	
14.7756 0.99508	1.00227	1.00102	0.998535	0.996056	0.996932	
14.7858 0.995947	1.00315	1.00143	0.998949	1.00006	1.00094	
14.796 0.994985	1.00218	1.00185	0.999358	1.00205	1.00294	
14.8061 0.995652	1.00286	1.00175	0.999261	0.999094	0.999982	
14.8163 0.994223	1.00143	1.00421	1.00172	0.998617	0.999503	
14.8265 0.996682	1.00391	1.00204	0.999557	0.999721	1.00061	
14.8366 0.995047	1.00227	1.00214	0.999656	0.998667	0.999554	
14.8468 0.992664	0.999873	1.00149	0.999006	0.999058	0.999944	
14.8569 0.997256	1.00451	0.99984	0.997348	1.00211	1.003	
14.8671 0.996445	1.0037	1.00244	0.999938	0.999509	1.00041	
14.8773 0.996655	1.00392	1.00174	0.999245	0.998122	0.999013	
14.8874 0.997644	1.00493	1.00089	0.998393	0.999306	1.0002	
14.8976 0.995447	1.00273	1.00299	1.00049	0.999847	1.00074	
14.9078 0.995151	1.00243	1.00288	1.00038	1.00113	1.00203	
14.9179 0.995384	1.00268	1.00144	0.998942	1.0016	1.00251	
14.9281 0.996212	1.00352	1.00267	1.00017	1.00118	1.00209	
14.9383 0.995106	1.00241	1.00135	0.998844	0.998703	0.999614	
14.9484 0.995608	1.00292	1.00465	1.00214	1.00127	1.00219	
14.9586 0.995149	1.00247	1.00137	0.998864	1.00123	1.00215	
14.9688 0.997417	1.00476	1.00289	1.00039	1.00257	1.00351	
14.9789 0.993321	1.00064	1.00322	1.00072	1.00116	1.0021	
14.9891 0.995638	1.00298	1.00229	0.999785	0.998734	0.999669	
14.9993 0.994185	1.00152	1.00279	1.00029	0.998904	0.999839	
15.0094 0.994344	1.00169	1.00139	0.998886	1.00265	1.0036	
15.0196 0.993219	1.00055	1.00095	0.998443	0.999503	1.00045	
15.0298 0.997922	1.00531	1.00156	0.999046	0.999923	1.00087	
15.0399 0.994142	1.0015	1.00308	1.00057	0.996957	0.997898	
15.0501 0.994246	1.00161	1.00307	1.00056	1.00203	1.00298	
15.0603 0.994919	1.00229	1.00202	0.99951	1.00055	1.00151	
15.0704 0.994228	1.0016	1.00193	0.999419	0.999414	1.00037	
15.0806 0.994065	1.00144	1.00138	0.998869	0.999908	1.00087	
15.0908 0.997884	1.0053	1.00196	0.999444	1.00213	1.00309	
15.1009 0.994553	1.00195	1.00118	0.998667	0.999339	1.00031	
15.1111 0.99353	1.00092	1.00191	0.999392	1.00185	1.00283	
15.1213 0.99408	1.00148	1.00157	0.999053	1	1.00098	
15.1314 0.994065	1.00147	1.00218	0.999661	0.999878	1.00086	
15.1416 0.994957	1.00238	1.00127	0.998745	1.00215	1.00314	
15.1517 0.996289	1.00373	1.00138	0.998853	1.0003	1.00129	
15.1619 0.993748	1.00117	1.00199	0.999464	1.00181	1.00281	
15.1721 0.995874	1.00332	0.999529	0.996996	1.00317	1.00418	
15.1822 0.995662	1.00312	1.00275	1.00021	1.00026	1.00127	
15.1924 0.993545	1.00099	1.00377	1.00123	1.00412	1.00515	
15.2026 0.993485	1.00093	1.00374	1.00121	0.999244	1.00027	
15.2127 0.999186	1.00669	1.00208	0.999552	1.00144	1.00248	
15.2229 0.996884	1.00438	1.00049	0.99796	1.0001	1.00114	
15.2331 0.998053	1.00558	0.998715	0.996175	0.999214	1.00025	
15.2432 0.994119	1.00162	1.00322	1.00067	1.00306	1.00411	
15.2534 0.99618	1.0037	1.00196	0.999415	1.00224	1.0033	
15.2636 0.995807	1.00334	0.999216	0.996667	0.997525	0.998576	
15.2737 0.996765	1.00431	1.00132	0.998762	1.00205	1.00312	
15.2839 0.998235	1.00581	1.00152	0.998954	0.997819	0.998877	
15.2941 0.994449	1.002	1.00233	0.999761	1.00145	1.00252	
15.3042 0.997412	1.005	1.00109	0.998527	0.995946	0.996999	
15.3144 0.995333	1.00291	1.00147	0.998904	1.00047	1.00154	
15.3246 0.994493	1.00207	0.998931	0.996358	1.0027	1.00377	
15.3347 0.995104	1.0027	0.999501	0.996918	0.999896	1.00097	
15.3449 0.99568	1.00329	0.999858	0.997267	0.998915	0.999989	
15.3551 0.99635	1.00397	1.00345	1.00085	0.998701	0.999774	
15.3652 0.996602	1.00424	1.00421	1.00162	1.00202	1.00311	
15.3754 0.995752	1.00339	1.00013	0.997543	1.00227	1.00336	
15.3856 0.993221	1.00084	1.00279	1.00019	1.00197	1.00307	
15.3957 0.993495	1.00112	1.00281	1.00022	1.00253	1.00365	
15.4059 0.993327	1.00095	1.00079	0.998193	1.00297	1.00409	
15.4161 0.995749	1.0034	1.00187	0.999268	0.99969	1.00081	
15.4262 0.997168	1.00485	1.00012	0.997511	1.00083	1.00196	
15.4364 0.99339	1.00104	1.00168	0.999067	1.00157	1.00271	
15.4465 0.997256	1.00495	0.999395	0.996781	1.00079	1.00193	
15.4567 0.993977	1.00165	1.00076	0.99814	1.00244	1.0036	
15.4669 0.995923	1.00362	1.00186	0.99923	0.998966	1.00012	
15.477 0.992495	1.00017	1.00129	0.998664	0.999102	1.00025	
15.4872 0.994274	1.00197	1.00242	0.99979	1.00271	1.00388	
15.4974 0.995249	1.00296	1.00078	0.99815	1.00296	1.00414	
15.5075 0.992814	1.00051	0.999674	0.997034	1.00327	1.00446	
15.5177 0.995897	1.00362	1.00336	1.00071	1.00003	1.00123	
15.5279 0.995229	1.00296	1.00162	0.998979	1.00267	1.00388	
15.538 0.992949	1.00066	1.00198	0.999332	0.999412	1.00062	
15.5482 0.992127	0.999835	1.00074	0.998088	1.00528	1.00651	
15.5584 0.997012	1.00477	1.0047	1.00205	0.998159	0.999379	
15.5685 0.997636	1.00542	0.999262	0.996611	0.998688	0.999908	
15.5787 0.990342	0.99806	0.998588	0.995928	1.00067	1.00189	
15.5889 0.992783	1.00052	1.0019	0.999229	1.00099	1.00222	
15.599 0.991041	0.998761	1.00186	0.999185	0.999848	1.00108	
15.6092 0.994526	1.00228	1.00314	1.00046	1.00032	1.00156	
15.6194 0.994604	1.00237	1.00022	0.997547	1.00174	1.00299	
15.6295 0.992068	0.99981	1.00166	0.998977	0.999998	1.00125	
15.6397 0.994262	1.00203	1.00259	0.999909	1.00172	1.00298	
15.6499 0.991857	0.999601	1.00206	0.999371	1.00293	1.00421	
15.66 0.995302	1.00308	1.00192	0.999231	1.00136	1.00264	
15.6702 0.993674	1.00145	1.00027	0.997577	0.999933	1.00122	
15.6804 0.996268	1.00407	1.00146	0.998767	0.998156	0.999437	
15.6905 0.995133	1.00294	1.00044	0.997737	1.00261	1.00391	
15.7007 0.992621	1.00041	1.00517	1.00246	1.00208	1.00339	
15.7109 0.990056	0.997815	1.00259	0.999888	1.00089	1.0022	
15.721 0.994342	1.00214	0.99926	0.99656	1.00022	1.00154	
15.7312 0.998432	1.00628	1.00177	0.999057	0.99755	0.998859	
15.7413 0.995632	1.00347	1.00021	0.997495	1.00197	1.0033	
15.7515 0.996414	1.00427	1.0001	0.997381	0.99883	1.00015	
15.7617 0.990928	0.998737	1.00109	0.998367	0.999557	1.00088	
15.7718 0.992959	1.00079	1.00412	1.00139	1.00097	1.00231	
15.782 0.99198	0.999799	1.0028	1.00007	1.00123	1.00257	
15.7922 0.99438	1.00223	1.00195	0.999219	1.00105	1.0024	
15.8023 0.993195	1.00103	1.00121	0.998481	1.00106	1.00242	
15.8125 0.995692	1.00356	0.999802	0.997066	0.998301	0.999652	
15.8227 0.991172	0.999002	1.00116	0.998414	0.999203	1.00056	
15.8328 0.992089	0.999926	1.00247	0.999722	1.00274	1.00411	
15.843 0.993841	1.0017	1.00221	0.999462	1.00365	1.00503	
15.8532 0.992272	1.00012	1.00152	0.998774	0.998694	1.00007	
15.8633 0.993866	1.00173	1.0002	0.997444	1.00191	1.00331	
15.8735 0.989464	0.997283	1.00111	0.998349	1.00042	1.00182	
15.8837 0.99506	1.00293	1.00044	0.997677	0.997937	0.99933	
15.8938 0.994694	1.00257	1.00158	0.998801	1.00388	1.0053	
15.904 0.99164	0.999492	1.00191	0.999134	0.997642	0.999048	
15.9142 0.990012	0.997844	1.00128	0.998501	0.999179	1.00059	
15.9243 0.993984	1.00185	1.00088	0.998098	0.996016	0.997413	
15.9345 0.99226	1.00012	1.00067	0.997881	1.00167	1.00309	
15.9447 0.994365	1.00224	1.00046	0.997665	1.00025	1.00167	
15.9548 0.994145	1.00203	1	0.997197	0.999986	1.00141	
15.965 0.992275	1.00014	0.999455	0.996641	1.00119	1.00262	
15.9752 0.992387	1.00026	1.00344	1.00062	1.00003	1.00146	
15.9853 0.996441	1.00436	1.0017	0.998876	1.00116	1.00261	
15.9955 0.99297	1.00086	1.00262	0.999798	0.99957	1.00101	
16.0057 0.994181	1.00209	1.00094	0.998115	0.996851	0.998286	
16.0158 0.994331	1.00225	1.00246	0.999625	1.0006	1.00204	
16.026 0.994555	1.00248	1.00123	0.998397	0.998587	1.00003	
16.0362 0.994403	1.00233	1.00265	0.999811	0.996058	0.997491	
16.0463 0.991508	0.999415	1.00107	0.998233	1.00011	1.00156	
16.0565 0.995995	1.00395	1.00227	0.999431	1.00094	1.0024	
16.0666 0.993589	1.00153	1.00256	0.999712	1.00097	1.00243	
16.0768 0.993862	1.00181	1.00037	0.997521	0.998728	1.00018	
16.087 0.993736	1.00169	1.00197	0.999117	0.999496	1.00096	
16.0971 0.989996	0.997912	1.00156	0.998708	1.00059	1.00206	
16.1073 0.991187	0.99911	1.00092	0.998061	1.00137	1.00285	
16.1175 0.995798	1.00377	1.00315	1.00028	1.00173	1.00322	
16.1276 0.991599	0.999535	1.00027	0.997404	0.998064	0.999547	
16.1378 0.993606	1.00156	1.00148	0.998606	0.999259	1.00075	
16.148 0.993292	1.00125	0.999442	0.996563	1.00116	1.00266	
16.1581 0.992782	1.00074	1.00203	0.99914	0.999557	1.00106	
16.1683 0.994061	1.00203	1.00105	0.998162	0.999176	1.00068	
16.1785 0.995213	1.00321	1.00077	0.997876	1.00075	1.00226	
16.1886 0.995712	1.00372	1.00285	0.999949	0.998617	1.00012	
16.1988 0.998802	1.00686	1.00051	0.997602	0.997271	0.998773	
16.209 0.993829	1.00185	0.999276	0.996363	0.998551	1.00005	
16.2191 0.992252	1.00026	1.00009	0.997166	1.0029	1.00443	
16.2293 0.994547	1.00258	1.00142	0.998485	0.99923	1.00075	
16.2395 0.993134	1.00116	0.999786	0.996847	0.999578	1.0011	
16.2496 0.992936	1.00097	1.00098	0.99803	1.00085	1.00238	
16.2598 0.992857	1.00089	0.999304	0.996348	0.997944	0.999473	
16.27 0.994542	1.0026	1.00004	0.997073	1.00203	1.00357	
16.2801 0.996418	1.0045	1.00186	0.99888	0.999328	1.00087	
16.2903 0.994545	1.00262	0.99941	0.996429	0.999961	1.00151	
16.3005 0.995532	1.00363	1.00247	0.99948	0.997097	0.99864	
16.3106 0.990709	0.998763	1.002	0.999002	1.00134	1.0029	
16.3208 0.994498	1.00259	1.0016	0.998608	1.00157	1.00314	
16.331 0.993288	1.00138	1.0019	0.998897	1.00095	1.00252	
16.3411 0.990769	0.998833	1.00287	0.999867	0.995802	0.997362	
16.3513 0.994927	1.00303	1.00291	0.999909	0.996757	0.998313	
16.3614 0.991586	0.999666	1.00187	0.998864	1.00131	1.00288	
16.3716 0.989997	0.998057	1.00214	0.999126	0.996461	0.99802	
16.3818 0.993276	1.00137	1.00098	0.997966	0.998154	0.999714	
16.3919 0.989362	0.997413	1.00045	0.997429	0.999246	1.00081	
16.4021 0.993632	1.00172	1.00271	0.999684	0.999032	1.0006	
16.4123 0.992832	1.00092	1.00096	0.997932	0.998767	1.00033	
16.4224 0.991782	0.999861	1.00004	0.997004	0.998769	1.00034	
16.4326 0.990011	0.998069	0.99908	0.996033	0.999147	1.00072	
16.4428 0.992847	1.00093	1.00078	0.997724	0.996061	0.997619	
16.4529 0.995513	1.00363	1.00116	0.998098	0.999368	1.00093	
16.4631 0.989062	0.997118	0.999988	0.996915	0.995219	0.996768	
16.4733 0.99286	1.00095	1.00139	0.998312	1.00096	1.00253	
16.4834 0.991254	0.999329	1.00171	0.998623	0.997403	0.998961	
16.4936 0.99196	1.00004	0.99933	0.996236	0.998591	1.00015	
16.5038 0.990389	0.998452	1.00241	0.999306	0.998131	0.999689	
16.5139 0.996305	1.00443	0.999646	0.996536	0.998493	1.00005	
16.5241 0.993114	1.00122	1.00102	0.9979	1.00044	1.00201	
16.5343 0.990612	0.998691	1.00019	0.997065	1.00076	1.00234	
16.5444 0.994384	1.0025	1.00135	0.998216	1.0017	1.00329	
16.5546 0.991727	0.999823	1.00095	0.997804	0.997951	0.999533	
16.5648 0.996038	1.00418	1.00092	0.997771	0.997249	0.998827	
16.5749 0.99193	1.00004	1.00088	0.997721	0.999298	1.00088	
16.5851 0.994312	1.00245	1.00157	0.998401	0.999556	1.00114	
16.5953 0.989075	0.997163	1.00142	0.998247	0.998482	1.00007	
16.6054 0.992697	1.00082	1.00056	0.997378	0.998677	1.00026	
16.6156 0.992499	1.00062	1.00125	0.998058	1.00351	1.00513	
16.6258 0.991834	0.999949	1.00198	0.99879	0.99856	1.00017	
16.6359 0.992362	1.00048	1.00109	0.997893	0.997063	0.998662	
16.6461 0.994329	1.00247	0.999041	0.995835	0.997307	0.998902	
16.6562 0.994258	1.00241	1.00354	1.00032	0.998344	0.999941	
16.6664 0.991608	0.999739	1.00003	0.996814	0.995772	0.997356	
16.6766 0.995727	1.00391	1.00083	0.997603	0.998093	0.999679	
16.6867 0.99467	1.00285	1.00133	0.998093	0.996642	0.998219	
16.6969 0.991782	0.999938	1.00127	0.998025	0.998401	0.999981	
16.7071 0.993235	1.00141	1.00174	0.998485	0.997607	0.999183	
16.7172 0.992398	1.00057	1.00319	0.999934	0.99674	0.998309	
16.7274 0.988901	0.99703	1.00141	0.998147	0.999659	1.00124	
16.7376 0.992991	1.00116	1.00138	0.998112	0.997645	0.999217	
16.7477 0.995162	1.00336	1.00131	0.998038	0.998527	1.0001	
16.7579 0.993535	1.00172	1.00258	0.9993	1.00043	1.00201	
16.7681 0.99302	1.00121	1.00192	0.99864	0.993416	0.99497	
16.7782 0.988806	0.996949	1.00036	0.997071	0.99582	0.997369	
16.7884 0.992597	1.00077	1.00051	0.99721	0.999503	1.00106	
16.7986 0.991056	0.999218	1.00297	0.99966	0.995172	0.996713	
16.8087 0.996894	1.00512	1.00092	0.997612	0.998298	0.999842	
16.8189 0.995569	1.0038	0.998474	0.995157	1.00086	1.00242	
16.8291 0.994242	1.00247	1.0042	1.00087	0.998418	0.999971	
16.8392 0.991802	1.00001	1.0014	0.99807	0.999158	1.00071	
16.8494 0.992528	1.00075	1.00127	0.99793	0.997294	0.998844	
16.8596 0.991629	0.999839	1.00122	0.997873	0.997833	0.999381	
16.8697 0.994907	1.00316	1.00177	0.998413	0.998215	0.999763	
16.8799 0.991669	0.99989	1.00179	0.998435	0.996303	0.997841	
16.8901 0.992933	1.00117	1.00134	0.997977	0.997424	0.99896	
16.9002 0.993415	1.00166	1.00042	0.997048	1.00133	1.00289	
16.9104 0.994332	1.0026	1.00132	0.997935	1.00035	1.00191	
16.9206 0.993421	1.00168	0.999092	0.995701	0.999392	1.00095	
16.9307 0.995466	1.00376	1.00126	0.997849	0.999996	1.00156	
16.9409 0.992734	1.00101	1.0017	0.998282	1.00038	1.00195	
16.951 0.994527	1.00283	1.00258	0.999159	1.00007	1.00165	
16.9612 0.993041	1.00133	1.00096	0.997536	0.99587	0.997434	
16.9714 0.989888	0.998147	1.00109	0.997656	0.998416	0.999984	
16.9815 0.990117	0.998372	0.999686	0.996243	0.998337	0.999904	
16.9917 0.995441	1.00375	1.00261	0.999154	0.998196	0.999761	
17.0019 0.992196	1.00048	1.00268	0.999225	0.996333	0.997888	
17.012 0.992226	1.00052	1.00079	0.997326	0.997485	0.999038	
17.0222 0.99582	1.00416	1.00386	1.00039	0.995412	0.996951	
17.0324 0.99069	0.998979	1.00316	0.99969	0.9985	1.00004	
17.0425 0.996632	1.00499	1.00143	0.997958	0.999386	1.00093	
17.0527 0.994932	1.00329	1.00177	0.998293	0.99983	1.00138	
17.0629 0.997115	1.00551	1.00278	0.999294	1.00129	1.00285	
17.073 0.996758	1.00517	1.00034	0.996852	0.997166	0.998722	
17.0832 0.991044	0.999406	1.00122	0.997722	0.997429	0.998982	
17.0934 0.994393	1.00279	1.00074	0.997229	0.997864	0.999415	
17.1035 0.99668	1.00512	1.00204	0.998521	1.00215	1.00372	
17.1137 0.992532	1.00094	1.00158	0.998055	1.00079	1.00237	
17.1239 0.990999	0.999392	1.00246	0.998925	1.00061	1.00219	
17.134 0.990731	0.999117	1.00222	0.99868	0.998319	0.999902	
17.1442 0.994538	1.00297	1.00077	0.997231	0.996938	0.998513	
17.1544 0.996967	1.00544	1.00236	0.998807	0.999954	1.00154	
17.1645 0.995202	1.00367	1.00204	0.998485	0.997268	0.998845	
17.1747 0.996869	1.00538	1.00315	0.999586	0.998863	1.00044	
17.1849 0.989324	0.997758	1.00115	0.997587	0.996618	0.998189	
17.195 0.993084	1.00156	1.00235	0.998775	0.998461	1.00004	
17.2052 0.994141	1.00263	1.00433	1.00075	1.00003	1.00161	
17.2154 0.993634	1.00213	1.00199	0.998413	0.998696	1.00028	
17.2255 0.991156	0.999629	1.00182	0.99824	0.995733	0.997299	
17.2357 0.996792	1.00533	1.00376	1.00017	0.998648	1.00022	
17.2459 0.993581	1.0021	1.00168	0.998088	0.999117	1.00069	
17.256 0.998194	1.00678	1.00389	1.00029	0.996012	0.997573	
17.2662 0.993969	1.00253	1.0028	0.999202	0.99504	0.996586	
17.2763 0.994984	1.00357	1.00045	0.996849	1.00239	1.00396	
17.2865 0.993493	1.00207	1.00278	0.999169	0.999443	1.00102	
17.2967 0.993564	1.00215	1.00344	0.99983	0.99654	0.998101	
17.3068 0.98673	0.995243	1.00265	0.999036	0.995113	0.996658	
17.317 0.990907	0.999453	1.00328	0.999659	1.00162	1.00319	
17.3272 0.993833	1.00241	1.00367	1.00005	0.996691	0.998244	
17.3373 0.993949	1.00254	1.00171	0.998089	0.997763	0.999315	
17.3475 0.992485	1.00107	1.00001	0.996383	1.00088	1.00245	
17.3577 0.995153	1.00378	0.99936	0.995716	1.00112	1.0027	
17.3678 0.995591	1.00423	1.00394	1.00028	0.995509	0.997067	
17.378 0.994372	1.00302	1.00205	0.998394	0.998366	0.999927	
17.3882 0.994865	1.00353	1.00342	0.999754	0.995017	0.996559	
17.3983 0.99317	1.00183	1.00304	0.999369	1.00065	1.00221	
17.4085 0.993574	1.00224	1.00357	0.9999	1.00098	1.00256	
17.4187 0.991187	0.999835	1.00235	0.998685	0.999794	1.00137	
17.4288 0.995129	1.00383	1.0028	0.999124	0.99705	0.998615	
17.439 0.993727	1.00242	1.0036	0.999926	0.999863	1.00144	
17.4492 0.993321	1.00202	1.00452	1.00084	0.996551	0.998113	
17.4593 0.995035	1.00377	1.00381	1.00014	0.995982	0.997533	
17.4695 0.995972	1.00473	1.00187	0.9982	0.999642	1.0012	
17.4797 0.992858	1.0016	1.00364	0.999958	0.998766	1.00033	
17.4898 0.993224	1.00197	1.00355	0.999868	0.998926	1.00049	
17.5 0.992585	1.00133	1.00253	0.998846	0.998277	0.999839	
17.5102 0.99221	1.00096	1.00437	1.00069	0.996228	0.997778	
17.5203 0.992266	1.00102	1.00373	1.00004	1.00245	1.00403	
17.5305 0.997844	1.00668	1.00181	0.998128	0.997684	0.99925	
17.5407 0.992184	1.00097	1.00357	0.999874	0.997503	0.999065	
17.5508 0.993006	1.00181	1.00368	0.999992	0.998267	0.999829	
17.561 0.991009	0.999792	1.00424	1.00055	0.999791	1.00136	
17.5711 0.99288	1.00169	1.00244	0.998746	0.997433	0.998995	
17.5813 0.99134	1.00013	1.00438	1.00068	0.997207	0.998763	
17.5915 0.992838	1.00165	1.00385	1.00016	0.998669	1.00023	
17.6016 0.99554	1.0044	1.00478	1.00109	0.996914	0.998465	
17.6118 0.990712	0.999524	1.0038	1.00012	0.99625	0.99779	
17.622 0.992706	1.00154	1.00271	0.999024	0.997578	0.999117	
17.6321 0.993535	1.00239	1.00372	1.00003	0.995468	0.99699	
17.6423 0.99271	1.00156	1.00391	1.00022	0.994969	0.996475	
17.6525 0.990686	0.999519	1.00192	0.998224	0.997924	0.999432	
17.6626 0.993049	1.00191	1.00244	0.998737	0.998207	0.999715	
17.6728 0.989522	0.998346	1.00073	0.997025	0.998434	0.999942	
17.683 0.995173	1.00407	1.00243	0.998717	0.995976	0.997469	
17.6931 0.988412	0.997232	1.00496	1.00123	0.996487	0.997973	
17.7033 0.990894	0.999735	1.00142	0.997702	0.997266	0.998746	
17.7135 0.99462	1.00351	1.00431	1.00058	0.996571	0.998042	
17.7236 0.995259	1.00417	1.00381	1.00008	1.00277	1.00427	
17.7338 0.994756	1.00368	1.00433	1.00061	0.995067	0.99654	
17.744 0.993551	1.00248	1.00284	0.999115	1.00028	1.00177	
17.7541 0.991644	1.00056	1.00421	1.00048	0.999614	1.00111	
17.7643 0.991598	1.00051	1.00308	0.999354	0.995611	0.997084	
17.7745 0.991011	0.999918	1.00318	0.999453	1.0001	1.00159	
17.7846 0.994273	1.00322	1.00066	0.996931	0.999309	1.0008	
17.7948 0.98857	0.997458	1.00353	0.999786	0.995546	0.997017	
17.805 0.993946	1.0029	1.00464	1.0009	0.994933	0.996387	
17.8151 0.994713	1.00369	1.00285	0.99911	0.998162	0.999619	
17.8253 0.992717	1.00168	1.00421	1.00047	0.997612	0.999063	
17.8355 0.9955	1.00451	1.00299	0.999248	1.00067	1.00214	
17.8456 0.991678	1.00065	1.00393	1.00019	0.99873	1.00019	
17.8558 0.990643	0.999608	1.00484	1.0011	0.99722	0.998675	
17.8659 0.994648	1.00367	1.0048	1.00106	0.994323	0.995755	
17.8761 0.990144	0.999117	1.00447	1.00073	0.995314	0.996732	
17.8863 0.988162	0.997105	1.0044	1.00067	1.00114	1.00258	
17.8964 0.992121	1.0011	1.00622	1.0025	0.996161	0.997582	
17.9066 0.992454	1.00145	1.00297	0.999251	0.997031	0.998445	
17.9168 0.991462	1.00045	1.00483	1.00111	0.994701	0.996094	
17.9269 0.992126	1.00112	1.00447	1.00076	0.99875	1.00015	
17.9371 0.991524	1.00052	1.00138	0.997665	0.995976	0.99736	
17.9473 0.992326	1.00133	1.00161	0.997882	0.999379	1.00077	
17.9574 0.993236	1.00226	1.00488	1.00115	0.997832	0.999218	
17.9676 0.993411	1.00245	1.00005	0.99632	0.997009	0.998387	
17.9778 0.990894	0.99991	1.00595	1.00221	0.99601	0.997374	
17.9879 0.991271	1.00029	1.00267	0.998937	0.997939	0.999302	
17.9981 0.994128	1.00319	1.00647	1.00274	0.998214	0.999576	
18.0083 0.995561	1.00466	1.00328	0.999555	0.996417	0.997766	
18.0184 0.992941	1.00202	1.00729	1.00357	0.995201	0.996532	
18.0286 0.993451	1.00255	1.00559	1.00188	0.996117	0.997438	
18.0388 0.993306	1.00241	1.00546	1.00176	0.998085	0.999405	
18.0489 0.990653	0.999736	0.999924	0.996227	1.00137	1.00271	
18.0591 0.99292	1.00203	1.00409	1.00038	0.997806	0.999134	
18.0693 0.992532	1.00165	1.00229	0.998577	1.00019	1.00153	
18.0794 0.992298	1.00142	1.00493	1.00122	0.993266	0.99457	
18.0896 0.992188	1.00132	1.00293	0.999221	0.998179	0.999487	
18.0998 0.993615	1.00277	1.00433	1.00062	0.995029	0.996315	
18.1099 0.993681	1.00285	1.00395	1.00024	1.00044	1.00174	
18.1201 0.993264	1.00244	1.00371	1	0.998754	1.00005	
18.1303 0.991051	1.00021	1.00452	1.00081	1.00082	1.00214	
18.1404 0.991347	1.00051	1.00596	1.00225	0.998349	0.999657	
18.1506 0.989961	0.999106	1.00209	0.998393	0.999594	1.00091	
18.1607 0.990459	0.999607	1.00329	0.999584	0.995425	0.996717	
18.1709 0.99316	1.00234	1.0038	1.0001	1.00012	1.00142	
18.1811 0.991672	1.00085	1.00516	1.00145	1.00063	1.00195	
18.1912 0.989724	0.998875	1.00319	0.999497	0.997598	0.998904	
18.2014 0.989779	0.998925	1.00464	1.00094	0.998712	1.00002	
18.2116 0.990129	0.999275	1.00223	0.998533	0.99574	0.99703	
18.2217 0.994389	1.00359	1.00472	1.00102	0.999028	1.00032	
18.2319 0.99158	1.00076	1.00395	1.00026	0.995676	0.996952	
18.2421 0.990823	0.999997	1.00539	1.0017	0.997297	0.998567	
18.2522 0.990819	0.999992	1.00336	0.999671	0.998993	1.00027	
18.2624 0.992022	1.00121	1.00475	1.00107	0.99728	0.998545	
18.2726 0.991607	1.0008	1.00568	1.002	0.995888	0.997137	
18.2827 0.992642	1.00185	1.0058	1.00213	0.999777	1.00104	
18.2929 0.99191	1.00112	1.00191	0.998249	0.999287	1.00055	
18.3031 0.994195	1.00344	1.0029	0.999228	0.999726	1.00099	
18.3132 0.9962	1.00549	1.00592	1.00225	0.99567	0.996916	
18.3234 0.98875	0.997964	1.00544	1.00178	0.998254	0.999501	
18.3336 0.989858	0.999078	1.00326	0.999607	1.00056	1.00182	
18.3437 0.991007	1.00024	1.00343	0.99977	0.999492	1.00075	
18.3539 0.991608	1.00085	1.00614	1.00249	0.996989	0.998238	
18.3641 0.991133	1.00037	1.00329	0.999649	0.995398	0.996628	
18.3742 0.992796	1.00206	1.00469	1.00105	1.00036	1.0016	
18.3844 0.993596	1.00288	1.00559	1.00195	1.00223	1.00349	
18.3946 0.994118	1.00343	1.00042	0.99678	0.992612	0.993833	
18.4047 0.9937	1.00302	1.00302	0.99937	0.996152	0.997363	
18.4149 0.995633	1.005	1.00289	0.999235	0.997614	0.998822	
18.4251 0.995213	1.0046	1.0031	0.999444	1.0007	1.00193	
18.4352 0.989798	0.999129	1.00517	1.00151	0.999897	1.00112	
18.4454 0.992462	1.00183	1.00558	1.00193	0.995189	0.99639	
18.4556 0.992134	1.0015	1.00522	1.00158	1.00053	1.00175	
18.4657 0.991594	1.00096	1.00596	1.00234	0.999694	1.00092	
18.4759 0.991806	1.00118	1.00473	1.00111	0.999731	1.00096	
18.486 0.994874	1.0043	1.00284	0.999224	0.99771	0.998928	
18.4962 0.992329	1.00174	1.00559	1.00198	0.996814	0.998021	
18.5064 0.993519	1.00296	1.00398	1.00037	1.001	1.00223	
18.5165 0.992661	1.00211	1.00605	1.00245	1.00028	1.00151	
18.5267 0.994326	1.00381	1.00371	1.00012	0.994897	0.9961	
18.5369 0.991829	1.00129	1.00364	1.00005	0.999621	1.00083	
18.547 0.992561	1.00204	1.00063	0.997034	1.00151	1.00274	
18.5572 0.993573	1.00308	1.00426	1.00065	0.999761	1.00099	
18.5674 0.993824	1.00335	1.00345	0.999847	1.00135	1.0026	
18.5775 0.993152	1.00269	1.00464	1.00104	0.99621	0.997439	
18.5877 0.988666	0.998149	1.00481	1.00121	1.00205	1.0033	
18.5979 0.992477	1.00201	1.00334	0.999743	0.998504	0.999753	
18.608 0.990849	1.00037	1.00496	1.00137	1.00393	1.00521	
18.6182 0.993416	1.00297	1.00498	1.00139	0.995348	0.996602	
18.6284 0.992251	1.00181	1.00648	1.0029	1.00218	1.00347	
18.6385 0.991716	1.00127	1.00276	0.9992	0.998714	0.999992	
18.6487 0.990164	0.999706	1.00121	0.997634	0.994702	0.995953	
18.6589 0.989501	0.999031	1.00138	0.997799	0.996304	0.997543	
18.669 0.988315	0.997822	1.00367	1.00008	1.00361	1.00489	
18.6792 0.994472	1.00406	1.00488	1.00129	0.997753	0.999015	
18.6894 0.987008	0.996505	1.00313	0.999547	0.997008	0.998259	
18.6995 0.990044	0.999568	1.00446	1.00088	1.00196	1.00323	
18.7097 0.991881	1.00143	1.00475	1.00117	1.00109	1.00238	
18.7199 0.994969	1.00457	1.00541	1.00183	0.998156	0.999437	
18.73 0.99254	1.00213	1.00221	0.998639	0.997699	0.998973	
18.7402 0.991162	1.00075	1.00437	1.0008	0.998306	0.999579	
18.7504 0.989374	0.998935	1.0021	0.998527	1.00276	1.00406	
18.7605 0.994845	1.00448	1.01011	1.00654	1.00164	1.00295	
18.7707 0.997743	1.00745	1.00361	1.00007	1.00201	1.00335	
18.7808 0.990504	1.00014	1.00336	0.999818	0.99945	1.00079	
18.791 0.987764	0.997363	1.00173	0.998183	0.997138	0.998463	
18.8012 0.991447	1.00109	1.00349	0.999943	0.996569	0.997882	
18.8113 0.993138	1.00281	1.00367	1.00012	0.997076	0.99838	
18.8215 0.985446	0.995016	1.00346	0.999912	1.00073	1.00205	
18.8317 0.98823	0.997815	1.00268	0.999127	1.00482	1.00618	
18.8418 0.990248	0.999851	1.00207	0.998515	0.999481	1.00084	
18.852 0.993103	1.00275	1.00339	0.999827	1.00032	1.00169	
18.8622 0.991577	1.00122	1.00317	0.999606	0.998655	1.00002	
18.8723 0.990783	1.00042	1.00357	1.00001	0.999818	1.00119	
18.8825 0.987742	0.997331	1.0024	0.998829	0.999993	1.00138	
18.8927 0.994004	1.00368	1.00412	1.00055	0.99667	0.998039	
18.9028 0.990034	0.999664	1.00284	0.999265	1.00313	1.00453	
18.913 0.99624	1.00597	1.00517	1.0016	0.99738	0.998769	
18.9232 0.991955	1.00165	1.0015	0.997925	1.00323	1.00465	
18.9333 0.98939	0.999053	1.00339	0.999813	0.996502	0.997905	
18.9435 0.990087	0.999755	1.00348	0.999895	1.00197	1.0034	
18.9537 0.993986	1.00371	1.00445	1.00088	0.999383	1.00081	
18.9638 0.990908	1.00061	1.00026	0.996675	0.997259	0.998679	
18.974 0.99089	1.0006	1.00013	0.996526	0.999473	1.0009	
18.9842 0.98977	0.999462	1.00029	0.996669	0.998905	1.00034	
18.9943 0.987312	0.99696	1.00586	1.00223	1.00014	1.00158	
19.0045 0.992489	1.0022	1.0046	1.00098	1.00027	1.00172	
19.0147 0.984492	0.994092	1.00199	0.998371	1.0006	1.00207	
19.0248 0.99093	1.0006	0.999516	0.99588	0.998102	0.999561	
19.035 0.9909	1.00057	1.00582	1.00217	1.00073	1.00221	
19.0452 0.986755	0.996361	1.00366	1.00002	0.99729	0.998754	
19.0553 0.983985	0.993526	1.00333	0.999689	1.00167	1.00316	
19.0655 0.991035	1.00065	1.00521	1.00157	0.997484	0.99896	
19.0756 0.99022	0.999824	1.00665	1.00302	0.997826	0.999299	
19.0858 0.987409	0.996967	1.00187	0.998253	0.995942	0.997396	
19.096 0.985611	0.995122	1.0027	0.999075	0.998021	0.999475	
19.1061 0.993394	1.003	1.00114	0.997501	0.996417	0.997856	
19.1163 0.987409	0.996936	1.00322	0.999571	1.00023	1.00169	
19.1265 0.988094	0.997614	1.00033	0.996675	0.998666	1.00012	
19.1366 0.989481	0.999008	1.00018	0.996499	0.999605	1.00107	
19.1468 0.989706	0.99923	1.00378	1.00009	0.999886	1.00136	
19.157 0.990859	1.0004	1.00089	0.997195	0.997837	0.999299	
19.1671 0.984459	0.993897	1.00638	1.00268	0.993937	0.995365	
19.1773 0.989499	0.998979	1.00251	0.998813	1.00048	1.00193	
19.1875 0.99389	1.00343	1.00371	1.00002	0.9975	0.998938	
19.1976 0.985339	0.994768	1.00308	0.999387	0.997591	0.999023	
19.2078 0.991874	1.00137	1.00398	1.00029	1.00217	1.00363	
19.218 0.985511	0.994918	1.00021	0.996505	0.99268	0.994091	
19.2281 0.988527	0.99795	1.00237	0.998649	0.996771	0.998176	
19.2383 0.987765	0.997163	1.00589	1.00217	1.00788	1.00936	
19.2485 0.986762	0.996126	1.00314	0.999427	1.00048	1.00196	
19.2586 0.985468	0.994786	1.00547	1.00175	1.00265	1.00416	
19.2688 0.990642	1.00001	1.0015	0.997787	1.00312	1.00466	
19.279 0.986416	0.995716	1.00246	0.99873	0.995835	0.99735	
19.2891 0.994439	1.00384	1.00141	0.997672	1.00085	1.00239	
19.2993 0.992628	1.00202	1.00344	0.999693	0.998171	0.999703	
19.3095 0.986836	0.996153	1.00366	0.999917	1.00377	1.00535	
19.3196 0.984928	0.994189	1.00107	0.99731	1.0009	1.00249	
19.3298 0.988867	0.998154	1.00213	0.998361	1.00076	1.00236	
19.34 0.984464	0.993668	1.00297	0.999189	0.999237	1.00084	
19.3501 0.989006	0.998241	1.00227	0.998487	0.994015	0.995583	
19.3603 0.988881	0.998102	1.00449	1.0007	0.993129	0.994661	
19.3704 0.989165	0.998379	1.00265	0.998857	0.99437	0.995877	
19.3806 0.986736	0.9959	1.00468	1.00089	1.00139	1.00293	
19.3908 0.989136	0.998311	1.0032	0.999408	0.995146	0.996651	
19.4009 0.986418	0.995539	1.00575	1.00196	0.994646	0.996125	
19.4111 0.988612	0.997738	1.00588	1.00211	1.00253	1.00405	
19.4213 0.98741	0.996502	1.00469	1.00093	0.999562	1.00108	
19.4314 0.992164	1.00131	1.00337	0.999606	0.999943	1.00147	
19.4416 0.992052	1.0012	1.00218	0.998417	0.997678	0.9992	
19.4518 0.987771	0.996862	1.00461	1.00084	1.00173	1.00328	
19.4619 0.982091	0.99107	1.00304	0.999268	0.99464	0.996154	
19.4721 0.985697	0.994673	1.00116	0.997382	1.00175	1.0033	
19.4823 0.982162	0.991047	1.00407	1.00028	1.00174	1.00331	
19.4924 0.989274	0.998211	1.0045	1.00072	0.998311	0.999874	
19.5026 0.99179	1.00076	1.00531	1.00153	1.00022	1.00179	
19.5128 0.989381	0.998313	1.0027	0.998924	0.997516	0.999084	
19.5229 0.987381	0.99627	1.00591	1.00214	0.99996	1.00154	
19.5331 0.987507	0.996372	1.00093	0.997156	0.997306	0.998876	
19.5433 0.991136	1.00003	1.00444	1.00066	0.996548	0.998103	
19.5534 0.991382	1.00028	1.00092	0.997132	0.999353	1.00092	
19.5636 0.985877	0.994693	1.00796	1.00418	1.00247	1.00407	
19.5738 0.986447	0.995236	1.00878	1.00503	1.00132	1.00294	
19.5839 0.988662	0.997453	1.00134	0.997595	0.995916	0.997508	
19.5941 0.985629	0.994354	1.00322	0.999464	1.00081	1.00243	
19.6043 0.988345	0.997074	1.00394	1.00018	0.999493	1.00111	
19.6144 0.992842	1.00162	1.00705	1.00331	1.00163	1.00328	
19.6246 0.987738	0.996448	1.00425	1.00052	0.9991	1.00075	
19.6348 0.99282	1.00159	1.00061	0.996876	0.999302	1.00096	
19.6449 0.992596	1.00137	1.00703	1.00329	0.99524	0.996868	
19.6551 0.991891	1.00066	1.00512	1.0014	1.00166	1.00332	
19.6653 0.990364	0.999116	1.00064	0.996911	0.996127	0.997764	
19.6754 0.990678	0.999429	1.00343	0.999689	1.00217	1.00385	
19.6856 0.985116	0.993775	1.00135	0.997602	0.998075	0.99974	
19.6957 0.990668	0.999371	1.00721	1.00347	0.994445	0.996077	
19.7059 0.987656	0.996306	1.00517	1.00144	0.999377	1.00102	
19.7161 0.990509	0.999178	1.00144	0.997712	1.00788	1.00961	
19.7262 0.992855	1.00156	1.00641	1.00268	1.00108	1.00282	
19.7364 0.990559	0.999235	1.00724	1.00354	0.994825	0.996528	
19.7466 0.988197	0.996829	1.00548	1.00179	1.00253	1.00427	
19.7567 0.98985	0.998486	1.00517	1.00149	1.00095	1.00272	
19.7669 0.99063	0.999267	1.00204	0.998364	1.00017	1.00195	
19.7771 0.989065	0.997672	1.00168	0.997986	1.00081	1.00261	
19.7872 0.989361	0.997956	1.008	1.00432	0.994398	0.996155	
19.7974 0.987155	0.9957	1.00247	0.998798	0.99992	1.0017	
19.8076 0.992657	1.00126	1.00737	1.00371	0.997328	0.999096	
19.8177 0.988376	0.996918	1.00711	1.00347	0.997251	0.999012	
19.8279 0.990739	0.999296	1.00662	1.00301	1.00211	1.00391	
19.8381 0.984397	0.992848	1.00442	1.00083	1.0003	1.00211	
19.8482 0.98501	0.993419	1.00238	0.998776	0.997551	0.999351	
19.8584 0.989037	0.997461	1.00513	1.00153	0.998272	1.00007	
19.8686 0.990481	0.998909	1.00499	1.0014	0.999395	1.00121	
19.8787 0.991467	0.999903	1.0038	1.00022	1.00448	1.00635	
19.8889 0.988682	0.997074	1.00331	0.999724	1.00115	1.00304	
19.8991 0.987526	0.995877	1.00401	1.00043	1.00178	1.0037	
19.9092 0.991701	1.00009	1.00551	1.00194	1.00013	1.00206	
19.9194 0.987745	0.99607	1.00421	1.00064	0.993341	0.995219	
19.9296 0.986619	0.994897	1.0044	1.00085	1.00377	1.00571	
19.9397 0.990687	0.998992	1.00273	0.999172	0.99927	1.00121	
19.9499 0.989189	0.997462	1.00062	0.99705	1.00132	1.00329	
19.9601 0.991101	0.999386	1.00741	1.00384	1.00137	1.00337	
19.9702 0.994539	1.00287	1.005	1.00145	0.997269	0.999249	
19.9804 0.982343	0.990506	1.00391	1.00036	1.00324	1.00527	
19.9905 0.9969	1.00522	1.00481	1.00127	0.999388	1.00142	
20.0007 0.99498	1.00331	1.00316	0.999624	0.998787	1.00083	
20.0109 0.992679	1.001	1.00457	1.00104	0.99221	0.994192	
20.021 0.989992	0.998276	1.00478	1.00126	0.993036	0.994982	
20.0312 0.9894	0.997662	1.00838	1.00488	0.999055	1.00102	
20.0414 0.98796	0.996181	1.00029	0.996795	1.00002	1.00201	
20.0515 0.991209	0.999453	1.00361	1.00011	0.995419	0.997373	
20.0617 0.992975	1.00124	1.00093	0.997416	0.994239	0.996162	
20.0719 0.991024	0.999271	1.00733	1.00382	0.994224	0.996118	
20.082 0.987345	0.995527	1.00043	0.996919	0.995565	0.997442	
20.0922 0.991345	0.999557	1.006	1.0025	0.998591	1.00048	
20.1024 0.992152	1.00037	1.00237	0.998865	0.994664	0.996517	
20.1125 0.988389	0.996553	1.00263	0.999116	1.00076	1.00264	
20.1227 0.988052	0.996185	1.00324	0.99973	0.9966	0.998465	
20.1329 0.983524	0.991556	1.00431	1.0008	0.996002	0.997849	
20.143 0.99637	1.00454	1.0088	1.00531	0.997233	0.999076	
20.1532 0.989266	0.997359	1.00317	0.999697	0.997431	0.999268	
20.1634 0.985604	0.993619	1.00483	1.00137	1.00283	1.00472	
20.1735 0.982695	0.990615	1.0012	0.997728	0.996827	0.998689	
20.1837 0.983567	0.991429	1.00325	0.999771	0.997059	0.998913	
20.1939 0.987309	0.995164	1.00511	1.00164	0.995204	0.997032	
20.204 0.989887	0.997745	1.00314	0.999675	0.992085	0.993861	
20.2142 0.995693	1.00363	1.00075	0.997272	0.992966	0.994703	
20.2244 0.991549	0.999444	1.00581	1.00233	0.99234	0.99403	
20.2345 0.992453	1.00036	1.0033	0.999827	1.00022	1.00194	
20.2447 0.989044	0.996898	1.00148	0.998002	0.996454	0.998152	
20.2549 0.990004	0.997849	0.999493	0.995987	1.00089	1.00262	
20.265 0.98375	0.991481	1.00303	0.999509	0.999329	1.00106	
20.2752 0.991898	0.999691	1.00295	0.999419	0.99954	1.00128	
20.2853 0.993865	1.00169	1.00255	0.999018	1.00047	1.00223	
20.2955 0.990379	0.998158	1.00444	1.00091	0.99313	0.994838	
20.3057 0.992007	0.999798	1.00364	1.00011	0.999659	1.00139	
20.3158 0.989267	0.997014	1.00024	0.996699	0.995499	0.9972	
20.326 0.987594	0.995291	1.00325	0.999697	1.00054	1.00227	
