# Time-averaged data for fix AveAll
# TimeStep v_TotEn v_PotEn c_T c_P v_Dens
100 -16183.1 -19999.6 295.534 -184.584 0.868587
200 -16216.3 -20038.8 296.002 104.006 0.873348
300 -16199 -20050 298.205 131.376 0.877479
400 -16150.8 -20042.6 301.366 314.302 0.879903
500 -16135.5 -19996.9 299.017 -213.862 0.880189
600 -16166.1 -20002.1 297.044 181.206 0.881414
700 -16207.1 -20044.6 297.158 189.986 0.881323
800 -16241.9 -20049.2 294.819 53.6559 0.879357
900 -16226.1 -20040.6 295.386 14.664 0.87663
1000 -16131.8 -20008.4 300.189 -284.203 0.874232
1100 -16098.7 -19981.3 300.656 56.4504 0.874088
1200 -16147.5 -20003.7 298.613 87.1452 0.873691
1300 -16240.4 -20023.2 292.925 -183.447 0.873022
1400 -16220.6 -20047.5 296.339 102.013 0.873379
1500 -16184.5 -20041.1 298.637 89.0119 0.873104
1600 -16185.1 -20031.6 297.86 -44.0179 0.872008
1700 -16184.6 -20009.4 296.181 128.364 0.870884
1800 -16097.6 -19984.4 300.976 202.854 0.868792
1900 -16047.6 -19921.4 299.972 8.551 0.864717
2000 -16049.6 -19887.9 297.222 -67.8631 0.860376
2100 -16066.4 -19934.8 299.549 -422.131 0.857601
2200 -16145.8 -19985.3 297.316 -370.615 0.858768
2300 -16207.6 -19989.6 292.866 -273.417 0.863266
2400 -16158.5 -20019.3 298.964 28.3159 0.869287
2500 -16103.8 -20002.9 301.934 358.061 0.873323
2600 -16179.9 -20024.9 297.742 1.56848 0.873847
2700 -16289.7 -20109.5 295.793 31.303 0.873892
2800 -16277 -20101.1 296.12 67.9496 0.873665
2900 -16213.3 -20049.5 297.064 -16.5013 0.872978
3000 -16140.6 -20008.9 299.552 6.41257 0.872693
3100 -16106.9 -19947.8 297.43 71.9006 0.872175
3200 -16045.4 -19945.2 301.985 0.49865 0.871144
3300 -15967.3 -19904.5 304.879 155.089 0.869888
3400 -16009.7 -19845.2 297.012 -62.4305 0.867484
3500 -16098 -19937.4 297.308 -265.72 0.865905
3600 -16149.8 -19971.7 295.953 -145.605 0.866826
3700 -16147.1 -19997.2 298.137 188.139 0.868852
3800 -16123.7 -19949.6 296.264 69.3809 0.869366
3900 -15970 -19878.2 302.634 50.651 0.868806
4000 -15993.6 -19920.7 304.105 -65.0036 0.868195
4100 -16102.6 -19959.3 298.65 107.058 0.867982
4200 -16174.6 -20018.8 297.674 -174.628 0.86709
4300 -16223.8 -20046.3 296.001 -18.762 0.867403
4400 -16239.7 -20087.4 297.956 106.801 0.868052
4500 -16260.4 -20079.4 295.726 22.4749 0.867937
4600 -16271.1 -20095.9 296.173 -54.0118 0.867648
4700 -16210.6 -20044.5 296.888 -10.0667 0.867764
4800 -16126.8 -20003.4 300.187 184.182 0.867767
4900 -16105.9 -19962.6 298.652 -112.357 0.866578
5000 -16107.3 -19952.3 297.738 -145.438 0.866093
5100 -16091.6 -19972.9 300.55 -20.5502 0.866843
5200 -16118 -20001.2 300.695 -36.6427 0.868045
5300 -16212 -20039.2 296.363 -84.1286 0.869865
5400 -16245.5 -20079 296.852 175.296 0.872541
5500 -16236 -20090.7 298.489 39.7001 0.874073
5600 -16183.2 -20021.3 297.207 40.0406 0.875033
5700 -16086.4 -19993 302.51 153.302 0.875456
5800 -16112.2 -20016 302.299 -82.7606 0.874682
5900 -16193.5 -20041.1 297.941 -73.3451 0.874483
6000 -16206.2 -20041.1 296.961 54.7486 0.875099
6100 -16191.9 -20072.5 300.492 67.4793 0.87542
6200 -16268.2 -20124.2 298.589 143.103 0.874788
6300 -16341.9 -20136.3 293.821 -127.331 0.872825
6400 -16302.3 -20121.4 295.74 -205.86 0.871704
6500 -16237.1 -20117.8 300.506 27.0296 0.872513
6600 -16227.8 -20071.3 297.632 247.526 0.873252
6700 -16204.3 -20065.5 298.991 3.89133 0.871898
6800 -16113.7 -20026.6 303.003 -84.1317 0.869699
6900 -16114.7 -19997.3 300.657 -151.802 0.868292
7000 -16199.9 -20039.9 297.356 -16.007 0.868505
7100 -16243.5 -20037.3 293.782 -190.267 0.869179
7200 -16194.8 -20007.4 295.233 13.8372 0.871398
7300 -16162.8 -20064.7 302.147 190.259 0.873753
7400 -16210.4 -20050.5 297.361 76.7681 0.874508
7500 -16226.9 -20045.3 295.686 25.0759 0.874405
7600 -16163.8 -20020.1 298.62 -223.263 0.874255
7700 -16065.8 -19990.3 303.9 21.9205 0.875809
7800 -16104.6 -20021.9 303.338 308.474 0.877388
7900 -16161.7 -20016 298.458 35.2826 0.876534
8000 -16188.3 -20010.4 295.965 -201.761 0.875065
8100 -16173.2 -20022 298.038 151.902 0.874882
8200 -16124.1 -20018.8 301.596 53.3694 0.873997
8300 -16111.6 -19983 299.786 -17.1993 0.87211
8400 -16157 -19993.5 297.08 5.59796 0.870186
8500 -16217.7 -20018.5 294.319 -104.163 0.868243
8600 -16211.2 -20058.4 297.913 -304.543 0.867315
8700 -16148.9 -20017.6 299.574 -270.141 0.869434
8800 -16067.3 -19964.2 301.759 339.564 0.873844
8900 -16071.1 -20014.4 305.361 -42.0016 0.876186
9000 -16179.7 -20036.4 298.653 233.287 0.877907
9100 -16204.2 -20021.6 295.606 181.906 0.877607
9200 -16167.4 -19993.8 296.305 -308.817 0.876118
9300 -16102.3 -20029 304.063 15.0388 0.87708
9400 -16138.6 -20011.4 299.89 214.098 0.877767
9500 -16252.7 -20080.8 296.436 -232.698 0.876885
9600 -16259.7 -20040.2 292.749 -148.086 0.878093
9700 -16195.3 -20072.7 300.253 296.001 0.880464
9800 -16158.5 -19991.9 296.846 76.4363 0.880442
9900 -16106.4 -19979.2 299.896 212.254 0.879233
10000 -16048.2 -19950.8 302.2 127.512 0.876274
10100 -15995.4 -19906.4 302.854 45.865 0.87136
10200 -16046.8 -19889.9 297.594 -461.153 0.866371
10300 -16106.4 -19889.7 292.962 -272.446 0.865698
10400 -16049 -19889.8 297.417 -15.8764 0.867778
10500 -15974.4 -19877.2 302.222 -152.24 0.870155
10600 -16004.8 -19885.6 300.521 141.195 0.873361
10700 -16074.9 -19978.4 302.268 181.158 0.875032
10800 -16172 -20027.5 298.561 39.7929 0.874897
10900 -16214.9 -20068.7 298.422 -121.791 0.874637
11000 -16238.3 -20054.4 295.51 -120.161 0.875322
11100 -16187 -20036.9 298.119 63.3329 0.876825
11200 -16085.4 -19979.4 301.538 88.7167 0.87755
11300 -16096.4 -20006.8 302.804 7.15696 0.87733
11400 -16155.3 -19995.9 297.404 -181.412 0.877333
11500 -16175.2 -20033.8 298.801 198.547 0.878455
11600 -16209.2 -20070.5 299.004 287.748 0.878
11700 -16286.9 -20118.2 296.688 21.6492 0.875052
11800 -16373.3 -20138.1 291.537 -304.826 0.872328
11900 -16330.7 -20096 291.568 -93.9725 0.87219
12000 -16252.4 -20053.7 294.358 -43.0599 0.873335
12100 -16163.5 -20040.2 300.197 68.6919 0.874851
12200 -16166.2 -20052.3 300.925 72.905 0.875522
12300 -16236.4 -20072.2 297.029 -46.8368 0.875547
12400 -16288 -20122 296.894 92.4172 0.875929
12500 -16307.4 -20128.1 295.864 -12.7552 0.875614
12600 -16257 -20141 300.763 -4.69928 0.875085
12700 -16216.4 -20092.4 300.146 32.0565 0.874607
12800 -16209.6 -20046.2 297.091 196.602 0.873612
12900 -16183.2 -20027.4 297.684 -37.9174 0.87126
13000 -16111.5 -19987.7 300.159 -209.329 0.86936
13100 -16059 -19959.6 302.054 -200.77 0.869281
13200 -16120.3 -19956.5 297.064 -161.617 0.871203
13300 -16218.8 -20017.7 294.171 -42.7262 0.874686
13400 -16224.8 -20083.5 298.802 227.487 0.878339
13500 -16227.3 -20052.7 296.225 274.652 0.879887
13600 -16159.2 -20026.9 299.505 35.7311 0.878991
13700 -16050.6 -19965.2 303.13 12.1504 0.877478
13800 -16082.7 -19967.5 300.821 84.4769 0.87586
13900 -16148.8 -19953.6 294.634 -17.8521 0.87364
14000 -16137.2 -19984.4 297.916 -107.546 0.871796
14100 -16138.4 -20037.3 301.921 -3.44588 0.870975
14200 -16222.3 -20041.4 295.735 -140.869 0.870602
14300 -16252.8 -20082.5 296.555 -13.6396 0.871248
14400 -16232.9 -20063.5 296.625 -42.8406 0.872312
14500 -16183 -20068.7 300.896 59.193 0.873468
14600 -16194.7 -20055 298.931 59.754 0.87406
14700 -16255.4 -20079.1 296.094 -105.274 0.874254
14800 -16286.4 -20058.1 292.064 -57.1755 0.875048
14900 -16175.1 -20002 296.345 149.3 0.876107
15000 -16108 -19989.9 300.599 45.1179 0.876107
15100 -16117.2 -19962.6 297.777 -87.463 0.875462
15200 -16132 -19976 297.663 -108.299 0.875634
15300 -16174.7 -20036.2 299.018 96.5648 0.876595
15400 -16270.9 -20089.3 295.682 -41.2445 0.87669
15500 -16307 -20124.8 295.634 -22.3944 0.87706
15600 -16269.4 -20099.2 296.571 33.2633 0.877755
15700 -16160.5 -20063.4 302.226 266.146 0.877779
15800 -16142.7 -20040.3 301.814 137.381 0.875406
15900 -16158.3 -19961.1 294.478 -178.601 0.872293
16000 -16113.1 -19976.3 299.154 -99.0693 0.871091
16100 -16067.6 -19954.1 300.955 4.48398 0.870896
16200 -16078.5 -19970.2 301.36 -229.38 0.871113
16300 -16187.6 -20029.2 297.485 -99.6469 0.873173
16400 -16241.3 -20071.2 296.57 43.0613 0.875946
16500 -16243.6 -20062.8 295.745 115.395 0.878197
16600 -16159.8 -20050.6 301.288 198.966 0.879202
16700 -16074 -19962.9 301.14 94.8698 0.878464
16800 -16033.5 -19985.3 306.014 90.5502 0.876624
16900 -16137 -19980.7 297.635 69.02 0.874001
17000 -16198.4 -20011.7 295.289 -220.03 0.871208
17100 -16172.3 -20014.1 297.494 -29.7528 0.86998
17200 -16103.2 -19943.8 297.401 -259.277 0.869779
17300 -16033.4 -19954.6 303.642 49.2978 0.871368
17400 -16075.2 -19945.2 299.678 125.446 0.872675
17500 -16126.3 -19957.5 296.669 -286.147 0.873409
17600 -16118.9 -19964.7 297.807 -25.3142 0.876341
17700 -16125.6 -20018.8 301.476 223.379 0.879557
17800 -16221.2 -20090.1 299.592 75.1688 0.880779
17900 -16281.5 -20091.4 295.021 89.5915 0.881131
18000 -16243.9 -20054.6 295.087 -14.7705 0.880567
18100 -16173.8 -20039.7 299.358 14.5343 0.879848
18200 -16164.4 -20041.1 300.194 -34.4487 0.879277
18300 -16182.9 -20049.9 299.439 137.68 0.878814
18400 -16223.8 -20069.8 297.818 119.551 0.877119
18500 -16230.9 -20064.2 296.839 -100.549 0.874424
18600 -16208.7 -20046.5 297.18 -68.898 0.872625
18700 -16154.8 -19981.1 296.299 55.5573 0.871207
18800 -16062.4 -19939.9 300.261 103.343 0.869285
18900 -16057.5 -20004.3 305.623 -80.1907 0.866685
19000 -16127.9 -19978.8 298.205 -256.537 0.864807
19100 -16162.7 -19999.6 297.112 83.8488 0.86485
19200 -16167.5 -20003.1 297.018 -247.626 0.865183
19300 -16129 -20010.9 300.602 17.2964 0.867231
19400 -16101.7 -19960.2 298.784 43.872 0.869506
19500 -16095.1 -20004.7 302.749 121.182 0.871219
19600 -16186.1 -20031.8 297.8 -151.068 0.87222
19700 -16247.3 -20085.5 297.217 67.3876 0.874165
19800 -16282 -20135.3 298.385 376.199 0.875251
19900 -16334.5 -20142.2 294.849 35.2309 0.873327
20000 -16399.7 -20151.5 290.529 -68.9698 0.870653
20100 -16353.4 -20116 291.364 -29.2947 0.868559
20200 -16222.8 -20018 293.882 -168.169 0.867013
20300 -16132.4 -19984.5 298.295 -54.1437 0.866804
20400 -16083.9 -19964.7 300.519 168.94 0.867107
20500 -16107.3 -19975.6 299.544 -74.3195 0.866108
20600 -16182.2 -19989.6 294.827 -238.139 0.865717
20700 -16209.5 -20045.7 297.062 33.2091 0.8673
20800 -16215.5 -20073.1 298.713 -214.808 0.869759
20900 -16244.2 -20085 297.412 158.915 0.874617
21000 -16291.4 -20139.9 298.016 269.713 0.87915
21100 -16355.5 -20196.1 297.405 28.1061 0.881925
21200 -16402.1 -20195 293.707 352.476 0.883862
21300 -16358.3 -20170.3 295.184 278.883 0.882864
21400 -16238.8 -20104.7 299.361 -54.6854 0.878992
21500 -16224.9 -20080.2 298.54 -150.794 0.875111
21600 -16221 -20044.8 296.101 -51.9181 0.872308
21700 -16146.6 -20022.6 300.138 -273.407 0.870057
21800 -16095.8 -19991.5 301.664 33.4017 0.870019
21900 -16156 -19998.2 297.528 28.7773 0.870228
22000 -16259.6 -20075.3 295.476 -306.835 0.870427
22100 -16261.3 -20060.8 294.217 28.1266 0.873013
22200 -16188.8 -20043.1 298.458 239.829 0.875904
22300 -16143.3 -19997.3 298.441 226.14 0.876548
22400 -16149.3 -20016.1 299.428 -159.654 0.875375
22500 -16163.7 -19985.9 295.979 -273.583 0.875397
22600 -16127.2 -19999.5 299.851 -74.7063 0.878028
22700 -16089.1 -19990.3 302.095 423.498 0.881364
22800 -16129.3 -20015.3 300.913 213.824 0.881381
22900 -16225.6 -20048.5 296.029 -9.14118 0.878814
23000 -16255 -20082.8 296.413 -23.8776 0.875934
23100 -16260.8 -20135.6 300.047 50.3787 0.873482
23200 -16329.9 -20129.8 294.243 -13.8772 0.870364
23300 -16350.6 -20108.7 291.011 -227.35 0.867583
23400 -16240.7 -20081.6 297.421 -72.4798 0.866931
23500 -16182 -20016.8 296.953 -29.6812 0.867
23600 -16126.7 -19968.8 297.521 5.46976 0.867127
23700 -16075.2 -19938.5 299.159 -27.2345 0.86751
23800 -16059.3 -19953.6 301.557 -61.2426 0.86827
23900 -16137.4 -20004.4 299.439 -116.006 0.86957
24000 -16237.1 -20076.4 297.303 -16.9801 0.872166
24100 -16267.9 -20070.6 294.462 17.1258 0.875308
24200 -16227 -20104.1 300.228 304.12 0.878082
24300 -16190.4 -20069.7 300.4 54.5637 0.878564
24400 -16187.7 -20051.3 299.182 -75.1965 0.87827
24500 -16224 -20097.2 299.93 -55.9703 0.87874
24600 -16310.2 -20133.2 296.034 165.873 0.879612
24700 -16338.5 -20132 293.752 128.043 0.879061
24800 -16260.2 -20099.2 297.275 -47.5186 0.877252
24900 -16193.2 -20033.3 297.364 82.3145 0.875024
25000 -16170.9 -20034.6 299.196 -164.968 0.872175
25100 -16177.1 -20023 297.813 -78.1857 0.870305
25200 -16193.2 -20026.8 296.858 -366.366 0.869276
25300 -16190.1 -20034.6 297.703 39.0892 0.8712
25400 -16171.7 -20015.7 297.66 277.463 0.873449
25500 -16142.4 -20032.8 301.252 -148.251 0.873836
25600 -16175.2 -20020 297.727 116.836 0.875015
25700 -16252.4 -20059.6 294.815 48.8766 0.875592
25800 -16272.4 -20094.4 295.965 -175.315 0.875737
25900 -16192.4 -20044.8 298.318 -47.2896 0.877391
26000 -16104.9 -20037.1 304.492 109.127 0.879847
26100 -16153.8 -20021.1 299.466 117.197 0.881453
26200 -16221 -20079.2 298.758 213.999 0.881752
26300 -16262.4 -20093.2 296.643 62.3878 0.880259
26400 -16246.3 -20041 293.847 -98.4331 0.878108
26500 -16186.6 -20029.5 297.575 91.3599 0.87619
26600 -16167.5 -20014.1 297.863 -215.501 0.873999
26700 -16167.2 -20049.3 300.616 94.2267 0.873287
26800 -16250.5 -20081.1 296.63 -174.435 0.872165
26900 -16300.2 -20089 293.395 -87.7799 0.872356
27000 -16258.1 -20097.7 297.326 142.309 0.873463
27100 -16228.6 -20071.3 297.559 -218.904 0.87379
27200 -16186.8 -20051.5 299.274 -94.0705 0.875865
27300 -16077.4 -20001.1 303.841 353.538 0.878774
27400 -16073.8 -20010.8 304.868 331.605 0.878493
27500 -16182.4 -20018 297.021 -229.172 0.87531
27600 -16209 -20062.4 298.395 -40.0622 0.873656
27700 -16224.7 -20045.3 295.858 6.84434 0.87283
27800 -16184.6 -20017 296.766 -157.646 0.871955
27900 -16091.8 -19961 299.614 -248.263 0.872667
28000 -16072.5 -19982 302.74 30.9442 0.875732
28100 -16133.6 -20016.9 300.711 111.991 0.878668
28200 -16175.2 -19997.6 295.992 -42.0737 0.880669
28300 -16167.6 -20025.6 298.748 120.09 0.882857
28400 -16160.5 -20001.7 297.443 297.823 0.883747
28500 -16126.9 -19990.5 299.178 17.7928 0.882032
28600 -16062.7 -19962.8 302.014 -87.076 0.880037
28700 -16082.6 -19963.8 300.545 -150.323 0.878849
28800 -16191.7 -20052.5 298.969 166.266 0.878725
28900 -16250.4 -20057.8 294.829 44.7766 0.877494
29000 -16217.3 -20046.5 296.523 -73.4874 0.87563
29100 -16158.7 -20037.4 300.351 0.0403511 0.874179
29200 -16154.2 -19997 297.575 -135.462 0.87297
29300 -16148.9 -19997.7 298.031 10.5989 0.872788
29400 -16125 -19998.5 299.946 -188.694 0.873061
29500 -16125.3 -19983.5 298.763 -97.9087 0.874907
29600 -16159.4 -20011.2 298.27 2.94495 0.878738
29700 -16227.8 -20063.5 297.019 375.513 0.882928
29800 -16279.7 -20101.8 295.969 181.192 0.884255
29900 -16291.4 -20102.4 295.111 4.30147 0.883827
30000 -16212.8 -20064.5 298.258 224.528 0.88275
30100 -16137.9 -20003.9 299.37 158.242 0.879076
30200 -16099.4 -19948.3 298.045 -293.545 0.873491
30300 -16045.2 -19936.4 301.316 -249.414 0.869931
30400 -16055.2 -19938.9 300.738 -143.253 0.86872
30500 -16159.5 -19988 296.464 -156.208 0.869038
30600 -16221 -20069.9 298.045 219.193 0.870549
30700 -16267.2 -20110.4 297.603 112.02 0.870664
30800 -16311.6 -20091.8 292.724 -147.258 0.8697
30900 -16248.5 -20114.3 299.352 -162.819 0.869984
31000 -16170 -20068.8 301.905 129.261 0.871684
31100 -16178.6 -20016.1 297.156 -175.47 0.872714
31200 -16179.9 -20014.8 296.963 107.68 0.875072
31300 -16144.9 -20030.7 300.904 97.2958 0.87711
31400 -16165.8 -20043.9 300.302 -33.761 0.878395
31500 -16250.1 -20105.8 298.564 -124.694 0.880045
31600 -16320.3 -20144.7 296.146 -10.472 0.882889
31700 -16340.5 -20190.4 298.12 375.975 0.885989
31800 -16355.4 -20181.9 296.309 228.444 0.886032
31900 -16346.8 -20168.3 295.921 -21.4696 0.8835
32000 -16264.3 -20084.4 295.818 -43.9534 0.880901
32100 -16179.4 -20066.1 300.971 12.3548 0.878757
32200 -16173.9 -20054.8 300.518 69.5653 0.876049
32300 -16235.3 -20049.6 295.369 -74.5849 0.872762
32400 -16261.3 -20062.2 294.321 -159.81 0.869979
32500 -16168.6 -20036.5 299.512 -349.839 0.869127
32600 -16103.4 -20014.1 302.827 71.4319 0.871217
32700 -16156 -20023.3 299.468 64.7788 0.87306
32800 -16214.8 -20067.3 298.326 -56.4924 0.874448
32900 -16244 -20108.6 299.256 35.2441 0.876191
33000 -16274 -20124.8 298.196 30.441 0.877781
33100 -16294.9 -20132.2 297.146 222.74 0.878966
33200 -16295 -20137.7 297.565 205.048 0.878104
33300 -16236.9 -20086.7 298.113 -209.136 0.875407
33400 -16104.2 -20004.5 302.026 -36.2598 0.873721
33500 -16110.8 -19982 299.771 -247.776 0.872533
33600 -16182.6 -20033.7 298.215 -219.901 0.873787
33700 -16245.6 -20065.1 295.765 33.6775 0.877599
33800 -16251.6 -20088.8 297.133 74.3529 0.882487
33900 -16174.2 -20056.1 300.6 356.827 0.887302
34000 -16078.4 -20010.9 304.521 319.942 0.889259
34100 -16141.4 -20052.1 302.829 25.754 0.888266
34200 -16228.5 -20077.8 298.078 198.381 0.886192
34300 -16268 -20120.1 298.297 -20.9005 0.882517
34400 -16285.2 -20086.1 294.323 -279.55 0.878614
34500 -16211.3 -20114.2 302.229 -158.375 0.876967
34600 -16163.9 -20053.5 301.201 20.4479 0.876672
34700 -16225.8 -20039.5 295.317 -15.7137 0.876443
34800 -16332.7 -20132.1 294.213 -52.9419 0.876674
34900 -16334.9 -20156.7 295.952 83.5386 0.877225
35000 -16289.9 -20163.7 299.972 -110.468 0.877222
35100 -16287.8 -20136.6 298.04 -89.8965 0.878122
35200 -16361.7 -20195.6 296.882 72.4207 0.880215
35300 -16431.2 -20238.2 294.797 25.4302 0.881843
35400 -16413.3 -20223.1 295.013 30.8578 0.883245
35500 -16323.3 -20180.9 298.716 327.193 0.884492
35600 -16270.8 -20138 299.458 267.07 0.882652
35700 -16269 -20098.7 296.558 -159.15 0.877872
35800 -16237.5 -20068 296.624 -318.559 0.87422
35900 -16213.5 -20081.9 299.559 -163.931 0.873418
36000 -16226.9 -20069.5 297.552 -81.6231 0.874485
36100 -16247.5 -20124.8 300.247 -98.2294 0.87667
36200 -16337.1 -20164.1 296.35 45.7659 0.879627
36300 -16400.2 -20180.2 292.707 102.914 0.88237
36400 -16365.7 -20178.1 295.219 133.236 0.884123
36500 -16327.9 -20160.5 296.78 182.823 0.884604
36600 -16286.4 -20130.4 297.667 26.8451 0.883279
36700 -16239.5 -20120.5 300.529 -145.587 0.881775
36800 -16256.8 -20127 299.696 97.4095 0.881505
36900 -16361.2 -20157 293.931 -24.0886 0.880609
37000 -16369.9 -20179.5 295.003 -219.77 0.879574
37100 -16290.2 -20117.2 296.347 -172.643 0.880427
37200 -16226 -20091.5 299.326 184.207 0.883353
37300 -16231.1 -20099.4 299.552 43.2105 0.885545
37400 -16267.8 -20102.4 296.936 74.414 0.887447
37500 -16345.8 -20214.6 299.585 190.52 0.889289
37600 -16445.2 -20228.7 292.979 279.021 0.889299
37700 -16394.5 -20186.7 293.652 209.789 0.886412
37800 -16302.1 -20107.5 294.672 70.1513 0.880347
37900 -16214.7 -20037.3 296.007 -316.672 0.872926
38000 -16154.8 -20031.4 300.183 -227.625 0.868492
38100 -16151.8 -19991.5 297.327 -214.532 0.866817
38200 -16120.1 -19988.3 299.536 -284.339 0.867379
38300 -16063.7 -19967.1 302.263 104.469 0.870119
38400 -16081.3 -19956.6 300.088 138.916 0.872159
38500 -16173.6 -20018.2 297.706 23.6532 0.87274
38600 -16243.4 -20103.5 298.91 -93.5944 0.873072
38700 -16280.5 -20110.5 296.582 123.891 0.874026
38800 -16273.5 -20100.6 296.359 17.144 0.874292
38900 -16243.6 -20096.6 298.363 82.6013 0.874022
39000 -16219.7 -20048.4 296.479 -109.053 0.873117
39100 -16193.5 -20012.8 295.754 -8.38843 0.872975
39200 -16148.9 -19986.9 297.203 152.331 0.872908
39300 -16095.8 -19951.3 298.561 246.064 0.871398
39400 -16039.2 -19910.9 299.806 -133.894 0.867915
39500 -15937.7 -19856.6 303.458 -121.735 0.865342
39600 -15893.9 -19808.7 303.142 -155.652 0.863988
39700 -16000.3 -19891.3 301.304 -175.498 0.86412
39800 -16084.3 -19930.4 297.832 -12.4455 0.865873
39900 -16105.3 -19955.6 298.15 27.7105 0.867946
40000 -16123.8 -19969.8 297.825 -48.613 0.869974
40100 -16174.9 -20012.1 297.141 282.086 0.872237
40200 -16260.7 -20087.1 296.296 -36.4322 0.872444
40300 -16296.8 -20073.2 292.43 175.364 0.872309
40400 -16240.6 -20109.9 299.622 112.804 0.870731
40500 -16233.4 -20082.9 298.087 -317.373 0.868202
40600 -16218.6 -20045.7 296.353 -110.212 0.868063
40700 -16163.1 -20014.1 298.206 154.015 0.869118
40800 -16080 -19963.8 300.742 7.30619 0.869223
40900 -15973.6 -19916.9 305.347 87.8885 0.868836
41000 -15994.5 -19881.6 300.997 -121.931 0.867966
41100 -16120.1 -19935 295.409 -203.339 0.868041
41200 -16139 -20016.4 300.255 38.2374 0.870194
41300 -16202.4 -20042.3 297.342 98.9198 0.872551
41400 -16258.8 -20099.2 297.391 56.0814 0.874413
41500 -16290.7 -20147.5 298.655 53.6106 0.876274
41600 -16382.8 -20121.4 289.5 30.8815 0.87789
41700 -16371 -20148.7 292.527 255.59 0.879053
41800 -16270.1 -20113.3 297.605 20.965 0.878302
41900 -16240.3 -20084 297.644 -128.108 0.876813
42000 -16209.3 -20062.1 298.344 -216.587 0.876549
42100 -16150.7 -20019.1 299.551 187.133 0.878018
42200 -16092.6 -20014.9 303.727 148.101 0.87806
42300 -16154.5 -20000.2 297.794 -40.5436 0.876824
42400 -16257.6 -20118.8 298.997 -158.337 0.875955
42500 -16296 -20092.8 294.01 71.1323 0.876007
42600 -16237.1 -20044.4 294.823 -63.7905 0.875902
42700 -16159.7 -20023.3 299.18 -124.668 0.876627
42800 -16157.3 -20011.7 298.47 239.512 0.877997
42900 -16170.3 -19991 295.86 350.84 0.877353
43000 -16144.7 -20047.8 302.237 -168.689 0.873772
43100 -16149.2 -19985.3 297.053 -296.773 0.871047
43200 -16179.5 -20023 297.628 32.0071 0.870924
43300 -16220.1 -20043 296.028 -239.508 0.871238
43400 -16233.5 -20100.6 299.452 -112.945 0.873297
43500 -16293.1 -20104 295.104 -56.1015 0.877045
43600 -16336 -20153.8 295.636 435.906 0.880695
43700 -16318.8 -20133.2 295.37 8.6915 0.881116
43800 -16219.1 -20106.7 301.048 279.94 0.880645
43900 -16193 -20059.3 299.394 68.4153 0.877971
44000 -16214.5 -20034.4 295.794 -396.306 0.874899
44100 -16201.5 -20048.5 297.897 -231.291 0.875219
44200 -16136.6 -20042.9 302.491 61.2094 0.877627
44300 -16164.5 -20064.4 301.987 6.51256 0.879822
44400 -16274.4 -20130.1 298.569 342.402 0.881531
44500 -16317.6 -20135 295.607 33.5581 0.880614
44600 -16277.4 -20087.1 295.005 -160.876 0.879068
44700 -16191.8 -20078 300.929 5.76353 0.878619
44800 -16190 -20044.5 298.485 47.5664 0.878253
44900 -16196.9 -20032.9 297.044 -59.1579 0.877852
45000 -16173.7 -20012.2 297.233 15.3596 0.877566
45100 -16070.9 -19983.5 302.974 -18.6407 0.877494
45200 -16037.6 -19971.6 304.634 108.323 0.877349
45300 -16124.5 -20001.3 300.204 -312.882 0.876615
45400 -16185.5 -20037.6 298.297 105.146 0.878195
45500 -16225.5 -20072 297.86 67.0217 0.879494
45600 -16262.2 -20107 297.732 46.3338 0.880202
45700 -16358.4 -20149.4 293.554 -67.8671 0.88076
45800 -16388.9 -20158.6 291.912 -25.7674 0.881672
45900 -16318 -20157.6 297.324 269.193 0.882919
46000 -16283.7 -20097.3 295.317 83.4357 0.88219
46100 -16225.8 -20069.4 297.632 -159.722 0.88024
46200 -16167.7 -20015.1 297.921 176.59 0.87882
46300 -16133.6 -20011.8 300.311 -130.57 0.876222
46400 -16159.7 -19976 295.521 -196.477 0.873959
46500 -16230.4 -20041.9 295.147 -167.561 0.873425
46600 -16257.4 -20057.4 294.262 -5.55521 0.874439
46700 -16209.1 -20077.9 299.589 -0.0584413 0.876325
46800 -16163.7 -20062.4 301.894 100.349 0.878214
46900 -16216.1 -20044.5 296.459 144.907 0.878841
47000 -16298 -20084 293.174 -110.771 0.878575
47100 -16273.1 -20125.4 298.305 -43.6117 0.879282
47200 -16171.9 -20065.9 301.541 30.8378 0.880642
47300 -16077.7 -19989.4 302.903 207.567 0.881312
47400 -16098.7 -19989.8 301.308 115.131 0.880179
47500 -16222.2 -20045.8 296.086 -156.275 0.877975
47600 -16234.7 -20072.6 297.193 6.68488 0.876674
47700 -16198.7 -20024.9 296.287 73.182 0.875356
47800 -16138.8 -20031.7 301.455 -157.221 0.873392
47900 -16144 -20008.6 299.259 -131.512 0.872682
48000 -16224.8 -20044.4 295.781 -202.761 0.873624
48100 -16292.1 -20104.9 295.247 27.9129 0.876333
48200 -16311.6 -20149.2 297.169 253.579 0.879089
48300 -16382.5 -20181.5 294.173 102.684 0.879761
48400 -16437.9 -20229.3 293.592 -104.048 0.87937
48500 -16390 -20183.6 293.764 -53.5789 0.879634
48600 -16268.2 -20076.3 294.889 80.8983 0.880654
48700 -16203.9 -20055.5 298.252 9.99876 0.881325
48800 -16166.9 -20037.4 299.715 146.775 0.881399
48900 -16145.9 -19970.8 296.185 -63.1047 0.880456
49000 -16080.4 -19987.5 302.552 154.699 0.879489
49100 -16056.8 -19929.6 299.899 -91.3744 0.877371
49200 -16111.5 -19986.6 300.074 23.7379 0.875419
49300 -16203.8 -20002.1 294.123 -138.807 0.873427
49400 -16192.9 -20015.4 296.002 -69.2696 0.872386
49500 -16124.4 -19988.2 299.202 51.0453 0.872079
49600 -16060.7 -19970.9 302.784 -188.783 0.871788
49700 -16115.3 -19961.4 297.827 -96.3218 0.872896
49800 -16230 -20055.4 296.226 73.1117 0.875317
49900 -16253.5 -20066.5 295.263 293.926 0.876974
50000 -16195.7 -20029.2 296.847 -167.909 0.876444
50100 -16117.8 -20033.9 303.253 -139.675 0.877114
50200 -16140.9 -20017.9 300.219 -91.3746 0.879324
50300 -16175 -20016.9 297.498 183.268 0.882324
50400 -16193.8 -20064.7 299.744 75.585 0.884209
50500 -16232 -20063.1 296.668 114.95 0.885027
50600 -16259.4 -20084.6 296.215 -68.4385 0.885235
50700 -16291.7 -20112.4 295.862 176.883 0.885544
50800 -16296 -20093.1 294.03 12.4016 0.884557
50900 -16205.2 -20014.2 294.954 156.125 0.882855
51000 -16115.9 -19971.5 298.566 82.4746 0.879644
51100 -16082.2 -19935.8 298.412 -190.898 0.875852
51200 -16057.8 -19914.9 298.675 -159.174 0.873691
51300 -16006.4 -19873.5 299.454 -118.879 0.873323
51400 -15943.4 -19867.2 303.845 -6.4974 0.874105
51500 -15995.3 -19860.7 299.32 -9.13321 0.875056
51600 -16088.6 -19928.9 297.377 -84.47 0.876302
51700 -16120.1 -19998.2 300.305 239.944 0.877931
51800 -16166.8 -20003.5 297.104 150.581 0.877503
51900 -16173.8 -19987 295.274 -224.531 0.875785
52000 -16110.8 -19951 297.367 -58.8787 0.875705
52100 -15979.8 -19893.7 303.078 9.80121 0.87664
52200 -15904.3 -19834 304.301 118.335 0.877485
52300 -15957.1 -19838.4 300.555 46.5895 0.877181
52400 -16046.1 -19925 300.363 -47.2111 0.876239
52500 -16125 -19953.5 296.463 -19.9117 0.875752
52600 -16141.9 -19970.6 296.475 -68.7944 0.875688
52700 -16122.6 -20008.9 300.94 156.162 0.875927
52800 -16121.3 -19976 298.489 120.303 0.874768
52900 -16164.1 -19969.7 294.686 -121.443 0.872486
53000 -16151.6 -20001.6 298.129 -172.359 0.871172
53100 -16112 -20006.3 301.555 -12.8251 0.871382
53200 -16153.6 -20010.3 298.649 -110.103 0.871923
53300 -16237.2 -20033.9 294.002 -135.859 0.873765
53400 -16243.5 -20115.7 299.855 396.506 0.87673
53500 -16287.7 -20094.1 294.754 -207.335 0.877034
53600 -16351.6 -20111.4 291.143 1.73812 0.878454
53700 -16286.7 -20082.9 293.964 -114.168 0.880823
53800 -16186.4 -20046.6 298.922 21.2848 0.883905
53900 -16169.9 -20056.9 300.995 284.395 0.886878
54000 -16234.8 -20083.5 298.028 283.15 0.887565
54100 -16293.9 -20098.5 294.617 163.218 0.885365
54200 -16256.8 -20055.9 294.191 -147.16 0.881502
54300 -16185.6 -20030.4 297.724 -44.6524 0.878463
54400 -16175.4 -20027.1 298.259 27.3517 0.875812
54500 -16164.7 -19994.1 296.53 -369.671 0.873471
54600 -16097.4 -19947.6 298.14 -68.5022 0.874037
54700 -16024.4 -19938.8 303.113 2.69655 0.875827
54800 -16072.1 -19974.6 302.192 43.6331 0.877808
54900 -16147.8 -20040.7 301.454 215.21 0.879086
55000 -16211.9 -20100.5 301.119 41.1995 0.878634
55100 -16296.7 -20107.2 295.069 -71.4972 0.877532
55200 -16299 -20108.9 295.022 -76.3479 0.876917
55300 -16216.1 -20075.3 298.838 -141.265 0.877118
55400 -16181.1 -20037.3 298.612 110.602 0.878392
55500 -16181 -20036.3 298.542 -48.4746 0.879584
55600 -16192.9 -20081.2 301.095 71.1466 0.881393
55700 -16251.7 -20085.6 296.885 203.384 0.882891
55800 -16275.1 -20086.7 295.161 146.391 0.882842
55900 -16255.9 -20115.5 298.871 168.063 0.881113
56000 -16258.4 -20100.6 297.521 -113.7 0.877582
56100 -16241.5 -20067.7 296.287 -295.548 0.874718
56200 -16146.6 -20010.4 299.193 -108.585 0.874291
56300 -16088.8 -19998 302.711 53.5841 0.875117
56400 -16137.3 -20029.4 301.385 -51.6825 0.875828
56500 -16186.8 -20025.1 297.221 151.479 0.876675
56600 -16204.9 -20060.6 298.574 -60.164 0.876746
56700 -16241.8 -20093.7 298.276 74.0494 0.87678
56800 -16311.8 -20093.3 292.826 -306.804 0.876986
56900 -16296.2 -20109.7 295.302 -2.60805 0.879521
57000 -16183.9 -20077.2 301.484 254.753 0.882229
57100 -16184.1 -20073.3 301.169 244.216 0.88277
57200 -16260 -20097.2 297.138 71.748 0.881104
57300 -16290.6 -20087.1 293.987 -121.081 0.878707
57400 -16252.7 -20095.8 297.602 -57.5491 0.876817
57500 -16224.3 -20032.9 294.925 -166.537 0.875528
57600 -16183.1 -20055.5 299.868 -55.8476 0.875827
57700 -16181.2 -20059.1 300.286 -116.689 0.876853
57800 -16281.6 -20101.3 295.777 -5.38721 0.87906
57900 -16335.6 -20125.6 293.479 60.6394 0.881785
58000 -16293.7 -20137 297.612 45.0725 0.884099
58100 -16239.5 -20066.5 296.349 261.45 0.885964
58200 -16169.1 -20041.7 299.882 117.302 0.885821
58300 -16165.5 -20088.8 303.806 187.658 0.883928
58400 -16228.6 -20093.9 299.316 54.6062 0.880313
58500 -16251.6 -20036.9 293.115 -189.348 0.875782
58600 -16174.4 -20056 300.574 11.983 0.872542
58700 -16165.2 -20049.9 300.819 -156.558 0.869727
58800 -16202.1 -20044.1 297.51 -205.74 0.868265
58900 -16214.1 -20032 295.637 -159.959 0.868861
59000 -16182.5 -20015.7 296.826 -138.97 0.870955
59100 -16106.1 -19968.6 299.1 69.6951 0.874597
59200 -15949.7 -19943 309.228 533.632 0.877081
59300 -15999.7 -19895 301.639 115.715 0.87511
59400 -16099.8 -19990.1 301.25 -250.426 0.872047
59500 -16192.8 -20047.1 298.465 -42.8706 0.871065
59600 -16245.8 -20072.9 296.355 -113.249 0.870921
59700 -16247.2 -20056.7 294.996 95.2303 0.871271
59800 -16160.9 -20063.9 302.237 -109.205 0.871344
59900 -16134.3 -20018.2 300.754 124.399 0.871989
60000 -16248.1 -20102 298.435 -67.6308 0.871907
60100 -16322.6 -20109.2 293.214 -59.8893 0.872215
60200 -16261.9 -20101.4 297.316 -57.6961 0.873076
60300 -16202.3 -20089.1 300.979 -90.8424 0.87459
60400 -16236.6 -20116.8 300.467 141.139 0.876627
60500 -16322.7 -20130 294.826 211.087 0.877177
60600 -16320.7 -20134.3 295.309 -49.9247 0.876023
60700 -16285.8 -20108.2 295.994 -411.633 0.875697
60800 -16236.3 -20128.3 301.383 -27.7073 0.878639
60900 -16267.2 -20161.9 301.598 433.256 0.881154
61000 -16363.6 -20217 298.395 -198.224 0.880423
61100 -16364.8 -20181.4 295.542 107.899 0.880588
61200 -16313.9 -20138.3 296.152 135.683 0.880084
61300 -16234.6 -20124.9 301.25 75.1309 0.878537
61400 -16233.5 -20095.3 299.046 -159.814 0.876717
61500 -16270 -20087.3 295.599 -11.4806 0.876223
61600 -16314.9 -20115.4 294.295 -36.661 0.876243
61700 -16337.9 -20162.4 296.151 -13.5994 0.876484
61800 -16310.2 -20154.9 297.719 -122.264 0.877146
61900 -16232.9 -20077.8 297.738 -67.2773 0.878666
62000 -16163.3 -20042 300.357 185.135 0.880289
62100 -16188.5 -20072.2 300.738 156.127 0.880276
62200 -16250.1 -20111.8 299.036 73.4952 0.878928
62300 -16274 -20110.7 297.102 -28.3021 0.877038
62400 -16273.1 -20128.5 298.548 -77.5834 0.875426
62500 -16275.7 -20104.1 296.458 12.1745 0.874519
62600 -16229.6 -20071.9 297.538 149.312 0.873398
62700 -16128.2 -20002.5 300.012 -72.5359 0.871344
62800 -16089.1 -19980.7 301.354 -187.62 0.869951
62900 -16141.2 -19989.8 298.026 190.401 0.869711
63000 -16222.9 -20018.4 293.909 -165.374 0.868868
63100 -16220.7 -20065 297.69 -124.326 0.869082
63200 -16204.4 -20028.4 296.119 -18.8208 0.870344
63300 -16187 -20058.7 299.81 -55.6445 0.872158
63400 -16196.5 -20034 297.158 152.203 0.874093
63500 -16221.4 -20064.1 297.561 200.668 0.874748
63600 -16288.7 -20097.1 294.909 -26.0687 0.873712
63700 -16292.4 -20068.9 292.436 -26.9177 0.872646
63800 -16185.9 -20019.2 296.838 -83.4986 0.87207
63900 -16130.8 -19986.2 298.547 -70.6896 0.87219
64000 -16116.8 -20002.4 300.891 205.913 0.87264
64100 -16188.6 -20052.9 299.239 46.0453 0.87165
64200 -16271.9 -20075.6 294.542 -342.888 0.870166
64300 -16240.3 -20042.1 294.402 39.4822 0.87103
64400 -16175.4 -20018.6 297.604 -93.9707 0.872632
64500 -16143.7 -20028.5 300.829 224.617 0.874974
64600 -16186 -20078.2 301.401 65.2774 0.876312
64700 -16273 -20114.6 297.479 -86.7493 0.877153
64800 -16283.2 -20117.4 296.905 150.476 0.878642
64900 -16268.8 -20135 299.384 249.209 0.879123
65000 -16290.5 -20142.3 298.272 -55.8817 0.877453
65100 -16344.9 -20136.5 293.606 -229.233 0.875994
65200 -16322.7 -20155.3 296.784 300.949 0.875822
65300 -16223.5 -20085.5 299.063 96.9014 0.873165
65400 -16157.9 -19997.4 297.314 -178.623 0.869178
65500 -16122.3 -19982.8 298.937 -170.19 0.866405
65600 -16120.8 -19965.5 297.725 -102.256 0.865263
65700 -16125.5 -19999.4 299.982 -55.767 0.865071
65800 -16144.3 -19962.2 295.643 -331.378 0.865984
65900 -16140.2 -20026.8 300.96 187.129 0.869536
66000 -16193.1 -20054.2 298.986 402.176 0.87166
66100 -16258.5 -20078.6 295.816 -124.578 0.870582
66200 -16244.6 -20047.3 294.463 -195.832 0.870051
66300 -16146.7 -20045.7 301.918 117.426 0.871104
66400 -16143.1 -20031 301.062 139.36 0.871445
66500 -16184.8 -20054.3 299.645 -85.9049 0.870477
66600 -16235.2 -20046.1 295.099 -29.7314 0.869913
66700 -16225.9 -20024.2 294.131 -189.638 0.870109
66800 -16108.5 -19994.2 300.894 169.385 0.871743
66900 -16100.9 -19981.3 300.479 169.204 0.872218
67000 -16140.9 -19974.8 296.881 -276.916 0.871387
67100 -16149.5 -20014.4 299.282 13.26 0.872384
67200 -16207.8 -19991.4 292.983 -37.188 0.874015
67300 -16236.3 -20039.1 294.479 197.32 0.8758
67400 -16156.4 -20007.5 298.215 -152.869 0.876655
67500 -16087.4 -19979.3 301.375 220.89 0.878047
67600 -16112.1 -19975.5 299.17 194.303 0.87788
67700 -16160.3 -19992.4 296.739 -180.345 0.876089
67800 -16163 -20004.8 297.494 -206.139 0.875427
67900 -16158.5 -20003.6 297.749 68.9996 0.876577
68000 -16165.6 -20019.1 298.403 -73.5673 0.877886
68100 -16181.2 -20025.9 297.716 133.588 0.879647
68200 -16196.3 -20030.9 296.936 428.636 0.880003
68300 -16224.5 -20038.6 295.345 64.9062 0.876669
68400 -16192.1 -20015.5 296.075 -171.435 0.872046
68500 -16094.8 -19941.3 297.862 -146.238 0.868816
68600 -16047.8 -19933 300.853 -259.824 0.867259
68700 -16080.8 -19979.7 301.922 -171.648 0.868101
68800 -16177.1 -20041.3 299.232 16.4198 0.870572
68900 -16206.5 -20042.6 297.058 -105.015 0.873267
69000 -16210.9 -20069.3 298.783 131.397 0.87683
69100 -16242.8 -20099.8 298.667 138.062 0.879121
69200 -16311.6 -20097.1 293.129 -65.6351 0.880113
69300 -16274 -20066.6 293.686 66.8042 0.88134
69400 -16162.7 -20028.2 299.329 143.276 0.882126
69500 -16169.5 -20036.4 299.441 279.414 0.881394
69600 -16215.7 -20045.7 296.586 31.7858 0.878242
69700 -16240 -20036.1 293.957 -205.425 0.874728
69800 -16164.3 -20039.9 300.113 -223.778 0.873406
69900 -16079.8 -19954.8 300.07 48.4568 0.874027
70000 -16069.1 -19940.6 299.79 -123.553 0.87468
70100 -16131.4 -19994.7 299.157 15.0393 0.876166
70200 -16259.2 -20054.8 293.917 81.6191 0.87743
70300 -16260.7 -20067.2 294.758 -22.8667 0.878271
70400 -16193.9 -20068.9 300.068 161.846 0.878961
70500 -16183.2 -20059.7 300.179 -29.8964 0.878462
70600 -16244.9 -20057.5 295.23 12.3778 0.87789
70700 -16347.9 -20129.5 292.828 150.046 0.877106
70800 -16375 -20146.6 292.057 -175.745 0.875386
70900 -16284.2 -20115.1 296.653 -83.0511 0.874856
71000 -16245.8 -20084.1 297.225 199.258 0.874796
71100 -16200.5 -20030.6 296.591 -154.113 0.873599
71200 -16127.9 -20005.8 300.294 149.801 0.8731
71300 -16114.6 -20012.1 301.809 17.9922 0.871432
71400 -16207.2 -20019.8 295.233 -84.3815 0.869226
71500 -16245.2 -20055.9 295.083 -326.374 0.867862
71600 -16225.8 -20049.4 296.087 -84.4081 0.86951
71700 -16199.3 -20061.6 299.081 -5.03476 0.872943
71800 -16187.8 -20035.4 297.939 39.1842 0.877226
71900 -16159.2 -20035.4 300.163 404.306 0.881914
72000 -16141.7 -20022.2 300.494 415.631 0.883405
72100 -16194.5 -20059.8 299.317 49.6442 0.880852
72200 -16294 -20129.9 297.036 -123.855 0.876739
72300 -16315.4 -20106.7 293.576 -364.236 0.872989
72400 -16241.7 -20065.6 296.111 -329.803 0.872232
72500 -16184.4 -20047.9 299.174 -60.8286 0.874727
72600 -16191.3 -20065.5 300.005 233.019 0.87837
72700 -16251.2 -20101.2 298.127 37.4459 0.88054
72800 -16312.2 -20129 295.561 -242.262 0.882584
72900 -16319.5 -20140.6 295.898 18.1682 0.886864
73000 -16226.6 -20115.7 301.16 500.278 0.891227
73100 -16172.2 -20082 302.758 551.201 0.891027
73200 -16235.7 -20068.5 296.797 77.9693 0.885443
73300 -16253.8 -20046.1 293.667 -246.519 0.879536
73400 -16168.7 -20040.3 299.803 90.2753 0.87614
73500 -16101.3 -19954.7 298.392 8.86428 0.872642
73600 -16090.2 -19983.6 301.491 -227.28 0.86976
73700 -16132.2 -20032.5 302.028 -79.7795 0.869229
73800 -16210.1 -20089.8 300.428 -58.5519 0.869703
73900 -16273 -20110.3 297.144 -203.354 0.870747
74000 -16294.5 -20162.8 299.546 66.1746 0.873212
74100 -16348.1 -20129.2 292.796 20.7666 0.875482
74200 -16343.5 -20122.7 292.647 326.639 0.876906
74300 -16217.8 -20083.3 299.326 -18.6776 0.87568
74400 -16173.4 -20031.7 298.765 20.5841 0.874309
74500 -16161.2 -20034 299.895 -101.558 0.873089
74600 -16196.3 -20030.9 296.94 -20.7145 0.872451
74700 -16261.7 -20058.6 294.016 -263.005 0.872345
74800 -16265.7 -20089 296.057 -175.649 0.874596
74900 -16189.1 -20088.5 301.952 131.832 0.878608
75000 -16128.7 -20004.8 300.154 468.447 0.880851
75100 -16129.7 -20020.3 301.274 125.216 0.87898
75200 -16242.7 -20087.6 297.735 -143.806 0.876011
75300 -16311.9 -20162.4 298.166 35.0619 0.874227
75400 -16337.2 -20153.7 295.534 -344.892 0.873242
75500 -16304.1 -20161.5 298.703 91.3896 0.874642
75600 -16204.1 -20092.3 301.088 130.83 0.875311
75700 -16135.4 -20032.1 301.749 42.579 0.874753
75800 -16159.8 -20013.5 298.418 -230.591 0.874
75900 -16211.6 -20077.1 299.327 -92.023 0.87524
76000 -16288.8 -20123.3 296.928 119.879 0.877291
76100 -16327.1 -20160.8 296.867 -102.09 0.878396
76200 -16315.9 -20165 298.057 -31.3303 0.880204
76300 -16301.4 -20159.1 298.729 107.704 0.882146
76400 -16304.2 -20140.8 297.089 230.446 0.882954
76500 -16280.9 -20103.3 295.989 149.899 0.881626
76600 -16196.4 -20041.5 297.749 -161.436 0.879311
76700 -16131.8 -20059.4 304.139 42.349 0.878147
76800 -16184.1 -20076.3 301.394 71.0088 0.876609
76900 -16246 -20082.8 297.103 -232.823 0.875051
77000 -16248.8 -20092.9 297.668 -102.727 0.875621
77100 -16225.8 -20090.2 299.244 58.737 0.876978
77200 -16215 -20071 298.592 -82.8451 0.877951
77300 -16231.2 -20096 299.268 64.0788 0.879306
77400 -16290.7 -20116.4 296.249 204.636 0.879684
77500 -16312.3 -20074.4 291.319 41.1038 0.878513
77600 -16206.8 -20055.1 298.002 -133.975 0.877222
77700 -16163 -20021.5 298.789 -68.8425 0.876993
77800 -16163.3 -20010 297.873 103.093 0.87748
77900 -16171.4 -20025.1 298.421 133.121 0.877123
78000 -16194.5 -20009.8 295.44 120.305 0.875519
78100 -16173.2 -19986.5 295.288 -63.2975 0.873256
78200 -16099 -19990.9 301.369 -184.303 0.87188
78300 -16098.1 -19970.8 299.885 115.865 0.872099
78400 -16185.6 -20037.5 298.271 252.128 0.871271
78500 -16255.3 -20050.3 293.871 -155.612 0.868663
78600 -16210.5 -20053.3 297.573 -243.246 0.867513
78700 -16149.4 -20013.7 299.24 141.53 0.868108
78800 -16117.1 -19972.6 298.55 -74.5939 0.868042
78900 -16085 -19987 302.158 -209.423 0.868587
79000 -16077.7 -19954.3 300.19 2.29112 0.870708
79100 -16137.5 -19976.2 297.251 -115.409 0.873322
79200 -16195.2 -20029.6 296.922 266.011 0.876481
79300 -16241.6 -20074.2 296.776 222.657 0.877417
79400 -16313.6 -20114.6 294.334 -232.03 0.876409
79500 -16354.9 -20126.2 292.041 -111.369 0.877184
79600 -16248.6 -20096.5 297.967 138.738 0.87912
79700 -16195 -20076.3 300.553 179.631 0.879561
79800 -16214 -20033.7 295.784 -86.1504 0.878539
79900 -16183.7 -20021 297.15 92.7159 0.877832
80000 -16079.6 -19962.8 300.694 -72.7447 0.876719
80100 -16056.1 -19990.6 304.67 149.913 0.875973
80200 -16129.6 -19993.3 299.185 -50.1504 0.874319
80300 -16157 -19991.9 296.963 -53.3168 0.87273
80400 -16146.7 -19995.7 298.047 -137.873 0.871795
80500 -16129.9 -20027.5 301.814 79.5176 0.871914
80600 -16190.9 -19978.5 293.299 33.8571 0.871522
80700 -16186.2 -19976 293.463 17.9214 0.870793
80800 -16099 -19963.5 299.251 112.45 0.869703
80900 -16083 -19942.5 298.869 -186.047 0.867764
81000 -16084.8 -19895.6 295.099 -153.37 0.867312
81100 -16008.4 -19901.7 301.476 -22.6505 0.868478
81200 -15915.2 -19849.7 304.676 125.453 0.870049
81300 -15975.4 -19861 300.888 80.4883 0.870598
81400 -16101.9 -19959.7 298.734 -117.907 0.870448
81500 -16125.4 -19976.8 298.238 -305.083 0.871782
81600 -16143.8 -20005.9 299.062 217.785 0.875854
81700 -16205.7 -20048 297.532 223.812 0.879474
81800 -16262.9 -20058.6 293.928 70.8005 0.881495
81900 -16237.4 -20092.3 298.509 134.425 0.883011
82000 -16135.4 -20056.1 303.608 319.292 0.883137
82100 -16122.5 -20008.7 300.934 131.127 0.880067
82200 -16213.4 -20031.8 295.686 -264.222 0.875505
82300 -16262 -20079 295.579 -308.366 0.873102
82400 -16247.2 -20072.9 296.248 -57.6044 0.873418
82500 -16214.3 -20085.1 299.739 -36.1459 0.874555
82600 -16201 -20040.6 297.32 -198.937 0.876369
82700 -16150.3 -20014.2 299.205 260.127 0.879588
82800 -16084 -19992.5 302.662 151.73 0.881024
82900 -16120.8 -19984 299.153 171.449 0.880822
83000 -16223.1 -20062.4 297.302 194.159 0.878765
83100 -16253.3 -20056.2 294.483 -127.717 0.875062
83200 -16216.7 -20052.1 297.001 -219.42 0.87244
83300 -16181.5 -20038.9 298.698 -47.0633 0.871801
83400 -16162.2 -19998.8 297.09 -27.0944 0.872034
83500 -16076.4 -19986.6 302.791 145.486 0.872068
83600 -16010.3 -19943.6 304.575 -43.5332 0.871067
83700 -16091.5 -19978 300.96 -141.461 0.870391
83800 -16159.1 -20018.7 298.866 -79.5733 0.871021
83900 -16207.1 -20057.7 298.181 -30.8413 0.872575
84000 -16247.4 -20083.4 297.044 175.503 0.874299
84100 -16276.8 -20108.4 296.706 146.745 0.874752
84200 -16352.5 -20140.3 293.316 -56.6559 0.873737
84300 -16352 -20129.8 292.539 -77.7478 0.872844
84400 -16252.4 -20125.8 299.944 69.706 0.87254
84500 -16238.3 -20081.4 297.593 -45.1298 0.871735
84600 -16226.7 -20033.6 294.79 -245.497 0.871614
84700 -16125.6 -20001.1 300.104 -56.0036 0.873679
84800 -16083.7 -19942.6 298.82 215.714 0.876399
84900 -16120.6 -20041.3 303.605 104.36 0.877771
85000 -16208.4 -20066.4 298.749 121.763 0.878018
85100 -16246 -20068 295.959 248.764 0.876553
85200 -16230.7 -20078.5 297.963 -94.3199 0.872864
85300 -16186.5 -20076 301.186 -105.219 0.86943
85400 -16154.7 -20011.6 298.664 -294.415 0.867019
85500 -16109.7 -19971.1 299.011 -199.412 0.867408
85600 -16078.5 -19977.6 301.926 42.7479 0.870021
85700 -16147.4 -20017 299.641 32.1857 0.872471
85800 -16239.7 -20088.9 298.07 -14.0798 0.875028
85900 -16270.9 -20114.2 297.609 125.788 0.877799
86000 -16289.7 -20132.2 297.548 166.693 0.879793
86100 -16320.9 -20112.4 293.602 130.368 0.880422
86200 -16265.8 -20071.6 294.703 23.3964 0.879627
86300 -16171.2 -20055.1 300.756 41.9536 0.878177
86400 -16164.9 -20016.1 298.218 -222.472 0.876301
86500 -16182.9 -20024.4 297.476 -98.8755 0.876045
86600 -16224.8 -20054.9 296.585 38.5016 0.876877
86700 -16267.4 -20067.4 294.258 -85.4549 0.87773
86800 -16232.6 -20086.6 298.439 242.742 0.879234
86900 -16152.3 -20030.9 300.344 169.045 0.878946
87000 -16119.7 -19998.5 300.356 -30.9012 0.876865
87100 -16159.1 -19971.6 295.227 -119.762 0.874961
87200 -16209.8 -20018.2 294.906 -2.38581 0.873817
87300 -16206.2 -20030.6 296.147 -4.07369 0.872423
87400 -16125.7 -19958.2 296.773 -258.803 0.871452
87500 -16038.1 -19915.6 300.26 170.119 0.872156
87600 -16043.8 -19945.7 302.15 -72.2739 0.871998
87700 -16120.5 -19971.1 298.173 -74.977 0.872303
87800 -16157.2 -19987.9 296.635 -24.5918 0.873464
87900 -16147.7 -19999.2 298.246 324.947 0.874448
88000 -16148.6 -20006.9 298.772 52.7245 0.872924
88100 -16204.1 -19997.6 293.756 -214.033 0.870805
88200 -16249.2 -20050 294.322 -72.6639 0.870379
88300 -16214.2 -20045.6 296.688 77.7227 0.87093
88400 -16124.5 -19995.2 299.727 67.6775 0.870806
88500 -16096.3 -19981.8 300.88 182.306 0.869594
88600 -16148 -20005.4 298.706 -80.3984 0.866869
88700 -16259.6 -20045.3 293.147 -344.306 0.864587
88800 -16288.3 -20092.2 294.561 -253.954 0.865436
88900 -16254.2 -20055.4 294.353 -10.2857 0.869009
89000 -16176.7 -20030.6 298.431 122.455 0.873144
89100 -16145.3 -20032.3 300.99 135.874 0.876192
89200 -16188.8 -20040.8 298.284 101.418 0.877791
89300 -16290.8 -20111.6 295.863 -103.247 0.878565
89400 -16344.6 -20146 294.36 65.1748 0.880087
89500 -16311.1 -20117.9 294.789 349.264 0.880846
89600 -16245.4 -20081 297.014 33.938 0.878707
89700 -16199.3 -20044.2 297.734 -2.0034 0.875702
89800 -16169.4 -20015.4 297.819 -33.8238 0.87261
89900 -16123.4 -19980.6 298.684 32.206 0.86995
90000 -16020.2 -19947.9 304.153 65.7308 0.867032
90100 -15998 -19886.4 301.107 -479.285 0.864225
90200 -16074.5 -19932.7 298.766 -178.849 0.865375
90300 -16150.2 -19990.8 297.399 222.207 0.868042
90400 -16149.8 -19956.2 294.747 51.231 0.869045
90500 -16105.3 -19969 299.186 -109.086 0.869585
90600 -16077 -19903.6 296.312 81.1619 0.870802
90700 -15997.3 -19931.6 304.661 99.7627 0.871273
90800 -15990.8 -19881.6 301.289 65.6753 0.870636
90900 -16101.4 -19912.2 295.089 -113.701 0.869734
91000 -16146.3 -20014.8 299.567 -7.40007 0.869719
91100 -16195.8 -20010 295.356 -230.222 0.870191
91200 -16196.7 -20040 297.606 6.76275 0.872126
91300 -16129.7 -19978 298.001 -66.6028 0.874601
91400 -16054.1 -19965.2 302.857 105.785 0.87743
91500 -16081.9 -19976.1 301.55 58.5513 0.878964
91600 -16186.1 -19995.7 295.004 119.97 0.879536
91700 -16191.5 -20023.6 296.743 201.247 0.879134
91800 -16158.7 -19990.7 296.735 -7.8754 0.877063
91900 -16084 -19941.3 298.695 96.4105 0.874904
92000 -16029.7 -19924.2 301.576 30.6786 0.872414
92100 -16040 -19873 296.809 -167.329 0.870055
92200 -16047.9 -19940.6 301.436 57.8884 0.869303
92300 -16111 -19970.5 298.865 -171.777 0.868569
92400 -16144.9 -19973.9 296.5 -121.435 0.869085
92500 -16140.8 -19993.4 298.332 14.4349 0.870747
92600 -16137.9 -19986.3 298.002 121.656 0.872012
92700 -16149 -19988.5 297.316 94.3677 0.872174
92800 -16220.9 -20001.4 292.75 -187.525 0.871715
92900 -16213.6 -20032.6 295.724 -103.484 0.87252
93000 -16150.7 -20051.8 302.089 180.132 0.874155
93100 -16168.4 -20009.8 297.458 9.99124 0.874515
93200 -16234 -20032.4 294.139 -119.118 0.874638
93300 -16275.4 -20067.2 293.627 29.8786 0.875698
93400 -16218.4 -20058.8 297.39 196.403 0.876497
93500 -16134.4 -20023.2 301.133 26.7293 0.875461
93600 -16116.9 -19952.1 296.984 -18.6039 0.873937
93700 -16093 -19986.1 301.466 -38.7024 0.872816
93800 -16159.4 -19986.1 296.321 -97.4221 0.872223
93900 -16241.3 -20044.2 294.487 115.13 0.872105
94000 -16230.7 -20017.9 293.268 -245.974 0.87165
94100 -16127 -19987.8 298.961 -189.823 0.873435
94200 -16097.8 -19934.9 297.134 -30.7052 0.876952
94300 -16084 -19978.6 301.583 138.317 0.880624
94400 -16147.8 -19994.3 297.857 277.063 0.882571
94500 -16226.1 -20054.5 296.463 98.6463 0.881908
94600 -16244.1 -20070.6 296.317 -62.4583 0.880385
94700 -16223.2 -20059.9 297.102 10.7476 0.87948
94800 -16200.4 -20029.7 296.525 37.5084 0.878736
94900 -16172.5 -20016.3 297.645 108.221 0.877681
95000 -16143.2 -19995.1 298.277 128.975 0.87586
95100 -16058.4 -19987 304.215 48.3558 0.873149
95200 -15993.9 -19889.6 301.671 9.70724 0.870356
95300 -16023.7 -19846.6 296.033 -148.13 0.868282
95400 -16095.1 -19947.2 298.29 38.2521 0.867703
95500 -16195.1 -19993.9 294.167 -68.4308 0.867216
95600 -16191.8 -20011.3 295.763 -7.01561 0.867188
95700 -16127.6 -19958.2 296.628 -71.659 0.8674
95800 -16083.9 -19947.6 299.191 10.4002 0.868107
95900 -16099.8 -19972.4 299.88 81.4679 0.86874
96000 -16131.5 -19964.7 296.829 -43.7883 0.868651
96100 -16127.7 -19941.1 295.291 26.7204 0.868646
96200 -16039.5 -19934.7 301.633 4.05698 0.868859
96300 -15993.8 -19892.1 301.872 -50.961 0.868926
96400 -16053.9 -19927.8 299.979 -60.4206 0.869402
96500 -16147.8 -19960.3 295.228 77.4054 0.870521
96600 -16146.6 -19940.2 293.766 264.779 0.87048
96700 -16076.6 -19909.6 296.814 24.7359 0.868495
96800 -16022.7 -19910.8 301.079 -131.593 0.865971
96900 -16055.6 -19943.1 301.032 -269.168 0.864928
97000 -16128.7 -19986.3 298.718 143.376 0.866023
97100 -16157.7 -19982.4 296.173 25.6501 0.866239
97200 -16141.9 -19996.6 298.497 93.1573 0.86577
97300 -16113.9 -19961.2 297.917 -230.111 0.864873
97400 -16028.9 -19921 301.393 122.576 0.865573
97500 -15974 -19919.1 305.491 158.867 0.8656
97600 -16057 -19890.1 296.821 -204.753 0.864288
97700 -16073.1 -19889.2 295.505 -72.3644 0.864419
97800 -16048.4 -19931.8 300.714 92.9667 0.865273
97900 -16088 -19935.8 297.955 2.44019 0.865714
98000 -16188.9 -20022.3 296.844 -121.547 0.866369
98100 -16259 -20063.9 294.639 -49.2194 0.868029
98200 -16253.3 -20079.3 296.272 169.58 0.870091
98300 -16208.4 -20012.6 294.584 72.4144 0.870788
98400 -16119.7 -19956 297.064 173.243 0.87069
98500 -16065.2 -19934.3 299.602 -44.1343 0.869191
98600 -16056.9 -19907.6 298.19 -84.8682 0.867469
98700 -16071.2 -19941.7 299.719 -213.184 0.866669
98800 -16161.8 -19983.7 295.955 -80.4343 0.86771
98900 -16208.8 -20002.6 293.781 1.80536 0.869993
99000 -16151.1 -20007.8 298.651 3.37443 0.873167
99100 -16099.4 -20006.5 302.545 426.678 0.876135
99200 -16168.1 -20009.1 297.43 -80.189 0.876058
99300 -16255.9 -20069.5 295.312 -68.4854 0.875965
99400 -16243 -20072.8 296.563 52.0437 0.876788
99500 -16199.4 -20011.9 295.219 142.359 0.876984
99600 -16113.6 -20008.9 301.636 27.8797 0.875965
99700 -16107.6 -19973.8 299.385 9.04105 0.874729
99800 -16133.5 -19989.3 298.582 199.96 0.872845
99900 -16138 -19919.9 292.85 -206.783 0.869451
100000 -16033.1 -19859.4 296.293 -324.5 0.867628
100100 -15982.8 -19865 300.622 -167.269 0.86884
100200 -16020.5 -19890.5 299.677 82.3523 0.871823
100300 -16104.1 -19981.8 300.274 -20.1503 0.874456
100400 -16178.6 -19997.7 295.736 -82.3238 0.877284
100500 -16175.7 -20042.6 299.437 115.768 0.880593
100600 -16184.2 -20011.3 296.363 226.53 0.882599
100700 -16159.3 -20035.9 300.19 62.7163 0.882622
100800 -16120.9 -20041.2 303.573 334.008 0.881598
100900 -16212.5 -20090.7 300.314 149.849 0.877761
101000 -16274.5 -20041.2 291.676 -134.728 0.872496
101100 -16203.3 -20054.7 298.235 -241.527 0.869047
101200 -16159.4 -20030.6 299.768 -116.864 0.868205
101300 -16192.4 -20059.6 299.461 -25.7381 0.868552
101400 -16251.7 -20045.8 293.805 -111.831 0.869196
101500 -16212.2 -20047.4 296.986 -84.2314 0.870761
101600 -16102.9 -19999.2 301.712 120.842 0.873
101700 -16103.8 -19986.8 300.684 -7.27376 0.874191
101800 -16170.3 -20018.1 297.958 -235.871 0.875513
101900 -16256.9 -20096.5 297.319 22.8193 0.878735
102000 -16286.1 -20109.4 296.059 151.51 0.881602
102100 -16270.8 -20110.7 297.343 203.859 0.882664
102200 -16260.3 -20128.3 299.525 161.749 0.88164
102300 -16281.7 -20107.2 296.234 -60.2422 0.879429
102400 -16279.9 -20090.2 295.052 -76.7546 0.877729
102500 -16188.2 -20032 297.642 66.5491 0.876841
102600 -16121.3 -20001.2 300.444 -86.2187 0.875862
102700 -16125.4 -20004.9 300.419 -137.109 0.875543
102800 -16203.4 -20053.8 298.162 -3.93389 0.876287
102900 -16276.4 -20100.7 296.136 -1.00137 0.877049
103000 -16267.7 -20063 293.888 -191.607 0.878131
103100 -16218.1 -20054.1 297.038 39.525 0.880808
103200 -16191.6 -20075.4 300.742 238.389 0.882973
103300 -16230.2 -20099.3 299.603 -50.6123 0.883085
103400 -16268.2 -20071.8 294.536 26.2751 0.883284
103500 -16238.1 -20092.9 298.502 294.363 0.883258
103600 -16186.5 -20077.8 301.32 196.51 0.88065
103700 -16094 -20002.3 302.64 -92.5545 0.876271
103800 -16062 -19903.4 297.464 -287.345 0.873265
103900 -16036.2 -19917.4 300.544 10.3483 0.873151
104000 -16050.9 -19921 299.688 20.8178 0.873209
104100 -16144 -19991 297.893 -44.3926 0.872881
104200 -16213 -20043.7 296.638 137.412 0.872722
104300 -16235 -20050.1 295.43 -133.715 0.872126
104400 -16176.3 -20011.8 297.008 -6.57401 0.872407
104500 -16068.6 -19975.9 302.567 209.532 0.872462
104600 -16104.6 -20002.6 301.845 -25.5072 0.871122
104700 -16185.3 -20027.7 297.542 -143.101 0.870153
104800 -16220.6 -20044.9 296.137 -62.5149 0.870466
104900 -16214 -20053.7 297.333 11.4973 0.871358
105000 -16144.8 -19981.5 297.097 135.413 0.872014
105100 -16059.2 -19969.7 302.815 148.811 0.871456
105200 -16088.2 -19947.1 298.816 -279.656 0.869766
105300 -16141.6 -19943.3 294.387 -296.358 0.870445
105400 -16121.8 -19940.9 295.736 218.032 0.873797
105500 -16014.8 -19934.7 303.547 195.65 0.875542
105600 -16045.8 -19936.8 301.301 -6.0783 0.875239
105700 -16117.2 -19951.7 296.923 -74.2463 0.874794
105800 -16145.9 -20006.2 298.928 99.578 0.874843
105900 -16188.7 -20036.5 297.961 3.52132 0.874234
106000 -16261.4 -20017.7 290.875 -227.208 0.873793
106100 -16294.8 -20051.4 290.892 -72.6252 0.875121
106200 -16198.3 -20044.4 297.829 174.237 0.877232
106300 -16122.8 -19970 297.906 240.342 0.87785
106400 -16076.2 -19940.2 299.207 -28.0754 0.876412
106500 -16035.4 -19900.3 299.282 79.6359 0.874782
106600 -15961.2 -19851.5 301.249 -83.7062 0.872455
106700 -15905.7 -19838.2 304.52 -224.238 0.871037
106800 -15986.7 -19806.5 295.787 -67.6194 0.871594
106900 -16047 -19917.3 299.699 -127.296 0.873182
107000 -16088.3 -19942.4 298.45 32.6805 0.875911
107100 -16108.9 -19949.4 297.399 -52.5062 0.878544
107200 -16115.8 -19979.8 299.209 111.583 0.88157
107300 -16141 -19981 297.358 500.51 0.883363
107400 -16217 -20038.8 295.942 131.714 0.880949
107500 -16312.1 -20114 294.403 -148.007 0.876883
107600 -16292.6 -20088 293.906 -210.61 0.874243
107700 -16198.2 -20028.5 296.606 59.8363 0.873761
107800 -16154.1 -20014.9 298.966 216.174 0.872741
107900 -16155.6 -19998.2 297.554 -3.92216 0.870044
108000 -16146 -19973.4 296.386 -70.4378 0.867567
108100 -16056.6 -19923.2 299.412 -153.551 0.866142
108200 -15991 -19883.2 301.398 -299.304 0.866633
108300 -16025.4 -19922.3 301.758 -97.7737 0.869382
108400 -16106.6 -19938.4 296.721 17.7933 0.872597
108500 -16136.7 -20034.6 301.843 -47.8382 0.875207
108600 -16190.9 -20029 297.204 -95.7719 0.877709
108700 -16217.8 -20029.1 295.132 291.672 0.880079
108800 -16171.2 -20044.4 299.928 289.753 0.879691
108900 -16086 -20031.4 305.517 -36.3731 0.876985
109000 -16154.8 -20033.1 300.322 102.507 0.874557
109100 -16223.5 -20070.1 297.866 38.927 0.871682
109200 -16235.2 -20088 298.348 -177.515 0.8691
109300 -16245.9 -20037.1 293.573 -159.13 0.868388
109400 -16169.4 -20066.3 301.762 -23.3903 0.869259
109500 -16143.6 -20047.4 302.299 215.094 0.870004
109600 -16184.9 -19967.9 292.936 -103.957 0.869049
109700 -16156.4 -20019.4 299.137 -78.525 0.869116
109800 -16173.2 -20053.7 300.497 183.906 0.869715
109900 -16203.1 -20034.6 296.693 -60.3021 0.868949
110000 -16187.8 -19991.7 294.56 -154.616 0.868728
110100 -16080.9 -19976.5 301.661 -81.2978 0.869862
110200 -16056.2 -19955.2 301.922 -71.8076 0.871946
110300 -16109 -19966.3 298.691 12.6857 0.874578
110400 -16163.5 -20042.3 300.36 124.598 0.876887
110500 -16222.4 -20055.7 296.834 -11.9239 0.878486
110600 -16233.4 -20063.2 296.561 327.322 0.8794
110700 -16204.9 -20008.1 294.507 -125.997 0.877864
110800 -16157.2 -20017.3 298.913 26.2644 0.876925
110900 -16137.2 -19975.8 297.244 130.867 0.875884
111000 -16115.2 -19966.3 298.216 60.5372 0.873536
111100 -16104.6 -19957 298.321 -86.9916 0.87071
111200 -16127.8 -19949.9 295.961 -123.402 0.868866
111300 -16135.2 -19974.9 297.331 -244.962 0.868704
111400 -16111.2 -19963.2 298.286 -160.772 0.870642
111500 -16091.6 -19970.5 300.366 -24.9511 0.873887
111600 -16137.3 -19974.4 297.132 173.695 0.877334
111700 -16211.2 -20032 295.871 200.119 0.879093
111800 -16265.8 -20055.8 293.489 -148.141 0.879231
111900 -16215.2 -20049.9 296.943 -78.1233 0.880464
112000 -16113.4 -19996.5 300.697 271.273 0.881881
112100 -16108.3 -19980.1 299.822 39.7036 0.881239
112200 -16156.1 -20004.8 298.025 114.774 0.879868
112300 -16260.1 -20079 295.716 -186.914 0.877875
112400 -16299.5 -20120.6 295.894 -27.8781 0.87749
112500 -16276.6 -20076.2 294.229 120.233 0.877565
112600 -16220 -20057.3 297.147 -118.245 0.87677
112700 -16184 -20057.1 299.918 55.6499 0.876792
112800 -16201.9 -20065.2 299.156 232.633 0.876232
112900 -16257.9 -20069 295.115 -120.453 0.874036
113000 -16352 -20107 290.772 -149.238 0.87288
113100 -16379.1 -20172.4 293.744 3.13921 0.873253
113200 -16282.5 -20134.1 298.253 4.06304 0.873709
113300 -16215.4 -20052.3 297.114 169.234 0.873948
113400 -16188.6 -20059.4 299.74 -100.21 0.873061
113500 -16183 -20026.6 297.64 -79.2478 0.872692
113600 -16152.1 -20035.1 300.689 -171.905 0.873648
113700 -16114.1 -20015.4 302.096 324.123 0.875222
113800 -16177.8 -20049.7 299.826 -93.8138 0.874528
113900 -16251 -20051.1 294.27 -2.84058 0.874202
114000 -16238 -20079.9 297.506 -4.92938 0.874269
114100 -16168.5 -20047.6 300.384 -24.6015 0.874239
114200 -16088.7 -20036.2 305.679 -47.35 0.874601
114300 -16167.2 -20007.4 297.374 -37.2084 0.875146
114400 -16255.2 -20076.6 295.914 141.292 0.875778
114500 -16255.6 -20087.8 296.751 161.568 0.875335
114600 -16202.1 -20035.7 296.859 -142.953 0.873786
114700 -16106.4 -19990 300.738 89.3295 0.873015
114800 -16098.6 -20007.9 302.719 -125.675 0.872027
114900 -16155.8 -20030.5 300.035 -3.62713 0.871814
115000 -16192.9 -19996.2 294.518 -64.0013 0.871935
115100 -16150.8 -20020 299.614 -222.754 0.872936
115200 -16127.7 -20007.6 300.449 88.8051 0.875597
115300 -16213.7 -20060.6 297.886 -30.811 0.877726
115400 -16302.6 -20107.2 294.613 218.803 0.879478
115500 -16279.9 -20088.9 294.955 13.0083 0.87961
115600 -16196.8 -20066.2 299.625 50.9622 0.879267
115700 -16177.5 -20067.5 301.228 154.275 0.878489
115800 -16218.1 -20091.9 299.973 35.2879 0.876474
115900 -16256.5 -20099.6 297.591 -143.362 0.874388
116000 -16251.1 -20067.4 295.526 49.6978 0.873557
116100 -16194.3 -20025.5 296.674 65.51 0.872428
116200 -16128.8 -19999.9 299.765 -257.21 0.871203
116300 -16123.9 -19999.5 300.108 -68.7824 0.872076
116400 -16152.7 -20032.8 300.456 18.2392 0.873552
116500 -16200.8 -20020.8 295.81 -193.61 0.875044
116600 -16206.8 -20057.7 298.205 -55.8237 0.877522
116700 -16168 -19991.5 296.079 -58.6192 0.880572
116800 -16073.3 -19996.8 303.816 319.033 0.883446
116900 -16118.8 -20026.2 302.573 210.627 0.883297
117000 -16208 -20032.6 296.157 -193.668 0.881556
117100 -16216.9 -20072.6 298.567 12.7905 0.881144
117200 -16229.7 -20063 296.833 -37.7528 0.880896
117300 -16248.8 -20068.5 295.781 159.636 0.880851
117400 -16231.8 -20118 300.929 -93.1493 0.879707
117500 -16239.4 -20066.7 296.37 129.808 0.878809
117600 -16240.1 -20075.4 296.992 179.565 0.877264
117700 -16199 -20029.2 296.591 -37.7236 0.874278
117800 -16102.6 -19987.5 300.834 -105.355 0.871732
117900 -16083.9 -19949.2 299.312 44.9144 0.870132
118000 -16113.1 -19962 298.047 -180.511 0.868833
118100 -16148.6 -19935.6 293.249 -220.803 0.869158
118200 -16151 -20004.5 298.4 -65.0848 0.871409
118300 -16138.9 -19990.4 298.25 85.4964 0.874315
118400 -16160.5 -20038.3 300.282 205.553 0.875895
118500 -16231.3 -20044.1 295.25 43.0166 0.875898
118600 -16280.4 -20102.9 295.999 28.8106 0.875506
118700 -16269.8 -20088.6 295.709 -77.2405 0.874707
118800 -16156.4 -20044.5 301.081 155.316 0.874428
118900 -16125.9 -19987.4 299.021 125.992 0.872759
119000 -16159.4 -20030.2 299.742 -267.649 0.870403
119100 -16255.9 -20053.1 294.044 -149.521 0.870497
119200 -16290 -20098.9 294.945 -85.8269 0.872234
119300 -16250 -20083.1 296.82 20.2402 0.874436
119400 -16227.6 -20089 299.008 147.997 0.876223
119500 -16232.3 -20070.7 297.234 54.7843 0.876822
119600 -16223 -20076.5 298.395 49.9839 0.876686
119700 -16216.5 -20091 300.021 94.6862 0.876068
119800 -16277.9 -20109.1 296.674 -35.9183 0.874772
119900 -16334.8 -20124.6 293.468 -50.5886 0.87369
120000 -16269.1 -20092.1 296.036 -33.4321 0.873038
120100 -16176 -20061.7 300.891 -201.208 0.873101
120200 -16183.9 -20035.3 298.236 101.889 0.874868
120300 -16211.5 -20060.5 298.056 171.051 0.875724
120400 -16263.5 -20082.6 295.738 23.5691 0.874785
120500 -16341.4 -20164.5 296.047 -289.544 0.874198
120600 -16412.8 -20207.7 293.866 -32.0296 0.875736
120700 -16366.5 -20158.7 293.654 115.98 0.877488
120800 -16248.5 -20088.1 297.318 238.188 0.877997
120900 -16227.7 -20116.5 301.137 83.6176 0.876441
121000 -16265.8 -20081.4 295.464 2.70679 0.874117
121100 -16272.5 -20105.2 296.791 -148.581 0.872338
121200 -16223 -20046.6 296.083 -80.1012 0.872022
121300 -16113.8 -19990.8 300.218 -6.10286 0.872465
121400 -16098.7 -20004.2 302.425 -68.1738 0.873256
121500 -16183.9 -20056.5 299.876 354.292 0.873878
121600 -16253.7 -20134.5 300.512 -27.8567 0.871882
121700 -16296.6 -20099.2 294.463 -183.588 0.870166
121800 -16253.7 -20076.1 295.993 -152.97 0.870543
121900 -16169.1 -20032.1 299.138 102.893 0.871958
122000 -16159 -20053.5 301.578 56.5476 0.872343
122100 -16207.1 -20067.2 298.91 -124.416 0.872483
122200 -16266 -20099.2 296.834 221.481 0.87314
122300 -16280.3 -20109.6 296.525 -188.05 0.872503
122400 -16208.8 -20087.6 300.361 220.308 0.87255
122500 -16103.8 -20014.6 302.836 -37.9756 0.871311
122600 -16128 -20031.7 302.287 16.8668 0.870373
122700 -16206.6 -20080.8 300.002 70.5528 0.869297
122800 -16238.1 -20038.7 294.306 -261.2 0.86768
122900 -16194.6 -20075.7 300.539 -110.859 0.868518
123000 -16199.5 -20069.6 299.682 222.779 0.870193
123100 -16287.4 -20074.2 293.239 26.4634 0.870143
123200 -16350.7 -20128.1 292.506 -81.0844 0.869923
123300 -16343.5 -20166.1 296.008 282.163 0.869763
123400 -16248.7 -20044.7 293.95 -45.3733 0.867527
123500 -16143.5 -19999.5 298.595 -238.094 0.86573
123600 -16117.7 -19993.7 300.142 -11.3164 0.866086
123700 -16158.5 -20021.4 299.129 10.3528 0.866734
123800 -16236.3 -20039 294.471 -177.813 0.867277
123900 -16256.4 -20067.4 295.107 -301.359 0.869695
124000 -16158.8 -20038 300.393 354.831 0.874275
124100 -16090.2 -19958.3 299.527 14.3557 0.876436
124200 -16103.6 -20010.6 302.545 193.185 0.877655
124300 -16207.7 -20049.3 297.475 -185.723 0.877806
124400 -16241.6 -20092 298.161 67.2124 0.878697
124500 -16248.2 -20057.2 294.951 63.7026 0.879289
124600 -16185.2 -20051.4 299.388 189.525 0.878904
124700 -16118.6 -20016.6 301.842 -153.785 0.877269
124800 -16154.2 -20016.1 299.048 -88.3453 0.876835
124900 -16260.3 -20065.4 294.656 -93.5728 0.877418
125000 -16400.1 -20154.6 290.734 112.566 0.878525
125100 -16456 -20246.1 293.496 36.0607 0.878967
125200 -16395.8 -20185.4 293.449 96.1908 0.878622
125300 -16308.4 -20152.8 297.7 -57.6615 0.877857
125400 -16256.3 -20108.1 298.272 19.5034 0.87735
125500 -16211.1 -20062.4 298.231 35.8185 0.876713
125600 -16145.5 -20055.9 302.803 269.085 0.875664
125700 -16124.5 -19981.4 298.66 -50.9978 0.872711
125800 -16137.3 -20012.2 300.061 -27.3393 0.870337
125900 -16211.8 -20086.4 300.039 -224.964 0.869
126000 -16298.6 -20099.1 294.29 -170.663 0.86932
126100 -16281.9 -20109.4 296.387 -295.249 0.871612
126200 -16230.9 -20072.7 297.494 239.252 0.875758
126300 -16194.1 -20050.5 298.627 267.283 0.877683
126400 -16196.1 -20102.4 302.483 138.351 0.876906
126500 -16343.7 -20133.9 293.495 -81.7064 0.875
126600 -16339.2 -20135 293.929 70.2538 0.873766
126700 -16254.5 -20103.2 298.034 203.727 0.872026
126800 -16181.8 -20032.7 298.195 -118.584 0.868979
126900 -16135.3 -20008.6 299.93 -342.178 0.867314
127000 -16144.6 -20002 298.706 -121.887 0.868476
127100 -16241.3 -20069.1 296.414 -167.997 0.871249
127200 -16313.6 -20136 295.991 89.7433 0.875219
127300 -16309.8 -20138.9 296.507 147.533 0.878185
127400 -16243.6 -20096.7 298.367 102.266 0.87937
127500 -16147 -20073.3 304.031 70.9665 0.879293
127600 -16174.1 -20028 298.432 -18.2507 0.878608
127700 -16207.1 -20079.4 299.854 81.5441 0.878028
127800 -16241.9 -20073.3 296.684 -58.0275 0.876987
127900 -16235.5 -20061.2 296.251 -194.42 0.876556
128000 -16127.8 -19988.8 298.979 -1.65903 0.877747
128100 -16042.1 -19933 301.303 89.3746 0.879078
128200 -16081.7 -19973.9 301.397 143.395 0.879352
128300 -16163.8 -19991.4 296.396 -45.1982 0.878415
128400 -16181.3 -19975.8 293.833 13.4064 0.877762
128500 -16117.5 -19994.4 300.214 88.0103 0.876974
128600 -16090.2 -19950.5 298.923 -82.2185 0.875491
128700 -16096.3 -19949.7 298.392 -90.6328 0.874845
128800 -16157.3 -20028.2 299.745 -41.093 0.874966
128900 -16241.3 -20031.5 293.501 -71.9301 0.875514
129000 -16216.4 -20037.6 295.901 7.654 0.876653
129100 -16140.7 -20013.3 299.884 -22.7341 0.877902
129200 -16113.4 -19976.1 299.111 -8.99095 0.879536
129300 -16126.1 -19987.6 299.016 183.246 0.881265
129400 -16205.9 -20051.1 297.764 175.993 0.881327
129500 -16291.4 -20093.5 294.424 -17.3438 0.879733
129600 -16276.2 -20117.1 297.424 32.3356 0.878025
129700 -16207.7 -20048.6 297.424 -224.997 0.876109
129800 -16106.9 -19977.8 299.752 -9.91246 0.875864
129900 -16090.9 -19977.9 300.989 -154.741 0.876169
130000 -16129.8 -19994.9 299.295 -80.5294 0.877814
130100 -16190.8 -20026.3 297.008 194.165 0.880361
130200 -16220.2 -20007.6 293.282 13.6123 0.881752
130300 -16119.8 -19986.3 299.407 215.479 0.882696
130400 -16070.7 -19945.9 300.086 112.741 0.881758
130500 -16085.7 -19929.8 297.678 -22.5764 0.879413
130600 -16101 -19956.8 298.584 24.0099 0.876808
130700 -16151.1 -19977.6 296.307 35.434 0.873402
130800 -16208.8 -19997.7 293.398 -135.41 0.868815
130900 -16135.2 -19934.4 294.19 -401.776 0.865109
131000 -16028.4 -19888.3 298.893 -103.251 0.864464
131100 -16011.5 -19858.6 297.904 -47.633 0.865147
131200 -16012 -19859.7 297.946 35.4835 0.86666
131300 -16030.4 -19909.9 300.416 -87.8361 0.868584
131400 -16123.7 -19962.9 297.291 121.474 0.871196
131500 -16181.6 -20004.2 296.003 84.496 0.873467
131600 -16165.4 -19996.5 296.667 -53.3705 0.875702
131700 -16104 -20014.1 302.784 238.393 0.878236
131800 -16072.5 -19966.5 301.538 155.697 0.878993
131900 -16123.7 -19950.5 296.334 54.0946 0.878242
132000 -16195.5 -20032.1 297.096 118.585 0.876585
132100 -16227.9 -20019.4 293.6 5.16294 0.873668
132200 -16144.3 -20013.1 299.589 -74.8816 0.870561
132300 -16082.9 -19988.8 302.453 -183.931 0.868301
132400 -16104.2 -19955.1 298.195 14.8427 0.867541
132500 -16120.3 -19972.6 298.304 142.057 0.866724
132600 -16142.7 -19981.6 297.271 -55.5059 0.864647
132700 -16182.5 -20004.8 295.983 -345.087 0.863119
132800 -16245.6 -20044.6 294.186 -313.359 0.865023
132900 -16237.6 -20041.6 294.564 -195.286 0.870109
133000 -16137.5 -19996.8 298.849 261.44 0.876244
133100 -16109 -20035.1 304.018 351.101 0.879704
133200 -16191.4 -20070 300.343 283.407 0.879426
133300 -16247.2 -20056.9 295.015 105.045 0.876683
133400 -16217.5 -20074.5 298.673 -150.744 0.873466
133500 -16181.8 -20046 299.234 -16.689 0.871551
133600 -16168 -20029.5 299.015 195.998 0.870019
133700 -16161.2 -20013.7 298.323 -164.399 0.867675
133800 -16149.8 -19959.4 295.004 -161.892 0.866697
133900 -16078.1 -19953 300.06 26.5139 0.867171
134000 -16046.9 -19939.6 301.436 25.7878 0.867814
134100 -16130.5 -20021 301.272 10.3326 0.868213
134200 -16234.7 -20072.7 297.203 -15.289 0.868151
134300 -16230.5 -20022.5 293.636 -38.2779 0.868043
134400 -16146 -20009.1 299.14 -213.849 0.868695
134500 -16107.3 -19989.6 300.631 -152.076 0.871316
134600 -16155.5 -20024.2 299.579 -24.188 0.875325
134700 -16238.9 -20044.4 294.685 152.509 0.879104
134800 -16238.1 -20061.9 296.101 172.407 0.881151
134900 -16196 -20004.8 294.939 90.4387 0.881401
135000 -16133.7 -20026.1 301.409 228.624 0.880441
135100 -16141.9 -20014.4 299.868 -111.621 0.877909
135200 -16234.3 -20066.1 296.722 -178.821 0.87643
135300 -16315.6 -20117.7 294.415 -53.1123 0.876788
135400 -16300.9 -20165.1 299.235 99.6626 0.8777
135500 -16305.8 -20132.8 296.348 25.1793 0.877568
135600 -16269.5 -20114.7 297.758 -48.9735 0.87716
135700 -16169.9 -20070.9 302.077 112.688 0.877067
135800 -16169.9 -20034.4 299.251 -126.636 0.876276
135900 -16193.9 -20027.6 296.863 -211.895 0.876686
136000 -16209.4 -20089.8 300.482 160.055 0.878771
136100 -16349.9 -20135.1 293.109 286.167 0.879198
136200 -16349.8 -20128.6 292.614 65.8903 0.877239
136300 -16250.9 -20103.3 298.314 54.8159 0.874745
136400 -16201.2 -20055.3 298.449 -33.6979 0.871887
136500 -16156.3 -20020.9 299.266 17.1925 0.869308
136600 -16134.3 -20047 302.987 -257.428 0.867319
136700 -16237.5 -20033.1 293.92 -215.495 0.86757
136800 -16255.8 -20093.3 297.161 -41.3039 0.869666
136900 -16248.4 -20090.7 297.534 49.1283 0.872273
137000 -16232.5 -20095.6 299.141 53.8926 0.874061
137100 -16154.1 -20040.3 300.931 -26.9705 0.87514
137200 -16133 -20055.9 303.771 213.756 0.875879
137300 -16224.7 -20052 296.374 -22.2352 0.874995
137400 -16247.4 -20051.6 294.583 -111.698 0.874329
137500 -16200.3 -20074 299.967 -18.9342 0.87472
137600 -16184.6 -20060.2 300.11 -73.6041 0.875409
137700 -16263.3 -20098.5 296.989 -48.4825 0.876608
137800 -16346.1 -20155.8 295.013 -14.1376 0.877979
137900 -16352.5 -20179.3 296.336 9.83869 0.879222
138000 -16289.3 -20110 295.86 -74.6362 0.880506
138100 -16206.6 -20116.4 302.761 244.821 0.881959
138200 -16242 -20110.6 299.566 144.389 0.881194
138300 -16284.3 -20107.3 296.04 -109.488 0.879238
138400 -16277.7 -20111.2 296.855 83.6683 0.878129
138500 -16200.2 -20034.5 296.92 86.7625 0.876497
138600 -16083.2 -19972.3 301.155 94.6111 0.874128
138700 -16102.4 -19987.1 300.818 -95.8841 0.871208
138800 -16176.2 -20006.2 296.58 -473.239 0.869505
138900 -16204.9 -20029.2 296.139 -148.463 0.871627
139000 -16172.8 -20050.8 300.298 -116.717 0.875604
139100 -16165.6 -20056.8 301.324 353.433 0.880156
139200 -16244.4 -20081.5 297.131 212.908 0.881376
139300 -16303.9 -20124.3 295.841 150.945 0.88015
139400 -16297.2 -20106.9 295.008 -97.6635 0.877845
139500 -16192.3 -20031.2 297.271 -0.772998 0.876351
139600 -16122.6 -19980.8 298.761 -11.259 0.875262
139700 -16107.1 -19955.4 297.996 30.0244 0.874202
139800 -16083.8 -19932.4 298.019 -54.5566 0.87293
139900 -16027.7 -19954 304.035 26.0987 0.872021
140000 -16066.2 -19952.1 300.907 72.3525 0.870846
140100 -16165.4 -19995.2 296.569 -273.641 0.869384
140200 -16198.9 -20050.9 298.286 -8.21716 0.87026
140300 -16243.7 -20096.1 298.311 -77.3527 0.871887
140400 -16324.3 -20087.7 291.417 14.748 0.873848
140500 -16292 -20103.4 295.141 222.917 0.875486
140600 -16164.5 -20049.2 300.822 40.7534 0.875363
140700 -16183 -20093.2 302.79 -143.68 0.874711
140800 -16278.9 -20124.5 297.791 44.4702 0.87523
140900 -16312 -20105 293.715 215.395 0.875236
141000 -16250.3 -20107.7 298.701 -50.8532 0.873489
141100 -16197.2 -20038.2 297.432 17.3838 0.871664
141200 -16163.9 -19986.2 295.991 80.0456 0.869762
141300 -16138.5 -19965.4 296.334 -164.854 0.867599
141400 -16101.6 -19964.9 299.159 -16.526 0.866385
141500 -16092.1 -19963.3 299.773 -235.661 0.865725
141600 -16154 -19974 295.805 -125.214 0.867104
141700 -16260.9 -20087.9 296.349 -140.063 0.870198
141800 -16323.7 -20144.7 295.882 -77.7925 0.874765
141900 -16312.9 -20149.7 297.105 177.711 0.880455
142000 -16292 -20144.3 298.308 376.441 0.884227
142100 -16242.8 -20069.9 296.353 186.436 0.884307
142200 -16111.5 -20012.4 302.07 92.6656 0.882662
142300 -16122.3 -19984 299.037 99.9431 0.880136
142400 -16185.4 -20039.1 298.416 159.139 0.876881
142500 -16242.7 -20036.9 293.803 -161.896 0.873178
142600 -16195.5 -20036.5 297.425 -316.184 0.871417
142700 -16098.6 -19988.4 301.217 -119.502 0.87262
142800 -16097 -19983.2 300.938 87.7416 0.874775
142900 -16147.7 -20029.1 300.559 -1.06685 0.87587
143000 -16210.5 -20050.6 297.365 110.402 0.876299
143100 -16215.7 -20030.2 295.377 72.7248 0.875849
143200 -16182.5 -20031 298.01 86.2105 0.874664
143300 -16149.3 -20005.7 298.622 -94.4171 0.873017
143400 -16136.4 -19981.1 297.722 -198.977 0.872466
143500 -16134.3 -19978.1 297.652 193.304 0.873286
143600 -16124.2 -19974.2 298.13 -8.00059 0.872829
143700 -16119.7 -19968.6 298.045 -281.457 0.872626
143800 -16123.8 -19976.9 298.369 -87.1308 0.874736
143900 -16141.4 -20008.5 299.456 58.1201 0.877676
144000 -16215.4 -20042 296.314 -34.7683 0.880295
144100 -16269.8 -20090.1 295.83 269.254 0.882402
144200 -16272.2 -20082.2 295.036 131.43 0.882054
144300 -16162.1 -20039.9 300.283 105.746 0.880476
144400 -16109.7 -19965.6 298.586 75.1956 0.878048
144500 -16102.5 -19957.5 298.518 -37.2695 0.87514
144600 -16112.2 -19942.2 296.573 -395.569 0.873229
144700 -16129.7 -20004.6 300.056 126.219 0.874208
144800 -16189.5 -19995.5 294.722 200.947 0.874538
144900 -16208.1 -20028.8 295.861 13.7474 0.872986
145000 -16142 -19993.5 298.247 -137.202 0.871529
145100 -16053.9 -19918.5 299.261 79.7848 0.8711
145200 -16021.6 -19905.8 300.773 -22.525 0.869985
145300 -16060.2 -19941.1 300.528 -99.8174 0.86927
145400 -16091.4 -19930.3 297.275 -76.22 0.869441
145500 -16093.8 -19970.8 300.225 -22.7811 0.870277
145600 -16150.1 -19972.3 295.977 -204.05 0.871467
145700 -16208.3 -19985.4 292.48 -179.308 0.87475
145800 -16126.6 -20006.5 300.444 304.351 0.879387
145900 -16042.2 -19931.8 301.199 257.949 0.88105
146000 -16045.1 -19914 299.595 346.342 0.879714
146100 -16122.2 -19991.6 299.631 -104.726 0.875938
146200 -16223.2 -20042.9 295.786 -192.717 0.873424
146300 -16216.4 -20050 296.861 55.3607 0.872904
146400 -16176.2 -20016.4 297.371 -165.295 0.872619
146500 -16088.2 -19940.9 298.344 -13.6428 0.873352
146600 -16026.1 -19910 300.759 -258.091 0.874494
146700 -16048.8 -19940.8 301.384 197.397 0.877023
146800 -16114.3 -20014.6 302.018 50.42 0.878002
146900 -16180 -20023.3 297.613 -116.998 0.878308
147000 -16189.5 -20032.7 297.603 -10.9792 0.879687
147100 -16175.6 -20020.6 297.74 372.05 0.880399
147200 -16129.8 -19954.8 296.194 187.958 0.878006
147300 -16017.8 -19888.8 299.754 72.7269 0.873981
147400 -15998.7 -19905.3 302.509 -223.479 0.869844
147500 -16078.1 -19910.4 296.76 -165.794 0.867824
147600 -16101.2 -19910.3 294.967 -226.154 0.867872
147700 -16061.9 -19903 297.444 -319.521 0.870324
147800 -16043 -19937.6 301.584 -4.00039 0.875496
147900 -16080.8 -19937.9 298.673 185.98 0.880026
148000 -16096.4 -19957.3 298.97 243.301 0.882196
148100 -16135.3 -20025.2 301.215 6.08519 0.882215
148200 -16196.7 -20024.2 296.388 -84.9156 0.881888
148300 -16218.8 -20083.5 299.269 -91.2494 0.882465
148400 -16240.1 -20061.2 295.893 102.157 0.883491
148500 -16201.3 -20038.4 297.133 94.4202 0.883789
148600 -16057.5 -19987.3 304.31 292.699 0.882924
148700 -16063.7 -19946.1 300.636 27.0415 0.879666
148800 -16147.9 -20010.4 299.093 -228.599 0.8764
148900 -16210 -20065.4 298.551 -12.9085 0.87511
149000 -16261.8 -20105.6 297.649 -115.169 0.874511
149100 -16289.8 -20052.7 291.382 -131.222 0.875059
149200 -16182.5 -20074.4 301.373 26.4245 0.876779
149300 -16165.2 -20027.4 299.069 42.9024 0.878138
149400 -16182.6 -19990.5 294.869 45.4742 0.878938
149500 -16145.5 -20045.6 302.01 5.80793 0.879267
149600 -16175 -20037.9 299.13 131.013 0.87927
149700 -16265.2 -20064.5 294.207 -222.774 0.878654
149800 -16265 -20080.4 295.447 56.6593 0.879605
149900 -16210.8 -20045.3 296.93 172.815 0.880225
150000 -16178.5 -20041.8 299.162 198.224 0.879102
150100 -16197.8 -20037.4 297.318 -41.7881 0.876424
150200 -16211.8 -20063.6 298.269 -42.8145 0.87371
150300 -16208.9 -20018.5 294.999 -209.789 0.871958
150400 -16135.6 -20011.8 300.16 12.6789 0.871746
150500 -16063.3 -19934.2 299.744 5.57299 0.871578
150600 -16036.9 -19927.7 301.292 -93.0433 0.871585
150700 -16127.1 -19986.5 298.854 5.32803 0.872217
150800 -16224.6 -20077.4 298.344 -177.967 0.87326
150900 -16262.9 -20095.8 296.807 185.186 0.875322
151000 -16269.8 -20088.5 295.706 -92.3724 0.876416
151100 -16197.1 -20033.9 297.109 134.578 0.877972
151200 -16096.7 -19967.4 299.732 79.4507 0.878692
151300 -16076 -19977.6 302.129 66.4447 0.878488
151400 -16146.9 -20033.2 300.944 11.5869 0.87758
151500 -16200.3 -20040.6 297.38 -148.252 0.876411
151600 -16217.6 -20045.8 296.443 -253.194 0.876819
151700 -16193 -20033.6 297.404 66.9167 0.879719
151800 -16104 -20015 302.848 216.79 0.882358
151900 -16088 -19996.1 302.627 211.684 0.883023
152000 -16223 -20079 298.596 279.168 0.88145
152100 -16293.3 -20105.2 295.176 64.6223 0.876957
152200 -16273.3 -20099.4 296.278 -309.107 0.871559
152300 -16195.2 -20055.2 298.911 -427.474 0.868747
152400 -16132.7 -19987.8 298.524 -53.7815 0.869575
152500 -16107.7 -19992.6 300.832 -57.9936 0.871602
152600 -16184.6 -20001.6 295.572 -112.514 0.874164
152700 -16276.6 -20104.7 296.431 139.035 0.877798
152800 -16299.1 -20115.4 295.52 320.567 0.880365
152900 -16253.6 -20106.9 298.381 149.765 0.87998
153000 -16136.3 -20009.8 299.947 104.066 0.877938
153100 -16095.6 -19980.1 300.799 -9.06062 0.874994
153200 -16144.1 -20011.1 299.442 35.3103 0.871817
153300 -16190.7 -19992.5 294.394 -130.348 0.868582
153400 -16165.6 -20026.5 298.968 -299.74 0.866985
153500 -16156.7 -19996.7 297.351 1.37026 0.867942
153600 -16152.9 -20014.5 299.03 -206.226 0.869479
153700 -16172.7 -20058.5 300.904 -95.1059 0.872638
153800 -16232.2 -20064.4 296.753 37.4919 0.876214
153900 -16264.8 -20087.9 296.049 -3.40454 0.878991
154000 -16241.5 -20117.3 300.127 -45.5044 0.881708
154100 -16187 -20048.6 299.021 425.035 0.883768
154200 -16149.7 -20029.9 300.474 170.236 0.882313
154300 -16161.5 -20046.1 300.806 153.982 0.879221
154400 -16245.9 -20049.4 294.527 -105.05 0.875603
154500 -16246.8 -20036.7 293.48 -68.088 0.873435
154600 -16177.9 -20027.9 298.127 -273.402 0.872853
154700 -16147.6 -19973.4 296.259 -25.2915 0.874264
154800 -16122.6 -20005.5 300.673 177.988 0.875677
154900 -16171 -20048.2 300.234 -140.577 0.875871
155000 -16253.9 -20040.3 293.204 -55.6787 0.876974
155100 -16230.9 -20064.1 296.825 10.173 0.878589
155200 -16199.8 -20054.1 298.459 -23.5691 0.880223
155300 -16179.9 -20057.3 300.25 38.4215 0.881859
155400 -16227.4 -20102.5 300.072 191.496 0.882894
155500 -16335 -20146.7 295.161 96.1682 0.882213
155600 -16355.2 -20173.5 295.676 38.7911 0.880455
155700 -16310.6 -20167.4 298.662 -161.468 0.878646
155800 -16223.3 -20101.2 300.292 65.7457 0.877955
155900 -16152 -20050.2 301.861 70.9084 0.877006
156000 -16117.7 -20015.2 301.807 101.451 0.875051
156100 -16167.7 -20042.4 300.038 19.5155 0.872301
156200 -16262.8 -20079.4 295.541 -225.687 0.869767
156300 -16266.1 -20048.8 292.919 -274.523 0.869183
156400 -16172.9 -20030.5 298.716 -215.579 0.871478
156500 -16143.2 -20036 301.438 107.018 0.875683
156600 -16199.8 -20050.3 298.174 -46.5366 0.879067
156700 -16231.6 -20047.9 295.519 181.696 0.882203
156800 -16213.4 -20073.5 298.913 208.854 0.883418
156900 -16205 -20046.6 297.48 22.8665 0.882587
157000 -16199.3 -20027.2 296.411 -19.7025 0.881517
157100 -16183 -20056.8 299.972 170.075 0.880299
157200 -16185 -19973.6 293.37 -179.235 0.878457
157300 -16125.6 -20021.6 301.692 -8.21844 0.87808
157400 -16115.9 -19968.9 298.362 151.326 0.877618
157500 -16128.1 -19988.2 298.916 -14.1422 0.87596
157600 -16150.2 -19979.3 296.505 -86.7109 0.874552
157700 -16141.4 -19972.8 296.689 -97.6444 0.874161
157800 -16075.4 -19951.2 300.13 188.911 0.874357
157900 -16011.5 -19895.9 300.792 68.6605 0.873144
158000 -16040.7 -19912.1 299.785 -187.599 0.871624
158100 -16146.9 -19947.8 294.329 -156.047 0.871784
158200 -16167.1 -20007.9 297.415 119.15 0.873311
158300 -16151.3 -19972.2 295.878 203.939 0.873689
158400 -16045 -19902.4 298.703 -54.7592 0.872391
158500 -15974.4 -19881.5 302.551 -117.03 0.871596
158600 -16019.8 -19864.8 297.74 -71.7962 0.871902
158700 -16069.5 -19929.2 298.886 -162.144 0.872936
158800 -16141.1 -19991.1 298.127 -125.34 0.875232
158900 -16237 -20067.7 296.635 155.662 0.877943
159000 -16251.5 -20072.3 295.866 -54.336 0.879262
159100 -16221.1 -20089.6 299.557 148.831 0.88039
159200 -16233.4 -20096 299.106 40.4512 0.880205
159300 -16309.5 -20098.4 293.399 -167.396 0.879741
159400 -16369.7 -20168.5 294.169 138.81 0.880339
159500 -16366 -20147 292.785 -57.5507 0.880147
159600 -16243.4 -20061.4 295.648 -29.4647 0.880252
159700 -16183.7 -20091.2 302.575 290.014 0.880489
159800 -16237.4 -20069.6 296.752 64.8752 0.87874
159900 -16272.5 -20085 295.226 -43.3404 0.87591
160000 -16217.8 -20050 296.753 5.46488 0.873608
160100 -16106.6 -19989.6 300.685 56.5805 0.871526
160200 -16088.7 -19945.6 298.665 -51.4253 0.868926
160300 -16091.1 -19918.7 296.397 -293.202 0.867156
160400 -16040.8 -19898 298.686 -85.7941 0.867979
160500 -15941.9 -19866.3 303.885 77.9329 0.869852
160600 -15974.8 -19862.2 301.022 143.99 0.870858
160700 -16048.9 -19895.5 297.868 -37.5558 0.870855
160800 -16062.7 -19913.9 298.227 -102.595 0.871151
160900 -16073.8 -19940.4 299.419 -28.0406 0.872069
161000 -16138.3 -19969.7 296.687 -4.55123 0.873408
161100 -16229.6 -20053.6 296.114 227.711 0.874415
161200 -16275.2 -20085.6 295.062 38.2089 0.873586
161300 -16251.6 -20074.8 296.052 231.466 0.872043
161400 -16145.3 -20020.1 300.053 -52.2938 0.868601
161500 -16096.3 -19976.3 300.449 -149.768 0.865307
161600 -16111.7 -19958.6 297.889 -176.343 0.863621
161700 -16143.4 -19953.8 295.068 -101.965 0.863701
161800 -16130.6 -19969.6 297.276 60.8625 0.864657
161900 -16058.5 -19925.3 299.435 -19.5394 0.865293
162000 -16005.6 -19898.1 301.424 131.636 0.865918
162100 -16045.6 -19901.4 298.58 -129.741 0.865678
162200 -16155.2 -19968.3 295.265 -237.177 0.866662
162300 -16171.7 -19989.2 295.614 123.554 0.86959
162400 -16148 -20017.4 299.626 10.9551 0.871977
162500 -16168.8 -20027.5 298.807 -120.986 0.874257
162600 -16257.6 -20064 294.751 56.2037 0.877509
162700 -16365.7 -20147 292.807 227.393 0.880418
162800 -16318.8 -20120 294.344 -5.56446 0.881367
162900 -16238.7 -20067.6 296.499 184.212 0.881715
163000 -16195.5 -20067.3 299.811 -17.0095 0.880683
163100 -16199.4 -20029.8 296.606 -110.023 0.87967
163200 -16166.1 -19993.1 296.344 -35.1246 0.879815
163300 -16054.9 -19956.5 302.128 182.811 0.880096
163400 -16052.2 -19920.3 299.53 -54.8767 0.878906
163500 -16110.3 -19959.1 298.035 -140.452 0.878136
163600 -16191.8 -20023.4 296.708 206.479 0.878203
163700 -16264.4 -20030.5 291.628 -26.3928 0.876687
163800 -16264.4 -20079.1 295.389 -195.939 0.875352
163900 -16175.7 -20050.8 300.074 65.8981 0.875324
164000 -16137.8 -20019.7 300.597 11.2226 0.875046
164100 -16159.3 -20011.4 298.292 -104.55 0.874598
164200 -16221.5 -20039.1 295.622 -126.492 0.874926
164300 -16294.7 -20134.7 297.353 73.5388 0.876671
164400 -16380.7 -20141.9 291.254 -56.2521 0.878565
164500 -16339.6 -20154 295.371 136.156 0.880969
164600 -16289.2 -20124.4 296.983 102.563 0.882683
164700 -16272.1 -20152 300.441 104.648 0.883259
164800 -16289.9 -20095.5 294.685 87.4288 0.88284
164900 -16233.8 -20092.2 298.782 306.637 0.881183
165000 -16128.2 -19998.8 299.726 -37.4356 0.876816
165100 -16092.8 -19968.2 300.101 11.682 0.871674
165200 -16116.6 -19973.8 298.686 -452.493 0.867404
165300 -16187.8 -20032.7 297.731 -151.434 0.866814
165400 -16292.7 -20061.8 291.867 -262.464 0.868382
165500 -16278.7 -20073.3 293.842 -25.2364 0.871997
165600 -16223.8 -20037.5 295.325 74.3797 0.876101
165700 -16145.9 -20023.8 300.292 170.418 0.879005
165800 -16141.8 -20045.1 302.26 126.9 0.880244
165900 -16242.6 -20123.5 300.521 65.0637 0.880225
166000 -16307.3 -20158.6 298.234 91.8669 0.879391
166100 -16326.8 -20149.1 295.988 68.4324 0.87781
166200 -16287.3 -20111.4 296.119 -112.561 0.875739
166300 -16187.7 -20080.4 301.433 -141.199 0.874699
166400 -16179.8 -20042.7 299.13 -84.0386 0.875031
166500 -16197.4 -20044.1 297.876 -298.828 0.876699
166600 -16196 -20052 298.589 116.365 0.88016
166700 -16238.4 -20097.4 298.827 147.1 0.882829
166800 -16350.3 -20152.9 294.459 65.2424 0.884031
166900 -16354.1 -20179.2 296.203 75.2846 0.884286
167000 -16291 -20110.3 295.753 22.8435 0.883909
167100 -16197.4 -20063 299.339 169.212 0.883153
167200 -16186.6 -20071.9 300.859 -43.3077 0.881301
167300 -16227.4 -20095.4 299.526 -138.219 0.879818
167400 -16275.7 -20069 293.739 -112.349 0.879619
167500 -16233.8 -20013.1 292.656 -270.077 0.8809
167600 -16177 -20016 297.282 109.622 0.884051
167700 -16155.4 -20025.7 299.697 85.6482 0.886189
167800 -16167.9 -20019.4 298.245 144.594 0.887206
167900 -16210.2 -20056.2 297.824 377.031 0.886437
168000 -16273.4 -20061.8 293.359 -115.245 0.883105
168100 -16219.4 -20042.1 296.021 40.0669 0.880831
168200 -16121.1 -20026 302.377 54.7528 0.878817
168300 -16144.4 -20008 299.178 -316.736 0.877375
168400 -16187.7 -20032.8 297.75 67.225 0.87831
168500 -16247.5 -20073.1 296.234 132.476 0.878668
168600 -16350.4 -20165.1 295.394 -64.2715 0.878051
168700 -16414.8 -20186.1 292.038 -103.361 0.877909
168800 -16350.6 -20154.6 294.569 230.171 0.878285
168900 -16296.9 -20126.6 296.557 -29.76 0.877053
169000 -16256.8 -20104.4 297.944 -128.697 0.876138
169100 -16229.5 -20140.2 302.833 60.6567 0.876483
169200 -16300.5 -20129.2 296.48 22.3948 0.876329
169300 -16346.1 -20155.9 295.017 -355.35 0.876303
169400 -16291.7 -20102.7 295.114 -8.39342 0.879195
169500 -16177.1 -20081.1 302.314 102.234 0.882282
169600 -16209.8 -20083.9 299.991 -40.8536 0.884391
169700 -16290.6 -20127 297.071 102.527 0.88655
169800 -16329.9 -20165.9 297.047 147.12 0.887737
169900 -16319.2 -20166.8 297.951 -148.245 0.887872
170000 -16259.5 -20129 299.64 270.364 0.888521
170100 -16172.1 -20064.8 301.433 437.175 0.886799
170200 -16155.1 -20034.3 300.391 208.601 0.881173
170300 -16224.1 -20031.9 294.858 -147.857 0.874212
170400 -16284.6 -20086.8 294.425 -226.226 0.869775
170500 -16254.6 -20060 294.681 -267.348 0.868313
170600 -16131.2 -19975.9 297.718 -188.559 0.86952
170700 -16081.6 -19969.5 301.059 58.4882 0.872225
170800 -16114.6 -19977.2 299.1 -12.538 0.874134
170900 -16196.1 -20022.3 296.285 22.4221 0.875688
171000 -16243.9 -20071.3 296.373 -94.8339 0.877248
171100 -16237.7 -20100.4 299.109 9.48011 0.879195
171200 -16239.4 -20087.4 297.98 -34.5743 0.880981
171300 -16254.6 -20103.8 298.065 8.66117 0.883054
171400 -16277.4 -20111.8 296.923 167.922 0.884851
171500 -16272.9 -20102.1 296.522 9.53557 0.885134
171600 -16216.5 -20079 299.091 81.8839 0.884959
171700 -16146.5 -20029.8 300.709 270.357 0.883901
171800 -16126.2 -20002.3 300.146 16.6352 0.880695
171900 -16181.6 -19994.6 295.271 39.7058 0.876998
172000 -16245.2 -20068.4 296.049 -249.794 0.873867
172100 -16255.1 -20064.2 294.96 -84.033 0.872707
172200 -16170.7 -20025 298.463 -63.6606 0.872633
172300 -16090 -19964 299.987 121.876 0.873122
172400 -16099.7 -19995.8 301.702 119.309 0.872458
172500 -16153.8 -19998.9 297.746 -65.4752 0.870783
172600 -16176 -20009.8 296.874 129.398 0.869437
172700 -16167.2 -20004 297.105 -68.1249 0.867524
172800 -16156.5 -20002.9 297.855 -155.817 0.866174
172900 -16156.1 -20045 301.139 -198.673 0.86647
173000 -16233.4 -20046.6 295.283 -225.157 0.868635
173100 -16342.2 -20068.3 288.539 36.5672 0.872535
173200 -16303.8 -20107.3 294.533 53.4109 0.876162
173300 -16250 -20073.1 296.047 -106.806 0.879174
173400 -16176.8 -20031.6 298.5 87.9404 0.882396
173500 -16129.6 -20010.8 300.548 250.76 0.884398
173600 -16151 -20007.3 298.615 98.3479 0.884116
173700 -16255.7 -20063 294.823 -56.6293 0.88268
173800 -16309.3 -20102.9 293.763 -27.6631 0.882022
173900 -16266.4 -20104.8 297.234 139.226 0.881666
174000 -16217 -20080.4 299.168 -111.029 0.880441
174100 -16214.2 -20097.8 300.733 -48.004 0.879948
174200 -16246.2 -20073.3 296.356 195.928 0.87973
174300 -16246.6 -20092.3 297.8 23.8947 0.878494
174400 -16203.7 -20043.7 297.355 0.538335 0.876952
174500 -16097.6 -19995.2 301.815 16.5947 0.875217
174600 -16081.6 -19955.5 299.981 -39.7329 0.873584
174700 -16124.1 -19982.8 298.8 -259.287 0.872736
174800 -16171.6 -19994.9 296.063 -357.635 0.874401
174900 -16178.3 -20000.8 295.998 39.7455 0.879003
175000 -16099.2 -19968.7 299.638 343.646 0.882781
175100 -16049.5 -19948.5 301.925 202.62 0.883593
175200 -16105.8 -19972.5 299.428 375.18 0.881882
175300 -16190.2 -19998.1 294.869 -115.822 0.877417
175400 -16178.5 -20000.2 295.941 -387.567 0.874483
175500 -16123.4 -20015.1 301.365 62.6059 0.874617
175600 -16126.9 -19964 297.126 -20.1419 0.874825
175700 -16127.3 -19971 297.648 -222.727 0.87533
175800 -16123.5 -20012.9 301.185 62.2189 0.877439
175900 -16188.9 -20048.2 298.846 209.04 0.879152
176000 -16258.3 -20076.8 295.684 -168.207 0.879256
176100 -16258 -20082.7 296.17 176.653 0.880228
176200 -16207.1 -20093.6 300.955 228.144 0.879793
176300 -16165.8 -20021.1 298.542 39.034 0.876942
176400 -16084.7 -19965.1 300.49 -168.459 0.874085
176500 -16026.9 -19944.2 303.338 100.839 0.872333
176600 -16094.7 -19937.1 297.542 -165.092 0.870295
176700 -16177 -20029.6 298.331 -115.491 0.869716
176800 -16203.8 -20039 296.984 -3.58231 0.87
176900 -16187.3 -20012.1 296.177 -80.968 0.870711
177000 -16146.7 -20047 302.018 143.193 0.871906
177100 -16231.5 -20038.1 294.773 -167.59 0.872383
177200 -16315.9 -20072.5 290.897 -152.892 0.874071
177300 -16265 -20077.3 295.21 56.3117 0.877079
177400 -16207.8 -20052.5 297.722 84.4533 0.880106
177500 -16194.8 -20104.1 302.723 325.109 0.881847
177600 -16250.8 -20074.3 296.081 -22.1699 0.880775
177700 -16264.1 -20090.2 296.273 -59.8253 0.879403
177800 -16245.1 -20087.9 297.571 -183.816 0.879054
177900 -16247.2 -20109.3 299.069 274.471 0.879906
178000 -16252.3 -20095.3 297.581 85.5579 0.878811
178100 -16245.4 -20093.5 297.985 -98.9953 0.876556
178200 -16212.8 -20063.7 298.195 -284.69 0.875544
178300 -16138 -19999.6 299.022 172.35 0.876651
178400 -16071.9 -19977.7 302.452 -18.8733 0.876795
178500 -16110.4 -19967.6 298.687 58.8077 0.876803
178600 -16219.5 -20048 296.46 -140.401 0.876531
178700 -16238.7 -20038.4 294.237 5.41789 0.877204
178800 -16187.1 -20025.6 297.242 101.277 0.878121
178900 -16145.8 -20022.3 300.185 227.373 0.878141
179000 -16168.1 -20047.5 300.408 -112.323 0.876087
179100 -16290.4 -20115.4 296.192 -368.644 0.874409
179200 -16317 -20095.3 292.573 -241.455 0.876463
179300 -16240.6 -20084.1 297.622 133.53 0.881412
179400 -16197.1 -20070.7 299.959 338.961 0.885904
179500 -16219 -20100.1 300.533 464.526 0.887315
179600 -16318 -20144.8 296.338 100.423 0.884309
179700 -16363.8 -20163 294.199 15.6952 0.879776
179800 -16314.5 -20111.3 294.006 -5.14545 0.874908
179900 -16223 -20052.1 296.508 -324.956 0.870563
180000 -16164.8 -20020.5 298.567 -171.735 0.86914
180100 -16143.9 -20005.9 299.053 -26.7883 0.869653
180200 -16168.2 -20045.4 300.235 -120.035 0.870848
180300 -16287.4 -20121.3 296.882 235.734 0.872421
180400 -16336.9 -20137.2 294.281 -60.2009 0.872593
180500 -16273.1 -20059.6 293.208 -83.6193 0.872892
180600 -16178.1 -19991.9 295.322 59.1949 0.873833
180700 -16124.9 -19995.5 299.726 12.8079 0.87453
180800 -16113.8 -19998.1 300.786 -99.3212 0.87484
180900 -16185.4 -20045.4 298.907 -48.4407 0.87603
181000 -16285.8 -20120.5 296.942 29.6784 0.877851
181100 -16302 -20133.9 296.731 116.454 0.879285
181200 -16281 -20125 297.665 -44.3625 0.879826
181300 -16212.8 -20105.8 301.462 18.0865 0.880515
181400 -16140 -20030.1 301.238 121.55 0.880912
181500 -16154.7 -20069.7 303.164 -180.431 0.880542
181600 -16280.7 -20119.5 297.259 -12.5209 0.881721
181700 -16337.7 -20182.7 297.747 445.949 0.882585
181800 -16362.6 -20176.6 295.339 73.04 0.879929
181900 -16310 -20157.4 297.93 32.6821 0.875843
182000 -16207.2 -20055.3 297.98 -397.221 0.872252
182100 -16141.3 -20038.3 301.765 -33.2353 0.871955
182200 -16172.8 -20032.4 298.879 -13.7136 0.872149
182300 -16194.3 -20027.2 296.812 -170.447 0.872642
182400 -16179.5 -20038.5 298.827 -2.44689 0.874533
182500 -16132.1 -20013 300.526 238.207 0.876201
182600 -16088.9 -20011 303.712 13.7571 0.876172
182700 -16176.7 -20086.5 302.76 30.2585 0.875604
182800 -16269.5 -20089.5 295.807 -68.7558 0.874934
182900 -16268.8 -20094.8 296.264 -122.58 0.874859
183000 -16209.8 -20078 299.54 -93.9636 0.87593
183100 -16148.2 -20007.3 298.832 194.485 0.877632
183200 -16087.8 -20001.7 303.076 347.747 0.877536
183300 -16036.4 -19913.5 300.221 31.4949 0.874371
183400 -16000.5 -19876 300.107 -245.43 0.87099
183500 -16013.9 -19914.3 302.035 -161.944 0.869996
183600 -16118.2 -19961.5 297.606 21.2954 0.8705
183700 -16174.6 -20000.4 296.254 -195.378 0.871245
183800 -16172.5 -20004.5 296.732 -193.305 0.873806
183900 -16107.1 -19986.1 300.371 -65.6982 0.877986
184000 -16028.7 -19995.9 307.2 245.414 0.882176
184100 -16133.9 -20009.4 300.105 119.844 0.884108
184200 -16212.3 -20087.5 300.081 115.554 0.884371
184300 -16279.7 -20115.8 297.048 36.3053 0.883546
184400 -16323.9 -20145.7 295.946 -44.9562 0.882591
184500 -16294.1 -20104.4 295.055 137.327 0.881858
184600 -16201.4 -20100.2 301.91 165.466 0.879964
184700 -16205.3 -20074.6 299.629 -174.87 0.877198
184800 -16239.5 -20086.8 297.924 -260.957 0.876403
184900 -16269.1 -20116.5 297.927 0.615242 0.877768
185000 -16274.5 -20112.7 297.212 41.9762 0.879148
185100 -16265.7 -20090.3 296.164 35.6945 0.880003
185200 -16231.5 -20071.5 297.356 -63.8485 0.880607
185300 -16178.3 -20052.1 299.974 103.99 0.88136
185400 -16138.4 -19991.3 298.361 71.0454 0.881265
185500 -16054.9 -19939.4 300.8 -187.404 0.880886
185600 -16002.7 -19919 303.265 -115.369 0.881809
185700 -16085.2 -19973.8 301.117 176.644 0.883678
185800 -16165.7 -20043.2 300.258 95.8084 0.88431
185900 -16214.9 -20078.7 299.202 113.717 0.883531
186000 -16277.3 -20111.1 296.88 16.7654 0.88178
186100 -16319.5 -20127.9 294.914 -140.785 0.880249
186200 -16268 -20086.8 295.711 -68.8398 0.879905
186300 -16162.9 -20067.1 302.33 135.188 0.880042
186400 -16178.1 -20033.8 298.575 90.2006 0.879214
186500 -16217 -20025.8 294.938 -8.38802 0.877443
186600 -16210.6 -20055.2 297.712 -47.5661 0.875636
186700 -16139.4 -19990.9 298.251 1.83519 0.874319
186800 -16067.8 -19991.8 303.859 6.2851 0.873167
186900 -16118.1 -19968.5 298.159 -270.229 0.872523
187000 -16180.3 -20031.3 298.202 188.28 0.873683
187100 -16204.1 -20051.9 297.956 92.0434 0.873401
187200 -16205.4 -20034.3 296.498 -33.5292 0.872144
187300 -16181.6 -20000.3 295.705 -4.10425 0.871216
187400 -16103 -19971.2 299.543 -62.2324 0.870452
187500 -16059.8 -19948.2 301.099 73.3206 0.870028
187600 -16070.4 -19912.3 297.498 -35.2025 0.869114
187700 -16066 -19925.1 298.836 -48.5853 0.868269
187800 -16085.1 -19943.4 298.773 -108.194 0.867946
187900 -16168.2 -19963.5 293.895 -191.207 0.868863
188000 -16199.6 -19966.5 291.696 199.196 0.871256
188100 -16108.1 -19975.3 299.461 -153.508 0.87286
188200 -16096.1 -19990.9 301.6 83.4324 0.875629
188300 -16150.7 -19997.6 297.894 103.999 0.878242
188400 -16200.9 -20041.3 297.386 240.026 0.879671
188500 -16220.8 -20016.8 293.947 -9.3905 0.879355
188600 -16131.2 -20021.1 301.22 322.841 0.878556
188700 -16086.4 -19982.8 301.722 165.517 0.874798
188800 -16122.8 -19939.1 295.516 -360.65 0.869121
188900 -16115.6 -19934 295.675 -243.996 0.866094
189000 -16006.6 -19871.6 299.294 -153.825 0.865727
189100 -15967.9 -19887.8 303.538 -70.7432 0.866889
189200 -16049.2 -19914.1 299.289 -65.0463 0.869099
189300 -16118.2 -20000.8 300.654 -35.3443 0.871971
189400 -16186.3 -20052.5 299.381 146.839 0.87493
189500 -16235 -20063.7 296.475 76.6268 0.877139
189600 -16220.8 -20038.7 295.645 294.244 0.877953
189700 -16170.1 -20034.6 299.254 89.9346 0.876022
189800 -16158.9 -19983.4 296.149 -67.5445 0.873192
189900 -16132.7 -19963.8 296.661 -218.565 0.871263
190000 -16110 -19992 300.601 12.7477 0.871095
190100 -16135.8 -19969 296.828 60.4223 0.870805
190200 -16204.9 -20002.3 294.054 44.6559 0.870048
190300 -16275.7 -20049.4 292.226 -58.1789 0.869153
190400 -16224.5 -20055.3 296.641 34.5468 0.868602
190500 -16131.1 -19976.2 297.748 5.99725 0.867842
190600 -16088.2 -19912.9 296.176 -124.434 0.86709
190700 -16054.9 -19954.6 301.978 92.1083 0.867205
190800 -16079.3 -19910.5 296.672 -85.7964 0.866729
190900 -16116.5 -19954.4 297.188 -84.2454 0.86671
191000 -16232.1 -20052.6 295.847 -159.868 0.868104
191100 -16267.1 -20042.7 292.374 -136.93 0.871326
191200 -16180.4 -20000.4 295.804 -83.322 0.87643
191300 -16118.4 -20010.1 301.361 339.98 0.882312
191400 -16145.7 -19996.2 298.168 337.18 0.88505
191500 -16199 -20046.8 297.961 170.535 0.884545
191600 -16293.8 -20096.5 294.461 62.7077 0.88222
191700 -16358.9 -20109.5 290.428 -111.724 0.87944
191800 -16276.6 -20099.5 296.027 106.433 0.877707
191900 -16229.8 -20070 297.369 32.4036 0.875266
192000 -16202.8 -20067.4 299.259 -19.5957 0.872611
192100 -16200.9 -20070.1 299.617 110.148 0.870137
192200 -16238.7 -20023 293.042 -206.315 0.867408
192300 -16173.5 -20043.6 299.684 -135.042 0.866559
192400 -16096.7 -19961.5 299.275 -143.663 0.867454
192500 -16062.4 -19956 301.502 42.2839 0.869181
192600 -16149 -19993.6 297.708 55.1801 0.870356
192700 -16234.9 -20042.7 294.858 -152.698 0.871291
192800 -16212.2 -20061 298.033 76.7308 0.87296
192900 -16158.9 -20005.7 297.882 51.6625 0.87398
193000 -16078 -19964.1 300.922 51.8692 0.874424
193100 -16065.5 -19962.7 301.781 164.483 0.874121
193200 -16193.1 -20013.3 295.823 -280.805 0.873067
193300 -16229.3 -20086.9 298.715 -135.706 0.873989
193400 -16249.1 -20082.1 296.819 56.0525 0.876231
193500 -16261.1 -20098.2 297.128 224.077 0.877643
193600 -16229.2 -20083.6 298.47 64.1936 0.876999
193700 -16160.8 -20043.3 300.647 -1.86516 0.875621
193800 -16120.1 -19997.5 300.254 64.5218 0.874268
193900 -16144.8 -19979.5 296.943 -339.418 0.873129
194000 -16225.7 -20094.9 299.617 31.7027 0.874364
194100 -16305.5 -20068.9 291.429 123.537 0.875815
194200 -16240 -20073.4 296.844 35.4886 0.87604
194300 -16189.3 -20061 299.81 -183.992 0.876097
194400 -16198.9 -20058.3 298.858 208.85 0.877303
194500 -16273.1 -20078.4 294.667 -63.5839 0.87726
194600 -16349.9 -20105.7 290.829 -80.788 0.877416
194700 -16264.1 -20123.7 298.874 93.599 0.878143
194800 -16201.1 -20070.9 299.661 145.364 0.877984
194900 -16213.8 -20073.5 298.878 248.695 0.876233
195000 -16247.3 -20067.1 295.79 -40.3758 0.872588
195100 -16263.2 -20063.9 294.312 -138.594 0.869485
195200 -16184.9 -20045.9 298.978 -206.442 0.86781
195300 -16124.7 -20006.6 300.6 -20.1712 0.867826
195400 -16162.5 -20049.4 300.989 63.2534 0.868415
195500 -16254.1 -20062.8 294.931 -108.648 0.868646
195600 -16249.8 -20046.9 294.039 56.8146 0.869489
195700 -16192.7 -20039 297.842 60.5058 0.869938
195800 -16152.3 -20021.5 299.615 184.436 0.869509
195900 -16160.9 -20010.8 298.118 -190.354 0.868086
196000 -16237.7 -20028.7 293.56 -148.807 0.868253
196100 -16296.4 -20075.9 292.668 -133.436 0.869941
196200 -16230.9 -20071.4 297.394 -13.4496 0.872333
196300 -16149.7 -20035.2 300.881 83.9832 0.874173
196400 -16145.3 -20007.1 299.042 61.0148 0.875075
196500 -16155.3 -19973.6 295.672 72.0088 0.875361
196600 -16128.3 -19993.4 299.297 146.901 0.87466
196700 -16119.3 -20012.5 301.472 134.997 0.872771
196800 -16198.1 -20023.1 296.19 47.8629 0.869869
196900 -16259 -20051.1 293.649 -354.923 0.867188
197000 -16205.2 -20032 296.336 -283.655 0.867554
197100 -16141.1 -20014.8 299.965 3.24588 0.87065
197200 -16146.1 -20037.3 301.322 397.208 0.873212
197300 -16232 -20056.5 296.157 -161.911 0.872815
197400 -16271.8 -20090.2 295.683 -11.0079 0.873107
197500 -16242.5 -20052.7 295.045 -95.9192 0.873862
197600 -16171.1 -20027.5 298.627 81.7223 0.874915
197700 -16132.7 -19981.4 298.031 91.2499 0.875463
197800 -16118.9 -19992.6 299.968 -15.7358 0.87544
197900 -16175.1 -20009 296.88 99.1501 0.875066
198000 -16268.2 -20077.3 294.961 19.1831 0.874054
198100 -16263.4 -20075.5 295.194 238.051 0.872322
198200 -16171.3 -19968.6 294.051 -199.921 0.869092
198300 -16070 -19885.4 295.448 -182.699 0.867626
198400 -16030.5 -19933.9 302.263 22.8001 0.868064
198500 -16078.9 -19927.2 298 88.1534 0.868128
198600 -16153.8 -19990.3 297.082 -212.008 0.867852
198700 -16190.1 -20006.8 295.557 -6.14778 0.869138
198800 -16155.2 -19996.6 297.459 58.6469 0.870626
198900 -16036.6 -19923.5 300.992 220.333 0.871455
199000 -16019 -19903.3 300.788 91.3972 0.870233
199100 -16073.1 -19906 296.811 -209.835 0.868185
199200 -16117.4 -19936.1 295.707 -61.0787 0.867978
199300 -16137.8 -19951.2 295.291 -180.449 0.868784
199400 -16099.9 -19953.5 298.41 -58.8649 0.870939
199500 -16042.8 -19949.8 302.546 50.0757 0.874118
199600 -16095.6 -19992 301.715 144.26 0.876806
199700 -16197.4 -20057.4 298.908 287.581 0.877934
199800 -16234 -20038.8 294.631 165.617 0.876544
199900 -16178.1 -20013.7 297.014 -205.18 0.873672
200000 -16112.5 -19963.7 298.22 94.2955 0.871815
200100 -16104 -19990 300.916 -41.9242 0.869507
200200 -16147.4 -19983.1 297.02 -189.079 0.867713
200300 -16159.8 -20004.9 297.755 -301.016 0.867547
200400 -16159.4 -20029.1 299.656 -177.205 0.870323
200500 -16192.5 -20071.4 300.368 243.224 0.875044
200600 -16259.9 -20098.7 297.255 369.143 0.877666
200700 -16292.8 -20111.3 295.687 132.24 0.877038
200800 -16268.1 -20121.5 298.394 27.1418 0.874666
200900 -16201.3 -20069.7 299.554 18.7544 0.871681
201000 -16076.8 -19978.1 302.103 -252.754 0.868966
201100 -16071 -19942.3 299.781 -236.86 0.86844
201200 -16135 -19988 298.356 -216.438 0.870468
201300 -16198.2 -19993.5 293.893 9.58802 0.874641
201400 -16182.4 -20057.5 300.076 123.371 0.878854
201500 -16212.2 -20094.1 300.6 419.182 0.881255
201600 -16337.4 -20081.1 289.904 19.2922 0.880129
201700 -16316.2 -20131.7 295.457 5.53333 0.878504
201800 -16246.5 -20084.4 297.186 -24.4061 0.877187
201900 -16177.1 -20051.2 299.995 51.1281 0.875876
202000 -16163.1 -20015.5 298.316 -98.0119 0.874429
202100 -16198.2 -20048.3 298.137 124.957 0.873729
202200 -16310.3 -20132.6 295.982 -12.3994 0.872343
202300 -16350.9 -20145.7 293.851 -190.361 0.871045
202400 -16276.9 -20099.6 296.015 -5.63978 0.871417
202500 -16216.8 -20089.7 299.904 206.346 0.871715
202600 -16222.1 -20060.5 297.232 -71.7552 0.870504
202700 -16222.3 -20068.7 297.851 -200.775 0.870097
202800 -16189.7 -20065.8 300.155 73.0916 0.871021
202900 -16142.7 -19985.8 297.593 75.1439 0.87164
203000 -16081.5 -19979.4 301.837 150.469 0.87136
203100 -16099.6 -19979.4 300.437 -90.7244 0.869979
203200 -16185 -20015 296.578 -51.5693 0.869215
203300 -16200.5 -20028.4 296.419 -134.674 0.869252
203400 -16190.2 -20041 298.19 39.6143 0.870373
203500 -16185.5 -20036.3 298.193 -170.146 0.87147
203600 -16187 -20046.1 298.833 38.3217 0.873696
203700 -16210 -20079.9 299.672 416.397 0.875148
203800 -16231.9 -20059 296.359 -58.6677 0.873692
203900 -16219.8 -20070.7 298.201 157.609 0.87211
204000 -16197.9 -20028.1 296.592 -77.2081 0.869446
204100 -16123.4 -20000.4 300.221 64.1439 0.867235
204200 -16059.8 -19908.7 298.042 -30.9154 0.865001
204300 -16013.5 -19868.1 298.483 -309.535 0.863419
204400 -15925.1 -19884.4 306.59 -43.4983 0.864551
204500 -15904.3 -19856.7 306.058 197.926 0.86594
204600 -16031.3 -19910.7 300.409 -96.3506 0.865635
204700 -16116.1 -19964.7 298.021 -68.5673 0.865965
204800 -16156.7 -19964.7 294.878 -108.062 0.867087
204900 -16148.8 -20009 298.917 -56.2687 0.869126
205000 -16136 -19987.7 298.258 186.836 0.871205
205100 -16098.9 -19945.9 297.896 -190.187 0.871923
205200 -16038.8 -19934.5 301.671 -274.394 0.873964
205300 -16047.4 -19940.3 301.453 79.012 0.8779
205400 -16152.8 -20012 298.842 31.8593 0.880841
205500 -16220.5 -20076.7 298.606 133.596 0.88277
205600 -16247.2 -20070.6 296.069 62.5864 0.883345
205700 -16234.5 -20096.6 299.066 -3.20181 0.883472
205800 -16221.6 -20100.4 300.361 120.502 0.883412
205900 -16260.4 -20113.5 298.373 -120.463 0.882514
206000 -16324 -20134.1 295.036 69.0025 0.882334
206100 -16320.2 -20136.6 295.527 54.2406 0.881608
206200 -16227.7 -20096.8 299.61 171.875 0.880222
206300 -16167.8 -20016.2 298.012 -72.0746 0.877685
206400 -16141.1 -19986.6 297.781 -70.7854 0.875586
206500 -16136.3 -20004 299.502 52.7039 0.874385
206600 -16156.3 -20017 298.959 -114.556 0.873149
206700 -16169.2 -20040.3 299.768 36.4475 0.872494
206800 -16205.3 -20066.4 298.988 34.6619 0.871837
206900 -16255.1 -20108.6 298.404 -95.157 0.870952
207000 -16287.2 -20076.6 293.438 -228.223 0.870983
207100 -16195 -20063.2 299.542 42.1509 0.872947
207200 -16110.1 -19979.4 299.618 122.685 0.874691
207300 -16124.7 -19997.3 299.873 19.9761 0.875392
207400 -16194 -20047.6 298.404 -104.068 0.875896
207500 -16251.3 -20066 295.399 -156.803 0.877368
207600 -16248.3 -20118.6 299.7 225.938 0.880155
207700 -16307.6 -20131.9 296.14 3.51543 0.881413
207800 -16385.9 -20169.3 292.974 138.753 0.882019
207900 -16343.7 -20168.1 296.148 46.2576 0.881595
208000 -16251.2 -20094 297.573 88.263 0.880466
208100 -16220.5 -20104.1 300.733 -99.5413 0.87873
208200 -16235.8 -20074.4 297.247 -186.82 0.877775
208300 -16244.9 -20100.9 298.593 -59.2204 0.878607
208400 -16307.6 -20116.3 294.936 81.2115 0.8801
208500 -16369.3 -20147.2 292.551 275.139 0.880702
208600 -16317.2 -20139.2 295.958 81.1036 0.879077
208700 -16213.6 -20056.4 297.572 135.157 0.87606
208800 -16182.2 -20059.2 300.219 -261.549 0.871796
208900 -16186.1 -20015.1 296.505 -429.244 0.869394
209000 -16158.5 -20024.2 299.344 -83.5949 0.870663
209100 -16123.2 -20046.7 303.822 79.4136 0.873746
209200 -16203.4 -20054.4 298.207 136.506 0.876706
209300 -16265.4 -20096.1 296.633 -11.6501 0.878731
209400 -16247.4 -20073.1 296.247 295.467 0.880524
209500 -16196.9 -20075.4 300.33 -1.99142 0.88047
209600 -16172.5 -20073.7 302.095 221.697 0.879711
209700 -16221.2 -20076.4 298.53 51.8221 0.876601
209800 -16280.1 -20065.4 293.118 -425.066 0.872447
209900 -16240.2 -20099.1 298.819 -257.429 0.871662
210000 -16183.3 -20059.4 300.15 113.211 0.873418
210100 -16104.4 -19993.8 301.176 232.473 0.874257
210200 -16027.8 -19938.1 302.793 59.6508 0.873033
210300 -16030.7 -19949.4 303.444 -58.0093 0.871077
210400 -16163.4 -20035.6 299.849 -137.011 0.869422
210500 -16228.8 -20062.5 296.865 -273.535 0.869022
210600 -16230.6 -20025.9 293.894 -137.477 0.871252
210700 -16146.2 -19991.7 297.776 2.34773 0.875159
210800 -16095.6 -19964.8 299.614 159.138 0.879459
210900 -16094 -19986 301.382 463.946 0.881956
211000 -16157.2 -20046.8 301.194 -12.7573 0.880544
211100 -16199.1 -20025.8 296.327 -126.741 0.878737
211200 -16191.3 -20072.7 300.563 186.073 0.877843
211300 -16227.6 -20073.9 297.84 -205.29 0.875824
211400 -16303.8 -20121 295.595 -165.781 0.875228
211500 -16341.3 -20139.5 294.115 -143.436 0.876693
211600 -16249.1 -20103.2 298.448 201.502 0.879297
211700 -16170.6 -20050.5 300.44 243.491 0.880146
211800 -16188.8 -20044.4 298.567 72.3535 0.878739
211900 -16214.5 -20014.4 294.252 -44.1269 0.876465
212000 -16165.5 -20025.9 298.937 -276.938 0.874975
212100 -16070.5 -19938 299.486 -79.0247 0.875702
212200 -16037.2 -19940.2 302.237 -23.2138 0.877478
212300 -16090.7 -19949.3 298.798 234.524 0.879255
212400 -16152.7 -20069.6 303.31 19.1767 0.879167
212500 -16216.2 -20104.7 301.107 130.996 0.878256
212600 -16284.8 -20072.6 293.312 5.7626 0.876402
212700 -16245.6 -20040.6 293.87 54.3863 0.874279
212800 -16150.8 -20010.3 298.866 -81.9587 0.871691
212900 -16108.5 -19934.4 296.257 -184.534 0.869523
213000 -16052.8 -19921.9 299.61 26.1031 0.86884
213100 -16027.6 -19924.9 301.788 -40.8566 0.868336
213200 -16139.4 -19969.7 296.605 -155.842 0.868469
213300 -16191.4 -20000 294.928 30.1179 0.869896
213400 -16143.6 -20008.7 299.301 -8.8031 0.871467
213500 -16120.5 -20001 300.491 21.4545 0.87368
213600 -16170.7 -20013.9 297.601 219.009 0.875683
213700 -16267.5 -20085.3 295.638 123.727 0.875668
213800 -16275.6 -20040.3 291.526 -208.958 0.874651
213900 -16197.5 -20049.4 298.274 101.158 0.875123
214000 -16179.6 -20012.7 296.82 208.548 0.874918
214100 -16146.5 -20003.7 298.685 21.4095 0.872704
214200 -16112 -20000.3 301.094 105.028 0.869232
214300 -16169.6 -19995.1 296.235 -434.17 0.864918
214400 -16252.4 -20049.2 294.008 -278.375 0.86383
214500 -16229.8 -20052.1 295.982 -209.973 0.865988
214600 -16144.8 -20046.7 302.154 19.2558 0.870291
214700 -16099 -19998.8 301.989 200.75 0.874578
214800 -16096.9 -19963.8 299.436 121.966 0.877135
214900 -16160.3 -20039.3 300.372 -46.7669 0.87847
215000 -16252.2 -20078 296.256 259.764 0.87968
215100 -16278.7 -20103.5 296.176 162.131 0.878637
215200 -16251.1 -20100.3 298.062 -7.85766 0.876025
215300 -16160 -20052.2 301.395 -178.833 0.873488
215400 -16118.1 -20011.4 301.481 -196.473 0.872592
215500 -16211.1 -20079.3 299.537 -44.8192 0.873847
215600 -16294.3 -20111.2 295.565 43.055 0.875542
215700 -16290.5 -20173.9 300.722 212.708 0.876461
215800 -16336.1 -20145.8 295.008 89.3307 0.875481
215900 -16340.7 -20171.3 296.632 -225.304 0.873971
216000 -16257.8 -20112.3 298.476 -89.0653 0.874322
216100 -16170.6 -20052.1 300.567 27.4421 0.875762
216200 -16178.8 -20073.4 301.577 116.176 0.876967
216300 -16233.9 -20077.7 297.648 119.2 0.876847
216400 -16238.2 -20045.5 294.822 28.9275 0.875697
216500 -16199.8 -20057.1 298.696 43.2162 0.874157
216600 -16176.8 -20014.7 297.197 -205.987 0.872504
216700 -16142.2 -20033.5 301.328 17.538 0.872204
216800 -16123.6 -20004.1 300.49 97.4826 0.871904
216900 -16162.2 -20018.1 298.59 -127.488 0.870947
217000 -16215.9 -20014.3 294.134 -143.324 0.870776
217100 -16184.8 -20018.6 296.878 53.4045 0.872081
217200 -16102.4 -20019.7 303.34 118.262 0.873577
217300 -16119.1 -19961.9 297.574 237.204 0.873844
217400 -16221.1 -19972.5 290.499 -11.5094 0.871832
217500 -16228.2 -19967 289.521 -145.293 0.869204
217600 -16114.2 -19949.7 297.011 -114.503 0.867485
217700 -16085 -19952 299.446 -208.655 0.866887
217800 -16095.5 -19951.1 298.559 -14.4288 0.868084
217900 -16135.7 -19970.8 296.974 -29.4374 0.869999
218000 -16180.4 -20020 297.323 -37.1564 0.872438
218100 -16244.3 -20054.4 295.037 138.477 0.875432
218200 -16297.8 -20093.9 293.957 147.564 0.8774
218300 -16279.9 -20127.6 297.952 -37.0789 0.878011
218400 -16202.4 -20109.6 302.552 50.1601 0.878746
218500 -16212.9 -20076.5 299.185 168.263 0.879121
218600 -16291.4 -20089.8 294.135 -177.681 0.878333
218700 -16329.8 -20124.2 293.818 -66.7115 0.878652
218800 -16257.8 -20101 297.601 128.796 0.879787
218900 -16174.1 -20080.3 302.484 221.615 0.879757
219000 -16205.2 -20064.3 298.836 171.459 0.877508
219100 -16270.6 -20097.9 296.367 -220.737 0.873553
219200 -16295.4 -20067.7 292.115 -282.393 0.87143
219300 -16185.5 -20070.4 300.832 186.29 0.871766
219400 -16126.9 -20014.5 301.038 138.769 0.870673
219500 -16165.7 -20036.5 299.742 -154.107 0.868352
219600 -16253 -20085.4 296.764 -253.806 0.867476
219700 -16275.4 -20104.4 296.497 -144.392 0.868898
219800 -16256.7 -20087.6 296.648 -141.943 0.87195
219900 -16225.9 -20079.4 298.407 154.824 0.876416
220000 -16224.3 -20119.1 301.596 381.37 0.879411
220100 -16261.2 -20097.9 297.097 120.734 0.878729
220200 -16260.7 -20092.2 296.7 117.701 0.87662
220300 -16233.4 -20086.2 298.347 -14.7878 0.87371
220400 -16188.1 -20067.3 300.386 -87.112 0.87114
220500 -16138 -20005.6 299.494 52.1664 0.869242
220600 -16068.1 -19918.2 298.137 -93.8417 0.867244
220700 -15983.6 -19894.6 302.855 61.8402 0.866076
220800 -16022.2 -19906.9 300.814 203.518 0.864495
220900 -16083.9 -19939.2 298.544 -94.6184 0.861614
221000 -16105.3 -19945.5 297.373 -264.97 0.859681
221100 -16084.8 -19917 296.748 -411.082 0.860472
221200 -16013.4 -19887.6 300.008 -22.1604 0.864398
221300 -15907.8 -19831.6 303.844 237.931 0.86797
221400 -15915.4 -19842.6 304.106 144.512 0.869024
221500 -16055 -19905.2 298.147 -229.49 0.868982
221600 -16086.9 -19943.6 298.647 -114.311 0.87042
221700 -16125.6 -19972.7 297.901 47.1748 0.872467
221800 -16164.6 -19981.3 295.553 -22.4897 0.874002
221900 -16174.8 -20010.8 297.047 102.869 0.875503
222000 -16158.3 -20022.3 299.211 153.442 0.87569
222100 -16112.7 -19973.2 298.944 11.7255 0.874611
222200 -16065 -19923.4 298.783 148.172 0.873317
222300 -16001.6 -19888.4 300.975 136.747 0.870644
222400 -15970.5 -19869.5 301.928 -132.893 0.867031
222500 -16055.2 -19881.4 296.284 -328.056 0.8652
222600 -16126 -19927.9 294.404 -99.3267 0.866212
222700 -16107.7 -19975.5 299.511 -144.971 0.868662
222800 -16095.2 -19957.3 299.066 237.884 0.87193
222900 -16128.1 -20006.1 300.296 80.366 0.873052
223000 -16226.3 -20061.7 297.001 -131.468 0.873335
223100 -16265 -20083.8 295.713 170.668 0.874388
223200 -16260.5 -20111 298.168 165.105 0.873982
223300 -16244.2 -20054.4 295.047 9.59583 0.87211
223400 -16140 -19988.4 298.006 122.034 0.869997
223500 -16063.1 -19909.6 297.855 -118.535 0.867061
223600 -16035 -19915.3 300.473 -151.378 0.865324
223700 -16066 -19889.6 296.081 15.775 0.864985
223800 -16140.2 -19964.5 296.135 -2.32437 0.864712
223900 -16228 -20008.3 292.728 -188.644 0.864543
224000 -16208.9 -20011.5 294.464 -233.198 0.866128
224100 -16117.9 -19990.9 299.911 -4.78502 0.869802
224200 -16119.5 -20008.6 301.151 70.0258 0.873576
224300 -16181.5 -20038.9 298.706 17.0156 0.876662
224400 -16236.9 -20055.6 295.703 57.3961 0.878985
224500 -16231.9 -20069.1 297.142 196.722 0.880421
224600 -16129.9 -19999.8 299.674 194.772 0.88009
224700 -16037.3 -19965.5 304.184 123.846 0.877902
224800 -16091.9 -19967.9 300.143 -213.186 0.874965
224900 -16161.9 -20029.4 299.485 -287.505 0.874181
225000 -16219.1 -20069.6 298.175 3.47986 0.875943
225100 -16251.9 -20072.8 295.881 4.51248 0.877731
225200 -16233.1 -20086.3 298.373 145.392 0.878943
225300 -16229 -20106.7 300.275 26.2132 0.878899
225400 -16355.6 -20158.7 294.499 -135 0.878769
225500 -16421.7 -20208.1 293.206 112.102 0.879674
225600 -16353.5 -20165 295.145 31.6905 0.879725
225700 -16279.2 -20132.3 298.368 127.104 0.879211
225800 -16243 -20079 297.046 83.9539 0.877661
225900 -16182.3 -20080.1 301.827 -19.9146 0.875557
226000 -16143.2 -19991.3 297.979 -1.92431 0.873622
226100 -16066.4 -20007.8 305.211 -60.0121 0.871951
226200 -16116.2 -19976 298.884 -2.42299 0.870707
226300 -16199 -20029.4 296.614 -356.731 0.870415
226400 -16209.8 -20023.8 295.34 -120.971 0.873025
226500 -16183 -20068.6 300.887 113.858 0.876477
226600 -16210 -20073.5 299.174 270.751 0.878691
226700 -16229.4 -20054.1 296.167 143.765 0.878468
226800 -16204.9 -20035.1 296.593 2.78722 0.876662
226900 -16153.7 -20006.5 298.346 17.8858 0.874934
227000 -16094.8 -19950.4 298.566 184.651 0.872959
227100 -16016.1 -19915.7 301.972 -57.9194 0.869734
227200 -15922.7 -19852.5 304.312 -112.832 0.866986
227300 -15979.6 -19911.3 304.455 -189.691 0.865549
227400 -16095.6 -19931.8 297.064 -94.8742 0.865598
227500 -16117.6 -19957.4 297.344 -346.22 0.867194
227600 -16124 -19978.9 298.512 109.301 0.871444
227700 -16152 -19993.6 297.478 302.292 0.874652
227800 -16197.9 -20016.9 295.734 -54.4709 0.875403
227900 -16214.5 -20028.3 295.324 121.123 0.876061
228000 -16155.6 -20020.7 299.301 155.13 0.875622
228100 -16080.9 -19945.2 299.236 -70.1116 0.873912
228200 -16057.6 -19957.8 302.016 -12.2636 0.872752
228300 -16160.2 -19986.2 296.273 -49.8204 0.871892
228400 -16204.5 -19983 292.593 16.5241 0.871233
228500 -16132.7 -19941 294.903 -107.359 0.870605
228600 -16063.5 -19938.1 300.029 -121.915 0.871201
228700 -16063.9 -19938.6 300.043 127.861 0.872718
228800 -16132.4 -19978.5 297.826 -123.076 0.873708
228900 -16225 -20027.8 294.472 85.2318 0.875284
229000 -16215.2 -20014.1 294.165 199.928 0.875989
229100 -16166.3 -20002.6 297.064 -33.0082 0.875161
229200 -16116.7 -19961.3 297.705 104.678 0.874088
229300 -16068.8 -19927.9 298.839 -184.544 0.872584
229400 -16037.3 -19917.3 300.451 139.359 0.872054
229500 -16024.4 -19920.2 301.671 -53.2865 0.870718
229600 -16091.7 -19957.4 299.344 -130.908 0.869614
229700 -16170.3 -19992.1 295.941 160.182 0.869452
229800 -16202 -20055.9 298.433 -39.4072 0.868242
229900 -16230.3 -20011.6 292.811 -115.302 0.866874
230000 -16135.8 -19974.7 297.264 -98.2151 0.866692
230100 -16058.5 -19934.4 300.139 166.337 0.86718
230200 -16078.6 -19955.6 300.219 -234.905 0.866681
230300 -16149.6 -19980.1 296.623 -131.034 0.868224
230400 -16181.4 -20017.2 297.032 30.3654 0.871454
230500 -16181.8 -20000.6 295.718 129.971 0.87492
230600 -16108.2 -19971.5 299.158 -49.1035 0.87811
230700 -16035.7 -19937.2 302.123 178.372 0.881483
230800 -16072.8 -19990.9 303.399 243.48 0.883209
230900 -16176.2 -20003.7 296.391 149.011 0.882729
231000 -16192.3 -20022.9 296.623 144.067 0.880585
231100 -16157.3 -20010.2 298.351 -61.3925 0.877086
231200 -16087.2 -19983.5 301.717 -125.72 0.874021
231300 -16031.6 -19914.7 300.696 -150.484 0.872083
231400 -16007 -19901.3 301.558 -143.107 0.871651
231500 -16062.2 -19917.5 298.544 -45.2567 0.872573
231600 -16147.5 -19981.4 296.881 -119.092 0.874261
231700 -16186.1 -20032 297.815 165.662 0.8766
231800 -16216.8 -20037.3 295.843 -75.1738 0.878125
231900 -16237.5 -20055.9 295.681 208.481 0.879785
232000 -16232.2 -20078.5 297.84 295.441 0.879777
232100 -16206.7 -20049.3 297.558 -144.198 0.877336
232200 -16150.2 -20021.3 299.771 -242.996 0.875625
232300 -16110.5 -20012.6 302.16 212.055 0.875895
232400 -16167.8 -19999.8 296.731 -151.111 0.875084
232500 -16259.6 -20059.6 294.263 -122.38 0.875055
232600 -16271.3 -20127.7 298.625 82.606 0.876267
232700 -16286.7 -20094.5 294.862 -270.043 0.877511
232800 -16246.5 -20093.1 297.863 125.427 0.880633
232900 -16170 -20066.7 301.74 228.891 0.882866
233000 -16187 -20084.7 301.823 107.666 0.882827
233100 -16279.6 -20103.9 296.142 24.99 0.881945
233200 -16296.1 -20116.2 295.814 129.577 0.88051
233300 -16252.8 -20094.4 297.481 4.09601 0.877804
233400 -16197.3 -20044.7 297.923 -287.86 0.875502
233500 -16141.5 -20022.5 300.532 236.965 0.875139
233600 -16047.3 -19948.7 302.106 -133.392 0.87354
233700 -15989 -19898.5 302.736 17.7033 0.872431
233800 -16052.3 -19924.5 299.852 -133.75 0.871518
233900 -16125.2 -19914.2 293.408 -127.047 0.871525
234000 -16098.3 -19944.4 297.833 -64.1475 0.873204
234100 -16062.9 -19951.1 301.087 95.8223 0.87552
234200 -16099.8 -19953.8 298.443 119.231 0.876719
234300 -16206.8 -20033.2 296.303 -69.7517 0.877287
234400 -16255.1 -20078.6 296.076 255.73 0.877817
234500 -16233.3 -20057.2 296.108 -167.696 0.876816
234600 -16144 -20038.1 301.548 208.672 0.876271
234700 -16106.2 -19978.6 299.858 29.5 0.874083
234800 -16149.2 -19988.1 297.263 -199.257 0.871766
234900 -16264.6 -20046.4 292.845 71.3364 0.87071
235000 -16258.5 -20090.7 296.755 -289.735 0.86984
235100 -16189.4 -20041.6 298.299 36.2347 0.871093
235200 -16126.2 -20006.4 300.471 202.641 0.872176
235300 -16133.6 -20010.6 300.222 -97.1865 0.871816
235400 -16236.2 -20043 294.783 -59.7374 0.87206
235500 -16331.9 -20116.1 293.027 -224.676 0.873359
235600 -16285.6 -20095 294.985 51.5227 0.876367
235700 -16208.9 -20092.6 300.737 100.216 0.879576
235800 -16220 -20116.3 301.717 260.39 0.881754
235900 -16305.9 -20123 295.576 68.9215 0.881465
236000 -16317.8 -20125 294.812 18.1512 0.880123
236100 -16286.9 -20147.1 298.922 -201.983 0.878772
236200 -16285.4 -20143.1 298.731 -163.011 0.879223
236300 -16305.4 -20139 296.861 11.0662 0.881725
236400 -16325 -20165.5 297.396 321.608 0.884041
236500 -16361.6 -20191.3 296.563 145.017 0.883713
236600 -16381 -20203.5 295.996 64.724 0.881468
236700 -16348.9 -20142 293.727 -72.9933 0.878162
236800 -16240.1 -20085 297.728 -197.115 0.875218
236900 -16184.9 -20029.6 297.717 -25.6541 0.873693
237000 -16148 -20008.5 298.945 -83.5586 0.872268
237100 -16094.6 -19924.4 296.558 -275.763 0.87144
237200 -15995 -19934.1 305.035 -243.676 0.873405
237300 -16030.4 -19916.5 300.927 67.1039 0.878722
237400 -16080.1 -19925.7 297.791 577.482 0.884086
237500 -16109.2 -19985.6 300.171 217.864 0.885065
237600 -16171.4 -20005.4 296.892 -84.9289 0.883811
237700 -16202.4 -20036 296.861 168.08 0.882612
237800 -16199.4 -20050.2 298.196 -42.735 0.880183
237900 -16194.6 -20044.4 298.118 -48.363 0.877672
238000 -16199.7 -20039.7 297.354 -251.659 0.875838
238100 -16214.2 -20077.7 299.18 -94.7439 0.876179
238200 -16267 -20075 294.879 102.023 0.877471
238300 -16299.5 -20109.6 295.037 -15.035 0.878092
238400 -16238.8 -20093.4 298.482 10.0268 0.878537
238500 -16153.1 -20041.1 301.068 -151.549 0.879068
238600 -16152.4 -20034.4 300.613 141.825 0.880847
238700 -16211 -20050.6 297.323 235.094 0.881695
238800 -16243.2 -20103.7 298.944 12.1695 0.880447
238900 -16255.6 -20092.5 297.117 -242.386 0.879081
239000 -16240.6 -20092.9 298.303 23.1109 0.879599
239100 -16221.7 -20075.3 298.402 232.913 0.880018
239200 -16207.3 -20085.5 300.312 108.129 0.878166
239300 -16224.2 -20060.8 297.089 29.5051 0.874985
239400 -16248 -20064.7 295.544 -15.9841 0.871225
239500 -16221 -20054.6 296.854 -282.099 0.867944
239600 -16143 -20019.5 300.184 -137.071 0.8671
239700 -16107.4 -19998.3 301.294 -26.3746 0.867686
239800 -16173.5 -20032.9 298.857 -62.8627 0.868689
239900 -16279.1 -20072.8 293.764 -154.361 0.870575
240000 -16247.5 -20067.8 295.829 174.098 0.873577
240100 -16174.9 -20024.6 298.111 143.107 0.875361
240200 -16143.8 -20011.7 299.517 189.595 0.875536
240300 -16171.8 -20046.9 300.075 147.814 0.873647
240400 -16251.9 -20028.4 292.433 -162.354 0.870704
240500 -16336.9 -20143.7 294.787 -219.158 0.869232
240600 -16407.1 -20152.8 290.053 -139.637 0.869727
240700 -16314.7 -20106.1 293.589 -48.6343 0.871785
240800 -16226.5 -20072.8 297.836 236.433 0.874277
240900 -16188.1 -20063.6 300.103 -21.4159 0.874942
241000 -16172.7 -20010.7 297.193 -4.13061 0.875385
241100 -16119 -20000.8 300.589 91.4157 0.875788
241200 -16066.2 -19949.9 300.744 2.19805 0.875506
241300 -16064.9 -19965 302.009 59.7644 0.874999
241400 -16160.8 -19987.6 296.33 -110.325 0.874123
241500 -16211.1 -20042.6 296.694 -6.30758 0.873818
241600 -16218.5 -20063.8 297.762 -75.1689 0.873896
241700 -16199.6 -20055.9 298.613 92.8398 0.874631
241800 -16147.5 -20022.6 300.069 164.299 0.874471
241900 -16122 -19992.4 299.709 -52.002 0.87274
242000 -16156.7 -20021.2 299.251 -240.638 0.871265
242100 -16245 -20063.3 295.667 -153.923 0.871585
242200 -16278.4 -20087.7 294.977 -70.6527 0.873657
242300 -16225.2 -20045.5 295.831 122.949 0.876849
242400 -16169.8 -20003.9 296.905 297.153 0.879449
242500 -16157.1 -20043.9 300.978 267.601 0.879357
242600 -16207.9 -20049.2 297.455 238.183 0.876227
242700 -16270.5 -20108 297.164 56.8839 0.870659
242800 -16316.1 -20120.6 294.611 -428.891 0.864952
242900 -16311.5 -20131.5 295.803 -295.187 0.862973
243000 -16230.3 -20054.8 296.153 -327.99 0.86454
243100 -16131 -19978 297.901 193.982 0.868499
243200 -16084.7 -19979.8 301.624 126.529 0.870812
243300 -16132 -20004 299.834 102.411 0.871436
243400 -16224.8 -20061.1 297.068 -188.69 0.871442
243500 -16242.6 -20064.3 295.938 -155.328 0.873041
243600 -16213.6 -20054.7 297.439 77.0911 0.875847
243700 -16174.9 -20027.7 298.347 156.11 0.877885
243800 -16112.2 -20041.3 304.25 53.6255 0.878381
243900 -16092.9 -20015.1 303.725 218.747 0.877757
244000 -16193.1 -20025.2 296.749 -66.7602 0.87567
244100 -16232.2 -20048.5 295.524 -156.895 0.8741
244200 -16207.9 -20064.5 298.638 -398.36 0.874812
244300 -16159.2 -20094.1 304.699 198.312 0.878198
244400 -16214 -20075.8 299.047 131.87 0.879962
244500 -16304.8 -20132.8 296.428 -78.0904 0.880579
244600 -16340.6 -20181.8 297.443 239.713 0.881275
244700 -16344.8 -20141 293.969 27.5455 0.8801
244800 -16226.5 -20075.4 298.041 215.63 0.87812
244900 -16172.3 -20050.3 300.299 -186.848 0.875175
245000 -16183 -20013.8 296.647 25.7193 0.873663
245100 -16171.4 -20015.2 297.649 103.768 0.872023
245200 -16124 -20010.4 300.953 -120.062 0.869945
245300 -16078.2 -19953.3 300.073 -9.54214 0.868892
245400 -16052.6 -19902.4 298.114 -95.2096 0.86821
245500 -16004.4 -19882.4 300.3 -63.4342 0.868561
245600 -15958.3 -19844 300.896 41.9216 0.869349
245700 -15995.4 -19945.2 305.862 158.627 0.869522
245800 -16116.4 -19946.8 296.612 -18.1311 0.868514
245900 -16122.8 -19933.4 295.078 -295.685 0.867987
246000 -16061.1 -19924 299.127 131.988 0.869497
246100 -16003.3 -19888.1 300.825 44.5727 0.8702
246200 -15998.8 -19868.2 299.633 -15.7744 0.870316
246300 -16100 -19962.2 299.073 -136.179 0.870622
246400 -16200.4 -20037.5 297.131 9.17568 0.872098
246500 -16230.3 -20083.9 298.406 198.539 0.873475
246600 -16262.7 -20080.8 295.658 53.3511 0.873084
246700 -16255.8 -20109.8 298.441 -113.304 0.872222
246800 -16235.9 -20099.8 299.204 -57.2082 0.872445
246900 -16209.9 -20047.1 297.135 -15.3289 0.873062
247000 -16153 -20001.9 298.041 2.8148 0.874008
247100 -16089.9 -20000.5 302.827 250.898 0.874357
247200 -16113.9 -19955.3 297.464 39.8836 0.872649
247300 -16207.7 -20017.3 295.005 -85.0191 0.870836
247400 -16273.3 -20064.6 293.586 -15.5854 0.869979
247500 -16223.9 -20051.8 296.42 -84.976 0.8698
247600 -16165.8 -20039.8 299.986 -177.673 0.87045
247700 -16164.4 -20004.5 297.359 -218.978 0.872443
247800 -16154.4 -20001.7 297.923 -7.13567 0.876038
247900 -16145.4 -20025 300.424 307.462 0.879042
248000 -16216.5 -20074 298.709 165.127 0.879187
248100 -16300.3 -20095.5 293.888 -64.3947 0.877898
248200 -16276.5 -20115.4 297.272 135.146 0.876746
248300 -16218.3 -20084.6 299.39 -176.887 0.875259
248400 -16132.2 -20008.1 300.136 -42.5077 0.87512
248500 -16039.4 -19969.8 304.353 102.227 0.875296
248600 -16071.4 -19972.2 302.058 133.826 0.87449
248700 -16131.2 -19986.8 298.564 64.6354 0.872328
248800 -16148.3 -19997.3 298.051 -236.996 0.869963
248900 -16146.7 -19953.9 294.815 -359.693 0.869917
249000 -16078 -19978.2 302.018 -10.9922 0.872981
249100 -16069 -19963 301.536 328.545 0.8762
249200 -16184.8 -20020.3 297.002 -66.6534 0.8769
249300 -16232.4 -20063.9 296.698 -41.3056 0.877531
249400 -16205.6 -20035.3 296.558 81.2755 0.878364
249500 -16180.4 -20084.5 302.323 -123.304 0.878772
249600 -16238.2 -20069.2 296.661 97.066 0.880093
249700 -16262.2 -20094.7 296.778 260.79 0.880395
249800 -16254.6 -20085 296.614 -90.1573 0.878695
249900 -16248.4 -20103.3 298.507 5.12783 0.877313
250000 -16254.6 -20086.9 296.756 148.765 0.875953
250100 -16232.5 -20089 298.64 54.9318 0.873421
250200 -16193.3 -20069.3 300.145 -161.168 0.870325
250300 -16152.3 -20016.8 299.255 -179.727 0.868776
250400 -16120 -19982 299.063 -172.276 0.869289
250500 -16094.7 -19983.2 301.11 -12.3024 0.87137
250600 -16128.8 -20006.3 300.259 62.7074 0.873495
250700 -16226 -20070.3 297.692 -66.2147 0.875291
250800 -16265.4 -20081.3 295.489 324.023 0.876804
250900 -16243.3 -20086.5 297.6 113.22 0.875533
251000 -16151.1 -20039.4 301.09 1.64021 0.873307
251100 -16048.2 -19937.3 301.153 56.9518 0.871249
251200 -16030.8 -19898.9 299.535 -14.0687 0.868829
251300 -16042.6 -19912.6 299.681 -360.953 0.867305
251400 -16081.3 -19970.6 301.171 -256.758 0.868878
251500 -16158.5 -20008.3 298.117 -205.229 0.872725
251600 -16209.6 -20074.4 299.274 89.3426 0.877498
251700 -16254.7 -20114.3 298.872 169.89 0.880552
251800 -16282.2 -20116.9 296.943 200.013 0.881138
251900 -16274.9 -20080.4 294.683 113.245 0.879945
252000 -16229.9 -20064.4 296.925 64.5564 0.877949
252100 -16183 -20001 295.649 -79.7851 0.875927
252200 -16113.3 -19974.3 298.975 162.194 0.874514
252300 -16098.6 -19963.7 299.295 -95.2322 0.872315
252400 -16115.3 -19976.6 299.003 -135.284 0.870862
252500 -16154 -20038.4 300.79 -57.8322 0.870785
252600 -16246.9 -20057 295.033 -119.148 0.871596
252700 -16255.4 -20054.4 294.182 -49.7286 0.873259
252800 -16201.6 -20033.5 296.726 165.223 0.875071
252900 -16171 -20071.3 302.022 -7.15089 0.875814
253000 -16235.2 -20088.3 298.37 34.5826 0.876192
253100 -16299.6 -20120 295.838 85.284 0.876243
253200 -16291.9 -20097.4 294.681 -173.28 0.875835
253300 -16243.3 -20073.1 296.559 34.0546 0.876657
253400 -16199.5 -20084.5 300.845 154.628 0.877384
253500 -16223 -20057.3 296.915 111.425 0.87657
253600 -16283.8 -20078 293.813 -123.931 0.874849
253700 -16337.1 -20102.9 291.606 -49.4184 0.874027
253800 -16264.4 -20124.9 298.944 53.9749 0.873753
253900 -16195.2 -20041.2 297.821 -13.1182 0.872867
254000 -16153.7 -19999.1 297.769 3.64514 0.871944
254100 -16123.3 -19961.1 297.185 -76.1244 0.871319
254200 -16032.8 -19972.8 305.095 -52.0017 0.871296
254300 -15965.9 -19873.8 302.613 -285.906 0.872007
254400 -16024.1 -19894.3 299.689 32.0787 0.875193
254500 -16102.8 -19992.5 301.209 164.821 0.878883
254600 -16156 -20039.6 300.736 67.6227 0.881242
254700 -16218.2 -20084.3 299.378 278.12 0.88248
254800 -16283.4 -20084.3 294.321 117.287 0.881124
254900 -16269.2 -20089.9 295.863 -119.215 0.878804
255000 -16162.7 -20027.6 299.283 140.768 0.877118
255100 -16098.5 -19950.9 298.315 -117.195 0.874232
255200 -16109.2 -20008.4 301.937 10.7098 0.87186
255300 -16178.8 -19994 295.429 -284.939 0.869687
255400 -16186.7 -20037.7 298.207 -72.9243 0.869577
255500 -16183.6 -20044.7 298.985 19.1557 0.870811
255600 -16270.4 -20125.5 298.523 -5.1467 0.872213
255700 -16365.6 -20157.8 293.648 169.222 0.873468
255800 -16334.7 -20138.8 294.576 -58.8157 0.873569
255900 -16241.5 -20105.1 299.185 -70.4642 0.874083
256000 -16216 -20095.5 300.417 54.8809 0.875376
256100 -16259.4 -20099.7 297.373 99.7335 0.876536
256200 -16343.6 -20147.8 294.588 105.085 0.877004
256300 -16442.3 -20241.4 294.188 -1.5433 0.876435
256400 -16516.8 -20250.2 289.099 -165.014 0.875505
256500 -16420.3 -20214.3 293.797 -231.658 0.87617
256600 -16355.3 -20208.4 298.371 307.966 0.879061
256700 -16341.2 -20193 298.275 329.018 0.879631
256800 -16327.1 -20137.7 295.077 -112.565 0.87722
256900 -16243.1 -20122.2 300.382 -133.293 0.875104
257000 -16209.4 -20065.7 298.613 -145.76 0.874275
257100 -16206 -20077.2 299.77 -59.9458 0.875037
257200 -16277.8 -20112.3 296.923 24.5399 0.876462
257300 -16369.9 -20229.3 298.857 103.855 0.877493
257400 -16411.9 -20162.8 290.452 -84.9871 0.877905
257500 -16326.1 -20158.2 296.745 21.4343 0.879166
257600 -16286.5 -20161.3 300.047 433.218 0.879831
257700 -16316.2 -20156.4 297.374 -146.138 0.877126
257800 -16321.6 -20119.6 294.099 -322.222 0.875145
257900 -16220 -20124.2 302.325 -84.4161 0.876148
258000 -16202.5 -20140 304.905 139.545 0.878234
258100 -16282.3 -20144.2 299.05 -54.0362 0.879269
258200 -16311.9 -20162.3 298.161 -12.7846 0.880724
258300 -16331.7 -20165.4 296.864 241.843 0.88231
258400 -16331 -20180.9 298.125 6.01912 0.88189
258500 -16319.1 -20162.5 297.616 174.002 0.880696
258600 -16282.1 -20134 298.272 -132.761 0.878422
258700 -16207.5 -20038.4 296.652 17.0898 0.876731
258800 -16134.9 -20034.6 301.983 -121.24 0.875097
258900 -16163.3 -20040.1 300.21 -226.897 0.874426
259000 -16239.2 -20098.3 298.835 -55.8593 0.876028
259100 -16286.5 -20160.9 300.017 434.694 0.878168
259200 -16329 -20164.6 297.009 155.027 0.876595
259300 -16329.8 -20126.7 294.02 -163.591 0.87333
259400 -16227.9 -20056 296.433 -322.501 0.871465
259500 -16177.9 -20058.8 300.527 -320.436 0.872593
259600 -16210.5 -20084.6 300 47.7152 0.876774
259700 -16287 -20116.8 296.564 250.105 0.880968
259800 -16319.2 -20149.4 296.594 215.598 0.882955
259900 -16307.3 -20139.4 296.747 224.895 0.882645
260000 -16191.6 -20092 302.027 55.9223 0.880295
260100 -16140.1 -19991.2 298.213 -99.7817 0.87707
260200 -16109.8 -19929.1 295.749 -146.075 0.874989
260300 -16043.5 -19993.2 305.855 -22.1406 0.874255
260400 -16110.3 -19961 298.178 55.6997 0.873414
260500 -16135.6 -19966.7 296.672 -236.767 0.87259
260600 -16135.3 -20029.1 301.519 -13.83 0.873579
260700 -16215.7 -20076.6 298.975 56.8998 0.875067
260800 -16281.1 -20096.7 295.468 -22.2064 0.876203
260900 -16265 -20107.7 297.56 56.4283 0.877747
261000 -16262.5 -20173.4 302.845 107.542 0.879058
261100 -16335.6 -20170.4 296.953 -14.3282 0.879328
261200 -16344.1 -20184.6 297.398 24.9123 0.879694
261300 -16338.5 -20200.3 299.049 232.801 0.879726
261400 -16346.5 -20149.2 294.467 -12.8579 0.877715
261500 -16262.1 -20075.2 295.268 -63.6604 0.874986
261600 -16170.2 -20030.8 298.947 -120.327 0.872512
261700 -16159.7 -20024.8 299.297 -116.975 0.870747
261800 -16190.2 -20016.9 296.323 -66.6008 0.870039
261900 -16191.5 -20015.4 296.107 -174.933 0.870315
262000 -16122.1 -20031.9 302.758 -125.741 0.872369
262100 -16116.1 -20002.8 300.972 260.624 0.875395
262200 -16207 -19997.3 293.511 192.903 0.876488
262300 -16235.1 -20072.9 297.181 -0.181492 0.876027
262400 -16221.6 -20083.7 299.066 -273.529 0.875618
262500 -16205.7 -20065.5 298.887 66.2631 0.877186
262600 -16174.4 -20003.1 296.485 117.247 0.878827
262700 -16120.1 -20010.7 301.271 -117.168 0.879895
262800 -16124.6 -20019.7 301.621 401.497 0.881075
262900 -16223.7 -20057.9 296.902 177.777 0.879126
263000 -16270.1 -20122.7 298.334 -238.396 0.875314
263100 -16286.1 -20107 295.879 -249.362 0.873139
263200 -16236.7 -20073.2 297.084 -149.817 0.87342
263300 -16118.4 -19991.9 299.949 104.477 0.875212
263400 -16111.6 -20023.6 302.937 80.7017 0.876359
263500 -16174 -20035.9 299.053 -40.2675 0.876887
263600 -16248.4 -20103.8 298.547 2.51302 0.87763
263700 -16300.7 -20119.7 295.731 -68.1492 0.878683
263800 -16289.1 -20156.8 299.497 10.0273 0.880368
263900 -16302 -20124.3 295.985 205.128 0.881845
264000 -16304.6 -20166.1 299.024 151.101 0.881696
264100 -16285.6 -20096 295.061 54.4569 0.880154
264200 -16213.3 -20096.9 300.732 222.162 0.877305
264300 -16187.3 -20052 299.267 -135.365 0.872291
264400 -16183.8 -19995.7 295.173 -354.971 0.86838
264500 -16103.1 -19976.8 299.97 -2.77885 0.867459
264600 -16055.1 -19968.1 303.006 -91.581 0.867236
264700 -16128.6 -19963.6 296.964 -18.5427 0.867634
264800 -16203 -20033.6 296.629 -233.499 0.86875
264900 -16207.6 -20034 296.304 -58.7108 0.871788
265000 -16171.2 -20006.6 297.001 19.3608 0.875621
265100 -16147.2 -20070.8 303.825 199.009 0.879203
265200 -16243.1 -20089.6 297.857 539.183 0.880581
265300 -16283.5 -20085.4 294.404 129.564 0.87734
265400 -16231.6 -20054.9 296.065 -59.4379 0.872635
265500 -16158.4 -19998 297.321 -109.407 0.869205
265600 -16107 -19947.1 297.361 -140.81 0.867266
265700 -16091.4 -19976.2 300.82 -189.147 0.866903
265800 -16121.3 -19980.5 298.843 -151.919 0.868237
265900 -16161.4 -20014.2 298.352 -7.86661 0.87045
266000 -16237.7 -20063.1 296.225 140.453 0.872259
266100 -16363.6 -20095.9 289.011 -97.7716 0.872921
266200 -16321 -20103 292.866 17.2422 0.873928
266300 -16241.7 -20076.2 296.928 177.566 0.874616
266400 -16163.1 -20010.4 297.922 -214.303 0.874045
266500 -16103.7 -19980.3 300.193 -8.43562 0.874892
266600 -16124.5 -20015.6 301.316 54.1686 0.875949
266700 -16219.5 -20041.9 295.993 -2.58774 0.876742
266800 -16245.3 -20110.1 299.279 201.249 0.87729
266900 -16257 -20083.8 296.332 -19.513 0.876023
267000 -16227.5 -20067.6 297.363 208.809 0.874412
267100 -16130.9 -19985.8 298.507 -77.5329 0.871529
267200 -16053.7 -19958.9 302.405 -118.541 0.869137
267300 -16080 -19909.6 296.548 -143.921 0.868284
267400 -16071 -19907 297.043 -165.584 0.868918
267500 -16053.7 -19954 302.024 35.8439 0.870764
267600 -16142.1 -19975 296.804 -119.458 0.872719
267700 -16219.7 -20049.7 296.58 204.289 0.87535
267800 -16230 -20097.4 299.478 -37.1155 0.876516
267900 -16241.8 -20061.2 295.764 -10.4074 0.877474
268000 -16212.5 -20077.2 299.266 164.466 0.878438
268100 -16174.2 -20051.2 300.221 74.2436 0.877962
268200 -16154.8 -20019.9 299.295 -144.995 0.877005
268300 -16166.3 -20039.7 299.94 85.1153 0.876967
268400 -16243.3 -20066.8 296.079 180.417 0.876311
268500 -16281.8 -20074.6 293.699 -226.746 0.874446
268600 -16205.7 -20057.9 298.299 -97.6897 0.874066
268700 -16150.7 -20005.3 298.482 -11.7763 0.874844
268800 -16157.5 -20027.7 299.693 66.2359 0.875835
268900 -16178.9 -20009.9 296.654 55.5329 0.876125
269000 -16173.2 -20008.1 296.956 169.219 0.875682
269100 -16103.6 -19961.3 298.72 45.6217 0.873915
269200 -16019.1 -19891 299.828 -212.806 0.871694
269300 -16019.7 -19968.2 305.758 -64.4334 0.870978
269400 -16129 -19967.5 297.239 180.63 0.870669
269500 -16144.3 -19988.5 297.679 -132.788 0.869343
269600 -16126.2 -19982.7 298.631 42.8243 0.868385
269700 -16105.4 -19959.5 298.448 58.0236 0.866798
269800 -16078.7 -19945.8 299.452 -47.8616 0.864524
269900 -16050.9 -19930 300.384 -14.1835 0.862095
270000 -16083 -19952.1 299.608 -44.2107 0.859318
270100 -16167.1 -19964.8 294.074 -356.943 0.856978
270200 -16161.5 -19976 295.376 -179.187 0.857552
270300 -16098.6 -19990.1 301.348 10.9903 0.860277
270400 -16115.7 -19968.5 298.344 -87.708 0.863719
270500 -16250.5 -20051.7 294.352 -87.1697 0.868247
270600 -16273.7 -20072 294.121 189.949 0.873514
270700 -16204.9 -20079.5 300.029 435.489 0.876888
270800 -16205.9 -20101.6 301.671 182.346 0.876501
270900 -16282.5 -20075.4 293.709 -28.3003 0.874121
271000 -16285.1 -20119.5 296.925 54.2831 0.871798
271100 -16170 -20007.2 297.138 -121.649 0.869356
271200 -16069.2 -19946.3 300.228 -128.056 0.868246
271300 -16074.6 -19965.5 301.293 -25.2248 0.868245
271400 -16155.4 -19991.1 297.019 -233.126 0.868816
271500 -16206.5 -20034.9 296.456 197.662 0.870898
271600 -16204.8 -20023 295.663 -255.035 0.872218
271700 -16094 -20004.7 302.831 103.408 0.875047
271800 -16060.5 -19976.7 303.262 157.302 0.87748
271900 -16124.8 -19996.6 299.812 249.606 0.878164
272000 -16173.5 -20045.5 299.832 330.027 0.876062
272100 -16215.8 -20045 296.522 -179.738 0.871267
272200 -16199.5 -19996.9 294.055 -304.395 0.868298
272300 -16083.2 -19951.5 299.543 330.883 0.867797
272400 -16060.2 -19927.9 299.5 -143.426 0.865576
272500 -16086.8 -19945.9 298.828 -435.338 0.86476
272600 -16139.6 -19980.9 297.454 -0.112937 0.867307
272700 -16232.5 -20054.9 295.992 -163.412 0.870116
272800 -16286.2 -20081.8 293.917 -37.1309 0.873764
272900 -16242.2 -20089 297.879 292.946 0.876846
273000 -16103.6 -20014.5 302.85 273.321 0.876941
273100 -16044 -19903.6 298.873 -19.2877 0.874907
273200 -16061.8 -19971.1 302.721 40.3794 0.872971
273300 -16150.1 -19984.1 296.893 -76.0032 0.871198
273400 -16187 -20011.3 296.135 -177.774 0.870519
273500 -16180.9 -20020.9 297.358 -119.605 0.871595
273600 -16103.1 -19976.8 299.96 10.5186 0.873739
273700 -16016.5 -19917.2 302.062 390.722 0.875164
273800 -16052 -19939.3 301.024 -10.8108 0.873408
273900 -16129.7 -20003.4 299.969 -368.004 0.871862
274000 -16183.8 -20040.3 298.634 227.26 0.873177
274100 -16200.5 -20012.6 295.195 80.6001 0.87299
274200 -16150.2 -19987.9 297.175 -85.2137 0.871782
274300 -16066.8 -19950.3 300.718 -92.7924 0.871388
274400 -16054.7 -19938.3 300.731 148.764 0.871545
274500 -16083.3 -19918.5 296.988 7.42202 0.870891
274600 -16080.2 -19952.1 299.821 25.7125 0.869958
274700 -16107.4 -19936 296.474 35.5387 0.868711
274800 -16139.6 -19963.8 296.13 172.305 0.8669
274900 -16165.1 -20005.5 297.384 -77.9626 0.863683
275000 -16190 -20029.7 297.331 -190.342 0.861115
275100 -16200.6 -19977.5 292.467 48.8133 0.860215
275200 -16109.8 -19982.8 299.909 -125.172 0.859024
275300 -16073.2 -19949.4 300.16 -207.705 0.858939
275400 -16104.2 -19953.4 298.063 128.349 0.860638
275500 -16173.8 -19962.1 293.353 52.6191 0.861547
275600 -16239.8 -20032.6 293.699 -469.548 0.862457
275700 -16258.6 -20027.9 291.887 -288.784 0.867562
275800 -16156.2 -20016.7 298.945 229.197 0.875023
275900 -16130.8 -20035.6 302.374 226.125 0.879844
276000 -16212.8 -20096.9 300.765 238.234 0.881495
276100 -16269.4 -20094.9 296.232 76.2081 0.880819
276200 -16260.6 -20111.9 298.226 18.7996 0.879435
276300 -16238.2 -20073.8 297.014 2.25082 0.878122
276400 -16169 -20066.9 301.836 34.3176 0.877015
276500 -16103.7 -19993.5 301.206 -103.963 0.875911
276600 -16097 -19995 301.847 -205.75 0.875907
276700 -16210.3 -20056.1 297.797 129.706 0.877582
276800 -16278.6 -20132.4 298.424 172.128 0.878168
276900 -16306.9 -20129.8 296.032 33.1362 0.876983
277000 -16280.3 -20124.4 297.675 -101.187 0.875572
277100 -16181.1 -20084.6 302.266 146.044 0.874783
277200 -16143.4 -20013 299.648 -105.146 0.873294
277300 -16174.7 -20009.7 296.967 -147.632 0.872708
277400 -16267.3 -20075.3 294.88 48.344 0.873336
277500 -16301.6 -20114 295.215 49.9776 0.873551
277600 -16246.7 -20072.9 296.284 -85.1122 0.873311
277700 -16145.6 -20009.5 299.211 -80.1435 0.873907
277800 -16135.6 -20023.3 301.05 170.779 0.875163
277900 -16188.1 -20064.6 300.177 16.169 0.875266
278000 -16241.5 -20060.4 295.721 -22.4934 0.875084
278100 -16240.4 -20082.7 297.53 9.27764 0.874867
278200 -16233.2 -20089.5 298.621 -109.704 0.874873
278300 -16244.5 -20107.4 299.131 83.6153 0.875624
278400 -16244 -20079 296.969 47.8659 0.875699
278500 -16219.3 -20059.4 297.367 18.3913 0.875281
278600 -16160.4 -19988.1 296.398 34.3873 0.874604
278700 -16052.5 -19950.1 301.811 54.0324 0.87362
278800 -16069.9 -19966.8 301.759 100.792 0.871753
278900 -16137.2 -19996.4 298.842 -197.729 0.868906
279000 -16180.1 -19999.4 295.752 -188.437 0.867496
279100 -16166.7 -20003.7 297.127 -191.583 0.868024
279200 -16074.9 -20010 304.716 201.028 0.870109
279300 -16005.7 -19928.7 303.778 15.258 0.871187
279400 -16083.8 -19949.6 299.351 -52.2533 0.871846
279500 -16190.1 -20048.7 298.797 -217.182 0.87358
279600 -16239.2 -20082.4 297.601 330.8 0.877412
279700 -16286.5 -20145.8 298.847 157.739 0.879322
279800 -16352.3 -20129.3 292.476 45.9131 0.879082
279900 -16294.5 -20123.2 296.474 60.4515 0.878405
280000 -16201.4 -20089.6 301.09 -51.7747 0.877107
280100 -16202.9 -20033.8 296.655 -227.14 0.876257
280200 -16176.4 -20058.9 300.653 74.7453 0.877287
280300 -16190.1 -20060.6 299.714 176.946 0.877822
280400 -16274.9 -20056.3 292.816 60.6485 0.876636
280500 -16252.9 -20064.2 295.127 -113.883 0.875124
280600 -16164.2 -20058.9 301.585 39.7209 0.874268
280700 -16159.2 -20024.8 299.338 -158.202 0.873269
280800 -16171.9 -20007.5 297.015 -34.5835 0.873502
280900 -16156.1 -19998.4 297.529 14.87 0.874077
281000 -16132.6 -20005.3 299.883 15.7811 0.874743
281100 -16157.7 -20027.5 299.666 -66.0744 0.875542
281200 -16230.1 -20026.4 293.976 10.4126 0.876653
281300 -16235.3 -20086.7 298.24 -11.9428 0.877965
281400 -16222.4 -20080.8 298.78 41.15 0.879275
281500 -16219.6 -20093.6 299.988 55.9884 0.880249
281600 -16259.6 -20083.7 296.119 47.6176 0.880691
281700 -16294.7 -20109.1 295.37 74.134 0.880676
281800 -16280.1 -20141.9 299.043 48.1863 0.879885
281900 -16235.3 -20065.7 296.616 71.2419 0.87861
282000 -16137.1 -19979.4 297.53 50.1894 0.876499
282100 -16073.8 -19981.4 302.585 -206.921 0.873778
282200 -16128.6 -20036.5 302.613 -35.3298 0.872944
282300 -16200.5 -20061.2 298.957 -19.4429 0.872564
282400 -16239.8 -20070.1 296.606 -103.534 0.872258
282500 -16232.8 -20047.6 295.407 -48.3225 0.873057
282600 -16145.9 -20037.4 301.342 114.068 0.874219
282700 -16128.3 -20001.4 299.913 21.8362 0.87454
282800 -16230.8 -20054.8 296.114 -141.878 0.874983
282900 -16320.6 -20106.6 293.17 17.4255 0.876513
283000 -16282.8 -20155.5 299.887 53.0592 0.878202
283100 -16269.7 -20133.2 299.173 120.18 0.87951
283200 -16293.4 -20118.6 296.212 65.8018 0.87984
283300 -16299.7 -20120.4 295.865 36.4417 0.879485
283400 -16245.7 -20082.2 297.081 129.182 0.878376
283500 -16158.4 -20010.4 298.29 -21.1954 0.87614
283600 -16106.7 -19999.3 301.429 60.0344 0.873684
283700 -16142.6 -20019 300.172 -131.881 0.870562
283800 -16209.7 -20013.1 294.521 -269.31 0.868476
283900 -16201.5 -20030.1 296.469 140.758 0.868542
284000 -16173.2 -20036.8 299.181 -68.5576 0.867809
284100 -16183.6 -20061.7 300.305 -148.467 0.867545
284200 -16263.7 -20050.4 293.224 -55.5651 0.868789
284300 -16283.2 -20100.8 295.625 35.4184 0.870836
284400 -16194.4 -20064.7 299.698 78.2765 0.872663
284500 -16123.8 -20013.8 301.229 -47.0606 0.873803
284600 -16152.5 -20010.7 298.763 -32.9487 0.875328
284700 -16230.5 -20053.3 296.027 30.4468 0.877187
284800 -16294.9 -20111.5 295.547 164.054 0.878658
284900 -16328.9 -20087.2 291.027 135.178 0.878803
285000 -16264.2 -20117.6 298.393 78.9918 0.877616
285100 -16199.3 -20084.5 300.858 -59.3741 0.875638
285200 -16205 -20019 295.34 -94.3408 0.874212
285300 -16151.5 -19984.4 296.803 102.772 0.873465
285400 -16064.6 -19963 301.882 -16.6697 0.871789
285500 -16077.8 -19956.4 300.34 -104.323 0.870209
285600 -16130.6 -19974.7 297.674 89.6267 0.86939
285700 -16153.8 -19988.5 296.944 -191.1 0.868279
285800 -16154.9 -20014.7 298.894 167.604 0.868384
285900 -16163.9 -19984.8 295.877 84.0692 0.867322
286000 -16124.4 -19952.1 296.399 -58.2469 0.865228
286100 -16018.3 -19931.1 302.994 -89.3043 0.863487
286200 -16028.7 -19929.4 302.056 11.5617 0.862217
286300 -16080.1 -19880.9 294.324 -171.162 0.861166
286400 -16060 -19904 297.666 -106.646 0.861788
286500 -15999.3 -19864 299.263 -138.576 0.863869
286600 -15902.8 -19841.2 304.976 -40.9241 0.867302
286700 -15934.1 -19840.6 302.506 216.588 0.870958
286800 -16047.1 -19908.1 298.977 257.895 0.872851
286900 -16086.9 -19963.7 300.208 -0.772721 0.872354
287000 -16145.6 -19977.6 296.732 -272.674 0.871713
287100 -16196.8 -20053.8 298.669 -5.40298 0.873265
287200 -16276 -20081.4 294.681 139.221 0.875154
287300 -16313.2 -20138.5 296.223 -130.827 0.876333
287400 -16305.2 -20146.8 297.474 -43.399 0.878439
287500 -16245.5 -20134.1 301.123 146.568 0.880916
287600 -16233.9 -20094.3 298.932 281.052 0.881896
287700 -16260.3 -20108.2 297.971 256.329 0.880116
287800 -16302 -20095.5 293.752 -188.216 0.876166
287900 -16252.6 -20093 297.381 -138.32 0.873458
288000 -16161 -20033.1 299.836 -53.2278 0.872504
288100 -16130.1 -20006.8 300.196 57.5038 0.871902
288200 -16163.2 -20006.9 297.639 -29.0222 0.871
288300 -16278.5 -20061.7 292.959 -78.5623 0.870425
288400 -16324.1 -20083.8 291.134 -191.666 0.870889
288500 -16261 -20101.4 297.383 228.869 0.872443
288600 -16221.8 -20053.1 296.679 -90.7125 0.872749
288700 -16165.8 -20029 299.153 17.2928 0.873363
288800 -16124 -20000.5 300.184 122.567 0.873797
288900 -16137.5 -20022.1 300.804 -129.171 0.873423
289000 -16225.5 -20027.2 294.388 -34.7766 0.873785
289100 -16252.7 -20096.4 297.644 152.426 0.874549
289200 -16259.3 -20091.7 296.772 -132.956 0.87436
289300 -16235 -20052.5 295.615 102.38 0.874971
289400 -16141.4 -20052.9 302.894 483.346 0.874416
289500 -16159.2 -20042.6 300.711 -14.8375 0.869664
289600 -16207.1 -20003.4 293.969 -349.743 0.864654
289700 -16182.3 -20045.5 299.152 -338.237 0.862943
289800 -16176.4 -20028.2 298.27 18.2702 0.864299
289900 -16193.2 -20069.9 300.198 143.634 0.865705
290000 -16257.2 -20105.4 297.996 69.7836 0.865647
290100 -16383.2 -20155.2 292.092 -166.877 0.865087
290200 -16399.9 -20206.6 294.77 -165.08 0.866108
290300 -16343.2 -20154.7 295.154 -61.1413 0.868675
290400 -16255.2 -20107 298.263 59.7816 0.871851
290500 -16206.2 -20042.9 297.1 66.675 0.874664
290600 -16160.7 -20033.8 299.921 206.105 0.876667
290700 -16167.5 -20054.8 301.014 148.646 0.876686
290800 -16289.4 -20074 293.063 71.0397 0.874993
290900 -16284.4 -20089.4 294.643 27.6716 0.872847
291000 -16211.8 -20022.7 295.1 -70.2979 0.87074
291100 -16141.3 -20038 301.749 -129.338 0.869191
291200 -16156 -20006 298.125 -173.053 0.869078
291300 -16183.5 -20055.9 299.861 -154.722 0.870463
291400 -16252.1 -20044.6 293.678 114.881 0.873143
291500 -16290.6 -20106.8 295.511 130.392 0.874948
291600 -16290.9 -20119.5 296.475 -36.5052 0.875584
291700 -16240.6 -20082.4 297.494 -57.8694 0.876395
291800 -16180.8 -20077.7 301.761 109.482 0.877538
291900 -16204.2 -20063 298.816 264.494 0.877715
292000 -16285.9 -20078.7 293.699 -26.452 0.87575
292100 -16290.5 -20086.6 293.956 64.6322 0.87354
292200 -16163.6 -20002.8 297.293 -95.5564 0.871037
292300 -16100.6 -19920.7 295.808 -112.041 0.869196
292400 -16058.5 -19960 302.115 -42.2605 0.868572
292500 -16098.5 -19944.9 297.852 32.0614 0.868422
292600 -16171.2 -19978.8 294.844 -245.424 0.868285
292700 -16239.6 -20035.1 293.911 -59.349 0.870083
292800 -16308.1 -20133 296.189 -3.62509 0.872776
292900 -16380.5 -20154.4 292.235 151.15 0.875436
293000 -16345.2 -20131.8 293.223 45.3613 0.877104
293100 -16246.9 -20077.4 296.617 103.646 0.877976
293200 -16193.8 -20025 296.676 -68.5804 0.878127
293300 -16148.1 -20030.6 300.651 254.021 0.878354
293400 -16168.6 -20035.6 299.446 -54.536 0.87695
293500 -16271.6 -20079.8 294.888 51.4547 0.875364
293600 -16315.2 -20126.2 295.113 -90.157 0.873252
293700 -16271.8 -20088.4 295.54 -173.466 0.871929
293800 -16228.8 -20089 298.915 114.259 0.872141
293900 -16215.2 -20061.7 297.861 48.5004 0.871523
294000 -16191.5 -20002.2 295.086 -15.8048 0.86994
294100 -16131.2 -19966.2 296.972 -439.062 0.868761
294200 -16098.5 -19997.5 301.929 -162.282 0.871383
294300 -16140.5 -20023.5 300.679 250.706 0.876135
294400 -16216.6 -20079 299.086 36.88 0.879321
294500 -16265.6 -20091.5 296.263 10.173 0.882407
294600 -16259.8 -20098.9 297.289 516.466 0.884777
294700 -16208.1 -20078.7 299.721 154.569 0.883131
294800 -16098.8 -19989.1 301.254 174.539 0.879066
294900 -16075 -19973.9 301.918 -212.931 0.873661
295000 -16156.8 -20055.6 301.908 -226.246 0.870291
295100 -16242.1 -20078.2 297.051 -243.939 0.869613
295200 -16229.5 -20034.2 294.625 -132.048 0.871208
295300 -16163.3 -20060.5 301.787 -78.768 0.874177
295400 -16163.1 -20017.7 298.486 201.738 0.87703
295500 -16212.9 -20056.7 297.647 -109.368 0.878406
295600 -16320.6 -20143.6 296.043 4.53637 0.880074
295700 -16364 -20177 295.269 62.0114 0.881507
295800 -16335.4 -20172.4 297.128 13.2107 0.882469
295900 -16235.7 -20078.8 297.595 188.912 0.882766
296000 -16177.1 -20045.5 299.554 -32.8704 0.881796
296100 -16196.6 -20084.3 301.054 296.604 0.880493
296200 -16281.9 -20125.7 297.65 14.1172 0.877303
296300 -16323.7 -20132.2 294.921 0.00366389 0.873961
296400 -16275.9 -20083.3 294.831 -219.454 0.871523
296500 -16214.4 -20059.3 297.732 -99.424 0.871078
296600 -16195.9 -20046 298.134 -53.8329 0.871874
296700 -16185.3 -20029.1 297.652 -82.9282 0.873286
296800 -16170.3 -20057.6 301.02 63.6401 0.875199
296900 -16204.1 -20089.7 300.884 206.525 0.876362
297000 -16303.1 -20121.9 295.716 146.773 0.875301
297100 -16323.5 -20132.5 294.953 -56.8156 0.873059
297200 -16254.5 -20092.8 297.227 -49.1093 0.871392
297300 -16179.9 -20066.4 300.958 -118.388 0.870573
297400 -16197.2 -20094.2 301.772 220.292 0.870551
297500 -16254.4 -20107.4 298.358 -86.7145 0.869063
297600 -16277.7 -20095.9 295.666 82.31 0.867762
297700 -16249 -20119.2 299.69 -18.4816 0.865891
297800 -16238.3 -20104.3 299.371 9.58439 0.86408
297900 -16266.7 -20072.1 294.674 -174.844 0.862501
298000 -16258.6 -20105 297.85 -254.456 0.86244
298100 -16222.8 -20074.5 298.262 -237.253 0.865141
298200 -16171.2 -20061.3 301.237 -71.2548 0.870089
298300 -16182.1 -20033.8 298.265 143.846 0.875233
298400 -16262 -20085.8 296.101 163.073 0.878821
298500 -16337.9 -20171.9 296.893 230.25 0.880277
298600 -16369.8 -20167.2 294.054 70.1708 0.879479
298700 -16277 -20123.3 297.837 -25.3708 0.878187
298800 -16183.6 -20046.3 299.111 87.3273 0.877085
298900 -16172 -20045.4 299.945 56.236 0.875255
299000 -16208 -20047.8 297.337 -39.5702 0.872885
299100 -16280.1 -20100.2 295.813 -207.935 0.871232
299200 -16327.9 -20091.7 291.454 -73.3099 0.871616
299300 -16220.2 -20050.2 296.58 44.0022 0.872635
299400 -16153.8 -20013 298.845 24.2246 0.873208
299500 -16157.8 -20025.2 299.479 109.147 0.873458
299600 -16189.4 -19990.4 294.339 -348.286 0.873341
299700 -16163.3 -20051.6 301.093 -3.1507 0.87582
299800 -16145 -19993.4 298.006 80.5137 0.878679
299900 -16140.8 -20022.5 300.588 228.269 0.880491
300000 -16188.2 -20030.2 297.507 87.5962 0.880456
300100 -16267.1 -20101 296.886 212.096 0.879092
300200 -16304.1 -20098 293.783 139.21 0.875787
300300 -16224.1 -20098.2 299.998 -200.939 0.871534
300400 -16127.1 -19985.7 298.799 -220.961 0.869241
300500 -16110.6 -20001.1 301.26 -309.625 0.869527
300600 -16158.6 -20020.6 299.057 100.892 0.872042
300700 -16207.3 -20022.9 295.468 54.3801 0.873892
300800 -16180.2 -20008.4 296.44 -94.406 0.875234
300900 -16133.6 -20004.8 299.771 183.602 0.876954
301000 -16136 -20009.2 299.921 63.9203 0.877189
301100 -16146.6 -19986.3 297.334 -188.974 0.8771
301200 -16144.2 -20022.2 300.293 175.767 0.87812
301300 -16191 -20025.2 296.904 59.8987 0.877735
301400 -16241.1 -20019.1 292.551 -80.6094 0.876816
301500 -16170.2 -20005.7 297.004 33.7252 0.87666
301600 -16104.3 -20000.4 301.697 16.732 0.876425
301700 -16137.8 -19989.2 298.235 -4.72642 0.875999
301800 -16170.7 -19975.9 294.659 -154.269 0.875763
301900 -16119.7 -20004.8 300.853 195.902 0.876288
302000 -16042.5 -19956.5 303.078 114.798 0.875569
302100 -16062.7 -19941.7 300.376 -65.0308 0.873914
302200 -16174.7 -19977.3 294.459 -50.5123 0.872899
302300 -16187.3 -19999.1 295.168 -129.138 0.872797
302400 -16134.8 -19987.9 298.371 -129.081 0.873816
302500 -16090.9 -19951 298.91 216.719 0.875319
302600 -16028.8 -19924.8 301.693 156.82 0.875136
302700 -15952.1 -19883.8 304.459 40.0498 0.873482
302800 -16009.4 -19896.7 301.024 -73.7893 0.8718
302900 -16103 -19937.9 296.957 98.8011 0.870703
303000 -16127.4 -19998.7 299.782 -109.858 0.869078
303100 -16174.9 -19997.7 296.022 -310.562 0.868934
303200 -16183.8 -19989 294.656 -46.1083 0.871299
303300 -16063.7 -19958.2 301.575 524.617 0.873416
303400 -16048.7 -19938.8 301.236 12.6391 0.87158
303500 -16090.1 -19925.2 296.969 -148.857 0.869187
303600 -16104.4 -19959.6 298.535 -36.6409 0.868541
303700 -16163.3 -20013.4 298.143 -43.2086 0.868372
303800 -16264.2 -20043.4 292.641 -155.638 0.868637
303900 -16227.7 -20054.4 296.326 161.866 0.870166
304000 -16157.3 -20014.9 298.724 229.185 0.870255
304100 -16114.7 -19982.1 299.479 -161.289 0.868433
304200 -16097.8 -19902.5 294.623 -62.0601 0.867874
304300 -15977.6 -19866.7 301.156 215.745 0.867824
304400 -15941.7 -19872.7 304.408 -46.3243 0.866091
304500 -16038.9 -19931.5 301.428 -199.566 0.864663
304600 -16127 -19949.8 296.02 -60.4456 0.864996
304700 -16139.2 -19963.2 296.115 -64.2952 0.866042
304800 -16097.7 -19955.2 298.717 -234.739 0.868057
304900 -16036.5 -19913.1 300.19 139.44 0.871789
305000 -15978.2 -19887.6 302.727 220.555 0.874526
305100 -16005.1 -19921.1 303.243 214.922 0.874956
305200 -16121 -19932.5 295.153 118.713 0.873284
305300 -16120.9 -19966.1 297.753 -185.589 0.870697
305400 -16078 -19922.5 297.701 -196.472 0.869918
305500 -16009.3 -19912.1 302.215 146.493 0.8708
305600 -16014 -19893.6 300.424 46.1964 0.870434
305700 -16116.5 -19908 293.602 -140.441 0.869713
305800 -16144.3 -19963.6 295.754 108.321 0.870094
305900 -16105.6 -19943.4 297.182 -74.656 0.87014
306000 -15989.4 -19891.1 302.133 194.683 0.870164
306100 -15971.8 -19848.4 300.188 -125.953 0.86917
306200 -16022.7 -19901.2 300.335 40.6877 0.86882
306300 -16082.9 -19941.7 298.808 21.9482 0.868105
306400 -16122.2 -19981.6 298.859 57.4367 0.86701
306500 -16144.3 -19975 296.633 -323.169 0.866326
306600 -16123.1 -19972.2 298.059 9.28269 0.868094
306700 -16079.2 -19980.5 302.101 110.214 0.869693
306800 -16058.2 -19914.8 298.638 -42.2218 0.870292
306900 -16039.2 -19886.2 297.903 101.552 0.870785
307000 -16009 -19882.4 299.943 71.9791 0.870684
307100 -16017.8 -19866 297.99 168.156 0.869619
307200 -16045.4 -19880.9 297.007 -167.232 0.867595
307300 -16095 -19940.3 297.766 -88.6835 0.867203
307400 -16170 -19985.7 295.473 -4.98687 0.867663
307500 -16194.1 -20003.6 294.989 30.31 0.868146
307600 -16103.3 -19943.6 297.383 133.369 0.868157
307700 -16018.5 -19910.2 301.354 -194.567 0.867308
307800 -16051.1 -19929.2 300.304 -143.435 0.868031
307900 -16125.9 -19956.9 296.659 30.1382 0.870117
308000 -16165.9 -19999.6 296.866 13.3663 0.871806
308100 -16183 -20031.7 298.024 -39.9234 0.873441
308200 -16267.2 -20079 295.171 56.1589 0.87509
308300 -16334.9 -20137.6 294.47 89.0158 0.875992
308400 -16295.7 -20121 296.215 181.897 0.875774
308500 -16207.3 -20059.6 298.303 57.4138 0.874084
308600 -16153.2 -20009.7 298.634 -78.8347 0.872087
308700 -16146.6 -20015.8 299.614 -26.33 0.870741
308800 -16173.8 -20029.6 298.576 11.7956 0.869796
308900 -16204.1 -20043.9 297.341 -220.466 0.869062
309000 -16203.9 -20012.3 294.907 -270.16 0.87043
309100 -16171.5 -19999.5 296.425 53.2281 0.874194
309200 -16133.9 -20002.6 299.571 245.15 0.877226
309300 -16107.1 -19953.6 297.859 86.3331 0.877929
309400 -16065.7 -19999.7 304.638 181.697 0.877236
309500 -16152.3 -20012.6 298.922 -13.143 0.875247
309600 -16222.8 -20047.1 296.14 -16.2175 0.873556
309700 -16205.3 -20032.9 296.392 -13.538 0.872043
309800 -16133.6 -19985 298.238 -103.401 0.870724
309900 -16046.4 -19899.3 298.353 179.529 0.870225
310000 -16027 -19934.1 302.554 194.681 0.868539
310100 -16060.9 -19903.5 297.557 -120.306 0.865313
310200 -16052.9 -19868.2 295.438 -132.767 0.863314
310300 -15973.5 -19835.2 299.038 -199.457 0.862866
310400 -15904.6 -19773 299.553 59.2777 0.863881
310500 -15906.5 -19797.1 301.273 -93.7135 0.864857
310600 -15949.8 -19841.5 301.359 -56.461 0.866443
310700 -16006.2 -19850.9 297.719 -29.4545 0.868091
310800 -16039.1 -19885.6 297.866 -142.872 0.869631
310900 -16090.4 -19932 297.48 97.584 0.871674
311000 -16199.9 -20010.4 295.071 -65.3065 0.872981
311100 -16222.3 -20054.2 296.73 179.231 0.873998
311200 -16194.4 -19997.7 294.515 226.984 0.873344
311300 -16146.5 -20011.5 299.29 -79.5216 0.871356
311400 -16145.3 -19980.4 296.975 -16.0943 0.869647
311500 -16117.5 -19938.1 295.85 -132.956 0.868379
311600 -16051.1 -19940.1 301.154 238.914 0.867994
311700 -16052.9 -19913.2 298.925 -162.34 0.866187
311800 -16172 -19975.5 294.53 -127.712 0.865337
311900 -16217.9 -20016.1 294.118 97.4913 0.86566
312000 -16164.8 -19991.3 296.309 -85.5056 0.865812
312100 -16075 -19937.1 299.063 -49.4659 0.866423
312200 -16051.2 -19897.5 297.841 44.1764 0.867398
312300 -16051.6 -19917.1 299.332 152.381 0.86798
312400 -16077.8 -19912.8 296.971 -119.611 0.867363
312500 -16143.4 -19960.5 295.579 -267.536 0.867921
312600 -16222.3 -20019.1 294.011 405.817 0.870357
312700 -16205.2 -20011.1 294.719 202.409 0.869805
312800 -16103.9 -19971.6 299.499 -97.1277 0.866858
312900 -16066 -19881 295.423 -173.327 0.86496
313000 -16015.3 -19859.1 297.645 106.866 0.864383
313100 -15983.8 -19838.9 298.524 -269.575 0.863425
313200 -15985.3 -19845.2 298.901 -119.42 0.864806
313300 -16044 -19890.9 297.887 79.2989 0.867234
313400 -16167.4 -19979.9 295.226 -139.848 0.869388
313500 -16175.5 -19974.6 294.185 -49.1684 0.87289
313600 -16102.3 -19989.8 301.037 74.0038 0.876975
313700 -16085.7 -19938 298.304 242.241 0.880103
313800 -16080.9 -19916.6 297.028 309.986 0.88059
313900 -16004.3 -19862 298.725 74.7111 0.878374
314000 -15932.2 -19838.2 302.469 132.781 0.875238
314100 -15956.2 -19788 296.722 -127.773 0.871423
314200 -16013.6 -19872.4 298.813 89.471 0.868726
314300 -16121.4 -19918.2 294.012 -103.445 0.866246
314400 -16133.2 -19933.9 294.313 -97.6159 0.864747
314500 -16076.7 -19911 296.914 -11.4712 0.86426
314600 -16040.5 -19882 297.473 22.1469 0.864072
314700 -16025.5 -19886.1 298.95 4.02687 0.863761
314800 -16044.7 -19906.6 299.047 -249.191 0.863774
314900 -16148.3 -19902.7 290.721 -98.9111 0.865664
315000 -16155.6 -19963.3 294.855 140.627 0.868325
315100 -16070.6 -19916.6 297.818 243.682 0.869334
315200 -16031.3 -19861.8 296.618 -181.563 0.868503
315300 -15997.8 -19860.6 299.12 52.9064 0.86877
315400 -15996.3 -19868.3 299.832 124.176 0.868704
315500 -16052.4 -19882.4 296.578 -3.52696 0.867439
315600 -16152.1 -20004.9 298.345 -192.609 0.866505
315700 -16224.6 -20012.9 293.352 -32.8206 0.867148
315800 -16173.7 -20003.1 296.537 219.215 0.867966
315900 -16120.6 -19961.1 297.393 175.309 0.866751
316000 -16079.5 -19933.8 298.456 -216.542 0.864565
316100 -16032.4 -19929.4 301.77 -114.695 0.864042
316200 -15956.4 -19866.3 302.768 13.5178 0.864527
316300 -15942 -19815.5 299.946 233.566 0.864868
316400 -16006.4 -19852.6 297.833 -94.4124 0.863579
316500 -16088.7 -19934.1 297.772 -30.3636 0.862881
316600 -16135.6 -19950.2 295.392 62.616 0.862361
316700 -16114.8 -19937.1 295.983 -241.963 0.861572
316800 -16096.1 -19952.8 298.649 -14.8879 0.862621
316900 -16093.7 -19921.3 296.397 -88.8849 0.864505
317000 -16058.6 -19931 299.866 1.45625 0.867
317100 -16044.5 -19953.6 302.707 -15.732 0.869536
317200 -16140.8 -19962.8 295.962 -41.9596 0.872344
317300 -16194.4 -20027.4 296.81 27.7473 0.875551
317400 -16213.4 -20070.9 298.714 186.208 0.878223
317500 -16256.2 -20046.1 293.472 -15.3969 0.87938
317600 -16240.9 -20067.9 296.352 1.47266 0.880492
317700 -16167.1 -20059.7 301.427 238.915 0.881362
317800 -16155 -20035.6 300.499 -3.27896 0.880293
317900 -16205.9 -20009.2 294.515 88.0151 0.878706
318000 -16275.7 -20078.6 294.488 -35.1183 0.876609
318100 -16295.8 -20107.1 295.132 -196.696 0.874924
318200 -16203.8 -20039.3 297.007 -3.49182 0.874784
318300 -16129.3 -20032 302.209 -41.9868 0.874866
318400 -16167.9 -20010.7 297.577 -25.8599 0.875368
318500 -16206.4 -20037.3 296.652 82.4514 0.876252
318600 -16208.7 -20034 296.211 48.7319 0.876483
318700 -16166.3 -20042.1 300.127 57.5285 0.875961
318800 -16115.1 -19958.5 297.616 -49.0339 0.874955
318900 -16051.9 -19935.3 300.717 -46.8046 0.874314
319000 -16031.8 -19901.8 299.679 -179.145 0.874428
319100 -16094.6 -19982.6 301.068 -70.8591 0.876115
319200 -16197.3 -20001.7 294.602 173.725 0.878446
319300 -16191.4 -20035.2 297.65 127.359 0.879372
319400 -16156.3 -20011.8 298.553 12.0481 0.879133
319500 -16089.6 -19985.3 301.667 99.2138 0.878572
319600 -16067 -19994.5 304.129 -76.5741 0.877264
319700 -16183.2 -20018.6 296.995 -30.1843 0.87636
319800 -16224.8 -20051.9 296.357 0.640347 0.87595
319900 -16204.6 -20046 297.466 -232.646 0.876009
320000 -16150.4 -20056.2 302.451 105.116 0.877625
320100 -16167.7 -20017.2 298.093 113.17 0.878534
320200 -16264.2 -20071.4 294.815 -275.001 0.878729
320300 -16281 -20120 297.279 112.16 0.880896
320400 -16254 -20127.1 299.919 129.014 0.88272
320500 -16207.2 -20075.4 299.537 212.248 0.882852
320600 -16165 -20038.7 299.964 -39.5089 0.88137
320700 -16161 -20031.2 299.693 52.2415 0.879619
320800 -16208.8 -20061.6 298.34 -215.303 0.877824
320900 -16301.5 -20117.5 295.497 155.882 0.877377
321000 -16332.4 -20145.6 295.284 -346.158 0.876491
321100 -16286.2 -20136.9 298.182 107.924 0.877956
321200 -16222.3 -20139.6 303.339 309.866 0.878818
321300 -16220.1 -20055.7 297.01 -139.285 0.87711
321400 -16220.9 -20063.6 297.562 23.9899 0.875924
321500 -16198.9 -20040.7 297.493 105.648 0.874674
321600 -16161.1 -20047.6 300.958 -137.424 0.872514
321700 -16192.8 -20082.6 301.21 -52.8443 0.871149
321800 -16284.9 -20075.4 293.523 -203.165 0.87068
321900 -16269.5 -20074.2 294.622 -112.86 0.871953
322000 -16215.9 -20116.7 302.059 2.77923 0.874845
322100 -16233.2 -20072 297.264 34.527 0.8781
322200 -16223.5 -20048.9 296.226 114.766 0.881039
322300 -16203.9 -20075.5 299.803 304.719 0.883088
322400 -16236.5 -20100.8 299.242 368.137 0.882176
322500 -16277.5 -20090 295.229 -234.728 0.878113
322600 -16208.1 -20035.7 296.395 -187.659 0.875417
322700 -16093.9 -20003.8 302.768 251.31 0.874012
322800 -16135.1 -20018 300.68 -79.3721 0.870972
322900 -16223.6 -20041.5 295.645 -65.2345 0.867981
323000 -16238.4 -20041.5 294.499 -357.17 0.866166
323100 -16170.7 -20037.7 299.446 -93.568 0.867358
323200 -16109.7 -19960.8 298.221 -206.558 0.870159
323300 -15995.7 -19918.8 303.795 266.634 0.874178
323400 -15972.2 -19923.8 305.996 109.498 0.876445
323500 -16048.2 -19944.9 301.743 67.3648 0.87738
323600 -16132.4 -19964.2 296.716 23.0732 0.877538
323700 -16165.4 -20011.7 297.842 108.265 0.8773
323800 -16183.9 -20028.4 297.698 -26.0008 0.87603
323900 -16229.5 -20028.4 294.169 -330.031 0.875396
324000 -16253 -20082.2 296.52 -8.55732 0.877634
324100 -16241.3 -20086.8 297.78 294.735 0.879919
324200 -16198.9 -20054.8 298.587 69.8672 0.879655
324300 -16155.1 -20083.9 304.228 -112.406 0.878579
324400 -16239.9 -20083.1 297.605 36.2609 0.878551
324500 -16299 -20115.9 295.567 -37.3793 0.878448
324600 -16265.1 -20075.9 295.094 140.349 0.878084
324700 -16194.7 -20044.3 298.1 189.495 0.876499
324800 -16169.8 -20025.9 298.598 -101.522 0.873646
324900 -16162.7 -20003.7 297.431 -28.3679 0.87158
325000 -16147.6 -19997.2 298.098 -244.323 0.87017
325100 -16121.1 -20006.2 300.846 -106.777 0.870756
325200 -16098.8 -20006.4 302.585 110.761 0.872354
325300 -16186.5 -20066.7 300.47 96.6017 0.872908
325400 -16272.4 -20097.3 296.185 30.7657 0.872602
325500 -16290.9 -20130.9 297.352 -35.5149 0.871914
325600 -16279.7 -20119.3 297.33 -299.179 0.871921
325700 -16199.9 -20061.6 299.04 -8.69533 0.874319
325800 -16133.9 -20069 304.716 133.802 0.877024
325900 -16205.1 -20078.9 299.972 3.40818 0.87885
326000 -16264.7 -20137.3 299.876 169.736 0.880274
326100 -16309 -20145.2 297.061 -53.5192 0.880352
326200 -16323.2 -20137.7 295.373 -38.7166 0.880596
326300 -16250 -20155.8 302.455 150.202 0.881127
326400 -16209.8 -20120 302.788 82.7339 0.880339
326500 -16306.6 -20110.6 294.57 -14.6057 0.878604
326600 -16355.9 -20174 295.66 -15.5487 0.877044
326700 -16338.7 -20137.1 294.133 -48.4231 0.875511
326800 -16296.8 -20118.6 295.945 -187.157 0.874473
326900 -16230.2 -20073.7 297.627 -96.1125 0.875246
327000 -16173.1 -20045.5 299.864 163.107 0.876736
327100 -16184.5 -20055.1 299.725 -28.5689 0.877437
327200 -16277.8 -20089.4 295.151 -80.8049 0.878336
327300 -16358.6 -20182.2 296.089 35.2226 0.879925
327400 -16434 -20234.5 294.294 129.093 0.88123
327500 -16535.4 -20261 288.496 -330.266 0.882042
327600 -16479 -20252.1 292.173 86.014 0.885564
327700 -16376.4 -20188.2 295.175 633.375 0.888841
327800 -16312.6 -20182.5 299.672 653.59 0.885845
327900 -16277.1 -20097.1 295.802 -252.049 0.8771
328000 -16185.5 -20038 298.326 -517.689 0.871317
328100 -16125.4 -19989 299.182 -191.402 0.87099
328200 -16134.2 -20026 301.366 42.8917 0.872428
328300 -16187.2 -20037.6 298.158 48.2874 0.873328
328400 -16215.8 -20034.9 295.732 -68.3393 0.87397
328500 -16191 -20021.6 296.632 -87.5102 0.874936
328600 -16158.2 -20035.4 300.233 -8.86337 0.876577
328700 -16184 -20053.4 299.634 116.009 0.878096
328800 -16225.9 -20079.9 298.443 164.062 0.87844
328900 -16242 -20070.1 296.435 -39.0516 0.877321
329000 -16213.8 -20039.6 296.255 -184.556 0.876606
329100 -16147.2 -20009 299.049 58.9672 0.877374
329200 -16110.2 -19994.9 300.814 211.505 0.87742
329300 -16176.3 -20018.1 297.495 -196.562 0.87603
329400 -16288.8 -20069.4 292.754 77.0722 0.875949
329500 -16274 -20107.3 296.835 73.9268 0.87568
329600 -16218 -20052.5 296.927 68.4429 0.874479
329700 -16131.7 -19968.8 297.126 39.7191 0.872635
329800 -16088.3 -19949.5 298.992 -197.296 0.870495
329900 -16098 -19969.7 299.81 -160.164 0.870041
330000 -16147.6 -20017.9 299.699 -75.9662 0.871427
330100 -16230 -20042.3 295.208 -3.44437 0.873597
330200 -16241.3 -20056.6 295.447 175.535 0.875729
330300 -16214.9 -20037.8 296.037 -110.943 0.876587
330400 -16166.9 -20016.1 298.063 -5.92224 0.878057
330500 -16124.6 -19990.4 299.353 130.651 0.879758
330600 -16104.3 -19981.9 300.266 -36.5603 0.880498
330700 -16131.1 -20011.5 300.479 263.594 0.881039
330800 -16204.8 -19990.6 293.164 -45.3783 0.879588
330900 -16185.5 -20026.8 297.459 16.471 0.878009
331000 -16112 -19955.8 297.655 -53.5862 0.876328
331100 -16039.6 -19954.2 303.13 187.598 0.874687
331200 -16070.1 -19935.1 299.29 -337.493 0.872161
331300 -16092.6 -19956.5 299.209 -144.073 0.871633
331400 -16113.8 -19938.5 296.17 -94.6238 0.873148
331500 -16120.2 -20007.1 300.985 115.681 0.875807
331600 -16200.7 -20019.8 295.738 55.2629 0.877805
331700 -16274.9 -20105.9 296.665 -24.8037 0.879753
331800 -16285.9 -20127.7 297.495 179.442 0.882156
331900 -16272.9 -20105.4 296.774 107.359 0.883228
332000 -16246.1 -20093.6 297.935 202.029 0.883021
332100 -16237.4 -20083.4 297.825 -76.0603 0.881075
332200 -16231.1 -20089.7 298.797 -74.2727 0.87912
332300 -16223.9 -20022.1 294.119 208.692 0.877062
332400 -16134.2 -20018.9 300.817 -371.088 0.873489
332500 -16108.7 -20004.1 301.645 -369.851 0.872696
332600 -16155.6 -20013.6 298.747 128.82 0.875164
332700 -16197.8 -20072.8 300.069 64.1527 0.877331
332800 -16232.1 -20095.9 299.194 133.251 0.878844
332900 -16268.6 -20114.8 297.831 21.0111 0.879319
333000 -16301.3 -20113.2 295.178 -295.676 0.879786
333100 -16298 -20169.3 299.78 49.9067 0.88273
333200 -16289.9 -20137.8 297.97 186.501 0.885537
333300 -16275.3 -20069.9 293.837 134.106 0.886502
333400 -16182.2 -20056.8 300.031 34.8361 0.886477
333500 -16166.7 -20065.1 301.874 -24.5563 0.886113
333600 -16233.6 -20107.8 299.997 29.6648 0.885831
333700 -16294.2 -20125.9 296.712 46.4909 0.885196
333800 -16301.8 -20154.8 298.36 273.556 0.883681
333900 -16307.3 -20131.9 296.163 -57.8621 0.880047
334000 -16245.5 -20086.2 297.407 -336.41 0.876575
334100 -16146.8 -20035 301.086 13.5469 0.876015
334200 -16154.2 -20043.9 301.203 -38.4201 0.87586
334300 -16203 -20060.2 298.687 102.157 0.87584
334400 -16258.1 -20101.2 297.595 25.1563 0.875059
334500 -16293.6 -20107.4 295.324 -291.424 0.874136
334600 -16233.9 -20080.9 297.894 -281.664 0.875943
334700 -16127.9 -20068.4 305.134 359.02 0.879888
334800 -16196.6 -20064.8 299.541 -40.7936 0.881674
334900 -16275.3 -20132.9 298.717 95.1524 0.883117
335000 -16318.8 -20122.2 294.516 -89.674 0.883989
335100 -16285.3 -20174.3 301.151 136.706 0.885316
335200 -16279.6 -20135.5 298.588 248.596 0.885562
335300 -16352.4 -20120 291.749 -33.6013 0.883729
335400 -16312.8 -20135.3 295.995 21.0514 0.881663
335500 -16231.5 -20101.1 299.648 -91.6026 0.879419
335600 -16210.5 -20057.2 297.874 -197.961 0.877815
335700 -16211.4 -20088.3 300.218 32.2291 0.87798
335800 -16316.4 -20132.2 295.482 192.532 0.87796
335900 -16389.2 -20216.7 296.391 -198.168 0.876407
336000 -16382.1 -20174 293.627 -88.7906 0.875949
336100 -16278.2 -20092.9 295.389 -10.7655 0.876362
336200 -16222.1 -20078.9 298.652 -49.2156 0.877266
336300 -16220.9 -20080.1 298.844 -118.904 0.879429
336400 -16241.5 -20074.9 296.841 252.029 0.882935
336500 -16240.5 -20058.2 295.631 56.1675 0.885175
336600 -16172.8 -20068.1 301.635 266.241 0.886617
336700 -16166.4 -20083.4 303.319 319.276 0.885542
336800 -16272.3 -20104.7 296.769 -37.2749 0.881414
336900 -16279.7 -20102.3 296.011 -14.1992 0.876795
337000 -16244.7 -20081.3 297.096 -52.1025 0.8722
337100 -16156 -19985.8 296.564 -325.049 0.868552
337200 -16093.9 -19986 301.386 154.601 0.867498
337300 -16122.1 -19988 299.367 -388.457 0.866245
337400 -16184.4 -20051.7 299.465 -100.244 0.867794
337500 -16266.5 -20087.3 295.866 -217.471 0.870971
337600 -16264.1 -20078.8 295.402 173.794 0.875461
337700 -16217.7 -20044.4 296.326 212.813 0.878424
337800 -16188.4 -20106.5 303.405 325.939 0.878901
337900 -16258.2 -20098.5 297.383 99.1692 0.876527
338000 -16292.5 -20105 295.224 -186.294 0.873461
338100 -16261.5 -20084.6 296.046 -227.998 0.872502
338200 -16218.8 -20102.1 300.707 -138.263 0.873702
338300 -16229.9 -20075 297.747 195.076 0.875686
338400 -16299.6 -20141.8 297.53 -63.9126 0.87616
338500 -16389.9 -20185.5 293.914 -58.9381 0.876967
338600 -16365.3 -20160.9 293.924 -205.6 0.878625
338700 -16263.9 -20091.3 296.376 -23.7608 0.88169
338800 -16237.7 -20133.3 301.666 371.966 0.88466
338900 -16286.9 -20123.3 297.074 208.573 0.884453
339000 -16315.2 -20109.6 293.824 -116.552 0.882114
339100 -16226.6 -20070.7 297.672 -27.1877 0.880619
339200 -16153.3 -20021.2 299.511 119.566 0.879702
339300 -16171.4 -20069 301.81 -134.223 0.878153
339400 -16252.7 -20085.4 296.794 -195.47 0.877614
339500 -16277.7 -20067.6 293.471 -287.984 0.879234
339600 -16228.3 -20063.2 296.964 -9.03163 0.883272
339700 -16192.9 -20048.6 298.573 225.402 0.886957
339800 -16217.6 -20113.3 301.663 106.479 0.888425
339900 -16287.5 -20107.4 295.8 223.5 0.888326
340000 -16283.8 -20102.5 295.712 -109.999 0.886842
340100 -16251.1 -20114.9 299.194 227.397 0.88586
340200 -16249.2 -20074.4 296.209 -93.7777 0.883497
340300 -16222.3 -20071.8 298.084 -168.752 0.881852
340400 -16216.7 -20078.5 299.043 10.5125 0.881717
340500 -16229.1 -20054.4 296.218 71.5841 0.881753
340600 -16198.7 -20074.9 300.152 15.7579 0.881252
340700 -16128.7 -19994.5 299.351 -63.4908 0.880722
340800 -16064.7 -19961.7 301.772 -261.06 0.880941
340900 -16085.9 -19976.9 301.302 276.145 0.882744
341000 -16195.2 -20051.8 298.641 217.384 0.882638
341100 -16230.1 -20048.2 295.658 -38.0256 0.880281
341200 -16189.9 -20013.2 296.061 -33.1668 0.878099
341300 -16127.4 -20010.6 300.701 -2.87154 0.87649
341400 -16120.5 -19990.7 299.697 -59.3265 0.875081
341500 -16215.9 -20023.5 294.841 52.652 0.874121
341600 -16271.2 -20076.1 294.631 50.2557 0.87275
341700 -16244.1 -20128.1 300.762 125.745 0.870669
341800 -16264.1 -20095.2 296.661 -395.339 0.868011
341900 -16306.5 -20080.2 292.222 -412.939 0.868761
342000 -16222.4 -20058 297.011 25.5134 0.873216
342100 -16159.6 -20047.4 301.051 295.966 0.877468
342200 -16192.5 -20070.1 300.264 -66.0443 0.879238
342300 -16281.7 -20117 296.99 75.2789 0.880936
342400 -16310.6 -20146.8 297.058 -64.1865 0.882169
342500 -16308.9 -20153.9 297.743 93.9475 0.883422
342600 -16295.4 -20133.2 297.188 0.230933 0.884266
342700 -16203.7 -20068.1 299.24 306.274 0.884539
342800 -16117.8 -20023.9 302.472 96.3013 0.882383
342900 -16146.5 -19991.2 297.721 -2.0903 0.878946
343000 -16182.9 -20061.5 300.339 94.3646 0.875445
343100 -16289.7 -20115.4 296.253 -279.421 0.872093
343200 -16330.2 -20137.2 294.8 -173.264 0.871212
343300 -16292.6 -20134.1 297.474 -188.374 0.872291
343400 -16253.4 -20095.1 297.491 20.157 0.874973
343500 -16191.7 -20086.9 301.626 128.218 0.877475
343600 -16093.4 -19981.3 301.063 208.208 0.878314
343700 -16019.6 -19959.3 305.071 130.899 0.877177
343800 -16091.6 -19972.4 300.51 -286.547 0.875407
343900 -16156.4 -20045.6 301.169 19.8091 0.875604
344000 -16226.1 -20072.1 297.82 122.9 0.87604
344100 -16287.9 -20144.8 298.66 114.716 0.875131
344200 -16318.9 -20123.4 294.606 -252.481 0.873627
344300 -16258.2 -20135.8 300.266 7.3767 0.874148
344400 -16159 -20064.6 302.435 147.182 0.874515
344500 -16062.5 -19953.9 301.332 -9.404 0.873773
344600 -16003.2 -19942.3 305.031 120.558 0.872855
344700 -16084.2 -19948.9 299.269 -116.027 0.871202
344800 -16125.5 -19976.4 298.201 -204.637 0.870719
344900 -16148.4 -20017 299.567 74.2552 0.871771
345000 -16201.2 -20030.7 296.541 -137.273 0.87255
345100 -16237.3 -20040.7 294.52 -124.043 0.874457
345200 -16189.4 -20028.2 297.259 -32.3151 0.877532
345300 -16083.4 -19956 299.879 168.317 0.880477
345400 -16062.2 -19951.4 301.167 163.154 0.881806
345500 -16133.6 -20009 300.097 124.945 0.881559
345600 -16204.4 -20040.3 297.037 141.195 0.879998
345700 -16210.5 -20039.9 296.528 88.294 0.877421
345800 -16176 -20033.1 298.674 -188.847 0.874688
345900 -16109.3 -19965.7 298.621 -54.6061 0.87366
346000 -16009.5 -19950.7 305.195 5.3851 0.873335
346100 -16041.3 -19931.6 301.255 -308.647 0.87346
346200 -16128.5 -19977.7 298.066 146.101 0.875684
346300 -16162.8 -20023.6 298.959 95.518 0.876891
346400 -16211.6 -20058.2 297.861 -10.3646 0.876775
346500 -16239.3 -20035 293.926 -163.282 0.87692
346600 -16159.6 -20040.6 300.527 -94.2036 0.878498
346700 -16095.6 -19966.2 299.722 221.867 0.880423
346800 -16073.6 -19941.7 299.53 143.084 0.880556
346900 -16083.6 -19986.1 302.197 23.4217 0.879207
347000 -16172.2 -20001.3 296.515 111.887 0.877301
347100 -16219 -20027.6 294.925 -5.56494 0.874956
347200 -16183.3 -20037.3 298.445 -161.026 0.872889
347300 -16103.4 -19960.2 298.659 -250.085 0.872448
347400 -16039.5 -19962 303.745 137.416 0.874036
347500 -16109.3 -19955.4 297.829 -54.5287 0.874914
347600 -16208.3 -20013 294.625 43.6085 0.875872
347700 -16185.4 -20004.7 295.756 353.479 0.876018
347800 -16141.2 -20040.8 301.969 120.131 0.873315
347900 -16178.6 -20019 297.384 -86.8361 0.869523
348000 -16243.1 -20030.3 293.267 -410.277 0.866921
348100 -16218.1 -20034.5 295.525 -343.07 0.868115
348200 -16108 -20002.2 301.546 58.0688 0.872243
348300 -16112.6 -19974.4 299.037 -2.77255 0.875936
348400 -16150.2 -19979.9 296.558 89.0564 0.87898
348500 -16194.5 -20031.1 297.095 -98.7707 0.881314
348600 -16283.8 -20092.8 294.954 138.089 0.883679
348700 -16318.7 -20109.7 293.567 161.247 0.884831
348800 -16233.3 -20082.4 298.062 303.672 0.884033
348900 -16166.1 -20025.1 298.824 188.205 0.88059
349000 -16161.4 -20025.6 299.232 -243.011 0.876208
349100 -16174.7 -20006.9 296.753 -101.01 0.873978
349200 -16157.7 -19970.1 295.216 -96.7616 0.872995
349300 -16071.1 -19967 301.679 -64.198 0.873263
349400 -16057.3 -19940.5 300.695 77.7885 0.874103
349500 -16140.4 -19978.1 297.172 -35.0826 0.874249
349600 -16210.3 -20021.1 295.094 -360.604 0.875215
349700 -16209.9 -20096.9 300.993 224.738 0.878748
349800 -16234.7 -20066.9 296.747 163.164 0.880562
349900 -16243.3 -20084.2 297.43 67.8799 0.880581
350000 -16231.2 -20091.5 298.932 84.9974 0.879925
350100 -16212.1 -20082.1 299.68 -96.6647 0.878496
350200 -16230.1 -20063.9 296.874 -106.736 0.87782
350300 -16256.8 -20106.1 298.068 16.1897 0.878534
350400 -16283.4 -20085.5 294.421 131.427 0.878971
350500 -16227.4 -20078.3 298.198 -38.9556 0.878238
350600 -16150.4 -20065.9 303.197 9.3747 0.877828
350700 -16176.3 -20028.2 298.275 90.721 0.877236
350800 -16273.3 -20082.5 294.972 21.1705 0.875732
350900 -16341.1 -20144.7 294.537 -223.174 0.874136
351000 -16325.2 -20144.4 295.75 -159.865 0.874591
351100 -16300.1 -20133.3 296.825 101.459 0.876529
351200 -16282.5 -20155.6 299.92 308.768 0.8774
351300 -16295.6 -20124.9 296.531 -15.9548 0.875797
351400 -16275.6 -20122.2 297.867 38.3865 0.874057
351500 -16226.5 -20110.9 300.797 -40.887 0.871953
351600 -16183.7 -20041 298.696 -317.397 0.870126
351700 -16134.1 -20009.6 300.1 -182.504 0.87118
351800 -16095.7 -20026.2 304.362 160.096 0.873988
351900 -16195.4 -20025.1 296.564 151.299 0.875789
352000 -16237.2 -20062.6 296.224 102.359 0.876212
352100 -16195.5 -20025.5 296.582 54.5851 0.875505
352200 -16140.9 -20049.3 302.651 199.733 0.873815
352300 -16193.3 -20059.2 299.358 -86.1789 0.870515
352400 -16267.1 -20043.3 292.413 -248.922 0.86753
352500 -16238.7 -20040.8 294.422 -439.718 0.867054
352600 -16167 -20004.7 297.178 -243.091 0.870714
352700 -16113.6 -20019.2 302.435 181.858 0.877111
352800 -16166.3 -20060 301.513 216.55 0.882054
352900 -16265.6 -20117.1 298.243 275.517 0.88461
353000 -16292.9 -20129.3 297.074 142.703 0.884495
353100 -16282.9 -20134.7 298.272 -71.8782 0.882957
353200 -16245.5 -20098.1 298.333 314.249 0.881542
353300 -16181.1 -20065.6 300.797 106.285 0.878267
353400 -16130.9 -20029.4 301.884 -1.05438 0.874448
353500 -16166.6 -20016.5 298.121 -160.23 0.871515
353600 -16250.9 -20054.2 294.512 -504.69 0.871189
353700 -16272.9 -20120.8 297.969 68.6699 0.874671
353800 -16277.1 -20087.9 295.097 214.242 0.876906
353900 -16208.3 -20085.8 300.26 -108.556 0.877021
354000 -16170.5 -20064.5 301.53 61.1486 0.877734
354100 -16236.7 -20101.2 299.253 4.12872 0.878063
354200 -16313.7 -20116.1 294.445 16.8602 0.878276
354300 -16302.1 -20129.3 296.363 69.8971 0.878348
354400 -16250.1 -20049.8 294.234 155.007 0.877339
354500 -16196.5 -20035.4 297.267 -233.97 0.87563
354600 -16159.3 -20009.6 298.151 -155.643 0.875826
354700 -16162.6 -20069.2 302.515 172.102 0.877332
354800 -16254.1 -20053.9 294.24 -165.396 0.877872
354900 -16257.4 -20080 296.008 94.2571 0.879249
355000 -16236.3 -20092.4 298.596 -0.701403 0.880023
355100 -16228.6 -20072.3 297.637 189.735 0.880443
355200 -16202.1 -20073.5 299.789 223.045 0.879343
355300 -16157.4 -20033.4 300.137 -82.5688 0.876239
355400 -16137.6 -20020.4 300.669 56.6179 0.87338
355500 -16174.3 -20008.3 296.89 -277.309 0.870818
355600 -16229 -20058.8 296.559 -154.597 0.870517
355700 -16288.7 -20099.6 295.101 -61.7228 0.87178
355800 -16343.7 -20171.1 296.378 -18.781 0.873632
355900 -16399.6 -20161.8 291.324 -134.72 0.875946
356000 -16334.7 -20191.4 298.649 158.848 0.879098
356100 -16256.4 -20097.2 297.417 346.249 0.880544
356200 -16223.3 -20087.4 299.222 84.9641 0.87902
356300 -16216.7 -20046.5 296.562 -65.0857 0.876636
356400 -16180 -20035.6 298.564 -56.4363 0.875016
356500 -16046 -19963.5 303.35 78.4873 0.873973
356600 -16017.7 -19945.3 304.14 38.4261 0.872388
356700 -16113.9 -20006.3 301.412 -78.043 0.870632
356800 -16189.8 -20035.2 297.771 -236.275 0.869842
356900 -16228.9 -20072.6 297.634 54.0629 0.870892
357000 -16254.8 -20053.8 294.185 9.66274 0.87191
357100 -16180.8 -20044.6 299.2 -45.5664 0.872644
357200 -16099.3 -19991.1 301.367 -16.0545 0.873461
357300 -16118.5 -19994 300.105 -31.885 0.874387
357400 -16195.3 -20049.2 298.436 -144.66 0.875926
357500 -16257.6 -20119.6 299.06 183.277 0.878107
357600 -16293.4 -20173.5 300.462 107.771 0.878943
357700 -16330.1 -20131.2 294.337 72.9097 0.878469
357800 -16281.2 -20115.2 296.887 -165.537 0.877331
357900 -16204.8 -20106.1 302.096 144.564 0.877428
358000 -16228.3 -20123.5 301.63 -33.3653 0.877027
358100 -16272.5 -20100 296.388 -16.3209 0.876403
358200 -16246.5 -20054.8 294.9 -224.993 0.876179
358300 -16196.6 -20080.8 300.777 181.563 0.877623
358400 -16208.7 -20052.9 297.679 116.24 0.877761
358500 -16258.3 -20060.8 294.454 -140.399 0.877006
358600 -16319.1 -20117.4 294.126 35.6112 0.877182
358700 -16300.4 -20119.6 295.746 -260.04 0.877749
358800 -16205.8 -20074.3 299.561 373.561 0.879469
358900 -16168.5 -20035.4 299.433 46.394 0.878588
359000 -16171.2 -20012.6 297.468 -73.2409 0.8771
359100 -16168.8 -20021.4 298.33 70.5154 0.876242
359200 -16158.5 -20025.3 299.436 7.86261 0.875016
359300 -16165.6 -19992.5 296.342 -25.9376 0.873599
359400 -16138 -19994.4 298.629 -263.777 0.872982
359500 -16111.3 -19991.8 300.489 -64.3668 0.874591
359600 -16148.2 -19944.2 293.942 8.81311 0.876964
359700 -16133.7 -20013.6 300.448 227.255 0.878751
359800 -16140 -20008.5 299.562 166.143 0.878453
359900 -16192.2 -19979.6 293.28 -109.437 0.87682
360000 -16157.7 -20025 299.47 160.621 0.87577
360100 -16088.8 -19980.6 301.368 180.763 0.873493
360200 -16019.4 -19888.8 299.627 -85.3137 0.869916
360300 -15960.2 -19891.8 304.446 -237.963 0.867608
360400 -16047.7 -19914.9 299.461 -351.166 0.867683
360500 -16143 -20000.5 298.712 -73.5461 0.870736
360600 -16188.6 -20030.4 297.491 -31.86 0.874719
360700 -16237.6 -20088.9 298.226 43.9565 0.878134
360800 -16312.2 -20144.7 296.778 -28.1036 0.880689
360900 -16392.8 -20160.8 291.782 -45.0733 0.883427
361000 -16359.3 -20183.8 296.157 324.476 0.885628
361100 -16228.9 -20077.6 298.033 -50.46 0.885304
361200 -16181.6 -20066.1 300.797 232.278 0.884574
361300 -16212.6 -20066.9 298.462 -44.2269 0.882604
361400 -16286.7 -20111.9 296.206 -1.615 0.880704
361500 -16307.9 -20096.9 293.404 -77.7213 0.878984
361600 -16183.5 -20040 298.626 -108.83 0.878074
361700 -16131.9 -19984.7 298.34 -17.7505 0.878194
361800 -16132.9 -19997 299.227 321.156 0.878253
361900 -16166.4 -20015.7 298.077 102.577 0.87557
362000 -16235.4 -20065.2 296.567 -215.446 0.871889
362100 -16309.3 -20109 294.233 -201.546 0.870258
362200 -16301 -20119.6 295.699 93.3979 0.870375
362300 -16173.3 -20032.9 298.871 3.72692 0.870035
362400 -16116.9 -19977.4 298.942 -45.5853 0.869464
362500 -16099.9 -19954.8 298.515 -55.4521 0.869397
362600 -16084.8 -19941.9 298.68 133.203 0.869594
362700 -16067.3 -19943.6 300.166 -127.637 0.86905
362800 -16088 -19933.4 297.771 41.1563 0.869266
362900 -16149.2 -20009 298.888 -97.0028 0.869362
363000 -16227.8 -20040.3 295.222 74.298 0.870165
363100 -16245.8 -20088.1 297.533 -40.9645 0.870724
363200 -16227.6 -20064.7 297.126 10.2166 0.871317
363300 -16137.1 -20009.8 299.889 123.935 0.872014
363400 -16078 -19958.4 300.482 106.381 0.87161
363500 -16092.1 -19978.7 300.965 9.24027 0.869944
363600 -16196.9 -20031 296.903 -180.198 0.868247
363700 -16229.7 -20050.1 295.833 -152.122 0.86791
363800 -16204.1 -20052.1 297.972 -134.884 0.869206
363900 -16185.1 -20038.9 298.421 99.6329 0.872156
364000 -16153.2 -20039.9 300.972 270.744 0.8742
364100 -16123.5 -19982.2 298.805 -129.01 0.874283
364200 -16114.2 -19994.9 300.499 370.72 0.874902
364300 -16186.4 -20032.2 297.805 108.595 0.872882
364400 -16249.7 -20090.7 297.436 -77.3787 0.86885
364500 -16252 -20037.8 293.156 -341.991 0.865416
364600 -16149.2 -20032.9 300.738 -2.10675 0.864705
364700 -16125.1 -20012.1 300.997 -57.9697 0.864531
364800 -16163.1 -20011.9 298.035 -52.5779 0.864901
364900 -16211.2 -20069.2 298.756 112.883 0.865724
365000 -16283.4 -20066.9 292.976 -59.4291 0.865646
365100 -16245 -20052.1 294.806 -8.95185 0.866002
365200 -16120.1 -19973.3 298.377 -131.388 0.866788
365300 -16080.1 -19969.6 301.19 -8.37632 0.868529
365400 -16112.3 -19994.7 300.637 -117.718 0.871055
365500 -16202.4 -20026.9 296.155 204.04 0.874496
365600 -16225.6 -20064.3 297.25 213.103 0.876587
365700 -16224.9 -20065.9 297.433 244.087 0.87651
365800 -16205.2 -20054.2 298.048 -0.247493 0.874368
365900 -16090.5 -20003.8 303.036 129.617 0.871529
366000 -16058.3 -19952.5 301.557 -243.637 0.867801
366100 -16128.2 -19988.4 298.917 -360.3 0.865957
366200 -16217 -20079 299.056 -59.1297 0.867568
366300 -16243.4 -20079.9 297.081 -19.6392 0.870205
366400 -16240 -20084 297.664 118.879 0.872846
366500 -16222.6 -20095.1 299.871 127.844 0.874591
366600 -16235.9 -20089.9 298.438 104.428 0.875
366700 -16283.9 -20096.2 295.207 141.992 0.874238
366800 -16299.3 -20137.4 297.21 -33.7413 0.872296
366900 -16274.6 -20100.3 296.248 -139.208 0.870391
367000 -16171.5 -20007.7 297.061 -261.615 0.869918
367100 -16099.9 -19953.9 298.443 -100.304 0.871814
367200 -16085.8 -19967.8 300.606 -25.6644 0.875387
367300 -16146 -20014.1 299.528 326.779 0.879146
367400 -16267.7 -20123.6 298.589 8.87338 0.880594
367500 -16293.1 -20125 296.728 165.539 0.881469
367600 -16254.2 -20085.9 296.711 291.049 0.880514
367700 -16181.4 -20020.8 297.308 -66.4785 0.876724
367800 -16116.1 -20024.1 302.621 -279.007 0.872786
367900 -16138 -19989 298.206 -109.571 0.870475
368000 -16181.9 -20037.7 298.582 -339.202 0.869566
368100 -16207.1 -20045.7 297.243 -68.263 0.871597
368200 -16204.7 -20075.7 299.757 28.2086 0.875138
368300 -16245.7 -20127.9 300.618 231.771 0.878891
368400 -16339.1 -20189.7 298.177 119.002 0.881406
368500 -16378.7 -20179.3 294.301 218.721 0.882268
368600 -16326.8 -20121.8 293.867 65.0537 0.881325
368700 -16251.8 -20114.1 299.084 -56.9212 0.879729
368800 -16245.1 -20115.2 299.684 130.066 0.877912
368900 -16277.8 -20112.1 296.915 -150.802 0.875244
369000 -16290.2 -20076.6 293.204 -159.507 0.873334
369100 -16181.4 -20035.6 298.453 -140.37 0.872952
369200 -16119.7 -19993.1 299.939 -79.3894 0.874232
369300 -16139 -20014.2 300.077 34.3017 0.876517
369400 -16223.8 -20066.1 297.528 321.952 0.878321
369500 -16285.9 -20120.3 296.916 -16.312 0.877582
369600 -16285.7 -20096.6 295.099 -60.8299 0.876456
369700 -16235.2 -20047.6 295.216 19.4273 0.875936
369800 -16185.2 -20059.4 300 54.2313 0.875236
369900 -16196.6 -20058.7 299.068 -91.9491 0.874022
370000 -16231.5 -20072.2 297.413 30.8628 0.873216
370100 -16304.7 -20127.2 295.998 -62.9672 0.872346
370200 -16410 -20195.4 293.123 -36.7982 0.871988
370300 -16372.4 -20165.8 293.748 -156.46 0.872211
370400 -16278.3 -20108.2 296.576 -134.929 0.87386
370500 -16226.3 -20062.1 297.025 105.009 0.877034
370600 -16187 -20075.4 301.104 43.6381 0.879655
370700 -16206.7 -20047.7 297.431 105.277 0.881593
370800 -16290.5 -20070.9 292.739 23.108 0.883165
370900 -16328.6 -20146.8 295.666 46.321 0.884531
371000 -16299.9 -20166.2 299.396 334.593 0.885144
371100 -16227.3 -20094.4 299.454 -64.4043 0.883308
371200 -16173.6 -20086.3 302.986 2.85605 0.881331
371300 -16220.4 -20033.7 295.289 -233.539 0.879487
371400 -16288 -20108.9 295.88 38.2313 0.879288
371500 -16346.8 -20120.4 292.208 -116.98 0.879304
371600 -16333 -20143.7 295.081 -39.9898 0.880245
371700 -16252.5 -20125.1 299.875 142.623 0.881697
371800 -16212.1 -20017.4 294.665 -90.209 0.882407
371900 -16143 -20032.8 301.215 231.264 0.883178
372000 -16165.3 -20062.4 301.771 207.95 0.881902
372100 -16230.3 -20073.9 297.636 79.0142 0.87868
372200 -16260 -20100.6 297.405 -215.007 0.874633
372300 -16233.2 -20047.7 295.388 -445.935 0.872701
372400 -16118.3 -20022.4 302.316 51.0537 0.874474
372500 -16113.4 -20010.4 301.775 59.1763 0.876483
372600 -16160.4 -20006.8 297.851 -116.853 0.87788
372700 -16199.6 -20053.5 298.437 334.57 0.879624
372800 -16259 -20088.2 296.52 110.328 0.879133
372900 -16361.3 -20126.9 291.591 112.981 0.876936
373000 -16379 -20135.3 290.873 -23.2096 0.873832
373100 -16287.2 -20109.7 296.001 -40.9391 0.870865
373200 -16233.7 -20036.7 294.487 -530.522 0.868884
373300 -16150.9 -20026.8 300.133 -33.83 0.871155
373400 -16124.7 -19974.6 298.121 182.784 0.874264
373500 -16133.4 -20017.9 300.796 102.18 0.875522
373600 -16235.5 -20054.3 295.714 -13.9005 0.875678
373700 -16293.6 -20097.4 294.55 -80.0603 0.876016
373800 -16263.7 -20104.9 297.446 409.801 0.876511
373900 -16222.3 -20062.5 297.372 37.9319 0.874054
374000 -16160.7 -20018.2 298.715 59.1124 0.870628
374100 -16019.2 -19955.6 304.819 -69.75 0.866852
374200 -15978 -19894.1 303.25 -161.304 0.863965
374300 -16041.5 -19922.1 300.5 -31.1662 0.862643
374400 -16111.1 -19944 296.808 -293.96 0.862204
374500 -16133 -19973.5 297.398 -70.2511 0.864276
374600 -16128.4 -19963.8 296.995 78.3234 0.867147
374700 -16052.4 -19955.5 302.243 -135.484 0.869491
374800 -16020.5 -19937.2 303.292 228.079 0.872237
374900 -16115.5 -20005.6 301.241 150.054 0.873259
375000 -16188.5 -20021.8 296.835 -48.5947 0.872724
375100 -16188.3 -20024.5 297.059 -87.9222 0.872614
375200 -16158.1 -20000.1 297.51 99.5224 0.873213
375300 -16085.1 -19993.6 302.666 -16.8013 0.873188
375400 -16055.1 -19969.1 303.091 10.6272 0.873158
375500 -16158.1 -20025 299.442 104.505 0.872894
375600 -16214.5 -20044.2 296.558 -120.704 0.871869
375700 -16214.4 -20063.5 298.062 9.71262 0.871676
375800 -16199.6 -20036.8 297.142 -201.353 0.871879
375900 -16129.1 -20004 300.058 11.9815 0.873688
376000 -16052.2 -19951.7 301.957 105.274 0.875598
376100 -16093 -19995.4 302.189 166.784 0.876531
376200 -16197.4 -20025.5 296.436 -141.48 0.876467
376300 -16197.5 -20035.9 297.227 370.968 0.876608
376400 -16171.1 -20016.5 297.773 26.0779 0.874098
376500 -16103.5 -19958 298.481 -222.424 0.870794
376600 -16024.7 -19920.7 301.69 -251.217 0.869429
376700 -16046.8 -19938.9 301.391 -44.6763 0.870341
376800 -16167.1 -20002.7 297.018 62.3511 0.871876
376900 -16187.2 -20017.1 296.571 38.9749 0.873028
377000 -16178 -20055.1 300.231 292.594 0.873568
377100 -16244.6 -20115.2 299.726 94.4941 0.871857
377200 -16323.7 -20106.1 292.893 -212.122 0.86899
377300 -16281.9 -20065.4 292.98 -253.249 0.867893
377400 -16219.2 -20096.7 300.255 2.88558 0.869188
377500 -16227.2 -20088.4 298.99 -24.2924 0.870928
377600 -16265.4 -20100.6 296.982 -78.5779 0.872873
377700 -16311.4 -20112.2 294.315 -67.7955 0.87605
377800 -16341.2 -20174.8 296.864 421.71 0.880179
377900 -16353.6 -20145.9 293.661 310.535 0.880878
378000 -16273.1 -20102.2 296.512 198.723 0.878098
378100 -16190.6 -20062.1 299.798 21.5485 0.872895
378200 -16197.7 -20064.2 299.407 -149.228 0.866776
378300 -16227.7 -20018.4 293.541 -477.702 0.862374
378400 -16140.5 -19990 298.092 -333.648 0.862359
378500 -16048.9 -19918.4 299.639 -29.6337 0.865528
378600 -16066.2 -19966.3 302.006 71.4618 0.869141
378700 -16149 -20001.9 298.355 -9.88913 0.871912
378800 -16203.2 -20075.3 299.84 218.102 0.874138
378900 -16241.2 -20051.1 295.022 -107.586 0.874575
379000 -16215.7 -20027.2 295.151 -126.483 0.875568
379100 -16164.8 -20006.6 297.492 179.13 0.877394
379200 -16157.5 -20034.4 300.211 223.522 0.877564
379300 -16190.5 -20031.2 297.409 -101.505 0.87599
379400 -16223.1 -20064.2 297.44 46.7761 0.87498
379500 -16303.7 -20084 292.734 -141.463 0.874267
379600 -16347.8 -20160.8 295.267 -225.097 0.87507
379700 -16296.3 -20134.3 297.196 358.124 0.877195
379800 -16208.2 -20102.6 301.574 177.259 0.87627
379900 -16205.3 -20038 296.792 -150.402 0.873915
380000 -16191.5 -20038.8 297.922 -4.48954 0.872993
380100 -16108.8 -20010.3 302.121 129.407 0.871974
380200 -16034.1 -19998.9 307.017 -28.1512 0.87005
380300 -16128.8 -20002.7 299.982 -69.6385 0.868703
380400 -16187.2 -20059.5 299.858 58.8748 0.868096
380500 -16248.6 -20081.6 296.819 93.214 0.866841
380600 -16282.3 -20102.6 295.829 -203.327 0.865231
380700 -16229.4 -20029.6 294.273 -16.4072 0.865213
380800 -16119.5 -20005.4 300.908 1.90666 0.865509
380900 -16126.9 -19997.9 299.757 -53.505 0.865737
381000 -16178.4 -20009.9 296.694 -118.168 0.866498
381100 -16222.5 -20006.5 293.011 -83.8157 0.868409
381200 -16166.2 -20031.9 299.341 -188.427 0.871629
381300 -16097.1 -20001 302.301 285.26 0.875769
381400 -16152.5 -20022.8 299.702 362.903 0.877388
381500 -16211 -20035 296.117 19.006 0.875803
381600 -16219.5 -20076.2 298.652 -151.325 0.873902
381700 -16225 -20057.5 296.776 96.0955 0.873141
381800 -16195.4 -20050 298.49 -55.573 0.87186
381900 -16092.3 -19962.4 299.686 -136.41 0.871131
382000 -16008.5 -19919 302.814 1.99996 0.87162
382100 -16068.1 -19980 302.921 -55.7091 0.872354
382200 -16157.3 -20022.1 299.277 -2.52154 0.873372
382300 -16220.9 -20073.5 298.331 -97.8829 0.874915
382400 -16266.4 -20124.3 298.742 219.434 0.876644
382500 -16321.4 -20115.8 293.825 -90.6337 0.876729
382600 -16298.9 -20111.7 295.251 -184.069 0.877753
382700 -16173.7 -20058.3 300.806 240.765 0.88012
382800 -16171.5 -20067.1 301.666 176.078 0.880561
382900 -16256 -20119.3 299.164 -14.3276 0.879326
383000 -16319.5 -20160.3 297.417 38.7063 0.877816
383100 -16328.8 -20134.8 294.726 -169.698 0.876256
383200 -16271.8 -20118.7 297.894 -265.779 0.876412
383300 -16211 -20061.9 298.2 -47.4033 0.878891
383400 -16189 -20050.5 299.016 19.9932 0.882081
383500 -16205.2 -20087 300.594 50.47 0.885216
383600 -16264.5 -20094.6 296.592 360.716 0.88721
383700 -16306.1 -20124.9 295.717 218.251 0.885855
383800 -16273.5 -20089.1 295.466 12.4144 0.882592
383900 -16163.7 -20084.5 303.609 73.0358 0.879306
384000 -16192.9 -20043.5 298.17 -127.148 0.876093
384100 -16224.6 -20060.2 297.012 -335.269 0.874591
384200 -16203.6 -20033 296.535 -125.86 0.875979
384300 -16094.7 -20019.1 303.888 184.78 0.878236
384400 -16086.1 -19989.9 302.29 98.6504 0.878667
384500 -16153.3 -19996.1 297.576 35.6582 0.877955
384600 -16177.8 -20027.6 298.116 -192.453 0.877367
384700 -16178 -20023.8 297.809 -15.5367 0.878339
384800 -16179.9 -20051.8 299.821 161.671 0.879407
384900 -16273.6 -20108.9 296.991 -68.7899 0.879257
385000 -16346.2 -20135 293.394 21.368 0.87939
385100 -16299.7 -20140.1 297.385 58.0397 0.879354
385200 -16241.2 -20106.8 299.344 -119.445 0.878878
385300 -16235.1 -20105.1 299.68 49.0279 0.879251
385400 -16297.1 -20144.8 297.95 82.9721 0.879523
385500 -16434.4 -20228.1 293.769 -2.26404 0.879056
385600 -16435.4 -20222.8 293.283 -120.011 0.878516
385700 -16347.1 -20158.7 295.152 158.239 0.878807
385800 -16267.9 -20129.8 299.053 208.71 0.877684
385900 -16242.1 -20080.9 297.258 17.7465 0.874738
386000 -16195.7 -20016.6 295.874 -413.569 0.872158
386100 -16085.9 -19980.5 301.577 -180.986 0.873108
386200 -16085.5 -19980 301.576 223.297 0.875558
386300 -16155.5 -20041.3 300.903 7.19888 0.8764
386400 -16223.3 -20065.6 297.535 -20.5747 0.876929
386500 -16246.7 -20064.2 295.606 -153.111 0.877842
386600 -16192.9 -20003.4 295.073 -24.9411 0.879875
386700 -16127.1 -19987.8 298.958 220.44 0.881799
386800 -16125.4 -19989.4 299.216 95.9491 0.881913
386900 -16180.4 -20080.7 302.031 160.313 0.880831
387000 -16275 -20114.3 297.301 30.6027 0.878508
387100 -16298.8 -20148.4 298.1 60.3056 0.87584
387200 -16303.5 -20115 295.148 -196.607 0.873307
387300 -16222.9 -20065.6 297.569 -261.749 0.872648
387400 -16123 -19984.7 299.039 -60.1459 0.874108
387500 -16109.1 -19987.9 300.358 10.2342 0.876342
387600 -16161.2 -20040.1 300.371 110.08 0.878142
387700 -16250.5 -20074 296.079 46.1773 0.878778
387800 -16246.2 -20054.5 294.895 -15.9306 0.878848
387900 -16188.8 -20047 298.767 -115.034 0.878958
388000 -16166.6 -20046.1 300.415 -54.7198 0.879992
388100 -16223.9 -20058.5 296.935 -34.1978 0.881743
388200 -16336.4 -20154.4 295.648 277.811 0.883215
388300 -16436.9 -20171.6 289.201 204.218 0.882269
388400 -16369 -20145.3 292.428 -100.151 0.879831
388500 -16273.5 -20094.9 295.915 -4.72505 0.878064
388600 -16182.7 -20027.1 297.698 -76.5197 0.876823
388700 -16118.4 -19968.4 298.129 -219.367 0.876826
388800 -16089.6 -19978.1 301.106 -0.935788 0.878451
388900 -16148.5 -20021.1 299.876 146.481 0.879809
389000 -16266.7 -20096 296.532 151.545 0.879922
389100 -16284.9 -20122.8 297.19 26.3427 0.878709
389200 -16256 -20074.5 295.689 -145.596 0.877242
389300 -16160.9 -20031.6 299.738 -81.2711 0.877067
389400 -16126.4 -19994.7 299.542 206.93 0.877456
389500 -16144.4 -20032.1 301.047 17.8076 0.876513
389600 -16197.4 -20062 299.264 -362.859 0.875493
389700 -16218.1 -20044.8 296.323 -71.801 0.877167
389800 -16203.9 -20080.2 300.163 96.9246 0.880039
389900 -16240 -20106.5 299.404 176.384 0.881875
390000 -16327.6 -20080.8 290.635 24.3783 0.88212
390100 -16293.4 -20113.5 295.817 45.714 0.881746
390200 -16251 -20104.1 298.37 116.883 0.881104
390300 -16224.1 -20049.7 296.241 44.7721 0.879429
390400 -16146.7 -19997.9 298.225 -72.013 0.877239
390500 -16063.8 -19952.8 301.147 -51.4385 0.875714
390600 -16080.7 -19959.2 300.335 -160.84 0.874843
390700 -16123.3 -19964.3 297.428 -121.996 0.875494
390800 -16156.7 -20010.8 298.448 82.117 0.877237
390900 -16235.8 -20040.5 294.624 -112.969 0.878594
391000 -16311.9 -20086 292.251 -14.0892 0.880864
391100 -16256.7 -20136 300.394 152.462 0.883254
391200 -16163.3 -20108.1 305.47 268.697 0.88412
391300 -16243 -20087.4 297.697 244.044 0.882524
391400 -16316.1 -20131.5 295.448 -224.063 0.87896
391500 -16276 -20097.6 295.936 -103.478 0.87686
391600 -16194 -20029.4 297 -95.1268 0.876094
391700 -16142.2 -20054.3 302.933 -13.9708 0.876031
391800 -16187.8 -20042.4 298.481 -218.25 0.876431
391900 -16228.4 -20060.6 296.749 -131.105 0.878821
392000 -16234.8 -20087.7 298.353 206.662 0.882437
392100 -16238 -20088.6 298.177 317.915 0.884173
392200 -16246.1 -20085 297.271 301.639 0.882862
392300 -16223.5 -20088.6 299.3 -73.6944 0.878876
392400 -16178.8 -20060 300.547 -143.517 0.875321
392500 -16166 -20011.7 297.796 7.10711 0.873061
392600 -16147.1 -20003 298.581 -136.704 0.871175
392700 -16109.2 -20002.3 301.463 -193.958 0.870486
392800 -16127.3 -19961.5 296.904 -155.307 0.87182
392900 -16182.1 -20030.1 297.971 -98.2578 0.874606
393000 -16251.1 -20046.2 293.878 151.917 0.878063
393100 -16244.7 -20105.6 298.971 78.6409 0.880246
393200 -16193.7 -20057 299.163 104.817 0.881233
393300 -16126.2 -20030.9 302.365 125.85 0.881254
393400 -16143.4 -20046.5 302.243 4.39822 0.880046
393500 -16252.8 -20097.4 297.715 -102.006 0.879115
393600 -16283.6 -20109.4 296.253 203.696 0.878787
393700 -16280.3 -20148.7 299.556 57.8606 0.876882
393800 -16320.8 -20162.5 297.49 -185.136 0.874502
393900 -16398.4 -20172.2 292.223 -15.0489 0.873442
394000 -16375.9 -20157.5 292.834 -77.841 0.873028
394100 -16257.3 -20069.7 295.214 -221.142 0.873517
394200 -16194.3 -20050.6 298.612 -91.4196 0.876017
394300 -16153.9 -20031.3 300.248 106.245 0.879306
394400 -16167.1 -20035.2 299.535 350.275 0.881209
394500 -16261.8 -20073.8 295.191 115.703 0.880066
394600 -16303.6 -20133.1 296.545 -63.2391 0.877736
394700 -16293.8 -20132.2 297.233 79.1568 0.875998
394800 -16201.6 -20053.3 298.262 -100.717 0.873995
394900 -16103.3 -19981.9 300.346 56.0023 0.872595
395000 -16091 -19963.7 299.889 -64.9681 0.871103
395100 -16137.2 -19977.3 297.36 135.159 0.869997
395200 -16215.2 -20014 294.161 -75.7266 0.868109
395300 -16230.7 -20046 295.446 -223.634 0.86707
395400 -16127.5 -19988.2 298.962 -71.3478 0.868082
395500 -16054.2 -19957.5 302.257 -124.137 0.869834
395600 -16086 -19946.6 298.955 92.7734 0.872459
395700 -16154.2 -20008.5 298.461 211.419 0.87425
395800 -16198.1 -20022.8 296.175 0.176796 0.87409
395900 -16194.5 -20065.7 299.774 -95.786 0.87372
396000 -16212.6 -20041.8 296.519 226.109 0.873685
396100 -16201.3 -20029.4 296.432 67.8134 0.872134
396200 -16108.6 -20009.4 302.061 -32.9542 0.86988
396300 -16064.4 -19962 301.812 60.7708 0.867944
396400 -16153.6 -20029.3 300.122 -195.206 0.866061
396500 -16243.5 -20062 295.693 -164.973 0.865946
396600 -16222.2 -20059.9 297.179 -15.0019 0.867236
396700 -16159.4 -19997.1 297.175 -158.721 0.869087
396800 -16083.8 -19967.2 300.71 128.815 0.871638
396900 -16074.6 -19917.1 297.547 159.487 0.87281
397000 -16047.7 -19872.9 296.215 -348.972 0.873114
397100 -15936.6 -19893.3 306.392 58.186 0.875548
397200 -16007 -19952.6 305.536 -5.87263 0.877735
397300 -16120.6 -19980.4 298.885 -90.2328 0.879732
397400 -16173.6 -20010.7 297.132 319.382 0.88166
397500 -16211.7 -20073.9 299.079 -39.7598 0.881365
397600 -16286.4 -20128 297.482 281.753 0.880545
397700 -16355.8 -20167.1 295.136 -36.2594 0.877912
397800 -16338.1 -20105 291.694 -317.626 0.876026
397900 -16201.8 -20009.1 294.827 -45.6712 0.876894
398000 -16153.3 -20032.8 300.415 170.009 0.878248
398100 -16159 -20006.9 297.964 187.64 0.877813
398200 -16174.2 -20015.3 297.44 -24.3775 0.875908
398300 -16194.2 -20061.4 299.461 -12.2397 0.874361
398400 -16279.3 -20138.4 298.835 -180.835 0.873239
398500 -16344.1 -20144.6 294.298 -184.528 0.873806
398600 -16309.7 -20124.6 295.417 125.069 0.875806
398700 -16256.1 -20129.5 299.94 56.6738 0.876954
398800 -16249.6 -20085.3 297.023 255.02 0.877033
398900 -16243.1 -20091.1 297.973 131.305 0.874957
399000 -16237.1 -20076.7 297.32 -35.661 0.871705
399100 -16178.6 -19999.6 295.887 -182.577 0.868924
399200 -16047.9 -19910.9 299.136 -217.951 0.867978
399300 -16032.7 -19921 301.097 -135.681 0.869184
399400 -16107.7 -20005.9 301.863 40.9238 0.871401
399500 -16194.6 -20025.2 296.629 -36.5595 0.873518
399600 -16229.9 -20101.3 299.781 237.184 0.875657
399700 -16303.5 -20142.8 297.307 69.8107 0.875963
399800 -16355.2 -20162.8 294.85 -96.5134 0.875435
399900 -16316.9 -20092.5 292.368 -34.4109 0.875708
400000 -16258.2 -20107.6 298.08 59.9406 0.876197
400100 -16247.1 -20108.6 299.021 97.6677 0.87624
400200 -16264.2 -20084.8 295.846 -186.09 0.875898
400300 -16237.8 -20071.3 296.848 -92.8556 0.876783
400400 -16158.6 -20066.2 302.591 67.7618 0.878883
400500 -16157.8 -20008.8 298.203 117.628 0.880363
400600 -16221.8 -20035.4 295.304 -82.973 0.880791
400700 -16309.9 -20133 296.048 94.3682 0.881723
400800 -16360.8 -20167.9 294.802 225.698 0.881731
400900 -16312.3 -20122.6 295.06 73.662 0.879767
401000 -16205.6 -20087.9 300.632 -14.2188 0.876864
401100 -16203.9 -20033.6 296.556 -152.22 0.874076
401200 -16172.5 -20017.2 297.719 -34.4014 0.872637
401300 -16108.8 -20017.3 302.663 -115.278 0.871695
401400 -16126.4 -20015.5 301.153 10.2974 0.871712
401500 -16226.7 -20010.2 292.986 -32.5874 0.871828
401600 -16212.4 -20053.4 297.431 -182.109 0.872546
401700 -16186.1 -20062.2 300.152 -58.8915 0.874885
401800 -16240.3 -20071.6 296.685 -89.5594 0.878225
401900 -16331 -20140.7 295.008 237.07 0.88207
402000 -16336.4 -20159.3 296.026 254.874 0.883696
402100 -16268.8 -20118.1 298.076 166.025 0.882846
402200 -16175.9 -20078.5 302.198 105.128 0.880169
402300 -16181.1 -20018.1 297.124 -197.996 0.876936
402400 -16190.5 -20057.7 299.465 148.51 0.875056
402500 -16228.2 -20021.5 293.74 -12.1945 0.8723
402600 -16229.1 -20056.4 296.367 -187.806 0.869801
402700 -16168.2 -20006.5 297.227 -126.351 0.869017
402800 -16089 -19939.1 298.14 -1.76951 0.869592
402900 -16022.8 -19907.9 300.851 6.26197 0.870126
403000 -16035.3 -19901.2 299.357 -49.4221 0.870612
403100 -16121.4 -19942.9 295.928 63.0495 0.871366
403200 -16232.5 -20025.6 293.717 -3.72455 0.87159
403300 -16250.5 -20065.1 295.381 -144.316 0.872024
403400 -16230 -20052.6 296.004 -115.875 0.873485
403500 -16173 -20011.2 297.217 -132.257 0.875831
403600 -16117.1 -19985.3 299.536 67.0403 0.878798
403700 -16110.3 -19984.1 299.972 -65.6694 0.881188
403800 -16202.5 -20064.7 299.077 125.359 0.883232
403900 -16296.4 -20079.7 292.964 -23.9581 0.88418
404000 -16241.1 -20086.4 297.768 112.032 0.884959
404100 -16184.7 -20031.8 297.908 81.4344 0.884653
404200 -16135 -20012.8 300.279 267.766 0.883246
404300 -16113.7 -19983.3 299.646 115.543 0.87992
404400 -16163.2 -19968.8 294.691 -391.354 0.876129
404500 -16193.3 -20011.2 295.645 -265.793 0.876191
404600 -16165.6 -20036.8 299.769 274.827 0.878305
404700 -16139.2 -20020.4 300.548 18.8602 0.878254
404800 -16148 -19979.3 296.68 -135.224 0.878011
404900 -16174.5 -20031.2 298.643 -41.4313 0.878938
405000 -16235.6 -20031.1 293.912 85.5454 0.880172
405100 -16231.7 -20031 294.204 -76.2316 0.88095
405200 -16128.1 -20007.6 300.415 6.93143 0.881927
405300 -16125.3 -20046.7 303.658 -26.687 0.883091
405400 -16202.1 -20096.8 301.585 127.401 0.884127
405500 -16272.1 -20127.1 298.514 74.2384 0.884021
405600 -16302.6 -20108.1 294.682 -204.126 0.883463
405700 -16248.5 -20077.5 296.502 -95.419 0.884518
405800 -16161.4 -20041.1 300.426 -74.3421 0.886567
405900 -16165 -20035.1 299.684 342.27 0.888752
406000 -16203.1 -20058.7 298.559 229.547 0.88838
406100 -16247.5 -20059.7 295.204 -85.8168 0.885767
406200 -16237.2 -20069 296.723 -71.81 0.883744
406300 -16142.8 -20046.1 302.263 -102.928 0.882716
406400 -16118.1 -19970.7 298.334 48.7814 0.882301
406500 -16129.2 -19982.7 298.399 0.98198 0.881671
406600 -16188 -20060.4 299.863 -168.332 0.881378
406700 -16288.3 -20096.8 294.916 66.9859 0.882206
406800 -16291.1 -20100.8 295.006 -45.2072 0.882889
406900 -16216 -20068.9 298.35 -45.2005 0.884074
407000 -16159 -20034.7 300.122 149.587 0.885271
407100 -16165.8 -20019.5 298.413 57.9744 0.885313
407200 -16181.6 -20032.6 298.213 -6.417 0.884715
407300 -16214.9 -20067.2 298.305 111.695 0.883834
407400 -16310.3 -20087.8 292.514 -341.207 0.882451
407500 -16367.4 -20171.4 294.567 -260.082 0.884032
407600 -16309.2 -20148.2 297.279 103.858 0.888537
407700 -16192.4 -20100.8 302.651 360.409 0.892287
407800 -16210.9 -20095.1 300.776 284.768 0.892749
407900 -16287.3 -20135.1 297.961 226.195 0.890238
408000 -16347.4 -20200.9 298.396 182.654 0.885113
408100 -16358.1 -20157.4 294.205 -323.504 0.878781
408200 -16304.1 -20121.4 295.595 -242.446 0.875524
408300 -16260.4 -20094.4 296.883 -101.645 0.874974
408400 -16224.9 -20064 297.287 -203.358 0.875754
408500 -16174.4 -20046.8 299.868 91.4701 0.87805
408600 -16148.6 -20050.9 302.175 385.015 0.879032
408700 -16242.9 -20069.1 296.289 -92.7951 0.877077
408800 -16287.6 -20089.5 294.41 -139.486 0.87578
408900 -16232.6 -20071 297.229 108.531 0.875706
409000 -16156.9 -20028.3 299.787 -72.5524 0.875056
409100 -16147.2 -20010.4 299.151 -147.755 0.875021
409200 -16163.7 -20024.9 298.996 65.1448 0.876368
409300 -16184.1 -20016 296.728 -203.908 0.877558
409400 -16168 -20015.5 297.938 -74.3925 0.880235
409500 -16164.7 -20061.9 301.787 265.096 0.882912
409600 -16236 -20032.7 293.999 239.164 0.882949
409700 -16232.4 -20058.8 296.302 221.086 0.880743
409800 -16145.7 -19976.4 296.636 130.276 0.876712
409900 -16042.7 -19918.8 300.157 -72.168 0.872182
410000 -16024.8 -19879.3 298.471 -246.699 0.86906
410100 -16041.4 -19898.9 298.716 -287.791 0.8684
410200 -16104.6 -19955 298.161 -6.46805 0.870479
410300 -16186 -19998.5 295.221 -127.118 0.872852
410400 -16210.6 -20002.3 293.621 -89.7613 0.875757
410500 -16083.8 -19999.4 303.211 222.649 0.878982
410600 -16085.7 -20034.3 305.768 252.626 0.879987
410700 -16191.6 -20045.8 298.455 10.34 0.878792
410800 -16249.2 -20047 294.093 -41.337 0.877257
410900 -16202.6 -20004.4 294.39 -65.9097 0.876416
411000 -16113.3 -19982.8 299.637 -97.2582 0.876327
411100 -16095.3 -19928.4 296.817 73.6295 0.876703
411200 -16080 -19959.9 300.441 -150.795 0.876889
411300 -16140.8 -19984.3 297.626 124.924 0.87812
411400 -16242.1 -20078.4 297.07 242.223 0.878447
411500 -16261 -20039.7 292.606 3.69703 0.876313
411600 -16176.1 -19969.4 293.736 -125.019 0.874188
411700 -16116 -19996.3 300.476 46.7026 0.873129
411800 -16126.7 -19979.1 298.32 -311.703 0.872097
411900 -16172.6 -20010.2 297.171 23.2841 0.873336
412000 -16225.7 -20043.9 295.666 -181.567 0.875128
412100 -16255.7 -20102.1 297.851 -138.543 0.878524
412200 -16329.5 -20156.8 296.37 267.02 0.882979
412300 -16377.7 -20180.7 294.485 334.738 0.884755
412400 -16328.9 -20134.4 294.685 55.1832 0.883585
412500 -16222 -20104.9 300.677 -64.668 0.881819
412600 -16221.1 -20063.4 297.536 8.0643 0.880651
412700 -16216.5 -20020.2 294.55 148.221 0.879349
412800 -16120.9 -19979.5 298.798 -54.8245 0.877068
412900 -16076 -19960.3 300.784 5.1264 0.875319
413000 -16107.2 -19985.6 300.326 92.6099 0.873512
413100 -16143.9 -19954.3 295.063 -129.246 0.871244
413200 -16116.6 -19976.7 298.911 -120.255 0.869998
413300 -16115.3 -19987.5 299.852 -295.184 0.870388
413400 -16140.2 -20000.1 298.898 -19.2188 0.873141
413500 -16148.9 -19982.5 296.865 -75.0082 0.876369
413600 -16131.1 -19963 296.728 512.837 0.878936
413700 -16064.1 -19934.8 299.731 289.522 0.877163
413800 -15992.4 -19904.2 302.913 138.621 0.872925
413900 -16030.2 -19901.4 299.77 -87.0919 0.868485
414000 -16144.7 -19940.4 293.92 -205.593 0.866231
414100 -16141 -19959 295.651 -221.377 0.866344
414200 -16064.2 -19895 296.648 -91.2146 0.868282
414300 -15994.4 -19871.8 300.251 175.019 0.87078
414400 -15997.7 -19890.7 301.46 -49.9413 0.871534
414500 -16054 -19904.2 298.144 -18.8074 0.872215
414600 -16086.6 -19951.7 299.305 -90.184 0.873195
414700 -16124.8 -19997.2 299.87 -10.3832 0.875142
414800 -16165.5 -20008.4 297.581 376.472 0.876619
414900 -16184 -20000.9 295.566 68.9228 0.875032
415000 -16098.5 -19942.7 297.685 -69.2865 0.872661
415100 -16002.5 -19906.5 302.312 -49.2085 0.870795
415200 -16047.1 -19922.7 300.114 8.33738 0.869524
415300 -16129.9 -19967.6 297.179 -96.3244 0.868538
415400 -16165.4 -20000.1 296.941 -22.4507 0.868144
415500 -16144.8 -19951.8 294.795 -183.632 0.868499
415600 -16021.6 -19930.2 302.669 117.791 0.870257
415700 -16023 -19925.1 302.163 -1.99535 0.871261
415800 -16088.5 -19898.1 295.008 -47.5503 0.872116
415900 -16085 -19921.1 297.053 113.178 0.873306
416000 -16029.7 -19892.8 299.136 188.606 0.873288
416100 -15922.3 -19826.6 302.332 -157.94 0.871959
416200 -15882.5 -19794.3 302.91 -21.5825 0.871536
416300 -15967.4 -19905.8 304.976 -94.7805 0.871766
416400 -16057.9 -19931.2 299.932 69.6698 0.872724
416500 -16116.8 -19961.2 297.694 120.284 0.873008
416600 -16148.1 -19953.5 294.674 -123.29 0.872111
416700 -16106 -19920.2 295.36 -124.615 0.872322
416800 -16019.8 -19925.4 302.435 281.561 0.873731
416900 -16041.3 -19924.1 300.668 22.4685 0.873166
417000 -16094.9 -19951.2 298.613 -55.1081 0.871607
417100 -16121.4 -19957.8 297.073 12.8533 0.8703
417200 -16121.4 -19956.6 296.981 -4.3629 0.86892
417300 -16102 -19958.7 298.649 -172.857 0.867696
417400 -16091.1 -19953.8 299.115 -4.86106 0.867699
417500 -16108.7 -19929.5 295.865 -48.5421 0.867875
417600 -16097.2 -19919.7 296.004 -31.2847 0.868657
417700 -16041.8 -19964.1 303.732 106.771 0.869791
417800 -16103.1 -19967.8 299.269 -6.30575 0.870187
417900 -16176.7 -20014.2 297.165 -191.117 0.870937
418000 -16192.1 -20015.5 296.073 132.064 0.873255
418100 -16173.5 -20045.8 299.861 -1.55634 0.875137
418200 -16194.3 -20027.3 296.809 3.13574 0.877288
418300 -16267.6 -20134.7 299.45 287.355 0.879157
418400 -16351.4 -20139.9 293.366 -34.9408 0.878836
418500 -16321 -20120.7 294.229 -46.2692 0.87861
418600 -16227 -20078.6 298.252 -93.808 0.879088
418700 -16186.5 -20031.7 297.756 288.104 0.879866
418800 -16167.2 -20021 298.425 -51.6279 0.87865
418900 -16119.4 -19954.6 296.982 -119.164 0.877456
419000 -16021.5 -19953 304.444 9.58665 0.877096
419100 -16061.8 -19955.3 301.496 81.0799 0.876648
419200 -16139.6 -20013.6 299.985 -9.85402 0.875486
419300 -16177.8 -19990.2 295.218 -27.2515 0.87436
419400 -16157.3 -20030.2 299.899 -88.7459 0.87363
419500 -16161.8 -20010.7 298.045 -77.3776 0.873749
419600 -16219.4 -20046.1 296.328 -118.544 0.874661
419700 -16274 -20079.6 294.692 -31.907 0.87646
419800 -16241.3 -20084.7 297.615 -30.8651 0.879124
419900 -16164.6 -20050.6 300.912 152.969 0.882192
420000 -16108.1 -19998.7 301.273 282.47 0.883836
420100 -16063.5 -19956.2 301.437 173.819 0.882948
420200 -16075 -19952.9 300.294 234.958 0.879878
420300 -16147.7 -19972.7 296.195 -54.4351 0.874667
420400 -16182.6 -20004.7 295.968 -369.466 0.870222
420500 -16173.6 -20053.5 300.446 -116.297 0.869061
420600 -16230.8 -20063 296.751 -286.881 0.869781
420700 -16294.5 -20102.4 294.864 -88.5286 0.872879
420800 -16278 -20127.2 298.07 4.14249 0.876931
420900 -16195.5 -20069.3 299.969 135.415 0.880333
421000 -16104.9 -19976.1 299.771 183.875 0.882151
421100 -16069.1 -19963.2 301.546 401.582 0.881545
421200 -16161.7 -19988.3 296.314 -147.236 0.87816
421300 -16263 -20092.6 296.552 -201.794 0.876255
421400 -16257.4 -20063.6 294.742 89.6548 0.876172
421500 -16174.8 -19993.3 295.685 94.6372 0.875381
421600 -16095.8 -19950.7 298.504 -259.313 0.87422
421700 -16075 -19953.2 300.317 -57.1605 0.875153
421800 -16115.4 -19975.1 298.885 99.601 0.876503
421900 -16229.2 -20057.7 296.466 -4.93535 0.877065
422000 -16272.5 -20098 296.234 62.1139 0.877552
422100 -16247.3 -20075.4 296.431 -58.9393 0.877629
422200 -16187.4 -20060.1 299.889 119.023 0.877894
422300 -16150.9 -20036.5 300.882 -57.1886 0.877728
422400 -16180.5 -20053.3 299.898 -88.3682 0.877662
422500 -16268.1 -20077.7 295.006 -138.491 0.878575
422600 -16271.6 -20078 294.755 -34.2666 0.880815
422700 -16201.7 -20103.1 302.106 180.201 0.883296
422800 -16187.8 -20053.7 299.367 107.157 0.884251
422900 -16284 -20122.9 297.277 299.13 0.883737
423000 -16368.7 -20169.4 294.31 -5.74758 0.880799
423100 -16329.8 -20139 294.97 -94.1595 0.877508
423200 -16256.6 -20112.4 298.582 -227.884 0.875526
423300 -16238.9 -20109.7 299.74 -51.2478 0.875535
423400 -16253.2 -20104.1 298.195 -94.5902 0.87639
423500 -16310.8 -20140.3 296.542 226.148 0.877669
423600 -16428.9 -20218.3 293.437 -71.8111 0.877486
423700 -16424.2 -20247.9 296.089 -20.4332 0.877465
423800 -16364.7 -20193 296.455 -20.0402 0.877693
423900 -16281.2 -20116.4 296.985 -152.152 0.878557
424000 -16234.5 -20039.9 294.678 344.303 0.880297
424100 -16194.9 -20082.1 301.011 281.155 0.879184
424200 -16189 -19997 294.882 -34.6733 0.875314
424300 -16119.8 -20028.6 302.684 -38.1897 0.871203
424400 -16068.1 -19923.6 298.555 -467.761 0.868192
424500 -15976.2 -19837 298.966 0.610136 0.869131
424600 -15906.7 -19831.3 303.904 52.8757 0.870445
424700 -15982.4 -19906.8 303.892 -159.676 0.871226
424800 -16063.7 -19918.9 298.526 -49.659 0.873374
424900 -16106.6 -19957.2 298.179 123.26 0.87609
425000 -16164 -19971 294.796 173.084 0.87767
425100 -16157.1 -19996.7 297.323 137.488 0.877424
425200 -16068.5 -19958.5 301.227 222.293 0.875575
425300 -15993.6 -19891.7 301.853 -235.441 0.872188
425400 -16017.4 -19878 298.948 56.7872 0.870833
425500 -16141 -19939.7 294.161 -170.765 0.869772
425600 -16139.4 -19964.6 296.21 -28.8601 0.86956
425700 -16103.7 -19984.9 300.55 -76.6882 0.870191
425800 -16148.5 -20029.2 300.509 -43.874 0.871274
425900 -16268.7 -20101.7 296.81 -46.3843 0.872684
426000 -16282.8 -20067.9 293.111 75.7586 0.874281
426100 -16205 -20040.4 296.993 450.587 0.874394
426200 -16137 -19961 296.122 -199.646 0.871701
426300 -16076.1 -19907.7 296.702 -151.436 0.870562
426400 -16029.8 -19895.8 299.372 195.148 0.870662
426500 -16032 -19874.1 297.518 -299.286 0.870051
426600 -16041.7 -19925 300.706 -120.589 0.871485
426700 -16161.3 -20028 299.427 -25.1937 0.87423
426800 -16255.9 -20099.1 297.605 27.8779 0.876749
426900 -16263.6 -20090.6 296.348 -62.5695 0.878704
427000 -16214.1 -20049.1 296.97 109.594 0.880853
427100 -16143.1 -20016.3 299.927 108.083 0.881875
427200 -16115.2 -19973.7 298.786 38.5992 0.881973
427300 -16099.6 -19997.4 301.827 180.824 0.88146
427400 -16173.8 -20001.4 296.398 70.3751 0.879304
427500 -16227.8 -20008.4 292.751 -36.0674 0.876642
427600 -16161.4 -20007.9 297.858 52.7709 0.874205
427700 -16105.8 -19972.5 299.425 -114.607 0.871694
427800 -16103 -19968 299.286 -148.964 0.870347
427900 -16139.1 -20010 299.748 70.9618 0.870318
428000 -16157.5 -19973 295.464 -38.9994 0.869875
428100 -16135.3 -19989.6 298.466 -39.8676 0.869663
428200 -16128.8 -19984.3 298.554 -71.9822 0.86985
428300 -16140.1 -19955.4 295.44 -46.9241 0.870892
428400 -16109.7 -19942.8 296.827 51.4419 0.872174
428500 -16027.9 -19928.8 302.068 208.751 0.872627
428600 -16045.7 -19963 303.343 -3.55472 0.871692
428700 -16152.1 -19989.8 297.171 -51.7679 0.870476
428800 -16178.2 -20030.6 298.314 -142.587 0.870018
428900 -16192.9 -20006.2 295.294 -196.913 0.870961
429000 -16141.9 -19986.7 297.725 -67.2526 0.873878
429100 -16058.7 -19951.8 301.47 197.125 0.877483
429200 -16078.3 -19980.5 302.17 196.456 0.879368
429300 -16140.2 -19970.2 296.584 48.086 0.879379
429400 -16139.2 -19964.7 296.231 -115.342 0.878953
429500 -16109.3 -20000.9 301.347 193.542 0.879195
429600 -16161.3 -20035.8 300.032 26.2899 0.877937
429700 -16249.9 -20064.1 295.357 -117.646 0.87616
429800 -16226 -20016.6 293.531 -52.9589 0.875311
429900 -16153.7 -20009.5 298.578 -89.8884 0.875129
430000 -16132.1 -20008 300.135 59.009 0.875921
430100 -16159.7 -19987.7 296.422 -38.2197 0.876297
430200 -16216.9 -19999.7 292.929 -90.9628 0.877162
430300 -16228.7 -20032.7 294.566 135.091 0.87892
430400 -16141.7 -19997.5 298.582 157.982 0.879965
430500 -16085.4 -19967.6 300.624 137.177 0.879475
430600 -16107.2 -19984.2 300.219 -28.9126 0.877437
430700 -16179.7 -19983.1 294.522 -268.539 0.875413
430800 -16192.3 -19993.1 294.321 145.463 0.874868
430900 -16083.1 -19952 299.593 120.592 0.873513
431000 -16009 -19877 299.518 -248.562 0.871039
431100 -15986.9 -19860.7 299.976 -7.70658 0.870021
431200 -16027.5 -19876.6 298.056 -169.324 0.869547
431300 -16119.2 -19952.7 296.855 22.2196 0.870375
431400 -16173.1 -19975.4 294.44 136.394 0.871309
431500 -16150 -20000.3 298.151 30.0169 0.871013
431600 -16128.4 -19972.5 297.666 -110.337 0.870532
431700 -16122.4 -19954.7 296.755 -102.841 0.871142
431800 -16092.9 -19930.5 297.168 -107.654 0.872752
431900 -16035.8 -19904.9 299.613 111.563 0.875386
432000 -16031.5 -19945 303.047 23.4354 0.877463
432100 -16151.7 -20006 298.461 109.284 0.879237
432200 -16197.6 -20033 297.001 130.382 0.880018
432300 -16200.8 -20059.5 298.808 -21.0317 0.879704
432400 -16237.6 -20088.8 298.223 -124.373 0.87961
432500 -16325.7 -20138.3 295.236 112.419 0.880256
432600 -16332.7 -20094.2 291.274 -203.158 0.880512
432700 -16214.2 -20075 298.971 238.405 0.882006
432800 -16202.4 -20053.1 298.185 193.533 0.881756
432900 -16228.6 -20103.8 300.081 -106.833 0.879693
433000 -16287.9 -20083.7 293.933 79.1093 0.878167
433100 -16261.1 -20042 292.783 88.1725 0.875735
433200 -16149.7 -20020.5 299.739 -88.6592 0.872428
433300 -16142.6 -20007.3 299.269 -41.2194 0.869489
433400 -16164 -20004.9 297.424 -156.274 0.866855
433500 -16168.5 -19969.6 294.349 -487.784 0.865931
433600 -16088.6 -19942.1 298.4 -118.914 0.869463
433700 -16009.8 -19889.1 300.394 420.024 0.873944
433800 -16012.3 -19880.2 299.51 36.0184 0.875271
433900 -16088.3 -19958.3 299.674 138.148 0.875506
434000 -16190.1 -19996.4 294.746 85.2951 0.87469
434100 -16155.5 -19953.6 294.111 -146.355 0.87332
434200 -16084.3 -19960.9 300.19 -309.433 0.873257
434300 -16055.1 -19887.2 296.745 -111.708 0.875999
434400 -15998.9 -19913.4 303.122 242.469 0.879511
434500 -16051.9 -19967.9 303.238 207.045 0.881106
434600 -16172.4 -20016.6 297.677 -15.1875 0.880866
434700 -16196.4 -20012.4 295.493 153.848 0.88011
434800 -16178.2 -20056.7 300.334 138.132 0.878105
434900 -16198.6 -20022.5 296.101 39.2798 0.875024
435000 -16210 -20042.5 296.778 -103.323 0.87188
435100 -16196.3 -20055 298.804 -281.693 0.870129
435200 -16183.1 -20046.9 299.196 -74.3899 0.870932
435300 -16193.8 -20064.3 299.72 -40.5745 0.872631
435400 -16267.5 -20099.3 296.72 -40.8074 0.874305
435500 -16313.1 -20101.8 293.379 101.934 0.875796
435600 -16245.3 -20079.3 296.891 189.234 0.876299
435700 -16163.4 -20021.9 298.784 199.406 0.874908
435800 -16153.3 -19989.8 297.079 -260.289 0.872342
435900 -16124.2 -19933.6 294.98 -137.242 0.872177
436000 -16036.2 -19916.9 300.51 132.336 0.873309
436100 -16029.3 -19936.6 302.565 -53.376 0.873386
436200 -16085.5 -19937.9 298.316 12.7739 0.873533
436300 -16108.7 -19941.7 296.818 -206.559 0.874251
436400 -16095.2 -19943 297.959 -78.3967 0.876441
436500 -16061.5 -19972.4 302.843 370.593 0.878685
436600 -16109.9 -19975.1 299.309 144.388 0.877865
436700 -16189.1 -20009.7 295.854 -223.521 0.875798
436800 -16214.6 -20052.9 297.223 -27.0058 0.875632
436900 -16208.8 -19991.1 292.888 -11.2245 0.876013
437000 -16094.2 -19960.7 299.402 238.953 0.876248
437100 -16086.3 -19987.9 302.118 39.7637 0.874614
437200 -16137.4 -19943.3 294.715 -186.967 0.872457
437300 -16110.9 -19932.6 295.937 -212.731 0.872324
437400 -16016 -19938.2 303.72 236.492 0.873616
437500 -16019.7 -19907.7 301.076 20.9527 0.873303
437600 -16129.4 -19969.2 297.336 -231.847 0.8729
437700 -16183.2 -20016.3 296.822 22.7064 0.874072
437800 -16184.1 -20041.8 298.726 67.8968 0.875625
437900 -16195.6 -20045.5 298.124 -70.3603 0.87659
438000 -16199.3 -20013.2 295.335 -114.986 0.878075
438100 -16145.6 -20050.9 302.41 206.675 0.880299
438200 -16157 -20031.6 300.032 291.899 0.880705
438300 -16269.8 -20107.5 297.178 -93.7912 0.878696
438400 -16298.6 -20101.9 294.51 -58.1927 0.877161
438500 -16260.3 -20109.8 298.089 139.535 0.876108
438600 -16212.4 -20069.1 298.652 -16.2633 0.873768
438700 -16118.9 -20013.4 301.576 -4.48349 0.871543
438800 -16034.6 -19956.7 303.714 -46.8879 0.869576
438900 -16027.9 -19927.5 301.97 -148.254 0.868096
439000 -16139.8 -20017.2 300.248 -67.6937 0.867921
439100 -16238.4 -20086.6 297.986 -103.079 0.868547
439200 -16278.1 -20083.2 294.657 -47.5268 0.870093
439300 -16235 -20098.9 299.201 -72.5438 0.872515
439400 -16177.9 -20049.3 299.781 324.083 0.875282
439500 -16095.4 -19998.4 302.231 184.435 0.875438
439600 -16049.1 -19978.4 304.271 153.212 0.873283
439700 -16153.2 -20009.2 298.597 -143.159 0.869813
439800 -16195.5 -20034.9 297.308 -242.003 0.867493
439900 -16190.1 -20035.2 297.745 -216.275 0.867567
440000 -16179.8 -20017.9 297.207 48.423 0.869761
440100 -16123.6 -20006 300.64 128.024 0.87153
440200 -16068.4 -19934.5 299.377 -195.071 0.872641
440300 -16031 -19961.4 304.353 230.604 0.874933
440400 -16122.3 -19981.4 298.833 194.501 0.875579
440500 -16200.3 -20030.4 296.593 -55.1619 0.874413
440600 -16201.7 -20038.7 297.118 93.0159 0.873274
440700 -16157 -19998.1 297.441 103.087 0.87131
440800 -16069.6 -19994.8 303.955 -108.564 0.868256
440900 -16094.1 -19951.5 298.703 -234.724 0.866064
441000 -16202 -20003.8 294.399 -158.83 0.865978
441100 -16274.6 -20066.9 293.655 -125.094 0.867845
441200 -16244.1 -20044.3 294.273 202.954 0.870745
441300 -16181 -20043.8 299.119 10.6515 0.872408
441400 -16137.6 -19978.9 297.45 79.5244 0.873632
441500 -16088.4 -20011.8 303.812 107.316 0.87414
441600 -16160.1 -20004.5 297.693 -52.0536 0.873548
441700 -16230.5 -20049 295.684 -93.1853 0.873401
441800 -16237.5 -20084.8 297.923 151.983 0.874365
441900 -16236.5 -20060.8 296.138 101.698 0.874352
442000 -16140.7 -20023.9 300.7 3.7729 0.872822
442100 -16070.3 -19944.4 299.997 -371.961 0.871327
442200 -16065.8 -19924.8 298.821 105.362 0.8726
442300 -16110.7 -19973.2 299.098 75.0301 0.873862
442400 -16244.5 -20071 296.312 68.3457 0.874174
442500 -16273.3 -20093.1 295.794 -55.7906 0.873858
442600 -16245.7 -20120.1 300.012 -357.664 0.874503
442700 -16240.3 -20109.4 299.605 33.5994 0.878129
442800 -16317.2 -20174.6 298.703 455.33 0.881947
442900 -16409.7 -20206.4 294.001 36.3523 0.882412
443000 -16387.5 -20192.6 294.649 -46.1954 0.882152
443100 -16312.4 -20175.9 299.178 51.4568 0.882134
443200 -16286.1 -20119.1 296.816 100.801 0.881362
443300 -16264.3 -20106.3 297.512 -189.9 0.880097
443400 -16222.1 -20072 298.128 56.0517 0.880171
443500 -16148.2 -20067.9 303.522 289.534 0.879647
443600 -16066.7 -19978.1 302.883 10.1628 0.876806
443700 -16052.6 -19947.7 301.619 -2.8224 0.873101
443800 -16143.7 -20013.9 299.694 -445.058 0.869837
443900 -16222.6 -20089.7 299.454 -83.0303 0.869963
444000 -16264 -20044.4 292.735 200.076 0.871193
444100 -16199.8 -19999.5 294.233 -183.243 0.871234
444200 -16134.8 -20020.3 300.878 -196.578 0.872822
444300 -16153.2 -20022.9 299.65 252.686 0.876004
444400 -16225.8 -20071.7 297.813 194.324 0.877148
444500 -16275.5 -20109.5 296.887 -79.1366 0.876471
444600 -16273.7 -20071.3 294.072 -52.2472 0.876139
444700 -16206.6 -20036.3 296.557 4.04294 0.876529
444800 -16176.2 -20042.4 299.39 83.8169 0.876837
444900 -16196.1 -20070.3 300.002 84.5184 0.876441
445000 -16264.5 -20103.4 297.272 -65.1868 0.875426
445100 -16319.7 -20142.9 296.047 -150.35 0.874808
445200 -16313.3 -20130.1 295.558 -39.6298 0.875597
445300 -16202.7 -20097.6 301.607 -7.55565 0.877103
445400 -16171 -20069.2 301.857 51.3415 0.878492
445500 -16226.9 -20080.5 298.405 -88.3779 0.879809
445600 -16261.1 -20095.6 296.929 150.962 0.881975
445700 -16273.4 -20170.8 301.803 292.658 0.882983
445800 -16325.1 -20177 298.279 172.924 0.88103
445900 -16343.7 -20175.1 296.689 -103.97 0.877015
446000 -16333.7 -20182.4 298.031 -126.452 0.873451
446100 -16306.4 -20118.4 295.187 -216.865 0.871053
446200 -16185.5 -20050.3 299.274 -96.3208 0.870473
446300 -16151.6 -20030.8 300.39 -53.5176 0.870918
446400 -16184.2 -20046.2 299.062 -24.615 0.872078
446500 -16249.6 -20096.8 297.913 51.5341 0.873751
446600 -16335.5 -20169.5 296.887 9.4824 0.875508
446700 -16362.9 -20178.4 295.453 45.7637 0.877849
446800 -16350 -20216.4 299.4 1.29956 0.880553
446900 -16361.5 -20225.7 299.232 190.298 0.883889
447000 -16407 -20223.4 295.52 255.768 0.886185
447100 -16438.1 -20235.6 294.064 152.033 0.886475
447200 -16366 -20200 296.885 92.028 0.885182
447300 -16266.4 -20116 298.097 235.768 0.882237
447400 -16223.5 -20116.8 301.48 -60.9054 0.87719
447500 -16264.5 -20129.4 299.286 -554.364 0.872819
447600 -16361.8 -20201.6 297.341 -47.063 0.87304
447700 -16390.7 -20167.5 292.459 -2.69787 0.874546
447800 -16326.6 -20154.2 296.395 73.7056 0.875927
447900 -16281.5 -20169.8 301.096 56.6386 0.876605
448000 -16308.9 -20161.4 298.318 28.1929 0.876444
448100 -16361.1 -20165.4 294.591 43.348 0.876172
448200 -16347.5 -20164.6 295.585 124.597 0.875247
448300 -16248.1 -20105 298.665 -42.9891 0.873404
448400 -16180.5 -20039.5 298.827 -82.9709 0.871937
448500 -16146.2 -20028 300.588 -42.422 0.87118
448600 -16169.6 -20009.7 297.367 -71.4184 0.870834
448700 -16243.2 -20030.9 293.301 -186.417 0.87127
448800 -16268.5 -20097 296.459 -36.4771 0.873576
448900 -16223.6 -20095.4 299.817 141.254 0.876212
449000 -16163.8 -20041.1 300.245 189.155 0.877522
449100 -16152.5 -20032.7 300.468 74.4659 0.877449
449200 -16207.5 -20025.6 295.658 -88.5759 0.876769
449300 -16264.3 -20056.5 293.65 155.434 0.876159
449400 -16239.5 -20090.6 298.22 -149.376 0.874818
449500 -16155.8 -20070.6 303.153 -6.73559 0.874341
449600 -16141.6 -20049.5 302.611 22.9315 0.873794
449700 -16250.7 -20099.8 298.06 -78.8456 0.873222
449800 -16288.7 -20118.2 296.547 -35.226 0.873103
449900 -16270.3 -20108.4 297.209 -98.4239 0.873491
450000 -16243.3 -20136.1 301.444 -75.7806 0.875323
450100 -16276.7 -20111.1 296.92 99.0656 0.878036
450200 -16349.8 -20164.1 295.363 24.8976 0.880503
450300 -16373.5 -20202.1 296.471 -11.9767 0.882708
450400 -16340.1 -20163.8 296.091 256.744 0.884785
450500 -16242.8 -20133.9 301.314 338.047 0.884876
450600 -16232.9 -20144.3 302.885 26.6816 0.881817
450700 -16319.2 -20164.7 297.782 -20.3101 0.877488
450800 -16349.7 -20141.7 293.634 -235.878 0.873754
450900 -16296.4 -20122.2 296.251 -183.812 0.871919
451000 -16240.2 -20081.9 297.486 -341.047 0.872276
451100 -16196.5 -20057.9 299.012 216.249 0.875428
451200 -16195.1 -20064.4 299.626 81.8935 0.877286
451300 -16303 -20099.1 293.949 -103.959 0.878435
451400 -16376.4 -20163.7 293.27 150.543 0.880184
451500 -16337.1 -20201.2 299.218 219.718 0.880578
451600 -16303.6 -20149.6 297.822 -4.41652 0.878868
451700 -16232.3 -20100.7 299.554 168.093 0.876903
451800 -16127.8 -20009.6 300.589 78.7971 0.873512
451900 -16116.9 -19971.6 298.491 -215.966 0.869408
452000 -16137.2 -20016.8 300.423 -246.573 0.867409
452100 -16253.5 -20067.4 295.341 -216.344 0.867992
452200 -16289.4 -20104.5 295.427 -124.288 0.870662
452300 -16251.2 -20079.3 296.433 21.2018 0.874337
452400 -16194.8 -20086.9 301.389 251.123 0.877492
452500 -16227 -20098.1 299.768 312.279 0.87792
452600 -16352 -20117.5 291.588 -345.146 0.87624
452700 -16317.5 -20129 295.141 6.62305 0.877002
452800 -16242.7 -20106.4 299.185 156.962 0.877554
452900 -16228.8 -20108.8 300.456 -63.4232 0.876899
453000 -16271.5 -20095.2 296.091 -341.278 0.87727
453100 -16349.1 -20181.1 296.736 38.3647 0.879914
453200 -16444.7 -20212.9 291.795 144.59 0.882094
453300 -16405.7 -20226.7 295.889 310.996 0.882144
453400 -16325.6 -20160.4 296.953 -47.8307 0.879867
453500 -16277.8 -20123.7 297.814 -176.438 0.878492
453600 -16272.7 -20159.7 300.994 202.114 0.878478
453700 -16326.8 -20148.6 295.947 15.2379 0.877278
453800 -16348.2 -20155.2 294.797 -99.5894 0.875696
453900 -16259.4 -20098 297.244 22.9349 0.875148
454000 -16164.8 -20024.2 298.859 -70.1845 0.874895
454100 -16126.4 -20013 300.964 6.70435 0.87506
454200 -16162.4 -20031.5 299.608 169.54 0.87502
454300 -16244.8 -20050.1 294.664 15.3076 0.873549
454400 -16242.5 -20062.4 295.801 -80.8048 0.872046
454500 -16155.9 -20012.2 298.62 -52.8851 0.871194
454600 -16032.5 -19911.5 300.373 -59.286 0.870797
454700 -16033 -19925 301.378 -113.511 0.871091
454800 -16117.7 -20005.5 301.054 25.1894 0.872426
454900 -16204.7 -20028.6 296.109 -55.4586 0.873785
455000 -16200.8 -20011.4 295.08 -87.4551 0.875561
455100 -16123.3 -19952.5 296.515 116.775 0.878197
455200 -16051.7 -19932.5 300.516 252.878 0.879847
455300 -16062.3 -19933.9 299.806 46.8258 0.879245
455400 -16104.5 -19996.4 301.375 131.908 0.877756
455500 -16194.5 -20032.2 297.174 -111.602 0.875165
455600 -16213.9 -20021.7 294.859 -58.5042 0.873302
455700 -16154.7 -19962 294.818 -131.357 0.872341
455800 -16073.5 -19914.2 297.412 -264.292 0.872699
455900 -16050.2 -19927.2 300.222 -70.6637 0.875582
456000 -16090.5 -19974.1 300.732 319.866 0.878981
456100 -16191.7 -20034.1 297.548 125.082 0.88008
456200 -16219.2 -20059.7 297.391 81.2081 0.879654
456300 -16207 -20039.4 296.763 -163.193 0.878578
456400 -16141.8 -19953.8 295.19 -63.1358 0.878665
456500 -16046.7 -19927.7 300.535 70.4858 0.87952
456600 -16057.5 -19947 301.187 286.9 0.879514
456700 -16115.6 -19941.7 296.283 -32.7891 0.877125
456800 -16127.5 -19980.9 298.394 -218.224 0.874735
456900 -16149.3 -19961 295.164 12.3958 0.873888
457000 -16165.9 -19955.9 293.481 -137.645 0.873149
457100 -16094.3 -19986.7 301.413 47.6466 0.873529
457200 -16093.5 -19983.7 301.244 151.563 0.873862
457300 -16183.8 -20032.6 298.034 -4.4631 0.872601
457400 -16233.7 -20022.1 293.363 -335.562 0.871245
457500 -16194.8 -20013.4 295.697 103.341 0.872663
457600 -16149.2 -20001.6 298.313 150.728 0.873758
457700 -16128 -19991.2 299.151 -56.2034 0.873313
457800 -16142.6 -19992.1 298.093 -73.2186 0.873304
457900 -16241.8 -20027.9 293.179 -112.616 0.874243
458000 -16277.9 -20082.3 294.596 116.77 0.876438
458100 -16214.3 -20060.8 297.857 224.344 0.877809
458200 -16110.3 -19985.7 300.091 16.1052 0.877114
458300 -16098.1 -19980.9 300.668 219.187 0.875737
458400 -16132.1 -19972.2 297.361 -42.6935 0.872534
458500 -16169.9 -20006.3 297.079 -188.406 0.869387
458600 -16213.6 -20012.3 294.157 -275.319 0.868169
458700 -16219.5 -20052.3 296.8 -231.95 0.869697
458800 -16170.4 -20019.7 298.07 188.123 0.87301
458900 -16119 -20008.8 301.209 -36.4843 0.875432
459000 -16120.4 -19984.6 299.232 63.1685 0.877685
459100 -16189.1 -20003.6 295.379 -66.161 0.879545
459200 -16243.1 -20042.5 294.208 -90.0435 0.882044
459300 -16215.8 -20077.2 299.013 -65.0014 0.885296
459400 -16138.4 -20030.3 301.37 233.629 0.889031
459500 -16120.8 -20074.9 306.19 465.302 0.89047
459600 -16242.4 -20115.7 299.937 444.094 0.887204
459700 -16303.4 -20127.3 296.104 174.214 0.880175
459800 -16288.9 -20088.4 294.217 -273.443 0.873273
459900 -16191.2 -20019.9 296.482 -105.118 0.869996
460000 -16124.8 -20001.3 300.18 -141.713 0.868599
460100 -16117.8 -19927 294.973 -215.998 0.868802
460200 -16060 -19954.2 301.551 -10.0805 0.870837
460300 -16025.9 -19911.6 300.887 -56.4283 0.872875
460400 -16075.8 -19943.3 299.485 -58.5913 0.875182
460500 -16180.6 -20029.4 298.034 198.5 0.877541
460600 -16242.3 -20084.5 297.526 -102.37 0.878479
460700 -16277.2 -20089.2 295.187 64.1507 0.879891
460800 -16239.8 -20090.1 298.155 65.0339 0.880868
460900 -16132.4 -20027.3 301.604 232.058 0.880629
461000 -16120.6 -20015.8 301.633 -93.503 0.878704
461100 -16183.4 -20050.8 299.472 141.853 0.877319
461200 -16225 -20053.7 296.48 -137.539 0.875253
461300 -16211.2 -20058.3 297.905 -139.082 0.874221
461400 -16183.9 -20035.1 298.222 169.609 0.874246
461500 -16138 -20008.4 299.703 -115.585 0.873128
461600 -16063.3 -19959.3 301.696 108.961 0.872614
461700 -16039.8 -19951.5 302.905 5.38444 0.871762
461800 -16140.3 -19993.8 298.406 81.6491 0.870541
461900 -16207.3 -20044.4 297.127 -151.879 0.868808
462000 -16202.8 -20029 296.285 58.3419 0.867914
462100 -16142.2 -20000.2 298.744 -96.0995 0.866957
462200 -16070.2 -19975.6 302.421 -138.199 0.866751
462300 -16109.7 -19954 297.692 -66.5666 0.867847
462400 -16216.3 -20051.2 296.965 -182.7 0.86995
462500 -16260.7 -20082.4 295.939 -107.263 0.873899
462600 -16254.8 -20073 295.67 147.721 0.878956
462700 -16152.1 -20038.8 300.975 200.428 0.882518
462800 -16124.8 -20024 301.939 205.614 0.883993
462900 -16176.9 -20040.7 299.193 62.611 0.883605
463000 -16232.8 -20115.8 300.684 8.75241 0.882383
463100 -16290.5 -20133.7 297.604 35.7329 0.88113
463200 -16277.9 -20075.3 294.054 103.146 0.879371
463300 -16214.4 -20070.4 298.593 120.048 0.876589
463400 -16191.2 -20052.5 299.005 228.764 0.872858
463500 -16189.5 -20006.1 295.54 -469.003 0.868507
463600 -16076.3 -19965.1 301.139 -254.738 0.86818
463700 -16035.2 -19931.5 301.716 -115.267 0.87051
463800 -16097.7 -19951.6 298.432 7.67676 0.87341
463900 -16178.1 -20064.4 300.934 -27.9998 0.875808
464000 -16247.9 -20080.3 296.767 -25.0896 0.877989
464100 -16252.6 -20082.9 296.605 41.1118 0.880028
464200 -16221.3 -20066.5 297.756 167.984 0.880969
464300 -16145 -20003.5 298.79 -389.847 0.881165
464400 -16041.8 -19958.4 303.285 197.542 0.88395
464500 -16057.7 -19949.5 301.364 347.009 0.884925
464600 -16112.8 -19987.3 300.028 -84.9243 0.882988
464700 -16155.9 -20012.4 298.636 61.3615 0.881598
464800 -16197.5 -20052.3 298.501 267.209 0.879456
464900 -16261.5 -20043.9 292.893 -277.197 0.875752
465000 -16216.2 -20074.6 298.78 -87.985 0.874292
465100 -16120.4 -20004.6 300.774 170.06 0.87398
465200 -16110.2 -19977.7 299.484 92.0957 0.872185
465300 -16145.6 -19962.5 295.562 -346.962 0.870109
465400 -16169.2 -19949.2 292.712 -131.98 0.871002
465500 -16080.9 -19950.8 299.665 242.242 0.872846
465600 -16039 -19943.8 302.375 70.4543 0.872743
465700 -16099.3 -19945.8 297.854 103.926 0.87163
465800 -16151.1 -19949 294.099 -26.501 0.869846
465900 -16119.7 -19954.9 296.984 -174.169 0.868352
466000 -16100.5 -19943 297.547 -22.5721 0.868259
466100 -16095.8 -19973.9 300.306 -49.6012 0.868688
466200 -16134 -19958.4 296.147 47.6748 0.869377
466300 -16185.2 -19975.6 293.514 0.788727 0.869844
466400 -16175.5 -19987.5 295.188 -27.7961 0.870285
466500 -16076.6 -19945.9 299.624 -16.1144 0.870933
466600 -16039.8 -19932.7 301.455 -250.072 0.872121
466700 -16091.1 -19973.6 300.644 23.9757 0.875331
466800 -16198.3 -20044.9 297.868 113.579 0.87853
466900 -16218 -20050.3 296.757 94.9719 0.880773
467000 -16206.9 -20061.3 298.471 266.569 0.881922
467100 -16177 -19997.6 295.852 198.369 0.880508
467200 -16083.7 -19980.1 301.716 69.5209 0.876914
467300 -16071.5 -19944.9 299.941 -14.9947 0.872808
467400 -16123.4 -19963.1 297.326 -241.52 0.869475
467500 -16178.6 -19993.8 295.43 -255.898 0.868379
467600 -16235.5 -20025.4 293.479 48.2112 0.869346
467700 -16263.7 -20069.1 294.681 -120.143 0.870517
467800 -16204.9 -20040.4 297.005 -51.6621 0.872494
467900 -16135.7 -20021 300.865 83.9486 0.874584
468000 -16134 -19969.5 297.003 65.8137 0.875714
468100 -16151.7 -20044.9 301.475 -17.1735 0.876291
468200 -16264.9 -20132.3 299.479 195.837 0.876477
468300 -16341.7 -20127.9 293.189 10.986 0.875228
468400 -16300.4 -20128.1 296.401 14.3437 0.873983
468500 -16212.3 -20012.4 294.269 127.866 0.872598
468600 -16144.2 -19995.8 298.249 -90.4958 0.870616
468700 -16126.9 -20007.6 300.507 -144.216 0.869648
468800 -16174.8 -19992.8 295.657 -193.957 0.870329
468900 -16200.3 -20007.4 294.805 -174.079 0.872594
469000 -16120.3 -19998.6 300.323 23.1692 0.876109
469100 -16064.8 -19967.1 302.178 22.8504 0.87925
469200 -16112.6 -19978.2 299.342 245.892 0.881361
469300 -16217.7 -20058.1 297.382 434.323 0.880722
469400 -16248 -20073.6 296.237 -134.351 0.876909
469500 -16225.8 -20062.1 297.069 -29.9588 0.874088
469600 -16174.1 -19991.2 295.585 -83.2205 0.872277
469700 -16062.8 -19924.3 299.02 -6.71286 0.871262
469800 -16044.8 -19948.6 302.301 37.0312 0.870373
469900 -16118.5 -19971.1 298.333 -60.0263 0.869456
470000 -16187.1 -20051 299.198 -203.266 0.869382
470100 -16218.7 -20020.9 294.425 165.627 0.870666
470200 -16171 -19970.3 294.204 -269.582 0.871287
470300 -16106.4 -19965.7 298.845 17.9346 0.873562
470400 -16107.3 -19979.2 299.825 -88.5102 0.876185
470500 -16172.4 -20062.5 301.24 -70.9239 0.879457
470600 -16254.8 -20072.2 295.599 230.302 0.882831
470700 -16257.4 -20088.2 296.639 230.574 0.884179
470800 -16226.6 -20101.5 300.059 149.909 0.883233
470900 -16239.2 -20070.7 296.693 126.34 0.880539
471000 -16297.2 -20125.4 296.437 49.2092 0.876951
471100 -16355.1 -20197.8 297.564 -263.805 0.873596
471200 -16389.7 -20165.5 292.382 -144.839 0.872598
471300 -16303.2 -20134.5 296.682 -209.505 0.87354
471400 -16226.1 -20056.6 296.621 -119.568 0.876195
471500 -16175.8 -20017.4 297.481 -60.234 0.87986
471600 -16143.9 -20049.8 302.46 222.772 0.883584
471700 -16225.4 -20080.4 298.516 83.7986 0.885122
471800 -16282.9 -20101.4 295.691 103.018 0.885166
471900 -16275.2 -20133.8 298.79 126.965 0.88439
472000 -16283 -20115.3 296.754 100.297 0.882471
472100 -16269.3 -20114.5 297.758 108.299 0.879559
472200 -16191.4 -20051.3 298.892 75.739 0.876083
472300 -16137.8 -20041.7 302.299 -87.8628 0.872455
472400 -16179.5 -20008.2 296.475 -339.852 0.87013
472500 -16227.2 -20054.1 296.338 85.0137 0.870495
472600 -16313 -20113.8 294.317 -3.85629 0.87077
472700 -16351.8 -20137.4 293.139 -48.935 0.870745
472800 -16271.9 -20121.4 298.097 -90.0746 0.871402
472900 -16199.9 -20037.5 297.175 159.837 0.872756
473000 -16179.3 -20031.3 298.287 116.876 0.872744
473100 -16170.7 -20019.2 298.014 97.1896 0.871368
473200 -16150 -20015.2 299.302 -9.21852 0.869345
473300 -16106.5 -20001.8 301.638 175.582 0.866917
473400 -16131.3 -19968.8 297.164 -408.876 0.863878
473500 -16165 -20004.7 297.328 -360.984 0.864109
473600 -16186.6 -20023.1 297.087 -88.9834 0.867879
473700 -16232.2 -20070.1 297.195 -92.9448 0.87299
473800 -16293.1 -20105.8 295.238 229.761 0.877846
473900 -16323 -20168.3 297.768 234.617 0.880252
474000 -16368.7 -20190.4 295.935 189.546 0.879929
474100 -16404 -20181 292.47 -181.539 0.878236
474200 -16315.5 -20144.8 296.525 -56.0904 0.877827
474300 -16245.8 -20108.1 299.079 224.613 0.878021
474400 -16244.2 -20097 298.346 -51.5718 0.876752
474500 -16238.2 -20078.7 297.399 -125.568 0.875638
474600 -16192.9 -20043.5 298.179 35.7165 0.875833
474700 -16110.6 -20001.8 301.316 323.867 0.875389
474800 -16098.5 -20020.4 303.697 -283.029 0.872694
474900 -16197.5 -20047.4 298.124 -63.097 0.871913
475000 -16230.9 -20054.6 296.095 57.1953 0.872081
475100 -16196.7 -20014.9 295.666 210.74 0.871504
475200 -16114.6 -19984.1 299.633 -58.5101 0.869463
475300 -16098.4 -19980.2 300.592 -178.06 0.867888
475400 -16131.8 -20013.7 300.601 -105.129 0.867885
475500 -16165.8 -20000.8 296.966 -149.63 0.869048
475600 -16173 -20037.8 299.28 -260.843 0.871832
475700 -16203 -20075.7 299.893 -42.2234 0.876667
475800 -16303.7 -20123.5 295.797 195.316 0.882019
475900 -16374.3 -20213.3 297.279 98.6997 0.885336
476000 -16374.8 -20205.1 296.602 305.599 0.886676
476100 -16336.6 -20177.2 297.396 155.888 0.885621
476200 -16270.1 -20138.2 299.535 210.122 0.882852
476300 -16198.7 -20051.1 298.316 -87.2508 0.878915
476400 -16075.2 -19955.6 300.48 -181.511 0.876149
476500 -16060.4 -19951.1 301.281 -153.667 0.875578
476600 -16120.6 -20005.8 300.857 138.644 0.876306
476700 -16205.1 -20065.6 298.943 -37.0944 0.876078
476800 -16252.7 -20086 296.837 140.197 0.875783
476900 -16262.2 -20118.5 298.616 -38.5711 0.874593
477000 -16260.4 -20071.5 295.115 -347.814 0.873992
477100 -16155.1 -20060.3 302.407 -48.4275 0.876101
477200 -16132.8 -20020.9 301.073 12.8128 0.878995
477300 -16204.5 -20057.2 298.339 127.198 0.881768
477400 -16253 -20062.5 294.99 30.2427 0.883351
477500 -16236.2 -20090 298.42 14.4048 0.884335
477600 -16239.5 -20138.6 301.935 273.946 0.884904
477700 -16284.2 -20148.8 299.257 6.61259 0.88317
477800 -16319.7 -20161.3 297.474 -229.065 0.881277
477900 -16318.4 -20098.4 292.709 -75.6366 0.881466
478000 -16213.5 -20076.6 299.142 -160.391 0.882797
478100 -16194.4 -20090.8 301.727 247.398 0.885305
478200 -16259.3 -20140.6 300.548 148.591 0.885681
478300 -16338.9 -20174.3 297.003 14.7993 0.884423
478400 -16369.4 -20197 296.398 -32.5812 0.883115
478500 -16338.3 -20130.9 293.681 289.788 0.881555
478600 -16235 -20047.7 295.244 -68.9321 0.877879
478700 -16193.4 -20047 298.41 -86.4687 0.874457
478800 -16181.4 -20021.6 297.371 21.122 0.872262
478900 -16155.2 -20014.7 298.871 -142.966 0.870034
479000 -16128.4 -19997.1 299.579 -387.969 0.869477
479100 -16114.7 -19987.3 299.876 -59.4268 0.872262
479200 -16146.8 -19999 298.302 163.495 0.875433
479300 -16223.9 -20047.5 296.083 45.1874 0.877196
479400 -16274.8 -20112.6 297.183 23.5018 0.878504
479500 -16342.5 -20203.9 299.012 263.641 0.878926
479600 -16437 -20209.8 292.156 -202.806 0.877625
479700 -16404.2 -20238.7 296.929 -125.306 0.877874
479800 -16362.3 -20185.4 296.049 202.293 0.878866
479900 -16290.6 -20128.2 297.164 -145.169 0.878701
480000 -16246 -20133.9 301.068 -44.3461 0.879407
480100 -16272.2 -20123.6 298.233 218.476 0.880122
480200 -16288.4 -20071.7 292.969 155.726 0.879205
480300 -16201.6 -20055.6 298.445 43.4601 0.8771
480400 -16151.6 -20016.1 299.251 -93.6023 0.874749
480500 -16153.7 -20026.1 299.871 -430.209 0.873913
480600 -16200.5 -20051.6 298.21 106.514 0.876256
480700 -16283.4 -20088.7 294.672 48.6878 0.877942
480800 -16292.1 -20105.9 295.327 50.0274 0.878587
480900 -16160.1 -20056.7 301.738 171.351 0.878533
481000 -16145.2 -20034.7 301.188 -83.6968 0.877474
481100 -16219.1 -20071.7 298.333 19.5929 0.876871
481200 -16284.7 -20103.5 295.716 49.2088 0.876253
481300 -16285 -20100.2 295.432 48.3124 0.875388
481400 -16181.9 -20025.4 297.62 -79.7083 0.874526
481500 -16095.6 -19995.8 302.014 -9.96509 0.874114
481600 -16147.3 -20032 300.817 -94.5299 0.873925
481700 -16225.9 -20053.4 296.388 -158.47 0.874809
481800 -16258.2 -20098.4 297.369 2.88756 0.87691
481900 -16251.6 -20046 293.823 7.57997 0.879
482000 -16134.9 -20021.9 300.995 305.043 0.880639
482100 -16123.7 -20018.5 301.594 290.469 0.879467
482200 -16183.4 -20016 296.779 139.334 0.875467
482300 -16224.2 -20060.9 297.099 -98.1172 0.870715
482400 -16259.6 -20047.8 293.349 -208.153 0.867358
482500 -16210.3 -20036.2 296.261 -178.596 0.866115
482600 -16113.2 -19976.9 299.193 -77.6044 0.866846
482700 -16067.4 -19934.2 299.427 -106.389 0.868511
482800 -16077.9 -19970.7 301.442 168.263 0.870562
482900 -16186.7 -20005 295.671 -119.336 0.871598
483000 -16206.9 -20005.2 294.123 -22.6313 0.873201
483100 -16166.8 -20057.2 301.256 60.0155 0.87504
483200 -16181.4 -20020 297.245 97.6546 0.876216
483300 -16227.4 -20090.7 299.159 -85.864 0.876632
483400 -16346.3 -20126.7 292.737 -81.1768 0.877943
483500 -16322.2 -20125.3 294.493 201.6 0.879746
483600 -16236.9 -20075.8 297.271 38.6459 0.879849
483700 -16178 -20021 297.588 127.216 0.87926
483800 -16140 -19977 297.117 144.297 0.877602
483900 -16095.3 -19963.8 299.561 -84.4862 0.874691
484000 -16041.3 -19925.9 300.813 -112.829 0.872263
484100 -15968.9 -19910.7 305.238 -2.05605 0.870949
484200 -16020.6 -19904.3 300.737 -19.0632 0.869843
484300 -16104.6 -19940.3 297.021 -245.136 0.869039
484400 -16132.5 -19967.8 296.994 104.125 0.869956
484500 -16153.1 -19998.9 297.805 -68.2741 0.870807
484600 -16213 -20020.2 294.815 -69.3082 0.872158
484700 -16258.7 -20067 294.895 -0.806235 0.874123
484800 -16244.4 -20084.1 297.329 77.9726 0.876189
484900 -16167.9 -20025.4 298.709 344.777 0.87722
485000 -16088.3 -19940.3 298.282 215.842 0.875181
485100 -16054.7 -19969 303.108 -194.658 0.87124
485200 -16115.9 -19974.3 298.784 -170.639 0.868731
485300 -16139.2 -19955.7 295.533 -201.829 0.868266
485400 -16123.2 -20010.7 301.033 2.14535 0.86944
485500 -16171.6 -20018.7 297.903 -142.215 0.870851
485600 -16245 -20058.5 295.309 -33.0425 0.873598
485700 -16264.8 -20086.1 295.905 201.969 0.876768
485800 -16182.4 -20094.2 302.916 432.276 0.877761
485900 -16158.3 -20059.5 302.095 140.953 0.875045
486000 -16232 -20046.5 295.379 -349.212 0.871008
486100 -16252.9 -20090.3 297.149 -214.313 0.869969
486200 -16223 -20054.6 296.707 111.511 0.87102
486300 -16122.5 -20047.3 303.928 55.0117 0.871402
486400 -16146.9 -20029.8 300.678 43.7673 0.871125
486500 -16223.7 -20045 295.903 185.985 0.869989
486600 -16230.8 -20037.5 294.782 -106.104 0.867593
486700 -16144.8 -19998.1 298.378 -143.821 0.866026
486800 -16088.7 -19984.4 301.666 -32.6527 0.865679
486900 -16103.1 -19948.6 297.779 -214.081 0.866082
487000 -16142.4 -20065.3 303.772 -19.1188 0.868243
487100 -16241.3 -20056.9 295.463 69.1083 0.870763
487200 -16237.3 -20064.7 296.378 -71.3211 0.872956
487300 -16192.6 -20068 300.1 14.7155 0.875706
487400 -16172.8 -20051.6 300.359 343.805 0.877988
487500 -16231.1 -20063.1 296.731 33.4482 0.877381
487600 -16296.8 -20093.8 294.029 178.098 0.875724
487700 -16261.9 -20064.2 294.442 120.275 0.872668
487800 -16158.7 -20033.2 300.02 -29.7678 0.868381
487900 -16148.9 -19975.8 296.344 -213.541 0.865016
488000 -16131.4 -19987.2 298.58 -152.725 0.86399
488100 -16093.6 -19958.5 299.276 16.2977 0.864272
488200 -16029.3 -19935.3 302.463 -46.8396 0.864595
488300 -16040.9 -19934.1 301.474 -135.123 0.865608
488400 -16139.3 -19987.6 298.003 -138.331 0.867615
488500 -16187.4 -19999 295.157 -103.328 0.870626
488600 -16158.8 -19969.2 295.066 -28.2253 0.874331
488700 -16108.2 -19985.3 300.229 248.917 0.877765
488800 -16119.8 -20012.5 301.437 310.938 0.878562
488900 -16159.5 -20001.6 297.518 169.778 0.876374
489000 -16179.2 -20025.4 297.834 -30.6685 0.873006
489100 -16189.7 -20022.9 296.829 -272.99 0.870682
489200 -16164.8 -20002.2 297.157 -71.3498 0.870734
489300 -16096.3 -19962 299.347 117.562 0.8716
489400 -16039.2 -19930.5 301.326 4.26409 0.871459
489500 -16055 -19907.9 298.352 -1.34472 0.870942
489600 -16143.9 -19971 296.362 -180.978 0.870974
489700 -16213.3 -20020.5 294.817 -34.2549 0.872341
489800 -16201.8 -20057.9 298.603 -17.8888 0.874041
489900 -16190.2 -20051.6 299.011 -58.8874 0.875781
490000 -16215.8 -20052.6 297.106 76.8158 0.878049
490100 -16257.5 -20061.7 294.581 73.1966 0.879738
490200 -16231.6 -20084.6 298.362 77.7081 0.880371
490300 -16177.6 -20054.7 300.228 102.634 0.880182
490400 -16173.9 -20052.6 300.354 219.492 0.878908
490500 -16257.6 -20045.7 293.337 13.6358 0.875911
490600 -16301.2 -20114.7 295.307 -63.5109 0.872875
490700 -16249.5 -20093.4 297.656 -195.28 0.870688
490800 -16134.7 -19981.3 297.867 -279.743 0.870544
490900 -16092.5 -19985.4 301.451 -72.3445 0.872879
491000 -16135.9 -20021.5 300.882 -73.8476 0.876001
491100 -16238.8 -20066.9 296.434 -13.7391 0.879782
491200 -16260.2 -20094.4 296.905 139.059 0.883219
491300 -16248.8 -20118.8 299.678 104.109 0.885137
491400 -16263.2 -20103.1 297.349 315.956 0.885153
491500 -16324.2 -20156.1 296.726 -36.5064 0.88284
491600 -16411.6 -20232.9 295.91 -36.9378 0.88076
491700 -16438 -20237.2 294.196 -200.195 0.879565
491800 -16360.5 -20208.4 297.969 180.644 0.879802
491900 -16259.5 -20094.7 296.986 222.096 0.878856
492000 -16222.1 -20061.9 297.339 -24.5435 0.876092
492100 -16195.3 -20067.8 299.865 -269.187 0.873934
492200 -16219.7 -20072.3 298.331 -21.6924 0.874176
492300 -16272.4 -20031.5 291.092 -57.5547 0.874913
492400 -16187.2 -20027.8 297.404 119.474 0.875719
492500 -16104.4 -19962 298.716 5.37448 0.875687
492600 -16098.2 -19972.9 300.038 168.178 0.875097
492700 -16140.1 -19957.5 295.607 -90.5071 0.873407
492800 -16185.5 -20012 296.305 -25.3662 0.872458
492900 -16249.5 -20059.3 295.022 -188.499 0.872156
493000 -16271.5 -20058.6 293.261 -124.885 0.873364
493100 -16183.8 -20029.3 297.781 -46.1169 0.876033
493200 -16109.7 -19982.8 299.92 188.2 0.878872
493300 -16117.7 -20000.8 300.696 -13.7449 0.880067
493400 -16174.8 -20035.8 298.978 -6.97807 0.881189
493500 -16223.9 -20046.8 296.028 198.643 0.882036
493600 -16221.8 -20043.3 295.924 -49.9524 0.881476
493700 -16209.3 -20071.3 299.058 -110.321 0.881254
493800 -16215.8 -20065.2 298.078 -38.6001 0.882163
493900 -16240.4 -20089.7 298.069 453.311 0.883033
494000 -16317.5 -20130.3 295.245 96.2222 0.880105
494100 -16363.8 -20163.9 294.265 -132.851 0.876009
494200 -16303.3 -20108.7 294.675 -48.665 0.873205
494300 -16186.5 -20051.8 299.311 -174.246 0.871223
494400 -16172.1 -20067.1 301.61 -127.095 0.870967
494500 -16241.6 -20074 296.766 115.165 0.871748
494600 -16270.1 -20062.4 293.659 -155.991 0.871915
494700 -16206.2 -20077 299.737 92.8891 0.872952
494800 -16189.9 -20050.2 298.928 -15.29 0.873511
494900 -16186 -19993.8 294.867 -184.227 0.874418
495000 -16140.4 -19983.3 297.58 190.515 0.87663
495100 -16100 -19977.5 300.258 -40.1726 0.877456
495200 -16129.7 -20002.5 299.897 124.638 0.878363
495300 -16256.2 -20046 293.467 62.9491 0.878298
495400 -16248.7 -20054 294.67 48.0893 0.877325
495500 -16180.9 -20044.5 299.181 -36.7297 0.876279
495600 -16153.2 -20021.7 299.569 -171.953 0.875473
495700 -16157 -19992.7 297.024 -184.985 0.876256
495800 -16109.4 -19976.3 299.441 59.7463 0.878652
495900 -16071.6 -19999.1 304.131 214.206 0.880871
496000 -16155.9 -20026.1 299.698 -45.5648 0.881549
496100 -16239.2 -20084 297.725 59.5205 0.882003
496200 -16263.2 -20088.5 296.212 -22.6624 0.882065
496300 -16249.1 -20125.9 300.21 -20.9535 0.882486
496400 -16283.4 -20123.2 297.343 82.3514 0.883146
496500 -16363.1 -20163.2 294.263 190.624 0.882874
496600 -16362.1 -20176.2 295.347 105.222 0.880813
496700 -16269.8 -20102 296.755 -114.079 0.877447
496800 -16190 -20052.5 299.102 -155.428 0.874658
496900 -16165.9 -20013.2 297.923 -253.524 0.87323
497000 -16147.9 -20000.9 298.363 38.9435 0.873756
497100 -16153.5 -20031.8 300.323 84.9301 0.874295
497200 -16214 -20031.8 295.631 32.759 0.874045
497300 -16258.4 -20065.5 294.81 -184.672 0.873589
497400 -16211.4 -20051.9 297.394 -32.357 0.874579
497500 -16123.8 -19991.4 299.487 93.6068 0.876241
497600 -16096.2 -19999.7 302.273 -79.1043 0.877553
497700 -16153.3 -20050.5 301.788 226.683 0.879335
497800 -16195.3 -20016.3 295.884 132.375 0.879603
497900 -16179.3 -20031.2 298.276 103.052 0.877957
498000 -16150.7 -20019.7 299.598 -192.933 0.875489
498100 -16121 -19998.4 300.25 -68.3891 0.874418
498200 -16138 -20026.6 301.122 -58.9177 0.874125
498300 -16238.9 -20055.9 295.572 -121.425 0.874634
498400 -16257.6 -20065.8 294.898 112.026 0.876195
498500 -16214.2 -20085.7 299.79 148.231 0.876926
498600 -16165.9 -20019.4 298.403 89.4193 0.876113
498700 -16052.1 -19973.7 303.67 114.636 0.874254
498800 -16072.4 -19955.9 300.72 -119.529 0.871606
498900 -16139.1 -20006.5 299.472 -234.766 0.869821
499000 -16184.1 -20015.3 296.669 -122.552 0.870104
499100 -16191.1 -20051.3 298.915 -13.7878 0.87174
499200 -16203.2 -20049.6 297.844 -192.019 0.873822
499300 -16207.7 -20038.6 296.656 143.696 0.877402
499400 -16188.5 -20087.9 301.957 53.2265 0.880239
499500 -16226.3 -20024 294.081 110.744 0.882115
499600 -16248.8 -20132.4 300.729 268.327 0.88291
499700 -16294.9 -20061.8 291.688 12.6865 0.88136
499800 -16238 -20092.6 298.49 -165.611 0.879778
499900 -16180.5 -20067.5 300.99 130.526 0.879186
500000 -16194.9 -20039.1 297.675 -102.802 0.87766
500100 -16276.9 -20109.1 296.75 -289.345 0.877305
500200 -16368.2 -20150.4 292.878 71.9649 0.87946
500300 -16326.6 -20149.1 296.006 247.037 0.881247
500400 -16247.6 -20095.6 297.973 44.7188 0.880789
500500 -16195.5 -20003.7 294.896 113.632 0.879498
500600 -16147.1 -19985.7 297.247 192.987 0.876876
500700 -16119.8 -19988.8 299.597 -353.145 0.872871
500800 -16136 -19996.3 298.93 -107.951 0.871525
500900 -16232.2 -20064.9 296.792 -33.6241 0.871712
501000 -16327.3 -20117.6 293.51 -140.07 0.872552
501100 -16288.1 -20090.5 294.442 -91.0982 0.8749
501200 -16209.7 -20061.6 298.275 234.507 0.877648
501300 -16189.2 -20076.6 301.028 266.853 0.878267
501400 -16237.7 -20062.6 296.192 -19.096 0.876626
501500 -16270.9 -20084.8 295.335 -183.654 0.874971
501600 -16301.9 -20116 295.348 2.29853 0.874891
501700 -16311.1 -20164.1 298.361 -341.84 0.875539
501800 -16302.1 -20101.4 294.203 122.219 0.878925
501900 -16220.5 -20105.3 300.824 377.962 0.88164
502000 -16198.2 -20099.1 302.071 145.432 0.880897
502100 -16287.4 -20143.6 298.606 -184.201 0.8785
502200 -16353 -20132.7 292.683 -99.1551 0.877255
502300 -16295.6 -20128.6 296.816 -2.35268 0.877331
502400 -16244.2 -20138.2 301.536 234.106 0.877033
502500 -16274 -20114.4 297.384 -219.524 0.875063
502600 -16317.9 -20075.3 290.952 -304.943 0.874564
502700 -16228.7 -20094.3 299.34 -69.4063 0.877074
502800 -16180.6 -20089.2 302.664 325.223 0.880763
502900 -16242.3 -20099.7 298.703 159.205 0.882168
503000 -16308.7 -20115.6 294.786 112.474 0.881629
503100 -16294.8 -20095 294.271 -89.9296 0.880241
503200 -16234 -20035.7 294.387 135.066 0.878744
503300 -16182.2 -20035.8 298.404 -143.305 0.876475
503400 -16151.4 -20003.1 298.262 -182.186 0.875113
503500 -16117.3 -19985.1 299.514 -41.4255 0.875237
503600 -16083.1 -19979.5 301.723 212.863 0.875881
503700 -16122.5 -19945.5 296.041 -214.443 0.875104
503800 -16178.1 -19993.9 295.479 -166.17 0.875875
503900 -16197 -20036.1 297.291 175.782 0.878511
504000 -16199 -20031.7 296.786 226.377 0.879779
504100 -16157.6 -20017.6 298.905 99.6479 0.878974
504200 -16118.5 -20040.8 303.727 172.798 0.876713
504300 -16208.6 -20045.4 297.108 -167.345 0.872818
504400 -16236.4 -20041 294.616 -217.767 0.870055
504500 -16190.2 -20035.2 297.737 -263.26 0.869574
504600 -16147.3 -19997.3 298.127 -356.586 0.872099
504700 -16070.1 -19973.5 302.264 4.6168 0.877642
504800 -16000.5 -19964.3 306.936 431.235 0.882917
504900 -16130.5 -20013.2 300.661 424.39 0.884148
505000 -16197.7 -20030.5 296.8 196.306 0.881083
505100 -16203.2 -20060 298.658 -157.537 0.876756
505200 -16213.1 -20030.4 295.602 -294.766 0.87442
505300 -16175.2 -19996.9 295.934 -160.174 0.874902
505400 -16076.5 -19942.8 299.394 69.4411 0.876669
505500 -16048.4 -19922.5 299.991 43.8302 0.877906
505600 -16097.6 -20015.1 303.356 103.921 0.878468
505700 -16185.7 -20033.8 297.983 1.17795 0.878097
505800 -16200 -20013.8 295.328 -29.164 0.877694
505900 -16156.2 -20047.2 301.301 -44.2249 0.877847
506000 -16171.3 -20019 297.951 187.642 0.878129
506100 -16253.7 -20050 293.967 67.9962 0.876798
506200 -16290 -20047.9 291.001 -250.282 0.875073
506300 -16164.5 -20014.8 298.147 -17.8522 0.875334
506400 -16128.2 -19999.1 299.75 55.6516 0.875946
506500 -16152.7 -19991.2 297.239 -36.452 0.876027
506600 -16174.6 -20008.1 296.849 27.7865 0.876369
506700 -16172 -20014.6 297.551 216.062 0.876256
506800 -16147.1 -19970 296.029 -75.2581 0.874633
506900 -16047.2 -19893 297.805 -17.6857 0.873263
507000 -15999.3 -19888.1 301.14 81.5586 0.871972
507100 -16030.5 -19888.7 298.767 -129.849 0.870142
507200 -16119.1 -19959.6 297.397 -161.528 0.869325
507300 -16179.2 -19991.7 295.226 -209.421 0.870161
507400 -16155.9 -19978.2 295.984 -28.5866 0.873188
507500 -16118.4 -19986.7 299.552 113.858 0.876677
507600 -16110.2 -19988 300.28 271.453 0.878829
507700 -16184 -20017.5 296.852 -10.8243 0.878718
507800 -16268.5 -20114.2 297.792 -40.7433 0.878413
507900 -16299.8 -20104.5 294.624 15.7007 0.878346
508000 -16241.2 -20083.2 297.511 83.5031 0.878132
508100 -16159.1 -20060.7 302.129 417.37 0.876863
508200 -16169.2 -20006.4 297.137 -181.048 0.872412
508300 -16158.5 -20010.5 298.285 -195.151 0.869183
508400 -16152 -19999.7 297.956 -38.6041 0.867795
508500 -16163.8 -20014.7 298.205 -143.645 0.867136
508600 -16194.9 -19999.4 294.602 -351.427 0.868311
508700 -16163.6 -20003.3 297.332 52.1241 0.872096
508800 -16096.3 -19980 300.738 202.331 0.875632
508900 -16073.9 -19952 300.308 87.4132 0.877238
509000 -16152.9 -20017.4 299.253 65.2536 0.877663
509100 -16255.3 -20070.5 295.434 79.3935 0.877312
509200 -16242.6 -20054.1 295.15 -3.42659 0.876238
509300 -16163.7 -20006.8 297.594 105.623 0.875156
509400 -16128.2 -20027.2 301.921 -8.25111 0.873694
509500 -16164.5 -20043 300.335 -28.0983 0.872308
509600 -16219.4 -20091.5 299.834 -89.2563 0.87133
509700 -16258.5 -20084.9 296.298 -214.794 0.871585
509800 -16244.3 -20080.2 297.042 -101.059 0.873671
509900 -16199.6 -20068.1 299.558 -7.81759 0.876122
510000 -16132.2 -20036.2 302.313 195.512 0.877861
510100 -16061.7 -19987.7 304.013 353.312 0.877381
510200 -16125.5 -19999.3 299.977 -160.824 0.87462
510300 -16207.7 -20033.7 296.265 11.3835 0.873056
510400 -16211.4 -20041.8 296.609 -141.255 0.872073
510500 -16166.5 -20018.3 298.271 -1.09717 0.8722
510600 -16069.2 -19973.2 302.305 -41.259 0.872646
510700 -16014.4 -19905.2 301.294 101.122 0.873065
510800 -16063.7 -19920.6 298.658 -68.1903 0.872896
510900 -16168.5 -19968.4 294.248 97.1314 0.872895
511000 -16168.8 -19969 294.275 42.9586 0.872387
511100 -16077.3 -19937.1 298.89 -19.8791 0.871507
511200 -16050.8 -19940 301.169 154.167 0.870228
511300 -16089.5 -19930.1 297.4 -69.1447 0.868035
511400 -16110.5 -19934.6 296.13 -166.192 0.866226
511500 -16081.5 -19943.5 299.061 -93.889 0.866021
511600 -16015.2 -19888.1 299.906 -33.9293 0.866966
511700 -15992.8 -19886.9 301.542 86.5806 0.868168
511800 -16055.5 -19910.5 298.518 -41.3967 0.868917
511900 -16149.3 -19988.1 297.264 -205.673 0.870129
512000 -16169.9 -19978.2 294.9 91.1695 0.873129
512100 -16131.2 -19991.7 298.939 182.109 0.875375
512200 -16121.9 -20010.6 301.126 20.2217 0.87584
512300 -16192.4 -20024.6 296.748 -46.522 0.876164
512400 -16323.5 -20093.5 291.94 69.305 0.876872
512500 -16329.2 -20137.4 294.891 360.906 0.876702
512600 -16278.7 -20107 296.451 35.4394 0.873338
512700 -16193.1 -20012.2 295.738 -119.525 0.869136
512800 -16113.5 -19949.5 297.039 -43.8989 0.866073
512900 -16075 -19953.5 300.333 -359.479 0.86401
513000 -16088.1 -19912 296.108 -97.1522 0.864923
513100 -16059 -19908.6 298.095 -44.7203 0.86723
513200 -15951.5 -19874.3 303.771 -27.2612 0.869706
513300 -15970 -19867.2 301.781 136.324 0.87218
513400 -16053.8 -19935.7 300.599 29.6519 0.873857
513500 -16116.2 -19973.4 298.688 353.891 0.87445
513600 -16155.8 -20025.8 299.675 61.4744 0.872239
513700 -16216.3 -20046.6 296.61 -171.272 0.869424
513800 -16238.4 -20050.1 295.165 -293.317 0.868421
513900 -16140.2 -20013.5 299.939 135.583 0.869889
514000 -16036.9 -19926.2 301.177 -108.36 0.870694
514100 -16055.6 -19932 300.171 142.57 0.871816
514200 -16130 -19983.1 298.367 194.577 0.871744
514300 -16194.7 -20011.7 295.58 -121.117 0.870147
514400 -16177.4 -19954.6 292.492 -168.161 0.869608
514500 -16114.6 -19959.8 297.752 -80.5472 0.870707
514600 -16097.2 -19952.2 298.517 46.717 0.872331
514700 -16099.8 -19965.1 299.315 78.5092 0.873371
514800 -16158 -19977.1 295.742 0.323806 0.873582
514900 -16216.5 -20005.4 293.398 -200.632 0.87402
515000 -16167.4 -20012.9 297.785 91.1918 0.875867
515100 -16063.1 -19960.5 301.804 208.568 0.876851
515200 -16064.8 -19954.2 301.182 132.19 0.875933
515300 -16133.4 -19992 298.796 -44.1928 0.873852
515400 -16174.5 -20011 297.086 -106.653 0.872189
515500 -16162 -19992.1 296.592 -70.1865 0.871718
515600 -16120.2 -19982.4 299.077 31.4072 0.871799
515700 -16106.5 -19963.7 298.691 -103.873 0.872024
515800 -16128.5 -19969.4 297.426 57.7406 0.873
515900 -16175 -20029.6 298.484 186.22 0.87331
516000 -16230.5 -20021.8 293.584 -171.166 0.872155
516100 -16199.5 -20047.3 297.956 -2.60358 0.872185
516200 -16120.2 -19993.8 299.954 125.289 0.872428
516300 -16084 -19964.9 300.526 148.982 0.871441
516400 -16152.4 -19989.4 297.125 203.238 0.868857
516500 -16232.4 -19988.9 290.886 -216.868 0.865174
516600 -16169.6 -20024.5 298.51 -73.8087 0.863461
516700 -16113.4 -19981.9 299.565 -11.2915 0.862651
516800 -16109.1 -19937.9 296.484 -278.79 0.862328
516900 -16067.9 -19899.4 296.7 -132.426 0.864349
517000 -15969.4 -19886.3 303.307 148.701 0.867364
517100 -16012.1 -19870.1 298.749 50.9115 0.868793
517200 -16083.6 -19927.3 297.642 -7.09395 0.869574
517300 -16125.8 -19962.8 297.117 -27.5356 0.870422
517400 -16122.9 -19962.5 297.326 117.901 0.871106
517500 -16034 -19947.8 303.07 179.504 0.870611
517600 -15978.9 -19916.5 304.908 -45.3963 0.868757
517700 -16062.6 -19927.1 299.254 -104.135 0.867412
517800 -16134.5 -19982.2 297.948 39.8411 0.867155
517900 -16170.9 -20023.3 298.313 -6.91474 0.866996
518000 -16187.3 -20030.4 297.597 -46.9219 0.866911
518100 -16189.2 -20015.6 296.305 172.244 0.866649
518200 -16123.4 -19958.6 296.981 -116.254 0.865474
518300 -16036.6 -19916.8 300.471 -223.811 0.865435
518400 -16006.1 -19855.1 298.053 62.3871 0.866985
518500 -15986.5 -19861.9 300.102 -64.1563 0.86856
518600 -16005.2 -19880.3 300.07 64.8753 0.870519
518700 -16108.2 -19948.6 297.384 268.125 0.871571
518800 -16166.8 -20027.6 298.97 -241.208 0.870759
518900 -16217 -20059.7 297.568 35.3216 0.871424
519000 -16273.7 -20082.8 294.969 76.9116 0.871903
519100 -16317.9 -20099.5 292.836 -349.107 0.872118
519200 -16247.7 -20087.1 297.311 156.249 0.875062
519300 -16161.4 -20036.8 300.096 41.8644 0.877286
519400 -16154 -20016.7 299.118 132.067 0.878627
519500 -16178.7 -20004.1 296.222 102.676 0.878741
519600 -16211.8 -20055.8 297.665 99.8851 0.877627
519700 -16272.2 -20090.7 295.689 -270.136 0.876135
519800 -16287.9 -20077.7 293.466 -199.348 0.876787
519900 -16202.5 -20084.8 300.636 54.5902 0.879451
520000 -16182.8 -20046.8 299.213 157.409 0.881836
520100 -16189 -20027.1 297.204 211.068 0.882461
520200 -16189.6 -20053.8 299.232 -91.0351 0.881573
520300 -16201.5 -20059.9 298.781 -0.740712 0.881052
520400 -16217.7 -20076.9 298.843 114.684 0.880356
520500 -16269.8 -20110.7 297.426 164.428 0.878498
520600 -16358.1 -20123.1 291.545 -101.358 0.875398
520700 -16302.7 -20102.3 294.226 -53.2663 0.872656
520800 -16203.6 -20058.1 298.48 -9.92824 0.870516
520900 -16195.2 -20035.7 297.386 -80.7199 0.868868
521000 -16170.7 -19983.8 295.269 -9.38967 0.867718
521100 -16100.2 -20006.7 302.504 -101.647 0.866974
521200 -16129.5 -19988.3 298.815 -185.574 0.867344
521300 -16204.2 -20016.8 295.231 -193.638 0.869549
521400 -16271.1 -20074.7 294.536 99.4212 0.873314
521500 -16358.4 -20139.7 292.807 95.8028 0.876379
521600 -16343.3 -20176.5 296.822 154.382 0.87868
521700 -16258.9 -20103.8 297.737 131.492 0.879604
521800 -16167.9 -20012.9 297.744 75.3839 0.879012
521900 -16138.9 -20002.4 299.18 10.445 0.877695
522000 -16136.1 -19965.8 296.557 76.9074 0.875924
522100 -16111.7 -19999.4 301.049 -76.25 0.873697
522200 -16134.2 -19984.6 298.16 -95.0415 0.871865
522300 -16210.9 -20024.7 295.325 -269.665 0.871228
522400 -16236.9 -20040.2 294.518 13.8351 0.872988
522500 -16173.4 -20046.8 299.94 258.479 0.874923
522600 -16105.1 -19994.7 301.201 81.1058 0.874701
522700 -16127.2 -19966.2 297.278 -138.042 0.873475
522800 -16213.7 -19989.2 292.364 -250.161 0.873409
522900 -16300.2 -20110.4 295.048 33.5461 0.875778
523000 -16334.6 -20149.8 295.436 52.5218 0.878661
523100 -16320 -20174.4 298.476 254.433 0.881004
523200 -16246 -20107.4 299.013 156.836 0.881211
523300 -16192.5 -20082.1 301.198 82.4029 0.879485
523400 -16227.9 -20057.3 296.531 -83.1621 0.876951
523500 -16262.7 -20055.4 293.69 2.82848 0.874737
523600 -16178.6 -20028.4 298.118 -92.5095 0.872386
523700 -16090.3 -19961.5 299.765 -182.341 0.870661
523800 -16076.4 -19945.5 299.607 -305.385 0.870914
523900 -16131.6 -20004.9 299.937 152.979 0.873713
524000 -16237 -20056.8 295.795 309.091 0.875513
524100 -16255.3 -20111 298.569 127.585 0.874698
524200 -16260.4 -20079.3 295.725 -92.3198 0.872514
524300 -16181.7 -20015.5 296.871 74.0501 0.870592
524400 -16092.2 -19980.8 301.119 -112.49 0.868183
524500 -16116.8 -19988.8 299.836 31.2678 0.866156
524600 -16168.3 -19982.6 295.363 -121.104 0.864144
524700 -16140.4 -19962.9 295.998 -285.385 0.863204
524800 -16023.2 -19911.6 301.102 76.7768 0.864622
524900 -16002.2 -19885.4 300.702 -101.52 0.866183
525000 -16046.5 -19921.9 300.097 124.061 0.868266
525100 -16123 -19971.9 298.044 -37.6364 0.869786
525200 -16151.3 -19952.6 294.354 81.6469 0.871423
525300 -16111.5 -19953.4 297.501 116.422 0.872679
525400 -16082.2 -19944 299.046 -4.89648 0.872995
525500 -16080.3 -19947 299.422 -148.726 0.873335
525600 -16146.5 -19972.4 296.268 -198.405 0.875189
525700 -16269.4 -20068.5 294.183 81.0401 0.878805
525800 -16266.6 -20100.2 296.861 132.493 0.882264
525900 -16233 -20121.6 301.12 214.537 0.884572
526000 -16269.6 -20093.8 296.128 204.377 0.884848
526100 -16346 -20100.8 290.756 -66.8238 0.883295
526200 -16271 -20070.1 294.184 -168.887 0.882054
526300 -16189.6 -20042.1 298.319 107.557 0.882186
526400 -16174.2 -20039 299.278 343.767 0.881122
526500 -16199.4 -20026 296.318 -339.913 0.877716
526600 -16203.2 -20006.9 294.544 -4.9536 0.87644
526700 -16100.8 -19969.4 299.572 261.595 0.875169
526800 -16058 -19916.3 298.769 -195.931 0.871961
526900 -16054.1 -19917.1 299.135 -140.454 0.869963
527000 -16083.3 -19926.9 297.635 -58.5317 0.86927
527100 -16195.3 -20022.3 296.343 -154.188 0.869444
527200 -16238.6 -20030.7 293.642 25.7377 0.870923
527300 -16188.1 -20017.1 296.505 192.723 0.872342
527400 -16106.9 -19978.1 299.771 -304.76 0.87277
527500 -16082.8 -19927.5 297.72 -155.977 0.87597
527600 -16101 -20007.7 302.513 319.837 0.88195
527700 -16175.8 -20051.2 300.091 418.082 0.886175
527800 -16237.5 -20088.1 298.179 178.972 0.886773
527900 -16266.9 -20089.3 295.991 -205.415 0.885711
528000 -16243.3 -20074.5 296.67 -55.433 0.885766
528100 -16142.3 -19997 298.493 -52.9748 0.886982
528200 -16056.3 -19951.6 301.636 175.872 0.888985
528300 -16093.4 -19989.5 301.699 253.867 0.889652
528400 -16185 -20033.6 298.02 118.249 0.887853
528500 -16232.1 -20063.1 296.656 49.151 0.884251
528600 -16224.6 -20052.3 296.397 -335.601 0.879975
528700 -16137.8 -20004.6 299.429 -220.14 0.878342
528800 -16050.4 -19956.3 302.457 131.051 0.878777
528900 -16077.9 -19965.4 301.031 -53.1852 0.878426
529000 -16144.5 -20008 299.181 -183.118 0.878689
529100 -16181.4 -20028.7 297.923 58.0897 0.880123
529200 -16191.8 -20001.6 295.014 11.7318 0.881511
529300 -16155.5 -20057.3 302.145 235.435 0.882867
529400 -16214.3 -20047.4 296.818 -52.9022 0.882272
529500 -16311.4 -20080.5 291.865 -84.0668 0.881737
529600 -16260.8 -20073.2 295.219 39.5234 0.881976
529700 -16192.1 -20044.4 298.309 177.93 0.881945
529800 -16177 -20065.5 301.116 197.023 0.880078
529900 -16217.2 -20054.8 297.169 -199.174 0.876581
530000 -16272.5 -20079.4 294.795 -240.122 0.874627
530100 -16376.7 -20143.1 291.656 -140.746 0.874943
530200 -16363.9 -20147.7 293.007 126.459 0.87651
530300 -16268.1 -20110.4 297.532 -93.8099 0.877453
530400 -16212.8 -20042 296.519 16.0898 0.879044
530500 -16167.6 -20052.1 300.803 245.757 0.880544
530600 -16200.8 -20059.2 298.78 509.741 0.87928
530700 -16305.8 -20089.7 293.011 -70.8164 0.873644
530800 -16329.4 -20123.9 293.837 -344.366 0.868514
530900 -16290.9 -20133.1 297.526 -314.824 0.866998
531000 -16274.6 -20095.3 295.864 -235.901 0.868353
531100 -16211.6 -20035.1 296.078 -153.339 0.872017
531200 -16137.7 -20037.9 302.01 145.571 0.876576
531300 -16170.4 -20057.3 300.989 107.385 0.879586
531400 -16229.8 -20086.6 298.655 391.481 0.880603
531500 -16268.1 -20122.3 298.454 327.333 0.877964
531600 -16275.6 -20076.5 294.325 -178.846 0.873524
531700 -16224.3 -20094.7 299.704 -79.1918 0.870991
531800 -16211.7 -20065.5 298.419 -52.2312 0.869841
531900 -16215.9 -20055.5 297.32 -113.169 0.869592
532000 -16192.7 -20030.9 297.216 -237.669 0.87043
532100 -16143.3 -20018.2 300.057 12.7629 0.872891
532200 -16125.2 -20017.4 301.395 117.053 0.875248
532300 -16183 -20009 296.267 151.191 0.876289
532400 -16239.2 -20057.1 295.645 116.857 0.875497
532500 -16237.5 -20066.1 296.471 -222.471 0.874313
532600 -16187.6 -20065.5 300.283 164.692 0.874647
532700 -16133.5 -20009.9 300.173 -30.9733 0.874034
532800 -16090.4 -19987.6 301.785 -236.685 0.873769
532900 -16120.8 -20061.4 305.143 1.9848 0.87545
533000 -16231.4 -20060.5 296.508 67.0105 0.877458
533100 -16242.4 -20060.4 295.653 169.323 0.87853
533200 -16189.6 -20061.4 299.812 159.927 0.878057
533300 -16138.9 -20003.9 299.286 -36.9428 0.876059
533400 -16079.3 -19977.8 301.882 157.273 0.873836
533500 -16057.3 -19965.1 302.609 49.9671 0.870443
533600 -16131.6 -19941.7 295.043 -461.019 0.86725
533700 -16179.5 -20023.1 297.631 56.5068 0.86767
533800 -16252.3 -20081.7 296.54 34.402 0.868077
533900 -16343.7 -20139.2 293.912 -219.631 0.868152
534000 -16340.3 -20156.7 295.524 -42.3806 0.870101
534100 -16205.1 -20101 301.685 108.283 0.872699
534200 -16177.3 -20051.5 300.008 232.437 0.873872
534300 -16212.4 -20061.8 298.082 -136.051 0.873226
534400 -16275.9 -20084 294.885 -269.816 0.873828
534500 -16322.3 -20129.5 294.813 60.0123 0.876723
534600 -16310.4 -20111.5 294.34 241.494 0.879057
534700 -16216.3 -20072.3 298.596 307.463 0.878922
534800 -16152.6 -20007.2 298.481 -133.477 0.876487
534900 -16111.6 -19998.3 300.973 47.1025 0.874596
535000 -16157 -20014 298.677 64.5176 0.872609
535100 -16273.6 -20085.1 295.15 -136.296 0.870305
535200 -16278.8 -20062.7 293.017 -229.911 0.869647
535300 -16201.3 -20053.6 298.313 -67.5195 0.871119
535400 -16174.1 -20044.4 299.701 107.222 0.873049
535500 -16196 -20057.6 299.031 141.356 0.873765
535600 -16252 -20092.9 297.424 -247.488 0.873489
535700 -16369.9 -20152.2 292.888 -254.082 0.875233
535800 -16389.9 -20177.1 293.263 116.221 0.878699
535900 -16346.4 -20201.1 298.488 90.263 0.880985
536000 -16321.9 -20151.8 296.569 65.9354 0.88193
536100 -16257.7 -20087.5 296.562 -4.16393 0.882194
536200 -16163.2 -20037.6 300.014 128.149 0.882306
536300 -16165.7 -20056.4 301.279 68.4469 0.881309
536400 -16211.7 -20054.2 297.544 -23.065 0.87987
536500 -16253.2 -20092.6 297.302 129.633 0.878611
536600 -16303.9 -20108.2 294.588 -28.7029 0.876538
536700 -16325.1 -20112.9 293.312 -226.35 0.875068
536800 -16242.3 -20119.8 300.262 55.8788 0.875226
536900 -16202.5 -20078.6 300.15 67.8591 0.875332
537000 -16237.3 -20087.5 298.148 133.435 0.874578
537100 -16322.1 -20080.5 291.03 -266.639 0.873004
537200 -16296.4 -20155.5 298.837 -3.9792 0.873541
537300 -16207.6 -20104.2 301.737 -128.938 0.874871
537400 -16156.2 -20055.5 301.945 212.271 0.876658
537500 -16158.2 -20068.8 302.824 145.852 0.87683
537600 -16271.9 -20109.4 297.162 -12.4806 0.875542
537700 -16309.6 -20121.8 295.204 -118.041 0.874403
537800 -16276 -20131.3 298.539 7.94815 0.874203
537900 -16218.4 -20094.2 300.125 -161.183 0.874265
538000 -16157.3 -20062.7 302.423 49.2344 0.875374
538100 -16162.8 -20047.7 300.83 -15.2741 0.876417
538200 -16261.5 -20069.5 294.879 -85.0845 0.877727
538300 -16286.1 -20130.9 297.725 -21.125 0.880016
538400 -16293.8 -20147.2 298.397 352.748 0.881971
538500 -16336.9 -20121.3 293.055 81.8354 0.881268
538600 -16322.9 -20158 296.973 -23.7391 0.87922
538700 -16255.1 -20131 300.136 -49.4673 0.877473
538800 -16222.3 -20068.3 297.823 58.325 0.876046
538900 -16160.3 -20029.8 299.638 -132.313 0.874237
539000 -16094.8 -20012.8 303.397 37.5019 0.873176
539100 -16158.1 -20012.8 298.488 -220.005 0.872196
539200 -16225.8 -20046.1 295.829 -94.0326 0.873187
539300 -16224.1 -20052.3 296.447 -44.3345 0.875439
539400 -16201.9 -20070.5 299.571 161.093 0.878105
539500 -16211.9 -20054.1 297.526 22.3574 0.88007
539600 -16246.4 -20098.8 298.313 37.2916 0.881991
539700 -16330.2 -20162.7 296.774 -62.435 0.884038
539800 -16395.7 -20222.3 296.315 240.705 0.886813
539900 -16413.8 -20230.5 295.551 515.436 0.887909
540000 -16339.4 -20182.1 297.558 54.7214 0.884133
540100 -16233.9 -20096.6 299.107 -273.283 0.878412
540200 -16203.5 -20051.9 298.007 -176.548 0.874374
540300 -16162.6 -19979.2 295.541 -344.055 0.87246
540400 -16065 -19985.7 303.598 167.945 0.87329
540500 -16097.1 -20027.8 304.377 -93.267 0.873351
540600 -16173.1 -20032.9 298.894 -75.5026 0.874037
540700 -16241.1 -20122 300.521 37.7585 0.87554
540800 -16310.7 -20124.7 295.348 -126.858 0.876961
540900 -16288.3 -20102.1 295.324 88.6745 0.879416
541000 -16224.4 -20102.4 300.299 126.487 0.881412
541100 -16227.4 -20112.1 300.815 193.02 0.881989
541200 -16244.4 -20075.2 296.642 -167.565 0.881338
541300 -16234.1 -20090.1 298.594 27.2518 0.88171
541400 -16231.7 -20059 296.37 176.304 0.881672
541500 -16167.5 -20038.7 299.772 -90.2168 0.88034
541600 -16096.7 -19978.3 300.577 61.0166 0.879351
541700 -16097.4 -19982.7 300.867 -21.2512 0.877793
541800 -16199.9 -20049.1 298.064 -89.7632 0.876286
541900 -16284.5 -20130.2 297.799 -350.779 0.875949
542000 -16294.7 -20076 292.804 -12.5314 0.878445
542100 -16218.8 -20105.7 300.984 43.3997 0.881951
542200 -16206.6 -20092.7 300.927 84.6384 0.885069
542300 -16242.8 -20083.1 297.382 143.846 0.887588
542400 -16258.9 -20125.5 299.417 295.734 0.888592
542500 -16272.7 -20090.3 295.614 -19.254 0.886991
542600 -16249.9 -20115.2 299.321 195.384 0.884921
542700 -16201.1 -20057.1 298.596 -16.2788 0.881481
542800 -16093.1 -20006.1 303.009 -15.0408 0.877632
542900 -16104 -19983.2 300.394 -314.568 0.874327
543000 -16173 -19997.1 296.123 -356.102 0.874211
543100 -16222 -20058.4 297.073 50.5402 0.877486
543200 -16294.6 -20163.9 299.623 47.4638 0.880433
543300 -16415.5 -20211.4 293.935 177.194 0.882178
543400 -16393 -20183.3 293.505 70.834 0.882387
543500 -16295.9 -20129.3 296.847 75.8806 0.881827
543600 -16224.6 -20057.3 296.79 -16.2994 0.880896
543700 -16172.1 -20034.3 299.079 -182.6 0.880119
543800 -16149.9 -20006.8 298.667 -57.4433 0.880876
543900 -16180.8 -20057.5 300.193 166.215 0.882175
544000 -16297.2 -20110.8 295.308 111.137 0.881898
544100 -16328.1 -20164.7 297.097 77.0126 0.88078
544200 -16306.4 -20123.8 295.606 130.058 0.87856
544300 -16214.1 -20114.9 302.069 -88.3312 0.875717
544400 -16186.1 -20042.5 298.623 -146.531 0.873978
544500 -16188.8 -20049.2 298.936 -142.414 0.87388
544600 -16219 -20077.2 298.758 76.4976 0.87485
544700 -16281.8 -20084.6 294.474 -194.057 0.875252
544800 -16273.2 -20108.3 296.97 -152.705 0.877013
544900 -16209.6 -20062.3 298.338 53.3742 0.879612
545000 -16151.3 -20052.9 302.123 216.566 0.881258
545100 -16195.4 -20044.9 298.088 84.7291 0.880913
545200 -16316 -20138.9 296.031 -181.587 0.879752
545300 -16346.1 -20138.6 293.68 76.4755 0.879705
545400 -16279.3 -20070.7 293.596 -157.291 0.879807
545500 -16207.7 -20044.4 297.1 89.2294 0.880907
545600 -16162 -19985.3 296.061 -13.5219 0.881792
545700 -16104.5 -19998.8 301.559 290.736 0.881851
545800 -16134.5 -20006.4 299.831 -101.03 0.879941
545900 -16230.7 -20036.9 294.733 111.168 0.878457
546000 -16303.1 -20119.3 295.513 -160.813 0.876506
546100 -16395.3 -20158.4 291.398 -394.518 0.876151
546200 -16442.6 -20221.8 292.651 94.7675 0.878991
546300 -16356.9 -20177.6 295.861 62.5488 0.881347
546400 -16275.6 -20119.3 297.647 25.7023 0.882764
546500 -16227.6 -20054.4 296.332 199.646 0.883708
546600 -16172.7 -20059.2 300.954 101.636 0.883041
546700 -16176.3 -20025.9 298.098 95.9722 0.88117
546800 -16270.1 -20087.2 295.583 -153.583 0.878751
546900 -16348.7 -20161.5 295.249 52.8605 0.877532
547000 -16345.9 -20176 296.59 -140.193 0.876408
547100 -16281.9 -20125.7 297.653 -158.168 0.876414
547200 -16187.8 -20061.1 299.935 -65.0604 0.877754
547300 -16185.1 -20072.9 301.054 -233.807 0.880115
547400 -16235 -20093.3 298.775 110.37 0.884393
547500 -16276.2 -20130.6 298.472 413.489 0.88708
547600 -16292.7 -20130.3 297.169 8.9112 0.886251
547700 -16282.1 -20117.9 297.027 216.562 0.884713
547800 -16262.7 -20110.9 297.99 232.284 0.881575
547900 -16184 -20043.2 298.841 63.8486 0.876835
548000 -16089.4 -19989.5 302.011 -84.3246 0.872187
548100 -16118.8 -20003.3 300.799 -240.997 0.869447
548200 -16191.9 -20044.3 298.32 -215.145 0.86935
548300 -16235.4 -20082.5 297.906 -86.4194 0.871225
548400 -16241.4 -20091.8 298.161 39.5696 0.873593
548500 -16259.5 -20123.9 299.244 223.796 0.874949
548600 -16323.3 -20110.4 293.261 78.3202 0.87424
548700 -16409.5 -20189.6 292.715 -16.7853 0.872957
548800 -16418.3 -20205.8 293.295 -224.814 0.872284
548900 -16322.8 -20166.6 297.644 3.35866 0.873205
549000 -16267.9 -20083.1 295.435 91.1863 0.874253
549100 -16218.9 -20083.6 299.269 -53.727 0.874646
549200 -16216.5 -20099.8 300.711 50.5231 0.875242
549300 -16283.6 -20110.8 296.362 -74.7811 0.875707
549400 -16387.6 -20151.3 291.443 -66.0279 0.876658
549500 -16481.3 -20238.2 290.919 111.384 0.878033
549600 -16470.2 -20247.6 292.513 13.6108 0.878617
549700 -16341.2 -20147.5 294.743 124.962 0.878884
549800 -16238.5 -20055.5 295.575 50.6761 0.878236
549900 -16168.7 -20046.8 300.305 72.9286 0.876904
550000 -16161.9 -20006.3 297.693 91.5432 0.874483
550100 -16133.1 -19949.2 295.509 -315.429 0.871711
550200 -16038.9 -19920.8 300.593 242.588 0.871065
550300 -16027.5 -19932.7 302.407 112.922 0.868907
550400 -16100.3 -19964.6 299.238 -232.323 0.865398
550500 -16150.4 -19978.4 296.431 -277.153 0.863995
550600 -16153 -20008.8 298.582 -143.16 0.865469
550700 -16164.3 -20033.4 299.612 258.096 0.868061
550800 -16229.6 -20063 296.844 54.3517 0.868707
550900 -16284.6 -20073.7 293.413 -291.193 0.868947
551000 -16244.4 -20083.8 297.31 316.421 0.871073
551100 -16182 -20042.2 298.918 102.915 0.871105
551200 -16039.4 -19937.9 301.886 32.1735 0.869668
551300 -16021.3 -19931.5 302.79 -121.234 0.868116
551400 -16110.1 -19980.2 299.689 -261.341 0.867618
551500 -16178.7 -20019.5 297.418 -76.2283 0.869432
551600 -16205.3 -20019.7 295.376 -81.0033 0.872473
551700 -16165.5 -20010 297.701 -23.2965 0.87644
551800 -16069.9 -19984.6 303.139 398.16 0.880241
551900 -16095.1 -19971.1 300.141 208.695 0.880784
552000 -16146.4 -20004.5 298.751 232.908 0.878659
552100 -16161.6 -19998.9 297.146 -68.807 0.874913
552200 -16158 -20030.9 299.898 -57.982 0.871691
552300 -16189.4 -20005 295.468 -172.741 0.869364
552400 -16233.6 -20082.9 298.07 -86.8016 0.868933
552500 -16314.7 -20087.3 292.132 58.9941 0.869193
552600 -16281.4 -20064.3 292.932 -86.3908 0.869305
552700 -16185 -20001.8 295.559 -63.6124 0.870224
552800 -16118.2 -19986.4 299.54 296.68 0.87091
552900 -16099.5 -19936.7 297.143 33.7434 0.869373
553000 -16076.4 -19956.9 300.497 -88.4901 0.867666
553100 -16052.8 -19894.1 297.455 11.9376 0.866633
553200 -15997.7 -19885.9 301.09 -119.789 0.865901
553300 -16001 -19903 302.158 21.2128 0.866233
553400 -16104.8 -19956.7 298.278 31.2702 0.866292
553500 -16159.3 -19973.7 295.378 -53.7597 0.866153
553600 -16129.3 -19977.8 298.017 -134.442 0.866808
553700 -16092.8 -19960.1 299.469 115.851 0.8682
553800 -16098.1 -19947.6 298.091 -3.93611 0.868915
553900 -16132.7 -19968.5 297.035 -60.7555 0.869371
554000 -16174.7 -20001.8 296.354 -81.2193 0.870523
554100 -16199.1 -20064.3 299.31 178.055 0.872154
554200 -16258.6 -20067.8 294.967 190.853 0.871973
554300 -16272.2 -20064 293.627 -208.876 0.870593
554400 -16171.5 -20040.6 299.607 71.4231 0.870697
554500 -16120.4 -20005.5 300.851 85.8074 0.870345
554600 -16139.6 -19989.1 298.089 -130.919 0.869386
554700 -16184.3 -20003.7 295.758 11.1661 0.869205
554800 -16265.1 -20037 292.083 -85.4086 0.869258
554900 -16259.8 -20097 297.137 -56.5131 0.87008
555000 -16178.2 -20063.7 300.877 -50.4572 0.87167
555100 -16129.1 -20043.5 303.118 373.531 0.872991
555200 -16206.1 -20021.5 295.445 -57.3718 0.871529
555300 -16266.8 -20067.5 294.311 -183.484 0.870151
555400 -16253.9 -20109.4 298.55 -268.694 0.870879
555500 -16257.6 -20113.4 298.584 111.97 0.874006
555600 -16269.9 -20116.6 297.871 362.043 0.876051
555700 -16281.3 -20116.8 297.003 102.688 0.874789
555800 -16285.7 -20091.8 294.723 -155.441 0.87256
555900 -16207.9 -20082.8 300.054 73.9839 0.871345
556000 -16169.6 -20055.9 300.942 33.1044 0.869898
556100 -16210.6 -20045.2 296.935 38.891 0.868234
556200 -16290.3 -20065.4 292.327 -183.827 0.866607
556300 -16276.2 -20057 292.77 -257.793 0.866578
556400 -16166.7 -20056.1 301.182 38.3883 0.868604
556500 -16162.6 -20007.7 297.755 109.18 0.870373
556600 -16182 -20014.6 296.78 -53.7987 0.871368
556700 -16186.1 -20004.7 295.7 -14.9348 0.872647
556800 -16111.5 -20008 301.728 321.472 0.873616
556900 -16093.9 -20007.6 303.063 195.734 0.871847
557000 -16190.2 -20060.8 299.727 -126.287 0.868464
557100 -16246.3 -20078.1 296.723 -147.432 0.866277
557200 -16244.7 -20063.5 295.718 -394.414 0.866224
557300 -16173.6 -20011.4 297.185 -24.6013 0.869239
557400 -16124.1 -20018.7 301.584 148.378 0.87256
557500 -16151.2 -20047.4 301.712 89.4599 0.874108
557600 -16211.5 -20078.2 299.42 148.059 0.874107
557700 -16243.1 -20051.1 294.877 -104.057 0.87322
557800 -16203.1 -20055.2 298.294 178.91 0.873047
557900 -16163.5 -20064.5 302.079 -41.1854 0.871775
558000 -16239.5 -20080.2 297.41 -36.8057 0.870474
558100 -16312.6 -20106 293.748 42.8232 0.869502
558200 -16266.5 -20076.4 295.027 -195.496 0.868928
558300 -16166.8 -20001.1 296.908 64.0428 0.869707
558400 -16123.2 -19989.2 299.368 49.2212 0.869989
558500 -16121 -19986.7 299.349 -191.175 0.869852
558600 -16151.7 -19968.3 295.537 66.1213 0.871132
558700 -16213.7 -20037.4 296.095 178.696 0.872092
558800 -16268.6 -20061.2 293.68 -199.216 0.871718
558900 -16219.3 -20053.2 296.885 2.79214 0.872663
559000 -16132.9 -20034.4 302.119 81.2984 0.873843
559100 -16146.3 -20019.4 299.912 117.809 0.874255
559200 -16181.2 -20020.6 297.307 9.0619 0.873705
559300 -16180.7 -20020.4 297.333 113.568 0.872712
559400 -16173.7 -20029 298.542 147.955 0.870671
559500 -16183.5 -20027.3 297.654 -316.162 0.867744
559600 -16213 -20030.8 295.636 -45.9429 0.867266
559700 -16216.9 -20022.1 294.658 -162.709 0.867783
559800 -16147.6 -20033.2 300.887 25.7527 0.869391
559900 -16141.1 -20030.2 301.159 -45.6822 0.871302
560000 -16211.2 -20046.6 297.002 -13.9463 0.87351
560100 -16264.4 -20087.8 296.067 22.6986 0.875718
560200 -16296.2 -20072.6 292.431 28.4506 0.877756
560300 -16239.1 -20090.7 298.255 322.641 0.879157
560400 -16163.6 -20032.1 299.565 -48.6995 0.878082
560500 -16121.2 -19991.8 299.73 -150.408 0.877083
560600 -16137.6 -20021.7 300.769 -63.8283 0.877693
560700 -16250 -20092.1 297.521 198.245 0.878545
560800 -16295.5 -20122.7 296.362 -53.8753 0.878012
560900 -16273.5 -20079.7 294.735 133.047 0.877557
561000 -16182.5 -20032.3 298.115 165.211 0.875763
561100 -16157.7 -20035.1 300.256 -139.179 0.872631
561200 -16179 -20012.8 296.878 -346.494 0.870728
561300 -16166 -20006.7 297.406 -247.399 0.8723
561400 -16079.5 -19987.4 302.616 340.577 0.875794
561500 -16045.8 -19951.6 302.451 288.325 0.876489
561600 -16158 -20013.8 298.577 -335.778 0.874937
561700 -16219 -20018 294.181 -229.551 0.875874
561800 -16171.8 -20017.2 297.769 -14.1653 0.879194
561900 -16128.1 -20013.6 300.875 196.788 0.88269
562000 -16165.6 -20028.6 299.135 137.938 0.88416
562100 -16288.6 -20099.3 295.086 106.91 0.884017
562200 -16309.5 -20147.3 297.184 -13.2774 0.88291
562300 -16299.8 -20155.9 298.603 -50.1881 0.881875
562400 -16294.5 -20115.7 295.903 -3.02271 0.881553
562500 -16203.3 -20082.6 300.399 218.909 0.880862
562600 -16165.8 -20073.4 302.588 -163.218 0.878922
562700 -16239.6 -20107.4 299.506 203.819 0.877786
562800 -16302.2 -20122.3 295.814 -32.4492 0.875172
562900 -16285.5 -20107.2 295.939 -239.427 0.873075
563000 -16239.2 -20082.1 297.584 50.1267 0.872991
563100 -16199.5 -20034.7 296.98 -145.033 0.872704
563200 -16145.2 -19999.5 298.463 -49.0628 0.87353
563300 -16113.3 -19995.5 300.623 -15.5194 0.875328
563400 -16223.3 -20059.1 297.029 204.77 0.876856
563500 -16324.2 -20143.4 295.742 64.1319 0.876478
563600 -16325.2 -20132.3 294.81 25.1624 0.875297
563700 -16253.8 -20094.5 297.403 -259.474 0.874299
563800 -16181.3 -20071 301.198 60.6373 0.875453
563900 -16192.3 -20058 299.346 342.13 0.876125
564000 -16267.8 -20083.4 295.464 -41.5088 0.87401
564100 -16371 -20141.5 291.977 -75.2052 0.871864
564200 -16384.4 -20147.2 291.384 38.4014 0.870477
564300 -16264.3 -20144.8 300.493 102.461 0.868721
564400 -16234.2 -20040.9 294.774 -163.172 0.866414
564500 -16163 -20040.9 300.289 -43.4499 0.86532
564600 -16152.6 -20037.9 300.86 46.8297 0.864624
564700 -16229.2 -20047.3 295.662 -274.774 0.863957
564800 -16289.9 -20084 293.795 -118.047 0.865698
564900 -16232.8 -20093.6 298.964 104.132 0.868642
565000 -16095.2 -19978.5 300.708 87.9117 0.870641
565100 -16083.8 -19948.5 299.267 131.149 0.871543
565200 -16123.1 -19985.3 299.077 -143.514 0.871581
565300 -16210.7 -20055.6 297.729 -5.09387 0.872255
565400 -16261.3 -20062.8 294.378 -148.364 0.87349
565500 -16242.2 -20112.1 299.671 11.0278 0.876032
565600 -16255.4 -20103.2 297.955 366.485 0.877872
565700 -16267.6 -20109.3 297.492 130.712 0.876689
565800 -16235.3 -20065.7 296.612 -120.55 0.874307
565900 -16099 -20006.9 302.613 214.037 0.872629
566000 -16097.8 -19988.8 301.301 2.1088 0.869702
566100 -16167.2 -19977.6 295.063 -86.9543 0.866795
566200 -16166.2 -19991.9 296.25 -400.747 0.865653
566300 -16087.1 -19970.2 300.696 90.6698 0.867403
566400 -15974.2 -19903.7 304.285 123.134 0.868473
566500 -15976.6 -19868.5 301.374 -63.2427 0.868572
566600 -16015.6 -19905.7 301.239 156.795 0.86869
566700 -16085.2 -19966.1 300.52 -206.266 0.868075
566800 -16146.3 -19971.4 296.195 78.061 0.868774
566900 -16165.5 -20003.5 297.203 47.4952 0.869079
567000 -16181 -20028.2 297.918 54.8123 0.868764
567100 -16195.1 -20017 295.958 -247.438 0.868333
567200 -16162.8 -19985.5 296.012 16.896 0.869649
567300 -16083.4 -19983.4 301.999 125.075 0.87089
567400 -16110.3 -20001.8 301.341 33.7765 0.871079
567500 -16182.1 -19997.9 295.481 -143.45 0.871075
567600 -16182.1 -20036.5 298.47 17.4756 0.871983
567700 -16202.4 -20098.2 301.676 -72.0502 0.873193
567800 -16270.8 -20099.7 296.49 -67.1317 0.874725
567900 -16277.2 -20072 293.854 45.9273 0.876639
568000 -16231.2 -20096.8 299.335 -74.5721 0.878607
568100 -16223.7 -20086.6 299.121 123.219 0.880891
568200 -16262.7 -20099.9 297.134 2.53199 0.882049
568300 -16348.3 -20148.8 294.296 233.544 0.882583
568400 -16403.7 -20193.5 293.467 282.696 0.881146
568500 -16342.7 -20172.2 296.54 -101.888 0.877631
568600 -16234.2 -20075.9 297.486 69.1338 0.874706
568700 -16195.8 -20044.3 298.009 -105.69 0.871875
568800 -16168.8 -20022.7 298.434 -198.865 0.870401
568900 -16115.6 -19969 298.398 24.3012 0.870768
569000 -16029.2 -19946.1 303.305 -28.3066 0.871162
569100 -16057.6 -19938.2 300.495 -55.9524 0.871597
569200 -16164.9 -20005.7 297.41 85.3759 0.872179
569300 -16203.1 -20035.5 296.764 104.596 0.872063
569400 -16186.6 -20029.3 297.571 206.622 0.870955
569500 -16176.2 -20057.4 300.541 -98.0739 0.868543
569600 -16245.5 -20051.7 294.739 15.7488 0.867037
569700 -16322.9 -20105.6 292.918 -234.279 0.866178
569800 -16302.6 -20103.7 294.344 -13.8917 0.866937
569900 -16181.4 -20027.5 297.825 334.787 0.867571
570000 -16138.2 -19986.7 298.009 -71.5171 0.865935
570100 -16112.2 -19968.6 298.627 -293.383 0.864963
570200 -16089.9 -19961.2 299.777 53.3892 0.866378
570300 -16093.7 -19961.1 299.483 136.3 0.867424
570400 -16149.9 -19985 296.977 -85.9451 0.867267
570500 -16213.1 -20033.5 295.834 -46.4064 0.867835
570600 -16225 -20041.3 295.518 -16.8033 0.868682
570700 -16140 -20000.6 298.945 -131.483 0.870057
570800 -16061.5 -19957.6 301.696 -176.001 0.872826
570900 -16080.1 -19927.2 297.909 158.724 0.876739
571000 -16114.1 -19959.4 297.767 24.5671 0.879587
571100 -16200.5 -20017.2 295.554 348.303 0.881143
571200 -16269.4 -20051.1 292.837 -6.91234 0.880271
571300 -16209.7 -20029.1 295.756 -33.9575 0.879155
571400 -16131.8 -19979.9 297.982 61.6448 0.878073
571500 -16109 -19971.5 299.091 -206.904 0.876896
571600 -16109.7 -19936.3 296.317 95.3054 0.877129
571700 -16069.8 -19947.1 300.248 -48.1087 0.877129
571800 -15985.5 -19905 303.516 -153.63 0.877639
571900 -15970.2 -19875.8 302.438 64.0183 0.879351
572000 -16088.2 -19995 302.528 208.416 0.880484
572100 -16179.5 -20046.1 299.414 195.104 0.879607
572200 -16243.5 -20071.3 296.408 -65.094 0.87699
572300 -16265.6 -20084.9 295.754 -108.408 0.874769
572400 -16212.9 -20026.9 295.348 -64.0217 0.873673
572500 -16110 -19984 299.989 210.009 0.872686
572600 -16099.5 -19978 300.332 -163.585 0.870345
572700 -16140.5 -19978.9 297.226 99.556 0.868767
572800 -16187.9 -19984.2 293.971 -165.305 0.866908
572900 -16174.5 -20017 297.547 -103.424 0.866251
573000 -16108.1 -19966 298.739 -57.4687 0.866644
573100 -16049.1 -19923.5 300.015 -110.871 0.86792
573200 -16007 -19879.1 299.838 126.218 0.870231
573300 -15989.7 -19911.3 303.679 51.0112 0.871868
573400 -16106.9 -19955.9 298.046 -72.6479 0.873158
573500 -16170.8 -20007.2 297.078 13.6074 0.875477
573600 -16188.9 -20011.1 295.977 8.81474 0.87849
573700 -16152.6 -20027.4 300.049 321.601 0.881588
573800 -16117 -20027.8 302.838 309.079 0.882439
573900 -16209.9 -20073.2 299.159 28.5696 0.880119
574000 -16286.3 -20100.5 295.356 -11.598 0.876573
574100 -16265.3 -20082.7 295.603 62.7111 0.8723
574200 -16189.9 -20072.2 300.636 -348.374 0.867851
574300 -16173.2 -20041.1 299.514 -136.824 0.866175
574400 -16246.7 -20054.6 294.864 45.0745 0.865788
574500 -16342.2 -20145.7 294.528 -166.124 0.865533
574600 -16319.8 -20116.3 293.98 -68.2022 0.866465
574700 -16228.2 -20070.7 297.551 73.9147 0.867996
574800 -16190.8 -20053.3 299.098 -37.2725 0.869251
574900 -16202.6 -20047.8 297.756 133.547 0.870628
575000 -16206.4 -20045.9 297.316 68.7576 0.871005
575100 -16178.3 -20062.9 300.808 -87.3437 0.870844
575200 -16177.3 -20017.1 297.337 104.184 0.871149
575300 -16178.6 -20036.3 298.728 170.883 0.870724
575400 -16203.9 -20055.6 298.259 40.0115 0.868542
575500 -16260.4 -20068.9 294.91 -52.2803 0.865762
575600 -16272.5 -20049.8 292.5 -285.567 0.863589
575700 -16156.5 -20019.9 299.171 -175.582 0.863563
575800 -16133.7 -20005.4 299.811 -237.586 0.865981
575900 -16185.8 -20073.8 301.073 81.6888 0.870585
576000 -16272.3 -20089.8 295.607 57.5252 0.874875
576100 -16280.5 -20122.3 297.493 300.432 0.877956
576200 -16275.5 -20104.9 296.534 115.062 0.87853
576300 -16226.6 -20081.1 298.478 119.594 0.877752
576400 -16100.6 -19997 301.722 186.098 0.875743
576500 -16079.5 -19952 299.878 -112.445 0.872332
576600 -16121 -19973 298.284 -296.811 0.870024
576700 -16179.3 -20006.3 296.347 -94.6142 0.870459
576800 -16244.1 -20028 293.016 -0.607752 0.871878
576900 -16321 -20104.9 293.015 -45.9474 0.873262
577000 -16295.5 -20102.2 294.779 -130.932 0.875147
577100 -16188.7 -20014.6 296.258 -16.6999 0.878022
577200 -16129.5 -20009.3 300.44 133.776 0.880851
577300 -16166.7 -20060.5 301.522 31.8435 0.881935
577400 -16231.3 -20063.7 296.768 -110.841 0.882741
577500 -16254.2 -20127.6 299.943 404.97 0.883533
577600 -16286 -20071.8 293.161 230.647 0.881103
577700 -16220.5 -20098.7 300.307 102.915 0.877355
577800 -16088.5 -20039 305.905 61.8498 0.873829
577900 -16055.2 -19945.1 301.219 -187.339 0.87074
578000 -16076 -19927.4 298.236 -130.928 0.869872
578100 -16111.9 -20015.5 302.28 219.035 0.870209
578200 -16195.1 -20042.8 297.956 -155.641 0.869133
578300 -16241.2 -20060.6 295.765 -260.164 0.869253
578400 -16223.5 -20061.3 297.186 -26.309 0.871751
578500 -16171.3 -20045.3 299.991 135.989 0.87442
578600 -16080.1 -20003.3 303.798 118.478 0.875694
578700 -16034.7 -19936 302.103 45.4604 0.875681
578800 -16107.5 -19967.1 298.872 85.4352 0.875064
578900 -16194.7 -20078.8 300.766 -180.981 0.873927
579000 -16244.8 -20087.4 297.552 -208.142 0.874257
579100 -16250.2 -20096.5 297.842 186.461 0.876387
579200 -16269.8 -20122.3 298.32 223.979 0.877098
579300 -16323.3 -20075.7 290.567 82.1322 0.875539
579400 -16233.8 -20090.8 298.668 -171.672 0.873391
579500 -16167.9 -20041.6 299.96 -74.7951 0.872496
579600 -16173.7 -20018.6 297.735 -183.516 0.87267
579700 -16185.9 -20032.1 297.832 -30.0035 0.874571
579800 -16194.1 -20071.5 300.245 16.7282 0.876876
579900 -16262.7 -20099.4 297.101 4.89903 0.878995
580000 -16337.1 -20177.2 297.362 143.453 0.880945
580100 -16382.7 -20185 294.437 63.0361 0.881547
580200 -16329.1 -20170.2 297.44 -66.7821 0.881747
580300 -16242.4 -20155.7 303.035 88.5522 0.882282
580400 -16260.8 -20101.9 297.439 -99.6782 0.882248
580500 -16253.1 -20059.2 294.724 -39.0215 0.882901
580600 -16182.6 -20065.9 300.703 175.7 0.883701
580700 -16167.1 -20054.5 301.026 56.5164 0.883384
580800 -16205.6 -20097.7 301.384 17.7905 0.882276
580900 -16260.5 -20109.1 298.019 -117.963 0.880966
581000 -16286.1 -20097.9 295.168 -14.944 0.880532
581100 -16234.3 -20101 299.425 69.9745 0.880181
581200 -16155.5 -20072.7 303.333 -1.7353 0.879201
581300 -16178.8 -20025.9 297.905 -46.5354 0.878357
581400 -16296.7 -20180.1 300.713 68.5938 0.877723
581500 -16378.6 -20181.7 294.502 35.2177 0.876246
581600 -16348.2 -20163 295.406 -198.534 0.874488
581700 -16262.2 -20121.2 298.827 -274.912 0.874479
581800 -16216.5 -20065.6 298.061 -112.445 0.877176
581900 -16217.6 -20106.2 301.117 438.713 0.881174
582000 -16256.1 -20087.4 296.681 -77.4493 0.882344
582100 -16261.5 -20115.8 298.462 69.903 0.883273
582200 -16267.8 -20126.1 298.769 154.835 0.884049
582300 -16290 -20133.9 297.656 232.546 0.883201
582400 -16325.3 -20149.7 296.149 -159.702 0.880331
582500 -16362.6 -20160.2 294.069 -72.8877 0.878273
582600 -16348.6 -20159.2 295.079 375.983 0.876313
582700 -16251.9 -20093.5 297.475 -2.02906 0.871011
582800 -16184.3 -20022.7 297.23 -490.065 0.865821
582900 -16140.8 -20018.6 300.281 -131.645 0.864851
583000 -16151.1 -20003.3 298.301 -17.9404 0.865392
583100 -16242 -20052.6 295.079 -321.241 0.866826
583200 -16324.3 -20139.4 295.431 -10.3706 0.870808
583300 -16324.2 -20145.4 295.899 219.787 0.874756
583400 -16236 -20113.9 300.287 429.283 0.875991
583500 -16178.8 -20078.1 301.951 -178.461 0.874013
583600 -16197 -20049.9 298.351 -247.763 0.873474
583700 -16224.8 -20115.3 301.26 33.3017 0.875012
583800 -16281.6 -20130.7 298.062 -29.665 0.876354
583900 -16335.6 -20161.6 296.269 25.4606 0.877677
584000 -16367.9 -20174.1 294.739 250.436 0.878694
584100 -16316.3 -20153.8 297.16 189.87 0.877574
584200 -16211.1 -20064.9 298.421 -65.5018 0.874539
584300 -16166.8 -20026.8 298.909 -130.283 0.872335
584400 -16145.3 -19988.5 297.605 -2.52775 0.871391
584500 -16095.6 -20012.8 303.337 -200.184 0.870938
584600 -16099.4 -19960.5 298.985 -100.795 0.872114
584700 -16154.6 -19947.1 293.678 257.527 0.873915
584800 -16144.8 -20009.2 299.249 -13.3447 0.873917
584900 -16100.5 -19958.2 298.728 125.358 0.873362
585000 -16034.1 -19911.4 300.242 123.05 0.871755
585100 -15977.5 -19864.5 300.995 -262.787 0.869518
585200 -15963.8 -19846.8 300.69 -0.623315 0.869303
585300 -16047.1 -19916.5 299.631 -159.562 0.869885
585400 -16147.9 -19997.2 298.075 -131.55 0.871564
585500 -16192.1 -20024.7 296.785 136.873 0.873636
585600 -16205.6 -20050 297.695 -79.5774 0.874757
585700 -16200 -20039.4 297.308 24.0019 0.875765
585800 -16152.3 -20001.6 298.072 100.136 0.876121
585900 -16076.8 -19949.1 299.858 79.0166 0.875787
586000 -16056.8 -19955.7 301.914 283.222 0.874568
586100 -16151.7 -19998 297.846 -113.706 0.871573
586200 -16202.6 -20000.5 294.094 -127.072 0.869651
586300 -16158 -19975.3 295.599 -98.5071 0.869316
586400 -16084.6 -19944 298.858 150.717 0.869481
586500 -16058 -19889.7 296.712 78.5488 0.868643
586600 -16036.9 -19901.9 299.292 -25.4519 0.867251
586700 -16045.6 -19901.9 298.623 -103.544 0.866288
586800 -16067.3 -19898.7 296.685 -163.807 0.866385
586900 -16076.1 -19947.9 299.819 -142.821 0.868047
587000 -16129.9 -19969.6 297.333 287.662 0.870483
587100 -16177.3 -19994.1 295.561 -64.7422 0.870786
587200 -16154.7 -19992.4 297.178 -237.108 0.87151
587300 -16089.2 -19953.5 299.242 207.171 0.873772
587400 -16035.6 -19910 300.02 -4.9311 0.87488
587500 -16004.9 -19902.2 301.793 82.8317 0.875667
587600 -16035.7 -19911.1 300.095 14.6542 0.875659
587700 -16131.3 -19958.3 296.351 6.07269 0.875468
587800 -16178 -20021.7 297.641 -118.55 0.875363
587900 -16209.3 -20073.7 299.239 -20.527 0.876016
588000 -16299.9 -20120.8 295.877 13.9195 0.877159
588100 -16370.8 -20176.5 294.702 -67.2617 0.878434
588200 -16347.6 -20184.7 297.134 181.705 0.879866
588300 -16290.9 -20106.8 295.488 84.4513 0.880087
588400 -16214.7 -20072.2 298.712 57.4369 0.879262
588500 -16198 -20024 296.27 7.97587 0.877777
588600 -16160.6 -20018.4 298.738 1.15017 0.876208
588700 -16117.9 -19983.5 299.337 17.1672 0.874289
588800 -16096.7 -19981.9 300.855 70.7151 0.871896
588900 -16150.3 -19984.2 296.879 -324.374 0.869313
589000 -16212.3 -20021.3 294.96 -399.344 0.869793
589100 -16192.2 -20021.7 296.541 62.9402 0.873719
589200 -16113.4 -20068.4 306.26 230.164 0.877545
589300 -16180.9 -20049.6 299.577 158.527 0.879656
589400 -16253.6 -20111.3 298.732 204.403 0.879959
589500 -16274.9 -20100.3 296.223 -120.194 0.878254
589600 -16268.4 -20144.7 300.173 -218.921 0.877582
589700 -16307.5 -20141.6 296.9 -115.734 0.879258
589800 -16383 -20180.4 294.055 15.6554 0.882085
589900 -16373.2 -20171.6 294.133 279.019 0.885114
590000 -16267.5 -20142 300.027 395.766 0.885705
590100 -16235 -20051.5 295.531 -91.4017 0.882552
590200 -16177.9 -20024.8 297.891 -172.045 0.879459
590300 -16139.9 -20003 299.147 -49.0083 0.877913
590400 -16135.1 -19970.9 297.024 -92.2062 0.876952
590500 -16133.6 -20029.2 301.658 -149.232 0.876789
590600 -16211.3 -20061 298.107 -270.017 0.878252
590700 -16261.7 -20056 293.821 7.72494 0.882551
590800 -16233.7 -20108.8 300.069 344.176 0.887527
590900 -16260.1 -20144.4 300.785 406.223 0.889433
591000 -16340 -20145.1 294.656 9.24261 0.887787
591100 -16334.2 -20155.9 295.941 -129.7 0.885403
591200 -16253.3 -20113.4 298.906 172.518 0.883612
591300 -16211.9 -20101.4 301.191 -50.0889 0.880798
591400 -16239.5 -20093.8 298.463 -59.2319 0.877866
591500 -16341.7 -20078.9 289.395 -192.026 0.875562
591600 -16407.8 -20164 290.862 -180.303 0.875129
591700 -16298.8 -20116.7 295.646 330.655 0.875904
591800 -16220.9 -20057.3 297.081 -122.859 0.874419
591900 -16174.7 -20037.2 299.098 0.977837 0.873215
592000 -16157.2 -20028.9 299.805 23.0675 0.872191
592100 -16192.9 -20020.9 296.419 -136.252 0.870882
592200 -16230.5 -20018 293.285 -145.867 0.870438
592300 -16175.7 -20039.8 299.223 -20.4558 0.871657
592400 -16095.7 -19954.8 298.837 56.2103 0.873636
592500 -16063.3 -19977.1 303.063 85.1183 0.875278
592600 -16162.2 -19977.6 295.449 -13.6404 0.876408
592700 -16218.6 -20035.7 295.584 277.024 0.877497
592800 -16196 -20046.7 298.181 176.402 0.876178
592900 -16194.3 -20086.5 301.393 -2.59216 0.872837
593000 -16288.2 -20094.6 294.747 -173.256 0.869369
593100 -16331.5 -20154.5 296.045 -201.416 0.867098
593200 -16314.8 -20121.6 294.784 -144.797 0.866657
593300 -16273.8 -20092.2 295.684 -329.495 0.867945
593400 -16226.4 -20047.2 295.868 194.802 0.872008
593500 -16170.9 -20044 299.914 115.256 0.874959
593600 -16150 -20018.5 299.564 121.819 0.876453
593700 -16193.6 -20056 299.085 92.6988 0.876996
593800 -16291 -20106.7 295.469 -148.738 0.876713
593900 -16299.9 -20092.7 293.706 -51.645 0.877392
594000 -16213.3 -20074.1 298.967 204.148 0.878584
594100 -16167.9 -20033.9 299.371 342.474 0.877748
594200 -16163.6 -19988.1 296.159 -137.929 0.874085
594300 -16140.7 -20005.3 299.266 -239.853 0.871525
594400 -16118.2 -19961.4 297.602 0.0779569 0.871016
594500 -16041.1 -19939.7 301.898 -140.913 0.871041
594600 -16025.1 -19945 303.538 62.8392 0.871895
594700 -16126 -19978.2 298.3 -101.462 0.872766
594800 -16181.7 -20011.3 296.55 88.3498 0.874319
594900 -16178.7 -20041.2 299.1 -21.4526 0.875401
595000 -16195.8 -20044.2 298 -106.299 0.876642
595100 -16277.4 -20081.1 294.542 130.115 0.878678
595200 -16330.5 -20141.1 295.074 240.521 0.879504
595300 -16299.8 -20110.4 295.077 -44.274 0.878374
595400 -16187.2 -20057.5 299.704 68.7273 0.876927
595500 -16141 -19970.2 296.52 -86.3766 0.875237
595600 -16111.1 -20048.7 304.916 25.5488 0.873649
595700 -16193.1 -20036.7 297.627 -158.896 0.87203
595800 -16221.7 -20063.4 297.487 -324.724 0.872351
595900 -16208.4 -20052.6 297.682 -26.2018 0.875594
596000 -16176.5 -20040.1 299.183 316.253 0.879611
596100 -16145.6 -20065.1 303.508 330 0.881003
596200 -16223.8 -20054.1 296.599 -123.769 0.879634
596300 -16275.7 -20074.1 294.131 -185.619 0.878785
596400 -16231.3 -20082 298.183 -31.9214 0.879767
596500 -16154.8 -20049.9 301.62 198.638 0.881673
596600 -16109.5 -20027.5 303.398 198.206 0.881928
596700 -16140.8 -20000.9 298.908 30.1406 0.879984
596800 -16226.6 -20059.7 296.828 -264.374 0.877565
596900 -16268.3 -20089.1 295.863 144.092 0.876462
597000 -16227.6 -20022 293.819 -186.413 0.874641
597100 -16121 -19991 299.676 -117.49 0.87399
597200 -16103.2 -19965.6 299.083 -265.312 0.874721
597300 -16128.6 -20005.3 300.196 16.5653 0.877794
597400 -16229.8 -20084.4 298.486 -35.2618 0.881737
597500 -16289.1 -20148.1 298.829 240.25 0.885466
597600 -16321.2 -20153.7 296.773 12.1191 0.887377
597700 -16329.6 -20144.5 295.415 143.595 0.888819
597800 -16245 -20117.1 299.84 141.445 0.889198
597900 -16167.4 -20085.8 303.423 249.969 0.887877
598000 -16212.9 -20087.8 300.056 75.6007 0.884334
598100 -16265.1 -20090.7 296.244 -62.8738 0.880007
598200 -16264.5 -20103.4 297.266 -6.66005 0.876431
598300 -16236.7 -20064 296.376 -189.924 0.873399
598400 -16173.2 -20038 299.276 -149.41 0.871957
598500 -16142.6 -19994 298.236 -38.8445 0.872093
598600 -16144.3 -19982.6 297.227 -181.904 0.87316
598700 -16135.9 -20014.4 300.333 -104.174 0.875599
598800 -16179.7 -20059.8 300.461 191.818 0.878591
598900 -16287.3 -20154 299.429 128.867 0.87988
599000 -16340.9 -20160.8 295.801 -72.3216 0.879785
599100 -16311.3 -20117.2 294.717 80.9506 0.880118
599200 -16230.5 -20089 298.79 99.5247 0.880025
599300 -16213 -20094.8 300.588 174.012 0.878786
599400 -16243.5 -20100.2 298.647 -50.793 0.876255
599500 -16265.9 -20079.6 295.316 -96.2483 0.874079
599600 -16228.3 -20066.6 297.223 -32.5312 0.872938
599700 -16106.3 -20030.1 303.845 48.6983 0.872418
599800 -16042.5 -19936.7 301.551 181.483 0.87108
599900 -16072 -19959 300.991 -174.939 0.868575
600000 -16142 -19981.8 297.34 -318.56 0.868076
600100 -16188.9 -20029.3 297.385 -93.3654 0.870302
600200 -16191.5 -20015.4 296.107 -74.6016 0.873341
600300 -16094.3 -20003 302.678 174.968 0.876512
600400 -16063.4 -20007.7 305.431 287.598 0.877803
600500 -16163.6 -20043.2 300.422 204.073 0.876262
600600 -16214.3 -20076.8 299.097 -172.505 0.873404
600700 -16247.9 -20065.9 295.65 40.9716 0.872195
600800 -16254 -20132.1 300.305 4.41902 0.871096
600900 -16307 -20107.7 294.312 -133.956 0.870162
601000 -16324.5 -20084.7 291.179 -122.001 0.870626
601100 -16208.3 -20062 298.417 -134.789 0.87213
601200 -16172.1 -20050.6 300.331 127.567 0.874288
601300 -16213 -20038.5 296.236 -22.0661 0.875544
601400 -16231.9 -20058.2 296.292 27.068 0.876673
601500 -16204.3 -20064.3 298.907 149.508 0.877245
601600 -16140.4 -19987.9 297.939 17.3022 0.876501
601700 -16074.3 -19981 302.522 8.30444 0.875773
601800 -16126.1 -20024.3 301.861 -52.613 0.874887
601900 -16224.2 -20075.5 298.232 -10.5554 0.874381
602000 -16248.1 -20067.1 295.727 -195.169 0.874551
602100 -16217.7 -20090.4 299.892 124.76 0.875878
602200 -16200.8 -20082 300.54 122.377 0.876359
602300 -16286.9 -20126.1 297.292 104.188 0.875549
602400 -16349.2 -20140.3 293.565 77.1617 0.873699
602500 -16295.8 -20089.5 293.77 65.4898 0.871064
602600 -16208.6 -20045.5 297.111 -11.9227 0.86782
602700 -16157.3 -20000.5 297.599 -61.1782 0.86471
602800 -16138.5 -20020.7 300.624 -148.302 0.862326
602900 -16203.6 -20081.2 300.27 -452.961 0.861817
603000 -16304.2 -20105.3 294.339 -135.434 0.865309
603100 -16291.9 -20139.2 297.926 -11.6754 0.870384
603200 -16274.3 -20139.3 299.294 56.8224 0.875043
603300 -16300.2 -20177.2 300.221 310.921 0.878124
603400 -16395.6 -20147 290.491 -89.6105 0.878585
603500 -16356 -20155.5 294.22 -100.66 0.879373
603600 -16297.9 -20168.6 299.731 45.5013 0.880823
603700 -16306.5 -20153.5 297.893 -13.8064 0.882002
603800 -16322.1 -20143.1 295.88 51.8418 0.883272
603900 -16262.4 -20121.6 298.843 335.639 0.883534
604000 -16175.4 -20068.5 301.467 164.818 0.880818
604100 -16194.6 -20075.9 300.551 30.1556 0.876496
604200 -16280.7 -20123.9 297.601 -438.122 0.872845
604300 -16319.4 -20131.7 295.205 -151.003 0.873135
604400 -16287.5 -20096.6 294.967 59.4585 0.8751
604500 -16220.8 -20105.6 300.817 131.749 0.876185
604600 -16219 -20086.2 299.465 -105.691 0.876357
604700 -16270.8 -20095.1 296.137 74.4052 0.877001
604800 -16383.9 -20204.8 295.877 38.3964 0.877194
604900 -16451.9 -20225.5 292.212 0.149356 0.87703
605000 -16388.8 -20203.2 295.372 -1.23888 0.87673
605100 -16310.9 -20151.1 297.369 7.00406 0.876449
605200 -16286.5 -20160.3 299.972 122.011 0.875981
605300 -16312.9 -20144.6 296.717 -85.5425 0.874799
605400 -16302.2 -20107.8 294.69 -83.7832 0.874036
605500 -16181.7 -20083.3 302.118 -251.745 0.87437
605600 -16180.1 -20061 300.52 -33.7484 0.877007
605700 -16242.1 -20083.8 297.485 294.791 0.879863
605800 -16287.6 -20109.5 295.952 88.0019 0.880262
605900 -16301.2 -20127 296.255 165.762 0.879544
606000 -16255.4 -20101.5 297.823 45.804 0.877268
606100 -16180 -20037.9 298.735 -139.813 0.874401
606200 -16122.4 -19951.8 296.533 -239.116 0.873131
606300 -16047.5 -19940.5 301.461 -97.8848 0.873999
606400 -16059.8 -19964.1 302.334 40.0977 0.876067
606500 -16148.5 -20078.5 304.323 110.464 0.87767
606600 -16214.6 -20031.4 295.559 -193.019 0.878411
606700 -16210.1 -20072.2 299.064 -8.2234 0.880902
606800 -16236.7 -20138.6 302.145 387.884 0.883489
606900 -16325.8 -20138.2 295.219 93.6601 0.882676
607000 -16320.6 -20115.4 293.855 -126.653 0.880743
607100 -16231.1 -20036.6 294.686 54.7783 0.879735
607200 -16172.6 -20021.9 298.072 108.66 0.878383
607300 -16158.9 -20035.1 300.158 11.7873 0.875964
607400 -16201.6 -20038.1 297.081 -331.166 0.873428
607500 -16253 -20054.7 294.39 -291.496 0.873833
607600 -16222.7 -20086.6 299.204 -3.58854 0.877145
607700 -16153 -20043.6 301.274 88.4767 0.881004
607800 -16137.5 -20037.1 301.97 476.956 0.883769
607900 -16235.8 -20079.9 297.671 -27.399 0.882744
608000 -16281.8 -20094.8 295.269 100.662 0.881004
608100 -16253.1 -20081.8 296.481 39.2828 0.878694
608200 -16176.7 -20021.2 297.7 -178.254 0.8759
608300 -16102.8 -19963.6 298.969 -13.3905 0.874429
608400 -16096.9 -19978.1 300.545 120.957 0.873024
608500 -16137.7 -19997.8 298.909 -237.076 0.870886
608600 -16178.5 -19990.7 295.2 1.72001 0.870226
608700 -16144.1 -20003.5 298.857 6.30165 0.869668
608800 -16030.7 -19923.2 301.419 -108.923 0.869268
608900 -16005.9 -19902 301.704 -34.5421 0.869836
609000 -16069 -19923.4 298.472 138.851 0.870746
609100 -16115.9 -19955.9 297.355 -184.854 0.871133
609200 -16114.2 -19960 297.803 -37.9135 0.872761
609300 -16117.8 -19990.9 299.916 146.468 0.875111
609400 -16186.7 -20048 299.011 176.72 0.876585
609500 -16278 -20077.8 294.24 12.7479 0.876528
609600 -16266.3 -20104.5 297.218 -90.8187 0.875929
609700 -16248.7 -20116.6 299.515 -30.1411 0.876155
609800 -16258.9 -20077.5 295.702 115.326 0.876679
609900 -16221.6 -20080.9 298.844 -124.347 0.876666
610000 -16164.1 -20064.8 302.056 1.57246 0.87763
610100 -16196 -20047.1 298.209 -67.8455 0.878854
610200 -16262.2 -20059.5 294.049 30.5891 0.880737
610300 -16268.3 -20115.6 297.923 212.501 0.882478
610400 -16216.8 -20085.3 299.563 272.078 0.882368
610500 -16161.2 -20032.7 299.793 90.2395 0.879646
610600 -16151.7 -20055.1 302.266 -170.735 0.875542
610700 -16250.3 -20070.3 295.808 -122.126 0.872751
610800 -16274.7 -20057 292.881 -196.19 0.871641
610900 -16210.4 -20045.6 296.985 -2.99953 0.871971
611000 -16167.2 -20007.5 297.373 -80.3679 0.872386
611100 -16125.3 -19955.6 296.604 -214.344 0.874014
611200 -16086.5 -20005.1 303.44 111.161 0.877554
611300 -16142.8 -20018 300.078 207.158 0.880214
611400 -16183.7 -20071.3 301.039 185.137 0.881009
611500 -16241.4 -20059.7 295.675 -88.5779 0.880158
611600 -16260 -20087.5 296.386 -75.3979 0.879902
611700 -16200.8 -20058.1 298.693 251.901 0.880043
611800 -16117.6 -20010.5 301.451 60.336 0.878352
611900 -16123.4 -20032.9 302.733 45.5525 0.875443
612000 -16247.3 -20014.9 291.75 -317.28 0.87242
612100 -16218.9 -20036.5 295.626 -61.2601 0.872051
612200 -16146.7 -20020 299.932 115.66 0.872354
612300 -16124.5 -19981.7 298.694 -88.7089 0.871887
612400 -16163.7 -20056.1 301.407 182.977 0.871623
612500 -16273 -20053.7 292.761 15.6346 0.869751
612600 -16257.5 -20066 294.92 -44.3077 0.867345
612700 -16180.3 -20015.3 296.966 -228.508 0.865609
612800 -16124.9 -19966 297.441 -171.857 0.866117
612900 -16102.1 -19979.3 300.238 -4.21101 0.868074
613000 -16131.1 -20000 299.591 135.392 0.870383
613100 -16182.4 -20028.9 297.859 148.611 0.87199
613200 -16205.2 -20031.6 296.299 -14.5282 0.872483
613300 -16195 -20050 298.51 17.3053 0.87322
613400 -16201.1 -20048.8 297.951 138.017 0.873645
613500 -16214.5 -20047.1 296.788 -69.3504 0.872901
613600 -16171.9 -20011.8 297.353 -93.2021 0.872526
613700 -16087.6 -19975.7 301.083 37.4848 0.873108
613800 -16080.8 -19961.3 300.494 0.120388 0.873463
613900 -16162.6 -19987.2 296.165 85.8836 0.873752
614000 -16247.5 -20057.8 295.053 -188.614 0.873783
614100 -16245.4 -20084 297.246 145.367 0.87489
614200 -16232.9 -20053.2 295.825 119.507 0.875124
614300 -16204.4 -20085.3 300.524 76.666 0.874177
614400 -16234.8 -20091.6 298.657 -258.71 0.872895
614500 -16313.6 -20093.2 292.678 -61.3057 0.873392
614600 -16368.1 -20129.5 291.269 -11.3626 0.874921
614700 -16317.9 -20086 291.786 52.1943 0.8764
614800 -16187.3 -19997.4 295.043 -208.285 0.877847
614900 -16112.6 -19991.6 300.37 249.714 0.880788
615000 -16118.8 -20007.1 301.097 184.064 0.882273
615100 -16199.8 -20045.4 297.784 13.7781 0.881849
615200 -16259.3 -20081.7 295.994 -29.2624 0.880986
615300 -16258.5 -20100.2 297.485 108.197 0.880144
615400 -16229.2 -20104.1 300.057 -32.1079 0.878622
615500 -16160.5 -20024.1 299.184 194.411 0.876609
615600 -16126.4 -20036.5 302.786 5.20531 0.873026
615700 -16192.9 -20027.2 296.911 -264.583 0.869412
615800 -16238.2 -20046.3 294.884 -73.2002 0.868001
615900 -16196.7 -20022 296.211 -4.21347 0.867404
616000 -16073 -19955.4 300.634 -172.754 0.867073
616100 -16069 -19954.1 300.851 -197.411 0.868311
616200 -16143 -20005 299.06 4.59333 0.87147
616300 -16200 -20010.7 295.085 -29.8174 0.875041
616400 -16188.4 -20054.1 299.345 71.1465 0.878702
616500 -16210.8 -20095.7 300.829 173.849 0.881832
616600 -16254.4 -20095.9 297.471 270.114 0.883041
616700 -16257.5 -20098.8 297.452 286.71 0.881735
616800 -16237 -20078.8 297.495 40.2762 0.877813
616900 -16184.6 -20029.6 297.739 -140 0.873567
617000 -16091.9 -19996.3 302.342 115.463 0.870713
617100 -16077 -19929.2 298.307 -202.818 0.867727
617200 -16113.5 -19934.1 295.85 -392.223 0.866815
617300 -16169.2 -20001.1 296.731 -91.6815 0.86945
617400 -16231.9 -20089.9 298.752 57.3926 0.872743
617500 -16293.9 -20099.2 294.667 47.374 0.874952
617600 -16267.9 -20086.4 295.69 146.728 0.87599
617700 -16156.3 -20010.7 298.467 94.7224 0.875629
617800 -16110.3 -19963.9 298.41 -3.91096 0.874523
617900 -16111.6 -19972 298.934 -56.634 0.873528
618000 -16135.7 -19953.3 295.618 -155.063 0.873522
618100 -16140.9 -20012 299.764 12.3958 0.874653
618200 -16196.8 -20045 297.989 64.4877 0.875579
618300 -16259.9 -20061.4 294.378 146.59 0.875988
618400 -16232.6 -20067.9 296.993 89.7442 0.874985
618500 -16147.8 -20053.7 302.461 10.2934 0.873084
618600 -16111.8 -19992.7 300.522 2.95507 0.871168
618700 -16160.8 -20040.4 300.418 2.36764 0.869106
618800 -16259.5 -20045.7 293.194 -306.411 0.86766
618900 -16229.4 -20035.2 294.705 -13.2636 0.868693
619000 -16138.1 -19980.4 297.526 115.215 0.869903
619100 -16092.1 -19942.5 298.159 -51.2714 0.870414
619200 -16089.3 -19990.8 302.111 189.934 0.870902
619300 -16175.5 -20003 296.384 62.0003 0.869826
619400 -16217.4 -20066.1 298.031 0.559503 0.867922
619500 -16219.7 -20037 295.599 -227.357 0.866255
619600 -16164.4 -19994.1 296.559 -218.753 0.866605
619700 -16097.3 -19954.1 298.658 54.8022 0.868951
619800 -16083.6 -19985.1 302.115 94.5934 0.871029
619900 -16134.1 -19989.6 298.561 -44.901 0.872424
620000 -16157.8 -19995.8 297.206 193.687 0.873884
620100 -16157.7 -20005.8 297.984 140.457 0.873491
620200 -16156 -19976.7 295.858 -125.383 0.872064
620300 -16081.4 -19950.1 299.576 19.1921 0.871476
620400 -16009 -19917.1 302.633 -16.36 0.870854
620500 -16053.8 -19922.1 299.543 -167.134 0.870502
620600 -16105.1 -19979.9 300.049 -147.467 0.871681
620700 -16135.7 -19980 297.688 194.181 0.874236
620800 -16154.9 -20016.2 299.009 143.919 0.875425
620900 -16207.3 -20022.2 295.416 -136.492 0.875346
621000 -16294.7 -20094.8 294.261 171.292 0.876208
621100 -16381 -20164.6 292.994 180.489 0.87578
621200 -16344 -20090.5 290.116 -150.472 0.873541
621300 -16234.2 -20037.2 294.487 82.8425 0.871526
621400 -16151.6 -19994.2 297.558 -130.96 0.868613
621500 -16090 -19984.3 301.559 -183.399 0.866393
621600 -16111.4 -19957.5 297.829 -207.834 0.865544
621700 -16165.8 -20008.2 297.541 18.5131 0.866502
621800 -16250.8 -20047.5 294 20.6105 0.867817
621900 -16255.2 -20047.1 293.637 -12.0857 0.869243
622000 -16157.1 -20005.4 298 208.969 0.870681
622100 -16121.8 -19972.1 298.149 -44.2686 0.870618
622200 -16099.3 -19924.1 296.174 -70.7131 0.870744
622300 -16051.3 -19953.7 302.188 37.5732 0.871576
622400 -16098.9 -19940.9 297.51 -129.085 0.872695
622500 -16191.1 -20016.6 296.231 54.0452 0.874733
622600 -16226.1 -20042.6 295.535 287.972 0.876217
622700 -16205.4 -20035.5 296.594 241.727 0.875097
622800 -16196.5 -20061.6 299.301 -114.918 0.871677
622900 -16194.3 -20008.3 295.346 -148.218 0.869023
623000 -16126 -19940.1 295.352 28.7246 0.867627
623100 -16031.8 -19886.5 298.493 -113.561 0.866144
623200 -16017.3 -19898.2 300.519 -151.362 0.865637
623300 -16066.7 -19908.2 297.47 -269.47 0.866929
623400 -16127.1 -19955.4 296.443 81.1905 0.870594
623500 -16217.9 -20036.2 295.671 291.713 0.87363
623600 -16293.9 -20045.9 290.545 -69.8843 0.874374
623700 -16223.3 -20049 296.243 -67.8299 0.875597
623800 -16178.6 -20036.2 298.717 314.249 0.876909
623900 -16140.1 -19924.1 293.018 -134.268 0.875976
624000 -16053.2 -19940 300.978 69.5398 0.8756
624100 -16061.8 -19908.1 297.844 53.7838 0.874905
624200 -16076.8 -19930.4 298.403 -4.59352 0.873581
624300 -16107.8 -19948.5 297.406 -19.3696 0.872158
624400 -16194.9 -19994 294.187 -249.487 0.870919
624500 -16221.5 -20035.3 295.327 -179.389 0.871931
624600 -16146.6 -20014 299.476 224.294 0.874518
624700 -16054.1 -19912.8 298.8 -66.9091 0.875919
624800 -16012.9 -19870.8 298.747 226.973 0.877565
624900 -16018.6 -19932.8 303.103 210.716 0.877178
625000 -16072.2 -19906.6 296.919 -186.981 0.874994
625100 -16081.5 -19936 298.476 -223.857 0.87419
625200 -16095.5 -19962.4 299.439 60.5237 0.875226
625300 -16188.1 -20014.8 296.33 -55.9162 0.876314
625400 -16265.7 -20086.5 295.863 -11.8787 0.877835
625500 -16277.1 -20121.3 297.682 149.696 0.880097
625600 -16263 -20106.3 297.608 384.313 0.881104
625700 -16169.7 -20055.8 300.924 198.264 0.878166
625800 -16076.3 -19962.8 300.949 -133.357 0.872839
625900 -16073.4 -19934.1 298.955 -123.543 0.868027
626000 -16121.4 -19929.8 294.911 -319.988 0.86458
626100 -16177.9 -19973.2 293.892 -400.6 0.864296
626200 -16167 -19990.9 296.106 23.1542 0.867466
626300 -16084.7 -19950.6 299.361 222.3 0.87099
626400 -16023.1 -19889.6 299.409 85.7196 0.872441
626500 -16015.3 -19887.7 299.863 -64.4364 0.872945
626600 -16088.2 -19926.7 297.236 185.938 0.873759
626700 -16200.4 -20010.5 295.043 -11.3306 0.873165
626800 -16195.8 -19999.2 294.516 -100.533 0.87237
626900 -16119.8 -19952.7 296.806 46.8238 0.872457
627000 -16087 -19970.7 300.741 193.979 0.872069
627100 -16113 -19968.4 298.551 6.78085 0.869896
627200 -16136 -19967.7 296.72 -233.436 0.867728
627300 -16154.5 -20013.4 298.814 -41.4945 0.867509
627400 -16228.1 -20036.7 294.926 -33.532 0.868077
627500 -16243.3 -20020.4 292.485 -35.5652 0.868955
627600 -16148.9 -20000.4 298.246 -64.4277 0.870527
627700 -16104.2 -19980.1 300.133 106.27 0.872435
627800 -16121.6 -19969.3 297.951 -48.8199 0.87405
627900 -16178 -20029.7 298.259 152.763 0.87609
628000 -16277.3 -20065.1 293.311 28.233 0.877185
628100 -16251.9 -20051 294.186 21.6506 0.878299
628200 -16172.9 -20002.9 296.582 259.546 0.879024
628300 -16137.1 -19974.9 297.188 -37.2347 0.87767
628400 -16117.4 -19985.2 299.512 33.5062 0.875929
628500 -16137.8 -19977 297.289 -22.9477 0.873547
628600 -16194.9 -19984.7 293.47 -206.094 0.870992
628700 -16182.3 -19995.7 295.301 -252.635 0.870119
628800 -16088.9 -19985.5 301.732 198.777 0.871312
628900 -16068.7 -19910.6 297.509 -41.9829 0.871313
629000 -16060.5 -19936.2 300.118 -21.3935 0.871354
629100 -16126.4 -19952.8 296.307 11.6385 0.871902
629200 -16204.1 -20015.6 295.152 -87.6961 0.872291
629300 -16202.9 -20048.5 297.79 95.0241 0.87336
629400 -16153 -19984.3 296.681 164.134 0.873913
629500 -16045.3 -19930.8 300.879 354.191 0.872396
629600 -16022.5 -19907.8 300.862 -345.939 0.868218
629700 -16073.7 -19923.9 298.148 -42.6098 0.865915
629800 -16134.9 -19949.6 295.395 -312.802 0.864837
629900 -16210.1 -19985.4 292.344 -148.626 0.866445
630000 -16268.4 -20042.3 292.235 32.3876 0.869689
630100 -16195.5 -20025.3 296.561 119.444 0.873004
630200 -16125.7 -20006.3 300.494 141.372 0.874987
630300 -16132 -19991.9 298.895 -42.4287 0.875814
630400 -16175.7 -20026.7 298.212 -2.95272 0.876995
630500 -16285.8 -20054.3 291.817 -164.082 0.878471
630600 -16286.2 -20096.4 295.044 387.139 0.880797
630700 -16252.9 -20086.9 296.894 130.932 0.880463
630800 -16220.1 -20046.3 296.29 17.2714 0.878435
630900 -16180 -20038.8 298.811 221.577 0.87569
631000 -16152.9 -20004.5 298.256 -66.9456 0.871041
631100 -16054.2 -19943 301.134 -177.188 0.86697
631200 -15979.4 -19894.1 303.138 -94.6629 0.865002
631300 -16037.6 -19947.5 302.766 -191.244 0.864325
631400 -16123.8 -19998.6 300.046 46.4755 0.865024
631500 -16173.9 -20007.4 296.855 -307.806 0.866037
631600 -16174.2 -19986.7 295.224 -236.593 0.869448
631700 -16087.8 -19950 299.07 112.773 0.874451
631800 -16048.9 -19985.9 304.866 528.127 0.877529
631900 -16110 -19982.1 299.838 36.0595 0.876115
632000 -16161.8 -20020.7 298.82 -47.6652 0.874257
632100 -16203.4 -20027.2 296.095 -42.3617 0.873371
632200 -16195.1 -20036.2 297.44 -331.693 0.873365
632300 -16098.5 -19982.8 300.786 186.835 0.875368
632400 -16051.1 -19976.5 303.971 248.408 0.875728
632500 -16130.9 -19998.8 299.52 -166.192 0.87414
632600 -16181.1 -20020.9 297.336 132.175 0.873757
632700 -16193.8 -20031.2 297.156 88.9917 0.872669
632800 -16171 -20000.6 296.553 -123.267 0.870851
632900 -16054.5 -19920.9 299.402 88.6055 0.869808
633000 -16004.9 -19867 299.07 -78.0962 0.868461
633100 -16003.1 -19859.4 298.62 -198.925 0.867915
633200 -16034.1 -19897 299.129 -97.6275 0.86929
633300 -16146.1 -19979.6 296.848 -85.6953 0.871889
633400 -16212.2 -20061.6 298.082 326.11 0.87437
633500 -16223.2 -20005.3 292.873 -206.7 0.874811
633600 -16140.4 -20023.2 300.676 -3.27488 0.876579
633700 -16127 -20011.9 300.837 224.28 0.878104
633800 -16161.4 -20018.9 298.714 10.9846 0.87777
633900 -16199.7 -20041.4 297.487 85.899 0.877094
634000 -16244.8 -20066.4 295.933 -12.035 0.875786
634100 -16333.2 -20112.3 292.644 -70.0765 0.874385
634200 -16327.3 -20087.5 291.175 -234.974 0.873905
634300 -16227.6 -20111.2 300.735 -32.7231 0.875488
634400 -16228.8 -20060 296.669 149.264 0.877351
634500 -16216.7 -20063.9 297.913 12.46 0.878006
634600 -16169.1 -20027.1 298.75 24.6207 0.878645
634700 -16090.7 -20007 303.261 131.677 0.87889
634800 -16092.7 -19965.5 299.898 -113.715 0.878232
634900 -16198.5 -20041.5 297.592 -28.8298 0.878323
635000 -16249 -20050.9 294.406 133.093 0.878466
635100 -16216.5 -20047.3 296.64 67.5401 0.877462
635200 -16182.6 -20057 300.02 -207.506 0.876157
635300 -16193.8 -20043.7 298.12 38.4239 0.876262
635400 -16266.6 -20064.8 294.115 39.5882 0.876125
635500 -16335 -20116.2 292.807 -168.924 0.875912
635600 -16275.8 -20096.4 295.854 -45.5288 0.877159
635700 -16186.6 -20051.2 299.264 168.374 0.879088
635800 -16167.8 -20027.4 298.875 374.356 0.879522
635900 -16189 -20045.3 298.615 -61.826 0.876674
636000 -16252.4 -20058.7 294.75 -52.0752 0.87332
636100 -16328.8 -20104 292.342 -154.044 0.870309
636200 -16325 -20097.4 292.124 -172.608 0.868047
636300 -16204 -20042.7 297.255 -258.121 0.86752
636400 -16138.3 -19970.2 296.723 1.30992 0.869376
636500 -16080.3 -19947.9 299.485 10.0605 0.871719
636600 -16064.9 -19946.6 300.579 -5.59445 0.874132
636700 -16142.7 -19963.3 295.853 193.552 0.87645
636800 -16246.5 -20074.1 296.392 92.1942 0.877157
636900 -16262.4 -20049.1 293.228 -48.0094 0.87708
637000 -16199 -20019.3 295.833 170.741 0.876921
637100 -16153.9 -20001.6 297.949 -8.91756 0.875767
637200 -16131.7 -19991.1 298.857 -15.1602 0.874392
637300 -16133.3 -19993 298.879 -48.8631 0.873071
637400 -16192.7 -20059.7 299.441 -87.3316 0.872153
637500 -16282.5 -20073.9 293.599 -53.6842 0.871981
637600 -16267.1 -20085.8 295.702 -153.95 0.872785
637700 -16189.4 -20064.9 300.106 -32.6825 0.874973
637800 -16143.3 -20018.3 300.066 133.731 0.877489
637900 -16165.3 -20027.8 299.093 92.5435 0.878807
638000 -16300.7 -20091.5 293.543 48.3406 0.879283
638100 -16300 -20119.5 295.769 53.2717 0.879165
638200 -16260.6 -20158.7 301.855 280.498 0.878318
638300 -16289.2 -20084.3 293.884 31.293 0.875164
638400 -16237.2 -20067.3 296.592 -51.7722 0.871085
638500 -16126.9 -20010.9 300.758 -141.102 0.867661
638600 -16128.7 -19999.1 299.713 -113.379 0.865566
638700 -16173.5 -19990 295.534 -202.615 0.864873
638800 -16186.7 -20051 299.237 -136.189 0.865986
638900 -16224.4 -20062.9 297.237 8.59156 0.868282
639000 -16286.3 -20082.9 293.994 163.613 0.870733
639100 -16267 -20078.8 295.17 62.2341 0.871966
639200 -16163.3 -20021.2 298.738 -60.5721 0.872357
639300 -16134.6 -20029.7 301.622 111.07 0.873017
639400 -16181.9 -20025.8 297.655 -13.1772 0.87294
639500 -16234.5 -20086 298.248 -72.5216 0.872781
639600 -16312.7 -20092.6 292.701 112.468 0.873086
639700 -16375.8 -20109.2 289.104 -342.099 0.87333
639800 -16269.6 -20105.8 297.057 210.137 0.875981
639900 -16194.4 -20064.3 299.669 256.775 0.877085
640000 -16197.7 -20061.7 299.215 -184.866 0.876081
640100 -16232.7 -20058.5 296.256 -94.1142 0.876391
640200 -16272.5 -20110.1 297.174 205.531 0.877544
640300 -16332.3 -20130.6 294.123 -193.265 0.877691
640400 -16329 -20137.9 294.951 75.7158 0.879034
640500 -16221.5 -20067.2 297.795 173.573 0.880046
640600 -16169.7 -20062.6 301.451 -110.224 0.88006
640700 -16215.7 -20085.9 299.692 129.55 0.880654
640800 -16281.3 -20088.8 294.837 46.818 0.880273
640900 -16277.2 -20089 295.17 -35.4194 0.879202
641000 -16172.2 -20056.2 300.764 -81.826 0.878532
641100 -16102.3 -20008.2 302.457 83.936 0.878449
641200 -16129.6 -19967.8 297.215 -5.55059 0.877393
641300 -16158.8 -20034 300.074 -362.729 0.876758
641400 -16227.3 -20049.2 295.96 117.466 0.87887
641500 -16285.9 -20129.6 297.645 158.63 0.88072
641600 -16371.8 -20141.3 291.892 -3.24465 0.881295
641700 -16350.8 -20145.5 293.845 -50.7469 0.881847
641800 -16227.3 -20095.7 299.551 312.504 0.882488
641900 -16196.8 -20047.4 298.175 -28.7539 0.880799
642000 -16174.3 -20053 300.355 54.828 0.878577
642100 -16229.1 -20105.2 300.145 -125.865 0.876033
642200 -16318.1 -20119.8 294.394 -79.92 0.874222
642300 -16291.3 -20108.6 295.597 -71.2943 0.873262
642400 -16239.9 -20075.2 296.989 -41.6129 0.872844
642500 -16188.1 -20020.1 296.735 -51.8857 0.872922
642600 -16165.3 -20032 299.426 -140.012 0.873825
642700 -16190 -20061.5 299.791 126.614 0.875811
642800 -16235.5 -20054.9 295.764 163.699 0.87702
642900 -16248.9 -20073.5 296.164 28.6651 0.876854
643000 -16191.1 -20071.3 300.469 101.653 0.876017
643100 -16136.5 -20013.5 300.217 120.62 0.874047
643200 -16135 -20009.5 300.026 -191.155 0.870872
643300 -16192.1 -19991.4 294.207 -205.535 0.86906
643400 -16240.9 -20078.8 297.194 -200.634 0.869603
643500 -16292.4 -20104 295.153 -119.763 0.872137
643600 -16348.7 -20157 294.897 130.098 0.875975
643700 -16348.9 -20153.9 294.647 170.194 0.878971
643800 -16245.2 -20100.2 298.516 151.662 0.880316
643900 -16198.6 -20078.8 300.468 204.046 0.87986
644000 -16219.4 -20043 296.086 58.2842 0.877495
644100 -16220.2 -20082.3 299.074 -67.3634 0.874643
644200 -16221.9 -20048.8 296.342 -366.678 0.872459
644300 -16195.8 -20059 299.155 -108.309 0.873352
644400 -16178.8 -20060.9 300.615 98.9363 0.875566
644500 -16234 -20048.3 295.369 -20.8396 0.877223
644600 -16284 -20138.6 298.487 373.115 0.878592
644700 -16369.2 -20128.3 291.097 -15.4516 0.876988
644800 -16336.9 -20084.5 290.201 -348.033 0.875342
644900 -16250.3 -20136.3 300.915 51.0816 0.87647
645000 -16252 -20044.5 293.674 100.76 0.877645
645100 -16181.1 -20036.6 298.554 47.4593 0.878081
645200 -16137.3 -20031.2 301.528 216.323 0.877632
645300 -16187.8 -20060.5 299.886 -153.855 0.875263
645400 -16286.1 -20081.9 293.932 -297.695 0.873969
645500 -16271 -20098.8 296.412 65.6889 0.875029
645600 -16241.6 -20080.7 297.291 150.998 0.876263
645700 -16183.8 -20026.2 297.535 -63.9761 0.876523
645800 -16114.8 -20024.5 302.757 107.473 0.876652
645900 -16147.8 -20034.9 301.002 -60.2923 0.876288
646000 -16198.9 -20087.5 301.117 -11.8745 0.876289
646100 -16257.8 -20126.7 299.597 307.851 0.875897
646200 -16317 -20106.5 293.448 -89.2805 0.87311
646300 -16264 -20090.1 296.28 -245.428 0.870651
646400 -16195.6 -20035.9 297.378 -226.927 0.870213
646500 -16172 -20014.4 297.54 36.9383 0.871997
646600 -16155.3 -20017.3 299.058 202.499 0.873893
646700 -16163 -20040.6 300.273 -42.5485 0.874101
646800 -16266 -20107 297.432 -154.487 0.87452
646900 -16329 -20107.9 292.626 73.5699 0.876222
647000 -16274.6 -20150.1 300.106 189.486 0.877623
647100 -16259.4 -20136.2 300.206 -74.3903 0.87754
647200 -16327.9 -20148.3 295.837 -35.5745 0.877767
647300 -16434 -20217.8 293.007 13.1014 0.878303
647400 -16417.4 -20178.9 291.277 69.6614 0.878779
647500 -16342.5 -20185.5 297.588 3.3278 0.878829
647600 -16319.5 -20175.3 298.578 -7.15213 0.878878
647700 -16320.7 -20177.7 298.675 27.721 0.878959
647800 -16348.2 -20181.6 296.846 -115.801 0.878811
647900 -16387.1 -20209.6 296 44.9847 0.879514
648000 -16409.9 -20220.5 295.081 -122.768 0.880418
648100 -16352 -20182.3 296.607 147.425 0.882247
648200 -16255.9 -20141.1 300.854 349.835 0.88293
648300 -16256.3 -20150.2 301.524 129.051 0.880154
648400 -16304 -20088.4 293.054 -83.4353 0.875559
648500 -16260.7 -20080.3 295.772 -132.242 0.871485
648600 -16212 -20020.9 294.947 -68.0405 0.868495
648700 -16145.5 -19953.5 294.88 -377.011 0.866702
648800 -16089.2 -19993.3 302.315 -67.3105 0.868024
648900 -16127.4 -19987.9 298.938 -22.8513 0.870569
649000 -16179 -20016.7 297.175 -42.4389 0.873326
649100 -16196.4 -20027.2 296.644 -60.3063 0.876518
649200 -16132.9 -20035.7 302.216 238.312 0.879927
649300 -16043.2 -19951.3 302.631 182.499 0.881098
649400 -16086.6 -19970.1 300.726 38.2323 0.880463
649500 -16178 -20027.8 298.117 -136.597 0.879523
649600 -16217 -20045.1 296.435 -144.169 0.87967
649700 -16197.4 -20005.8 294.905 -205.638 0.88157
649800 -16126.1 -20003.2 300.224 165.119 0.885112
649900 -16116.6 -20008.5 301.376 201.822 0.887056
650000 -16156.4 -20027.5 299.768 206.874 0.886831
650100 -16214 -20039.8 296.254 91.9872 0.884842
650200 -16240 -20080.9 297.424 -42.0829 0.882338
650300 -16245.4 -20107.8 299.087 -115.963 0.880354
650400 -16317.8 -20152.8 296.968 -69.8416 0.879298
650500 -16381.7 -20162 292.729 -248.127 0.879536
650600 -16336 -20172.3 297.065 -183.678 0.881883
650700 -16256.1 -20111.2 298.525 154.131 0.885203
650800 -16221.2 -20075.2 298.439 369.394 0.886553
650900 -16225.4 -20076.7 298.23 -17.8222 0.884954
651000 -16232.9 -20091.1 298.766 29.6825 0.883435
651100 -16270.3 -20158.7 301.105 20.0126 0.882162
651200 -16386 -20169.4 292.97 -50.1727 0.880708
651300 -16391.3 -20210.2 295.72 212.441 0.879799
651400 -16346.2 -20201.4 298.534 59.7727 0.877492
651500 -16298.1 -20129.9 296.724 -258.287 0.875088
651600 -16206 -20082.4 300.172 23.489 0.874822
651700 -16160.3 -20052 301.364 70.211 0.874564
651800 -16184.5 -20051.9 299.478 2.91318 0.873809
651900 -16221.9 -20079.5 298.721 -74.9098 0.872977
652000 -16253.3 -20073.2 295.799 -266.371 0.873302
652100 -16213.2 -20045.2 296.73 -33.1573 0.875671
652200 -16082.9 -19976 301.46 148.473 0.878423
652300 -16085 -19996.5 302.894 349.874 0.879363
652400 -16175.1 -20019.5 297.692 -64.1496 0.877674
652500 -16242.2 -20130.3 301.074 -220.017 0.876607
652600 -16298.6 -20099.4 294.318 102.613 0.87696
652700 -16276.5 -20132.4 298.588 -57.9694 0.877093
652800 -16245.2 -20064.4 295.743 -58.207 0.877364
652900 -16149 -20030 300.529 -71.4639 0.878354
653000 -16091.9 -20040.6 305.767 271.412 0.879814
653100 -16155.9 -20063.6 302.594 30.076 0.878962
653200 -16254.1 -20114.5 298.933 -234.081 0.877801
653300 -16322.3 -20137.5 295.435 -9.74577 0.878493
653400 -16323.9 -20155.1 296.673 -18.3432 0.879583
653500 -16267.2 -20128.1 298.97 -22.9417 0.881047
653600 -16185.3 -20078.9 301.506 111.312 0.882755
653700 -16153.6 -20042 301.104 304.663 0.883023
653800 -16230.5 -20098.8 299.547 -64.8878 0.880626
653900 -16322.8 -20115.1 293.657 -127.723 0.87857
654000 -16292.4 -20135 297.553 -30.3317 0.877818
654100 -16222.5 -20054.7 296.748 34.412 0.877373
654200 -16151.3 -20034.5 300.705 63.5922 0.87635
654300 -16150 -20027.7 300.273 -197.429 0.87492
654400 -16162 -19980.6 295.7 -140.17 0.875016
654500 -16156 -20023.2 299.467 164.145 0.876519
654600 -16171.1 -20010.9 297.332 -99.4299 0.877301
654700 -16205.2 -20068.3 299.141 -16.2195 0.878775
654800 -16308.5 -20142.2 296.86 158.844 0.880863
654900 -16361.9 -20135.6 292.226 157.819 0.881798
655000 -16303.3 -20155.2 298.279 56.4129 0.88143
655100 -16254.9 -20085.9 296.658 18.3012 0.880232
655200 -16217.9 -20065.5 297.945 166.36 0.878136
655300 -16211.9 -20072.2 298.928 -204.122 0.874753
655400 -16215.5 -20063.3 297.964 -115.633 0.87235
655500 -16216.8 -20049.2 296.769 -218.155 0.871195
655600 -16195.2 -20033.6 297.228 26.9528 0.871906
655700 -16112.2 -19990.7 300.336 63.9253 0.872829
655800 -16095.6 -20006.5 302.845 -26.3978 0.873185
655900 -16180.8 -20010.1 296.531 -219.68 0.873891
656000 -16231.8 -20091.8 298.908 -164.834 0.876968
656100 -16259.1 -20111.4 298.313 237.55 0.881415
656200 -16281.3 -20145.6 299.237 191.553 0.883978
656300 -16304.1 -20151.6 297.938 24.6859 0.884479
656400 -16308.7 -20130.9 295.977 -161.952 0.884935
656500 -16278.1 -20154.1 300.146 259.375 0.886266
656600 -16302 -20175.5 299.95 91.0537 0.885545
656700 -16393.5 -20207.4 295.337 -135.989 0.884263
656800 -16427.3 -20243.1 295.485 193.351 0.883725
656900 -16398.1 -20210.8 295.239 -52.6786 0.881785
657000 -16327.6 -20139.6 295.187 -136.45 0.87997
657100 -16255.1 -20116.7 299.024 264.952 0.878873
657200 -16234.2 -20127.5 301.481 -26.1986 0.875908
657300 -16293.6 -20128.3 296.948 -262.835 0.872966
657400 -16367.7 -20179.4 295.165 -199.381 0.872321
657500 -16350.2 -20164.8 295.391 -104.256 0.873846
657600 -16208.4 -20132.6 303.875 308.811 0.87615
657700 -16242.2 -20120.8 300.341 -50.788 0.876267
657800 -16310.8 -20115.5 294.623 5.86504 0.876284
657900 -16309.4 -20162.3 298.349 -48.4924 0.876593
658000 -16291.6 -20122 296.611 -204.573 0.877459
658100 -16212.7 -20076 299.155 141.057 0.880002
658200 -16153.6 -20056.7 302.239 243.571 0.88164
658300 -16208.2 -20062.9 298.492 132.718 0.880889
658400 -16273.1 -20104 296.647 -147.072 0.878923
658500 -16275.8 -20080.6 294.636 -234.776 0.878232
658600 -16248.1 -20096.7 298.023 115.704 0.879327
658700 -16220.8 -20050.4 296.545 132.334 0.879783
658800 -16176 -20053 300.218 100.488 0.878875
658900 -16143.6 -20003.1 298.865 -8.87654 0.876754
659000 -16069.7 -19954.8 300.852 -74.5355 0.874301
659100 -16043.6 -19926.9 300.712 77.8461 0.871989
659200 -16108.3 -19994.5 300.934 -248.363 0.868916
659300 -16209.7 -20028.4 295.707 -360.61 0.867671
659400 -16216.5 -20061.9 297.773 -132.328 0.869959
659500 -16195.1 -20051.8 298.65 93.364 0.873914
659600 -16186.1 -20107.6 303.666 342.165 0.877134
659700 -16299 -20117.6 295.699 60.5239 0.877655
659800 -16321.5 -20129.7 294.893 50.3322 0.877106
659900 -16263 -20100.2 297.137 78.5672 0.875963
660000 -16183.1 -20042.1 298.824 -49.8686 0.873997
660100 -16157.8 -20012.5 298.498 17.7557 0.872226
660200 -16158.1 -20006.9 298.042 7.35641 0.870541
660300 -16170.3 -20017.6 297.923 -98.2995 0.868708
660400 -16150 -19968.8 295.713 -164.99 0.867636
660500 -16033.2 -19949.7 303.281 -144.89 0.868335
660600 -16046 -19934.9 301.138 -170.894 0.870591
660700 -16108.4 -19969 298.951 -121.36 0.874655
660800 -16154.5 -20032.9 300.322 336.372 0.879472
660900 -16208.4 -20068.6 298.918 262.757 0.881351
661000 -16228.4 -20059.2 296.641 100.644 0.880698
661100 -16224.7 -20103.7 300.369 29.1796 0.879102
661200 -16289.8 -20122.9 296.82 -16.5401 0.877145
661300 -16393.1 -20189 293.944 96.0505 0.875119
661400 -16385.8 -20167 292.801 -287.781 0.872771
661500 -16322.8 -20126.9 294.571 -294.561 0.872983
661600 -16258.2 -20117.1 298.817 117.91 0.875923
661700 -16235.5 -20089.7 298.45 222.988 0.877847
661800 -16229 -20093.9 299.284 52.2967 0.8776
661900 -16256 -20144.2 301.09 10.6646 0.8768
662000 -16346.3 -20107.9 291.283 -67.4799 0.876053
662100 -16295.1 -20097.7 294.459 -52.6918 0.875911
662200 -16216.3 -20073.7 298.705 139.59 0.875764
662300 -16198.4 -20061 299.108 -114.419 0.874925
662400 -16221.8 -20074.8 298.367 8.35417 0.874924
662500 -16316.8 -20133.5 295.547 -98.728 0.875199
662600 -16370.6 -20146.6 292.399 -186.711 0.876473
662700 -16313.1 -20141.2 296.434 201.749 0.878914
662800 -16274.2 -20126 298.269 188.76 0.879869
662900 -16250 -20062.1 295.19 80.4475 0.87889
663000 -16187.3 -20064.2 300.214 -75.8733 0.877165
663100 -16166.1 -20020 298.429 105.875 0.875874
663200 -16157.3 -20034.1 300.204 -1.89244 0.873712
663300 -16192.9 -20042.7 298.112 -181.685 0.871703
663400 -16250.3 -20058.3 294.876 -130.321 0.871715
663500 -16254.5 -20110.4 298.587 -122.676 0.873205
663600 -16230 -20052.8 296.019 50.0734 0.875357
663700 -16132.1 -20009.3 300.237 33.9765 0.877376
663800 -16104.1 -20028.4 303.88 274.257 0.878764
663900 -16177.8 -20021.9 297.667 183.922 0.877449
664000 -16200.5 -20020.5 295.805 -195.058 0.87455
664100 -16179 -20050.1 299.767 -75.5768 0.873369
664200 -16178.9 -20010.7 296.721 290.59 0.872649
664300 -16150 -20041.9 301.372 -162.102 0.870052
664400 -16156.3 -20040.2 300.754 -216.449 0.868506
664500 -16230.6 -20059.9 296.53 -173.493 0.869133
664600 -16273.3 -20093.9 295.856 53.2388 0.87137
664700 -16254.8 -20069.4 295.39 79.8042 0.873207
664800 -16140.8 -20011.1 299.705 184.923 0.874167
664900 -16115.6 -20027.6 302.932 -15.2092 0.873609
665000 -16181.4 -20034.6 298.372 -57.4836 0.872799
665100 -16235.8 -20092.2 298.627 22.9775 0.872738
665200 -16267.1 -20122.6 298.552 151.084 0.872291
665300 -16275.7 -20066.3 293.532 -158.713 0.870675
665400 -16219.5 -20068 298.008 -230.635 0.870501
665500 -16199.7 -20088.9 301.163 159.158 0.872367
665600 -16235.8 -20075.5 297.334 -11.4555 0.873249
665700 -16249.6 -20108.3 298.805 -19.6307 0.87384
665800 -16308.5 -20162.3 298.426 -151.968 0.874919
665900 -16411.1 -20168.3 290.946 -56.9636 0.877472
666000 -16354.5 -20155.8 294.36 45.3271 0.881065
666100 -16284.6 -20130.8 297.836 213.655 0.884515
666200 -16239 -20098.5 298.863 374.297 0.885777
666300 -16195.9 -20040.7 297.731 228.795 0.88329
666400 -16099.8 -20008.8 302.694 -100.002 0.878859
666500 -16065.8 -19984.2 303.426 -118.516 0.875192
666600 -16184.3 -20013.4 296.508 -58.5377 0.87257
666700 -16237.5 -20098.8 299.003 -68.5921 0.870612
666800 -16261.2 -20069 294.865 -209.188 0.869616
666900 -16214.4 -20084.2 299.661 -16.3233 0.870287
667000 -16172.2 -20072.2 302.001 69.5985 0.87121
667100 -16262.1 -20093.6 296.699 -174.825 0.871988
667200 -16339.9 -20165.3 296.226 18.2302 0.874062
667300 -16339.1 -20180.6 297.476 -36.0823 0.876269
667400 -16334.1 -20200.7 299.417 272.167 0.8783
667500 -16363.9 -20195.9 296.737 81.2626 0.878119
667600 -16398.9 -20191.7 293.705 -60.4497 0.877074
667700 -16332 -20167.8 297.028 5.06219 0.876348
667800 -16262.7 -20130.7 299.524 -112.283 0.875815
667900 -16240.8 -20068.5 296.399 38.2377 0.8763
668000 -16192.6 -20081.7 301.163 271.519 0.876199
668100 -16206.3 -20067.1 298.966 -64.201 0.873791
668200 -16279.1 -20070.6 293.599 -260.799 0.871721
668300 -16274.5 -20098.1 296.089 -6.61676 0.87198
668400 -16208.4 -20091 300.66 269.214 0.872453
668500 -16190.5 -20072.3 300.588 -129.577 0.870808
668600 -16272.3 -20080 294.853 -215.909 0.869939
668700 -16340.5 -20164.2 296.098 267.077 0.870714
668800 -16337.2 -20141.3 294.575 -221.048 0.870089
668900 -16219.2 -20100 300.521 83.5211 0.870604
669000 -16174.8 -20043.7 299.591 95.9185 0.870841
669100 -16189.8 -20038.9 298.063 -58.6806 0.869922
669200 -16208.4 -20051.8 297.618 -378.106 0.869787
669300 -16243.9 -20100.6 298.649 170.14 0.872509
669400 -16334.6 -20146.1 295.148 187.686 0.874667
669500 -16354.8 -20150.1 293.891 300.412 0.875198
669600 -16267.2 -20100.4 296.83 227.85 0.872838
669700 -16206.2 -20048.6 297.544 -77.5697 0.867745
669800 -16165.2 -19988.1 296.027 -293.593 0.86297
669900 -16092.6 -19920.1 296.38 -262.856 0.860841
670000 -16035.5 -19916.2 300.507 -195.021 0.861537
670100 -16046.5 -19917.6 299.764 -18.1575 0.864156
670200 -16073.8 -19926.2 298.317 -82.4063 0.867129
670300 -16077.8 -19916.1 297.219 -54.7952 0.870947
670400 -16090 -19987.2 301.783 114.308 0.875215
670500 -16144.5 -20006.2 299.036 327.862 0.87776
670600 -16171.1 -20028 298.668 40.898 0.877393
670700 -16193.4 -20042.6 298.065 67.1445 0.876336
670800 -16231.3 -20069 297.181 40.0034 0.874999
670900 -16310.7 -20107.9 294.04 -145.079 0.873567
671000 -16348.6 -20140.1 293.602 -136.361 0.873335
671100 -16245.5 -20065.5 295.812 -133.16 0.874548
671200 -16156.1 -20006.5 298.155 -0.905754 0.876923
671300 -16137 -20036.6 301.968 238.238 0.878917
671400 -16208.2 -20070.3 299.068 216.216 0.878688
671500 -16290.9 -20132.5 297.481 128.513 0.87655
671600 -16313.5 -20133.5 295.802 -201.48 0.873493
671700 -16273.6 -20079.5 294.717 -264.163 0.872517
671800 -16192.1 -20032.7 297.398 -19.8348 0.873977
671900 -16174.3 -20038.7 299.248 97.6921 0.875439
672000 -16207.4 -20077.5 299.685 -34.3681 0.876046
672100 -16269.2 -20071.9 294.461 -73.6197 0.876799
672200 -16294.8 -20141.8 297.894 49.2555 0.877887
672300 -16330.5 -20145.5 295.42 -46.5261 0.878627
672400 -16339.8 -20119.5 292.686 156.711 0.879099
672500 -16245.7 -20101.3 298.56 42.0662 0.87852
672600 -16202.7 -20067.3 299.263 2.91879 0.877693
672700 -16208.9 -20074.8 299.361 63.9489 0.876965
672800 -16260 -20072 295.186 -16.6036 0.875787
672900 -16334.2 -20120 293.152 -56.0263 0.874821
673000 -16318 -20119.1 294.347 -77.1428 0.874617
673100 -16206.3 -20081.4 300.068 -125.144 0.875196
673200 -16180.3 -20054.6 300.011 -135.484 0.877003
673300 -16215 -20078.6 299.183 91.7181 0.879557
673400 -16295.3 -20109.3 295.339 323.702 0.881046
673500 -16340 -20151.3 295.128 64.777 0.879992
673600 -16274.2 -20114.1 297.349 -21.5722 0.877916
673700 -16155.9 -20033.1 300.229 -153.293 0.876236
673800 -16141.5 -20051.4 302.763 171.49 0.875552
673900 -16220.5 -20033.1 295.233 -395.862 0.874426
674000 -16248 -20083.4 296.996 82.172 0.876004
674100 -16245.2 -20100.2 298.516 -7.0072 0.87762
674200 -16234.1 -20084.1 298.135 196.914 0.87872
674300 -16220 -20096.8 300.203 220.188 0.877972
674400 -16253 -20091.8 297.265 -195.659 0.875632
674500 -16272.3 -20060.1 293.311 -85.7191 0.874683
674600 -16186.2 -20042.4 298.609 26.8756 0.87447
674700 -16119.1 -19989 299.671 -89.8962 0.874377
674800 -16105.8 -19947.9 297.524 -71.1466 0.875078
674900 -16102.6 -19967.3 299.268 55.1023 0.876452
675000 -16125.3 -19986.2 298.973 -57.0939 0.877541
675100 -16150.3 -20011.5 298.999 -49.542 0.879065
675200 -16170.3 -20047.7 300.25 193.498 0.881087
675300 -16223.8 -20062.2 297.231 197.765 0.881547
675400 -16272.7 -20122.6 298.119 -39.6821 0.880121
675500 -16343.5 -20139.2 293.918 -115.657 0.878867
675600 -16407.4 -20175.2 291.762 -114.727 0.878755
675700 -16372.4 -20146.7 292.271 138.546 0.879437
675800 -16242.5 -20043.5 294.329 116.328 0.879147
675900 -16164.1 -20055.5 301.337 -45.1316 0.877764
676000 -16170.3 -20023.1 298.345 -5.36624 0.876324
676100 -16204.8 -20042.7 297.191 -12.4783 0.874848
676200 -16251 -20095.9 297.739 55.6985 0.87308
676300 -16339.5 -20137.3 294.087 -76.2029 0.870916
676400 -16349.4 -20144.2 293.853 -63.0986 0.869123
676500 -16259.5 -20126.7 299.466 -211.727 0.868093
676600 -16222.1 -20058.6 297.084 -1.26555 0.868724
676700 -16196.5 -20027.5 296.656 -49.8891 0.869689
676800 -16168.3 -20085.3 303.322 55.2491 0.871211
676900 -16244.5 -20055.9 295.139 -90.4133 0.872734
677000 -16302.8 -20143.7 297.427 142.329 0.875236
677100 -16303.2 -20097 293.781 75.6052 0.877078
677200 -16269.2 -20115.1 297.809 41.0056 0.878339
677300 -16260.8 -20147.6 300.979 94.2485 0.879267
677400 -16321.7 -20153.9 296.748 56.3759 0.879317
677500 -16360.2 -20157.7 294.067 -45.7107 0.878838
677600 -16272.9 -20161.4 301.114 110.893 0.878422
677700 -16178 -20076.9 301.914 177.431 0.877094
677800 -16195.8 -20079.2 300.715 -47.6752 0.874132
677900 -16247.3 -20085.8 297.237 -151.299 0.871277
678000 -16253.7 -20061.9 294.892 -235.509 0.870017
678100 -16211.9 -20046.3 296.919 -238.999 0.87118
678200 -16181.6 -20036.1 298.48 -168.837 0.874747
678300 -16190.4 -20074 300.735 82.4298 0.879724
678400 -16243.4 -20088.6 297.752 227.431 0.883605
678500 -16301.7 -20127.5 296.257 240.84 0.885285
678600 -16344.3 -20156.9 295.227 50.6151 0.884751
678700 -16362.1 -20130.3 291.797 -259.487 0.883947
678800 -16281.7 -20163.3 300.581 85.8765 0.885185
678900 -16249.3 -20129.4 300.463 238.497 0.885599
679000 -16284.9 -20103.9 295.73 -32.2973 0.883861
679100 -16294.7 -20116 295.912 108.548 0.882156
679200 -16236.7 -20124.8 301.079 48.7185 0.87983
679300 -16192.8 -20066.2 299.942 -14.1874 0.877018
679400 -16177.3 -20027.6 298.152 -243.867 0.874828
679500 -16148 -20031.3 300.712 -31.2498 0.87468
679600 -16155.2 -20001.7 297.858 -124.378 0.874976
679700 -16193.1 -20043.3 298.147 -165.233 0.876709
679800 -16271.6 -20136.2 299.261 278.114 0.879358
679900 -16353.5 -20155.9 294.446 121.205 0.879724
680000 -16333.5 -20175.3 297.497 -185.771 0.879205
680100 -16282 -20091.7 295.007 16.7382 0.87986
680200 -16204.6 -20087.9 300.712 -82.2599 0.880755
680300 -16195.6 -20044.1 298.009 174.449 0.881877
680400 -16204.3 -20067.4 299.144 48.1355 0.881689
680500 -16234.8 -20071.4 297.093 -16.2759 0.880785
680600 -16287 -20099.2 295.198 -20.8079 0.880216
680700 -16345.7 -20158.5 295.253 85.1076 0.8798
680800 -16382.1 -20192.6 295.066 -8.16591 0.878746
680900 -16358.5 -20171.2 295.239 -152.912 0.877915
681000 -16249.4 -20110.7 299.008 -75.0032 0.878338
681100 -16204.9 -20045.9 297.431 216.797 0.879232
681200 -16189.4 -20100.8 302.882 -99.3247 0.878608
681300 -16284.1 -20119 296.958 -174.551 0.878644
681400 -16323.7 -20131.4 294.858 -185.421 0.880654
681500 -16297.5 -20167.5 299.674 433.997 0.883693
681600 -16323.5 -20171.1 297.94 215.715 0.883497
681700 -16388.2 -20171.8 292.988 -107.446 0.881173
681800 -16371.8 -20177.8 294.721 6.55773 0.879202
681900 -16262.6 -20132.1 299.642 196.077 0.877065
682000 -16228.4 -20078.5 298.135 -36.7346 0.873258
682100 -16189.2 -20018.1 296.499 -161.755 0.869431
682200 -16103.8 -19989.1 300.866 -147.213 0.867158
682300 -16089.4 -19979.3 301.225 122.637 0.866101
682400 -16194.6 -20023.9 296.521 -126.805 0.864392
682500 -16274.5 -20112.7 297.211 -346.081 0.863857
682600 -16272.7 -20111.8 297.287 -88.9951 0.866514
682700 -16246.4 -20073.3 296.341 36.04 0.87011
682800 -16161.5 -20017.8 298.619 105.364 0.873487
682900 -16122.5 -20042.8 303.568 112.663 0.876104
683000 -16192.3 -20051.7 298.858 170.987 0.877391
683100 -16227.3 -20068.8 297.466 0.990273 0.87715
683200 -16244.4 -20108.3 299.204 9.96304 0.876449
683300 -16326.8 -20164.1 297.148 -97.6467 0.875935
683400 -16423.7 -20188.4 291.531 -4.4556 0.876126
683500 -16388.1 -20193.1 294.646 -13.311 0.876681
683600 -16327.1 -20170.2 297.597 114.737 0.877365
683700 -16281.8 -20139.2 298.702 -42.7508 0.877125
683800 -16243.2 -20114.9 299.815 -170.592 0.877196
683900 -16189.1 -20048.6 298.863 27.0632 0.878616
684000 -16115.9 -20055.8 305.085 37.0467 0.880334
684100 -16184.6 -20057.9 299.93 121.558 0.881624
684200 -16258.5 -20097.5 297.28 172.084 0.881669
684300 -16276.5 -20092.9 295.526 -135.725 0.88039
684400 -16228.7 -20089 298.925 103.576 0.879659
684500 -16194.7 -20094 301.948 58.7207 0.878206
684600 -16317.2 -20108.3 293.566 -277.228 0.876205
684700 -16366.5 -20188 295.919 -104.641 0.876244
684800 -16330.9 -20164.9 296.891 -10.73 0.878049
684900 -16269.4 -20147.9 300.336 327.272 0.879692
685000 -16228.6 -20105.1 300.182 -120.236 0.878843
685100 -16175.7 -20051.1 300.098 102.332 0.878268
685200 -16126.8 -20006.6 300.44 -68.0333 0.877165
685300 -16130.9 -20017.4 300.957 176.615 0.875885
685400 -16217.6 -20049.9 296.755 -12.0656 0.8732
685500 -16270.6 -20108.5 297.189 -398.93 0.870677
685600 -16274.8 -20085.7 295.097 230.768 0.870545
685700 -16188.3 -20053 299.27 27.011 0.869201
685800 -16087.4 -19950.6 299.149 -149.564 0.867243
685900 -16082.5 -19973.6 301.308 -183.298 0.866841
686000 -16148 -20024.3 300.17 -104.245 0.868178
686100 -16216.5 -20028.3 295.175 59.1765 0.870322
686200 -16202 -20024.7 296.019 -18.7583 0.872378
686300 -16168.9 -20046 300.231 212.237 0.874381
686400 -16184.2 -20038.5 298.463 -62.129 0.874932
686500 -16225 -20051.4 296.308 -61.0832 0.875938
686600 -16343.9 -20143.2 294.199 361.944 0.877409
686700 -16383.9 -20169.4 293.131 299.336 0.875566
686800 -16288.1 -20065.1 292.477 -195.206 0.870864
686900 -16196.8 -20029.5 296.788 -77.9344 0.86753
687000 -16143.2 -20039.3 301.704 -206.491 0.865572
687100 -16153.1 -19978.6 296.23 -9.41543 0.865077
687200 -16144.2 -20002.4 298.763 -301.25 0.865425
687300 -16128.3 -20013.3 300.836 117.152 0.867994
687400 -16184.8 -20004.9 295.813 74.5669 0.870071
687500 -16229.6 -20044.7 295.431 162.59 0.87121
687600 -16193 -20053 298.905 52.0857 0.870845
687700 -16105 -19992.5 301.035 -119.367 0.869885
687800 -16045.3 -19948.2 302.224 -129.814 0.870027
687900 -16072.6 -19955.8 300.702 108.32 0.871219
688000 -16195.3 -20042.1 297.886 169.072 0.87153
688100 -16261.1 -20093.6 296.771 -5.00353 0.870388
688200 -16265.2 -20072.4 294.817 -223.862 0.869343
688300 -16186.8 -20062.3 300.109 -207.402 0.870504
688400 -16151.5 -20034.5 300.686 99.9539 0.873553
688500 -16219.9 -20046.3 296.306 238.275 0.875907
688600 -16335.4 -20157 295.926 59.9932 0.876136
688700 -16341.8 -20136.9 293.882 -98.3108 0.875653
688800 -16265.6 -20129.4 299.198 -9.88648 0.875928
688900 -16211.3 -20055.3 297.661 -140.971 0.876572
689000 -16192.4 -20053.2 298.964 171.402 0.878556
689100 -16204.2 -20090.2 300.915 197.06 0.87959
689200 -16252.4 -20132.3 300.443 35.5307 0.878865
689300 -16290.8 -20092.1 294.353 -159.794 0.877617
689400 -16249.9 -20089.3 297.311 87.9985 0.877003
689500 -16193.4 -20061.9 299.56 64.5199 0.875946
689600 -16183.2 -20046.6 299.164 111.252 0.873442
689700 -16192.5 -20033 297.396 -153.552 0.869438
689800 -16180.8 -20022.5 297.483 -266.164 0.866519
689900 -16151.7 -20014 299.077 -70.3881 0.865778
690000 -16145.4 -20022.5 300.225 -162.398 0.866235
690100 -16193.7 -20002.6 294.952 -284.948 0.868311
690200 -16225.1 -20043.1 295.657 -0.720206 0.873083
690300 -16214.6 -20057.6 297.585 144.963 0.878236
690400 -16153.1 -20032.3 300.389 137.298 0.882041
690500 -16130.5 -20062.8 304.498 225.576 0.884127
690600 -16247.4 -20113 299.333 270.8 0.883601
690700 -16305.9 -20148.8 297.579 -130.332 0.881017
690800 -16323.6 -20151.7 296.432 54.6889 0.87919
690900 -16300 -20120.5 295.847 -62.2013 0.877741
691000 -16205.9 -20107.2 302.097 192.074 0.876304
691100 -16183.3 -20035.5 298.305 -176.756 0.87355
691200 -16179.5 -20021.3 297.499 -71.2756 0.872321
691300 -16135.7 -20029.5 301.523 82.5575 0.872096
691400 -16119.5 -20039.2 303.531 8.38739 0.871226
691500 -16203.8 -20008.8 294.644 -250.768 0.870386
691600 -16205.3 -20011.8 294.763 -144.731 0.871729
691700 -16120.4 -19965.5 297.754 296.964 0.874083
691800 -16075.5 -19948.1 299.875 -35.1753 0.874204
691900 -16089.9 -19958.4 299.56 19.9664 0.874032
692000 -16123.7 -19975.9 298.301 111.144 0.873843
692100 -16201.6 -20063.5 299.053 39.9688 0.87293
692200 -16284 -20072.7 293.381 -145.214 0.871546
692300 -16238.7 -20050.8 295.196 -172.723 0.871507
692400 -16164.7 -20019.9 298.537 167.701 0.872895
692500 -16131.2 -20045.9 303.137 223.807 0.872796
692600 -16214.6 -20080.9 299.396 -27.8478 0.870868
692700 -16271.1 -20081.1 295.029 -182.813 0.869233
692800 -16234.1 -20047.3 295.275 -49.3935 0.869025
692900 -16144.2 -19979.9 297.018 -139.269 0.86956
693000 -16101.6 -19976.5 300.055 89.0037 0.871405
693100 -16141.7 -20039.7 301.847 56.4279 0.872609
693200 -16222.5 -20058.8 297.072 96.8489 0.87314
693300 -16247.8 -20100.4 298.327 30.0826 0.872781
693400 -16244.7 -20050.2 294.683 -260.996 0.872293
693500 -16168 -20042.8 300.055 -108.411 0.874204
693600 -16127.3 -20000.6 299.931 291.635 0.876789
693700 -16139.4 -20037.6 301.86 61.8509 0.87723
693800 -16180.9 -20039.6 298.81 185.041 0.876642
693900 -16212.6 -20029 295.523 -150.986 0.87466
694000 -16175.7 -20008.3 296.777 -29.8766 0.873365
694100 -16088.8 -19946.5 298.725 -22.9061 0.872632
694200 -16044 -19941 301.768 -205.862 0.872413
694300 -16073.6 -19948.1 300.026 136.031 0.87389
694400 -16123.9 -20034.3 302.803 227.617 0.874467
694500 -16179.1 -20007.2 296.438 -86.4947 0.872735
694600 -16184.2 -20014 296.565 -133.058 0.871373
694700 -16126.8 -19968.4 297.477 -223.313 0.871526
694800 -16040 -19945 302.388 29.7875 0.873725
694900 -16065.3 -19956.4 301.313 254.764 0.875986
695000 -16113.2 -19955.5 297.532 -294.114 0.876616
695100 -16109.3 -19941.3 296.74 57.1895 0.879455
695200 -16096.3 -19974.3 300.3 116.992 0.882674
695300 -16151.6 -20014.2 299.1 319.814 0.884762
695400 -16274.2 -20089.3 295.426 298.924 0.883954
695500 -16280.9 -20083.6 294.464 -140.985 0.880488
695600 -16221 -20103 300.605 160.65 0.877347
695700 -16215.1 -20064.8 298.106 88.0311 0.872716
695800 -16233.5 -20028.3 293.852 -214.275 0.867441
695900 -16170.6 -20005.4 296.955 -348.969 0.864347
696000 -16076.3 -19919.4 297.595 -100.401 0.864536
696100 -16014 -19896.3 300.629 -2.40902 0.865879
696200 -16015.4 -19879.2 299.195 -22.8359 0.867351
696300 -16091.1 -19906.1 295.418 -116.652 0.86903
696400 -16190.2 -19999.2 294.951 105.827 0.871353
696500 -16257.9 -20077.6 295.783 322.026 0.872333
696600 -16280.9 -20054.5 292.219 -122.732 0.870792
696700 -16188.5 -20018.8 296.601 68.4482 0.869983
696800 -16098.9 -19965.8 299.434 89.4788 0.868917
696900 -16071.4 -19943.7 299.851 -62.8344 0.867098
697000 -16087.4 -19926.2 297.266 -137.573 0.865851
697100 -16090.3 -19898.7 294.905 -3.80516 0.865835
697200 -16020.3 -19954.6 304.66 -95.4047 0.866108
697300 -16073.5 -19980.8 302.562 -81.1968 0.867163
697400 -16173.3 -20006.5 296.824 -130.06 0.86918
697500 -16190.7 -20052.8 299.066 88.5875 0.871998
697600 -16219.3 -20038.4 295.736 248.892 0.873791
697700 -16208.4 -20043.8 297.003 210.63 0.872967
697800 -16125.2 -20010.9 300.897 11.5826 0.87045
697900 -16067.5 -19939.8 299.858 -191.169 0.868259
698000 -16073 -19938.9 299.363 -39.056 0.867821
698100 -16178.7 -19985.5 294.785 -103.666 0.8683
698200 -16214.4 -20017.1 294.469 -156.545 0.869618
698300 -16170 -20043.2 299.924 -20.0643 0.871914
698400 -16145.2 -19987.6 297.546 -14.2488 0.874212
698500 -16062.3 -19950.3 301.071 161.048 0.875843
698600 -16023.8 -19943.9 303.556 -48.6606 0.876304
698700 -16107 -19957.4 298.159 158.975 0.876412
698800 -16151.1 -19970.4 295.756 -288.602 0.875906
698900 -16138 -19981.5 297.624 18.4665 0.877625
699000 -16128.6 -20016.4 301.053 334.489 0.878886
699100 -16231 -20027.4 293.975 141.45 0.87726
699200 -16281.5 -20048.8 291.727 -107.691 0.874459
699300 -16200.5 -20038.6 297.207 -137.597 0.872743
699400 -16148.5 -20003.8 298.542 -37.709 0.872426
699500 -16124.7 -19978.5 298.421 -161.297 0.872699
699600 -16096.5 -19964.4 299.51 -62.1549 0.874301
699700 -16067.7 -19993.3 303.981 160.611 0.876042
699800 -16150.9 -20036.6 300.893 -56.4599 0.8768
699900 -16238.8 -20085.7 297.888 6.40268 0.878027
700000 -16280 -20093.7 295.317 21.6471 0.879113
700100 -16247.9 -20022.5 292.293 97.6903 0.879951
700200 -16138.8 -19978.1 297.306 34.9234 0.879902
700300 -16101.2 -19965.5 299.236 -31.1642 0.879479
700400 -16104.2 -19988.7 300.803 299.55 0.87891
700500 -16184.5 -20013.7 296.521 -86.4635 0.875978
700600 -16237.6 -20054.4 295.564 -94.5826 0.87347
700700 -16218.3 -20036.6 295.675 -265.365 0.872488
700800 -16140 -19993.8 298.42 -131.071 0.873582
700900 -16102.7 -19987.9 300.85 29.2354 0.876164
701000 -16149 -20040.2 301.319 136.839 0.87845
701100 -16234.4 -20066.2 296.72 -149.256 0.880075
701200 -16265.6 -20115.5 298.121 -27.1533 0.882841
701300 -16290.5 -20125.7 296.988 261.125 0.885287
701400 -16345.4 -20125.1 292.684 72.9311 0.885814
701500 -16329.3 -20112.7 292.975 161.141 0.885266
701600 -16212.4 -20033.4 295.885 -40.2912 0.883368
701700 -16143.1 -20010.2 299.46 -98.8611 0.881801
701800 -16128.6 -20015.4 300.977 -45.8205 0.88092
701900 -16185 -19989 294.572 -98.5195 0.880653
702000 -16236.5 -20067.5 296.656 76.0772 0.881179
702100 -16316.9 -20093.6 292.45 -162.65 0.881345
702200 -16309 -20118.5 294.991 211.93 0.882583
702300 -16211.2 -20071.2 298.901 300.349 0.882018
702400 -16174.5 -20038.5 299.215 19.7544 0.878525
702500 -16178.1 -20012.8 296.938 -278.628 0.874549
702600 -16170.7 -20033.8 299.148 -236.558 0.872588
702700 -16203.7 -20049.2 297.779 -163.544 0.872953
702800 -16294.7 -20099.5 294.629 -147.088 0.875293
702900 -16320.6 -20170.4 298.116 199.052 0.879098
703000 -16356.8 -20196.7 297.347 256.248 0.881439
703100 -16417.7 -20186.2 291.819 -53.4808 0.881903
703200 -16350.1 -20193.4 297.607 -91.9684 0.88264
703300 -16268.9 -20146.3 300.253 282.738 0.883962
703400 -16284 -20141 298.666 53.1518 0.883351
703500 -16316.4 -20148.9 296.774 -51.3718 0.881798
703600 -16338.6 -20161.2 296.006 -21.9986 0.880428
703700 -16340.5 -20164 296.078 264.626 0.87851
703800 -16287.4 -20117.1 296.552 -195.483 0.874664
703900 -16197.5 -20085.2 301.054 -168.057 0.87177
704000 -16204.1 -20082.6 300.333 -96.4906 0.870365
704100 -16269.8 -20113.1 297.608 151.768 0.869472
704200 -16307.2 -20111.5 294.591 -233.008 0.867943
704300 -16237.4 -20115 300.271 33.819 0.867799
704400 -16135.4 -20037 302.128 -18.6354 0.867924
704500 -16168.6 -20064.3 301.665 -130.877 0.868218
704600 -16258.6 -20109.2 298.173 -188.702 0.869824
704700 -16310.9 -20174.1 299.15 80.5993 0.873351
704800 -16347.6 -20164.5 295.566 245.307 0.876666
704900 -16318.7 -20129.7 295.11 52.5287 0.877932
705000 -16250.7 -20108 298.695 187.787 0.878339
705100 -16226.6 -20055 296.457 86.6092 0.877248
705200 -16207.6 -20070.8 299.149 114.512 0.874741
705300 -16199.3 -20037.8 297.244 -21.3136 0.871007
705400 -16157.7 -19998.8 297.442 -439.31 0.867934
705500 -16071.8 -19965.3 301.495 13.3514 0.868398
705600 -16060.4 -19949.3 301.145 180.127 0.869156
705700 -16161 -20011.5 298.167 -55.7967 0.8681
705800 -16246.7 -20070.1 296.07 -93.6575 0.867359
705900 -16242.1 -20073.4 296.683 20.8512 0.867546
706000 -16192.2 -20030.4 297.214 -111.445 0.867866
706100 -16106.2 -20001.5 301.638 -56.9299 0.868974
706200 -16089.9 -19937.2 297.924 -212.515 0.871359
706300 -16103.6 -19982.4 300.36 -44.1494 0.876001
706400 -16203.2 -20007.3 294.575 275.853 0.881008
706500 -16341.7 -20164.3 296.009 27.2828 0.884169
706600 -16336.2 -20149.5 295.29 275.766 0.886414
706700 -16268.3 -20096.5 296.447 226.786 0.886247
706800 -16181.5 -20034.1 298.334 50.9186 0.883992
706900 -16143.9 -20005.5 299.029 19.4197 0.880944
707000 -16135.3 -19985.3 298.128 -217.02 0.877933
707100 -16138.3 -19993.5 298.537 -276.247 0.877061
707200 -16176.5 -20036.8 298.924 58.0147 0.878388
707300 -16256 -20074.2 295.663 -60.5858 0.879831
707400 -16280.6 -20082.8 294.425 79.157 0.881474
707500 -16199.1 -20025.1 296.273 122.68 0.882462
707600 -16125.8 -19998.2 299.863 27.1513 0.8825
707700 -16147 -20034.2 301.012 52.2548 0.882045
707800 -16205.2 -20061.1 298.588 252.24 0.88092
707900 -16251.2 -20078.7 296.388 163.567 0.877423
708000 -16253.6 -20090.4 297.115 -85.7872 0.872231
708100 -16208.4 -20014.2 294.71 -281.637 0.868225
708200 -16065 -19944.6 300.424 -46.0345 0.866872
708300 -16045.9 -19871.9 296.266 -119.181 0.86663
708400 -16014.2 -19911.6 301.8 24.3794 0.867338
708500 -16059.8 -19954.3 301.57 43.9378 0.867685
708600 -16143.4 -19955.6 295.2 -381.041 0.868263
708700 -16129.7 -19977.7 297.971 34.2172 0.871599
708800 -16113.9 -20014.1 302.011 280.227 0.874485
708900 -16215.7 -20029.1 295.294 -21.0601 0.875061
709000 -16260.1 -20056 293.943 -127.048 0.875576
709100 -16211.2 -20070 298.816 74.9168 0.87681
709200 -16188.3 -20011.9 296.085 155.335 0.877319
709300 -16158.4 -20001.3 297.576 192.663 0.876391
709400 -16130.9 -19988.4 298.716 60.3762 0.873736
709500 -16137.4 -19986.6 298.072 -159.326 0.871043
709600 -16147.2 -19988.6 297.466 115.211 0.869479
709700 -16154.8 -20030.1 300.088 -255.536 0.867723
709800 -16230.6 -20029.6 294.178 18.6447 0.867802
709900 -16270.1 -20078.3 294.887 -77.5352 0.868277
710000 -16209.1 -20063.1 298.439 -172.735 0.869433
710100 -16099.9 -19976.2 300.168 99.52 0.871593
710200 -16075.4 -19960.5 300.843 -169.376 0.87343
710300 -16103.4 -19951.1 297.949 165.918 0.875857
710400 -16128 -19984.5 298.631 18.5515 0.877167
710500 -16208.4 -20061.9 298.404 213.104 0.877865
710600 -16315.9 -20101.2 293.12 -46.9127 0.876891
710700 -16288.9 -20086 294.031 -142.166 0.876297
710800 -16204.8 -20049.8 297.741 10.8521 0.87699
710900 -16164.8 -20018.4 298.406 -70.3982 0.877801
711000 -16168.5 -20067.5 301.925 89.9589 0.879106
711100 -16255.2 -20068.8 295.309 22.353 0.879449
711200 -16319.6 -20118.2 294.153 -136.935 0.879522
711300 -16273.1 -20133 298.892 19.6817 0.880729
711400 -16169.3 -20062.9 301.499 94.8028 0.881786
711500 -16159.7 -20019 298.856 116.203 0.882019
711600 -16204.7 -20101.3 301.733 113.356 0.881113
711700 -16299.3 -20130.7 296.688 -10.1553 0.879262
711800 -16322.8 -20154.2 296.689 -46.1811 0.877398
711900 -16292.4 -20131.9 297.313 23.8798 0.875767
712000 -16189.7 -20062.8 299.913 -252.725 0.874575
712100 -16120.6 -20038.5 303.386 55.0891 0.87536
712200 -16169.3 -20058.4 301.159 78.0688 0.875847
712300 -16208.3 -20037.9 296.549 -34.2535 0.875631
712400 -16197.2 -20032.9 297.023 263.711 0.875189
712500 -16147.4 -20030.7 300.708 167.601 0.872779
712600 -16108.4 -20011.4 302.238 -125.327 0.869304
712700 -16169.3 -20028.4 298.828 -371.774 0.867579
712800 -16249.9 -20052.1 294.43 -284.913 0.86921
712900 -16229.6 -20049.8 295.826 -26.1885 0.872994
713000 -16155.2 -20024.5 299.624 322.584 0.876172
713100 -16133.5 -19998.1 299.266 169.768 0.876337
713200 -16139.2 -19984.9 297.796 112.112 0.874665
713300 -16138.3 -19994.7 298.626 -42.3345 0.872402
713400 -16163.4 -20020.6 298.685 -194.295 0.871101
713500 -16212.8 -20016.2 294.519 -116.611 0.871434
713600 -16212.8 -20053 297.371 45.8549 0.872853
713700 -16157.7 -20024.4 299.423 198.812 0.873657
713800 -16086.8 -19927.6 297.414 1.36221 0.872704
713900 -16027.4 -19955.5 304.18 84.8088 0.871554
714000 -16098.5 -19979.4 300.528 48.0022 0.869869
714100 -16165.3 -20013.7 298.001 -107.148 0.867926
714200 -16165.1 -19978.7 295.308 -148.429 0.867049
714300 -16118.5 -19982.1 299.186 -119.769 0.867706
714400 -16072.6 -19963.7 301.317 -220.487 0.869777
714500 -16073.8 -19999.9 304.029 178.982 0.873426
714600 -16197.5 -20051.6 298.45 279.356 0.87546
714700 -16234.7 -20025.5 293.551 52.3984 0.874734
714800 -16163.6 -19990.1 296.308 -3.68497 0.873248
714900 -16092.6 -19960.5 299.515 123.581 0.871873
715000 -16093.8 -19954.3 298.936 -11.4392 0.869564
715100 -16111.6 -19940.1 296.467 -277.58 0.867743
715200 -16108.5 -20005 301.725 -55.5316 0.868278
715300 -16179.6 -20025.7 297.826 -226.466 0.869736
715400 -16243.5 -20029.5 293.173 9.42889 0.872808
715500 -16192.9 -20045.2 298.31 224.054 0.875531
715600 -16151 -20030.3 300.399 -55.4254 0.876541
715700 -16178.4 -20041.1 299.114 -159.258 0.87813
715800 -16305.4 -20130.9 296.23 250.567 0.880306
715900 -16346.9 -20132.5 293.142 -9.95984 0.88061
716000 -16278 -20131.7 298.415 255.291 0.880382
716100 -16220.9 -20072 298.211 -93.9219 0.878404
716200 -16168.4 -20025.1 298.654 -43.4635 0.876938
716300 -16071.4 -19947.8 300.171 -219.005 0.876547
716400 -15983.4 -19917.3 304.627 158.565 0.877564
716500 -16034.9 -19948.8 303.079 134.206 0.877561
716600 -16118.9 -19980.3 299.013 -44.3374 0.876327
716700 -16161.9 -20006.8 297.736 -127.316 0.875587
716800 -16202.9 -20067.7 299.27 -121.122 0.876177
716900 -16280.1 -20050.9 291.997 -65.6541 0.877677
717000 -16227.3 -20067.1 297.337 -16.2476 0.879857
717100 -16136.5 -20059.9 303.819 205.811 0.881498
717200 -16191.2 -20099.1 302.612 57.9059 0.881335
717300 -16280.6 -20126.8 297.841 131.56 0.880305
717400 -16322.3 -20116.9 293.842 -189.62 0.878876
717500 -16272.1 -20127.6 298.559 -72.3439 0.878989
717600 -16192.8 -20060.9 299.529 57.9654 0.879629
717700 -16155.3 -20050.5 301.63 18.6274 0.879874
717800 -16260.7 -20087 296.291 -271.268 0.880297
717900 -16335.5 -20152.7 295.593 -142.603 0.882824
718000 -16330.2 -20179.2 298.053 355.819 0.885611
718100 -16313 -20160.1 297.905 213.352 0.885446
718200 -16263.6 -20133.4 299.667 79.9343 0.883255
718300 -16209.9 -20110.6 302.052 -140.775 0.880705
718400 -16229.3 -20079.9 298.172 34.0311 0.879429
718500 -16305.4 -20117.2 295.17 -141.557 0.878353
718600 -16352.4 -20220.4 299.523 -53.916 0.87817
718700 -16451.6 -20246.5 293.861 144.239 0.878595
718800 -16456.6 -20201 289.952 -43.6266 0.8781
718900 -16369.2 -20163.2 293.789 -112.172 0.87775
719000 -16296.7 -20126.4 296.558 198.634 0.878223
719100 -16227.2 -20089.4 299.076 118.921 0.877254
719200 -16188.4 -20061.3 299.9 -55.6524 0.874935
719300 -16174.9 -20017.9 297.587 -225.637 0.873193
719400 -16114.3 -19969.7 298.545 3.30351 0.873389
719500 -16048.2 -19968.9 303.603 77.9562 0.873925
719600 -16098.5 -19968.2 299.657 -1.23798 0.873689
719700 -16189.9 -20017 296.355 -214.298 0.873628
719800 -16219.2 -20076 298.654 -140.15 0.875308
719900 -16230.7 -20070.4 297.326 39.9137 0.87846
720000 -16231.3 -20070.3 297.278 116.529 0.881596
720100 -16188.1 -20071.4 300.706 189.495 0.883382
720200 -16121.9 -20025.7 302.299 256.927 0.883254
720300 -16146.7 -20014.4 299.499 2.62154 0.880947
720400 -16225.1 -20033.8 294.924 -139.342 0.878293
720500 -16257.8 -20088.4 296.622 -142.522 0.877075
720600 -16275.3 -20101.4 296.277 -109.492 0.877525
720700 -16263.2 -20112.3 298.058 -27.3682 0.878947
720800 -16223.3 -20068.8 297.779 291.438 0.88003
720900 -16167.3 -20048 300.509 67.479 0.878882
721000 -16142.8 -19986.1 297.61 56.5003 0.876635
721100 -16086.8 -19939.7 298.352 -110.264 0.874175
721200 -16002 -19905.8 302.295 -69.4428 0.872444
721300 -16034.5 -19931.4 301.761 -158.368 0.871697
721400 -16125 -19985.3 298.926 56.3886 0.872339
721500 -16167.3 -20035.3 299.53 28.9712 0.872519
721600 -16218.2 -20093.4 300.078 -170.963 0.872833
721700 -16305.9 -20164.7 298.817 31.1938 0.874629
721800 -16344.5 -20137.8 293.737 115.361 0.87626
721900 -16299.4 -20135.5 297.053 -9.2775 0.877165
722000 -16264.3 -20132.4 299.532 11.9888 0.877979
722100 -16256.5 -20074.4 295.647 -19.9321 0.879161
722200 -16192.3 -20120.8 304.202 304.406 0.880346
722300 -16126.9 -20038.5 302.901 7.22961 0.879074
722400 -16134.2 -20004.8 299.726 6.17306 0.876974
722500 -16217.1 -20090.4 299.928 -35.6859 0.87446
722600 -16303 -20117.6 295.388 -164.018 0.871797
722700 -16277.1 -20068.5 293.595 -344.629 0.87056
722800 -16192.2 -20036.7 297.7 116.242 0.872076
722900 -16156.8 -20010.1 298.38 112.998 0.873336
723000 -16156.4 -20025.2 299.579 90.1208 0.87341
723100 -16211.8 -20031.1 295.752 -1.58686 0.87254
723200 -16310.4 -20108.9 294.139 -101.392 0.871975
723300 -16326.3 -20145.2 295.724 -70.4861 0.872076
723400 -16210.3 -20066.3 298.598 -24.091 0.872902
723500 -16138.1 -20037.2 301.925 -13.6945 0.874168
723600 -16197.8 -20063 299.31 273.339 0.875098
723700 -16251.3 -20056.5 294.656 149.888 0.873755
723800 -16210.4 -20039.9 296.537 -40.9082 0.870778
723900 -16118.9 -19979.5 298.946 -248.928 0.868083
724000 -16081.8 -19924.4 297.56 -68.0223 0.867645
724100 -16071.9 -19944.2 299.852 -51.9037 0.868248
724200 -16106.4 -19978.4 299.83 -346.144 0.869739
724300 -16187.9 -19994.9 294.795 49.3455 0.874161
724400 -16211.5 -20059.5 297.976 171.462 0.878587
724500 -16223.5 -20085.2 299.039 419.132 0.880671
724600 -16293.6 -20085.7 293.647 13.7063 0.879283
724700 -16300.8 -20081.7 292.774 -352.89 0.877905
724800 -16207.5 -20087.1 300.422 7.55443 0.879439
724900 -16191.5 -20070.1 300.342 322.735 0.880813
725000 -16252.6 -20092.1 297.31 179.281 0.879211
725100 -16309 -20106.7 294.083 -228.263 0.876456
725200 -16262 -20123.7 299.033 50.3899 0.875165
725300 -16137 -20017.7 300.505 77.3687 0.873718
725400 -16121.4 -20016.3 301.61 -121.705 0.871847
725500 -16187.5 -20014.1 296.317 -246.003 0.871107
725600 -16224.9 -20074.2 298.074 -248.411 0.87267
725700 -16275.1 -20119 297.651 115.481 0.876211
725800 -16397.2 -20189.5 293.664 84.3803 0.87898
725900 -16397.6 -20206.1 294.913 52.5983 0.880734
726000 -16331 -20197.4 299.393 104.611 0.88182
726100 -16317.1 -20215.3 301.859 162.929 0.881528
726200 -16410.8 -20206.7 293.935 41.2591 0.880024
726300 -16447.8 -20207.5 291.134 -11.274 0.878307
726400 -16382.7 -20165.4 292.917 -161.975 0.876887
726500 -16318.5 -20169.7 298.222 26.0626 0.876939
726600 -16275.8 -20144.6 299.583 13.1805 0.877105
726700 -16270.8 -20129.9 298.835 135.671 0.876941
726800 -16332.4 -20185.4 298.356 -170.041 0.876117
726900 -16405.9 -20174.5 291.824 -74.8987 0.87646
727000 -16350.5 -20166.2 295.473 199.205 0.877338
727100 -16277.8 -20085.3 294.835 31.6425 0.876639
727200 -16221.9 -20071.5 298.103 12.9194 0.875589
727300 -16183.6 -20023.8 297.376 144.782 0.874143
727400 -16135.8 -20017.3 300.57 -113.765 0.87197
727500 -16126.9 -19982.5 298.568 212.717 0.870591
727600 -16150.2 -20004 298.428 -173.784 0.868358
727700 -16199.2 -20040.4 297.45 -37.5821 0.867181
727800 -16249.7 -20051.6 294.408 -155.509 0.866868
727900 -16227.6 -20066.6 297.281 -80.5854 0.867757
728000 -16141.6 -20032.3 301.278 68.4864 0.869424
728100 -16089.1 -19996.8 302.6 60.9483 0.870707
728200 -16146.8 -20008.7 299.047 13.5812 0.871171
728300 -16242.3 -20031.8 293.446 3.54088 0.871391
728400 -16199.1 -20008.1 294.956 -216.263 0.87205
728500 -16120.1 -19989.6 299.638 203.354 0.873959
728600 -16126.2 -20001.8 300.115 157.943 0.874448
728700 -16162.2 -19980.2 295.648 -171.632 0.873492
728800 -16139.8 -19977.1 297.147 13.9098 0.873718
728900 -16019 -19912.4 301.49 219.911 0.874006
729000 -15977.7 -19908.9 304.419 -94.182 0.87249
729100 -16069.2 -19986.3 303.326 -216.284 0.87167
729200 -16161 -20014.3 298.382 -32.3538 0.872689
729300 -16198.1 -20020.8 296.018 -34.1591 0.874473
729400 -16182.4 -20056.8 300.024 420.338 0.875972
729500 -16207.9 -20059.1 298.222 115.368 0.874082
729600 -16280.9 -20057.4 292.44 -178.047 0.870977
729700 -16249.4 -20071.8 295.991 -110.805 0.869392
729800 -16138.8 -19973.6 296.956 172.733 0.868592
729900 -16098 -19972.7 300.047 -85.8699 0.866695
730000 -16114.4 -19953.6 297.293 -131.934 0.865419
730100 -16122.1 -19950.5 296.456 -66.7448 0.865414
730200 -16074.3 -19992.4 303.401 -163.628 0.866391
730300 -16082.2 -19932.1 298.122 139.807 0.868413
730400 -16149.1 -20004.7 298.562 -61.3235 0.8698
730500 -16230 -20051.2 295.9 2.55096 0.871425
730600 -16256.5 -20093.5 297.123 77.6037 0.87331
730700 -16252.9 -20084.6 296.715 -73.2387 0.87497
730800 -16160.3 -20023.1 299.117 276.431 0.876461
730900 -16098.4 -20001.9 302.273 113.727 0.875974
731000 -16138.4 -19990 298.252 93.3975 0.873985
731100 -16223.4 -20070.8 297.932 -280.025 0.871232
731200 -16274.5 -20085.9 295.144 -62.025 0.870379
731300 -16258 -20091.2 296.831 91.6446 0.870444
731400 -16224.8 -20030.1 294.664 -140.549 0.86968
731500 -16162.9 -19974.2 295.135 -22.9896 0.869778
731600 -16129.4 -20005.6 300.159 35.2228 0.870428
731700 -16143.6 -20000.8 298.691 146.228 0.87092
731800 -16194.5 -20069 300.026 288.814 0.869743
731900 -16304.8 -20098.8 293.793 -179.812 0.865494
732000 -16278.1 -20038.5 291.19 -282.774 0.861985
732100 -16180.2 -19987.9 294.852 -380.32 0.861019
732200 -16104.1 -19964.3 298.924 -303.171 0.864055
732300 -16089.4 -19980.7 301.334 47.3571 0.870068
732400 -16167.9 -20011.2 297.613 174.61 0.875785
732500 -16222 -20070.6 298.018 420.902 0.879385
732600 -16237.7 -20083.5 297.81 259.524 0.87866
732700 -16234.5 -20051 295.536 -99.3664 0.875852
732800 -16192.3 -20062.5 299.69 21.8017 0.873853
732900 -16114.1 -19988.3 300.005 -9.72333 0.871752
733000 -15992.3 -19920.3 304.167 7.30558 0.870046
733100 -16034.7 -19930 301.643 -81.0005 0.868642
733200 -16132.2 -20013.1 300.524 -208.346 0.86831
733300 -16191.8 -20019.1 296.372 -54.3323 0.869768
733400 -16191.8 -20041 298.066 -17.7086 0.871686
733500 -16185 -20082.2 301.783 164.872 0.87337
733600 -16275.9 -20073.2 294.045 245.701 0.873395
733700 -16332.7 -20175 297.537 63.9153 0.871368
733800 -16332.9 -20114.7 292.848 -83.1542 0.868866
733900 -16212.5 -20078.6 299.38 -107.622 0.867415
734000 -16174.3 -20044 299.649 -122.492 0.867022
734100 -16192.4 -20044.7 298.304 57.9097 0.867482
734200 -16223.1 -20028.2 294.651 -77.8332 0.867617
734300 -16178.5 -20023.1 297.705 -66.3513 0.868436
734400 -16095.5 -20004.6 302.71 141.327 0.869797
734500 -16108.1 -19970.9 299.118 124.357 0.869941
734600 -16215.9 -20068.4 298.318 41.4669 0.86896
734700 -16290.2 -20135.1 297.734 -480.614 0.867942
734800 -16295.7 -20131.1 297.004 -73.3403 0.870574
734900 -16290.5 -20143 298.322 219.216 0.874215
735000 -16310.6 -20143.2 296.784 283.835 0.875727
735100 -16314 -20147.1 296.822 -5.696 0.874744
735200 -16292.5 -20148.6 298.603 -136.428 0.873597
735300 -16240 -20055.3 295.439 -86.588 0.873911
735400 -16134.4 -19983.8 298.079 119.604 0.874763
735500 -16104.4 -19990.9 300.95 -280.023 0.875264
735600 -16152.1 -20024.3 299.846 163.485 0.877483
735700 -16232.7 -20079 297.846 105.246 0.87838
735800 -16273.9 -20100.2 296.296 102.27 0.87804
735900 -16257.5 -20097.4 297.349 -71.9433 0.8771
736000 -16228.5 -20078.5 298.131 -123.017 0.876801
736100 -16213.6 -20086.7 299.917 199.048 0.87727
736200 -16271.8 -20063.7 293.625 -12.0901 0.876317
736300 -16301.2 -20095.9 293.844 -186.226 0.875591
736400 -16221.6 -20061.4 297.337 212.06 0.876245
736500 -16151.3 -20019.3 299.521 131.875 0.875235
736600 -16152 -20026.9 300.06 -108.589 0.873026
736700 -16189.6 -19998.6 294.952 13.1421 0.871701
736800 -16169.9 -19997.5 296.399 -127.35 0.870756
736900 -16073.3 -19975.1 302.138 -13.4164 0.870908
737000 -16075.6 -19983 302.575 -39.8458 0.871659
737100 -16173.4 -20036.2 299.118 -165.012 0.872667
737200 -16223.4 -20044.8 295.918 -89.0168 0.874849
737300 -16216.4 -20075.4 298.825 48.6837 0.877548
737400 -16182.6 -20004.7 295.968 49.0363 0.879331
737500 -16076.7 -20020.5 305.398 203.666 0.880295
737600 -16112.8 -20004.5 301.358 124.517 0.879439
737700 -16181.6 -20009.8 296.442 -242.249 0.877883
737800 -16181.1 -20038.1 298.665 -158.293 0.878289
737900 -16180 -20052.9 299.9 86.4267 0.879911
738000 -16276.9 -20080.8 294.562 101.908 0.880892
738100 -16335.3 -20122 293.23 9.35455 0.880808
738200 -16301.8 -20147.4 297.789 -237.51 0.880999
738300 -16286.9 -20137.6 298.186 50.13 0.882883
738400 -16280.2 -20129.1 298.042 282.302 0.884048
738500 -16274.8 -20133.7 298.815 69.0494 0.882877
738600 -16265.9 -20111.9 297.816 56.783 0.881021
738700 -16247.7 -20086.5 297.266 42.4321 0.878755
738800 -16199.2 -20059.7 298.947 -116.713 0.876161
738900 -16142.9 -20012.5 299.648 -135.125 0.874654
739000 -16119.8 -19991.8 299.83 -372.457 0.875102
739100 -16156.3 -20007.2 298.196 -70.8669 0.878666
739200 -16253.7 -20123.7 299.679 229.441 0.882604
739300 -16337.7 -20146.2 294.916 195.688 0.884291
739400 -16325 -20142.2 295.585 122.942 0.884164
739500 -16260.8 -20146.7 300.906 41.1543 0.882783
739600 -16249.9 -20106.7 298.657 207.369 0.880638
739700 -16255.7 -20114.8 298.839 79.6227 0.877068
739800 -16293.4 -20114.4 295.888 -10.2927 0.872599
739900 -16287.2 -20071.9 293.072 -421.22 0.869173
740000 -16187.5 -20026.3 297.262 -17.1126 0.869322
740100 -16121.7 -19982.6 298.979 5.93794 0.870063
740200 -16110.5 -19993.9 300.721 -61.2469 0.870766
740300 -16190 -20029.4 297.306 -53.0993 0.87219
740400 -16255.8 -20056.2 294.286 135.547 0.874128
740500 -16242.3 -20082.6 297.38 72.6075 0.874644
740600 -16207.5 -20027.6 295.82 -124.232 0.874466
740700 -16158.4 -20037.7 300.405 -62.047 0.875523
740800 -16174.1 -20069 301.61 295.117 0.876584
740900 -16230.3 -20097.2 299.44 -29.919 0.875379
741000 -16254.7 -20100.1 297.774 -96.9289 0.874157
741100 -16266.4 -20119.5 298.363 -229.262 0.874121
741200 -16276 -20077.2 294.354 -0.152555 0.875935
741300 -16204.3 -20057.7 298.391 62.0489 0.87846
741400 -16116.1 -20002.6 300.959 42.3866 0.880271
741500 -16121.1 -20019.2 301.858 275.585 0.881205
741600 -16202.1 -20061.2 298.831 164.163 0.879835
741700 -16229.5 -20041.9 295.223 -226.739 0.877183
741800 -16206.8 -20064.8 298.749 -109.413 0.876301
741900 -16171.6 -20016.4 297.728 -94.8784 0.876395
742000 -16092.7 -20017.8 303.948 150.876 0.877152
742100 -16106.4 -19996.2 301.209 263.73 0.876495
742200 -16231.2 -20061.9 296.63 -33.9387 0.873585
742300 -16252.5 -20028 292.362 -73.2698 0.870804
742400 -16168.5 -19993.8 296.219 -91.5357 0.868928
742500 -16094.3 -19929.9 297.016 -149.463 0.867895
742600 -16064 -19930.4 299.399 -169.956 0.868282
742700 -16067.3 -19926 298.808 58.2781 0.870108
742800 -16113 -19953.4 297.387 148.772 0.871502
742900 -16212.1 -20033.7 295.931 -90.9804 0.871876
743000 -16241.5 -20048.9 294.833 -92.5461 0.872955
743100 -16191.7 -20059.6 299.51 -14.8666 0.87512
743200 -16107.4 -19995.8 301.098 294.004 0.877463
743300 -16013.5 -19950.4 304.859 15.4076 0.877656
743400 -16059.3 -19950 301.282 -4.71433 0.877182
743500 -16179.7 -20059.7 300.446 -119.729 0.876984
743600 -16217.5 -20038.9 295.912 88.3471 0.877402
743700 -16212 -20062 298.127 25.1605 0.877523
743800 -16204.9 -20066 298.984 -18.6769 0.877512
743900 -16217.7 -20067 298.078 -101.904 0.877691
744000 -16244 -20073.7 296.558 97.588 0.878627
744100 -16269.4 -20108.2 297.263 -16.9976 0.879246
744200 -16298.6 -20127.7 296.51 -15.7074 0.880025
744300 -16313.6 -20112.8 294.196 -113.634 0.881266
744400 -16228.5 -20082.8 298.462 216.403 0.883298
744500 -16175.9 -20063.4 301.031 524.959 0.883402
744600 -16193.6 -20022.1 296.471 -180.345 0.87919
744700 -16181.1 -20021.1 297.353 -20.3778 0.875465
744800 -16093.8 -19960 299.383 -45.552 0.872189
744900 -16020.5 -19886.7 299.385 -202.935 0.869632
745000 -16007.3 -19890.8 300.723 -42.4866 0.868836
745100 -16081.2 -19904.6 296.067 -178.793 0.868814
745200 -16153.4 -19983.1 296.557 -158.32 0.870529
745300 -16166.2 -20012.6 297.846 128.172 0.873285
745400 -16149 -19979.1 296.594 55.8439 0.875168
745500 -16038.2 -19965.9 304.146 316.297 0.876202
745600 -16037.6 -19943.6 302.466 68.0655 0.874544
745700 -16135.8 -19988.3 298.317 -28.5414 0.872006
745800 -16174.7 -20002.5 296.404 -89.5084 0.87005
745900 -16158.1 -19997.9 297.332 -32.3509 0.868901
746000 -16095.2 -19956.3 298.993 -65.4146 0.867859
746100 -15989.9 -19893.7 302.296 -130.012 0.867509
746200 -15990.2 -19937.3 305.654 -172.608 0.868791
746300 -16062.9 -19933.6 299.725 84.5034 0.871329
746400 -16110.4 -19989.2 300.358 165.99 0.873326
746500 -16204.3 -20069.6 299.318 244.266 0.8737
746600 -16255.9 -20057.3 294.365 -197.638 0.872208
746700 -16200.9 -20013.5 295.228 -127.626 0.872119
746800 -16130.4 -19997.7 299.468 151.713 0.87297
746900 -16107.7 -19948.6 297.429 -54.2124 0.872684
747000 -16090.8 -19942.2 298.235 -252.306 0.873139
747100 -16079.8 -19918.8 297.276 168.666 0.875755
747200 -16019.9 -19926.3 302.495 252.744 0.877095
747300 -15993.6 -19855.9 299.081 -20.7772 0.876247
747400 -16026.1 -19872.1 297.824 21.1456 0.87522
747500 -16093.1 -19946.7 298.408 -165.941 0.874282
747600 -16182.9 -19998.1 295.431 -6.0526 0.874529
747700 -16199.7 -19994.6 293.862 -46.8831 0.87497
747800 -16145.7 -19958.8 295.271 20.2997 0.876093
747900 -16110.9 -19974.7 299.204 104.201 0.877221
748000 -16111 -19940.2 296.521 3.04429 0.877406
748100 -16077.3 -19922.6 297.77 -38.598 0.877723
748200 -15982.2 -19853.2 299.752 291.853 0.877866
748300 -15933.5 -19838.2 302.363 91.7081 0.875614
748400 -15977.7 -19832.1 298.473 -70.779 0.871854
748500 -16020 -19879.8 298.887 -229.338 0.868413
748600 -16035.3 -19845.2 295.02 -110.697 0.866875
748700 -15978.6 -19793.5 295.414 -20.0635 0.866567
748800 -15903.1 -19781.7 300.34 70.942 0.866446
748900 -15894.9 -19748.5 298.41 -119.195 0.865846
749000 -15927.9 -19813 300.847 -10.3943 0.866109
749100 -16044.7 -19883.3 297.242 62.9209 0.866551
749200 -16087.5 -19910 295.997 -92.8341 0.866561
749300 -16064.9 -19906.2 297.45 9.43383 0.867373
749400 -16001.3 -19893.6 301.408 84.9165 0.868248
749500 -15933.8 -19831.3 301.805 -50.0383 0.868306
749600 -15934.5 -19806 299.796 104.312 0.86859
749700 -16010.9 -19839.8 296.493 -35.5994 0.868261
749800 -16076.4 -19914.1 297.176 -109.695 0.868293
749900 -16124.3 -19955.3 296.657 89.5103 0.869121
750000 -16175.3 -19966.1 293.55 -60.4247 0.869488
750100 -16179.9 -19981.1 294.351 70.3685 0.870011
750200 -16096.1 -19982.3 300.933 -101.482 0.870328
750300 -16090.6 -19980.1 301.184 -8.19635 0.871647
750400 -16179.5 -20019.4 297.344 164.331 0.872862
750500 -16246 -20015.4 291.888 0.531278 0.872977
750600 -16207 -20032.9 296.26 42.2846 0.87309
750700 -16150.1 -19989.4 297.301 -99.9963 0.872721
750800 -16102 -19929.2 296.364 91.4644 0.873089
750900 -16047.4 -19950.9 302.267 182.418 0.872722
751000 -16088.4 -19953.9 299.326 68.889 0.870374
751100 -16219.1 -19994.3 292.334 -167.776 0.867383
751200 -16178.2 -19978 294.239 -89.3741 0.865571
751300 -16084.1 -19924.5 297.387 56.7515 0.864428
751400 -16033.3 -19914 300.51 -200.541 0.863173
751500 -16058.2 -19919 298.965 -169.45 0.863605
751600 -16142.9 -19977.6 296.949 -208.986 0.866037
751700 -16229 -20040.2 295.126 -55.6232 0.870377
751800 -16235 -20081.5 297.857 201.013 0.875379
751900 -16233.7 -20076.5 297.575 257.043 0.878446
752000 -16229.6 -20075.9 297.843 -52.6895 0.879224
752100 -16222.9 -20087.6 299.265 172.211 0.879703
752200 -16293.4 -20109 295.466 -144.179 0.879014
752300 -16381.9 -20169.2 293.277 -69.1617 0.879309
752400 -16352.5 -20178.7 296.286 40.9686 0.88063
752500 -16272.4 -20157.3 300.831 220.564 0.881213
752600 -16253 -20113.8 298.964 -15.9316 0.879996
752700 -16266.2 -20090.8 296.163 -39.2009 0.878582
752800 -16214.9 -20107.4 301.426 -137.457 0.877805
752900 -16171.4 -20002.8 296.686 53.5727 0.878093
753000 -16110.3 -19991.1 300.519 91.2007 0.878176
753100 -16112.5 -20020.9 302.648 228.389 0.877208
753200 -16205.3 -20036.5 296.677 -201.984 0.874449
753300 -16229.1 -20051.4 295.982 -58.992 0.873007
753400 -16199.8 -20051 298.218 -151.982 0.872543
753500 -16192.2 -20074.6 300.638 167.297 0.872945
753600 -16271.2 -20080.3 294.968 -165.987 0.872403
753700 -16393.6 -20196.3 294.465 -110.486 0.873116
753800 -16402.6 -20225.2 296.004 48.4316 0.875128
753900 -16363.4 -20183.2 295.788 22.8133 0.876904
754000 -16287.7 -20137.1 298.08 42.8164 0.878506
754100 -16255.9 -20136 300.456 112.319 0.879674
754200 -16282.6 -20163.9 300.555 26.6076 0.87969
754300 -16342.4 -20211.4 299.6 -107.763 0.879785
754400 -16383.9 -20180.6 294.004 -168.955 0.880773
754500 -16347.4 -20179.8 296.765 -17.5763 0.883391
754600 -16312.2 -20153.9 297.486 -22.8046 0.886746
754700 -16290.3 -20148.8 298.781 367.475 0.889934
754800 -16297.8 -20130.2 296.766 353.961 0.890215
754900 -16285.5 -20146.4 298.975 -32.8994 0.887289
755000 -16224.4 -20124 301.972 -23.3989 0.884109
755100 -16203.9 -20064.3 298.937 -112.537 0.881221
755200 -16197.4 -20049.5 298.292 194.727 0.878691
755300 -16220.8 -20071.5 298.18 -111.942 0.874761
755400 -16280.1 -20088.8 294.931 -404.328 0.872058
755500 -16274.5 -20085 295.072 -276.076 0.872985
755600 -16172 -20060.1 301.081 -143.959 0.876681
755700 -16145.2 -20042.8 301.816 175.676 0.881548
755800 -16203.6 -20080.3 300.202 168.648 0.884847
755900 -16264.4 -20135.1 299.728 165.766 0.886107
756000 -16298.4 -20137.4 297.273 145.043 0.885493
756100 -16304.1 -20134.7 296.631 162.598 0.883661
756200 -16259.9 -20118.6 298.808 47.2194 0.880726
756300 -16152.1 -20039.8 301.049 -92.686 0.877829
756400 -16111.4 -19987.7 300.169 -106.616 0.876179
756500 -16125.6 -19960.9 296.984 -39.246 0.875852
756600 -16125.3 -19995.6 299.702 293.391 0.875388
756700 -16203.8 -20001.8 294.105 -288.613 0.873238
756800 -16250.2 -20054.3 294.573 -55.8632 0.87322
756900 -16215.1 -20077.7 299.106 -218.863 0.874475
757000 -16193.9 -20088.1 301.554 34.4074 0.877119
757100 -16263.6 -20115.5 298.276 94.0187 0.879242
757200 -16331.9 -20103.5 292.058 -26.2938 0.880488
757300 -16268.6 -20070.3 294.385 92.3917 0.881396
757400 -16200.8 -20060.9 298.909 124.24 0.8814
757500 -16196.9 -20038.3 297.458 58.433 0.880617
757600 -16193.5 -20056.2 299.111 152.063 0.878947
757700 -16199 -20008.1 294.958 -186.496 0.876444
757800 -16153.6 -20036.2 300.656 -105.605 0.875612
757900 -16134.8 -20025.3 301.267 109.688 0.875739
758000 -16214.3 -20076.7 299.088 -73.7508 0.875269
758100 -16285.7 -20122.5 297.106 199.43 0.875012
758200 -16292.1 -20112.3 295.822 -164.75 0.873449
758300 -16230.5 -20079.2 298.028 35.2875 0.872764
758400 -16138.1 -20029.5 301.337 181.139 0.872112
758500 -16133.6 -20001.4 299.504 22.0518 0.870071
758600 -16140 -19976.1 297.052 -272.69 0.867974
758700 -16132.3 -20006.1 299.975 -173.116 0.868404
758800 -16172.1 -20017.8 297.798 156.366 0.870116
758900 -16269.1 -20066.7 294.07 -242.761 0.871043
759000 -16298.4 -20094.6 293.965 14.2254 0.873715
759100 -16194.3 -20082.1 301.057 179.828 0.876476
759200 -16116 -20017.9 302.151 255.997 0.877286
759300 -16156 -20056.7 302.051 99.4168 0.875599
759400 -16223 -20074 298.208 -42.836 0.872776
759500 -16270.6 -20107.9 297.145 -201.114 0.870836
759600 -16288.5 -20081.5 293.718 -89.0235 0.870627
759700 -16180.2 -20074.8 301.581 96.661 0.871298
759800 -16131.6 -20018.5 300.988 171.404 0.871132
759900 -16167 -20011.8 297.723 -420.183 0.870059
760000 -16187.5 -20014.7 296.364 -241.221 0.872378
760100 -16136.9 -20014.4 300.252 330.797 0.876344
760200 -16050 -19967.5 303.358 195.834 0.877497
760300 -16073.9 -19943.2 299.622 -227.487 0.876946
760400 -16170.4 -20014.7 297.688 145.685 0.877741
760500 -16235.4 -20078.3 297.584 89.19 0.877502
760600 -16250.9 -20101.9 298.207 -84.6883 0.876616
760700 -16259.8 -20113.9 298.445 -175.432 0.876788
760800 -16275.5 -20116.3 297.417 185.357 0.877879
760900 -16329.8 -20154 296.135 186.3 0.877493
761000 -16374.6 -20181.9 294.821 -75.5041 0.875605
761100 -16347.9 -20189.6 297.49 -37.6803 0.874158
761200 -16257 -20109.1 298.29 -137.846 0.873451
761300 -16200.2 -20065.3 299.299 -121.142 0.874187
761400 -16193.9 -20066.3 299.868 -19.4006 0.875928
761500 -16235.1 -20098.2 299.144 -11.5952 0.877764
761600 -16350 -20126.9 292.472 -60.5758 0.879619
761700 -16326.3 -20118.5 293.657 -156.372 0.882148
761800 -16256.1 -20146.1 301.227 185.19 0.885439
761900 -16270.2 -20138.8 299.564 87.4878 0.886939
762000 -16334.5 -20187.1 298.334 42.7766 0.887448
762100 -16416.5 -20230.1 295.31 166.143 0.887442
762200 -16431.4 -20208.7 292.501 10.5869 0.885994
762300 -16348.5 -20163.9 295.444 43.2505 0.884499
762400 -16296.8 -20104.9 294.881 -171.07 0.883049
762500 -16214.8 -20085.5 299.731 127.636 0.882653
762600 -16187.7 -20078.3 301.269 48.5703 0.881549
762700 -16251.4 -20107.1 298.569 -138.123 0.879947
762800 -16322.6 -20142.4 295.793 -140.232 0.879762
762900 -16335.7 -20165.8 296.589 -23.6838 0.880905
763000 -16276.4 -20130.5 298.445 272.914 0.882055
763100 -16166.4 -20039.6 299.92 254.439 0.880728
763200 -16152.5 -20041.8 301.175 -167.014 0.877254
763300 -16191.4 -19983.9 293.678 -212.521 0.875218
763400 -16136.9 -20012.9 300.138 -74.8425 0.875174
763500 -16023 -19955.6 304.521 194.438 0.875662
763600 -16032.9 -19873.2 297.381 -329.219 0.875249
763700 -16047.2 -19920.9 299.963 -36.1619 0.877172
763800 -16072 -19975.4 302.259 76.5343 0.879704
763900 -16147.1 -19997.1 298.13 -86.4649 0.881483
764000 -16185.7 -20018.6 296.809 141.876 0.883683
764100 -16191.9 -20040 297.983 351.641 0.884401
764200 -16236.5 -20092.9 298.621 173.984 0.882121
764300 -16328.4 -20070.8 289.798 -144.137 0.878612
764400 -16264.1 -20047.8 293.001 -130.79 0.876929
764500 -16180.6 -20033.5 298.349 -138.236 0.87688
764600 -16164.6 -20037.7 299.912 -188.172 0.87831
764700 -16186.5 -20026.2 297.329 193.559 0.880532
764800 -16242.5 -20102.9 298.939 -96.5261 0.881063
764900 -16334.3 -20143 294.928 -310.59 0.882082
765000 -16333.2 -20132.5 294.201 237.874 0.885035
765100 -16247.2 -20069.5 295.983 513.931 0.885483
765200 -16190.1 -20029.7 297.327 13.2778 0.881896
765300 -16162.1 -20036.2 299.999 -245.809 0.878574
765400 -16178 -20030.7 298.332 76.8519 0.877512
765500 -16264.5 -20124.3 298.882 20.8022 0.876484
765600 -16341.7 -20144.9 294.504 66.746 0.875162
765700 -16308 -20082 292.245 -142.652 0.873526
765800 -16221.1 -20066.5 297.77 -55.993 0.87321
765900 -16191.4 -20015.5 296.127 -33.7883 0.873489
766000 -16130.8 -19952.9 295.974 53.579 0.874159
766100 -16063.5 -19968.9 302.42 2.073 0.874769
766200 -16095.6 -19977.3 300.585 141.508 0.874744
766300 -16153.8 -20004.6 298.188 -116.379 0.873637
766400 -16176.4 -19998.8 295.989 -117.486 0.873347
766500 -16161.5 -20025.1 299.184 -73.8072 0.874474
766600 -16170.5 -20028.5 298.753 63.4579 0.876292
766700 -16197.5 -20067.8 299.702 166.285 0.877242
766800 -16238.3 -20048.6 295.062 39.9798 0.876671
766900 -16200.3 -20039.9 297.322 3.97244 0.875839
767000 -16089 -19974.8 300.905 4.89647 0.875017
767100 -16062.5 -19966 302.272 -44.5718 0.873972
767200 -16125.7 -19964.3 297.25 -163.793 0.873466
767300 -16190.9 -20023 296.739 -32.6366 0.874463
767400 -16212.2 -20044.5 296.763 -82.0797 0.876113
767500 -16210.4 -20121.6 302.866 130.558 0.878313
767600 -16321 -20133.4 295.22 33.5915 0.879559
767700 -16355 -20190.8 297.027 28.1277 0.880247
767800 -16332.4 -20152.5 295.814 5.97851 0.880886
767900 -16233 -20104.9 299.826 143.172 0.881058
768000 -16177.6 -20034 298.624 -289.491 0.880495
768100 -16195.9 -20094.1 301.864 -72.0053 0.882302
768200 -16259 -20116.9 298.742 233.613 0.884996
768300 -16303.4 -20144.9 297.467 166.362 0.885703
768400 -16310.7 -20152.1 297.467 197.179 0.884621
768500 -16298.7 -20083.8 293.1 21.7719 0.8815
768600 -16234.8 -20015.2 292.734 -287.359 0.877946
768700 -16172.7 -20027.7 298.519 -104.426 0.876702
768800 -16143.2 -19997 298.423 119.324 0.876703
768900 -16112.1 -19975.6 299.178 17.2883 0.875656
769000 -16076.8 -19965.8 301.146 -264.143 0.874455
769100 -16131.5 -20012.4 300.525 186.833 0.875523
769200 -16223.8 -20031.3 294.838 -59.6594 0.875469
769300 -16196.9 -19970.5 292.215 -387.564 0.875928
769400 -16098.9 -19963.4 299.257 354.982 0.879455
769500 -16100.7 -19987.1 300.95 25.7724 0.881129
769600 -16171.6 -20030.3 298.804 -342.571 0.882501
769700 -16236.8 -20072.9 297.053 228.222 0.886685
769800 -16266.6 -20141.5 300.056 215.723 0.889827
769900 -16296.7 -20124.3 296.39 188.014 0.890808
770000 -16299.8 -20144.5 297.724 216.202 0.889897
770100 -16283.1 -20099 295.491 -16.7221 0.886729
770200 -16225.1 -20054.7 296.544 -33.7021 0.883002
770300 -16172.5 -20076.7 302.321 -204.02 0.880037
770400 -16202 -20077.1 300.073 88.1965 0.878297
770500 -16232.9 -20073.2 297.373 -302.68 0.876426
770600 -16223.4 -20031.3 294.871 -86.7282 0.877043
770700 -16139.7 -19974.5 296.952 38.8362 0.878761
770800 -16072.2 -19949.5 300.247 97.3015 0.880139
770900 -16081.8 -19956.8 300.066 49.7749 0.88073
771000 -16147.6 -20014.2 299.413 271.719 0.880539
771100 -16199.1 -19998.8 294.227 -115.437 0.878145
771200 -16165.2 -20006.5 297.449 -98.576 0.875919
771300 -16152.1 -20041.7 301.197 -245.383 0.874841
771400 -16182.3 -20019.4 297.126 -43.9658 0.875465
771500 -16185.8 -20048 299.072 -56.6163 0.87728
771600 -16191.5 -20010.2 295.702 133.529 0.880109
771700 -16163.8 -20017.5 298.414 196.351 0.882271
771800 -16155.6 -20017.6 299.055 347.209 0.882342
771900 -16168.7 -20019.1 298.16 47.2798 0.879272
772000 -16173.1 -20024.9 298.273 -97.534 0.874903
772100 -16159.9 -19982.3 295.994 -317.28 0.871343
772200 -16115.5 -20010.8 301.644 -89.062 0.870311
772300 -16150.5 -19972.6 295.966 -6.60747 0.870438
772400 -16220.7 -20017.4 293.999 -192.46 0.871155
772500 -16223.3 -20050.2 296.345 138.88 0.873116
772600 -16158.5 -20055.3 301.752 46.2214 0.874332
772700 -16134.6 -20014.1 300.416 93.0594 0.874752
772800 -16188.6 -20007 295.678 -26.0952 0.87447
772900 -16254.9 -20056.1 294.348 119.288 0.874276
773000 -16282.7 -20055.7 292.166 -43.0826 0.873188
773100 -16178.2 -20029.6 298.236 -158.829 0.872392
773200 -16117.8 -19993.9 300.152 -30.1156 0.872893
773300 -16151.8 -20006.8 298.519 80.0164 0.873906
773400 -16214.3 -20043 296.487 40.3297 0.874409
773500 -16250.3 -20057.2 294.791 -45.8227 0.87455
773600 -16208.6 -20008.7 294.269 -77.3475 0.875149
773700 -16103.5 -20022.6 303.475 41.1483 0.876262
773800 -16140.1 -19992.2 298.285 24.2598 0.877153
773900 -16187.3 -19998.3 295.11 -115.332 0.87815
774000 -16176.3 -20028.2 298.278 -40.0589 0.880258
774100 -16158.1 -20054.9 301.758 93.7187 0.882995
774200 -16201.3 -20074.4 299.916 206.668 0.8848
774300 -16293 -20104.7 295.165 326.993 0.884454
774400 -16299.1 -20096.2 294.035 67.9398 0.881217
774500 -16213 -20052 297.277 -178.968 0.877033
774600 -16162.8 -20015 298.3 -174.606 0.874531
774700 -16144 -19975.3 296.685 254.841 0.873285
774800 -16117.2 -19992.1 300.057 -35.4175 0.87048
774900 -16129.3 -19965.9 297.091 29.8569 0.867469
775000 -16154 -19964.6 295.074 -171.537 0.864622
775100 -16134.2 -20024.3 301.235 -343.479 0.863543
775200 -16178.8 -20041.6 299.121 -53.6175 0.865405
775300 -16258.1 -20057.5 294.206 -139.941 0.868117
775400 -16251 -20072.8 295.944 -46.3943 0.871838
775500 -16161.7 -20049.7 301.072 69.6873 0.876013
775600 -16061.7 -19981 303.494 325.556 0.87873
775700 -16097.4 -19969.9 299.866 366.919 0.878149
775800 -16241.2 -20064.1 296.03 93.1526 0.874596
775900 -16234.6 -20046.5 295.18 -173.365 0.870802
776000 -16160 -20015.3 298.542 -132.51 0.868852
776100 -16101.6 -19948.3 297.874 -209.001 0.868988
776200 -16042.4 -19951.2 302.682 215.249 0.870589
776300 -16091.4 -19993.3 302.143 60.8723 0.870096
776400 -16198.7 -20049.2 298.166 -253.532 0.869487
776500 -16241.7 -20074.2 296.769 7.96296 0.870826
776600 -16274 -20132.7 298.798 44.8993 0.872186
776700 -16325 -20154.7 296.555 28.5282 0.872939
776800 -16384.6 -20180.7 293.952 -56.043 0.873392
776900 -16349.1 -20170.4 295.906 74.8436 0.874246
777000 -16240.3 -20118.7 300.333 -48.0252 0.874681
777100 -16214.5 -20078.6 299.217 -75.8391 0.875575
777200 -16227.3 -20072 297.72 256.475 0.876972
777300 -16283.8 -20107.2 296.063 78.8447 0.87627
777400 -16337.3 -20086 290.28 -19.2429 0.874409
777500 -16239.3 -20030.4 293.566 -206.75 0.873063
777600 -16156.6 -20006.8 298.152 -147.902 0.873564
777700 -16127.4 -19996.2 299.582 302.61 0.875113
777800 -16143.4 -19989.3 297.812 68.1392 0.874467
777900 -16173.6 -20002.8 296.52 -209.18 0.872971
778000 -16175.6 -19990.2 295.386 -32.0928 0.873027
778100 -16105 -19975.5 299.722 -48.152 0.87369
778200 -16056.9 -19953.1 301.71 132.853 0.874536
778300 -16120.6 -19989.6 299.602 69.96 0.87447
778400 -16205.8 -20020.6 295.403 -183.834 0.873881
778500 -16201.3 -20050.1 298.035 -79.8724 0.875043
778600 -16207 -20086.2 300.391 13.7276 0.877106
778700 -16281.7 -20081.2 294.221 15.8441 0.879201
778800 -16371.6 -20177.6 294.726 69.9251 0.881667
778900 -16436.8 -20200.1 291.414 -69.0791 0.883616
779000 -16335.9 -20205.2 299.629 86.9536 0.886048
779100 -16278.1 -20135.4 298.699 354.549 0.887635
779200 -16268 -20108.1 297.362 139.839 0.886175
779300 -16235.6 -20115.1 300.412 13.5178 0.882936
779400 -16239.4 -20072.2 296.794 -89.1885 0.879324
779500 -16272.7 -20117.6 297.733 -42.0416 0.876288
779600 -16289 -20070 292.787 -80.2699 0.873655
779700 -16208.7 -20060.9 298.299 105.178 0.871428
779800 -16127.4 -19980.7 298.384 -155.182 0.868516
779900 -16112.1 -20004.3 301.399 -320.371 0.867061
780000 -16156.6 -20012 298.549 -223.318 0.868606
780100 -16187.7 -20029 297.457 203.296 0.872231
780200 -16205.8 -20050.6 297.726 58.8411 0.874628
780300 -16209.6 -20073.5 299.208 122.604 0.875842
780400 -16218.4 -20057.3 297.269 -24.5152 0.876109
780500 -16213.2 -20046.1 296.804 -46.2842 0.876598
780600 -16160.7 -20031.4 299.737 188.357 0.877563
780700 -16075.4 -20014.9 305.059 156.821 0.876833
780800 -16109.7 -19950.7 297.426 -82.262 0.874611
780900 -16203.9 -20023.3 295.76 -118.629 0.872788
781000 -16282.6 -20123.6 297.435 -335.468 0.872479
781100 -16310.8 -20121.9 295.116 -87.6693 0.875126
781200 -16291.9 -20125.2 296.836 49.6469 0.879331
781300 -16264.1 -20137.2 299.915 381.661 0.883162
781400 -16244.8 -20049.5 294.622 305.221 0.88345
781500 -16166 -20064.8 301.907 174.278 0.880686
781600 -16122.9 -19980 298.686 -233.254 0.876472
781700 -16031.8 -19899.5 299.503 -175.328 0.873868
781800 -15935.8 -19882.1 305.585 152.73 0.872617
781900 -16001.9 -19917.5 303.208 77.8801 0.870108
782000 -16082.5 -19941.4 298.812 -25.8046 0.866901
782100 -16131.4 -19953.8 295.992 -290.5 0.864176
782200 -16131.9 -19974.8 297.579 -293.783 0.864033
782300 -16094.3 -19977.9 300.73 1.05874 0.866716
782400 -16070.3 -19934.7 299.249 -3.97857 0.869617
782500 -16079.5 -19959.5 300.453 -23.888 0.872477
782600 -16156.5 -20003.9 297.929 -19.8175 0.875662
782700 -16239.1 -20113.2 300.001 274.286 0.878664
782800 -16305.8 -20149 297.599 261.279 0.878972
782900 -16330.9 -20160.8 296.578 -0.200821 0.876906
783000 -16304.8 -20114.1 294.976 -41.6737 0.87464
783100 -16239.8 -20118 300.311 -97.1737 0.873142
783200 -16236.8 -20075.3 297.239 -182.548 0.873065
783300 -16214.9 -20042.8 296.417 -26.3207 0.874339
783400 -16163.5 -20050.6 301.006 20.8831 0.875807
783500 -16148.4 -19993.1 297.713 169.201 0.876696
783600 -16129 -19999.3 299.703 240.228 0.875954
783700 -16126.2 -19992.7 299.407 -136.68 0.873655
783800 -16174.9 -20036.5 299.029 -89.5907 0.87239
783900 -16249.4 -20055.8 294.749 -108.544 0.872108
784000 -16253.9 -20051.3 294.054 -132.066 0.873035
784100 -16146 -20006.4 298.934 50.4413 0.874889
784200 -16096.5 -19971.3 300.053 259.279 0.876111
784300 -16130.3 -20012.8 300.651 116.534 0.874969
784400 -16208 -20083.6 300.113 -238.305 0.873016
784500 -16273 -20093.5 295.846 78.7151 0.87306
784600 -16268.7 -20083.5 295.402 -48.5323 0.872883
784700 -16217.1 -20072.1 298.515 -54.8917 0.873001
784800 -16190.2 -20036.2 297.823 8.88427 0.873502
784900 -16190.7 -20071.1 300.482 -115.611 0.87399
785000 -16203.4 -20013.3 295.023 -238.602 0.87578
785100 -16183.9 -20056.2 299.854 200.371 0.879216
785200 -16205.6 -20063.7 298.755 70.3715 0.880901
785300 -16271.3 -20104.9 296.858 -223.323 0.881771
785400 -16378.5 -20171 293.677 203.454 0.883832
785500 -16423.4 -20228.4 294.648 468.365 0.883979
785600 -16343.1 -20172.9 296.563 119.47 0.880164
785700 -16223.1 -20071.4 297.997 -319.005 0.876199
785800 -16184 -20021.5 297.169 170.231 0.874894
785900 -16128.4 -19982.1 298.416 20.737 0.872794
786000 -16072.7 -19936.3 299.184 -221.024 0.871151
786100 -16057.3 -19974.3 303.318 -96.0183 0.871629
786200 -16163.5 -19987.1 296.083 -12.4987 0.873044
786300 -16200 -20017.3 295.595 94.7962 0.874321
786400 -16176.8 -20021.3 297.708 152.634 0.874494
786500 -16138.1 -19996 298.74 -141.539 0.873578
786600 -16039 -19965 304.013 207.184 0.873239
786700 -16019.4 -19920.5 302.089 61.946 0.871508
786800 -16078.4 -19907.7 296.523 -257.155 0.869256
786900 -16093.7 -19922.1 296.453 -120.061 0.869382
787000 -16081.2 -19921.9 297.411 2.03678 0.870911
787100 -16078 -19957.8 300.441 -3.37719 0.872356
787200 -16112.5 -19949.6 297.13 -89.7703 0.873989
787300 -16161.7 -20020.9 298.835 -112.618 0.876474
787400 -16284.3 -20078.3 293.797 111.144 0.879766
787500 -16308.9 -20108.5 294.227 200.88 0.882046
787600 -16245.8 -20061.6 295.486 -12.8405 0.882467
787700 -16184.7 -20049.5 299.27 328.973 0.882352
787800 -16188.5 -20046 298.707 94.066 0.879626
787900 -16238.7 -20117.1 300.333 -209.243 0.876165
788000 -16323.2 -20101.8 292.596 -108.325 0.874695
788100 -16294.3 -20095.7 294.373 -0.527819 0.874203
788200 -16227.2 -20050.4 296.051 -32.3477 0.873673
788300 -16160.6 -20022 299.008 -131.075 0.873734
788400 -16126 -19968.8 297.566 188.703 0.874845
788500 -16069.7 -19963.9 301.545 94.4282 0.87447
788600 -15990.6 -19910.6 303.546 -10.9781 0.873005
788700 -15983.1 -19887.7 302.361 -103.194 0.871632
788800 -16094.2 -19963.5 299.628 -45.1392 0.871014
788900 -16158 -19961.4 294.524 22.3912 0.871008
789000 -16125.2 -19971.4 297.837 -117.578 0.871353
789100 -16074.8 -19931.2 298.623 -38.7694 0.872391
789200 -16028.7 -19891.3 299.103 -261.823 0.874225
789300 -15922.7 -19849.3 304.06 337.85 0.877855
789400 -15933 -19891.9 306.559 118.286 0.879087
789500 -16042.2 -19932 301.213 217.08 0.87877
789600 -16112 -19926.3 295.362 61.7506 0.876509
789700 -16113.5 -19957 297.63 13.0797 0.873071
789800 -16085.8 -19925.1 297.3 -217.255 0.869888
789900 -16016.3 -19922.1 302.455 -64.6193 0.868413
790000 -15997.6 -19912.3 303.14 -174.397 0.867957
790100 -16117.3 -19975.2 298.737 43.0626 0.868799
790200 -16167.9 -19987.9 295.802 -39.1054 0.869722
790300 -16124.4 -19949.7 296.22 -39.0531 0.870979
790400 -16053.7 -19925.3 299.803 -129.797 0.873015
790500 -16040.9 -19898.3 298.705 -27.2948 0.876437
790600 -16057.2 -19905.7 298.016 46.0334 0.88076
790700 -16105.6 -19959.9 298.466 552.427 0.88419
790800 -16196.2 -20040.6 297.695 226.545 0.882838
790900 -16236.5 -20028.1 293.607 -130.561 0.87928
791000 -16173.3 -20016 297.56 36.2271 0.876477
791100 -16095.3 -19924.7 296.53 -69.7121 0.873552
791200 -16050.2 -19903.4 298.375 -149.521 0.871226
791300 -16046.3 -19901.5 298.533 -63.3517 0.870171
791400 -16068.8 -19938.6 299.666 73.9143 0.869902
791500 -16159.6 -19974.3 295.399 -46.4863 0.869231
791600 -16219.3 -20012.5 293.73 -196.022 0.868833
791700 -16178.4 -19985.4 294.803 27.1933 0.870087
791800 -16138.1 -19961.9 296.1 -159.313 0.871843
791900 -16104.7 -19983.5 300.356 74.6367 0.874714
792000 -16097.1 -19924.5 296.376 80.8079 0.877375
792100 -16061.5 -19938.3 300.204 223.318 0.879209
792200 -16006 -19882.6 300.189 166.402 0.878759
792300 -15966.6 -19870.1 302.269 -159.625 0.876992
792400 -16028 -19911.2 300.698 -152.241 0.876313
792500 -16130.8 -19982.8 298.281 25.2386 0.876889
792600 -16158.1 -19946.9 293.388 -98.9486 0.877579
792700 -16092.4 -19914 295.935 -33.6903 0.879396
792800 -16022.1 -19930.2 302.632 336.938 0.881873
792900 -16066.6 -19965.2 301.894 329.834 0.881094
793000 -16134.3 -19969 296.942 -1.8594 0.876811
793100 -16144.2 -19972.1 296.415 -407.71 0.872435
793200 -16127.2 -20000 299.897 -226.367 0.871523
793300 -16131.6 -19961.2 296.553 -137.679 0.87309
793400 -16122 -19966.4 297.696 139.488 0.875979
793500 -16082.6 -19963.9 300.552 64.7635 0.877771
793600 -16095.5 -19945.6 298.136 7.72086 0.878983
793700 -16159.2 -19997.4 297.215 246.18 0.880201
793800 -16240.5 -20066 296.234 182.598 0.879106
793900 -16265.5 -20101.9 297.076 62.0417 0.87572
794000 -16249.2 -20078.3 296.509 -321.077 0.871849
794100 -16173.8 -20030.4 298.642 -181.573 0.870819
794200 -16109.9 -19987.4 300.262 3.04057 0.871701
794300 -16118.8 -19963.2 297.7 47.8478 0.872611
794400 -16134.3 -19967.2 296.81 -259.306 0.873487
794500 -16127.2 -19987.4 298.919 19.9154 0.876393
794600 -16129.2 -19994.3 299.303 330.877 0.879546
794700 -16168.8 -19966.9 294.107 -49.303 0.880266
794800 -16135.1 -19926.1 293.56 -10.9657 0.881071
794900 -16035.8 -19924 301.089 290.372 0.881814
795000 -16027 -19878.5 298.243 -22.9495 0.880045
795100 -16057.8 -19934.7 300.213 116.97 0.877605
795200 -16150.1 -19971 295.878 -181.514 0.874193
795300 -16188.3 -20010.6 295.979 -134.168 0.871693
795400 -16174.4 -20007.6 296.829 -148.531 0.870546
795500 -16145.8 -19940.9 293.875 -162.937 0.870827
795600 -16085.9 -19971.2 300.867 -16.901 0.873024
795700 -16099.9 -19991.9 301.382 -52.3051 0.876034
795800 -16163.6 -19958.2 293.84 119.22 0.879613
795900 -16150.4 -19981.8 296.688 354.785 0.882651
796000 -16154.1 -20023.8 299.654 183.362 0.882495
796100 -16184.5 -20046.8 299.08 23.324 0.880176
796200 -16248 -20056.6 294.925 101.923 0.877106
796300 -16261.4 -20031.1 291.913 -138.503 0.873109
796400 -16132.7 -19958.4 296.241 -329.084 0.870508
796500 -16064.5 -19922.7 298.764 -86.0592 0.870747
796600 -16041.8 -19902.2 298.935 116.464 0.871838
796700 -16060.5 -19935.8 300.088 229.962 0.87171
796800 -16156.9 -20021.9 299.289 -195.142 0.87014
796900 -16222.2 -20016.4 293.807 -84.6134 0.869641
797000 -16168 -19967.2 294.196 -243.398 0.870369
797100 -16096.5 -19953.7 298.683 71.1413 0.873447
797200 -16069.8 -19918.2 298.003 273.389 0.876224
797300 -16067.2 -19955.6 301.105 65.6317 0.876649
797400 -16175.2 -19986.4 295.128 182.75 0.876035
797500 -16228.7 -20046.8 295.658 -11.5195 0.873963
797600 -16197.7 -20007.9 295.047 -292.224 0.871522
797700 -16126.6 -19962.6 297.041 -169.222 0.871464
797800 -16094.6 -19986.6 301.38 193.739 0.873314
797900 -16140.5 -20028.7 301.087 26.8541 0.87392
798000 -16198.9 -20043.1 297.686 -192.594 0.874129
798100 -16210.6 -20041.8 296.674 -93.4118 0.876244
798200 -16174.3 -20017.1 297.576 130.81 0.880064
798300 -16089 -20029.5 305.135 319.213 0.88348
798400 -16061.5 -19991.3 304.309 300.194 0.884349
798500 -16180.1 -20031.8 298.26 107.753 0.882323
798600 -16239.9 -20078.5 297.249 67.5518 0.878386
798700 -16242.6 -20048.3 294.697 -543.504 0.87421
798800 -16166.6 -20003.6 297.117 -133.056 0.874313
798900 -16084.8 -19998.9 303.093 191.821 0.876071
799000 -16125.8 -20005.4 300.421 73.9092 0.876186
799100 -16181.6 -20027.3 297.799 15.1275 0.875319
799200 -16219.1 -20099.3 300.462 -76.075 0.87462
799300 -16283.9 -20106.4 296.001 -87.846 0.874329
799400 -16292.2 -20117.8 296.24 11.6311 0.874823
799500 -16278.3 -20119.1 297.418 -52.1403 0.875607
799600 -16255.1 -20086.8 296.715 -25.4389 0.876633
799700 -16199.2 -20025.7 296.307 256.825 0.877793
799800 -16112.6 -19999 300.95 5.12367 0.877083
799900 -16095.3 -19965.9 299.726 -165.199 0.876014
800000 -16132.7 -20064 304.42 46.4302 0.876036
800100 -16209.7 -20055.1 297.773 36.1012 0.875772
800200 -16224 -20035.9 295.177 -48.2547 0.875305
800300 -16176.2 -20047.6 299.791 101.022 0.875203
800400 -16141.4 -20047.1 302.445 55.0625 0.874289
800500 -16222.6 -20045.6 296.04 -38.2248 0.872694
800600 -16281.6 -20083.3 294.389 -160.829 0.871443
800700 -16237.5 -20078.5 297.435 39.9446 0.871267
800800 -16166.2 -20044 300.275 -101.357 0.87124
800900 -16108.2 -20005.3 301.774 27.312 0.872021
801000 -16074.3 -19960.5 300.933 36.2224 0.87278
801100 -16086.5 -19943.8 298.696 -106.27 0.873362
801200 -16133.8 -19959.8 296.27 -79.9735 0.875022
801300 -16160.5 -19977.2 295.55 -181.53 0.877989
801400 -16120.5 -20013.7 301.478 384.196 0.882304
801500 -16104.2 -20009.6 302.419 155.739 0.883898
801600 -16201.6 -20042 297.387 32.6559 0.883649
801700 -16278.2 -20135.2 298.67 166.624 0.882925
801800 -16298.4 -20088.5 293.493 -70.8423 0.880769
801900 -16233.2 -20058.8 296.233 -137.505 0.878876
802000 -16182.1 -20016.1 296.897 35.8913 0.878123
802100 -16158 -20007 298.049 37.2588 0.877311
802200 -16125.1 -19975.1 298.127 64.3338 0.875865
802300 -16053.7 -19936.1 300.637 -94.3178 0.873938
802400 -15955.9 -19890 304.635 63.4007 0.87236
802500 -15996.2 -19881.3 300.844 -222.895 0.87067
802600 -16063.8 -19917.6 298.42 -26.1738 0.87052
802700 -16090.8 -19924.4 296.86 170.606 0.870728
802800 -16093.8 -19961.9 299.533 -273.518 0.870052
802900 -16130.8 -19995.3 299.256 -15.729 0.871232
803000 -16230.5 -20017.2 293.221 -43.5469 0.873199
803100 -16227.2 -20059.3 296.741 138.053 0.875677
803200 -16181.3 -20040.1 298.81 43.3578 0.877455
803300 -16079.7 -19977.8 301.859 50.8518 0.87857
803400 -16006.7 -19918.5 302.914 95.8084 0.879156
803500 -16058 -19938.4 300.49 131.888 0.878919
803600 -16118.1 -20001.2 300.692 182.488 0.877226
803700 -16181 -20042.9 299.053 -147.616 0.87387
803800 -16221 -20046.3 296.218 142.311 0.870629
803900 -16202.6 -20025 295.994 -356.794 0.86656
804000 -16116.9 -19994.3 300.255 -283.174 0.865292
804100 -16035.6 -19969.8 304.646 92.3297 0.866669
804200 -16059.4 -19934.6 300.079 -251.077 0.868004
804300 -16171.1 -20010.3 297.297 -184.309 0.871402
804400 -16222.8 -20065.8 297.588 195.255 0.876594
804500 -16265.8 -20107.6 297.497 128.646 0.88043
804600 -16319.4 -20145.5 296.28 138.388 0.882663
804700 -16316.3 -20107.9 293.608 168.068 0.883588
804800 -16211.1 -20117.6 302.504 278.924 0.882677
804900 -16187.7 -20030.3 297.556 -74.6051 0.87925
805000 -16169.5 -20023.5 298.444 -286.298 0.876624
805100 -16134.9 -20037.5 302.206 350.14 0.87596
805200 -16155.7 -20001.7 297.819 -181.887 0.873316
805300 -16213.4 -20029.4 295.499 -51.5409 0.871696
805400 -16236.2 -20095.7 298.861 -13.8206 0.870845
805500 -16265.9 -20083.3 295.608 50.7027 0.869862
805600 -16294.5 -20086.7 293.647 -145.512 0.868767
805700 -16223.3 -20072.8 298.091 -78.3907 0.868891
805800 -16165.4 -20049.8 300.797 -80.3592 0.870196
805900 -16190.2 -20032.7 297.553 -49.9191 0.872252
806000 -16226.8 -20041.3 295.38 65.6419 0.874739
806100 -16230.2 -20089.2 298.827 126.725 0.876647
806200 -16250.3 -20086.5 297.063 -83.1199 0.877445
806300 -16257.9 -20070 295.192 151.35 0.878479
806400 -16196.3 -20055.5 298.838 194.682 0.878373
806500 -16120.4 -19985.1 299.265 62.1882 0.876567
806600 -16069.1 -19968.9 301.991 123.966 0.873707
806700 -16141.4 -19994.5 298.372 -167.15 0.869853
806800 -16252.9 -20079.9 296.344 -264.046 0.867605
806900 -16254.3 -20064.1 295.016 -65.3355 0.867891
807000 -16189.4 -20057.4 299.52 -203.522 0.869292
807100 -16129.1 -19990 298.976 127.956 0.871975
807200 -16094.7 -20017.5 303.766 103.417 0.873932
807300 -16192.5 -20042 298.096 -182.491 0.875288
807400 -16260.3 -20065.3 294.642 65.7171 0.877698
807500 -16230.4 -20077 297.866 301.735 0.87927
807600 -16172.7 -20036.3 299.185 -110.025 0.878761
807700 -16123.1 -20045.8 303.759 264.12 0.878502
807800 -16212.4 -20086.1 299.964 61.2762 0.876176
807900 -16289.8 -20105.8 295.501 -210.172 0.873037
808000 -16281.4 -20123.4 297.511 5.65854 0.871781
808100 -16248.9 -20091.7 297.577 -140.633 0.870918
808200 -16153.7 -20006.8 298.374 -44.903 0.870989
808300 -16092.9 -19978.1 300.849 46.6242 0.871763
808400 -16117.2 -20005.5 301.099 265.768 0.871834
808500 -16174.2 -20046.3 299.838 -230.724 0.869924
808600 -16202.7 -20023.1 295.839 -196.846 0.869777
808700 -16173.8 -20009.6 297.023 53.5872 0.871747
808800 -16120.2 -19962.9 297.561 100.962 0.873267
808900 -16039.4 -19951.5 302.94 -158.828 0.873876
809000 -15954.3 -19891.9 304.92 34.4839 0.875858
809100 -15952.7 -19926.9 307.751 193.701 0.877718
809200 -16084.8 -19956 299.768 -154.728 0.878252
809300 -16154 -20011.3 298.694 103.564 0.879601
809400 -16223.5 -20041.4 295.641 267.495 0.879926
809500 -16234.3 -20050.1 295.48 54.4841 0.878202
809600 -16156.1 -19985.8 296.557 234.263 0.87499
809700 -16062.9 -19909.8 297.889 -222.146 0.869926
809800 -16030.4 -19876.9 297.858 -252.6 0.866533
809900 -16015.2 -19893.4 300.314 -95.5184 0.865616
810000 -16058.1 -19901.5 297.614 9.97622 0.865643
810100 -16173.1 -20006 296.801 110.326 0.865508
810200 -16197 -19982.3 293.122 -257.234 0.86468
810300 -16134.1 -19992.6 298.79 -120.166 0.865935
810400 -16109.2 -19970.5 299.006 -156.235 0.869107
810500 -16119.2 -19987 299.509 250.05 0.873285
810600 -16238 -20057 295.732 126.676 0.875597
810700 -16291.2 -20073.1 292.854 -96.7001 0.876787
810800 -16222.9 -20072.2 298.075 212.843 0.878524
810900 -16179.8 -20051.3 299.798 82.5204 0.878606
811000 -16175.3 -20004.8 296.539 41.4441 0.877606
811100 -16117.1 -19987.8 299.733 31.7139 0.876122
811200 -16003.3 -19922 303.443 129.641 0.874067
811300 -16018.7 -19895.6 300.211 184.164 0.870639
811400 -16090.8 -19953.7 299.124 -325.606 0.865953
811500 -16130.6 -19938.1 294.837 -296.541 0.863637
811600 -16106.4 -19934.1 296.406 -227.179 0.864683
811700 -16089.8 -19973 300.696 148.886 0.867976
811800 -16130.6 -19985.1 298.472 105.187 0.869815
811900 -16230.4 -20023.6 293.724 -54.458 0.870447
812000 -16304.8 -20084.4 292.677 -268.256 0.871942
812100 -16220.4 -20044 296.085 180.494 0.87506
812200 -16120.1 -19988 299.517 119.254 0.876563
812300 -16120.6 -19981.4 298.966 90.6631 0.876704
812400 -16151.5 -19992.1 297.401 188.268 0.87601
812500 -16186.8 -20024.5 297.178 -122.258 0.874128
812600 -16203.3 -19990.1 293.234 -192.014 0.873379
812700 -16110.4 -19961.4 298.204 160.19 0.874049
812800 -16045.8 -19915.7 299.668 12.85 0.873609
812900 -16059.7 -19925.2 299.326 -126.67 0.873042
813000 -16101.9 -19929.4 296.389 -32.443 0.873602
813100 -16160.9 -19974.2 295.286 -18.2579 0.874429
813200 -16231.3 -20015.7 293.056 39.0655 0.875251
813300 -16185.3 -20006.6 295.904 -41.6749 0.875945
813400 -16099 -19998.3 301.952 74.8029 0.87654
813500 -16111.8 -19994.3 300.652 36.7801 0.876696
813600 -16170.4 -20048.2 300.277 226.688 0.876207
813700 -16202.4 -20006 294.537 -205.17 0.87418
813800 -16172.5 -20023.5 298.209 -41.5896 0.873733
813900 -16160.8 -20026.3 299.334 -3.01539 0.874044
814000 -16216.8 -20053.1 297.069 -61.8525 0.874353
814100 -16323.3 -20105.6 292.891 114.161 0.874966
814200 -16309.8 -20144.2 296.921 138.736 0.874608
814300 -16247.5 -20077.4 296.573 -63.5059 0.873139
814400 -16159.6 -20059.5 301.99 22.388 0.872104
814500 -16168.2 -20019.8 298.252 -41.133 0.871049
814600 -16177 -20035 298.747 26.3875 0.870312
814700 -16198.3 -20061.1 299.119 -88.9668 0.869704
814800 -16279.5 -20104 296.16 -334.006 0.869996
814900 -16334.1 -20128.3 293.81 -170.773 0.873139
815000 -16289.9 -20126.2 297.067 57.385 0.877704
815100 -16237.8 -20084.3 297.853 167.957 0.881098
815200 -16228.4 -20104.5 300.149 5.0018 0.882709
815300 -16265.5 -20131.9 299.403 179.462 0.883547
815400 -16330.4 -20150.1 295.781 106.91 0.882922
815500 -16335.1 -20131 293.94 -49.4955 0.88153
815600 -16214.4 -20064.7 298.152 44.9802 0.880605
815700 -16170.5 -20066.9 301.724 81.9139 0.879526
815800 -16223.1 -20058.4 296.989 -83.0746 0.877927
815900 -16251.6 -20065.3 295.318 -182.667 0.877417
816000 -16206.7 -20091.7 300.835 94.5577 0.878356
816100 -16146.5 -20034.3 301.054 196.51 0.878268
816200 -16116.8 -20025.9 302.704 1.03323 0.876898
816300 -16205.6 -20052.5 297.896 179.353 0.875177
816400 -16265.9 -20085.1 295.739 -131.113 0.872233
816500 -16238.9 -20064.1 296.21 -249.647 0.870588
816600 -16161.5 -20054 301.423 102.966 0.871027
816700 -16155.9 -20039.7 300.748 -75.9045 0.870968
816800 -16284 -20073.9 293.478 -276.978 0.871819
816900 -16325.5 -20141.2 295.476 96.2992 0.874752
817000 -16293.4 -20145.5 298.295 200.035 0.876844
817100 -16252.9 -20107.8 298.515 -105.527 0.877504
817200 -16189.5 -20040.6 298.209 77.8413 0.878409
817300 -16094.4 -20022.7 304.189 249.434 0.878487
817400 -16128.5 -20003.9 300.094 0.359748 0.876535
817500 -16187.4 -20089 302.126 -13.253 0.874332
817600 -16242.6 -20082 297.31 -109.712 0.872618
817700 -16248.5 -20089.3 297.413 -181.075 0.872155
817800 -16227.9 -20061.1 296.83 -34.3448 0.873218
817900 -16146.8 -20033.6 300.982 -16.3747 0.874771
818000 -16088.1 -20001.9 303.07 148.628 0.87625
818100 -16157.3 -20043.5 300.931 -38.8196 0.87664
818200 -16255.7 -20076.7 295.886 44.6247 0.877014
818300 -16243.1 -20084 297.423 -108.484 0.877267
818400 -16221.7 -20104.6 300.682 23.8467 0.878397
818500 -16261.9 -20111.2 298.077 73.3426 0.879499
818600 -16344.3 -20108.1 291.458 122.852 0.879812
818700 -16303.3 -20113.8 295.072 53.8634 0.879053
818800 -16221 -20066.4 297.774 -130.519 0.877875
818900 -16192.2 -20041.3 298.061 -98.8074 0.877526
819000 -16170.7 -20029.6 298.816 57.9503 0.878061
819100 -16168.9 -20041.8 299.91 -53.887 0.878393
819200 -16244.2 -20089.9 297.792 -19.6901 0.879143
819300 -16315.5 -20124.3 294.944 6.94761 0.880356
819400 -16301 -20146.2 297.759 188.045 0.881856
819500 -16246.8 -20106.2 298.859 -92.523 0.882474
819600 -16141.9 -20072.6 304.378 219.683 0.883184
819700 -16159.5 -20055.7 301.707 33.3643 0.882356
819800 -16239.1 -20098.5 298.854 -45.4842 0.880768
819900 -16257.2 -20061.7 294.61 259.612 0.879141
820000 -16213.9 -20068.3 298.471 -164.827 0.875348
820100 -16183.3 -20049.6 299.39 -221.412 0.872241
820200 -16184 -20039.7 298.573 -97.8378 0.871284
820300 -16228.3 -20056 296.403 -108.711 0.871561
820400 -16257.1 -20055.2 294.117 -245.782 0.873078
820500 -16191.2 -20044.8 298.413 222.251 0.876418
820600 -16132.9 -20011.1 300.308 130.791 0.878422
820700 -16147.1 -20020.2 299.915 115.551 0.878992
820800 -16256.1 -20091.1 296.968 41.4838 0.878477
820900 -16322 -20137.4 295.449 -255.161 0.877671
821000 -16310.2 -20160.1 298.12 113.884 0.878895
821100 -16284.7 -20106.9 295.981 10.9065 0.879689
821200 -16182.4 -20039.2 298.651 -181.247 0.880322
821300 -16136.1 -20029.1 301.463 391.277 0.882134
821400 -16180.7 -20072.5 301.368 348.995 0.880568
821500 -16239.8 -20064.1 296.137 -171.472 0.875489
821600 -16230.4 -20031.7 294.36 -267.218 0.871863
821700 -16182.4 -20030.4 297.973 -140.037 0.870907
821800 -16159.9 -20023.2 299.153 -156.956 0.871467
821900 -16164.3 -20008.8 297.704 -32.5225 0.87346
822000 -16168.2 -20042.2 299.992 -67.4761 0.876075
822100 -16186.4 -20044.8 298.774 261.161 0.878882
822200 -16215.8 -20081.5 299.345 182.337 0.879369
822300 -16234.7 -20058.1 296.073 -196.619 0.878399
822400 -16201.6 -20033.4 296.723 383.416 0.878215
822500 -16098.6 -20022.7 303.863 -33.9765 0.87537
822600 -16041.1 -19923.1 300.607 -402.897 0.872894
822700 -16098.9 -19929.3 296.609 -100.543 0.873951
822800 -16172.6 -19973.9 294.356 113.504 0.876115
822900 -16159.6 -20039.4 300.441 136.143 0.877237
823000 -16192.4 -20055.5 299.147 -197.288 0.877295
823100 -16269.1 -20049.8 292.769 -210.2 0.878864
823200 -16229 -20064.8 297.031 -65.019 0.882425
823300 -16152.4 -20044.8 301.419 152.841 0.88627
823400 -16154.6 -20024.4 299.661 298.682 0.88807
823500 -16301.2 -20090.8 293.447 -63.2832 0.887459
823600 -16329.5 -20136.6 294.807 341.098 0.886533
823700 -16269.3 -20128.9 298.867 197.307 0.883257
823800 -16203.8 -20026.7 296.029 -192.986 0.879148
823900 -16123.7 -19991.4 299.501 -200.991 0.877248
824000 -16089.6 -19976.3 300.969 154.645 0.877098
824100 -16134 -20041.7 302.599 97.1828 0.876187
824200 -16192.2 -20068.1 300.139 -0.536327 0.874556
824300 -16241.2 -20069.7 296.462 -111.593 0.873216
824400 -16250.6 -20082.7 296.746 -81.7375 0.872864
824500 -16207.2 -20065.2 298.748 29.8051 0.873233
824600 -16121.1 -20012.9 301.366 57.1186 0.873484
824700 -16087.6 -19985.8 301.865 -12.257 0.87332
824800 -16166.3 -19999.1 296.798 -96.0872 0.87309
824900 -16257.7 -20112.3 298.479 -78.875 0.873822
825000 -16296.2 -20128.7 296.778 50.4496 0.875197
825100 -16268.7 -20062.2 293.749 -60.7177 0.876413
825200 -16192.2 -20090.1 301.84 449.455 0.877292
825300 -16211.1 -20091.9 300.511 -44.7187 0.874771
825400 -16261.4 -20052 293.53 -230.162 0.872434
825500 -16226.8 -20025.3 294.14 -313.7 0.872475
825600 -16176 -20025.1 298.059 -106.679 0.87531
825700 -16174.3 -20057.5 300.697 254.984 0.879042
825800 -16231.4 -20051.1 295.783 165.992 0.880375
825900 -16273.6 -20085.6 295.182 -37.4165 0.880186
826000 -16267.6 -20086 295.685 172.904 0.880164
826100 -16191.7 -20078.2 300.959 6.27723 0.878702
826200 -16160.9 -20017.1 298.609 -58.0944 0.877042
826300 -16161.2 -20038.6 300.248 -89.5183 0.876182
826400 -16246.5 -20084.3 297.184 101.512 0.875872
826500 -16316 -20126.9 295.103 -2.24288 0.87504
826600 -16290.9 -20097.5 294.768 4.73443 0.874135
826700 -16212.8 -20113.8 302.078 -195.976 0.873334
826800 -16220.4 -20078.6 298.765 33.6968 0.874045
826900 -16238.3 -20103.7 299.321 90.489 0.874832
827000 -16282.1 -20112.9 296.643 148.277 0.874395
827100 -16312.6 -20086.3 292.224 -151.86 0.872791
827200 -16204.4 -20070.3 299.364 -175.287 0.872485
827300 -16155.6 -20039.9 300.789 139.915 0.873502
827400 -16203.3 -20054.7 298.235 63.6443 0.873901
827500 -16264.1 -20085.3 295.897 -204.168 0.873866
827600 -16293.8 -20140.6 297.882 -48.2124 0.875223
827700 -16368.2 -20188.1 295.798 284.214 0.877358
827800 -16432.3 -20213 292.761 48.5249 0.877386
827900 -16363.8 -20151.2 293.287 113.047 0.876497
828000 -16276.4 -20122.1 297.8 71.4327 0.874377
828100 -16242.6 -20089.7 297.908 -118.199 0.871141
828200 -16198.8 -20027.2 296.459 -121.308 0.868395
828300 -16106.7 -19987.9 300.542 -233.575 0.866625
828400 -16079 -19964.6 300.89 -222.273 0.866996
828500 -16117.4 -20002.3 300.829 -69.4169 0.869773
828600 -16155.9 -20001.1 297.753 231.426 0.873439
828700 -16174.9 -20042.6 299.503 15.1025 0.875704
828800 -16227.4 -20092.3 299.281 211.552 0.877488
828900 -16293.2 -20127.6 296.917 155.37 0.877634
829000 -16320 -20211.3 301.324 -120.449 0.876519
829100 -16353.5 -20204.3 298.196 137.914 0.87569
829200 -16369 -20158.4 293.433 -99.8854 0.87409
829300 -16283.9 -20133.9 298.124 -74.9692 0.872932
829400 -16231.7 -20078.1 297.849 6.21734 0.872382
829500 -16221.2 -20058.8 297.17 -63.8855 0.872118
829600 -16169 -20024.3 298.542 -27.5808 0.872139
829700 -16110.9 -20019.9 302.7 -72.5412 0.872532
829800 -16193.1 -20034.6 297.471 -15.8032 0.873979
829900 -16317 -20131.2 295.354 65.3693 0.875886
830000 -16313.2 -20156.5 297.61 156.058 0.877113
830100 -16272.5 -20110.5 297.201 306.708 0.876564
830200 -16216.6 -20100.1 300.729 -26.3884 0.873395
830300 -16192.7 -20045.6 298.359 -290.466 0.870145
830400 -16127.5 -20036.9 302.728 -63.4613 0.86911
830500 -16116.8 -19985.4 299.576 -75.6214 0.86901
830600 -16175.2 -19988.3 295.265 -105.033 0.869595
830700 -16199.5 -20003.4 294.566 64.4449 0.870928
830800 -16142.3 -20016.9 300.034 195.497 0.871789
830900 -16064.2 -19965.6 302.106 33.3353 0.87123
831000 -16087 -19956.2 299.616 204.801 0.869678
831100 -16175.9 -19990.1 295.353 -257.8 0.866775
831200 -16176 -19977 294.339 -379.194 0.865795
831300 -16141.7 -19998.9 298.687 -149.929 0.868562
831400 -16149.6 -20056.2 302.513 209.979 0.872907
831500 -16243.8 -20090.9 297.904 -91.222 0.875754
831600 -16273.8 -20096 295.978 1.42089 0.879041
831700 -16242.6 -20095.9 298.384 170.835 0.88227
831800 -16220.7 -20096.1 300.092 423.139 0.883531
831900 -16280.8 -20091 295.048 88.7942 0.881021
832000 -16344 -20098.6 290.736 -205.263 0.877719
832100 -16264.4 -20091.3 296.339 -223.474 0.87658
832200 -16191.9 -20032.6 297.408 -97.2899 0.877643
832300 -16163.3 -20051.5 301.084 -174.778 0.879882
832400 -16206.8 -20063.6 298.661 203.856 0.88285
832500 -16292.3 -20094.2 294.404 225.952 0.884104
832600 -16310.8 -20121.4 295.076 286.922 0.883146
832700 -16186.7 -20029.1 297.543 100.632 0.879525
832800 -16108.4 -19985.6 300.238 -217.531 0.875501
832900 -16129.7 -19971.4 297.487 -269.4 0.873741
833000 -16155.4 -19989.3 296.887 30.9017 0.874093
833100 -16172.5 -20047 300.027 -112.517 0.875068
833200 -16254.1 -20075 295.871 124.434 0.87648
833300 -16283.9 -20070.8 293.241 -94.3197 0.877194
833400 -16212.7 -20114.5 302.135 -44.5502 0.878583
833500 -16211.2 -20065 298.428 259.717 0.879982
833600 -16328.4 -20078.8 290.417 93.0805 0.879198
833700 -16343 -20147 294.562 -118.628 0.877408
833800 -16258.6 -20069.8 295.123 -144.695 0.876793
833900 -16194.5 -20085.7 301.323 104.556 0.877382
834000 -16220 -20079.9 298.889 0.043457 0.877327
834100 -16264.5 -20092.2 296.403 -102.348 0.877125
834200 -16278.1 -20058.6 292.749 -140.36 0.877901
834300 -16159.8 -20005.3 297.784 233.622 0.879838
834400 -16100.8 -19985.1 300.782 228.032 0.880279
834500 -16132.7 -19997.1 299.248 177.175 0.878127
834600 -16201.6 -20042.6 297.431 -194.366 0.874297
834700 -16279.8 -20110.9 296.665 -220.784 0.872054
834800 -16298.1 -20092.5 293.819 -181.191 0.872039
834900 -16255.6 -20088.4 296.797 -2.61942 0.873748
835000 -16231.1 -20071.6 297.394 7.51019 0.875627
835100 -16206.6 -20051.9 297.763 102.662 0.8775
835200 -16168 -20040.5 299.874 317.861 0.878223
835300 -16136.9 -20020.7 300.753 -17.37 0.876301
835400 -16138.9 -19994.7 298.574 -67.9042 0.874067
835500 -16157.4 -19967.4 295.026 2.9655 0.872595
835600 -16136.9 -20017.3 300.488 161.52 0.871118
835700 -16167.5 -20018 298.163 -26.3222 0.868072
835800 -16224.1 -20002.1 292.556 -391.104 0.865602
835900 -16186 -20016.2 296.593 -59.4872 0.866619
836000 -16087.7 -19954 299.394 109.877 0.868333
836100 -16067.8 -19966.1 301.869 -46.4037 0.869029
836200 -16119.5 -19990.8 299.777 -81.4309 0.870227
836300 -16172.9 -20067.8 301.604 233.27 0.871788
836400 -16236.4 -20087.2 298.194 -7.52149 0.871667
836500 -16242.4 -20041.6 294.199 122.534 0.871173
836600 -16181.4 -20038.9 298.712 124.078 0.869815
836700 -16140.5 -19996.5 298.594 30.2976 0.866938
836800 -16136.3 -19991.6 298.545 -319.281 0.864147
836900 -16215.1 -20011.1 293.943 -378.859 0.864362
837000 -16283.2 -20064.1 292.773 -171.041 0.867965
837100 -16216.5 -20033.1 295.547 110.933 0.873351
837200 -16149.5 -20017.8 299.55 318.429 0.877174
837300 -16145 -20005.5 298.942 91.8675 0.877859
837400 -16176.2 -20025.9 298.105 -62.2089 0.877487
837500 -16264.2 -20064.7 294.296 109.791 0.877379
837600 -16300 -20098.4 294.136 171.538 0.876372
837700 -16223.1 -20084.5 299.013 -211.481 0.874526
837800 -16110.5 -19959.1 298.018 -92.9701 0.87436
837900 -16077.1 -19943.4 299.385 18.5757 0.875182
838000 -16101.3 -19985.5 300.772 4.9687 0.875996
838100 -16188.4 -20026.6 297.22 -31.3224 0.876571
838200 -16238.1 -20083.1 297.736 90.8569 0.877025
838300 -16250.9 -20110.5 298.866 -43.5393 0.876929
838400 -16266.8 -20092.5 296.244 71.2467 0.876835
838500 -16239.9 -20075 296.972 270.243 0.876011
838600 -16132 -19988.9 298.66 94.6833 0.873002
838700 -16067.4 -19948.1 300.503 -274.25 0.869492
838800 -16085.4 -19925.4 297.359 -232.737 0.868643
838900 -16084.4 -19933.4 298.048 -44.5644 0.870227
839000 -16076.3 -19973.6 301.788 5.40159 0.872262
839100 -16164.8 -19971.8 294.8 -168.794 0.874224
839200 -16207.6 -20028.4 295.864 -219.199 0.877485
839300 -16180.9 -20030.2 298.071 165.02 0.882096
839400 -16113.2 -20047.2 304.633 366.495 0.884864
839500 -16158 -20044.2 300.931 152.571 0.88413
839600 -16256.4 -20061.6 294.663 -12.0095 0.881852
839700 -16250.7 -20093 297.533 -118.163 0.880011
839800 -16221.7 -20092 299.7 74.4414 0.879406
839900 -16199.3 -20046.1 297.882 -0.0250965 0.87822
840000 -16139.9 -20014.3 300.019 -144.063 0.877195
840100 -16103.7 -19995.8 301.393 266.461 0.87716
840200 -16169.3 -20019.4 298.141 -169.317 0.875489
840300 -16235.6 -20052.7 295.579 -242.003 0.874946
840400 -16234.4 -20084.7 298.159 46.6493 0.8766
840500 -16249.4 -20111.1 299.041 100.324 0.878162
840600 -16374.4 -20187.6 295.28 12.828 0.878651
840700 -16415.8 -20190.3 292.285 -127.272 0.879062
840800 -16330.1 -20139.9 295.02 117.305 0.880409
840900 -16258.9 -20117.2 298.774 -77.0529 0.88125
841000 -16244.2 -20130.6 300.948 -72.6624 0.882499
841100 -16299.1 -20124.1 296.191 165.677 0.884163
841200 -16370.9 -20164 293.724 198.089 0.884319
841300 -16417.6 -20177.2 291.13 -13.8441 0.882786
841400 -16342.4 -20125.2 292.929 198.178 0.880923
841500 -16251.4 -20115 299.183 58.1313 0.87731
841600 -16219.7 -20051.5 296.723 -232.417 0.873227
841700 -16151.3 -19994.4 297.598 -81.8141 0.871485
841800 -16070.5 -19934 299.175 -41.5321 0.870825
841900 -16052.1 -19955.4 302.259 -7.55828 0.870426
842000 -16129.1 -20008 300.369 29.2854 0.870298
842100 -16175.1 -20058.7 300.737 -93.0639 0.869883
842200 -16226.3 -20065.7 297.312 -205.457 0.870252
842300 -16270.6 -20081 295.066 -134.203 0.87253
842400 -16239.3 -20075 297.023 -129.119 0.876482
842500 -16144.3 -20072.2 304.161 119.718 0.881473
842600 -16163.7 -20009.7 297.819 326.022 0.884963
842700 -16207 -20067.5 298.939 364.771 0.884889
842800 -16331.1 -20127.3 293.968 -183.082 0.882059
842900 -16374.5 -20161 293.211 1.09781 0.88048
843000 -16295.8 -20098.9 294.504 178.139 0.879048
843100 -16195 -20002 294.798 182.278 0.876323
843200 -16132.1 -20005.5 299.946 -175.033 0.872447
843300 -16132.6 -20011 300.33 -221.85 0.870467
843400 -16212.3 -20053.7 297.464 55.0005 0.870547
843500 -16273.7 -20073.3 294.225 -40.2471 0.870196
843600 -16241.9 -20027 293.107 -351.277 0.870646
843700 -16182.8 -20028.3 297.787 -57.6318 0.873958
843800 -16164.7 -20012.4 297.953 79.4464 0.877915
843900 -16157.1 -20008.5 298.241 191.574 0.880884
844000 -16128.2 -19988.8 298.952 207.825 0.881748
844100 -16092.3 -20022.5 304.34 114.426 0.880452
844200 -16175.7 -20007.4 296.71 -255.541 0.878562
844300 -16223.7 -20067.8 297.674 79.7096 0.878294
844400 -16236.5 -20075.1 297.246 11.0548 0.877709
844500 -16223.1 -20058.4 296.987 195.895 0.876679
844600 -16124 -20009 300.837 -60.6768 0.874311
844700 -16071.5 -19981 302.734 70.7239 0.872114
844800 -16140.9 -20007.3 299.396 104.252 0.869308
844900 -16214.9 -20040.3 296.229 -259.275 0.865909
845000 -16213.6 -20021.8 294.896 -357.899 0.865019
845100 -16131.7 -19986.7 298.514 115.615 0.867281
845200 -16091.1 -19983.3 301.395 442.987 0.86838
845300 -16125.3 -20006.8 300.568 -268.712 0.866167
845400 -16183.4 -20021.5 297.202 8.08485 0.865477
845500 -16217.2 -20012.1 293.867 -151.194 0.865614
845600 -16137 -19977.1 297.357 27.6641 0.866812
845700 -16045.7 -19896.2 298.165 130.724 0.867613
845800 -16030.9 -19885.5 298.485 30.3391 0.867221
845900 -16035 -19915.1 300.465 -76.8383 0.866618
846000 -16108.7 -19956.9 297.992 173.582 0.866279
846100 -16174.8 -19961.7 293.241 -169.051 0.86488
846200 -16138.3 -19982 297.641 -192.907 0.864934
846300 -16107.9 -19971.1 299.15 -285.239 0.86725
846400 -16115.4 -19983.5 299.535 71.0655 0.871797
846500 -16147.9 -20026 300.303 316.851 0.875844
846600 -16215.4 -20071.4 298.597 355.521 0.876829
846700 -16252.2 -20089.7 297.159 -11.4653 0.874556
846800 -16241.2 -20044.6 294.527 -163.565 0.872138
846900 -16195.4 -20011.4 295.493 -27.6805 0.871257
847000 -16159.8 -20012.9 298.365 17.9132 0.871232
847100 -16143.2 -20006 299.121 217.354 0.870783
847200 -16150.1 -20007.6 298.711 -106.403 0.86845
847300 -16231.5 -20064 296.771 -224.594 0.867201
847400 -16301.3 -20090.7 293.436 189.543 0.867707
847500 -16250.3 -20047.7 294.055 -18.0145 0.867274
847600 -16166.1 -20027.7 299.032 -103.233 0.866862
847700 -16150.3 -19999.3 298.048 -156.551 0.867491
847800 -16149.2 -20009.4 298.92 411.884 0.868835
847900 -16179 -19999.3 295.83 -14.6468 0.867107
848000 -16209.7 -19984.5 292.303 -171.026 0.865299
848100 -16123.3 -19964.2 297.42 -38.9383 0.865251
848200 -16064.3 -19960.6 301.713 86.4796 0.865432
848300 -16107.1 -19963.8 298.652 -216.43 0.865414
848400 -16177.1 -20017.2 297.369 -51.6633 0.867103
848500 -16233.4 -20068.3 296.965 -32.0251 0.869121
848600 -16272.6 -20042.9 291.958 21.1549 0.871068
848700 -16223 -20032.3 294.979 89.9137 0.872534
848800 -16115.5 -19999 300.718 -132.983 0.873438
848900 -16099.4 -19955.3 298.59 23.7598 0.87521
849000 -16117.8 -19958.3 297.395 -12.4028 0.876895
849100 -16128 -19984.1 298.607 255.707 0.877954
849200 -16182.7 -20019.7 297.119 15.1543 0.876883
849300 -16244.4 -20037.9 293.748 109.581 0.875269
849400 -16200 -20008.3 294.898 -209.318 0.87334
849500 -16081.3 -19926.7 297.773 -9.79738 0.873033
849600 -16053.8 -19930.8 300.223 166.076 0.873101
849700 -16092.6 -19958.8 299.38 40.6212 0.871812
849800 -16171.6 -19984.3 295.239 -39.3588 0.870191
849900 -16193.8 -19984.1 293.509 -312.082 0.869586
850000 -16108.4 -19958.2 298.116 115.04 0.871061
850100 -16057.9 -19905.7 297.962 -159.747 0.872028
850200 -16062.3 -19933.9 299.796 -117.522 0.874181
850300 -16117.9 -19976.6 298.807 270.553 0.877244
850400 -16201.7 -20038.3 297.09 105.18 0.878003
850500 -16240.6 -20074.1 296.845 212.606 0.877081
850600 -16240.6 -20078.7 297.209 5.14087 0.874805
850700 -16200.9 -20032.9 296.734 -30.0109 0.872381
850800 -16058.7 -19957.6 301.923 -116.545 0.870458
850900 -16048 -19934.9 300.984 115.149 0.8695
851000 -16113.4 -19944.1 296.639 79.8557 0.867821
851100 -16167.8 -20013.3 297.779 -128.032 0.86551
851200 -16212.2 -19988.5 292.427 -382.768 0.864741
851300 -16136.8 -19991.4 298.485 -14.9124 0.867239
851400 -16068.4 -19967.6 301.934 220.502 0.869738
851500 -16113.4 -19972.8 298.861 24.624 0.870445
851600 -16189.9 -20038.2 297.999 16.8083 0.87053
851700 -16247.5 -20073.8 296.287 13.6969 0.870414
851800 -16252.5 -20082.3 296.566 -157.385 0.870528
851900 -16240.2 -20103 299.117 -109.861 0.871596
852000 -16243.4 -20078 296.94 1.37604 0.873628
852100 -16235 -20090.3 298.535 457.271 0.874967
852200 -16207.2 -20058.7 298.245 18.2146 0.87289
852300 -16141.1 -20035.5 301.572 -97.4432 0.871021
852400 -16152.6 -20054.8 302.168 -107.54 0.870728
852500 -16243.7 -20083.6 297.351 -142.853 0.871443
852600 -16255.3 -20049.2 293.788 -26.5747 0.872952
852700 -16206.4 -20090.7 300.791 31.1406 0.874471
852800 -16207.9 -20068 298.915 304.262 0.875031
852900 -16245.6 -20085.3 297.331 -162.047 0.873561
853000 -16373 -20141.3 291.804 -230.311 0.873255
853100 -16381.2 -20134.5 290.639 13.9443 0.874938
853200 -16281.8 -20127.1 297.762 114.729 0.876662
853300 -16248.7 -20101.2 298.319 278.572 0.876967
853400 -16231.7 -20055 296.057 102.526 0.875062
853500 -16142.6 -19987.6 297.747 41.8781 0.87189
853600 -16071.2 -19945.6 300.018 -183.141 0.868874
853700 -16076 -19960.6 300.813 -67.3686 0.867538
853800 -16137.1 -20022.2 300.845 -85.9393 0.866943
853900 -16197.1 -20060.9 299.2 -146.545 0.867408
854000 -16230 -20082.8 298.342 107.224 0.868858
854100 -16247.1 -20071 296.113 -142.8 0.869867
854200 -16217.7 -20118.5 302.065 105.019 0.871493
854300 -16241.3 -20062.1 295.865 49.2733 0.872345
854400 -16267.8 -20105 297.137 63.9425 0.872729
854500 -16269.2 -20094.9 296.246 128.87 0.872333
854600 -16214 -20033.7 295.78 -86.7101 0.870912
854700 -16113.4 -19976.4 299.134 14.5056 0.870195
854800 -16093.3 -19975 300.583 160.895 0.869346
854900 -16131.6 -19954.1 296.002 -104.208 0.867351
855000 -16141 -19956.2 295.438 19.3719 0.865866
855100 -16053.3 -19964.2 302.841 -84.5425 0.864518
855200 -16031.6 -19895.6 299.219 -105.882 0.864029
855300 -16083.2 -19935.1 298.273 -164.223 0.86484
855400 -16176.4 -20020.3 297.659 -121.076 0.867084
855500 -16240.1 -20077 297.114 108.069 0.870203
855600 -16253.8 -20088.5 296.949 162.676 0.872475
855700 -16252.8 -20103.8 298.207 71.1916 0.873408
855800 -16248.7 -20075.5 296.334 87.4722 0.873461
855900 -16168.7 -20013.3 297.712 208.168 0.87228
856000 -16084.3 -19961.8 300.259 -87.8605 0.869464
856100 -16104.5 -20012.9 302.65 -229.126 0.867577
856200 -16191.7 -20054.3 299.106 -27.573 0.867645
856300 -16246.6 -20088.1 297.469 -155.085 0.868122
856400 -16250.6 -20059.3 294.933 -219.953 0.87046
856500 -16189 -20074.6 300.883 258.626 0.874392
856600 -16185.1 -20085 302.001 167.684 0.876096
856700 -16323 -20117.9 293.865 -21.933 0.876141
856800 -16321.5 -20120.6 294.188 -69.2356 0.876284
856900 -16232.7 -20081 298 25.2888 0.877106
857000 -16177.5 -20045.2 299.499 -74.14 0.877849
857100 -16159.6 -20018.9 298.85 -41.9701 0.879097
857200 -16194.9 -20087.1 301.394 112.071 0.880665
857300 -16306.1 -20101.1 293.874 -84.7653 0.881498
857400 -16289.6 -20122.3 296.791 276.136 0.882396
857500 -16224.9 -20058.5 296.861 -48.6335 0.881422
857600 -16143.1 -20024.8 300.585 172.215 0.880127
857700 -16142.9 -19993.1 298.145 26.4626 0.877693
857800 -16153.1 -20048.4 301.638 -232.064 0.875329
857900 -16215.3 -20083 299.5 35.8285 0.874546
858000 -16254.3 -20053.4 294.193 -130.229 0.873888
858100 -16207.3 -20012.4 294.65 -117.004 0.874523
858200 -16146.2 -20026.5 300.477 246.327 0.875791
858300 -16144.9 -19974.1 296.519 -199.409 0.875565
858400 -16130.2 -20015.1 300.833 -95.8359 0.876696
858500 -16199.8 -20045.4 297.794 137.433 0.878809
858600 -16288.6 -20077.9 293.434 47.8186 0.880112
858700 -16242.5 -20056.3 295.33 73.6447 0.880674
858800 -16166.9 -20011.4 297.703 172.387 0.880528
858900 -16121.9 -19976.7 298.504 -93.9887 0.879183
859000 -16112.5 -19974.2 299.038 11.4938 0.877967
859100 -16124.1 -19969.1 297.742 -20.8752 0.876627
859200 -16136.9 -20002.3 299.321 101.939 0.875092
859300 -16226.1 -20056 296.574 -238.162 0.872872
859400 -16283.6 -20086.3 294.464 -190.977 0.872217
859500 -16238.5 -20042.9 294.602 -91.8882 0.87362
859600 -16152.4 -20057.7 302.415 18.6979 0.876374
859700 -16181.6 -20039.2 298.718 25.9305 0.879443
859800 -16218.4 -20055.1 297.096 313.438 0.882285
859900 -16247.8 -20096.2 298.008 331.074 0.882536
860000 -16348.5 -20134.6 293.177 -76.9809 0.879657
860100 -16352.4 -20115.8 291.42 -149.963 0.876917
860200 -16251.3 -20096.4 297.753 -99.6469 0.875615
860300 -16203.8 -20048.1 297.689 115.516 0.875105
860400 -16167.3 -20024.5 298.693 68.868 0.873491
860500 -16142.1 -20024.8 300.662 -109.749 0.871076
860600 -16190.7 -20047 298.62 -90.7546 0.869503
860700 -16287.6 -20102.2 295.383 -103.418 0.868778
860800 -16304 -20093.9 293.473 -191.601 0.869285
860900 -16216.9 -20050 296.822 79.3392 0.871544
861000 -16160.6 -20042.8 300.624 246.699 0.873138
861100 -16186.9 -20052 299.302 -200.464 0.872927
861200 -16227.8 -20041.4 295.311 61.9152 0.873836
861300 -16232 -20096.1 299.221 -152.601 0.875228
861400 -16301 -20154.9 298.428 66.724 0.877814
861500 -16378.6 -20177.3 294.158 228.615 0.879825
861600 -16345.6 -20143.8 294.119 175.229 0.87989
861700 -16247.6 -20077.8 296.594 64.8205 0.878248
861800 -16197.6 -20063.2 299.337 125.612 0.875577
861900 -16202.2 -20053.1 298.192 -125.09 0.871743
862000 -16227.7 -20058.2 296.621 -305.359 0.868836
862100 -16226.9 -20025.5 294.142 -310.996 0.868818
862200 -16137.3 -19997.8 298.948 -87.5359 0.871878
862300 -16078.4 -19971.9 301.497 165.843 0.875798
862400 -16132.6 -20039.3 302.52 159.068 0.878358
862500 -16215.6 -20054.6 297.282 162.082 0.879178
862600 -16219.3 -20051.3 296.739 78.2363 0.87835
862700 -16212.6 -20072.9 298.929 -22.9508 0.877022
862800 -16221.5 -20027 294.689 -23.8717 0.875872
862900 -16134.2 -20004.8 299.718 10.0213 0.874807
863000 -16082.2 -19975.7 301.494 -98.6161 0.873822
863100 -16137.4 -20007 299.653 -7.13856 0.873564
863200 -16206 -20031.6 296.239 -270.912 0.873884
863300 -16207 -20033 296.268 162.063 0.876073
863400 -16182.5 -20002.8 295.831 -98.4256 0.877753
863500 -16137.4 -20004.6 299.462 135.238 0.87986
863600 -16135.4 -20018.6 300.695 143.992 0.880854
863700 -16180.3 -20029.3 298.051 6.27801 0.880484
863800 -16268.2 -20056.4 293.344 -92.8555 0.88003
863900 -16393.2 -20134.6 289.721 -78.55 0.880328
864000 -16329.9 -20149.6 295.783 -23.4865 0.881597
864100 -16259.9 -20099.2 297.299 160.015 0.882959
864200 -16201.4 -20054.6 298.373 51.1326 0.883384
864300 -16159.2 -20025.7 299.405 108.41 0.883253
864400 -16125 -19997 299.831 12.7048 0.881837
864500 -16079.7 -20013.6 304.627 -6.08541 0.880069
864600 -16154 -20018.3 299.232 -59.9148 0.878128
864700 -16230.5 -20055.3 296.178 -111.224 0.876453
864800 -16238.6 -20069.4 296.641 16.564 0.87552
864900 -16212.6 -20075.5 299.124 58.3935 0.874426
865000 -16151.6 -20023.5 299.825 -182.628 0.872704
865100 -16087.9 -19969.4 300.566 -77.6474 0.872224
865200 -16091.5 -19964.1 299.875 -37.2334 0.872832
865300 -16174.8 -20024.8 298.123 56.722 0.87363
865400 -16254.3 -20062.5 294.892 61.1237 0.874141
865500 -16252.2 -20108.9 298.645 26.5221 0.874234
865600 -16251.6 -20082.8 296.673 -92.8793 0.873983
865700 -16212.2 -20079.6 299.473 -113.743 0.87475
865800 -16154.3 -20054.6 302.027 133.275 0.876561
865900 -16179.7 -20020.4 297.41 53.5319 0.877583
866000 -16242 -20087.3 297.764 34.242 0.878217
866100 -16335.5 -20142.3 294.784 228.168 0.878224
866200 -16349.5 -20161.7 295.201 65.2338 0.876123
866300 -16304.3 -20146.3 297.508 -20.3316 0.872871
866400 -16272 -20086.3 295.368 -256.429 0.869767
866500 -16236.8 -20080.9 297.671 -250.967 0.868897
866600 -16195.8 -20042.5 297.875 42.7203 0.870357
866700 -16138.5 -20017.3 300.355 89.8417 0.871812
866800 -16087.7 -19977.1 301.177 11.8079 0.872591
866900 -16063.8 -19993.6 304.311 256.914 0.872796
867000 -16154.4 -19981.3 296.341 -167.149 0.871045
867100 -16207.1 -20036.3 296.516 -207.525 0.870475
867200 -16204.6 -20023.6 295.732 174.007 0.871767
867300 -16115.1 -20024.8 302.753 117.299 0.871716
867400 -16046 -19883.3 297.149 -157.858 0.870601
867500 -15934.3 -19804.5 299.7 -129.579 0.870847
867600 -15877.6 -19804.6 304.086 287.242 0.872135
867700 -15943.9 -19817.1 299.926 -23.6681 0.871364
867800 -16017 -19906.3 301.169 -160.243 0.870317
867900 -16096.4 -19931 296.936 22.922 0.870679
868000 -16124.5 -19959.6 296.975 33.1255 0.871119
868100 -16117.4 -19972.1 298.495 -140.603 0.871283
868200 -16115 -19981.1 299.372 -16.7703 0.87264
868300 -16154.6 -19987.6 296.813 198.646 0.874432
868400 -16189.2 -20008.5 295.752 194.154 0.874582
868500 -16153.8 -19966.5 295.242 -1.87572 0.872774
868600 -16046 -19903.8 298.73 11.0981 0.870453
868700 -16025.7 -19903.6 300.288 65.8763 0.867814
868800 -16074.4 -19923.1 298.029 -138.566 0.864515
868900 -16121.3 -19952.5 296.67 -301.578 0.862569
869000 -16179 -19960.1 292.792 -253.988 0.863432
869100 -16213.3 -20000.6 293.279 -39.9322 0.866883
869200 -16135.6 -19998.1 299.094 230.449 0.870876
869300 -16076.9 -19937.1 298.916 79.5987 0.872982
869400 -16072.4 -19982.2 302.753 145.78 0.873925
869500 -16180.7 -19966 293.114 36.9258 0.873463
869600 -16206.4 -20021 295.382 -63.9782 0.872662
869700 -16164.9 -19976.1 295.123 -37.049 0.872324
869800 -16103.9 -19949.7 297.808 32.0314 0.872542
869900 -16072.1 -19935.3 299.147 151.855 0.872411
870000 -16063.2 -19892.9 296.553 96.5655 0.870596
870100 -16039.8 -19892.6 298.351 -161.1 0.868145
870200 -16036.6 -19939.5 302.228 -131.967 0.86698
870300 -16072.9 -19899.8 296.344 -166.833 0.867204
870400 -16063.2 -19901 297.182 -154.816 0.869072
870500 -16019.8 -19899.1 300.397 109.472 0.872461
870600 -15987.9 -19875 301.002 214.285 0.874634
870700 -16050.9 -19910.9 298.909 25.2844 0.875096
870800 -16150.9 -19956.5 294.691 -105.474 0.875342
870900 -16146.3 -19967.8 295.925 37.2595 0.876231
871000 -16097.5 -19940 297.546 -51.5201 0.877248
871100 -16038.8 -19904.4 299.343 65.5601 0.878547
871200 -15979.1 -19905.7 304.056 147.938 0.879506
871300 -16010 -19907.6 301.819 189.516 0.879
871400 -16119.7 -19945.4 296.252 168.782 0.876218
871500 -16141.7 -19938.8 294.027 -307.207 0.872056
871600 -16061.2 -19907.8 297.863 -199.29 0.870219
871700 -16019.8 -19933.6 303.064 8.44002 0.87056
871800 -16071.4 -19876.6 294.658 -218.649 0.871491
871900 -16058 -19869.5 295.144 56.293 0.874033
872000 -15991.2 -19905.8 303.132 97.9634 0.876487
872100 -16008.9 -19904.7 301.67 337.293 0.877626
872200 -16082.5 -19942.4 298.9 54.7701 0.875916
872300 -16154.8 -19982.1 296.376 -13.5276 0.872982
872400 -16149.6 -19953.8 294.58 -105.239 0.869847
872500 -16073 -19959.5 300.956 -102.586 0.867464
872600 -16066.5 -19947.1 300.496 -395.813 0.866363
872700 -16189.5 -20037.5 297.977 -124.906 0.868562
872800 -16263.7 -20062.8 294.181 32.5815 0.872976
872900 -16212.8 -20082.9 299.681 175.032 0.878011
873000 -16185.3 -20039.1 298.42 254.549 0.881681
873100 -16185 -20026.4 297.465 153.866 0.88297
873200 -16154.6 -20027 299.859 223.073 0.882639
873300 -16138 -20005.8 299.512 190.121 0.880167
873400 -16119.8 -19941.2 295.914 14.1979 0.875425
873500 -16054.6 -19949.4 301.6 -367.383 0.870807
873600 -16023.9 -19869.8 297.81 -208.712 0.869281
873700 -15975.4 -19876.7 302.094 33.6356 0.86981
873800 -15971.1 -19885 303.071 192.982 0.870232
873900 -16084.8 -19909.5 296.17 40.5133 0.868863
874000 -16105.7 -19948.2 297.549 -243.255 0.867326
874100 -16094.7 -19979.7 300.842 38.4647 0.867905
874200 -16163.6 -19993.5 296.574 -27.694 0.868347
874300 -16242.4 -20041 294.146 127.299 0.868563
874400 -16217.8 -20018.2 294.285 -110.66 0.868139
874500 -16101.4 -19930.6 296.519 -85.7652 0.868215
874600 -16061.7 -19916.9 298.533 -196.199 0.869669
874700 -16061.6 -19937.6 300.136 359.468 0.872528
874800 -16131.2 -20016.6 300.873 -119.167 0.873103
874900 -16224.9 -20051.6 296.326 16.4779 0.874051
875000 -16233.7 -20042.8 294.962 37.6692 0.875261
875100 -16176.7 -20031.3 298.484 208.369 0.876016
875200 -16110.2 -20013.1 302.222 36.9065 0.87514
875300 -16146.4 -20032.4 300.91 18.7947 0.873227
875400 -16263 -20053 293.488 -164.006 0.871196
875500 -16232.3 -20034.5 294.427 -227.887 0.870559
875600 -16133.8 -19968.8 296.971 -160.897 0.872123
875700 -16072.9 -19953 300.462 -3.54725 0.875676
875800 -16093.5 -19989.6 301.703 304.472 0.879584
875900 -16196.5 -20080.3 300.749 287.176 0.880993
876000 -16249.8 -20086 297.062 -381.889 0.880113
876100 -16259.4 -20123.5 299.218 -92.3334 0.882208
876200 -16293.6 -20115 295.915 244.994 0.885606
876300 -16319.1 -20125.2 294.73 143.052 0.887104
876400 -16243.4 -20107.3 299.208 177.557 0.887163
876500 -16163.8 -20052.7 301.139 276.766 0.885125
876600 -16173.8 -20065.1 301.329 -134.244 0.880625
876700 -16254 -20076.2 295.977 -172.637 0.87681
876800 -16266.2 -20079.8 295.312 -179.91 0.874728
876900 -16236 -20071.4 296.998 -191.472 0.874857
877000 -16188.9 -20045.7 298.657 15.5101 0.876546
877100 -16126.6 -19991.3 299.27 178.436 0.878082
877200 -16056.7 -19983 304.039 112.741 0.878136
877300 -16098.3 -19984.1 300.897 -80.9019 0.877031
877400 -16218.4 -20024 294.688 -20.5491 0.87655
877500 -16225 -20063.7 297.256 1.89854 0.876297
877600 -16193.8 -20048.3 298.472 -171.701 0.876121
877700 -16127 -19983.8 298.655 52.3114 0.877401
877800 -16062.7 -19993 304.349 285.815 0.878321
877900 -16128.8 -20004.3 300.104 56.3802 0.87692
878000 -16189.1 -20022.6 296.852 -125.727 0.874176
878100 -16168.8 -19974.1 294.673 -42.6567 0.871472
878200 -16109.1 -20013.3 302.324 -336.337 0.86954
878300 -16148.2 -20032.6 300.788 -388.506 0.870549
878400 -16233.6 -20027.8 293.805 94.8697 0.875154
878500 -16242.3 -20123.1 300.51 240.113 0.880372
878600 -16268.7 -20122.6 298.43 160.738 0.883651
878700 -16294.7 -20129.6 296.967 115.743 0.885213
878800 -16309.1 -20145.6 297.081 23.5244 0.885823
878900 -16317 -20159.7 297.567 254.905 0.885789
879000 -16300.8 -20105.3 294.605 136.707 0.883521
879100 -16220.6 -20089.2 299.567 105.667 0.879604
879200 -16172.2 -20028.5 298.614 -205.777 0.875073
879300 -16154.4 -20023.1 299.579 -200.906 0.872339
879400 -16141.3 -19972 296.64 -210.827 0.871843
879500 -16096 -19991.5 301.65 226.336 0.872977
879600 -16105.7 -19974.2 299.556 29.488 0.87261
879700 -16172.5 -20004.8 296.756 -207.025 0.871902
879800 -16234.2 -20046.8 295.233 11.4258 0.872734
879900 -16280.1 -20077.3 294.038 -96.1931 0.873941
880000 -16257.4 -20076.2 295.712 49.1167 0.876034
880100 -16161.8 -20036.9 300.067 313.443 0.877156
880200 -16131.4 -20007.4 300.147 55.7241 0.875715
880300 -16174 -20037.5 299.175 138.487 0.873363
880400 -16267.9 -20072.6 294.625 -405.105 0.87038
880500 -16283.5 -20102.4 295.72 -69.5601 0.870543
880600 -16257.9 -20091.7 296.873 107.884 0.871774
880700 -16236.4 -20052.5 295.501 -157.895 0.872303
880800 -16185 -20036.9 298.281 128.174 0.873647
880900 -16167.5 -20064.2 301.748 -41.3794 0.874542
881000 -16235.8 -20070.9 296.976 7.94459 0.875577
881100 -16267.9 -20076 294.889 110.922 0.87636
881200 -16241.3 -20086.2 297.73 273.66 0.876018
881300 -16225.3 -20038.3 295.269 27.7921 0.873208
881400 -16177.9 -20044.5 299.416 -129.473 0.869791
881500 -16154.5 -20012.7 298.766 -117.13 0.867466
881600 -16148.5 -19974.8 296.295 -23.641 0.866335
881700 -16091.2 -19974.3 300.69 -73.9328 0.865546
881800 -16038.8 -19947.7 302.684 -159.432 0.865629
881900 -16102.1 -19985.4 300.702 86.3429 0.866962
882000 -16199 -20009.5 295.076 -76.9041 0.867697
882100 -16191.5 -20046.4 298.509 -239.614 0.86966
882200 -16183.7 -20058.7 300.065 269.735 0.873694
882300 -16249.5 -20081.3 296.72 29.0205 0.876407
882400 -16345.4 -20130.9 293.135 -48.6539 0.87875
882500 -16335 -20147.3 295.212 306.13 0.881325
882600 -16279 -20093 295.345 228.624 0.881687
882700 -16233.7 -20046 295.208 237.364 0.879606
882800 -16177.6 -20033.9 298.622 35.6259 0.874915
882900 -16144.2 -19999.2 298.517 -81.3583 0.869179
883000 -16123.3 -19984.6 299.003 -387.4 0.864667
883100 -16050.3 -19926.7 300.169 -19.7742 0.863293
883200 -15988 -19907.7 303.524 -400.223 0.863374
883300 -16051.4 -19912.6 298.996 -63.6612 0.866431
883400 -16141.6 -20013.2 299.801 120.739 0.870227
883500 -16187.6 -20038.7 298.218 283.094 0.872343
883600 -16207.5 -20054.6 297.902 9.11517 0.871912
883700 -16218.6 -20050.3 296.715 -105.05 0.871376
883800 -16192.4 -20062.8 299.712 -198.731 0.87212
883900 -16170.9 -20053.5 300.649 -39.2174 0.874334
884000 -16205.1 -20053.1 297.976 -52.7686 0.876914
884100 -16261.1 -20081.5 295.831 65.3621 0.879487
884200 -16297.2 -20128.5 296.68 145.993 0.881136
884300 -16366.4 -20219.2 298.343 -34.0935 0.881606
884400 -16433.8 -20198.5 291.521 1.31341 0.882049
884500 -16374.9 -20214.1 297.293 -96.2576 0.882818
884600 -16328.8 -20209.9 300.534 233.757 0.883878
884700 -16336.1 -20152.1 295.499 -40.6823 0.883177
884800 -16305.9 -20136.1 296.597 7.58245 0.882553
884900 -16289.7 -20154.7 299.29 266.802 0.881879
885000 -16299.6 -20135.2 297.018 68.2366 0.879036
885100 -16294.8 -20150.8 298.592 -117.802 0.8757
885200 -16324.9 -20159.8 296.962 7.71165 0.873626
885300 -16345.1 -20124.8 292.685 -209.456 0.872154
885400 -16262.5 -20108.5 297.815 -196.993 0.872609
885500 -16185.9 -20025.9 297.349 156.585 0.874404
885600 -16161.5 -20046.6 300.844 19.0309 0.875097
885700 -16207.9 -20035 296.36 1.64835 0.875462
885800 -16281.9 -20093.2 295.136 -29.6434 0.875797
885900 -16389.8 -20186.3 293.989 8.97138 0.876237
886000 -16403.6 -20201.6 294.102 -107.716 0.876883
886100 -16328.1 -20150.9 296.025 -98.105 0.878498
886200 -16273 -20115.1 297.515 81.9489 0.880565
886300 -16264.1 -20124.4 298.925 98.494 0.88183
886400 -16285.1 -20115.2 296.59 -33.244 0.882271
886500 -16290.3 -20113.8 296.077 175.929 0.882411
886600 -16210 -20064.8 298.499 67.1037 0.881339
886700 -16143.5 -20030.9 301.026 275.045 0.879307
886800 -16147.5 -19975.8 296.447 -72.6585 0.875591
886900 -16125.5 -19983.6 298.753 -7.07486 0.872802
887000 -16049.3 -19909.2 298.9 -142.375 0.870865
887100 -15979.2 -19879.9 302.058 -8.52801 0.870226
887200 -16007.2 -19882 300.051 -134.621 0.870284
887300 -16118.2 -20001.3 300.691 -62.3972 0.871201
887400 -16183.9 -20041 298.68 -114.907 0.872566
887500 -16220.8 -20059.9 297.287 -15.5684 0.874504
887600 -16253 -20097 297.667 -200.609 0.876526
887700 -16293.8 -20110.3 295.536 -213.477 0.880047
887800 -16334 -20155.4 295.911 204.413 0.884557
887900 -16332.8 -20147.5 295.4 154.076 0.886873
888000 -16267.1 -20173.9 302.524 316.058 0.887165
888100 -16285 -20154.5 299.636 180.104 0.884864
888200 -16362.8 -20169.7 294.788 -80.0758 0.881004
888300 -16355.3 -20161.6 294.742 -13.9804 0.877875
888400 -16215.3 -20080.7 299.317 -220.091 0.875661
888500 -16192.7 -20088.3 301.661 1.10579 0.87523
888600 -16269.6 -20135.7 299.377 100.619 0.874841
888700 -16345.1 -20157.7 295.23 -153.936 0.873943
888800 -16360.4 -20203.4 297.584 -207.579 0.874534
888900 -16335.4 -20172.9 297.165 -177.886 0.877126
889000 -16232.1 -20124.5 301.419 181.379 0.881046
889100 -16204.3 -20097.1 301.442 310.09 0.882949
889200 -16274.3 -20116.8 297.547 85.402 0.881915
889300 -16326.5 -20146.8 295.83 -13.3671 0.880223
889400 -16311.3 -20117.8 294.76 -17.0274 0.878724
889500 -16267.6 -20129.1 299.015 -173.218 0.877756
889600 -16251.6 -20114.8 299.153 29.5134 0.878189
889700 -16298.5 -20156.7 298.764 4.7238 0.878392
889800 -16402.1 -20185.5 292.967 -205.91 0.878771
889900 -16379.6 -20191.6 295.188 -108.517 0.881045
890000 -16315.4 -20157.6 297.525 237.886 0.883814
890100 -16274.8 -20123.5 298.027 -180.07 0.885176
890200 -16266.2 -20138.4 299.85 133.638 0.887145
890300 -16292 -20146.3 298.459 202.009 0.88798
890400 -16325.8 -20182.4 298.644 -10.1975 0.887126
890500 -16404.1 -20225.3 295.903 69.1406 0.886143
890600 -16522.6 -20292.8 291.948 62.6219 0.884552
890700 -16495 -20260 291.55 -123.609 0.882605
890800 -16404.8 -20232.9 296.435 -20.3403 0.881832
890900 -16348 -20190.3 297.53 24.1467 0.881143
891000 -16292.4 -20133.7 297.455 -189.488 0.880675
891100 -16216.8 -20076.6 298.883 -20.0706 0.88192
891200 -16180 -20062 300.607 150.888 0.883194
891300 -16197.7 -20037.2 297.312 22.7384 0.883024
891400 -16221.9 -20051.6 296.562 -8.75838 0.882607
891500 -16257.9 -20069.8 295.181 -71.5439 0.882418
891600 -16238.4 -20080.4 297.509 64.7174 0.882628
891700 -16193.9 -20034.4 297.395 192.604 0.882279
891800 -16140.8 -20027.5 300.975 -0.851998 0.880563
891900 -16125.8 -19983.1 298.694 -78.7996 0.878581
892000 -16118 -19981.5 299.168 -256.788 0.877413
892100 -16146.6 -20035.7 301.157 25.1732 0.878373
892200 -16255.1 -20107 298.277 30.0409 0.879431
892300 -16304 -20118.6 295.39 -238.363 0.880395
892400 -16279.6 -20124.4 297.728 88.5786 0.883139
892500 -16197.2 -20037.1 297.347 77.7168 0.885599
892600 -16116.7 -20018.7 302.157 235.212 0.887287
892700 -16140.7 -20020.4 300.433 296.194 0.886713
892800 -16177.6 -20021.8 297.677 -11.8502 0.883316
892900 -16196.2 -20076.9 300.511 -154.267 0.879843
893000 -16285.2 -20124.1 297.273 -67.7157 0.877536
893100 -16361.4 -20153.5 293.645 -257.62 0.876306
893200 -16316.1 -20107.8 293.61 -113.312 0.8775
893300 -16236.2 -20115.5 300.4 -13.1433 0.879904
893400 -16242.9 -20122.4 300.418 -185.236 0.882693
893500 -16306.5 -20137.2 296.642 62.34 0.886823
893600 -16353 -20193.4 297.382 217.64 0.890127
893700 -16463.6 -20251.3 293.306 106.19 0.891304
893800 -16491.1 -20219.3 288.702 42.3339 0.89136
893900 -16383.9 -20209.4 296.228 -70.18 0.89111
894000 -16316.1 -20137 295.874 64.0042 0.891225
894100 -16247.6 -20127.8 300.462 333.445 0.890417
894200 -16231.8 -20083.8 298.284 -14.3628 0.887358
894300 -16227.1 -20073.9 297.878 -150.444 0.884397
894400 -16199.2 -20067.5 299.545 54.919 0.882827
894500 -16177.1 -20048.7 299.804 53.818 0.881248
894600 -16185 -20025.2 297.375 8.68578 0.879276
894700 -16200.8 -20038.5 297.177 -28.1358 0.877543
894800 -16213.7 -20056.2 297.551 66.7944 0.875998
894900 -16227.9 -20106.4 300.334 -296.827 0.874643
895000 -16317.3 -20164.3 297.896 31.5158 0.875594
895100 -16371.9 -20178.4 294.758 102.397 0.876286
895200 -16334.2 -20131.5 294.052 -229.749 0.87637
895300 -16244.3 -20106 299.034 -109.609 0.878365
895400 -16240.6 -20092.1 298.246 201.479 0.881069
895500 -16257.8 -20112.1 298.465 95.3138 0.882134
895600 -16281.5 -20117.7 297.06 113.409 0.881881
895700 -16314.7 -20151 297.062 2.65236 0.880647
895800 -16357 -20161.6 294.616 41.1949 0.879282
895900 -16339.9 -20140.6 294.313 -72.5193 0.877976
896000 -16237.4 -20100.6 299.152 -134.29 0.877365
896100 -16191.6 -20074.8 300.703 23.7304 0.877569
896200 -16213.4 -20033.7 295.831 -49.4168 0.877924
896300 -16182.5 -20015 296.772 -86.2108 0.878841
896400 -16062.4 -19962.9 302.037 112.055 0.880382
896500 -16056.2 -19968.2 302.928 118.721 0.880967
896600 -16145.6 -20006.7 298.993 35.7973 0.880444
896700 -16175.1 -19994.5 295.758 -147.885 0.879907
896800 -16137.3 -20016.1 300.363 22.6317 0.880157
896900 -16133.3 -20015.1 300.592 70.2712 0.880329
897000 -16236.1 -20041 294.635 8.30607 0.880154
897100 -16270.7 -20103.1 296.766 -36.8889 0.879795
897200 -16242.2 -20053 295.089 -47.8349 0.879539
897300 -16168.1 -20047.7 300.419 -97.9729 0.880016
897400 -16154.1 -20031.8 300.273 116.287 0.881387
897500 -16175.2 -20034.1 298.817 188.094 0.881798
897600 -16203.1 -20068.6 299.333 -19.4743 0.880541
897700 -16252.4 -20099.4 297.901 -152.145 0.879158
897800 -16312.7 -20132 295.751 -48.2392 0.878812
897900 -16347.4 -20119.6 292.098 22.3654 0.878952
898000 -16266.8 -20121.2 298.476 194.479 0.878814
898100 -16183.3 -20013.1 296.566 -173.968 0.877164
898200 -16130.4 -20038.6 302.63 -99.614 0.876429
898300 -16173.7 -20013.6 297.348 64.7064 0.876533
898400 -16230.7 -20046.9 295.508 -27.1203 0.876204
898500 -16288.9 -20055.2 291.644 -84.1026 0.87602
898600 -16285.4 -20079.9 293.836 83.9648 0.876515
898700 -16176.5 -19994.4 295.645 83.8839 0.876536
898800 -16113.2 -20015 302.141 54.8512 0.875636
898900 -16158.2 -19999.9 297.488 -156.786 0.874272
899000 -16197.5 -20023.9 296.306 -153.27 0.873911
899100 -16190.9 -20044.8 298.428 -53.8063 0.875333
899200 -16166.1 -20035.3 299.617 41.714 0.877472
899300 -16157.3 -20042.1 300.825 154.947 0.879321
899400 -16217.6 -20089.8 299.842 196.99 0.879792
899500 -16296.6 -20100.7 294.574 -197.401 0.878651
899600 -16276.3 -20110.3 296.883 158.056 0.878593
899700 -16216.7 -20078 299.005 -24.2117 0.877527
899800 -16116 -19979.3 299.162 -171.37 0.876315
899900 -16015.7 -19945 304.27 -145.646 0.877026
900000 -16052.9 -19958.5 302.435 -34.2678 0.879309
900100 -16132.5 -19970 297.163 232.278 0.881944
900200 -16172.5 -20012.1 297.322 38.5096 0.883103
900300 -16192.6 -20054.6 299.058 178.16 0.88333
900400 -16279.6 -20076.4 294.009 62.0577 0.882047
900500 -16343.2 -20146.3 294.498 -52.7655 0.880083
900600 -16298.3 -20132.8 296.932 107.547 0.878157
900700 -16185 -20067.9 300.672 -136.013 0.875027
900800 -16154.3 -20016.8 299.098 -54.3276 0.872744
900900 -16182.7 -20043.1 298.936 7.07612 0.871047
901000 -16228.4 -20053.7 296.216 -208.373 0.869377
901100 -16207.6 -20019 295.142 -140.91 0.869353
901200 -16093 -19985.8 301.451 -94.6073 0.870941
901300 -16091.4 -19974.4 300.682 19.5028 0.873666
901400 -16156.3 -20026 299.655 77.6205 0.876515
901500 -16215.1 -20059.6 297.701 153.33 0.878777
901600 -16229 -20045.3 295.517 118.333 0.879737
901700 -16187.8 -20037.2 298.079 -15.1384 0.879618
901800 -16170.1 -20076.1 302.463 66.257 0.879502
901900 -16213.3 -20072.1 298.811 152.854 0.87855
902000 -16233.3 -20073.8 297.398 -44.6464 0.876276
902100 -16237.5 -20084.7 297.916 -232.575 0.874289
902200 -16230 -20064 296.891 -59.7034 0.874123
902300 -16173.1 -20012.5 297.313 -137.313 0.875098
902400 -16078.4 -19971.3 301.451 179.573 0.876733
902500 -16087.3 -19960.8 299.949 -10.4028 0.877408
902600 -16147.4 -19989.4 297.514 22.746 0.878079
902700 -16182.3 -20036.9 298.485 115.638 0.878686
902800 -16243 -20056.2 295.279 -6.37552 0.878264
902900 -16374 -20144.6 291.979 -131.771 0.877689
903000 -16381.9 -20175.1 293.738 17.9119 0.878336
903100 -16309.7 -20182.8 299.924 48.5185 0.879082
903200 -16282.2 -20103.3 295.893 -83.6839 0.879547
903300 -16242.3 -20092.7 298.165 118.904 0.880448
903400 -16217.4 -20058.2 297.413 58.9798 0.880729
903500 -16206.2 -20067.4 298.993 29.5412 0.880185
903600 -16222.1 -20073.7 298.247 -112.646 0.879428
903700 -16232.5 -20046.6 295.347 129.181 0.879371
903800 -16165.5 -20044.1 300.342 -122.531 0.878693
903900 -16082.4 -20031.7 305.818 67.9592 0.878793
904000 -16149.9 -19998.8 298.048 -102.065 0.878555
904100 -16227.3 -20099.4 299.84 -52.44 0.879071
904200 -16269.3 -20129.2 298.897 145.624 0.879934
904300 -16318.3 -20165.3 297.891 -131.307 0.879994
904400 -16363.1 -20153.3 293.494 -115.994 0.881195
904500 -16292.6 -20121.2 296.468 213.421 0.883407
904600 -16200.5 -20107.2 302.514 35.9226 0.884056
904700 -16243.8 -20108.7 299.284 56.5308 0.884018
904800 -16318.6 -20156.6 297.197 181.078 0.883518
904900 -16360.7 -20166.1 294.675 171.641 0.880966
905000 -16300.3 -20103 294.463 -159.815 0.876882
905100 -16218 -20086.6 299.567 -166.47 0.874118
905200 -16212.5 -20039.7 296.362 -29.921 0.87262
905300 -16185.3 -20054.7 299.626 -204.152 0.87189
905400 -16181.1 -20046.4 299.312 -199.161 0.87312
905500 -16229.6 -20059.9 296.604 69.9724 0.876011
905600 -16309.7 -20155.8 297.827 22.9445 0.878718
905700 -16367.7 -20139.2 292.054 -108.168 0.881308
905800 -16308.6 -20170.4 299.046 218.601 0.884593
905900 -16257.8 -20140 300.62 379.57 0.885863
906000 -16262.3 -20092.7 296.611 145.792 0.883611
906100 -16258.1 -20129.1 299.755 46.8576 0.879775
906200 -16285.2 -20127.5 297.53 -13.0349 0.875815
906300 -16305.4 -20087.7 292.89 -212.796 0.872603
906400 -16221.6 -20128 302.49 -175.048 0.871402
906500 -16195.6 -20069.1 299.947 -96.3715 0.871869
906600 -16248.6 -20086.6 297.198 44.9653 0.87311
906700 -16356.6 -20122.4 291.61 -275.817 0.874466
906800 -16349.7 -20155.7 294.725 94.186 0.877573
906900 -16242.3 -20100.4 298.762 384.942 0.879378
907000 -16213.9 -20076.1 299.068 134.627 0.877772
907100 -16218.4 -20045.1 296.329 -14.3928 0.874862
907200 -16193.3 -20045 298.264 -198.804 0.872922
907300 -16145.3 -20021.5 300.156 219.541 0.87243
907400 -16115.2 -19963.4 297.99 -106.153 0.870691
907500 -16052.3 -19868.5 295.514 -115.602 0.869981
907600 -15967 -19894.6 304.137 -107.466 0.870487
907700 -16021.8 -19894.2 299.863 -51.968 0.871968
907800 -16113.2 -20031.4 303.411 -68.2869 0.874131
907900 -16203.3 -20092.8 301.191 151.014 0.876274
908000 -16270.8 -20094.7 296.114 -199.295 0.877426
908100 -16288 -20132.8 297.725 41.8019 0.879838
908200 -16284.6 -20097.1 295.224 313.739 0.881627
908300 -16201.2 -20073.2 299.828 77.8227 0.880803
908400 -16133.9 -20019.4 300.882 6.45128 0.879025
908500 -16157.4 -20016.5 298.834 -9.40182 0.877168
908600 -16235.7 -20059.3 296.091 -22.9118 0.875404
908700 -16346.4 -20131.1 293.068 -119.338 0.87397
908800 -16361 -20141.6 292.749 -96.714 0.873656
908900 -16299.6 -20112.2 295.233 -150.136 0.87457
909000 -16257.2 -20090.5 296.835 43.6273 0.876739
909100 -16203.6 -20056.5 298.349 87.7353 0.878766
909200 -16155.8 -20033.8 300.302 -24.897 0.879883
909300 -16139.5 -20006.2 299.422 94.6387 0.881078
909400 -16184 -20018.9 296.955 151.944 0.88136
909500 -16244.1 -20038.2 293.799 38.4474 0.880132
909600 -16222.3 -20095 299.886 49.3689 0.878635
909700 -16171.5 -20044 299.875 77.4266 0.87622
909800 -16098 -19938.8 297.418 -315.934 0.873505
909900 -16011.6 -19904.8 301.471 -52.1145 0.873523
910000 -16024.6 -19912.9 301.095 40.6818 0.874402
910100 -16094.1 -19930.8 297.098 179.277 0.874563
910200 -16120.7 -19967.5 297.878 -183.294 0.873675
910300 -16118.1 -19968.2 298.14 -61.9951 0.873828
910400 -16115.8 -19967.4 298.254 -64.05 0.874958
910500 -16129.8 -19960.1 296.601 -180.436 0.876953
910600 -16155.9 -19999.9 297.663 147.124 0.880514
910700 -16180.8 -20042.7 299.045 201.747 0.883187
910800 -16254.5 -20081.3 296.339 111.843 0.883779
910900 -16294.7 -20086.8 293.65 116.135 0.883166
911000 -16224.1 -20106 300.602 162.002 0.881263
911100 -16167.4 -20016.3 298.046 12.8463 0.877615
911200 -16112 -19973.8 299.046 -389.03 0.874189
911300 -15979.6 -19932.4 306.09 -2.22354 0.873672
911400 -16027.1 -19925.4 301.87 0.0637341 0.873654
911500 -16122.7 -19979.6 298.663 -48.3484 0.873509
911600 -16159.9 -19973.2 295.281 -97.1594 0.873814
911700 -16136.5 -20011.3 300.048 -285.259 0.875895
911800 -16141.7 -20042 302.028 349.574 0.880437
911900 -16261.6 -20094.4 296.797 230.883 0.882875
912000 -16304.2 -20142.3 297.212 -167.363 0.883553
912100 -16288.3 -20111.9 296.08 136.407 0.885128
912200 -16206.9 -20057.4 298.163 306.331 0.885399
912300 -16136.8 -20005.3 299.564 -153.822 0.883295
912400 -16126.4 -20016.4 301.228 69.1941 0.881578
912500 -16170.8 -20040.7 299.668 -47.4719 0.879179
912600 -16199.6 -20044.9 297.761 -310.281 0.877091
912700 -16210.5 -20070.2 298.878 136.387 0.877273
912800 -16249 -20071.5 295.999 -42.9984 0.876826
912900 -16311.6 -20104.9 293.735 -54.2064 0.876532
913000 -16346.2 -20159.3 295.269 23.1184 0.876905
913100 -16320.5 -20165.3 297.726 20.5425 0.877127
913200 -16232.9 -20091.1 298.772 -14.9061 0.877342
913300 -16185.8 -20088 302.17 180.672 0.877437
913400 -16234 -20059.6 296.239 8.27319 0.875931
913500 -16219.5 -20014.1 293.841 27.64 0.873715
913600 -16148.3 -20024.5 300.16 -151.584 0.871432
913700 -16142.8 -19991.4 298.025 -90.2568 0.869991
913800 -16154.5 -20006 298.246 -97.606 0.869621
913900 -16174.7 -19987.8 295.269 -20.4102 0.870203
914000 -16122.1 -19949.5 296.374 87.0862 0.870794
914100 -16029.7 -19929.5 301.99 -54.282 0.871203
914200 -16056.9 -19954.1 301.78 104.93 0.871945
914300 -16121.4 -19959.4 297.199 66.1131 0.871569
914400 -16139.9 -19983.5 297.63 59.009 0.870403
914500 -16155.7 -20011.9 298.614 -42.2351 0.86892
914600 -16202.3 -20012.5 295.04 -164.367 0.867778
914700 -16283.9 -20058 292.254 -132.83 0.868108
914800 -16259.3 -20059.8 294.302 -55.7472 0.869735
914900 -16155.3 -19998.3 297.582 -54.3925 0.872006
915000 -16128.1 -20003.1 300.063 249.617 0.874786
915100 -16152.5 -19986.6 296.904 266.902 0.875694
915200 -16182.5 -20032.6 298.142 -85.5266 0.874246
915300 -16268.5 -20062.3 293.782 -75.6343 0.873018
915400 -16277.1 -20062.7 293.141 -163.91 0.872498
915500 -16171.8 -20017.5 297.793 -114.16 0.873688
915600 -16121.7 -19986.7 299.29 189.197 0.876179
915700 -16126 -19979.9 298.431 144.643 0.877111
915800 -16150.6 -19987 297.078 -6.03332 0.876622
915900 -16208.8 -20039.4 296.624 169.628 0.875874
916000 -16275.7 -20032.5 290.911 8.64074 0.873489
916100 -16212 -20039.9 296.418 -120.982 0.87087
916200 -16121.6 -19965.3 297.645 -91.9944 0.869336
916300 -16099.7 -19967.5 299.507 -44.6569 0.868661
916400 -16124.5 -19990.8 299.387 -67.2412 0.868467
916500 -16210.8 -20019.9 294.962 -9.56217 0.868691
916600 -16250.9 -20064.4 295.303 -49.4679 0.869393
916700 -16223.4 -20049 296.245 -27.1591 0.870572
916800 -16195.9 -20048.4 298.322 13.6361 0.872044
916900 -16200.1 -20073 299.906 -24.9777 0.873759
917000 -16221.8 -20011.3 293.446 69.1937 0.875535
917100 -16133.9 -20035.8 302.144 108.235 0.87685
917200 -16064.5 -19958 301.5 224.477 0.8771
917300 -16084.8 -19940 298.529 -167.223 0.875751
917400 -16216.1 -20034 295.642 352.292 0.874921
917500 -16282.8 -20083.2 294.289 33.3169 0.871193
917600 -16224.5 -20034.9 295.065 -413.964 0.86698
917700 -16136.1 -19986.1 298.13 -243.764 0.866485
917800 -16090.1 -19940.9 298.191 -235.617 0.868921
917900 -16045 -19914.2 299.613 113.244 0.873113
918000 -16019.8 -19929.4 302.748 142.08 0.876284
918100 -16124.6 -20008.6 300.765 57.2639 0.87802
918200 -16210.9 -20022.8 295.174 -59.4031 0.879285
918300 -16203.8 -20043.6 297.343 156.355 0.880645
918400 -16154 -19990.7 297.1 45.0439 0.880782
918500 -16085.5 -20018.3 304.539 132.28 0.880268
918600 -16148.4 -20015.7 299.466 -26.8716 0.878648
918700 -16210.5 -20040.2 296.56 15.3087 0.877112
918800 -16199.3 -20035.2 297.038 -46.967 0.875584
918900 -16167 -20032.6 299.341 -200.079 0.874857
919000 -16114.7 -19952.1 297.159 -103.351 0.875695
919100 -16013.3 -19942.2 304.235 -36.0863 0.877477
919200 -16046 -19934.9 301.141 189.977 0.879597
919300 -16118.7 -20007.9 301.168 -207.361 0.880745
919400 -16175.8 -20038.7 299.125 94.4965 0.883036
919500 -16230.3 -20065.8 297.006 246.44 0.88477
919600 -16247.2 -20084.1 297.111 227.952 0.884033
919700 -16224.4 -20085.6 298.992 -13.5967 0.881058
919800 -16172.3 -20043 299.732 -123.055 0.878137
919900 -16122.5 -19992.8 299.704 24.8485 0.87617
920000 -16127.6 -20010.8 300.702 -73.9607 0.874521
920100 -16208.2 -20027.7 295.775 -80.9216 0.87347
920200 -16228.7 -20002.9 292.256 -259.293 0.873504
920300 -16136.7 -19977.5 297.414 -67.2783 0.875646
920400 -16089.6 -19927.9 297.221 21.6408 0.878493
920500 -16072.4 -19964.4 301.383 284.744 0.881241
920600 -16143.7 -20019 300.09 255.53 0.88148
920700 -16212.2 -20005.7 293.752 -58.8913 0.879266
920800 -16182.2 -20040.2 298.747 35.5044 0.877126
920900 -16149.9 -19966.7 295.562 -125.286 0.875215
921000 -16041.9 -19939.4 301.81 21.3213 0.874317
921100 -16017.8 -19920.8 302.234 -45.0148 0.873244
921200 -16075.4 -19941.7 299.395 12.8628 0.872391
921300 -16120 -19946.5 296.315 -174.421 0.871745
921400 -16106.4 -19930.1 296.092 -74.1035 0.872483
921500 -16020.3 -19926.3 302.464 273.985 0.873851
921600 -15934.3 -19869.9 304.762 164.443 0.872895
921700 -16011.2 -19875.3 299.22 18.3142 0.870202
921800 -16122 -19947.9 296.26 -210.51 0.867637
921900 -16142.9 -20001.3 298.777 -111.641 0.86693
922000 -16143.3 -19949.9 294.767 -131.461 0.867259
922100 -16075.8 -19969.9 301.541 -183.274 0.869198
922200 -16030.7 -19926.1 301.643 226.084 0.872552
922300 -16082.7 -19952.6 299.67 -34.4325 0.874357
922400 -16188.9 -20019.2 296.598 4.76299 0.87618
922500 -16218.5 -20041.1 296.006 103.735 0.877995
922600 -16197.7 -20045.6 297.965 76.4969 0.878855
922700 -16117.3 -20009.3 301.381 288.718 0.878786
922800 -16054.3 -19956.5 302.168 -114.874 0.876491
922900 -16102.1 -19933.1 296.653 -109.201 0.874545
923000 -16211.4 -20022.6 295.125 -113.168 0.873848
923100 -16248.4 -20071.9 296.077 -136.406 0.874244
923200 -16229.1 -20069.7 297.4 -103.944 0.875981
923300 -16155.8 -20023 299.463 -5.53213 0.879098
923400 -16027 -19933 302.465 366.852 0.882128
923500 -16043.3 -19941.1 301.824 128.354 0.882291
923600 -16121.9 -19969.6 297.957 62.5493 0.880601
923700 -16176.6 -20034.3 298.726 -76.7579 0.878356
923800 -16213.2 -20056 297.574 -95.4797 0.876788
923900 -16225.5 -20053.4 296.413 47.7978 0.875944
924000 -16205.8 -20014.2 294.912 -83.8929 0.874778
924100 -16172.7 -20022.8 298.135 -214.898 0.87446
924200 -16171.2 -20035.4 299.234 -9.84217 0.875975
924300 -16202.9 -20038.7 297.036 -43.9456 0.878141
924400 -16250.4 -20105.6 298.529 235.647 0.880686
924500 -16346.7 -20152 294.672 49.8782 0.881604
924600 -16355.1 -20176.3 295.9 35.2986 0.881643
924700 -16278.3 -20113.3 296.967 126.415 0.881343
924800 -16196.8 -20064.6 299.511 -41.9689 0.880004
924900 -16197.3 -20047.4 298.141 -7.59219 0.878484
925000 -16204.8 -20049.6 297.73 -29.7391 0.8771
925100 -16207 -20047.3 297.381 64.8013 0.87546
925200 -16179.5 -20012.1 296.783 -139.305 0.873319
925300 -16108.7 -19990.3 300.572 -78.195 0.872047
925400 -16072.8 -19937.9 299.303 -214.544 0.871687
925500 -16044.3 -19914.9 299.724 -298.189 0.873821
925600 -16008.2 -19921.5 303.025 273.406 0.878405
925700 -16079.4 -19967.7 301.092 -98.0237 0.881602
925800 -16174 -20020.7 297.877 155.691 0.885106
925900 -16215.6 -20055.4 297.334 212.516 0.887609
926000 -16238 -20062.4 296.145 206.389 0.887997
926100 -16228.2 -20090.5 299.08 -109.188 0.886566
926200 -16205 -20017.2 295.197 -4.1856 0.885535
926300 -16121.7 -20021.6 301.99 -30.2088 0.884925
926400 -16135.6 -20056.5 303.615 241.025 0.884042
926500 -16230.9 -20052.5 295.93 -195.943 0.881561
926600 -16231.8 -20048.6 295.554 -107.734 0.880353
926700 -16175.1 -20027.4 298.305 -78.1802 0.880559
926800 -16118.7 -19990.3 299.802 54.9631 0.881188
926900 -16117.3 -20008.2 301.298 -163.587 0.881768
927000 -16248.9 -20092.4 297.62 -78.1111 0.883941
927100 -16320 -20132 295.18 107.193 0.887135
927200 -16291.5 -20122.2 296.635 239.223 0.889061
927300 -16224.1 -20092.7 299.568 254.512 0.888539
927400 -16192.6 -20046 298.389 -34.6103 0.885761
927500 -16117.1 -20030.6 303.041 130.569 0.882876
927600 -16084.9 -20009.5 303.908 -150.31 0.879168
927700 -16178.2 -20002.1 296.113 -368.96 0.876969
927800 -16212.4 -20069.9 298.712 -162.326 0.878278
927900 -16208.6 -20006.6 294.096 8.43626 0.881013
928000 -16141.3 -20013 299.805 88.4877 0.883737
928100 -16125.5 -19996.2 299.732 235.049 0.885528
928200 -16151.2 -20028.3 300.234 287.706 0.884913
928300 -16183.7 -20036.4 298.336 -90.7328 0.881972
928400 -16231.4 -20093.2 299.037 -10.3902 0.879691
928500 -16300.6 -20144.8 297.682 -39.743 0.878
928600 -16336.5 -20152.8 295.517 -93.0677 0.87693
928700 -16325.7 -20148.6 296.032 -137.782 0.877077
928800 -16291.7 -20132.6 297.423 239.279 0.877946
928900 -16254.4 -20105.9 298.243 6.19976 0.87702
929000 -16195.7 -20079.9 300.775 -96.7742 0.876128
929100 -16146.7 -20014.7 299.521 139.537 0.875794
929200 -16134.4 -20007.5 299.913 83.0491 0.874684
929300 -16165.9 -20028.4 299.096 221.743 0.872755
929400 -16238.6 -20067.2 296.473 -37.3966 0.869608
929500 -16273.1 -20077.3 294.585 -229.075 0.867259
929600 -16207.6 -20036 296.457 -262.475 0.867224
929700 -16112.7 -20007.7 301.612 46.1145 0.86934
929800 -16138.3 -20009.5 299.764 114.925 0.871054
929900 -16186.6 -20021.8 296.981 -93.2362 0.871765
930000 -16212.6 -20042.5 296.576 1.83472 0.873011
930100 -16242.9 -20055.9 295.264 -10.5434 0.874344
930200 -16249.8 -20066.7 295.565 201.045 0.875473
930300 -16188 -20028.3 297.378 119.304 0.874898
930400 -16113.7 -20001.4 301.045 1.39321 0.873147
930500 -16104.6 -19949.7 297.75 14.3368 0.871374
930600 -16124.1 -19971.4 297.917 124.781 0.869188
930700 -16190.8 -19984.3 293.754 -260.581 0.866775
930800 -16203.4 -20046.1 297.563 -222.358 0.866582
930900 -16164.5 -19993.6 296.507 -92.6287 0.868126
931000 -16073.4 -19980.2 302.532 19.4972 0.870732
931100 -16091.8 -20018.3 304.053 65.4042 0.873253
931200 -16178.3 -20031.2 298.357 -80.2528 0.875012
931300 -16206.7 -20062.1 298.551 242.024 0.876908
931400 -16244.4 -20090.7 297.847 -26.0357 0.877028
931500 -16294.2 -20069 292.3 -191.68 0.877241
931600 -16232 -20105.5 299.952 -49.711 0.879367
931700 -16157.4 -20046.6 301.164 207.924 0.881579
931800 -16175.6 -20031.1 298.554 7.68039 0.882193
931900 -16226.8 -20070.5 297.639 168.224 0.882339
932000 -16365 -20189.4 296.148 36.7018 0.881071
932100 -16409.4 -20176.3 291.697 -87.7603 0.879471
932200 -16312.2 -20107.8 293.923 -166.161 0.878663
932300 -16214.7 -20064.2 298.094 -26.7095 0.879447
932400 -16185.4 -20069.7 300.783 27.8548 0.880813
932500 -16243.9 -20125.2 300.556 61.8996 0.88154
932600 -16322.4 -20103 292.756 39.2089 0.881844
932700 -16279.5 -20086.2 294.78 1.85657 0.881933
932800 -16226.5 -20116.4 301.22 281.867 0.881637
932900 -16261.5 -20125.4 299.206 293.68 0.878606
933000 -16295 -20113.8 295.714 -312.012 0.873613
933100 -16280.5 -20144.2 299.191 -369.581 0.871976
933200 -16289.7 -20157.8 299.526 22.7389 0.873448
933300 -16353 -20136 292.941 86.8351 0.874705
933400 -16335 -20151 295.493 -40.6378 0.875185
933500 -16250.8 -20125.5 300.042 34.7013 0.875587
933600 -16216.2 -20072.7 298.628 -19.2385 0.875737
933700 -16211.5 -20094.5 300.686 58.2772 0.876032
933800 -16310 -20115.9 294.715 67.9256 0.875768
933900 -16343.2 -20141.2 294.103 -271.17 0.875287
934000 -16289.8 -20156.8 299.45 53.7785 0.876602
934100 -16264.5 -20097.4 296.808 59.0662 0.877789
934200 -16164 -20041.2 300.234 29.6925 0.878399
934300 -16088.2 -20006.3 303.406 139.273 0.878606
934400 -16149.5 -20013.5 299.212 186.33 0.877275
934500 -16212.3 -20066.5 298.453 28.5962 0.874373
934600 -16255.7 -20097 297.456 -411.332 0.872001
934700 -16262 -20066.7 294.623 -185.425 0.87297
934800 -16225.9 -20091.9 299.364 54.0524 0.875844
934900 -16230.1 -20096.7 299.416 182.841 0.877966
935000 -16261 -20101.1 297.359 -116.118 0.878584
935100 -16270.4 -20101.6 296.669 -9.31493 0.879962
935200 -16242.2 -20130.5 301.097 354.294 0.880947
935300 -16243.9 -20077.3 296.845 194.128 0.878911
935400 -16243.9 -20114.1 299.695 -10.8302 0.875219
935500 -16278.1 -20075.2 294.028 -362.598 0.872249
935600 -16222.8 -20019.3 293.989 -204.725 0.872613
935700 -16129.3 -20070.4 305.184 214.068 0.874586
935800 -16192 -20019.8 296.408 61.0874 0.874868
935900 -16204.7 -20013.5 294.939 -116.023 0.874554
936000 -16132.3 -19975.2 297.581 163.476 0.874948
936100 -16074 -19966.3 301.407 88.0462 0.874022
936200 -16091.7 -19962.6 299.752 -40.0911 0.872285
936300 -16130 -19995.6 299.336 -183.085 0.871239
936400 -16155.4 -19972.4 295.575 -111.72 0.871752
936500 -16137.2 -20023.6 300.953 87.4506 0.873215
936600 -16200.3 -20023.1 296.02 -5.98749 0.874141
936700 -16285.2 -20069.5 293.043 224.024 0.874841
936800 -16235 -20028 293.721 131.206 0.873602
936900 -16148.7 -20030.8 300.62 -125.447 0.871073
937000 -16164 -20041.4 300.249 -87.6167 0.869529
937100 -16223.2 -20058.2 296.966 -41.1093 0.868913
937200 -16250.6 -20037 293.203 -161.666 0.868974
937300 -16140.9 -20000.1 298.842 17.7827 0.870196
937400 -16082.1 -19970.4 301.095 13.1047 0.87175
937500 -16131.2 -20028 301.753 125.886 0.872976
937600 -16222.4 -20050.3 296.416 -88.2408 0.873255
937700 -16236.5 -20051.5 295.418 18.6835 0.874098
937800 -16184.4 -20021 297.094 108.048 0.874851
937900 -16115.7 -19979.1 299.165 17.4743 0.874736
938000 -16104.3 -20026.5 303.717 47.8016 0.874252
938100 -16158.1 -20045.1 300.993 -32.3543 0.873258
938200 -16217.9 -20053.9 297.044 -76.1395 0.872334
938300 -16243.6 -20044.6 294.337 73.7636 0.871834
938400 -16193.8 -20055.8 299.057 106.557 0.870607
938500 -16112.5 -20008.9 301.722 -1.04914 0.868057
938600 -16059 -19939.8 300.515 -301.935 0.865137
938700 -15986.5 -19897.3 302.838 66.8333 0.863901
938800 -15958.1 -19855.3 301.779 -199.094 0.862592
938900 -16043.7 -19958.8 303.174 -21.8615 0.862686
939000 -16149.6 -19972.4 296.022 -155.89 0.86353
939100 -16156.1 -20012 298.585 -223.92 0.866139
939200 -16172 -20034.5 299.096 152.01 0.871164
939300 -16245.6 -20067.3 295.935 86.472 0.875508
939400 -16295 -20130.7 297.022 146.851 0.878754
939500 -16323.7 -20148.4 296.164 179.407 0.88057
939600 -16381.5 -20175 293.756 -51.7743 0.880815
939700 -16369.3 -20199.4 296.587 46.4731 0.881178
939800 -16296 -20157.9 299.053 137.103 0.881137
939900 -16233 -20094.7 299.037 157.439 0.880025
940000 -16176.9 -20074.2 301.795 318.027 0.877011
940100 -16099.2 -20019.5 303.569 9.41213 0.871017
940200 -16089.1 -19982.2 301.469 -322.524 0.865477
940300 -16182.8 -20022.9 297.363 -97.0087 0.863139
940400 -16239.2 -20066.6 296.381 -65.5004 0.862137
940500 -16237.1 -20062.4 296.221 -236.512 0.862352
940600 -16166.3 -20017.5 298.219 -239.496 0.864551
940700 -16067.5 -19932.2 299.272 54.8244 0.868315
940800 -16071.7 -19972.7 302.074 228.259 0.871336
940900 -16146.8 -20014.1 299.471 156.855 0.871863
941000 -16201 -19998.1 294.03 -203.371 0.87109
941100 -16163.1 -19990 296.34 -84.7746 0.871966
941200 -16082.6 -19983.8 302.1 -48.7347 0.873737
941300 -16094 -20005.1 302.858 204.34 0.875486
941400 -16147.8 -20018.8 299.756 37.4237 0.875561
941500 -16188.3 -19993.2 294.641 -49.4394 0.875208
941600 -16157.2 -20015.9 298.801 -14.0167 0.875242
941700 -16098.7 -20000.9 302.167 83.728 0.875252
941800 -16097.4 -19970.8 299.939 309.63 0.874443
941900 -16184.7 -19997.9 295.282 -175.385 0.871322
942000 -16205.3 -19995.8 293.524 -298.726 0.869526
942100 -16126.8 -19988 299.003 209.6 0.870339
942200 -16092 -19995 302.231 184.768 0.869626
942300 -16125.9 -19984.2 298.768 -40.5237 0.866981
942400 -16135.3 -19977 297.491 -137.636 0.865065
942500 -16127.1 -19977.4 298.151 -41.6688 0.864476
942600 -16127.5 -19982.7 298.538 51.6034 0.864216
942700 -16153.8 -19992.4 297.246 -103.513 0.863814
942800 -16197.6 -20025.5 296.417 -110.432 0.864197
942900 -16228.9 -20060.7 296.72 -233.642 0.865818
943000 -16241.1 -20071.2 296.59 -13.1399 0.869244
943100 -16228.2 -20077 298.036 -86.7353 0.873274
943200 -16181.6 -20052.4 299.742 105.676 0.877602
943300 -16153.6 -20032.7 300.388 90.8293 0.8807
943400 -16192.7 -20053.3 298.95 402.889 0.882003
943500 -16282 -20119.3 297.146 -26.1466 0.880045
943600 -16323 -20106.7 292.996 -45.5372 0.878349
943700 -16258.5 -20123.6 299.301 317.35 0.876861
943800 -16189 -20042.3 298.386 -90.2795 0.873458
943900 -16175.2 -20023.2 297.973 -19.0813 0.871073
944000 -16173 -20008.8 297.031 -171.864 0.869909
944100 -16143.7 -19992.7 298.048 -106.263 0.870295
944200 -16079.5 -19996.9 303.353 -124.094 0.87169
944300 -16093.2 -19964.5 299.773 182.135 0.873737
944400 -16199.1 -20019.3 295.82 -5.5892 0.874427
944500 -16235.2 -20052.6 295.606 -15.7087 0.874879
944600 -16202.5 -20064.7 299.077 121.795 0.875212
944700 -16157.7 -20008.3 298.173 225.688 0.874188
944800 -16034.3 -19896.5 299.077 68.3545 0.87134
944900 -15969.3 -19837.9 299.568 -49.4354 0.867825
945000 -15971.8 -19828.2 298.624 -85.7565 0.864998
945100 -16031.3 -19892.4 298.987 -91.6184 0.863173
945200 -16129.4 -19909.9 292.747 -304.574 0.862541
945300 -16100.9 -19908.7 294.86 -214.001 0.864732
945400 -16064.7 -19946.2 300.568 193.038 0.868447
945500 -16091 -19954.1 299.146 -78.6212 0.870992
945600 -16126 -19924.1 294.109 67.0216 0.873576
945700 -16061.8 -19972 302.795 189.968 0.875458
945800 -16024.6 -19964.6 305.093 233.952 0.875264
945900 -16117.2 -19942.4 296.202 105.784 0.872912
946000 -16130.9 -19934 294.493 -341.56 0.870265
946100 -16074.8 -19913.7 297.27 -129.269 0.87032
946200 -16026 -19890.5 299.251 -135.554 0.871933
946300 -16030.1 -19930 301.992 128.439 0.874467
946400 -16072.1 -19904.7 296.781 -34.974 0.876093
946500 -16065 -19896.3 296.681 -16.6123 0.877782
946600 -16035.5 -19929.2 301.517 158.189 0.879228
946700 -16126.5 -19979.5 298.361 16.5217 0.879433
946800 -16226.6 -20046 295.76 189.06 0.879128
946900 -16231 -20055.7 296.169 200.845 0.877059
947000 -16168 -19990.3 295.979 -150.813 0.873728
947100 -16092.6 -19966.6 299.989 -99.4439 0.871671
947200 -16077.6 -19901.6 296.12 -105.16 0.870793
947300 -16033.6 -19879.9 297.84 22.3598 0.871024
947400 -15979.6 -19901.8 303.716 59.1675 0.871149
947500 -16056.5 -19892.2 297.021 -93.3483 0.870837
947600 -16142.3 -19948.4 294.731 90.7791 0.871028
947700 -16135.9 -20004.8 299.597 23.1691 0.870577
947800 -16160.9 -19997.3 297.075 -27.0738 0.869864
947900 -16212.3 -20033.8 295.925 -387.598 0.870024
948000 -16244.4 -20034.1 293.459 40.4474 0.873059
948100 -16167.6 -19984.1 295.534 319.476 0.875555
948200 -16076.4 -19936.9 298.944 116.692 0.875235
948300 -16058.2 -19933.7 300.106 259.775 0.87338
948400 -16104.8 -19953.7 298.044 -129.587 0.870009
948500 -16193.4 -20008 295.386 -196.624 0.868173
948600 -16253.9 -20007.3 290.65 -91.1294 0.868372
948700 -16149.2 -20001 298.269 -243.482 0.869646
948800 -16089.1 -19947.8 298.801 -55.4153 0.87244
948900 -16100 -19980 300.452 191.088 0.875111
949000 -16175.1 -20017.6 297.547 31.5556 0.875751
949100 -16225.2 -20029.1 294.558 -101.539 0.87609
949200 -16199.8 -20049.5 298.106 39.6742 0.877177
949300 -16099.6 -19964.7 299.299 13.8427 0.87799
949400 -16009.6 -19867.8 298.768 169.61 0.878245
949500 -15996.4 -19889.4 301.461 74.0337 0.877044
949600 -16068 -19950.9 300.676 48.8621 0.875273
949700 -16133.7 -19965.5 296.718 9.05654 0.873014
949800 -16134.5 -19985.8 298.236 -187.561 0.870994
949900 -16144.7 -20027.3 300.651 48.7859 0.870334
950000 -16227.3 -20022.5 293.878 -146.883 0.869715
950100 -16257.9 -20052.7 293.853 -124.812 0.870439
950200 -16175.2 -20026.4 298.221 -81.1789 0.872569
950300 -16129.9 -19999.2 299.628 169.976 0.875151
950400 -16149.9 -20039.7 301.211 128.889 0.876274
950500 -16213.9 -20040.3 296.302 12.4059 0.876247
950600 -16234.9 -20035.9 294.333 -207.146 0.876208
950700 -16146.6 -20039.2 301.43 125.016 0.877548
950800 -16087 -19998.1 302.856 47.7935 0.878178
950900 -16130.9 -19998.9 299.525 -186.861 0.878423
951000 -16160.3 -20040 300.435 145.29 0.87994
951100 -16209.7 -20050.1 297.382 -47.0844 0.880699
951200 -16238.1 -20031.5 293.744 -39.8004 0.881683
951300 -16161.4 -20043.9 300.644 28.4863 0.883331
951400 -16072.6 -19984.2 302.895 85.7347 0.884769
951500 -16110.2 -20022.5 302.956 52.9206 0.885447
951600 -16170.3 -20031.2 298.974 71.6825 0.885373
951700 -16210.3 -20072.2 299.058 9.15701 0.884546
951800 -16267.9 -20091.7 296.106 -64.0157 0.883526
951900 -16268.2 -20056.6 293.359 -24.3927 0.883104
952000 -16168 -20019.2 298.225 75.2111 0.882822
952100 -16114.5 -19995.2 300.503 -126.613 0.882057
952200 -16161.6 -20070.6 302.7 -21.0797 0.881919
952300 -16229.2 -20054.8 296.243 -146.77 0.882414
952400 -16238.4 -20104.2 299.357 341.184 0.884054
952500 -16283.5 -20110.1 296.319 204.018 0.883219
952600 -16333.2 -20121.9 293.385 -164.584 0.879969
952700 -16288.6 -20063.9 292.339 -248.034 0.87751
952800 -16172.7 -20065.2 301.422 62.1394 0.877094
952900 -16177.8 -20032.2 298.473 35.0517 0.876332
953000 -16209.3 -20035.9 296.323 -302.977 0.875324
953100 -16211.9 -20063.9 298.281 -19.0559 0.876921
953200 -16217.5 -20057.3 297.339 150.047 0.879098
953300 -16220.3 -20072 298.256 65.8668 0.87992
953400 -16229.1 -20079.8 298.187 29.1585 0.880008
953500 -16258 -20140.1 300.622 168.794 0.879613
953600 -16358.6 -20175.7 295.583 167.386 0.877549
953700 -16366.2 -20137.1 292.007 17.2318 0.873739
953800 -16276.9 -20063.4 293.21 -292.583 0.870109
953900 -16193 -20018.2 296.205 -175.329 0.868992
954000 -16136.9 -19983.9 297.899 -124.677 0.869893
954100 -16096.4 -19986.3 301.22 -15.5259 0.871898
954200 -16119.4 -19964.3 297.731 128.767 0.87403
954300 -16214.8 -20058 297.6 -4.81837 0.875137
954400 -16292.4 -20119.2 296.337 -108.096 0.876254
954500 -16303.2 -20100.3 294.034 29.0913 0.878385
954600 -16227.7 -20111.6 300.757 164.271 0.880205
954700 -16183 -20025.4 297.542 104.741 0.880668
954800 -16170.2 -20042 299.82 -43.0589 0.880249
954900 -16198 -20070.1 299.84 88.0057 0.879732
955000 -16243.1 -20075.5 296.759 -119.819 0.878741
955100 -16244.7 -20068.5 296.105 -56.0199 0.878616
955200 -16158.2 -20045.1 300.991 284.655 0.878691
955300 -16092.3 -19991.9 301.968 120.974 0.876315
955400 -16131.7 -19996.6 299.287 -242.001 0.872738
955500 -16238.1 -20071.5 296.848 -238.476 0.871186
955600 -16280.7 -20118.8 297.207 39.6568 0.871699
955700 -16269.5 -20118.7 298.072 69.1836 0.872292
955800 -16252.7 -20080.1 296.378 -48.2559 0.872466
955900 -16169.1 -20029.7 298.957 75.6835 0.872578
956000 -16100.7 -19996 301.631 -345.338 0.872656
956100 -16128.4 -19971 297.553 -209.024 0.875937
956200 -16167 -20055.7 301.123 278.341 0.881901
956300 -16254.7 -20106.3 298.258 111.304 0.886209
956400 -16281.5 -20097.3 295.476 89.3544 0.889149
956500 -16246.4 -20089.8 297.615 155.376 0.891236
956600 -16199.3 -20077.9 300.343 345.485 0.891805
956700 -16211 -20101.5 301.265 203.806 0.889195
956800 -16307.5 -20115.6 294.883 -142.23 0.8845
956900 -16333.6 -20156.8 296.056 -90.1376 0.880824
957000 -16295.5 -20108.8 295.287 -153.555 0.878239
957100 -16204 -20033.9 296.576 -66.3252 0.877031
957200 -16170.4 -20013.1 297.563 -152.375 0.876569
957300 -16160.2 -20037.6 300.251 -154.961 0.877824
957400 -16210.1 -20092.4 300.628 264.049 0.880242
957500 -16305 -20138.3 296.834 100.338 0.880417
957600 -16315 -20109.6 293.84 -18.048 0.87918
957700 -16258.3 -20120.5 299.074 -75.6049 0.878389
957800 -16234.6 -20065.4 296.638 25.3013 0.878424
957900 -16181.6 -20024.2 297.558 24.4834 0.878207
958000 -16037.6 -19937.4 301.986 -146.046 0.878054
958100 -16018.3 -19972.5 306.199 -71.7777 0.879146
958200 -16143.2 -20032.7 301.184 350.92 0.880392
958300 -16241.9 -20107.2 299.314 49.3172 0.878809
958400 -16315.7 -20134.3 295.701 -199.39 0.876643
958500 -16313.4 -20115.3 294.401 -147.792 0.876442
958600 -16230.9 -20096.7 299.353 -17.2019 0.877529
958700 -16179.6 -20012.3 296.791 15.4436 0.878914
958800 -16150.5 -20053.4 302.231 97.2176 0.880207
958900 -16182.3 -20056.1 299.974 28.279 0.880506
959000 -16216.3 -20071.9 298.557 -72.3092 0.880538
959100 -16250.6 -20097.8 297.915 100.269 0.881138
959200 -16302.2 -20111.3 294.968 -171.904 0.881247
959300 -16366.2 -20168 294.4 -14.4617 0.882571
959400 -16396 -20190.3 293.82 209.254 0.883988
959500 -16336.9 -20153.2 295.518 81.7408 0.883674
959600 -16244.3 -20125.2 300.52 117.063 0.882416
959700 -16231.9 -20070.9 297.284 67.7602 0.880063
959800 -16193.7 -20024.9 296.672 -210.555 0.876977
959900 -16079.4 -19937.3 298.738 -140.69 0.875526
960000 -16047.2 -19934 300.981 -95.4119 0.875655
960100 -16091.2 -19961 299.664 -63.0755 0.876975
960200 -16156.2 -19997.9 297.484 221.518 0.8787
960300 -16207.9 -20054 297.825 -95.2652 0.878852
960400 -16230.4 -20076.2 297.806 -86.7779 0.879608
960500 -16235.6 -20099 299.167 152.042 0.881018
960600 -16260.4 -20122.6 299.071 234.015 0.881025
960700 -16314.9 -20118.2 294.515 -195.798 0.879131
960800 -16299.9 -20092.8 293.711 -87.6471 0.878494
960900 -16181.1 -20043.2 299.065 -28.7901 0.87919
961000 -16154.7 -20025.7 299.755 164.077 0.880049
961100 -16190.1 -20070.6 300.493 -117.09 0.879582
961200 -16276.4 -20099.3 296.028 -93.0558 0.879809
961300 -16312.8 -20134.5 295.936 -103.974 0.881686
961400 -16299.9 -20136.9 297.123 325.484 0.884355
961500 -16271.3 -20065.6 293.821 127.718 0.884705
961600 -16213.7 -20081.4 299.503 -54.8341 0.883749
961700 -16212.9 -20076.6 299.194 83.7053 0.882758
961800 -16244.3 -20077.6 296.839 34.7265 0.881074
961900 -16283.3 -20099.9 295.544 73.2216 0.878468
962000 -16328.6 -20104.3 292.382 -356.135 0.875302
962100 -16267.9 -20109.1 297.444 -195.745 0.874836
962200 -16199.2 -20079.9 300.507 74.6518 0.876474
962300 -16188.6 -20033.4 297.727 -18.2678 0.877938
962400 -16181.4 -20056.8 300.091 8.59712 0.879464
962500 -16229.6 -20082.9 298.379 240.413 0.880748
962600 -16295 -20113 295.659 -43.3451 0.880176
962700 -16301.2 -20121.5 295.828 -139.809 0.879658
962800 -16225.6 -20078.6 298.361 -62.002 0.880485
962900 -16136.5 -19986.8 298.158 260.812 0.882038
963000 -16112.7 -19996.4 300.741 192.253 0.881519
963100 -16137.9 -20012.9 300.063 48.401 0.878856
963200 -16171.8 -19984.8 295.265 -281.101 0.875482
963300 -16148.3 -19991.1 297.577 -189.11 0.874414
963400 -16145.9 -20033.6 301.053 25.4201 0.875381
963500 -16199.8 -20060.7 298.971 7.5452 0.87639
963600 -16255.3 -20106.1 298.192 58.8823 0.877309
963700 -16275.8 -20105.8 296.576 -60.9927 0.877873
963800 -16264.2 -20114.4 298.147 -77.095 0.879174
963900 -16264.5 -20121.6 298.678 159.033 0.880867
964000 -16283.7 -20119.3 297.016 3.43242 0.881446
964100 -16299.4 -20137.2 297.179 191.605 0.881464
964200 -16304.7 -20116.4 295.166 56.9234 0.880087
964300 -16245.4 -20091.7 297.842 134.582 0.877844
964400 -16179.5 -20065.2 300.896 -131.99 0.874362
964500 -16167.5 -19997.7 296.597 -202.798 0.871763
964600 -16115.2 -20024.2 302.696 -151.171 0.87112
964700 -16072.4 -19962.1 301.202 -184.834 0.87202
964800 -16121.6 -19992.4 299.74 -85.7663 0.874855
964900 -16218.4 -20078.4 298.904 181.809 0.878634
965000 -16261.1 -20038.4 292.498 228.019 0.880733
965100 -16208.3 -20050.4 297.516 -133.578 0.881083
965200 -16164.1 -20015.8 298.262 127.754 0.882017
965300 -16162.2 -20041.4 300.39 170.332 0.881878
965400 -16199.4 -20025.3 296.258 -242.499 0.880502
965500 -16209.5 -20049.9 297.39 75.1499 0.880824
965600 -16143.2 -20018 300.052 166.4 0.880789
965700 -16069.5 -19960.1 301.273 -252.557 0.879448
965800 -16063.1 -19941.1 300.297 55.0261 0.879594
965900 -16146.7 -19989.7 297.584 -1.32449 0.879918
966000 -16202.7 -20044 297.452 -171.331 0.880467
966100 -16205.6 -20044 297.231 152.889 0.882533
966200 -16200 -20052.5 298.322 50.2568 0.884222
966300 -16206.6 -20072.6 299.366 100.467 0.885705
966400 -16253.6 -20088 296.921 282.269 0.886634
966500 -16279.9 -20072 293.642 28.4861 0.885047
966600 -16208.3 -20047.3 297.273 -88.2204 0.882474
966700 -16133.2 -20008 300.055 -65.0847 0.880535
966800 -16137.9 -20010.5 299.88 94.2899 0.87895
966900 -16182.9 -20015.8 296.801 -265.163 0.876696
967000 -16236.9 -20044.3 294.831 -6.02239 0.87616
967100 -16324.9 -20093.8 291.847 -293.329 0.876523
967200 -16293.4 -20091.1 294.076 -111.023 0.879283
967300 -16193 -20027.2 296.907 104.103 0.883497
967400 -16156.7 -20043.1 300.954 275.127 0.886843
967500 -16180.5 -20011.5 296.661 86.3326 0.887895
967600 -16216.8 -20070.5 298.416 257.058 0.887504
967700 -16306.7 -20079.3 292.138 83.0646 0.884964
967800 -16286.8 -20094.9 294.888 -262.027 0.881612
967900 -16180.9 -20033.9 298.361 -264.831 0.880654
968000 -16158.1 -20009.4 298.227 190.286 0.881935
968100 -16151.7 -19997.3 297.791 82.2483 0.881842
968200 -16122.2 -19985.5 299.16 119.353 0.880702
968300 -16086.2 -19904.2 295.653 91.8968 0.87828
968400 -15985.6 -19893.4 302.606 -224.862 0.87553
968500 -15982.7 -19849.8 299.456 -15.6932 0.874481
968600 -16037.1 -19879.9 297.57 102.015 0.873657
968700 -16098 -19899.5 294.37 -215.18 0.872344
968800 -16202.1 -20019.3 295.586 141.679 0.872291
968900 -16261.3 -20023.3 291.316 -89.1572 0.871646
969000 -16189.8 -20023.1 296.837 -166.366 0.871699
969100 -16140.9 -19998.1 298.693 -26.5841 0.873294
969200 -16138.1 -20000.8 299.114 116.915 0.875338
969300 -16186.7 -20072.7 300.916 291.697 0.876344
969400 -16297.6 -20080 292.895 -104.619 0.874818
969500 -16261.7 -20052.4 293.542 -53.3134 0.87341
969600 -16177.9 -20025.9 297.975 -150.99 0.872938
969700 -16151.2 -20043.2 301.379 72.2376 0.873634
969800 -16191.6 -20013.9 295.983 -61.4833 0.87408
969900 -16241.3 -20056.6 295.441 -15.3563 0.875121
970000 -16297.1 -20095.8 294.155 -88.9705 0.876762
970100 -16282.2 -20121.5 297.299 -25.3799 0.879265
970200 -16208.8 -20083 300.003 224.211 0.882325
970300 -16166.5 -20069.1 302.203 207.361 0.883756
970400 -16224 -20045.4 295.915 97.2374 0.883162
970500 -16334.6 -20151.6 295.575 30.5763 0.881615
970600 -16385.3 -20179.1 293.777 -24.8899 0.87919
970700 -16344 -20170.4 296.301 -104.661 0.876833
970800 -16300.8 -20142.4 297.474 108.927 0.87482
970900 -16275.7 -20106.5 296.639 -200.568 0.872112
971000 -16222 -20038.5 295.538 -137.018 0.870756
971100 -16149.1 -19967.3 295.665 -226.311 0.870953
971200 -16113.1 -19983.2 299.683 48.7767 0.873202
971300 -16117.9 -19964.2 297.839 58.0204 0.875502
971400 -16141.6 -19979.5 297.193 35.6556 0.877387
971500 -16180.1 -20000.3 295.818 -10.8118 0.879144
971600 -16210.7 -20035 296.14 41.9924 0.881012
971700 -16203.6 -20037.1 296.846 162.156 0.882677
971800 -16143.8 -19985.5 297.487 146.807 0.882843
971900 -16055.5 -19932.4 300.216 83.204 0.88135
972000 -16037.7 -19942.4 302.366 -118.475 0.879042
972100 -16115.7 -19984.1 299.55 -150.488 0.877662
972200 -16154.5 -20001.7 297.918 -94.3982 0.877687
972300 -16171.2 -20023.9 298.343 241.235 0.878466
972400 -16213.4 -20084.2 299.745 38.0689 0.877502
972500 -16307.3 -20110.5 294.504 -138.558 0.876005
972600 -16336.1 -20177.2 297.44 -58.303 0.875659
972700 -16322.2 -20127 294.63 -146.046 0.875994
972800 -16271.8 -20115.5 297.642 -101.658 0.87775
972900 -16273.7 -20130 298.615 4.9761 0.880782
973000 -16279.5 -20108.3 296.489 119.319 0.883854
973100 -16243.2 -20141.1 301.839 435.795 0.885458
973200 -16253.8 -20112.8 298.825 298.082 0.883078
973300 -16329.3 -20106.6 292.498 -151.099 0.87792
973400 -16297.2 -20098.3 294.347 54.2616 0.873768
973500 -16202.5 -20026.7 296.129 -185.769 0.870203
973600 -16148.3 -19995 297.868 -137.936 0.868415
973700 -16120.7 -19990.7 299.679 -61.8874 0.868114
973800 -16145.6 -20008.8 299.149 -162.439 0.868482
973900 -16250.7 -20059.8 294.961 -31.2448 0.870227
974000 -16297 -20104.8 294.858 61.6456 0.872522
974100 -16271.2 -20110.1 297.269 370.596 0.873695
974200 -16250.6 -20088.7 297.207 -118.718 0.872217
974300 -16224.5 -20064 297.317 -190.939 0.871227
974400 -16190.1 -20024.3 296.905 23.5762 0.8718
974500 -16148.1 -20044.5 301.725 54.6078 0.872621
974600 -16184.4 -20031.5 297.903 47.2346 0.872903
974700 -16277.6 -20067.4 293.464 -54.7078 0.872707
974800 -16252.7 -20052.5 294.243 -55.9939 0.872905
974900 -16167.2 -20032.5 299.314 187.034 0.873401
975000 -16154.1 -20018.3 299.235 -82.0342 0.87269
975100 -16176.9 -20013 297.049 -69.4216 0.872468
975200 -16183.5 -20038.4 298.508 -255.885 0.873367
975300 -16184 -20053.5 299.644 107.635 0.876091
975400 -16221.6 -20050.1 296.461 104.511 0.878432
975500 -16256.8 -20098.3 297.472 172.455 0.879455
975600 -16287.3 -20117.1 296.57 57.6226 0.879076
975700 -16302.3 -20105.2 294.483 63.9257 0.87794
975800 -16221.7 -20066.9 297.756 -228.264 0.876509
975900 -16139.4 -20013.7 300.016 -8.53458 0.876737
976000 -16153.4 -20046.5 301.47 157.681 0.877111
976100 -16218.8 -20030.2 295.136 90.6663 0.876213
976200 -16222.5 -20070.7 297.991 -93.3055 0.874479
976300 -16213.7 -20044 296.604 6.42448 0.873119
976400 -16197.2 -20063.3 299.372 -135.255 0.871912
976500 -16191.3 -20015 296.098 -246.072 0.872098
976600 -16099.2 -19985.7 300.955 152.572 0.874235
976700 -16027.1 -19962.3 304.726 160.669 0.875505
976800 -16091.8 -19988.7 301.764 -306.238 0.87579
976900 -16151.1 -20001 298.124 118.511 0.87827
977000 -16184.4 -20073 301.118 298.416 0.880289
977100 -16276.5 -20130.6 298.445 244.403 0.879381
977200 -16310.8 -20100.4 293.452 -188.119 0.876319
977300 -16256 -20082.6 296.319 -135.497 0.87433
977400 -16189.7 -20009.6 295.8 15.6111 0.873315
977500 -16125.6 -19942 295.529 -243.65 0.872532
977600 -16077.6 -19952.5 300.059 -114.8 0.873935
977700 -16095.3 -19969.6 300.007 255.751 0.876502
977800 -16165.5 -20019.8 298.462 -1.49797 0.877643
977900 -16227.8 -20075 297.917 83.7441 0.878546
978000 -16238 -20050.7 295.239 -146.261 0.87907
978100 -16202 -20047.7 297.795 175.725 0.880795
978200 -16174.1 -20033.9 298.888 166.45 0.881562
978300 -16141.8 -19994.6 298.346 164.241 0.880538
978400 -16061.1 -19988.6 304.13 134.913 0.877481
978500 -16073.4 -19947.2 299.966 -56.036 0.872397
978600 -16164.2 -19985.6 295.915 -238.666 0.867738
978700 -16181.6 -19964.5 292.934 -222.599 0.8652
978800 -16130.3 -19957.9 296.393 -186.035 0.865241
978900 -16100.8 -19969.3 299.564 -88.0451 0.867078
979000 -16095.8 -19909 295.281 144.939 0.869575
979100 -16036.9 -19936.4 301.967 113.109 0.87111
979200 -15965.4 -19864.3 301.916 94.1405 0.871214
979300 -15934.2 -19845.7 302.887 7.50031 0.870533
979400 -16034.5 -19938.6 302.312 -66.8716 0.869684
979500 -16144.2 -19999.7 298.56 -37.027 0.869408
979600 -16193.7 -20040.5 297.883 -32.9769 0.869775
979700 -16232.6 -20054.9 295.985 119.093 0.870248
979800 -16222.2 -20036.7 295.376 -272.371 0.870038
979900 -16121.3 -20011.9 301.275 -53.4346 0.871802
980000 -16103.2 -19969.4 299.382 316.798 0.874224
980100 -16128.8 -19981.7 298.359 37.6362 0.874376
980200 -16171.7 -19974.5 294.482 73.6825 0.873442
980300 -16252.2 -20059.5 294.821 -256.329 0.872231
980400 -16289.4 -20103.8 295.377 187.634 0.872839
980500 -16239 -20062.8 296.096 158.488 0.872233
980600 -16145 -19992.8 297.961 -103.723 0.869946
980700 -16097.2 -19952.5 298.535 -231.756 0.868577
980800 -16084.7 -19957.4 299.884 -152.777 0.869133
980900 -16107.5 -19945.6 297.209 -163.191 0.871528
981000 -16158.4 -19995 297.088 264.977 0.875171
981100 -16273.2 -20053.1 292.702 -77.6955 0.877423
981200 -16261.3 -20050 293.38 110.341 0.880266
981300 -16176 -20055.7 300.432 258.007 0.882493
981400 -16175.9 -20047.8 299.826 369.987 0.881782
981500 -16193 -19996.5 294.533 -159.194 0.878007
981600 -16108 -19970.5 299.094 10.7787 0.874872
981700 -16020.3 -19921.1 302.058 -28.0811 0.871918
981800 -16037.2 -19904.5 299.467 -243.954 0.869348
981900 -16075 -19938.6 299.181 -109.555 0.868846
982000 -16137.1 -19959.2 295.97 -42.3701 0.8696
982100 -16203.6 -20046.4 297.57 -13.8004 0.870898
982200 -16299.6 -20090 293.514 -25.3482 0.872581
982300 -16384.5 -20139 290.74 117.575 0.874261
982400 -16386.6 -20141.6 290.77 -91.9338 0.875101
982500 -16253.9 -20072.8 295.714 21.3009 0.876344
982600 -16176.9 -20016 297.29 300.538 0.87735
982700 -16113.4 -19990.8 300.252 181.871 0.875943
982800 -16092.8 -19944.5 298.263 88.0589 0.872311
982900 -16084 -19932.3 297.998 -220.389 0.867572
983000 -16045.2 -19929.5 300.789 9.84484 0.864456
983100 -16033.4 -19885.3 298.278 -87.2117 0.861975
983200 -16053.1 -19891.7 297.252 -185.391 0.860376
983300 -16073 -19916 297.589 89.728 0.860127
983400 -16095.7 -19929.8 296.897 -165.04 0.859622
983500 -16105.8 -19934.9 296.513 -85.5022 0.86033
983600 -16082.6 -19960.2 300.268 -63.6502 0.862158
983700 -16094.6 -19932.8 297.213 80.365 0.864459
983800 -16126.5 -19939.8 295.286 52.1113 0.866234
983900 -16118.4 -19967.2 298.033 108.112 0.86777
984000 -16072.2 -19958.1 300.911 214.016 0.867951
984100 -16072.4 -19968 301.66 48.7735 0.866069
984200 -16157.4 -19963.9 294.756 -283.119 0.863703
984300 -16185.3 -19996.7 295.137 -123.771 0.863672
984400 -16128.2 -19998.1 299.667 -109.549 0.865364
984500 -16004.1 -19877.9 299.973 -49.6864 0.868146
984600 -15961.4 -19818.4 298.674 93.919 0.871707
984700 -15977 -19862.6 300.887 230.186 0.874386
984800 -16076.3 -19938.7 299.093 -12.2462 0.875155
984900 -16143.6 -20002.6 298.825 166.328 0.875347
985000 -16165.1 -19996.4 296.678 125.096 0.874113
985100 -16169.2 -20031.5 299.081 -59.5799 0.871802
985200 -16231.5 -20050.3 295.713 45.9692 0.869791
985300 -16284.8 -20060.3 292.361 -263.665 0.867842
985400 -16196.2 -20021.9 296.248 -95.8748 0.867552
985500 -16124.1 -19978.3 298.457 -70.7493 0.86869
985600 -16125.2 -20031.3 302.469 160.718 0.870679
985700 -16204.5 -20034.2 296.556 367.132 0.870778
985800 -16231.1 -20019.9 293.391 -267.183 0.867917
985900 -16173.8 -20019.4 297.788 -103.346 0.866708
986000 -16144.6 -20002 298.703 -67.4201 0.866819
986100 -16137 -19964.3 296.371 -157.547 0.867677
986200 -16116.9 -19991.2 300.011 -66.8913 0.870468
986300 -16130 -19979.7 298.107 119.314 0.874153
986400 -16216.5 -20046.9 296.612 118.883 0.877126
986500 -16280.1 -20065.4 293.117 126.189 0.879234
986600 -16239.3 -20083.6 297.692 301.281 0.880116
986700 -16151.3 -19998.3 297.895 41.7713 0.878437
986800 -16088.6 -19930.1 297.465 77.3481 0.875438
986900 -16065.5 -19897.8 296.764 -65.7864 0.871859
987000 -16037.1 -19907.1 299.677 -204.291 0.868781
987100 -16033.8 -19914.2 300.484 -108.96 0.867223
987200 -16130.4 -19957.7 296.376 -73.9356 0.866851
987300 -16186.8 -20017.1 296.602 -306.258 0.867606
987400 -16183.6 -20037.4 298.426 -2.8912 0.870852
987500 -16186.2 -20037.1 298.202 203.122 0.874485
987600 -16224.8 -20081.7 298.662 208.871 0.876335
987700 -16289.9 -20086.5 293.992 8.67043 0.876487
987800 -16270.8 -20121.7 298.201 86.5043 0.876373
987900 -16200.2 -20054.3 298.446 117.306 0.875236
988000 -16110.4 -20005.8 301.645 -288.564 0.873294
988100 -16123.8 -20005.6 300.588 244.956 0.873097
988200 -16172.6 -20019.3 297.873 -102.46 0.871474
988300 -16178.6 -20010.8 296.751 -93.8574 0.87017
988400 -16160 -20002.4 297.539 -21.8468 0.869562
988500 -16132.5 -19999.1 299.414 -206.069 0.869526
988600 -16127.1 -20012 300.832 24.1134 0.871308
988700 -16190.3 -20032.5 297.526 -35.4258 0.873792
988800 -16250 -20048.6 294.147 102.601 0.877063
988900 -16219.6 -20055.6 297.044 108.108 0.88012
989000 -16135 -20032.6 301.815 220.275 0.882569
989100 -16129.9 -19990.1 298.916 258.505 0.883244
989200 -16239.9 -20053 295.272 142.661 0.881295
989300 -16301.9 -20073.7 292.077 -34.4869 0.877429
989400 -16236.3 -20094.9 298.802 -347.705 0.87393
989500 -16180.1 -20023.6 297.627 -54.1672 0.873139
989600 -16138.5 -20005.4 299.435 112.495 0.873174
989700 -16149.1 -20022.8 299.958 6.9588 0.872366
989800 -16281.7 -20044.8 291.404 25.16 0.87114
989900 -16272.8 -20076.2 294.518 -6.88254 0.869729
990000 -16181.5 -19996.6 295.429 -168.752 0.868639
990100 -16096.3 -19922 296.246 -50.8011 0.868813
990200 -16039.5 -19916.6 300.228 -4.61334 0.869601
990300 -16056.6 -19941.3 300.813 -119.831 0.870731
990400 -16150.4 -20000.1 298.11 155.192 0.872772
990500 -16190.9 -20038.6 297.945 -100.518 0.874262
990600 -16197.7 -20044.8 297.907 82.5883 0.875938
990700 -16207.8 -20071 299.157 93.726 0.877203
990800 -16256.2 -20040.3 293.024 321.197 0.877289
990900 -16244.9 -20054.9 295.032 -39.1532 0.874755
991000 -16136.5 -19980.7 297.684 -128.106 0.872091
991100 -16085 -19959.2 300.003 -159.461 0.870588
991200 -16096.2 -19932.5 297.066 -152.99 0.870627
991300 -16087.3 -19933.6 297.839 -93.3072 0.872243
991400 -16043.6 -19945.2 302.131 145.558 0.874877
991500 -16066.7 -19965.1 301.879 221.069 0.876284
991600 -16168.7 -20009.4 297.406 113.513 0.875424
991700 -16212.7 -20043.7 296.66 -88.9961 0.873338
991800 -16199.1 -20025.9 296.329 -139.451 0.871963
991900 -16106.6 -19951.8 297.764 119.659 0.871693
992000 -16025.3 -19944.6 303.49 113.197 0.870499
992100 -16091.3 -20000.3 302.699 -72.1532 0.868031
992200 -16169.3 -19997.1 296.404 -83.9106 0.865968
992300 -16181.7 -20001.6 295.794 -129.751 0.864744
992400 -16122.2 -19972.5 298.147 -15.4446 0.864516
992500 -16049.5 -19966.8 303.343 42.1698 0.864625
992600 -16085.7 -19959.8 300 -368.359 0.864735
992700 -16122.5 -20007 300.803 173.935 0.867806
992800 -16178.8 -20044.8 299.363 207.239 0.870576
992900 -16227.5 -20047.5 295.803 123.368 0.871343
993000 -16225.2 -20064.4 297.293 6.5237 0.871032
993100 -16166.5 -20008 297.47 -105.614 0.870413
993200 -16056.1 -19953.9 301.828 -115.979 0.870969
993300 -16076.4 -19958.8 300.636 262.942 0.872644
993400 -16136.2 -19962.9 296.331 -51.6466 0.872499
993500 -16143.5 -19979.8 297.074 43.4576 0.87229
993600 -16126.3 -19994.5 299.536 -104.033 0.872239
993700 -16093.4 -19975.4 300.611 165.409 0.87248
993800 -16094.1 -19932.2 297.203 55.7928 0.871336
993900 -16100.3 -19969.2 299.587 -101.848 0.86951
994000 -16153.6 -19995.7 297.518 93.9099 0.868327
994100 -16209.7 -19990.3 292.757 -238.279 0.866678
994200 -16142.7 -19988.6 297.814 -92.0506 0.866778
994300 -16064.4 -19947.7 300.709 25.2054 0.868176
994400 -16071.1 -19935.2 299.221 -34.7306 0.869647
994500 -16103.1 -19971.3 299.538 426.05 0.870765
994600 -16158.4 -19985.6 296.363 -199.633 0.868803
994700 -16192.8 -20029.9 297.13 -148.481 0.867883
994800 -16292.6 -20072.3 292.679 -51.1855 0.86879
994900 -16346.2 -20137.8 293.609 -236.071 0.870429
995000 -16283.1 -20112.6 296.542 -63.2834 0.873964
995100 -16195.6 -20045.1 298.093 48.1007 0.878698
995200 -16176.9 -20067.9 301.299 364.261 0.882698
995300 -16225.5 -20097.2 299.811 190.491 0.883266
995400 -16281.6 -20105.6 296.117 -175.977 0.881998
995500 -16274.1 -20097 296.035 134.995 0.882003
995600 -16257.1 -20126.9 299.66 402.789 0.88082
995700 -16265.1 -20084.2 295.734 -292.861 0.876703
995800 -16201.7 -20043.6 297.504 -229.597 0.875026
995900 -16100.7 -19998.2 301.807 122.571 0.875437
996000 -16117.1 -19999.5 300.635 315.878 0.874628
996100 -16190.6 -19998.9 294.901 -239.299 0.871764
996200 -16205 -20035 296.579 -426.318 0.871088
996300 -16174.2 -20044.5 299.703 141.288 0.873696
996400 -16096.6 -19980.7 300.769 328.349 0.875161
996500 -16019.2 -19923.9 302.363 47.3253 0.873753
996600 -16056.4 -19946.2 301.214 -196.888 0.872026
996700 -16158.4 -20015.7 298.692 20.4029 0.871998
996800 -16226 -20097.9 299.826 170.353 0.871788
996900 -16264.6 -20041.9 292.496 -231.393 0.870692
997000 -16196 -20030.1 296.901 -123.576 0.871271
997100 -16149.9 -20004.8 298.507 153.868 0.872983
997200 -16152.4 -20033.6 300.544 51.9039 0.873446
997300 -16193.2 -19998.4 294.661 -12.3261 0.873131
997400 -16179.4 -20034 298.486 188.772 0.872525
997500 -16095.3 -19994.1 301.905 -5.10105 0.870727
997600 -16065.7 -19928.7 299.14 -40.8074 0.868993
997700 -16085.5 -19963.8 300.321 -148.277 0.867869
997800 -16189.7 -20041.7 298.284 17.6276 0.867933
997900 -16242.8 -20049 294.736 -37.8651 0.868146
998000 -16201.4 -20039.7 297.221 -108.386 0.868675
998100 -16144.5 -20040.2 301.667 114.77 0.869881
998200 -16188.4 -20073.4 300.84 125.196 0.870174
998300 -16301.6 -20087.1 293.134 -253.277 0.869693
998400 -16262.1 -20099.1 297.128 21.2874 0.870952
998500 -16202 -20050.9 298.041 198.538 0.872213
998600 -16156.9 -20030.7 299.975 -58.8997 0.871914
998700 -16118.5 -20008.4 301.219 25.1817 0.871696
998800 -16098.2 -19974.4 300.157 126.355 0.871343
998900 -16144.2 -20030.6 300.95 -36.5691 0.87015
999000 -16231.1 -20032.7 294.382 -155.506 0.869488
999100 -16212.2 -20033.5 295.905 -340.893 0.870326
999200 -16139.9 -20011.6 299.815 -72.6323 0.873614
999300 -16126.7 -19994.3 299.493 122.436 0.877155
999400 -16149.9 -20020.8 299.748 154.141 0.878674
999500 -16169.3 -20038.1 299.585 -88.4525 0.878675
999600 -16205.5 -20041.3 297.028 -74.3798 0.879532
999700 -16220.8 -20055.5 296.949 251.022 0.880353
999800 -16201.8 -20043.4 297.479 61.9612 0.879266
999900 -16117.5 -19987.9 299.712 120.49 0.877598
1000000 -16066 -19952.8 300.98 -27.4385 0.875105
