# Radius 	finiterdf__wat_wat	rdf__wat_wat	finiterdf__wat_met	rdf__wat_met	finiterdf__met_met	rdf__met_met	
0.00806599 0	0	0	0	0	0	
0.024198 0	0	0	0	0	0	
0.0403299 0	0	0	0	0	0	
0.0564619 0	0	0	0	0	0	
0.0725939 0	0	0	0	0	0	
0.0887259 0	0	0	0	0	0	
0.104858 0	0	0	0	0	0	
0.12099 0	0	0	0	0	0	
0.137122 0	0	0	0	0	0	
0.153254 0	0	0	0	0	0	
0.169386 0	0	0	0	0	0	
0.185518 0	0	0	0	0	0	
0.20165 0	0	0	0	0	0	
0.217782 0	0	0	0	0	0	
0.233914 0	0	0	0	0	0	
0.250046 0	0	0	0	0	0	
0.266178 0	0	0	0	0	0	
0.28231 0	0	0	0	0	0	
0.298442 0	0	0	0	0	0	
0.314573 0	0	0	0	0	0	
0.330705 0	0	0	0	0	0	
0.346837 0	0	0	0	0	0	
0.362969 0	0	0	0	0	0	
0.379101 0	0	0	0	0	0	
0.395233 0	0	0	0	0	0	
0.411365 0	0	0	0	0	0	
0.427497 0	0	0	0	0	0	
0.443629 0	0	0	0	0	0	
0.459761 0	0	0	0	0	0	
0.475893 0	0	0	0	0	0	
0.492025 0	0	0	0	0	0	
0.508157 0	0	0	0	0	0	
0.524289 0	0	0	0	0	0	
0.540421 0	0	0	0	0	0	
0.556553 0	0	0	0	0	0	
0.572685 0	0	0	0	0	0	
0.588817 0	0	0	0	0	0	
0.604949 0	0	0	0	0	0	
0.621081 0	0	0	0	0	0	
0.637213 0	0	0	0	0	0	
0.653345 0	0	0	0	0	0	
0.669477 0	0	0	0	0	0	
0.685609 0	0	0	0	0	0	
0.701741 0	0	0	0	0	0	
0.717873 0	0	0	0	0	0	
0.734005 0	0	0	0	0	0	
0.750137 0	0	0	0	0	0	
0.766269 0	0	0	0	0	0	
0.782401 0	0	0	0	0	0	
0.798533 0	0	0	0	0	0	
0.814665 0	0	0	0	0	0	
0.830797 0	0	0	0	0	0	
0.846929 0	0	0	0	0	0	
0.863061 0	0	0	0	0	0	
0.879193 0	0	0	0	0	0	
0.895325 0	0	0	0	0	0	
0.911457 0	0	0	0	0	0	
0.927589 0	0	0	0	0	0	
0.94372 0	0	0	0	0	0	
0.959852 0	0	0	0	0	0	
0.975984 0	0	0	0	0	0	
0.992116 0	0	0	0	0	0	
1.00825 0	0	0	0	0	0	
1.02438 0	0	0	0	0	0	
1.04051 0	0	0	0	0	0	
1.05664 0	0	0	0	0	0	
1.07278 0	0	0	0	0	0	
1.08891 0	0	0	0	0	0	
1.10504 0	0	0	0	0	0	
1.12117 0	0	0	0	0	0	
1.1373 0	0	0	0	0	0	
1.15344 0	0	0	0	0	0	
1.16957 0	0	0	0	0	0	
1.1857 0	0	0	0	0	0	
1.20183 0	0	0	0	0	0	
1.21796 0	0	0	0	0	0	
1.2341 0	0	0	0	0	0	
1.25023 0	0	0	0	0	0	
1.26636 0	0	0	0	0	0	
1.28249 0	0	0	0	0	0	
1.29862 0	0	0	0	0	0	
1.31476 0	0	0	0	0	0	
1.33089 0	0	0	0	0	0	
1.34702 0	0	0	0	0	0	
1.36315 0	0	0	0	0	0	
1.37928 0	0	0	0	0	0	
1.39542 0	0	0	0	0	0	
1.41155 0	0	0	0	0	0	
1.42768 0	0	0	0	0	0	
1.44381 0	0	0	0	0	0	
1.45994 0	0	0	0	0	0	
1.47608 0	0	0	0	0	0	
1.49221 0	0	0	0	0	0	
1.50834 0	0	0	0	0	0	
1.52447 0	0	0	0	0	0	
1.5406 0	0	0	0	0	0	
1.55674 0	0	0	0	0	0	
1.57287 0	0	0	0	0	0	
1.589 0	0	0	0	0	0	
1.60513 0	0	0	0	0	0	
1.62126 0	0	0	0	0	0	
1.6374 0	0	0	0	0	0	
1.65353 0	0	0	0	0	0	
1.66966 0	0	0	0	0	0	
1.68579 0	0	0	0	0	0	
1.70192 0	0	0	0	0	0	
1.71806 0	0	0	0	0	0	
1.73419 0	0	0	0	0	0	
1.75032 0	0	0	0	0	0	
1.76645 0	0	0	0	0	0	
1.78258 0	0	0	0	0	0	
1.79872 0	0	0	0	0	0	
1.81485 0	0	0	0	0	0	
1.83098 0	0	0	0	0	0	
1.84711 0	0	0	0	0	0	
1.86324 0	0	0	0	0	0	
1.87937 0	0	0	0	0	0	
1.89551 0	0	0	0	0	0	
1.91164 0	0	0	0	0	0	
1.92777 0	0	0	0	0	0	
1.9439 0	0	0	0	0	0	
1.96003 0	0	0	0	0	0	
1.97617 0	0	0	0	0	0	
1.9923 0	0	0	0	0	0	
2.00843 0	0	0	0	0	0	
2.02456 0	0	0	0	0	0	
2.04069 0	0	0	0	0	0	
2.05683 0	0	0	0	0	0	
2.07296 0	0	0	0	0	0	
2.08909 0	0	0	0	0	0	
2.10522 0	0	0	0	0	0	
2.12135 0	0	0	0	0	0	
2.13749 0	0	0	0	0	0	
2.15362 0	0	0	0	0	0	
2.16975 0	0	0	0	0	0	
2.18588 0	0	0	0	0	0	
2.20201 0	0	0	0	0	0	
2.21815 0	0	0	0	0	0	
2.23428 0	0	0	0	0	0	
2.25041 0	0	0	0	0	0	
2.26654 0	0	0	0	0	0	
2.28267 0	0	0	0	0	0	
2.29881 0	0	0	0	0	0	
2.31494 0	0	0	0	8.7441e-06	8.74802e-06	
2.33107 0	0	0	0	1.55223e-05	1.55291e-05	
2.3472 0	0	1.02064e-05	1.02006e-05	8.67547e-05	8.67916e-05	
2.36333 1.00676e-05	1.00717e-05	6.04055e-05	6.037e-05	0.000337264	0.000337403	
2.37947 4.30366e-05	4.30539e-05	0.000292153	0.000291977	0.00117689	0.00117736	
2.3956 0.00023679	0.000236882	0.000983905	0.000983303	0.00346531	0.00346665	
2.41173 0.000852359	0.000852679	0.00295345	0.0029516	0.00881523	0.00881854	
2.42786 0.0028396	0.00284063	0.00840592	0.00840057	0.0202413	0.0202487	
2.44399 0.00838319	0.00838612	0.0199852	0.0199722	0.0425404	0.0425553	
2.46013 0.0219406	0.021948	0.044304	0.0442746	0.0804644	0.0804917	
2.47626 0.0514164	0.0514331	0.0893524	0.0892922	0.141417	0.141463	
2.49239 0.107571	0.107604	0.163455	0.163343	0.230371	0.230445	
2.50852 0.206329	0.206392	0.279959	0.279764	0.353626	0.353735	
2.52465 0.365883	0.365991	0.444748	0.444435	0.509042	0.509196	
2.54079 0.601038	0.601212	0.662337	0.661869	0.700963	0.701172	
2.55692 0.92388	0.924146	0.934044	0.933383	0.916514	0.916786	
2.57305 1.33237	1.33276	1.25342	1.25254	1.14478	1.14512	
2.58918 1.82327	1.82383	1.60443	1.60331	1.37974	1.38016	
2.60531 2.37588	2.37665	1.97158	1.97024	1.60084	1.60134	
2.62145 2.95742	2.95847	2.33532	2.33378	1.81392	1.81451	
2.63758 3.55023	3.55162	2.67372	2.67202	1.99184	1.99252	
2.65371 4.10111	4.1029	2.97189	2.97009	2.13626	2.13702	
2.66984 4.59791	4.60017	3.22154	3.21969	2.2332	2.23404	
2.68597 5.00793	5.0107	3.40603	3.4042	2.29509	2.296	
2.70211 5.3252	5.32851	3.52959	3.52783	2.31404	2.315	
2.71824 5.53472	5.53855	3.58672	3.58508	2.29856	2.29957	
2.73437 5.64118	5.64551	3.58662	3.58513	2.25304	2.25407	
2.7505 5.65075	5.65551	3.53373	3.53241	2.18284	2.18388	
2.76663 5.57241	5.57752	3.43709	3.43594	2.09057	2.0916	
2.78277 5.41753	5.4229	3.30469	3.30371	1.98151	1.98252	
2.7989 5.21184	5.21738	3.14931	3.14849	1.86761	1.86859	
2.81503 4.96602	4.97162	2.97558	2.97491	1.74846	1.7494	
2.83116 4.68857	4.69416	2.78955	2.789	1.62353	1.62442	
2.84729 4.39158	4.39707	2.6026	2.60216	1.50254	1.50337	
2.86343 4.09497	4.10032	2.41618	2.41583	1.38552	1.3863	
2.87956 3.79725	3.8024	2.23387	2.2336	1.27366	1.27439	
2.89569 3.50495	3.50986	2.0573	2.05708	1.16875	1.16942	
2.91182 3.2289	3.23355	1.893	1.89283	1.07266	1.07328	
2.92795 2.96872	2.9731	1.74058	1.74045	0.981513	0.982075	
2.94409 2.72663	2.73075	1.59593	1.59583	0.899433	0.899947	
2.96022 2.50198	2.50582	1.46297	1.46289	0.824537	0.825005	
2.97635 2.29896	2.30255	1.34596	1.34589	0.756827	0.757253	
2.99248 2.11441	2.11776	1.23754	1.23749	0.697212	0.6976	
3.00861 1.94601	1.94913	1.14148	1.14144	0.6432	0.643554	
3.02475 1.80089	1.8038	1.05133	1.05129	0.596213	0.596536	
3.04088 1.66873	1.67145	0.977205	0.977166	0.552179	0.552474	
3.05701 1.54789	1.55043	0.906762	0.906725	0.514976	0.515246	
3.07314 1.44023	1.44261	0.846271	0.846234	0.4825	0.482747	
3.08927 1.34884	1.35108	0.790585	0.790547	0.45335	0.453578	
3.10541 1.26857	1.27068	0.743887	0.743847	0.430478	0.430689	
3.12154 1.19711	1.1991	0.703726	0.703684	0.407063	0.407257	
3.13767 1.13294	1.13483	0.666145	0.666101	0.3883	0.388481	
3.1538 1.07894	1.08075	0.635564	0.635516	0.373534	0.373703	
3.16993 1.03243	1.03416	0.608346	0.608296	0.360201	0.360359	
3.18606 0.989908	0.991564	0.584194	0.58414	0.349466	0.349614	
3.2022 0.954817	0.956413	0.563487	0.563429	0.341067	0.341207	
3.21833 0.921984	0.923524	0.545911	0.545849	0.333973	0.334105	
3.23446 0.895755	0.897249	0.532968	0.532903	0.328758	0.328883	
3.25059 0.872437	0.87389	0.519605	0.519536	0.324713	0.324831	
3.26672 0.854795	0.856215	0.510562	0.510488	0.321319	0.321431	
3.28286 0.837235	0.838623	0.502317	0.502239	0.32148	0.321587	
3.29899 0.822674	0.824034	0.497539	0.497456	0.321444	0.321546	
3.31512 0.809985	0.811321	0.492244	0.492155	0.322062	0.32216	
3.33125 0.801915	0.803234	0.489409	0.489316	0.323861	0.323954	
3.34738 0.794083	0.795385	0.487495	0.487396	0.326814	0.326902	
3.36352 0.787339	0.788626	0.486382	0.486277	0.329133	0.329217	
3.37965 0.782727	0.784002	0.4868	0.486689	0.335108	0.335187	
3.39578 0.780327	0.781594	0.489153	0.489035	0.340138	0.340213	
3.41191 0.77603	0.777286	0.490909	0.490784	0.344997	0.345068	
3.42804 0.775495	0.776745	0.4943	0.494169	0.35129	0.351356	
3.44418 0.773755	0.774999	0.498061	0.497921	0.358389	0.358451	
3.46031 0.774036	0.775275	0.502676	0.502529	0.367016	0.367073	
3.47644 0.776115	0.777354	0.507624	0.507469	0.374591	0.374643	
3.49257 0.776528	0.777763	0.514225	0.514062	0.383689	0.383736	
3.5087 0.778418	0.779651	0.519956	0.519784	0.392212	0.392254	
3.52484 0.780492	0.781724	0.527112	0.526932	0.401939	0.401976	
3.54097 0.782325	0.783555	0.534142	0.533952	0.411863	0.411895	
3.5571 0.785143	0.786373	0.54204	0.54184	0.422246	0.422272	
3.57323 0.789357	0.790589	0.550746	0.550537	0.433682	0.433702	
3.58936 0.79229	0.793522	0.558975	0.558756	0.444936	0.444949	
3.6055 0.797312	0.798547	0.568195	0.567966	0.456639	0.456646	
3.62163 0.800523	0.801759	0.576724	0.576484	0.468318	0.468318	
3.63776 0.807083	0.808325	0.587352	0.587101	0.480843	0.480836	
3.65389 0.810051	0.811293	0.597081	0.596819	0.494728	0.494714	
3.67002 0.816097	0.817344	0.608156	0.607882	0.506421	0.506399	
3.68616 0.818858	0.820105	0.618092	0.617807	0.520666	0.520636	
3.70229 0.826393	0.827647	0.629452	0.629154	0.533839	0.533801	
3.71842 0.831676	0.832934	0.641152	0.640843	0.549023	0.548977	
3.73455 0.837722	0.838985	0.651368	0.651047	0.564117	0.564061	
3.75068 0.84438	0.84565	0.662377	0.662043	0.577201	0.577137	
3.76682 0.849474	0.850747	0.674577	0.67423	0.593196	0.593123	
3.78295 0.857042	0.858323	0.686935	0.686576	0.605967	0.605885	
3.79908 0.863353	0.864639	0.697995	0.697623	0.622362	0.62227	
3.81521 0.868601	0.869892	0.710485	0.7101	0.637036	0.636936	
3.83134 0.877061	0.878361	0.721853	0.721456	0.652591	0.652481	
3.84748 0.884799	0.886107	0.735482	0.735071	0.66888	0.66876	
3.86361 0.890471	0.891785	0.747691	0.747268	0.684188	0.684059	
3.87974 0.898121	0.899443	0.759214	0.758778	0.701383	0.701243	
3.89587 0.906454	0.907786	0.771686	0.771237	0.716586	0.716437	
3.912 0.911797	0.913134	0.78464	0.784178	0.733055	0.732896	
3.92814 0.921661	0.92301	0.797476	0.797001	0.748839	0.748671	
3.94427 0.927838	0.929194	0.80856	0.808074	0.764445	0.764267	
3.9604 0.936048	0.937414	0.821499	0.820999	0.781876	0.781688	
3.97653 0.944336	0.945712	0.833706	0.833195	0.797483	0.797286	
3.99266 0.951269	0.952654	0.846622	0.846098	0.812833	0.812627	
4.0088 0.960812	0.96221	0.859295	0.858759	0.82943	0.829215	
4.02493 0.969233	0.970641	0.870267	0.86972	0.846132	0.845908	
4.04106 0.976012	0.97743	0.882431	0.881873	0.861947	0.861714	
4.05719 0.98497	0.9864	0.894334	0.893765	0.877575	0.877335	
4.07332 0.992056	0.993496	0.907455	0.906875	0.892622	0.892374	
4.08946 0.998986	1.00044	0.919004	0.918414	0.909624	0.909368	
4.10559 1.00882	1.01028	0.930518	0.929918	0.923014	0.922752	
4.12172 1.01703	1.01851	0.941511	0.940902	0.939811	0.939542	
4.13785 1.02499	1.02648	0.952844	0.952226	0.954624	0.954349	
4.15398 1.03022	1.03172	0.963294	0.962668	0.969655	0.969375	
4.17012 1.03817	1.03968	0.975272	0.974637	0.985455	0.98517	
4.18625 1.04908	1.05061	0.985406	0.984764	1.0007	1.00041	
4.20238 1.05418	1.05572	0.996536	0.995886	1.01545	1.01516	
4.21851 1.06367	1.06523	1.00732	1.00666	1.03017	1.02988	
4.23464 1.06897	1.07054	1.0175	1.01684	1.04446	1.04416	
4.25078 1.07733	1.07892	1.02904	1.02837	1.05804	1.05774	
4.26691 1.08324	1.08483	1.03771	1.03704	1.07442	1.07412	
4.28304 1.0898	1.09141	1.04703	1.04635	1.0859	1.0856	
4.29917 1.096	1.09762	1.05735	1.05667	1.09999	1.09969	
4.3153 1.10273	1.10436	1.06682	1.06613	1.11375	1.11345	
4.33144 1.10742	1.10907	1.07621	1.07553	1.12585	1.12555	
4.34757 1.11575	1.11742	1.08387	1.08318	1.13863	1.13833	
4.3637 1.11937	1.12105	1.09217	1.09148	1.15233	1.15204	
4.37983 1.12505	1.12674	1.1011	1.10041	1.16332	1.16304	
4.39596 1.12998	1.13169	1.10927	1.10858	1.17652	1.17624	
4.41209 1.13548	1.1372	1.11922	1.11853	1.18669	1.18641	
4.42823 1.13896	1.14069	1.12471	1.12402	1.19786	1.19759	
4.44436 1.14187	1.14361	1.13181	1.13112	1.20981	1.20955	
4.46049 1.14611	1.14786	1.13842	1.13773	1.21982	1.21957	
4.47662 1.14958	1.15135	1.14487	1.14419	1.22858	1.22834	
4.49275 1.15263	1.15441	1.15149	1.15082	1.23759	1.23736	
4.50889 1.15602	1.15781	1.15754	1.15686	1.24706	1.24685	
4.52502 1.15815	1.15995	1.1614	1.16073	1.25418	1.25398	
4.54115 1.16037	1.16219	1.16662	1.16596	1.26203	1.26184	
4.55728 1.16398	1.16581	1.17169	1.17103	1.27012	1.26995	
4.57341 1.16582	1.16766	1.17414	1.17349	1.27605	1.27589	
4.58955 1.16588	1.16773	1.17783	1.17719	1.28138	1.28124	
4.60568 1.16828	1.17014	1.17949	1.17885	1.28574	1.28561	
4.62181 1.16744	1.16932	1.18194	1.18132	1.29083	1.29071	
4.63794 1.16872	1.1706	1.18454	1.18393	1.29445	1.29435	
4.65407 1.17173	1.17363	1.18555	1.18495	1.29694	1.29686	
4.67021 1.17094	1.17284	1.18456	1.18396	1.29936	1.2993	
4.68634 1.17093	1.17285	1.18621	1.18563	1.30231	1.30227	
4.70247 1.17066	1.17259	1.18455	1.18398	1.30307	1.30304	
4.7186 1.16798	1.16991	1.18391	1.18334	1.30457	1.30457	
4.73473 1.16863	1.17057	1.18272	1.18217	1.30331	1.30333	
4.75087 1.16768	1.16963	1.18043	1.17989	1.30469	1.30472	
4.767 1.16637	1.16833	1.17883	1.1783	1.30256	1.30261	
4.78313 1.16493	1.16689	1.17665	1.17613	1.30134	1.30141	
4.79926 1.16423	1.16621	1.1744	1.1739	1.29904	1.29913	
4.81539 1.16186	1.16384	1.16905	1.16855	1.2976	1.29771	
4.83153 1.16008	1.16206	1.16609	1.1656	1.29451	1.29464	
4.84766 1.15788	1.15987	1.1617	1.16123	1.29153	1.29168	
4.86379 1.15447	1.15646	1.15758	1.15712	1.28936	1.28953	
4.87992 1.15243	1.15443	1.15203	1.15158	1.2839	1.28409	
4.89605 1.14912	1.15112	1.14761	1.14717	1.28114	1.28135	
4.91219 1.14643	1.14843	1.14306	1.14262	1.27579	1.27601	
4.92832 1.14344	1.14545	1.13696	1.13654	1.27143	1.27166	
4.94445 1.13968	1.14169	1.13135	1.13094	1.26613	1.26639	
4.96058 1.13499	1.137	1.1248	1.1244	1.2605	1.26078	
4.97671 1.13155	1.13356	1.11931	1.11891	1.25496	1.25525	
4.99285 1.12674	1.12875	1.11316	1.11278	1.2491	1.2494	
5.00898 1.12235	1.12437	1.10633	1.10595	1.24399	1.24431	
5.02511 1.11776	1.11978	1.09873	1.09836	1.23799	1.23832	
5.04124 1.11246	1.11447	1.09341	1.09306	1.23241	1.23275	
5.05737 1.1071	1.10911	1.08621	1.08586	1.22528	1.22564	
5.07351 1.10124	1.10324	1.07922	1.07888	1.22019	1.22057	
5.08964 1.0952	1.0972	1.07211	1.07177	1.21202	1.2124	
5.10577 1.08929	1.09128	1.06401	1.06368	1.206	1.2064	
5.1219 1.08295	1.08494	1.05696	1.05664	1.20095	1.20135	
5.13803 1.07734	1.07932	1.04889	1.04857	1.19262	1.19304	
5.15417 1.06929	1.07126	1.04153	1.04122	1.18533	1.18576	
5.1703 1.06297	1.06493	1.03445	1.03414	1.17906	1.1795	
5.18643 1.0565	1.05845	1.02617	1.02587	1.17027	1.17072	
5.20256 1.04808	1.05002	1.01746	1.01715	1.16478	1.16524	
5.21869 1.04161	1.04354	1.01051	1.01021	1.15647	1.15694	
5.23483 1.03296	1.03487	1.00271	1.00241	1.14853	1.149	
5.25096 1.02662	1.02853	0.994638	0.994341	1.14108	1.14155	
5.26709 1.01839	1.02028	0.986549	0.986254	1.134	1.13449	
5.28322 1.01026	1.01214	0.977605	0.977312	1.12792	1.12841	
5.29935 1.00234	1.00421	0.970088	0.969795	1.11922	1.11972	
5.31549 0.993059	0.994906	0.96173	0.961437	1.11172	1.11222	
5.33162 0.985474	0.987306	0.954358	0.954065	1.10379	1.10429	
5.34775 0.977247	0.979063	0.945994	0.9457	1.09799	1.09849	
5.36388 0.968504	0.970301	0.937538	0.937243	1.08865	1.08915	
5.38001 0.96029	0.96207	0.929736	0.929439	1.08124	1.08175	
5.39615 0.953866	0.955631	0.92348	0.923181	1.07408	1.07459	
5.41228 0.945983	0.947731	0.915113	0.914812	1.06741	1.06793	
5.42841 0.937565	0.939294	0.90886	0.908555	1.0607	1.06122	
5.44454 0.930734	0.932446	0.900874	0.900566	1.05325	1.05376	
5.46067 0.921322	0.923012	0.894477	0.894166	1.04706	1.04758	
5.47681 0.915223	0.916897	0.887593	0.887278	1.03918	1.0397	
5.49294 0.908854	0.910511	0.881579	0.881259	1.03288	1.03339	
5.50907 0.902076	0.903715	0.875487	0.875162	1.02679	1.0273	
5.5252 0.897334	0.898958	0.869689	0.869359	1.02067	1.02118	
5.54133 0.890364	0.891969	0.864451	0.864115	1.01495	1.01546	
5.55747 0.884946	0.886535	0.859472	0.859129	1.00929	1.00979	
5.5736 0.879817	0.88139	0.855335	0.854986	1.00344	1.00394	
5.58973 0.87529	0.876848	0.850579	0.850223	0.998346	0.998845	
5.60586 0.870132	0.871672	0.846602	0.846239	0.992679	0.993174	
5.62199 0.8685	0.87003	0.843195	0.842825	0.988024	0.988516	
5.63812 0.864705	0.86622	0.840767	0.840389	0.985062	0.985552	
5.65426 0.861757	0.863259	0.83729	0.836904	0.980402	0.980889	
5.67039 0.86108	0.862573	0.834784	0.834389	0.975646	0.976128	
5.68652 0.859027	0.860508	0.83188	0.831477	0.972692	0.973171	
5.70265 0.857532	0.859002	0.831266	0.830854	0.969104	0.969579	
5.71878 0.857494	0.858955	0.830131	0.82971	0.965327	0.965798	
5.73492 0.857037	0.858489	0.829094	0.828663	0.961842	0.962309	
5.75105 0.858404	0.85985	0.828012	0.827572	0.96036	0.960824	
5.76718 0.857857	0.859293	0.827857	0.827406	0.955647	0.956105	
5.78331 0.858821	0.86025	0.828008	0.827546	0.953734	0.954188	
5.79944 0.861098	0.862522	0.827497	0.827026	0.952024	0.952474	
5.81558 0.861534	0.86295	0.828277	0.827794	0.94979	0.950236	
5.83171 0.863416	0.864827	0.82921	0.828717	0.947903	0.948344	
5.84784 0.865889	0.867295	0.830266	0.829762	0.946477	0.946914	
5.86397 0.868758	0.870161	0.831508	0.830992	0.94535	0.945782	
5.8801 0.872137	0.873537	0.833409	0.832882	0.943229	0.943656	
5.89624 0.874632	0.876027	0.83523	0.834691	0.94243	0.942853	
5.91237 0.879021	0.880416	0.836663	0.836113	0.941386	0.941804	
5.9285 0.881867	0.883259	0.839649	0.839087	0.939376	0.939789	
5.94463 0.886074	0.887465	0.841899	0.841325	0.939456	0.939866	
5.96076 0.889926	0.891315	0.844192	0.843606	0.939116	0.939521	
5.9769 0.893908	0.895296	0.846793	0.846196	0.938578	0.938978	
5.99303 0.900301	0.901693	0.849711	0.849102	0.938458	0.938853	
6.00916 0.902695	0.904083	0.852853	0.852232	0.938216	0.938607	
6.02529 0.908747	0.910139	0.856091	0.855458	0.937958	0.938345	
6.04142 0.912831	0.914222	0.860253	0.859607	0.938544	0.938926	
6.05756 0.917001	0.918392	0.863133	0.862475	0.937686	0.938063	
6.07369 0.922497	0.923891	0.866526	0.865857	0.937912	0.938284	
6.08982 0.927753	0.92915	0.870628	0.869947	0.938241	0.938609	
6.10595 0.933357	0.934757	0.874337	0.873644	0.939166	0.93953	
6.12208 0.938144	0.939547	0.878087	0.877382	0.940245	0.940605	
6.13822 0.943704	0.945112	0.881659	0.880943	0.941706	0.942062	
6.15435 0.948257	0.949667	0.885875	0.885147	0.942314	0.942665	
6.17048 0.952903	0.954316	0.890117	0.889377	0.943033	0.943381	
6.18661 0.959109	0.960528	0.894739	0.893988	0.943177	0.94352	
6.20274 0.964395	0.96582	0.898661	0.897899	0.944048	0.944387	
6.21888 0.970435	0.971866	0.903794	0.90302	0.945635	0.94597	
6.23501 0.975503	0.97694	0.907672	0.906888	0.948363	0.948695	
6.25114 0.981216	0.98266	0.912322	0.911527	0.947331	0.947659	
6.26727 0.986422	0.987872	0.916282	0.915477	0.949611	0.949936	
6.2834 0.991501	0.992958	0.92098	0.920165	0.951162	0.951483	
6.29954 0.996683	0.998148	0.925163	0.924338	0.952278	0.952596	
6.31567 1.00201	1.00348	0.930212	0.929377	0.953489	0.953803	
6.3318 1.00737	1.00886	0.934332	0.933488	0.955451	0.955762	
6.34793 1.01343	1.01492	0.938216	0.937363	0.95633	0.956638	
6.36406 1.01761	1.01911	0.943435	0.942573	0.958347	0.958652	
6.3802 1.02331	1.02482	0.947998	0.947127	0.95908	0.959382	
6.39633 1.02862	1.03014	0.952209	0.95133	0.961235	0.961535	
6.41246 1.03266	1.03419	0.956396	0.95551	0.963166	0.963463	
6.42859 1.03816	1.0397	0.960799	0.959905	0.964522	0.964816	
6.44472 1.04282	1.04438	0.965211	0.96431	0.966199	0.966491	
6.46086 1.04794	1.04951	0.969486	0.968579	0.967617	0.967907	
6.47699 1.05183	1.0534	0.974062	0.973148	0.970449	0.970737	
6.49312 1.05643	1.05802	0.978725	0.977804	0.972149	0.972435	
6.50925 1.06049	1.06209	0.98192	0.980994	0.97388	0.974164	
6.52538 1.06501	1.06662	0.98711	0.986178	0.976155	0.976437	
6.54152 1.06843	1.07006	0.989941	0.989006	0.9771	0.977381	
6.55765 1.07207	1.07371	0.994656	0.993716	0.979084	0.979363	
6.57378 1.07615	1.0778	0.998112	0.997168	0.981004	0.981282	
6.58991 1.07935	1.08101	1.00159	1.00065	0.981859	0.982136	
6.60604 1.08329	1.08497	1.00529	1.00434	0.983863	0.984139	
6.62218 1.08597	1.08767	1.00891	1.00796	0.985716	0.985991	
6.63831 1.08864	1.09035	1.01258	1.01163	0.987068	0.987342	
6.65444 1.09208	1.0938	1.0155	1.01454	0.988028	0.988302	
6.67057 1.09468	1.09642	1.0191	1.01814	0.989906	0.99018	
6.6867 1.09714	1.0989	1.02178	1.02082	0.992363	0.992636	
6.70284 1.09989	1.10165	1.02495	1.02399	0.993266	0.993538	
6.71897 1.10146	1.10324	1.02734	1.02638	0.992223	0.992495	
6.7351 1.10375	1.10554	1.02992	1.02896	0.99508	0.995352	
6.75123 1.10577	1.10759	1.03333	1.03237	0.996613	0.996885	
6.76736 1.10716	1.10899	1.03512	1.03416	0.997755	0.998028	
6.7835 1.10797	1.10981	1.03731	1.03635	0.999202	0.999474	
6.79963 1.10848	1.11033	1.03965	1.0387	0.999661	0.999933	
6.81576 1.11073	1.1126	1.04128	1.04033	1.0013	1.00157	
6.83189 1.11024	1.11212	1.04358	1.04264	1.00334	1.00362	
6.84802 1.11053	1.11242	1.0448	1.04386	1.00365	1.00393	
6.86416 1.11088	1.11278	1.04613	1.04519	1.00433	1.00461	
6.88029 1.11137	1.11329	1.04788	1.04694	1.00498	1.00526	
6.89642 1.11107	1.113	1.04833	1.0474	1.006	1.00627	
6.91255 1.11069	1.11264	1.05001	1.04908	1.00695	1.00723	
6.92868 1.10993	1.11188	1.05143	1.0505	1.00692	1.0072	
6.94481 1.10945	1.11141	1.05221	1.05129	1.00798	1.00826	
6.96095 1.10877	1.11075	1.05271	1.0518	1.00859	1.00887	
6.97708 1.10806	1.11005	1.05357	1.05266	1.00941	1.0097	
6.99321 1.10568	1.10768	1.05327	1.05237	1.00883	1.00912	
7.00934 1.10401	1.10602	1.05362	1.05273	1.00953	1.00981	
7.02547 1.10332	1.10534	1.05419	1.0533	1.00977	1.01006	
7.04161 1.10106	1.10309	1.05437	1.05348	1.01	1.01029	
7.05774 1.09972	1.10176	1.05472	1.05384	1.01063	1.01092	
7.07387 1.09793	1.09998	1.05464	1.05376	1.01088	1.01117	
7.09 1.09555	1.0976	1.05411	1.05324	1.01018	1.01047	
7.10613 1.0938	1.09586	1.05386	1.053	1.01078	1.01107	
7.12227 1.09173	1.0938	1.05373	1.05288	1.0101	1.01039	
7.1384 1.08889	1.09096	1.05325	1.0524	1.01013	1.01042	
7.15453 1.08655	1.08863	1.05289	1.05205	1.01058	1.01088	
7.17066 1.08353	1.08562	1.05148	1.05065	1.01027	1.01057	
7.18679 1.08138	1.08347	1.05132	1.05049	1.01002	1.01032	
7.20293 1.0791	1.0812	1.05041	1.04959	1.01007	1.01037	
7.21906 1.07535	1.07745	1.05034	1.04952	1.00916	1.00946	
7.23519 1.07236	1.07447	1.04801	1.0472	1.00907	1.00937	
7.25132 1.06921	1.07132	1.04798	1.04718	1.00895	1.00925	
7.26745 1.06635	1.06845	1.04716	1.04636	1.00995	1.01025	
7.28359 1.06315	1.06526	1.04542	1.04463	1.00889	1.00919	
7.29972 1.06113	1.06324	1.04462	1.04383	1.00856	1.00886	
7.31585 1.05783	1.05995	1.04295	1.04218	1.00802	1.00832	
7.33198 1.05441	1.05653	1.0413	1.04053	1.00638	1.00669	
7.34811 1.05017	1.05228	1.04123	1.04047	1.00684	1.00715	
7.36425 1.04836	1.05047	1.03926	1.0385	1.00694	1.00724	
7.38038 1.0455	1.04762	1.03828	1.03753	1.00575	1.00606	
7.39651 1.0406	1.04271	1.03682	1.03607	1.00605	1.00636	
7.41264 1.03839	1.0405	1.03537	1.03463	1.00538	1.00569	
7.42877 1.036	1.03811	1.03397	1.03323	1.00479	1.0051	
7.44491 1.0324	1.03451	1.03337	1.03264	1.00532	1.00563	
7.46104 1.02943	1.03153	1.03213	1.0314	1.00441	1.00472	
7.47717 1.02671	1.02881	1.03072	1.03	1.00402	1.00433	
7.4933 1.02355	1.02566	1.02935	1.02863	1.00344	1.00375	
7.50943 1.02108	1.02318	1.02783	1.02711	1.0028	1.00311	
7.52557 1.01785	1.01994	1.02616	1.02544	1.00291	1.00323	
7.5417 1.01494	1.01703	1.02527	1.02456	1.00277	1.00308	
7.55783 1.01243	1.01452	1.02357	1.02287	1.00182	1.00213	
7.57396 1.0104	1.01248	1.02189	1.02119	1.00121	1.00153	
7.59009 1.00662	1.0087	1.02073	1.02003	1.00203	1.00234	
7.60623 1.00509	1.00717	1.01952	1.01883	1.00102	1.00134	
7.62236 1.00172	1.00379	1.01854	1.01785	1.00016	1.00047	
7.63849 0.999408	1.00147	1.0177	1.01702	1.00038	1.00069	
7.65462 0.996978	0.999038	1.0159	1.01522	0.999908	1.00022	
7.67075 0.994217	0.996271	1.01462	1.01394	0.999444	0.999757	
7.68689 0.993185	0.995236	1.0133	1.01262	0.999998	1.00031	
7.70302 0.990987	0.993032	1.01234	1.01167	0.999624	0.999936	
7.71915 0.989187	0.991228	1.01164	1.01096	0.999993	1.00031	
7.73528 0.98742	0.989456	1.01074	1.01007	0.998638	0.99895	
7.75141 0.985009	0.987038	1.00877	1.0081	0.999199	0.999512	
7.76755 0.983222	0.985245	1.00858	1.00791	0.998884	0.999197	
7.78368 0.980251	0.982266	1.0073	1.00663	0.999284	0.999596	
7.79981 0.979749	0.981761	1.00655	1.00589	0.998719	0.999031	
7.81594 0.978102	0.980107	1.00586	1.0052	0.998031	0.998343	
7.83207 0.976918	0.978918	1.00462	1.00395	0.998532	0.998843	
7.84821 0.976089	0.978085	1.00379	1.00313	0.998825	0.999137	
7.86434 0.97381	0.975798	1.00313	1.00246	0.999267	0.999578	
7.88047 0.972528	0.97451	1.00233	1.00167	0.99883	0.999142	
7.8966 0.971816	0.973793	1.00196	1.0013	0.999049	0.99936	
7.91273 0.970643	0.972614	1.0006	0.999935	0.998998	0.999309	
7.92887 0.969794	0.971759	1.00039	0.999733	0.998448	0.998759	
7.945 0.968168	0.970126	0.999786	0.999126	1.00014	1.00046	
7.96113 0.967856	0.969809	0.999118	0.998458	0.999091	0.999402	
7.97726 0.967685	0.969634	0.998204	0.997545	1.00007	1.00038	
7.99339 0.966654	0.968597	0.99845	0.99779	0.999666	0.999978	
8.00953 0.965778	0.967715	0.998117	0.997457	1.00084	1.00115	
8.02566 0.966406	0.968339	0.997424	0.996764	0.999771	1.00008	
8.04179 0.966144	0.968073	0.996826	0.996166	1.00035	1.00066	
8.05792 0.965239	0.967161	0.996386	0.995725	1.00022	1.00053	
8.07405 0.964789	0.966706	0.996196	0.995534	1.00157	1.00188	
8.09019 0.965178	0.967092	0.995671	0.995009	1.00119	1.0015	
8.10632 0.964942	0.96685	0.9957	0.995038	1.00156	1.00188	
8.12245 0.965031	0.966934	0.995552	0.994889	1.00225	1.00256	
8.13858 0.965168	0.967068	0.995375	0.994711	1.00217	1.00248	
8.15471 0.964672	0.966566	0.994789	0.994125	1.00269	1.003	
8.17084 0.964596	0.966485	0.994997	0.994332	1.00223	1.00254	
8.18698 0.965315	0.967201	0.994963	0.994298	1.00388	1.0042	
8.20311 0.965778	0.96766	0.994163	0.993497	1.00325	1.00357	
8.21924 0.965934	0.967811	0.994564	0.993896	1.00354	1.00386	
8.23537 0.966323	0.968197	0.994621	0.993953	1.00422	1.00453	
8.2515 0.966772	0.968642	0.994469	0.9938	1.00388	1.0042	
8.26764 0.96693	0.968796	0.994254	0.993584	1.00463	1.00495	
8.28377 0.967888	0.969752	0.99507	0.994399	1.00487	1.00519	
8.2999 0.969069	0.970931	0.994478	0.993807	1.00606	1.00638	
8.31603 0.969317	0.971174	0.994502	0.99383	1.00572	1.00604	
8.33216 0.969457	0.97131	0.994618	0.993944	1.00699	1.00731	
8.3483 0.970122	0.971973	0.99411	0.993436	1.00683	1.00715	
8.36443 0.970998	0.972846	0.995068	0.994392	1.00728	1.00761	
8.38056 0.971914	0.97376	0.995278	0.994601	1.00803	1.00835	
8.39669 0.972716	0.97456	0.994992	0.994315	1.00838	1.00871	
8.41282 0.973003	0.974844	0.994979	0.994301	1.00863	1.00896	
8.42896 0.973758	0.975597	0.994574	0.993895	1.00756	1.0079	
8.44509 0.975361	0.977199	0.995075	0.994394	1.00935	1.00969	
8.46122 0.975423	0.977257	0.994726	0.994045	1.00986	1.01019	
8.47735 0.976798	0.978632	0.995144	0.994462	1.00978	1.01011	
8.49348 0.977264	0.979096	0.995356	0.994673	1.00961	1.00995	
8.50962 0.978211	0.980041	0.995323	0.994639	1.00975	1.01009	
8.52575 0.979966	0.981796	0.995423	0.994738	1.0106	1.01094	
8.54188 0.980286	0.982115	0.995724	0.995039	1.01095	1.01129	
8.55801 0.980852	0.982679	0.996185	0.995499	1.01143	1.01178	
8.57414 0.981697	0.983523	0.996264	0.995576	1.01152	1.01187	
8.59028 0.982375	0.984199	0.996194	0.995506	1.01172	1.01207	
8.60641 0.983673	0.985498	0.996385	0.995696	1.01198	1.01233	
8.62254 0.984934	0.986759	0.996529	0.995839	1.01193	1.01228	
8.63867 0.985708	0.987532	0.996195	0.995505	1.0124	1.01276	
8.6548 0.986351	0.988174	0.996162	0.995471	1.01229	1.01264	
8.67094 0.987415	0.989239	0.996647	0.995955	1.01201	1.01237	
8.68707 0.988328	0.990152	0.996494	0.995801	1.01225	1.01262	
8.7032 0.98905	0.990874	0.996804	0.996111	1.01268	1.01304	
8.71933 0.989504	0.991327	0.996439	0.995745	1.01371	1.01408	
8.73546 0.990487	0.99231	0.996684	0.995989	1.01331	1.01368	
8.7516 0.991484	0.993308	0.996934	0.996238	1.01294	1.01331	
8.76773 0.991811	0.993635	0.997086	0.99639	1.0135	1.01387	
8.78386 0.992832	0.994656	0.997187	0.99649	1.01334	1.01371	
8.79999 0.993808	0.995634	0.996833	0.996136	1.01353	1.01391	
8.81612 0.994084	0.995909	0.99715	0.996452	1.01342	1.0138	
8.83226 0.995237	0.997064	0.996979	0.996281	1.01337	1.01376	
8.84839 0.995675	0.997503	0.997481	0.996781	1.01388	1.01426	
8.86452 0.996525	0.998354	0.997367	0.996667	1.01322	1.01361	
8.88065 0.997501	0.999332	0.997797	0.997096	1.01343	1.01382	
8.89678 0.997648	0.999479	0.997281	0.99658	1.01303	1.01342	
8.91292 0.998406	1.00024	0.997245	0.996543	1.01333	1.01373	
8.92905 0.998487	1.00032	0.996954	0.996251	1.01299	1.01339	
8.94518 0.999299	1.00113	0.997391	0.996688	1.01284	1.01324	
8.96131 1.00011	1.00194	0.997685	0.996981	1.01273	1.01313	
8.97744 1.0007	1.00253	0.997156	0.996452	1.01266	1.01307	
8.99358 1.00128	1.00312	0.997723	0.997018	1.0124	1.01281	
9.00971 1.00165	1.00349	0.996972	0.996267	1.01212	1.01253	
9.02584 1.00173	1.00357	0.996959	0.996253	1.012	1.01241	
9.04197 1.00224	1.00408	0.996943	0.996237	1.01211	1.01253	
9.0581 1.00274	1.00458	0.997062	0.996355	1.01142	1.01183	
9.07424 1.00285	1.0047	0.996929	0.996222	1.01049	1.01091	
9.09037 1.00362	1.00547	0.996702	0.995993	1.01165	1.01207	
9.1065 1.00355	1.0054	0.996837	0.996128	1.01149	1.01191	
9.12263 1.00383	1.00568	0.99711	0.9964	1.01033	1.01075	
9.13876 1.00468	1.00654	0.996308	0.995598	1.01052	1.01095	
9.1549 1.00495	1.0068	0.996355	0.995644	1.0101	1.01053	
9.17103 1.00465	1.00651	0.996475	0.995763	1.00971	1.01014	
9.18716 1.00523	1.00709	0.996048	0.995335	1.00858	1.00901	
9.20329 1.00519	1.00705	0.995885	0.995172	1.00928	1.00971	
9.21942 1.00572	1.00758	0.995813	0.995098	1.00965	1.01009	
9.23556 1.00594	1.0078	0.995843	0.995127	1.00858	1.00901	
9.25169 1.00591	1.00777	0.995051	0.994336	1.0074	1.00784	
9.26782 1.00639	1.00825	0.995119	0.994403	1.00754	1.00798	
9.28395 1.00632	1.00819	0.995247	0.994529	1.00726	1.0077	
9.30008 1.0059	1.00777	0.994599	0.993881	1.00599	1.00643	
9.31622 1.00664	1.00851	0.994953	0.994233	1.00619	1.00663	
9.33235 1.00631	1.00819	0.994387	0.993666	1.00601	1.00646	
9.34848 1.00653	1.00841	0.994596	0.993874	1.0054	1.00584	
9.36461 1.00626	1.00813	0.994533	0.99381	1.00501	1.00546	
9.38074 1.00621	1.00808	0.993946	0.993221	1.00438	1.00483	
9.39687 1.00607	1.00795	0.993911	0.993186	1.00404	1.00448	
9.41301 1.00588	1.00776	0.993383	0.992657	1.00308	1.00352	
9.42914 1.00654	1.00842	0.993284	0.992556	1.0033	1.00375	
9.44527 1.00554	1.00743	0.993037	0.992308	1.00261	1.00306	
9.4614 1.0055	1.00739	0.992952	0.992222	1.00274	1.00319	
9.47753 1.00549	1.00738	0.992416	0.991684	1.00191	1.00236	
9.49367 1.00572	1.00761	0.992851	0.992117	1.00174	1.00219	
9.5098 1.00556	1.00745	0.992459	0.991723	1.00107	1.00152	
9.52593 1.00568	1.00757	0.992412	0.991676	0.999896	1.00034	
9.54206 1.00594	1.00783	0.991958	0.99122	0.999468	0.999917	
9.55819 1.00474	1.00663	0.991811	0.991071	0.999099	0.999548	
9.57433 1.00506	1.00696	0.991463	0.990722	0.998335	0.998783	
9.59046 1.00523	1.00713	0.991291	0.990547	0.998456	0.998904	
9.60659 1.00528	1.00718	0.991371	0.990626	0.998022	0.998469	
9.62272 1.00462	1.00651	0.9915	0.990753	0.997171	0.997618	
9.63885 1.00439	1.00628	0.99084	0.990092	0.996565	0.997011	
9.65499 1.00438	1.00628	0.990549	0.989799	0.996525	0.99697	
9.67112 1.00401	1.00591	0.991226	0.990473	0.996011	0.996455	
9.68725 1.00396	1.00586	0.990426	0.989671	0.99602	0.996463	
9.70338 1.00422	1.00613	0.990878	0.990121	0.994961	0.995403	
9.71951 1.0042	1.0061	0.990944	0.990185	0.995461	0.995903	
9.73565 1.00325	1.00515	0.99052	0.989759	0.994053	0.994493	
9.75178 1.00345	1.00536	0.990307	0.989544	0.994047	0.994485	
9.76791 1.00386	1.00577	0.990264	0.989499	0.994017	0.994454	
9.78404 1.0033	1.00521	0.989828	0.989061	0.993301	0.993737	
9.80017 1.0035	1.00541	0.989848	0.989078	0.992699	0.993133	
9.81631 1.00298	1.00489	0.989738	0.988967	0.992133	0.992565	
9.83244 1.00291	1.00482	0.989997	0.989223	0.992234	0.992664	
9.84857 1.00273	1.00464	0.989735	0.988959	0.992116	0.992545	
9.8647 1.00259	1.00451	0.989999	0.98922	0.991817	0.992244	
9.88083 1.00222	1.00413	0.990101	0.98932	0.991243	0.991668	
9.89697 1.00234	1.00425	0.989856	0.989073	0.991488	0.991911	
9.9131 1.0031	1.00502	0.989704	0.988919	0.991266	0.991687	
9.92923 1.00235	1.00427	0.990051	0.989263	0.990662	0.991081	
9.94536 1.00225	1.00417	0.990029	0.989238	0.990374	0.990791	
9.96149 1.0016	1.00351	0.990523	0.989729	0.990149	0.990564	
9.97763 1.00221	1.00413	0.990039	0.989244	0.990234	0.990647	
9.99376 1.00247	1.00439	0.990412	0.989614	0.98978	0.990191	
10.0099 1.00227	1.00419	0.990615	0.989815	0.989473	0.989881	
10.026 1.00269	1.00461	0.990754	0.989952	0.98941	0.989816	
10.0422 1.0018	1.00372	0.990913	0.990108	0.988877	0.989281	
10.0583 1.00194	1.00386	0.990776	0.989969	0.989288	0.989689	
10.0744 1.00264	1.00456	0.991467	0.990658	0.989536	0.989935	
10.0905 1.00236	1.00429	0.99138	0.990569	0.989251	0.989648	
10.1067 1.00216	1.00408	0.991359	0.990545	0.989004	0.989398	
10.1228 1.00255	1.00447	0.991704	0.990887	0.988547	0.988939	
10.1389 1.00251	1.00444	0.99184	0.991022	0.98878	0.989169	
10.1551 1.00233	1.00426	0.99182	0.990999	0.988457	0.988843	
10.1712 1.00173	1.00366	0.992283	0.99146	0.988822	0.989206	
10.1873 1.00197	1.0039	0.99275	0.991925	0.989087	0.989469	
10.2035 1.00192	1.00385	0.992819	0.991992	0.988949	0.989328	
10.2196 1.00274	1.00467	0.993101	0.992272	0.989073	0.98945	
10.2357 1.00273	1.00466	0.993143	0.992312	0.988791	0.989166	
10.2519 1.00314	1.00507	0.993389	0.992556	0.989632	0.990004	
10.268 1.00297	1.00491	0.993612	0.992778	0.98915	0.98952	
10.2841 1.0027	1.00464	0.994592	0.993756	0.989257	0.989624	
10.3003 1.00257	1.00451	0.99472	0.993882	0.988923	0.989287	
10.3164 1.00303	1.00497	0.994553	0.993714	0.990117	0.99048	
10.3325 1.0036	1.00554	0.995298	0.994456	0.98951	0.98987	
10.3487 1.00313	1.00508	0.995146	0.994303	0.989979	0.990337	
10.3648 1.00363	1.00558	0.995539	0.994694	0.989951	0.990306	
10.3809 1.00351	1.00545	0.995659	0.994814	0.989898	0.990252	
10.3971 1.00379	1.00574	0.996042	0.995194	0.990238	0.990589	
10.4132 1.00389	1.00584	0.99669	0.995841	0.990167	0.990516	
10.4293 1.0033	1.00525	0.99693	0.99608	0.99027	0.990617	
10.4455 1.00397	1.00593	0.99704	0.996189	0.990703	0.991048	
10.4616 1.00434	1.0063	0.997148	0.996296	0.991284	0.991627	
10.4777 1.00456	1.00652	0.997795	0.996941	0.991303	0.991643	
10.4938 1.00495	1.00691	0.998144	0.99729	0.991381	0.99172	
10.51 1.00448	1.00644	0.998567	0.997712	0.991934	0.992271	
10.5261 1.00515	1.00712	0.998979	0.998122	0.991877	0.992212	
10.5422 1.00509	1.00705	0.999464	0.998607	0.992258	0.992591	
10.5584 1.00475	1.00671	0.999411	0.998554	0.992481	0.992812	
10.5745 1.0054	1.00737	0.999957	0.999099	0.992628	0.992958	
10.5906 1.00525	1.00722	1.00023	0.999373	0.993157	0.993485	
10.6068 1.00518	1.00715	1.00092	1.00006	0.993835	0.994162	
10.6229 1.00567	1.00764	1.00112	1.00026	0.99349	0.993816	
10.639 1.00579	1.00776	1.00126	1.0004	0.993827	0.994151	
10.6552 1.00583	1.00781	1.00142	1.00056	0.993945	0.994268	
10.6713 1.00593	1.00792	1.00196	1.0011	0.99435	0.994672	
10.6874 1.00582	1.00781	1.00221	1.00135	0.994932	0.995253	
10.7036 1.00574	1.00773	1.00231	1.00145	0.994885	0.995204	
10.7197 1.00555	1.00754	1.00275	1.0019	0.994732	0.99505	
10.7358 1.00616	1.00816	1.00282	1.00196	0.995206	0.995523	
10.752 1.00612	1.00811	1.00335	1.00249	0.996255	0.996572	
10.7681 1.00661	1.0086	1.00328	1.00242	0.996147	0.996463	
10.7842 1.00622	1.00822	1.00402	1.00316	0.996419	0.996733	
10.8004 1.00613	1.00812	1.0041	1.00324	0.997145	0.997459	
10.8165 1.00617	1.00817	1.00407	1.00322	0.997279	0.997592	
10.8326 1.00621	1.00822	1.0043	1.00345	0.997406	0.997719	
10.8488 1.00652	1.00852	1.00479	1.00393	0.997606	0.997919	
10.8649 1.0062	1.00821	1.00496	1.00411	0.998066	0.998379	
10.881 1.00676	1.00878	1.0052	1.00435	0.997876	0.998188	
10.8971 1.00626	1.00827	1.00518	1.00433	0.998111	0.998423	
10.9133 1.00595	1.00796	1.00614	1.00529	0.998819	0.99913	
10.9294 1.00651	1.00853	1.00561	1.00476	0.998935	0.999246	
10.9455 1.00606	1.00808	1.00579	1.00494	0.998891	0.999202	
10.9617 1.00633	1.00836	1.00587	1.00503	0.999342	0.999653	
10.9778 1.00647	1.00849	1.00622	1.00537	0.999582	0.999893	
10.9939 1.00651	1.00854	1.00636	1.00552	0.999953	1.00026	
11.0101 1.00543	1.00746	1.00646	1.00562	1.00023	1.00054	
11.0262 1.00614	1.00817	1.00674	1.0059	1.00006	1.00037	
11.0423 1.00591	1.00794	1.00734	1.0065	1.00088	1.0012	
11.0585 1.00555	1.00759	1.00701	1.00617	1.00076	1.00108	
11.0746 1.00644	1.00848	1.00695	1.00611	1.00077	1.00108	
11.0907 1.00549	1.00753	1.00699	1.00616	1.00149	1.0018	
11.1069 1.00503	1.00706	1.0073	1.00647	1.0013	1.00161	
11.123 1.00478	1.00682	1.00721	1.00638	1.00197	1.00228	
11.1391 1.00458	1.00662	1.0071	1.00627	1.00203	1.00234	
11.1553 1.00534	1.00738	1.00755	1.00672	1.00212	1.00244	
11.1714 1.00511	1.00716	1.0075	1.00667	1.00223	1.00254	
11.1875 1.00471	1.00676	1.00738	1.00656	1.00181	1.00213	
11.2037 1.00481	1.00686	1.00771	1.00689	1.00194	1.00226	
11.2198 1.00437	1.00642	1.00718	1.00636	1.00318	1.0035	
11.2359 1.00472	1.00677	1.00745	1.00664	1.00286	1.00318	
11.2521 1.00355	1.0056	1.00721	1.00639	1.00322	1.00354	
11.2682 1.00412	1.00618	1.00764	1.00683	1.00313	1.00345	
11.2843 1.00422	1.00628	1.00732	1.0065	1.00373	1.00406	
11.3004 1.00339	1.00545	1.00679	1.00598	1.00364	1.00397	
11.3166 1.00349	1.00555	1.00733	1.00652	1.00351	1.00384	
11.3327 1.00296	1.00502	1.00732	1.00651	1.00399	1.00432	
11.3488 1.00358	1.00564	1.00703	1.00622	1.00422	1.00455	
11.365 1.00257	1.00463	1.00702	1.00622	1.00404	1.00437	
11.3811 1.00254	1.0046	1.00681	1.00601	1.00399	1.00432	
11.3972 1.00228	1.00434	1.00721	1.00641	1.00472	1.00505	
11.4134 1.00217	1.00424	1.00691	1.00611	1.00413	1.00446	
11.4295 1.00137	1.00344	1.00694	1.00614	1.00528	1.00562	
11.4456 1.00169	1.00375	1.00656	1.00577	1.0048	1.00514	
11.4618 1.0015	1.00357	1.00644	1.00565	1.00459	1.00493	
11.4779 1.00093	1.00299	1.00609	1.0053	1.00444	1.00478	
11.494 1.00084	1.0029	1.00623	1.00545	1.00458	1.00492	
11.5102 1.00068	1.00275	1.00593	1.00514	1.00517	1.00551	
11.5263 1.00034	1.0024	1.00563	1.00485	1.00503	1.00538	
11.5424 1.00099	1.00306	1.00597	1.00518	1.00476	1.00511	
11.5586 1.00032	1.00239	1.0056	1.00482	1.00457	1.00492	
11.5747 1.00049	1.00257	1.00542	1.00464	1.00456	1.00491	
11.5908 1.00003	1.0021	1.00538	1.0046	1.00494	1.00529	
11.607 0.999747	1.00182	1.00538	1.0046	1.00512	1.00547	
11.6231 0.999223	1.00129	1.00497	1.0042	1.00446	1.00481	
11.6392 0.999343	1.00141	1.00512	1.00435	1.00454	1.0049	
11.6554 0.998825	1.0009	1.00456	1.00379	1.00487	1.00522	
11.6715 0.99865	1.00072	1.00451	1.00374	1.00487	1.00523	
11.6876 0.998307	1.00038	1.004	1.00323	1.00525	1.00562	
11.7037 0.998324	1.00039	1.00424	1.00347	1.00508	1.00544	
11.7199 0.997987	1.00006	1.00374	1.00297	1.00494	1.0053	
11.736 0.997486	0.999554	1.00339	1.00263	1.00467	1.00504	
11.7521 0.996929	0.998995	1.00327	1.0025	1.00433	1.00469	
11.7683 0.997221	0.999288	1.003	1.00223	1.0046	1.00497	
11.7844 0.997144	0.999211	1.00308	1.00232	1.00455	1.00492	
11.8005 0.997105	0.999171	1.00265	1.00188	1.00417	1.00454	
11.8167 0.996796	0.998862	1.00265	1.00189	1.00431	1.00468	
11.8328 0.997145	0.99921	1.00259	1.00183	1.00461	1.00499	
11.8489 0.996518	0.998582	1.00221	1.00145	1.00473	1.0051	
11.8651 0.996781	0.998845	1.00217	1.00141	1.00417	1.00455	
11.8812 0.996295	0.998357	1.00205	1.00129	1.00413	1.00451	
11.8973 0.995959	0.99802	1.00194	1.00118	1.00443	1.00481	
11.9135 0.995728	0.997788	1.00173	1.00097	1.00347	1.00385	
11.9296 0.996259	0.99832	1.00141	1.00065	1.00383	1.00422	
11.9457 0.995684	0.997743	1.00122	1.00046	1.00381	1.00419	
11.9619 0.995335	0.997392	1.00085	1.00009	1.00388	1.00427	
11.978 0.995304	0.99736	1.00067	0.999913	1.00399	1.00438	
11.9941 0.995545	0.9976	1.00041	0.999653	1.00377	1.00416	
12.0103 0.995026	0.99708	1.00039	0.999632	1.00344	1.00383	
12.0264 0.995287	0.99734	1.00017	0.999415	1.00348	1.00387	
12.0425 0.995295	0.997347	1.00011	0.999349	1.00297	1.00336	
12.0587 0.994849	0.9969	1.00006	0.999302	1.00349	1.00388	
12.0748 0.995037	0.997087	0.999669	0.998911	1.00357	1.00396	
12.0909 0.994836	0.996884	0.999721	0.998963	1.00296	1.00335	
12.107 0.994839	0.996886	0.999236	0.998478	1.00328	1.00368	
12.1232 0.994472	0.996518	0.999266	0.998507	1.00312	1.00352	
12.1393 0.994985	0.997031	0.999408	0.998648	1.00261	1.00301	
12.1554 0.994556	0.9966	0.999183	0.998423	1.00313	1.00353	
12.1716 0.994085	0.996126	0.999096	0.998335	1.00266	1.00306	
12.1877 0.994605	0.996646	0.998939	0.998178	1.00236	1.00276	
12.2038 0.994429	0.996468	0.998351	0.99759	1.00238	1.00279	
12.22 0.994115	0.996153	0.998171	0.997409	1.00246	1.00286	
12.2361 0.994608	0.996645	0.998379	0.997616	1.00228	1.00269	
12.2522 0.994338	0.996374	0.9985	0.997736	1.00238	1.00278	
12.2684 0.994244	0.996278	0.998118	0.997353	1.00203	1.00244	
12.2845 0.994634	0.996668	0.998028	0.997262	1.00217	1.00258	
12.3006 0.994628	0.996661	0.997902	0.997136	1.00188	1.00229	
12.3168 0.994332	0.996363	0.997514	0.996747	1.00164	1.00205	
12.3329 0.994298	0.996327	0.997629	0.99686	1.00209	1.0025	
12.349 0.994432	0.996461	0.997889	0.997119	1.0017	1.00211	
12.3652 0.994632	0.99666	0.997297	0.996527	1.00157	1.00198	
12.3813 0.994876	0.996903	0.99757	0.996798	1.00132	1.00173	
12.3974 0.995019	0.997046	0.997452	0.99668	1.00186	1.00228	
12.4136 0.994784	0.996808	0.997243	0.996469	1.00169	1.0021	
12.4297 0.994282	0.996304	0.997738	0.996963	1.00152	1.00193	
12.4458 0.994569	0.99659	0.997053	0.996277	1.00132	1.00173	
12.462 0.995192	0.997213	0.997052	0.996274	1.00118	1.0016	
12.4781 0.994514	0.996533	0.997087	0.996308	1.00141	1.00182	
12.4942 0.994789	0.996808	0.997166	0.996386	1.00103	1.00145	
12.5103 0.99469	0.996707	0.99726	0.996479	1.00133	1.00175	
12.5265 0.995007	0.997023	0.996824	0.996042	1.00037	1.00079	
12.5426 0.994521	0.996536	0.997034	0.99625	1.001	1.00142	
12.5587 0.995203	0.997218	0.996859	0.996074	1.00022	1.00064	
12.5749 0.995282	0.997296	0.996956	0.996169	1.00053	1.00095	
12.591 0.994975	0.996987	0.997085	0.996296	1.00087	1.00129	
12.6071 0.995681	0.997694	0.996786	0.995997	1.00054	1.00096	
12.6233 0.995308	0.997319	0.996608	0.995817	1.0006	1.00102	
12.6394 0.995358	0.997368	0.997094	0.996301	1.00048	1.00091	
12.6555 0.996193	0.998204	0.996697	0.995903	1.0006	1.00102	
12.6717 0.99596	0.99797	0.996884	0.996088	0.999861	1.00028	
12.6878 0.996078	0.998087	0.996922	0.996125	0.99995	1.00037	
12.7039 0.996443	0.998452	0.997049	0.99625	0.999964	1.00039	
12.7201 0.995969	0.997977	0.996795	0.995995	1.00019	1.00061	
12.7362 0.996758	0.998767	0.997062	0.99626	0.999433	0.999854	
12.7523 0.996582	0.99859	0.996478	0.995675	0.99983	1.00025	
12.7685 0.996786	0.998794	0.997001	0.996196	0.999685	1.00011	
12.7846 0.996771	0.998778	0.997023	0.996217	0.999983	1.0004	
12.8007 0.996615	0.998621	0.997053	0.996245	0.999553	0.999975	
12.8169 0.997286	0.999294	0.996821	0.996012	0.99952	0.999941	
12.833 0.997375	0.999383	0.997129	0.996318	0.99999	1.00041	
12.8491 0.996826	0.998833	0.997242	0.99643	0.999387	0.999809	
12.8652 0.997496	0.999503	0.997045	0.996232	0.999629	1.00005	
12.8814 0.997689	0.999696	0.996753	0.995939	0.999094	0.999515	
12.8975 0.997564	0.999571	0.997045	0.996229	0.999549	0.999971	
12.9136 0.998247	1.00026	0.997394	0.996576	0.999683	1.0001	
12.9298 0.998161	1.00017	0.997443	0.996623	0.999099	0.99952	
12.9459 0.998013	1.00002	0.997022	0.996201	0.999754	1.00018	
12.962 0.998328	1.00034	0.997409	0.996586	0.999303	0.999725	
12.9782 0.998665	1.00067	0.997688	0.996864	0.998651	0.999071	
12.9943 0.998538	1.00055	0.997585	0.99676	0.999646	1.00007	
13.0104 0.99917	1.00118	0.997539	0.996713	0.999055	0.999476	
13.0266 0.998079	1.00009	0.997639	0.996812	0.998898	0.999319	
13.0427 0.99862	1.00063	0.997794	0.996965	0.999116	0.999536	
13.0588 0.999022	1.00103	0.997839	0.997009	0.998991	0.999411	
13.075 0.998766	1.00078	0.997819	0.996987	0.999449	0.999869	
13.0911 0.99909	1.0011	0.997548	0.996716	0.999198	0.999618	
13.1072 0.999496	1.00151	0.997928	0.997093	0.998792	0.999211	
13.1234 0.999569	1.00158	0.998096	0.997261	0.999151	0.99957	
13.1395 0.999342	1.00136	0.998232	0.997396	0.998256	0.998674	
13.1556 0.999326	1.00134	0.99779	0.996953	0.998469	0.998887	
13.1718 1.00005	1.00207	0.9984	0.997561	0.999287	0.999705	
13.1879 0.9996	1.00162	0.998538	0.997698	0.998957	0.999375	
13.204 0.999874	1.00189	0.998416	0.997576	0.99886	0.999278	
13.2202 0.999973	1.00199	0.998612	0.99777	0.998989	0.999406	
13.2363 1.00072	1.00274	0.998285	0.997442	0.998868	0.999285	
13.2524 1.00055	1.00257	0.998825	0.997981	0.998511	0.998928	
13.2685 1.00036	1.00238	0.998601	0.997757	0.998901	0.999317	
13.2847 1.00038	1.0024	0.998698	0.997852	0.998925	0.999341	
13.3008 1.00062	1.00265	0.999006	0.998159	0.998659	0.999075	
13.3169 1.0005	1.00253	0.998899	0.998051	0.998273	0.998688	
13.3331 1.00065	1.00268	0.999023	0.998175	0.998727	0.999142	
13.3492 1.00101	1.00305	0.998794	0.997945	0.998921	0.999336	
13.3653 1.00093	1.00297	0.998975	0.998125	0.998245	0.998659	
13.3815 1.00091	1.00295	0.999484	0.998633	0.998828	0.999241	
13.3976 1.00085	1.00289	0.999026	0.998175	0.998649	0.999062	
13.4137 1.00101	1.00305	0.999086	0.998234	0.99819	0.998602	
13.4299 1.00088	1.00292	0.999437	0.998584	0.998437	0.998848	
13.446 1.00068	1.00272	0.999245	0.998391	0.998842	0.999254	
13.4621 1.00121	1.00325	0.999539	0.998685	0.998938	0.999349	
13.4783 1.00119	1.00323	0.999159	0.998304	0.99883	0.999241	
13.4944 1.00118	1.00322	0.999266	0.998411	0.998265	0.998676	
13.5105 1.00143	1.00348	0.999751	0.998895	0.998702	0.999113	
13.5267 1.00154	1.00358	0.999603	0.998746	0.998558	0.998968	
13.5428 1.00135	1.0034	0.999826	0.998968	0.998237	0.998646	
13.5589 1.00107	1.00312	0.999875	0.999017	0.998403	0.998811	
13.5751 1.00118	1.00323	1.00003	0.999174	0.998559	0.998967	
13.5912 1.00135	1.0034	0.999989	0.99913	0.998885	0.999292	
13.6073 1.00137	1.00342	1.00028	0.999423	0.99845	0.998857	
13.6235 1.00166	1.00371	0.999912	0.999053	0.998321	0.998727	
13.6396 1.00123	1.00328	0.999984	0.999124	0.998298	0.998704	
13.6557 1.00127	1.00333	1.00002	0.999162	0.99817	0.998575	
13.6718 1.00183	1.00389	1.0003	0.999437	0.998473	0.998878	
13.688 1.00148	1.00355	1.00024	0.999375	0.998524	0.998928	
13.7041 1.00145	1.00351	1.00015	0.999292	0.998426	0.998829	
13.7202 1.00152	1.00358	1.00065	0.999792	0.998061	0.998464	
13.7364 1.0013	1.00337	1.00037	0.999513	0.998424	0.998826	
13.7525 1.00141	1.00348	1.0005	0.999634	0.9985	0.998902	
13.7686 1.00145	1.00352	1.00057	0.999708	0.998442	0.998844	
13.7848 1.00164	1.00371	1.00052	0.999658	0.998264	0.998665	
13.8009 1.00147	1.00355	1.00051	0.999649	0.998346	0.998746	
13.817 1.0005	1.00258	1.00085	0.999983	0.998284	0.998683	
13.8332 1.00127	1.00334	1.00079	0.999926	0.998493	0.998893	
13.8493 1.0014	1.00348	1.00077	0.999908	0.998412	0.998811	
13.8654 1.00157	1.00365	1.00055	0.999683	0.99803	0.998428	
13.8816 1.00139	1.00347	1.00107	1.00021	0.998341	0.998738	
13.8977 1.001	1.00308	1.00095	1.00009	0.998221	0.998618	
13.9138 1.00152	1.0036	1.00072	0.999857	0.998831	0.999228	
13.93 1.00086	1.00295	1.00068	0.999813	0.9985	0.998896	
13.9461 1.00128	1.00336	1.0008	0.999938	0.998632	0.999028	
13.9622 1.00063	1.00272	1.0011	1.00024	0.99863	0.999025	
13.9784 1.00077	1.00286	1.00117	1.00031	0.998614	0.999008	
13.9945 1.00112	1.00321	1.00111	1.00024	0.998559	0.998953	
14.0106 1.00063	1.00272	1.00098	1.00012	0.998521	0.998915	
14.0268 1.00068	1.00277	1.00134	1.00047	0.998474	0.998867	
14.0429 1.0009	1.00299	1.00119	1.00033	0.998376	0.998769	
14.059 1.00024	1.00233	1.0011	1.00023	0.998601	0.998993	
14.0751 1.00084	1.00293	1.00104	1.00018	0.999087	0.999479	
14.0913 1.00029	1.00239	1.0014	1.00054	0.998918	0.99931	
14.1074 1.00036	1.00246	1.00124	1.00037	0.998854	0.999245	
14.1235 1.00054	1.00264	1.001	1.00014	0.998552	0.998942	
14.1397 1.00013	1.00223	1.00097	1.0001	0.998923	0.999313	
14.1558 1.00036	1.00247	1.00114	1.00028	0.998961	0.999351	
14.1719 1.00041	1.00251	1.00149	1.00062	0.998531	0.99892	
14.1881 1.00059	1.0027	1.00143	1.00056	0.99875	0.999139	
14.2042 1.00057	1.00267	1.00115	1.00029	0.998727	0.999115	
14.2203 1.00025	1.00236	1.0012	1.00034	0.999125	0.999514	
14.2365 1.00026	1.00237	1.00149	1.00063	0.998974	0.999362	
14.2526 1.00027	1.00238	1.00108	1.00022	0.998971	0.999358	
14.2687 1.0001	1.00221	1.00177	1.00091	0.999151	0.999538	
14.2849 1.00019	1.0023	1.00142	1.00056	0.998827	0.999214	
14.301 0.999837	1.00195	1.00157	1.00071	0.999017	0.999403	
14.3171 0.999733	1.00185	1.00123	1.00037	0.998715	0.999102	
14.3333 0.999928	1.00204	1.00149	1.00063	0.998797	0.999183	
14.3494 0.999818	1.00193	1.00121	1.00036	0.999156	0.999542	
14.3655 0.999616	1.00173	1.00138	1.00052	0.999141	0.999527	
14.3817 0.999454	1.00157	1.0011	1.00024	0.998879	0.999264	
14.3978 0.999567	1.00168	1.00116	1.0003	0.998978	0.999363	
14.4139 0.999168	1.00128	1.00158	1.00072	0.99939	0.999774	
14.4301 0.999415	1.00153	1.00121	1.00035	0.999179	0.999564	
14.4462 0.999849	1.00197	1.00126	1.0004	0.999229	0.999613	
14.4623 0.999156	1.00127	1.00161	1.00075	0.998828	0.999212	
14.4784 0.998981	1.0011	1.00133	1.00047	0.999119	0.999503	
14.4946 0.999446	1.00157	1.00139	1.00053	0.999059	0.999442	
14.5107 0.999348	1.00147	1.00161	1.00075	0.999237	0.999621	
14.5268 0.998991	1.00111	1.00152	1.00066	0.999286	0.999669	
14.543 0.999111	1.00123	1.00152	1.00067	0.999416	0.999799	
14.5591 0.999038	1.00116	1.00147	1.00062	0.999036	0.999418	
14.5752 0.999612	1.00174	1.00165	1.0008	0.999227	0.999609	
14.5914 0.999107	1.00123	1.00152	1.00066	0.999531	0.999913	
14.6075 0.998855	1.00098	1.00178	1.00092	0.999058	0.99944	
14.6236 0.998781	1.00091	1.00153	1.00067	0.999581	0.999964	
14.6398 0.99895	1.00107	1.00145	1.0006	0.999376	0.999758	
14.6559 0.99852	1.00064	1.00125	1.0004	0.999927	1.00031	
14.672 0.999007	1.00113	1.00173	1.00088	0.999789	1.00017	
14.6882 0.998925	1.00105	1.00142	1.00056	0.999687	1.00007	
14.7043 0.998924	1.00105	1.00157	1.00072	0.999736	1.00012	
14.7204 0.999128	1.00126	1.00141	1.00056	0.999493	0.999875	
14.7366 0.998899	1.00103	1.00175	1.0009	0.999811	1.00019	
14.7527 0.998781	1.00091	1.00157	1.00072	0.999403	0.999785	
14.7688 0.998498	1.00063	1.00154	1.00069	0.999946	1.00033	
14.785 0.998589	1.00072	1.00156	1.00071	0.999659	1.00004	
14.8011 0.998926	1.00106	1.00156	1.00071	0.999822	1.0002	
14.8172 0.998152	1.00028	1.00125	1.0004	0.999867	1.00025	
14.8334 0.998433	1.00056	1.0013	1.00045	1.00011	1.0005	
14.8495 0.998371	1.0005	1.00144	1.00059	0.999862	1.00024	
14.8656 0.998499	1.00063	1.00134	1.00049	0.999947	1.00033	
14.8817 0.998216	1.00035	1.00122	1.00037	1.00017	1.00055	
14.8979 0.998069	1.0002	1.00151	1.00066	1.00007	1.00045	
14.914 0.998238	1.00037	1.00158	1.00073	1.00005	1.00043	
14.9301 0.998256	1.00039	1.00162	1.00078	1.00012	1.00051	
14.9463 0.998465	1.0006	1.00147	1.00063	1.00012	1.0005	
14.9624 0.998549	1.00068	1.00139	1.00054	1.00017	1.00056	
14.9785 0.998177	1.00031	1.00154	1.00069	0.999606	0.999991	
14.9947 0.998311	1.00044	1.00156	1.00071	1.00043	1.00082	
15.0108 0.997912	1.00004	1.0015	1.00065	1.00033	1.00072	
15.0269 0.997764	0.999895	1.00125	1.0004	1.00005	1.00044	
15.0431 0.997813	0.999944	1.00148	1.00064	1.00053	1.00091	
15.0592 0.99775	0.99988	1.00137	1.00053	1.00017	1.00056	
15.0753 0.998074	1.00021	1.0013	1.00046	0.999845	1.00023	
15.0915 0.997831	0.999962	1.0015	1.00065	1.0001	1.00048	
15.1076 0.998025	1.00016	1.00154	1.00069	1.00014	1.00053	
15.1237 0.997613	0.999743	1.00139	1.00054	1.00029	1.00068	
15.1399 0.998109	1.00024	1.00126	1.00042	1.00039	1.00078	
15.156 0.997979	1.00011	1.00123	1.00039	1.00025	1.00064	
15.1721 0.997275	0.999404	1.00135	1.00051	1.00036	1.00075	
15.1883 0.99794	1.00007	1.00144	1.0006	1.00046	1.00085	
15.2044 0.997776	0.999907	1.00139	1.00054	1.00037	1.00076	
15.2205 0.997499	0.999628	1.00109	1.00025	1.00039	1.00078	
15.2366 0.997531	0.99966	1.00139	1.00055	1.00058	1.00097	
15.2528 0.997685	0.999814	1.00138	1.00054	1.00085	1.00125	
15.2689 0.997821	0.999951	1.00127	1.00043	1.00011	1.0005	
15.285 0.997745	0.999875	1.00123	1.00039	1.00017	1.00056	
15.3012 0.997351	0.99948	1.0012	1.00036	1.00058	1.00097	
15.3173 0.997776	0.999905	1.00141	1.00057	1.00044	1.00083	
15.3334 0.997788	0.999918	1.00124	1.0004	1.00052	1.00091	
15.3496 0.997644	0.999773	1.00132	1.00048	1.00034	1.00074	
15.3657 0.997635	0.999764	1.00118	1.00034	1.00025	1.00065	
15.3818 0.997446	0.999574	1.00131	1.00047	1.00068	1.00107	
15.398 0.99775	0.999878	1.00108	1.00024	1.00037	1.00077	
15.4141 0.997711	0.999839	1.00129	1.00045	1.00047	1.00087	
15.4302 0.997546	0.999674	1.00118	1.00035	1.00066	1.00106	
15.4464 0.99774	0.999868	1.00124	1.0004	1.00057	1.00097	
15.4625 0.997584	0.999712	1.00093	1.00009	1.00026	1.00066	
15.4786 0.997258	0.999385	1.00092	1.00009	1.00071	1.00111	
15.4948 0.99731	0.999436	1.0011	1.00026	1.00083	1.00123	
15.5109 0.997472	0.999599	1.00099	1.00016	1.00043	1.00083	
15.527 0.997675	0.999802	1.00084	1.00001	1.00055	1.00095	
15.5432 0.997613	0.99974	1.00105	1.00021	1.00097	1.00137	
15.5593 0.997316	0.999442	1.001	1.00016	1.00053	1.00094	
15.5754 0.997232	0.999357	1.00085	1.00001	1.00044	1.00085	
15.5916 0.997604	0.99973	1.00083	0.999998	1.0009	1.00131	
15.6077 0.997324	0.999449	1.00068	0.999844	1.00075	1.00115	
15.6238 0.997217	0.999342	1.00079	0.99995	1.00041	1.00082	
15.6399 0.997385	0.999509	1.00062	0.99978	1.00039	1.0008	
15.6561 0.997195	0.999318	1.00065	0.99981	1.00071	1.00112	
15.6722 0.997136	0.999259	1.00093	1.00009	1.00029	1.0007	
15.6883 0.997203	0.999326	1.00085	1.00002	1.00055	1.00096	
15.7045 0.997444	0.999567	1.0006	0.99976	1.00071	1.00111	
15.7206 0.997198	0.99932	1.00074	0.999905	1.0005	1.00091	
15.7367 0.997419	0.999541	1.00065	0.999816	1.00025	1.00066	
15.7529 0.997269	0.99939	1.00082	0.999978	1.00033	1.00074	
15.769 0.997504	0.999625	1.00063	0.999795	1.0002	1.00061	
15.7851 0.997343	0.999464	1.00059	0.999753	1.00061	1.00102	
15.8013 0.997216	0.999336	1.0007	0.999865	1.00019	1.0006	
15.8174 0.997294	0.999414	1.00069	0.999855	0.999988	1.0004	
15.8335 0.997635	0.999756	1.0005	0.999666	1.00058	1.00099	
15.8497 0.997342	0.999461	1.00056	0.999721	1.00049	1.00091	
15.8658 0.997238	0.999357	1.00058	0.999746	1.00051	1.00092	
15.8819 0.997245	0.999364	1.00056	0.999719	1.00069	1.00111	
15.8981 0.997361	0.999479	1.00026	0.999423	1.00026	1.00068	
15.9142 0.99735	0.999468	1.0005	0.999662	1.00009	1.0005	
15.9303 0.997627	0.999745	1.00053	0.999691	1.00032	1.00074	
15.9465 0.997368	0.999486	1.00045	0.999613	1.00021	1.00063	
15.9626 0.997575	0.999693	1.00016	0.999322	1.00042	1.00083	
15.9787 0.997677	0.999795	1.00034	0.999498	0.999992	1.00041	
15.9949 0.997589	0.999706	1.00025	0.999411	1.0004	1.00082	
16.011 0.997233	0.99935	1.00054	0.999694	0.999808	1.00022	
16.0271 0.996981	0.999096	1.00043	0.999591	1.00006	1.00048	
16.0432 0.99762	0.999737	1.00024	0.999398	1.00029	1.00071	
16.0594 0.997239	0.999354	1.00041	0.999567	0.999986	1.0004	
16.0755 0.997627	0.999743	1.00017	0.999328	0.999894	1.00031	
16.0916 0.997583	0.999699	1.00032	0.999476	1.00031	1.00072	
16.1078 0.997276	0.99939	1.0003	0.99946	0.999827	1.00025	
16.1239 0.997462	0.999577	1.0003	0.999456	1.00025	1.00067	
16.14 0.997483	0.999597	1.00043	0.999582	1.00011	1.00053	
16.1562 0.997088	0.999201	1.00009	0.999248	1.00002	1.00044	
16.1723 0.997601	0.999715	1.00007	0.999231	1.00001	1.00043	
16.1884 0.996944	0.999056	1.0003	0.999451	1.00002	1.00044	
16.2046 0.997653	0.999766	1.00015	0.999307	0.999982	1.0004	
16.2207 0.997174	0.999286	0.999988	0.999142	0.999871	1.00029	
16.2368 0.99746	0.999572	1.00031	0.999463	0.999739	1.00016	
16.253 0.997143	0.999254	1.00023	0.999387	0.999976	1.0004	
16.2691 0.997291	0.999402	1.00025	0.999408	1.00022	1.00065	
16.2852 0.997579	0.99969	1.00011	0.999265	0.999574	0.999995	
16.3014 0.997403	0.999513	1.00023	0.999381	0.999672	1.00009	
16.3175 0.997598	0.999709	1.00009	0.999238	0.999929	1.00035	
16.3336 0.997256	0.999365	0.999932	0.999083	0.999774	1.0002	
16.3498 0.997363	0.999472	1.00011	0.999264	0.999704	1.00013	
16.3659 0.997768	0.999878	0.999987	0.999137	0.99949	0.999912	
16.382 0.997315	0.999423	0.999962	0.999111	0.999871	1.00029	
16.3982 0.997242	0.99935	0.999958	0.999106	0.999908	1.00033	
16.4143 0.997405	0.999513	1	0.999152	0.999986	1.00041	
16.4304 0.997786	0.999895	1.00003	0.999177	0.999632	1.00006	
16.4465 0.997717	0.999825	1.0001	0.999246	0.999877	1.0003	
16.4627 0.997614	0.999722	1.00027	0.999418	1.00003	1.00045	
16.4788 0.99774	0.999848	1.00017	0.999312	0.999664	1.00009	
16.4949 0.997635	0.999743	1.00008	0.999222	0.999517	0.99994	
16.5111 0.997698	0.999805	1.00006	0.999204	0.999516	0.999939	
16.5272 0.997844	0.999952	1.00008	0.999225	0.999608	1.00003	
16.5433 0.997693	0.999801	1.00009	0.999232	0.999825	1.00025	
16.5595 0.997435	0.999541	1.00004	0.999188	0.999818	1.00024	
16.5756 0.997735	0.999843	1.0004	0.99954	0.999564	0.999988	
16.5917 0.997661	0.999768	1.00008	0.999226	0.999487	0.999911	
16.6079 0.9976	0.999707	1.00029	0.999428	0.999726	1.00015	
16.624 0.99757	0.999676	0.999974	0.999115	0.999751	1.00018	
16.6401 0.997926	1.00003	1.00005	0.999188	0.999089	0.999512	
16.6563 0.997643	0.999749	1.00012	0.999258	0.999459	0.999882	
16.6724 0.997505	0.999611	1.00014	0.999279	0.999547	0.999971	
16.6885 0.99748	0.999586	1.00021	0.999347	0.999321	0.999745	
16.7047 0.997752	0.999857	1.00024	0.999377	0.999544	0.999967	
16.7208 0.997522	0.999627	1.00044	0.999573	0.999217	0.99964	
16.7369 0.997656	0.999761	0.999951	0.999088	0.999386	0.999809	
16.7531 0.997899	1.00001	1.00018	0.999312	0.999351	0.999774	
16.7692 0.997498	0.999602	1.00001	0.999148	0.999678	1.0001	
16.7853 0.997695	0.9998	1.00023	0.999366	0.99919	0.999612	
16.8015 0.997585	0.999689	1.00011	0.999243	0.999122	0.999544	
16.8176 0.997604	0.999709	1.0003	0.99943	0.999596	1.00002	
16.8337 0.997699	0.999803	1.00041	0.999543	0.998998	0.999419	
16.8498 0.997904	1.00001	1.00016	0.99929	0.999288	0.999709	
16.866 0.997915	1.00002	1.00023	0.999365	0.998868	0.999289	
16.8821 0.997665	0.999769	1.00033	0.999462	0.999208	0.999628	
16.8982 0.99803	1.00013	1.00014	0.999268	0.999188	0.999608	
16.9144 0.997997	1.0001	1.00012	0.999251	0.999727	1.00015	
16.9305 0.997965	1.00007	1.00018	0.999314	0.999299	0.999719	
16.9466 0.997915	1.00002	1.0006	0.999733	0.999039	0.999458	
16.9628 0.997832	0.999936	1.00039	0.999525	0.999303	0.999723	
16.9789 0.997758	0.999862	1.00038	0.999508	0.99911	0.999529	
16.995 0.997722	0.999826	1.00054	0.999671	0.998796	0.999214	
17.0112 0.997537	0.99964	1.00051	0.999638	0.999498	0.999916	
17.0273 0.998274	1.00038	1.00048	0.999606	0.998887	0.999305	
17.0434 0.997957	1.00006	1.00061	0.999739	0.998926	0.999343	
17.0596 0.997742	0.999846	1.00071	0.999841	0.999257	0.999674	
17.0757 0.997537	0.99964	1.0004	0.999526	0.999269	0.999686	
17.0918 0.998112	1.00022	1.00057	0.999694	0.99908	0.999496	
17.108 0.997855	0.999959	1.00052	0.999651	0.999243	0.999659	
17.1241 0.998068	1.00017	1.00086	0.999989	0.9991	0.999516	
17.1402 0.997783	0.999887	1.00049	0.999614	0.999291	0.999707	
17.1564 0.997736	0.99984	1.0005	0.999625	0.999008	0.999423	
17.1725 0.99799	1.00009	1.00064	0.999769	0.998999	0.999414	
17.1886 0.99822	1.00033	1.00051	0.999633	0.998823	0.999237	
17.2048 0.997574	0.999678	1.00059	0.999713	0.999221	0.999635	
17.2209 0.997975	1.00008	1.00072	0.999851	0.999254	0.999668	
17.237 0.99764	0.999743	1.0007	0.999821	0.998961	0.999374	
17.2531 0.997892	0.999995	1.00074	0.99987	0.998947	0.99936	
17.2693 0.998196	1.0003	1.00096	1.00008	0.998987	0.999399	
17.2854 0.997845	0.999949	1.00076	0.999888	0.998675	0.999086	
17.3015 0.998017	1.00012	1.00071	0.999838	0.999249	0.99966	
17.3177 0.998136	1.00024	1.00091	1.00004	0.998971	0.999381	
17.3338 0.998247	1.00035	1.00087	0.999999	0.999356	0.999767	
17.3499 0.998018	1.00012	1.00088	1.00001	0.999156	0.999566	
17.3661 0.998273	1.00038	1.0009	1.00002	0.998683	0.999091	
17.3822 0.998045	1.00015	1.00089	1.00001	0.999166	0.999575	
17.3983 0.997731	0.999836	1.00107	1.00019	0.999024	0.999432	
17.4145 0.998161	1.00027	1.00076	0.999889	0.99918	0.999588	
17.4306 0.997965	1.00007	1.00077	0.999895	0.999466	0.999873	
17.4467 0.998113	1.00022	1.00096	1.00009	0.999011	0.999418	
17.4629 0.998411	1.00052	1.00099	1.00011	0.999083	0.999489	
17.479 0.997869	0.999975	1.0011	1.00023	0.99912	0.999526	
17.4951 0.997898	1	1.00104	1.00016	0.999314	0.99972	
17.5113 0.998386	1.00049	1.00097	1.00009	0.999203	0.999609	
17.5274 0.997943	1.00005	1.00098	1.0001	0.999118	0.999523	
17.5435 0.998061	1.00017	1.00108	1.0002	0.99929	0.999695	
17.5597 0.998091	1.0002	1.00099	1.00012	0.999116	0.99952	
17.5758 0.998314	1.00042	1.00101	1.00014	0.998964	0.999368	
17.5919 0.997827	0.999934	1.00114	1.00027	0.999337	0.999741	
17.608 0.997948	1.00005	1.00119	1.00031	0.999369	0.999772	
17.6242 0.997898	1.00001	1.00101	1.00013	0.999255	0.999658	
17.6403 0.997909	1.00002	1.00102	1.00015	0.999799	1.0002	
17.6564 0.998094	1.0002	1.00116	1.00029	0.998939	0.999342	
17.6726 0.998008	1.00012	1.0011	1.00023	0.999315	0.999717	
17.6887 0.997782	0.99989	1.00123	1.00036	0.999288	0.999691	
17.7048 0.998146	1.00025	1.00126	1.00039	0.999475	0.999877	
17.721 0.99804	1.00015	1.00134	1.00047	0.999339	0.999741	
17.7371 0.998271	1.00038	1.00141	1.00053	0.999398	0.9998	
17.7532 0.997754	0.999862	1.00131	1.00043	0.99961	1.00001	
17.7694 0.99808	1.00019	1.00131	1.00044	0.999132	0.999534	
17.7855 0.997838	0.999946	1.00128	1.00041	0.999212	0.999613	
17.8016 0.997814	0.999922	1.00124	1.00037	0.99917	0.999571	
17.8178 0.998222	1.00033	1.00114	1.00027	0.999118	0.999519	
17.8339 0.998514	1.00062	1.00152	1.00065	0.999318	0.999718	
17.85 0.997869	0.999978	1.00156	1.00069	0.99949	0.99989	
17.8662 0.997979	1.00009	1.00132	1.00046	0.998944	0.999343	
17.8823 0.997972	1.00008	1.00132	1.00046	0.999701	1.0001	
17.8984 0.997939	1.00005	1.00131	1.00044	0.999432	0.999831	
17.9146 0.997967	1.00008	1.00141	1.00054	0.999297	0.999696	
17.9307 0.998035	1.00014	1.00116	1.0003	0.999475	0.999874	
17.9468 0.997828	0.999937	1.00137	1.00051	0.999543	0.999942	
17.963 0.998	1.00011	1.00149	1.00062	0.999555	0.999954	
17.9791 0.997718	0.999827	1.00151	1.00064	0.9994	0.999799	
17.9952 0.997674	0.999782	1.00132	1.00046	0.999347	0.999746	
18.0113 0.997858	0.999967	1.00152	1.00065	0.999462	0.999861	
18.0275 0.997845	0.999954	1.00141	1.00055	0.99936	0.999759	
18.0436 0.997816	0.999925	1.00144	1.00058	0.999132	0.99953	
18.0597 0.997858	0.999967	1.0014	1.00053	0.999627	1.00002	
18.0759 0.997682	0.99979	1.00146	1.0006	0.99923	0.999628	
18.092 0.997641	0.999749	1.00141	1.00055	0.999454	0.999852	
18.1081 0.997766	0.999874	1.00148	1.00062	0.999455	0.999852	
18.1243 0.997711	0.999818	1.00127	1.00041	0.999471	0.999869	
18.1404 0.998054	1.00016	1.00155	1.00069	0.999344	0.999741	
18.1565 0.997708	0.999816	1.00146	1.0006	0.999585	0.999981	
18.1727 0.997906	1.00001	1.00175	1.00089	0.999456	0.999853	
18.1888 0.99779	0.999898	1.00142	1.00056	0.99923	0.999626	
18.2049 0.997753	0.99986	1.0016	1.00074	0.999498	0.999894	
18.2211 0.997537	0.999644	1.00152	1.00066	0.999475	0.999871	
18.2372 0.997719	0.999826	1.00145	1.00059	0.999598	0.999994	
18.2533 0.997621	0.999727	1.0014	1.00054	0.999506	0.999902	
18.2695 0.997761	0.999868	1.00146	1.0006	0.999625	1.00002	
18.2856 0.997795	0.999901	1.00159	1.00074	0.999303	0.999699	
18.3017 0.997762	0.999869	1.00134	1.00049	0.999558	0.999954	
18.3179 0.997368	0.999473	1.00149	1.00064	0.999615	1.00001	
18.334 0.997555	0.99966	1.00124	1.00039	0.999727	1.00012	
18.3501 0.997388	0.999493	1.0014	1.00055	0.99952	0.999915	
18.3663 0.997776	0.999881	1.00121	1.00036	0.999687	1.00008	
18.3824 0.997413	0.999517	1.00142	1.00057	0.999694	1.00009	
18.3985 0.997665	0.999769	1.00124	1.00039	0.999482	0.999877	
18.4146 0.997292	0.999395	1.00166	1.00081	0.999492	0.999888	
18.4308 0.997515	0.999617	1.0014	1.00055	0.999774	1.00017	
18.4469 0.997716	0.999819	1.00142	1.00057	0.999696	1.00009	
18.463 0.997705	0.999807	1.00134	1.00049	0.999554	0.99995	
18.4792 0.997718	0.99982	1.00136	1.00051	0.999508	0.999904	
18.4953 0.997277	0.999378	1.00134	1.00049	0.999644	1.00004	
18.5114 0.997733	0.999835	1.00126	1.00041	0.999569	0.999965	
18.5276 0.997377	0.999477	1.00142	1.00057	0.999615	1.00001	
18.5437 0.997361	0.999461	1.00132	1.00047	0.99974	1.00014	
18.5598 0.997409	0.999508	1.00141	1.00056	0.999798	1.00019	
18.576 0.997729	0.999829	1.00158	1.00074	0.999786	1.00018	
18.5921 0.997264	0.999362	1.0013	1.00046	0.999844	1.00024	
18.6082 0.997305	0.999403	1.00127	1.00043	0.999634	1.00003	
18.6244 0.997456	0.999553	1.00146	1.00062	0.999735	1.00013	
18.6405 0.997244	0.99934	1.0013	1.00046	0.99953	0.999926	
18.6566 0.997286	0.999382	1.00122	1.00038	0.999555	0.999951	
18.6728 0.997345	0.999441	1.00123	1.00039	0.999824	1.00022	
18.6889 0.997305	0.9994	1.00132	1.00047	0.999795	1.00019	
18.705 0.997541	0.999636	1.00124	1.0004	0.99981	1.00021	
18.7212 0.997508	0.999602	1.00136	1.00052	0.999354	0.999751	
18.7373 0.997836	0.999931	1.00116	1.00032	0.999644	1.00004	
18.7534 0.997514	0.999608	1.00126	1.00042	0.999477	0.999874	
18.7696 0.997365	0.999458	1.00122	1.00038	0.999717	1.00011	
18.7857 0.99742	0.999513	1.00117	1.00033	0.99947	0.999867	
18.8018 0.997205	0.999297	1.00125	1.00041	0.999653	1.00005	
18.8179 0.997519	0.999611	1.00147	1.00063	0.999692	1.00009	
18.8341 0.997019	0.999109	1.00138	1.00054	0.99972	1.00012	
18.8502 0.997373	0.999463	1.00126	1.00043	0.999803	1.0002	
18.8663 0.997398	0.999487	1.00133	1.00049	0.99973	1.00013	
18.8825 0.997098	0.999186	1.00109	1.00025	0.999482	0.999879	
18.8986 0.997088	0.999175	1.00129	1.00045	0.999763	1.00016	
18.9147 0.997219	0.999306	1.00109	1.00026	0.999607	1	
18.9309 0.997082	0.999168	1.00146	1.00062	0.999626	1.00002	
18.947 0.997021	0.999105	1.00107	1.00024	0.999447	0.999845	
18.9631 0.99743	0.999514	1.00113	1.00029	0.999972	1.00037	
18.9793 0.997377	0.99946	1.00094	1.00011	0.999733	1.00013	
18.9954 0.997345	0.999428	1.00105	1.00021	0.999968	1.00037	
19.0115 0.997357	0.99944	1.00103	1.0002	0.999662	1.00006	
19.0277 0.997218	0.9993	1.00119	1.00036	0.999875	1.00027	
19.0438 0.997069	0.999149	1.00095	1.00012	0.999811	1.00021	
19.0599 0.997361	0.999441	1.00101	1.00018	0.999703	1.0001	
19.0761 0.997465	0.999545	1.00123	1.0004	0.999375	0.999773	
19.0922 0.996804	0.998881	1.00104	1.00021	0.999614	1.00001	
19.1083 0.997007	0.999084	1.00104	1.00021	0.999492	0.999891	
19.1245 0.997368	0.999445	1.00101	1.00018	0.999916	1.00032	
19.1406 0.996974	0.999049	1.00087	1.00004	0.999929	1.00033	
19.1567 0.997191	0.999265	1.00092	1.00009	0.999958	1.00036	
19.1729 0.997142	0.999216	1.00109	1.00026	0.999761	1.00016	
19.189 0.997048	0.99912	1.00108	1.00025	0.999769	1.00017	
19.2051 0.997222	0.999294	1.00093	1.0001	1.00003	1.00043	
19.2212 0.997109	0.99918	1.00072	0.999888	0.999961	1.00036	
19.2374 0.997337	0.999407	1.00096	1.00013	0.999728	1.00013	
19.2535 0.997282	0.999352	1.00108	1.00025	0.999853	1.00026	
19.2696 0.997301	0.99937	1.001	1.00017	0.999701	1.0001	
19.2858 0.997137	0.999205	1.00096	1.00013	0.99967	1.00007	
19.3019 0.996902	0.998968	1.0011	1.00027	0.999658	1.00006	
19.318 0.997274	0.999341	1.00081	0.999983	0.999775	1.00018	
19.3342 0.99719	0.999255	1.001	1.00017	0.999482	0.999884	
19.3503 0.997056	0.99912	1.00093	1.0001	0.99976	1.00016	
19.3664 0.997205	0.999268	1.00079	0.999967	0.999858	1.00026	
19.3826 0.997291	0.999353	1.00097	1.00014	0.99955	0.999953	
19.3987 0.997435	0.999498	1.00088	1.00005	0.999831	1.00023	
19.4148 0.996748	0.998808	1.0009	1.00007	0.999922	1.00033	
19.431 0.997202	0.999262	1.00088	1.00005	0.999672	1.00008	
19.4471 0.997228	0.999286	1.00087	1.00004	0.999698	1.0001	
19.4632 0.997408	0.999467	1.00084	1.00001	0.999751	1.00015	
19.4794 0.997249	0.999306	1.00095	1.00012	0.999719	1.00012	
19.4955 0.997305	0.999362	1.00084	1.00002	0.999773	1.00018	
19.5116 0.997139	0.999195	1.00095	1.00012	0.999626	1.00003	
19.5278 0.99751	0.999566	1.00084	1.00001	0.999659	1.00006	
19.5439 0.997079	0.999132	1.0007	0.999874	0.999709	1.00011	
19.56 0.997252	0.999305	1.00097	1.00014	0.999346	0.99975	
19.5762 0.996971	0.999022	1.00099	1.00016	0.999293	0.999696	
19.5923 0.997271	0.999322	1.00107	1.00024	0.999728	1.00013	
19.6084 0.997351	0.999402	1.00076	0.999931	0.999745	1.00015	
19.6245 0.997319	0.999369	1.00081	0.999979	0.999644	1.00005	
19.6407 0.997192	0.99924	1.00088	1.00005	0.999619	1.00002	
19.6568 0.997259	0.999307	1.00096	1.00013	0.999678	1.00008	
19.6729 0.997428	0.999476	1.00078	0.999949	0.999837	1.00024	
19.6891 0.997387	0.999434	1.00093	1.0001	0.999518	0.999922	
19.7052 0.997139	0.999184	1.00107	1.00024	0.999903	1.00031	
19.7213 0.997408	0.999454	1.00104	1.00021	0.999551	0.999955	
19.7375 0.997373	0.999417	1.00091	1.00008	0.999923	1.00033	
19.7536 0.997414	0.999457	1.00089	1.00007	0.999738	1.00014	
19.7697 0.997121	0.999163	1.00094	1.00011	0.999629	1.00003	
19.7859 0.997309	0.99935	1.00078	0.999956	0.999378	0.999783	
19.802 0.997582	0.999623	1.00072	0.999893	0.999654	1.00006	
19.8181 0.997516	0.999557	1.00076	0.999939	0.999438	0.999843	
19.8343 0.997299	0.999339	1.00086	1.00003	0.999602	1.00001	
19.8504 0.997235	0.999273	1.00079	0.99996	0.999643	1.00005	
19.8665 0.997506	0.999545	1.00096	1.00013	0.99943	0.999834	
19.8827 0.997148	0.999185	1.00079	0.999959	0.999666	1.00007	
19.8988 0.997441	0.999478	1.00084	1.00001	0.999605	1.00001	
19.9149 0.997652	0.999688	1.00088	1.00005	0.999527	0.999932	
19.9311 0.997394	0.99943	1.00101	1.00019	0.999888	1.00029	
19.9472 0.997449	0.999484	1.00088	1.00005	0.999632	1.00004	
19.9633 0.997268	0.999301	1.00082	0.999999	0.999678	1.00008	
19.9795 0.997405	0.999438	1.00086	1.00004	0.999708	1.00011	
19.9956 0.997429	0.999461	1.00091	1.00009	0.999284	0.999688	
20.0117 0.997731	0.999764	1.0008	0.999979	0.999542	0.999947	
20.0278 0.997439	0.99947	1.00072	0.999897	0.999769	1.00017	
20.044 0.997652	0.999683	1.00083	1.00001	0.999671	1.00008	
20.0601 0.997249	0.999279	1.00069	0.999861	0.999389	0.999794	
20.0762 0.997687	0.999718	1.0009	1.00008	0.999449	0.999854	
20.0924 0.997615	0.999644	1.00091	1.00009	0.99967	1.00008	
20.1085 0.997309	0.999337	1.00093	1.0001	0.999588	0.999992	
20.1246 0.99729	0.999317	1.00104	1.00021	0.999471	0.999876	
20.1408 0.997687	0.999714	1.00094	1.00012	0.99946	0.999864	
20.1569 0.997798	0.999826	1.00067	0.999842	0.999572	0.999976	
20.173 0.997665	0.999691	1.00089	1.00007	0.999511	0.999916	
20.1892 0.997791	0.999818	1.00078	0.999954	0.999645	1.00005	
20.2053 0.997719	0.999746	1.00086	1.00003	0.999351	0.999755	
20.2214 0.997265	0.99929	1.00112	1.0003	0.999413	0.999817	
20.2376 0.997796	0.999821	1.00084	1.00001	0.9994	0.999804	
20.2537 0.997761	0.999786	1.00088	1.00005	0.999379	0.999782	
20.2698 0.997707	0.999732	1.00088	1.00006	0.999455	0.999858	
20.286 0.997526	0.999549	1.00107	1.00025	0.999448	0.999851	
20.3021 0.99749	0.999513	1.00085	1.00003	0.999337	0.99974	
20.3182 0.997543	0.999565	1.00083	1.00001	0.999318	0.99972	
20.3344 0.9979	0.999922	1.0009	1.00007	0.999371	0.999772	
20.3505 0.997914	0.999937	1.00095	1.00012	0.999366	0.999767	
20.3666 0.997695	0.999717	1.00083	1.00001	0.999692	1.00009	
20.3827 0.997867	0.999889	1.00092	1.0001	0.999584	0.999986	
20.3989 0.997541	0.999561	1.00065	0.99983	0.99958	0.999981	
20.415 0.997508	0.999528	1.00084	1.00002	0.999793	1.0002	
20.4311 0.997871	0.999891	1.00078	0.99996	0.999631	1.00003	
20.4473 0.99774	0.99976	1.00107	1.00025	0.999376	0.999777	
20.4634 0.997612	0.999632	1.0008	0.999974	0.999445	0.999847	
20.4795 0.998042	1.00006	1.00069	0.999871	0.999132	0.999533	
20.4957 0.997883	0.999903	1.00102	1.0002	0.999386	0.999786	
20.5118 0.99799	1.00001	1.00076	0.999933	0.999155	0.999554	
20.5279 0.997845	0.999864	1.00085	1.00002	0.999178	0.999577	
20.5441 0.997813	0.999832	1.00081	0.999983	0.999521	0.99992	
20.5602 0.997765	0.999784	1.00083	1.00001	0.999735	1.00013	
20.5763 0.997804	0.999822	1.00098	1.00016	0.999215	0.999613	
20.5925 0.997668	0.999686	1.00097	1.00015	0.999178	0.999575	
20.6086 0.997703	0.99972	1.00082	0.999998	0.999583	0.999981	
20.6247 0.997839	0.999857	1.00094	1.00012	0.999743	1.00014	
20.6409 0.998132	1.00015	1.00071	0.999891	0.99947	0.999867	
20.657 0.997961	0.999979	1.00095	1.00013	0.999217	0.999614	
20.6731 0.997865	0.999883	1.00095	1.00012	0.999434	0.999831	
20.6893 0.997781	0.999798	1.00084	1.00002	0.999278	0.999675	
20.7054 0.997522	0.999538	1.00082	0.999996	0.999416	0.999813	
20.7215 0.997935	0.999951	1.00067	0.999852	0.999637	1.00003	
20.7377 0.997931	0.999948	1.00074	0.999921	0.999433	0.999829	
20.7538 0.99785	0.999866	1.00097	1.00015	0.999397	0.999792	
20.7699 0.997874	0.99989	1.00084	1.00002	0.999242	0.999637	
20.786 0.998017	1.00003	1.00084	1.00001	0.999499	0.999894	
20.8022 0.997931	0.999947	1.00077	0.999948	0.999605	1	
20.8183 0.998016	1.00003	1.0008	0.999976	0.999358	0.999752	
20.8344 0.997864	0.99988	1.00088	1.00006	0.999475	0.99987	
20.8506 0.997929	0.999945	1.00066	0.99984	0.999471	0.999866	
20.8667 0.997976	0.999992	1.00093	1.00011	0.999358	0.999752	
20.8828 0.997964	0.99998	1.00093	1.00011	0.999803	1.0002	
20.899 0.998205	1.00022	1.00073	0.999905	0.999555	0.999949	
20.9151 0.997859	0.999875	1.00101	1.00019	0.999326	0.999719	
20.9312 0.997876	0.999892	1.00097	1.00015	0.999618	1.00001	
20.9474 0.99825	1.00027	1.00095	1.00013	0.999205	0.999598	
20.9635 0.997956	0.999972	1.00101	1.00019	0.999577	0.99997	
20.9796 0.997904	0.999921	1.00104	1.00021	0.999386	0.999778	
20.9958 0.99792	0.999936	1.00083	1.00001	0.999291	0.999683	
21.0119 0.998062	1.00008	1.00106	1.00024	0.999417	0.999808	
21.028 0.997999	1.00002	1.00103	1.0002	0.999548	0.99994	
21.0442 0.998115	1.00013	1.00071	0.999887	0.999381	0.999773	
21.0603 0.998055	1.00007	1.00095	1.00013	0.999423	0.999814	
21.0764 0.997795	0.999811	1.00104	1.00021	0.999359	0.99975	
21.0926 0.998175	1.00019	1.00085	1.00003	0.999515	0.999905	
21.1087 0.998063	1.00008	1.00098	1.00016	0.999354	0.999744	
21.1248 0.998143	1.00016	1.00093	1.00011	0.999203	0.999593	
21.141 0.997792	0.999808	1.00088	1.00006	0.999397	0.999786	
21.1571 0.998098	1.00012	1.00109	1.00027	0.999307	0.999695	
21.1732 0.998166	1.00018	1.00099	1.00017	0.999384	0.999772	
21.1893 0.997859	0.999875	1.00117	1.00035	0.999507	0.999895	
21.2055 0.998045	1.00006	1.00106	1.00024	0.99924	0.999627	
21.2216 0.99796	0.999977	1.00079	0.999972	0.999459	0.999846	
21.2377 0.997614	0.99963	1.00076	0.999947	0.999245	0.999631	
21.2539 0.997817	0.999833	1.00094	1.00012	0.999349	0.999735	
21.27 0.997741	0.999757	1.00086	1.00005	0.999561	0.999947	
21.2861 0.998142	1.00016	1.00091	1.00009	0.999102	0.999487	
21.3023 0.997901	0.999917	1.001	1.00018	0.99945	0.999835	
21.3184 0.997947	0.999963	1.00081	0.999989	0.999715	1.0001	
21.3345 0.997979	0.999995	1.00094	1.00013	0.999588	0.999973	
21.3507 0.998051	1.00007	1.00079	0.999974	0.999397	0.999782	
21.3668 0.997974	0.99999	1.00104	1.00022	0.999676	1.00006	
21.3829 0.99784	0.999856	1.00084	1.00002	0.999417	0.999801	
21.3991 0.998034	1.00005	1.00079	0.999976	0.99968	1.00006	
21.4152 0.997871	0.999886	1.00086	1.00004	0.999704	1.00009	
21.4313 0.998145	1.00016	1.00082	1.00001	0.999362	0.999746	
21.4475 0.998058	1.00007	1.00099	1.00017	0.999411	0.999795	
21.4636 0.997778	0.999794	1.00083	1.00001	0.999325	0.999708	
21.4797 0.998159	1.00018	1.00102	1.0002	0.999554	0.999937	
21.4959 0.998058	1.00007	1.00085	1.00003	0.99953	0.999913	
21.512 0.997897	0.999913	1.00105	1.00024	0.999415	0.999798	
21.5281 0.997843	0.999858	1.00102	1.00021	0.999483	0.999865	
21.5443 0.997601	0.999616	1.00094	1.00012	0.999618	1	
21.5604 0.998141	1.00016	1.00093	1.00012	0.999418	0.9998	
21.5765 0.997907	0.999922	1.00083	1.00001	0.999544	0.999926	
21.5926 0.997912	0.999927	1.0008	0.999986	0.999617	0.999999	
21.6088 0.997672	0.999686	1.00092	1.00011	0.999511	0.999893	
21.6249 0.997887	0.999902	1.0009	1.00009	0.999473	0.999854	
21.641 0.99777	0.999783	1.00095	1.00013	0.999577	0.999958	
21.6572 0.997906	0.99992	1.00085	1.00004	0.999502	0.999883	
21.6733 0.997705	0.999717	1.00085	1.00004	0.999576	0.999958	
21.6894 0.99779	0.999803	1.00102	1.00021	0.999415	0.999796	
21.7056 0.998073	1.00009	1.00101	1.00019	0.999436	0.999817	
21.7217 0.997692	0.999704	1.00107	1.00025	0.999526	0.999907	
21.7378 0.997812	0.999824	1.00086	1.00004	0.999242	0.999622	
21.754 0.998055	1.00007	1.00094	1.00013	0.999323	0.999702	
21.7701 0.998191	1.0002	1.00084	1.00002	0.99978	1.00016	
21.7862 0.997823	0.999835	1.00104	1.00022	0.999557	0.999936	
21.8024 0.997917	0.99993	1.00087	1.00006	0.99959	0.999969	
21.8185 0.997755	0.999767	1.00095	1.00014	0.999831	1.00021	
21.8346 0.997879	0.99989	1.00084	1.00003	0.99932	0.999699	
21.8508 0.997933	0.999944	1.00095	1.00014	0.99973	1.00011	
21.8669 0.998187	1.0002	1.00082	1.00001	0.999486	0.999865	
21.883 0.997768	0.999779	1.00095	1.00014	0.999738	1.00012	
21.8992 0.997533	0.999543	1.00087	1.00006	0.999708	1.00009	
21.9153 0.997616	0.999625	1.00092	1.00011	0.999507	0.999886	
21.9314 0.997779	0.999789	1.00093	1.00012	0.999849	1.00023	
21.9476 0.997818	0.999827	1.00112	1.00031	0.999534	0.999913	
21.9637 0.997763	0.999772	1.00075	0.999944	0.999447	0.999826	
21.9798 0.997934	0.999942	1.00107	1.00026	0.999778	1.00016	
21.9959 0.998035	1.00004	1.00099	1.00018	0.999655	1.00003	
22.0121 0.997596	0.999603	1.00095	1.00015	0.999644	1.00002	
22.0282 0.997656	0.999662	1.0011	1.00029	0.999533	0.999913	
22.0443 0.997685	0.999692	1.00097	1.00016	0.999532	0.999911	
22.0605 0.997765	0.999771	1.00081	1	0.999603	0.999982	
22.0766 0.997684	0.999689	1.00103	1.00022	0.99957	0.999949	
22.0927 0.997972	0.999977	1.00081	1	0.999693	1.00007	
22.1089 0.99788	0.999885	1.00098	1.00017	0.999812	1.00019	
22.125 0.997851	0.999856	1.00094	1.00013	0.999527	0.999906	
22.1411 0.99807	1.00007	1.00081	1	0.999697	1.00008	
22.1573 0.997906	0.999911	1.00091	1.0001	0.999485	0.999865	
22.1734 0.997582	0.999585	1.00069	0.999887	0.999708	1.00009	
22.1895 0.997671	0.999674	1.0009	1.0001	0.999639	1.00002	
22.2057 0.997943	0.999946	1.00092	1.00012	0.999702	1.00008	
22.2218 0.998012	1.00002	1.00098	1.00017	0.9997	1.00008	
22.2379 0.997854	0.999857	1.001	1.00019	0.999752	1.00013	
22.2541 0.997755	0.999757	1.00101	1.00021	0.999736	1.00012	
22.2702 0.997735	0.999737	1.00079	0.999989	0.999572	0.999952	
22.2863 0.997857	0.999859	1.00079	0.999982	0.999616	0.999996	
22.3025 0.9976	0.9996	1.00064	0.999831	0.999534	0.999914	
22.3186 0.997806	0.999806	1.00091	1.00011	0.999564	0.999944	
22.3347 0.997795	0.999795	1.00091	1.0001	0.999317	0.999696	
22.3509 0.997438	0.999435	1.0011	1.00029	0.9997	1.00008	
22.367 0.997718	0.999716	1.00083	1.00003	0.999615	0.999994	
22.3831 0.997846	0.999844	1.00084	1.00003	0.999851	1.00023	
22.3992 0.997686	0.999683	1.00097	1.00016	0.999562	0.999941	
22.4154 0.99761	0.999606	1.00104	1.00023	0.999836	1.00022	
22.4315 0.997904	0.9999	1.00083	1.00002	0.999422	0.999802	
22.4476 0.997915	0.99991	1.00097	1.00017	0.999535	0.999915	
22.4638 0.997736	0.999731	1.00095	1.00014	0.999717	1.0001	
22.4799 0.997861	0.999856	1.00086	1.00006	0.9996	0.99998	
22.496 0.997862	0.999857	1.00097	1.00017	0.999706	1.00009	
22.5122 0.997731	0.999725	1.0008	0.999994	0.999774	1.00015	
22.5283 0.997713	0.999706	1.00073	0.999926	0.999651	1.00003	
22.5444 0.997802	0.999795	1.0009	1.00009	0.999603	0.999983	
22.5606 0.997711	0.999703	1.00101	1.00021	0.999567	0.999947	
22.5767 0.997723	0.999715	1.00103	1.00023	0.999543	0.999923	
22.5928 0.997675	0.999666	1.00098	1.00018	0.999896	1.00028	
22.609 0.997695	0.999685	1.00102	1.00022	0.999452	0.999832	
22.6251 0.997622	0.999611	1.00085	1.00005	0.999768	1.00015	
22.6412 0.997822	0.999811	1.00095	1.00014	0.999377	0.999757	
22.6574 0.997729	0.999717	1.00081	1.00001	0.999778	1.00016	
22.6735 0.997762	0.99975	1.00083	1.00002	0.9994	0.999779	
22.6896 0.997638	0.999624	1.00087	1.00007	0.999591	0.999971	
22.7058 0.997509	0.999495	1.00092	1.00012	0.999691	1.00007	
22.7219 0.99788	0.999866	1.00088	1.00008	0.999588	0.999967	
22.738 0.997831	0.999816	1.00099	1.00019	0.999593	0.999973	
22.7541 0.997737	0.999721	1.00114	1.00034	0.999446	0.999825	
22.7703 0.997689	0.999672	1.00077	0.999976	0.999631	1.00001	
22.7864 0.997685	0.999668	1.0007	0.9999	0.999454	0.999833	
22.8025 0.99774	0.999722	1.00098	1.00018	0.999556	0.999935	
22.8187 0.997609	0.99959	1.00088	1.00008	0.999841	1.00022	
22.8348 0.997816	0.999797	1.00081	1.00002	0.999851	1.00023	
22.8509 0.997887	0.999867	1.00095	1.00015	0.999597	0.999977	
22.8671 0.997724	0.999703	1.00094	1.00014	0.99993	1.00031	
22.8832 0.997848	0.999827	1.00097	1.00017	0.999694	1.00008	
22.8993 0.997908	0.999887	1.00076	0.99996	0.999796	1.00018	
22.9155 0.99764	0.999618	1.00101	1.00021	0.999756	1.00014	
22.9316 0.9975	0.999476	1.00093	1.00014	0.999739	1.00012	
22.9477 0.997647	0.999623	1.00082	1.00003	0.999787	1.00017	
22.9639 0.997675	0.999649	1.00083	1.00003	0.999847	1.00023	
22.98 0.99746	0.999433	1.00081	1.00002	0.999599	0.999982	
22.9961 0.997684	0.999657	1.00087	1.00007	0.999643	1.00003	
23.0123 0.997695	0.999667	1.00098	1.00019	0.999557	0.99994	
23.0284 0.997763	0.999735	1.00061	0.999811	0.999712	1.00009	
23.0445 0.997796	0.999767	1.00083	1.00004	0.999659	1.00004	
23.0607 0.997965	0.999936	1.00082	1.00002	0.999744	1.00013	
23.0768 0.997928	0.999899	1.00092	1.00012	0.999842	1.00023	
23.0929 0.997747	0.999716	1.00096	1.00017	0.999693	1.00008	
23.1091 0.997679	0.999648	1.0007	0.999906	0.999753	1.00014	
23.1252 0.997713	0.999681	1.00089	1.0001	0.999689	1.00007	
23.1413 0.997611	0.999578	1.00094	1.00015	0.999508	0.999892	
23.1574 0.997523	0.999489	1.00075	0.999958	0.999488	0.999872	
23.1736 0.997714	0.999679	1.00106	1.00027	0.999739	1.00012	
23.1897 0.997804	0.999768	1.00079	0.999995	0.999804	1.00019	
23.2058 0.998029	0.999994	1.00085	1.00006	0.999661	1.00005	
23.222 0.997866	0.999831	1.00083	1.00003	0.999546	0.999931	
23.2381 0.997757	0.99972	1.00086	1.00007	0.999632	1.00002	
23.2542 0.997855	0.999819	1.0008	1	0.999746	1.00013	
23.2704 0.997659	0.999621	1.00077	0.999977	0.999603	0.999988	
23.2865 0.997701	0.999662	1.00097	1.00017	0.999402	0.999786	
23.3026 0.997713	0.999674	1.0009	1.00011	0.999661	1.00005	
23.3188 0.997909	0.999869	1.00072	0.999925	0.999584	0.999969	
23.3349 0.997975	0.999935	1.00093	1.00014	0.999488	0.999872	
23.351 0.997925	0.999885	1.00089	1.0001	0.99973	1.00011	
23.3672 0.997728	0.999687	1.00093	1.00013	0.999506	0.99989	
23.3833 0.997893	0.999852	1.00092	1.00012	0.999518	0.999902	
23.3994 0.997921	0.99988	1.00087	1.00008	0.999577	0.99996	
23.4156 0.998167	1.00013	1.00086	1.00007	0.999453	0.999836	
23.4317 0.998028	0.999987	1.00081	1.00001	0.99969	1.00007	
23.4478 0.997922	0.999881	1.00099	1.0002	0.999297	0.99968	
23.464 0.998063	1.00002	1.00084	1.00005	0.999674	1.00006	
23.4801 0.99794	0.999899	1.0008	1.00001	0.999595	0.999978	
23.4962 0.997904	0.999862	1.0008	1.00001	0.999519	0.999902	
23.5124 0.997876	0.999834	1.0008	1.00001	0.999641	1.00002	
23.5285 0.997786	0.999743	1.00076	0.999973	0.999839	1.00022	
23.5446 0.998008	0.999965	1.00063	0.99984	0.999522	0.999905	
23.5607 0.997856	0.999812	1.00087	1.00008	0.999692	1.00008	
23.5769 0.997707	0.999662	1.00067	0.999879	0.999548	0.999931	
23.593 0.998088	1.00004	1.0009	1.00011	0.99947	0.999852	
23.6091 0.99796	0.999915	1.00091	1.00012	0.999539	0.999922	
23.6253 0.997847	0.999802	1.00077	0.999977	0.999778	1.00016	
23.6414 0.99781	0.999764	1.00073	0.999944	0.999777	1.00016	
23.6575 0.998105	1.00006	1.00066	0.999873	0.999799	1.00018	
23.6737 0.997757	0.99971	1.00078	0.999993	0.999591	0.999975	
23.6898 0.998003	0.999957	1.00088	1.00009	0.999901	1.00029	
23.7059 0.997845	0.999798	1.00087	1.00008	0.999345	0.999729	
23.7221 0.998026	0.99998	1.00092	1.00012	0.999467	0.99985	
23.7382 0.99808	1.00003	1.00087	1.00008	0.999682	1.00007	
23.7543 0.997941	0.999894	1.00086	1.00007	0.999475	0.999858	
23.7705 0.997902	0.999854	1.00067	0.999882	0.999609	0.999993	
23.7866 0.998028	0.999981	1.00087	1.00008	0.999522	0.999905	
23.8027 0.99755	0.999501	1.00072	0.999932	0.99947	0.999852	
23.8189 0.99794	0.999892	1.00084	1.00005	0.999477	0.99986	
23.835 0.997707	0.999657	1.00083	1.00004	0.999566	0.999948	
23.8511 0.997884	0.999834	1.00071	0.999915	0.99951	0.999892	
23.8673 0.997712	0.999661	1.00064	0.999848	0.999806	1.00019	
23.8834 0.997604	0.999551	1.00089	1.0001	0.999619	1	
23.8995 0.997906	0.999853	1.00095	1.00016	0.999571	0.999953	
23.9157 0.997896	0.999843	1.00074	0.999953	0.999863	1.00025	
23.9318 0.997946	0.999892	1.00083	1.00004	0.999516	0.999898	
23.9479 0.997874	0.99982	1.00093	1.00014	0.999581	0.999963	
23.964 0.997781	0.999726	1.00095	1.00016	0.999423	0.999805	
23.9802 0.997597	0.99954	1.0011	1.00031	0.999566	0.999948	
23.9963 0.997653	0.999595	1.00096	1.00018	0.999449	0.99983	
24.0124 0.997844	0.999787	1.00084	1.00005	0.999696	1.00008	
24.0286 0.997947	0.999889	1.00078	0.999988	0.999657	1.00004	
24.0447 0.998081	1.00002	1.00087	1.00008	0.999731	1.00011	
24.0608 0.997888	0.99983	1.00096	1.00017	0.999754	1.00014	
24.077 0.997937	0.999879	1.00092	1.00013	0.999557	0.999939	
24.0931 0.997863	0.999804	1.00072	0.999937	0.999707	1.00009	
24.1092 0.997964	0.999905	1.00075	0.999967	0.999631	1.00001	
24.1254 0.997835	0.999775	1.00089	1.0001	0.999684	1.00007	
24.1415 0.997929	0.999869	1.00073	0.999943	0.999354	0.999736	
24.1576 0.9977	0.999638	1.00078	0.999993	0.999705	1.00009	
24.1738 0.997966	0.999905	1.00086	1.00007	0.999405	0.999787	
24.1899 0.997901	0.999839	1.00085	1.00006	0.999502	0.999883	
24.206 0.997994	0.999932	1.00081	1.00003	0.999685	1.00007	
24.2222 0.998124	1.00006	1.00085	1.00007	0.999791	1.00017	
24.2383 0.997955	0.999893	1.00082	1.00003	0.999749	1.00013	
24.2544 0.997847	0.999784	1.00078	0.999992	0.99975	1.00013	
24.2706 0.997846	0.999782	1.00109	1.0003	0.999795	1.00018	
24.2867 0.997999	0.999936	1.00088	1.0001	0.999658	1.00004	
24.3028 0.997915	0.999851	1.00089	1.00011	0.999633	1.00002	
24.319 0.997514	0.999448	1.00094	1.00015	0.999456	0.999839	
24.3351 0.997753	0.999686	1.00076	0.999979	0.999655	1.00004	
24.3512 0.997798	0.999731	1.0008	1.00002	0.999476	0.999858	
24.3673 0.997779	0.999711	1.00085	1.00007	0.999493	0.999875	
24.3835 0.997699	0.99963	1.00072	0.999936	0.999377	0.999758	
24.3996 0.997823	0.999753	1.00085	1.00006	0.999546	0.999927	
24.4157 0.997848	0.999778	1.00088	1.00009	0.999517	0.999898	
24.4319 0.997939	0.999868	1.00083	1.00004	0.999597	0.999978	
24.448 0.998132	1.00006	1.00065	0.999869	0.999749	1.00013	
24.4641 0.997762	0.999691	1.00088	1.00009	0.99959	0.999972	
24.4803 0.997827	0.999755	1.00082	1.00004	0.99973	1.00011	
24.4964 0.997861	0.999788	1.00072	0.999936	0.999865	1.00025	
24.5125 0.997883	0.99981	1.00082	1.00004	0.999476	0.999858	
24.5287 0.997889	0.999816	1.00095	1.00016	0.999517	0.999898	
24.5448 0.997806	0.999732	1.00079	1.00001	0.999595	0.999977	
24.5609 0.998136	1.00006	1.001	1.00022	0.999605	0.999987	
24.5771 0.998043	0.999969	1.00074	0.999959	0.999515	0.999896	
24.5932 0.997889	0.999814	1.00091	1.00013	0.999684	1.00007	
24.6093 0.997881	0.999806	1.00089	1.00011	0.999518	0.999899	
24.6255 0.997871	0.999795	1.00084	1.00006	0.999576	0.999957	
24.6416 0.998093	1.00002	1.00087	1.00009	0.999686	1.00007	
24.6577 0.997827	0.99975	1.00073	0.999947	0.999392	0.999772	
24.6739 0.998056	0.99998	1.00078	1	0.999559	0.999939	
24.69 0.997909	0.999832	1.00082	1.00004	0.999562	0.999942	
24.7061 0.997822	0.999744	1.00076	0.999974	0.99977	1.00015	
24.7223 0.997913	0.999835	1.00082	1.00003	0.999716	1.0001	
24.7384 0.998054	0.999976	1.00077	0.999985	0.999241	0.999621	
24.7545 0.997874	0.999795	1.00094	1.00015	0.999511	0.999891	
24.7706 0.998079	1	1.00081	1.00003	0.999588	0.999968	
24.7868 0.99776	0.99968	1.0007	0.999921	0.999543	0.999922	
24.8029 0.998168	1.00009	1.00092	1.00013	0.999572	0.999951	
24.819 0.997682	0.999601	1.00079	1	0.999681	1.00006	
24.8352 0.997761	0.999679	1.0008	1.00002	0.999568	0.999947	
24.8513 0.998131	1.00005	1.00075	0.99997	0.999713	1.00009	
24.8674 0.997944	0.999862	1.00097	1.00018	0.999566	0.999945	
24.8836 0.997938	0.999856	1.00092	1.00014	0.999498	0.999877	
24.8997 0.9978	0.999716	1.00085	1.00007	0.999408	0.999787	
24.9158 0.997992	0.999909	1.00077	0.999991	0.999571	0.999949	
24.932 0.998145	1.00006	1.00086	1.00008	0.999587	0.999965	
24.9481 0.998125	1.00004	1.00084	1.00006	0.999558	0.999936	
24.9642 0.998102	1.00002	1.00084	1.00006	0.999375	0.999752	
24.9804 0.997889	0.999806	1.00098	1.0002	0.999683	1.00006	
24.9965 0.997839	0.999754	1.00082	1.00004	0.99976	1.00014	
25.0126 0.997984	0.999899	1.00075	0.999975	0.999519	0.999897	
25.0288 0.997965	0.99988	1.00077	0.999991	0.999599	0.999976	
25.0449 0.998038	0.999953	1.00092	1.00014	0.999345	0.999722	
25.061 0.998018	0.999933	1.00089	1.00011	0.999734	1.00011	
25.0772 0.997982	0.999896	1.00092	1.00015	0.999387	0.999763	
25.0933 0.998001	0.999915	1.00098	1.0002	0.999911	1.00029	
25.1094 0.997817	0.99973	1.00098	1.0002	0.999627	1	
25.1255 0.997969	0.999882	1.00111	1.00033	0.999631	1.00001	
25.1417 0.998065	0.999978	1.00069	0.999914	0.999792	1.00017	
25.1578 0.99793	0.999843	1.00072	0.999946	0.999745	1.00012	
25.1739 0.998187	1.0001	1.00085	1.00007	0.999723	1.0001	
25.1901 0.998162	1.00008	1.00084	1.00006	0.999639	1.00002	
25.2062 0.997858	0.99977	1.00079	1.00001	0.99941	0.999788	
25.2223 0.997718	0.999629	1.00089	1.00011	0.999825	1.0002	
25.2385 0.997962	0.999873	1.00091	1.00013	0.999432	0.99981	
25.2546 0.997813	0.999723	1.00091	1.00014	0.999702	1.00008	
25.2707 0.998105	1.00002	1.00073	0.999955	0.999658	1.00004	
25.2869 0.998259	1.00017	1.00096	1.00019	0.999748	1.00013	
25.303 0.997929	0.999839	1.00087	1.00009	0.999855	1.00023	
25.3191 0.997696	0.999605	1.00088	1.0001	0.999469	0.999848	
25.3353 0.998114	1.00002	1.00076	0.999988	0.999463	0.999841	
25.3514 0.997881	0.999789	1.00092	1.00014	0.999411	0.999788	
25.3675 0.99794	0.999847	1.00075	0.999974	0.999682	1.00006	
25.3837 0.997969	0.999877	1.00073	0.999954	0.999828	1.00021	
25.3998 0.997963	0.999871	1.00094	1.00016	0.999588	0.999966	
25.4159 0.998	0.999907	1.00104	1.00027	0.999745	1.00012	
25.4321 0.998107	1.00001	1.00088	1.00011	0.999682	1.00006	
25.4482 0.997786	0.999692	1.00083	1.00006	0.999546	0.999924	
25.4643 0.998088	0.999994	1.00086	1.00009	0.999488	0.999866	
25.4805 0.997903	0.999809	1.00088	1.00011	0.999657	1.00004	
25.4966 0.997989	0.999895	1.0009	1.00013	0.999638	1.00002	
25.5127 0.998089	0.999994	1.00089	1.00012	0.999661	1.00004	
25.5288 0.997697	0.999601	1.00085	1.00008	0.999608	0.999987	
25.545 0.998021	0.999925	1.00083	1.00006	0.999688	1.00007	
25.5611 0.997786	0.999689	1.0008	1.00003	0.999965	1.00035	
25.5772 0.998182	1.00008	1.00093	1.00016	0.999986	1.00037	
25.5934 0.998136	1.00004	1.00076	0.999993	0.999891	1.00027	
25.6095 0.997947	0.99985	1.00081	1.00004	0.999764	1.00015	
25.6256 0.998028	0.999931	1.00097	1.0002	0.999834	1.00022	
25.6418 0.99783	0.999731	1.00081	1.00004	0.999745	1.00013	
25.6579 0.998124	1.00003	1.00092	1.00015	0.999634	1.00002	
25.674 0.997843	0.999743	1.00075	0.999983	0.999564	0.999947	
25.6902 0.998116	1.00002	1.00085	1.00009	0.999598	0.999981	
25.7063 0.997924	0.999825	1.00082	1.00006	0.999699	1.00008	
25.7224 0.997989	0.999888	1.00076	0.999996	0.999455	0.999837	
25.7386 0.998064	0.999964	1.00072	0.999954	0.999255	0.999636	
25.7547 0.997714	0.999612	1.00099	1.00022	0.999394	0.999774	
25.7708 0.998025	0.999923	1.00099	1.00022	0.999551	0.999932	
25.787 0.997964	0.999862	1.00091	1.00014	0.999792	1.00017	
25.8031 0.997903	0.9998	1.00076	0.999989	0.999565	0.999946	
25.8192 0.998094	0.999991	1.00054	0.999775	0.999619	1	
25.8354 0.997933	0.999829	1.00095	1.00019	0.999693	1.00007	
25.8515 0.997886	0.999781	1.00097	1.0002	0.999804	1.00019	
25.8676 0.998077	0.999973	1.00095	1.00019	0.999645	1.00003	
25.8838 0.997679	0.999573	1.00064	0.99987	0.999619	1	
25.8999 0.997965	0.999859	1.0009	1.00013	0.999724	1.00011	
25.916 0.9979	0.999793	1.00089	1.00013	0.99966	1.00004	
25.9321 0.997851	0.999743	1.00094	1.00018	0.999664	1.00005	
25.9483 0.997958	0.99985	1.00113	1.00036	0.999704	1.00009	
25.9644 0.997549	0.999438	1.00069	0.99993	0.999554	0.999937	
25.9805 0.998114	1	1.00081	1.00005	0.999365	0.999747	
25.9967 0.997729	0.999617	1.00087	1.00011	0.999467	0.999848	
26.0128 0.997888	0.999776	1.00081	1.00005	0.999564	0.999945	
26.0289 0.998126	1.00001	1.0009	1.00014	0.999619	1	
26.0451 0.998211	1.0001	1.00088	1.00011	0.999536	0.999917	
26.0612 0.998342	1.00023	1.00084	1.00008	0.99979	1.00017	
26.0773 0.99789	0.999778	1.0008	1.00004	0.99958	0.999961	
26.0935 0.998177	1.00007	1.0006	0.999839	0.999635	1.00002	
26.1096 0.997973	0.999862	1.00068	0.999918	0.999671	1.00005	
26.1257 0.998167	1.00006	1.00098	1.00022	0.999725	1.00011	
26.1419 0.998006	0.999894	1.00084	1.00008	0.99964	1.00002	
26.158 0.997912	0.999799	1.00086	1.0001	0.99957	0.999952	
26.1741 0.997738	0.999623	1.00077	1	0.999902	1.00028	
26.1903 0.998052	0.999938	1.00082	1.00005	0.999687	1.00007	
26.2064 0.997937	0.999822	1.00092	1.00016	0.999798	1.00018	
26.2225 0.99791	0.999794	1.00091	1.00015	0.999596	0.999979	
26.2387 0.998192	1.00008	1.00091	1.00015	0.999726	1.00011	
26.2548 0.998066	0.999951	1.00093	1.00017	0.999634	1.00002	
26.2709 0.997758	0.999641	1.00086	1.00011	0.999224	0.999606	
26.2871 0.997929	0.999812	1.00073	0.999974	0.999681	1.00006	
26.3032 0.997965	0.999848	1.00061	0.999855	0.999437	0.999819	
26.3193 0.997962	0.999844	1.00074	0.999981	0.999545	0.999927	
26.3354 0.998047	0.999928	1.00083	1.00007	0.999623	1	
26.3516 0.998011	0.999892	1.00073	0.999971	0.999459	0.999841	
26.3677 0.998023	0.999904	1.00092	1.00016	0.999442	0.999823	
26.3838 0.998074	0.999955	1.00101	1.00025	0.999571	0.999952	
26.4 0.997959	0.999839	1.00077	1.00001	0.999487	0.999868	
26.4161 0.997883	0.999762	1.00088	1.00013	0.999368	0.999747	
26.4322 0.997631	0.999507	1.00088	1.00012	0.999538	0.999917	
26.4484 0.998056	0.999933	1.00087	1.00011	0.999425	0.999803	
26.4645 0.99798	0.999857	1.00077	1.00001	0.999366	0.999743	
26.4806 0.998299	1.00018	1.00093	1.00018	0.9997	1.00008	
26.4968 0.998169	1.00005	1.00088	1.00013	0.999486	0.999863	
26.5129 0.998005	0.999882	1.00087	1.00011	0.999586	0.999963	
26.529 0.997883	0.999759	1.00081	1.00006	0.999678	1.00006	
26.5452 0.99781	0.999685	1.00086	1.0001	0.999492	0.999869	
26.5613 0.99796	0.999835	1.00063	0.999877	0.999696	1.00007	
26.5774 0.997862	0.999735	1.00089	1.00014	0.999628	1	
26.5936 0.99835	1.00022	1.00082	1.00007	0.99945	0.999826	
26.6097 0.997849	0.999723	1.0007	0.999946	0.999389	0.999765	
26.6258 0.998017	0.99989	1.00064	0.999891	0.999441	0.999816	
26.642 0.99834	1.00021	1.00082	1.00007	0.99955	0.999925	
26.6581 0.99812	0.999994	1.00078	1.00003	0.999909	1.00029	
26.6742 0.997997	0.99987	1.00068	0.99993	0.999672	1.00005	
26.6904 0.998308	1.00018	1.00077	1.00001	0.999541	0.999917	
26.7065 0.9977	0.999572	1.00081	1.00006	0.99936	0.999734	
26.7226 0.998159	1.00003	1.00078	1.00003	0.999696	1.00007	
26.7387 0.998246	1.00012	1.00099	1.00023	0.999541	0.999915	
26.7549 0.998307	1.00018	1.00099	1.00024	0.999539	0.999913	
26.771 0.998016	0.999889	1.00072	0.999965	0.999627	1	
26.7871 0.998116	0.99999	1.00078	1.00002	0.999844	1.00022	
26.8033 0.998142	1.00002	1.00091	1.00016	0.999766	1.00014	
26.8194 0.997729	0.9996	1.00074	0.999992	0.999156	0.99953	
26.8355 0.998017	0.999888	1.00083	1.00008	0.999473	0.999846	
26.8517 0.997987	0.999857	1.00094	1.00019	0.999535	0.999908	
26.8678 0.998072	0.999942	1.00072	0.999967	0.999574	0.999947	
26.8839 0.997901	0.999771	1.0008	1.00005	0.999647	1.00002	
26.9001 0.998444	1.00032	1.00086	1.00011	0.999742	1.00012	
26.9162 0.997775	0.999644	1.00096	1.00021	0.999559	0.999932	
26.9323 0.99792	0.999789	1.00083	1.00008	0.999812	1.00019	
26.9485 0.998078	0.999947	1.0009	1.00015	0.999623	0.999997	
26.9646 0.997991	0.999859	1.00069	0.99994	0.99936	0.999733	
26.9807 0.998072	0.99994	1.00098	1.00024	0.999583	0.999955	
26.9969 0.997968	0.999835	1.00077	1.00002	0.999659	1.00003	
27.013 0.998216	1.00008	1.0009	1.00015	0.999778	1.00015	
27.0291 0.998078	0.999946	1.00095	1.00021	0.999593	0.999966	
27.0453 0.997919	0.999786	1.00096	1.00022	0.999703	1.00008	
27.0614 0.998168	1.00003	1.0007	0.999952	0.999441	0.999814	
27.0775 0.99813	0.999997	1.00082	1.00008	0.999396	0.999768	
27.0937 0.998221	1.00009	1.0007	0.999959	0.999827	1.0002	
27.1098 0.998322	1.00019	1.00079	1.00005	0.999784	1.00016	
27.1259 0.997717	0.999583	1.00092	1.00018	0.999771	1.00015	
27.142 0.998093	0.999959	1.00072	0.99998	0.999669	1.00004	
27.1582 0.998129	0.999995	1.0008	1.00006	0.999692	1.00007	
27.1743 0.998242	1.00011	1.00082	1.00008	0.999713	1.00009	
27.1904 0.99829	1.00016	1.00108	1.00033	0.999518	0.999892	
27.2066 0.997978	0.999844	1.00069	0.999952	0.999748	1.00012	
27.2227 0.998245	1.00011	1.00077	1.00003	0.999772	1.00015	
27.2388 0.99822	1.00009	1.001	1.00026	0.999285	0.999658	
27.255 0.998382	1.00025	1.00059	0.999852	0.999311	0.999683	
27.2711 0.998226	1.0001	1.00085	1.00011	0.999474	0.999846	
27.2872 0.99797	0.999837	1.00088	1.00014	0.999322	0.999692	
27.3034 0.998322	1.00019	1.0008	1.00006	0.999499	0.999869	
27.3195 0.998011	0.999879	1.00096	1.00022	0.999496	0.999866	
27.3356 0.997982	0.999849	1.00087	1.00013	0.99938	0.999748	
27.3518 0.99807	0.999937	1.00056	0.999818	0.999841	1.00021	
27.3679 0.998106	0.999974	1.00079	1.00005	0.999619	0.999989	
27.384 0.998004	0.999871	1.00072	0.999985	0.999535	0.999904	
27.4002 0.998216	1.00008	1.00063	0.999884	0.99943	0.999798	
27.4163 0.998085	0.999952	1.00064	0.999899	0.999287	0.999653	
27.4324 0.998142	1.00001	1.0007	0.999962	0.99968	1.00005	
27.4486 0.99803	0.999897	1.00085	1.00011	0.999673	1.00004	
27.4647 0.997889	0.999755	1.00046	0.999723	0.999515	0.999882	
27.4808 0.998234	1.0001	1.00074	1	0.99958	0.999946	
27.4969 0.998108	0.999974	1.00082	1.00008	0.999533	0.999899	
27.5131 0.998427	1.0003	1.0008	1.00006	0.999475	0.99984	
27.5292 0.99822	1.00009	1.00074	0.999999	0.999382	0.999747	
27.5453 0.998168	1.00004	1.00081	1.00006	0.999561	0.999925	
27.5615 0.998243	1.00011	1.00088	1.00014	0.999655	1.00002	
27.5776 0.998253	1.00012	1.00079	1.00004	0.99969	1.00005	
27.5937 0.998147	1.00002	1.00087	1.00013	0.99961	0.999974	
27.6099 0.998264	1.00013	1.00087	1.00013	0.999447	0.99981	
27.626 0.997964	0.999833	1.00088	1.00014	0.999257	0.999619	
27.6421 0.998184	1.00005	1.00076	1.00002	0.999601	0.999963	
27.6583 0.998281	1.00015	1.00067	0.999928	0.999495	0.999856	
27.6744 0.998046	0.999915	1.00074	0.999998	0.999612	0.999973	
27.6905 0.998215	1.00008	1.00056	0.999821	0.999715	1.00008	
27.7067 0.998304	1.00017	1.001	1.00026	0.99971	1.00007	
27.7228 0.998194	1.00006	1.00098	1.00024	0.999394	0.999755	
27.7389 0.998121	0.999991	1.00082	1.00008	0.99971	1.00007	
27.7551 0.998456	1.00033	1.00097	1.00023	0.999592	0.999953	
27.7712 0.998105	0.999977	1.00094	1.00021	0.999511	0.999871	
27.7873 0.998213	1.00009	1.00079	1.00005	0.999548	0.999908	
27.8035 0.998189	1.00006	1.00074	1.00001	0.999614	0.999974	
27.8196 0.998081	0.999953	1.00082	1.00009	0.999559	0.999918	
27.8357 0.998215	1.00009	1.00089	1.00016	0.999306	0.999664	
27.8519 0.998053	0.999925	1.00086	1.00012	0.999611	0.999968	
27.868 0.998173	1.00005	1.0007	0.999963	0.999435	0.999792	
27.8841 0.998314	1.00019	1.0008	1.00007	0.999351	0.999707	
27.9002 0.99801	0.999883	1.00069	0.999961	0.999604	0.999959	
27.9164 0.998297	1.00017	1.00076	1.00002	0.999444	0.999799	
27.9325 0.99829	1.00016	1.0006	0.999868	0.999797	1.00015	
27.9486 0.998481	1.00036	1.00073	0.999996	0.999777	1.00013	
27.9648 0.998172	1.00005	1.00074	1	0.999364	0.999719	
27.9809 0.998422	1.0003	1.00099	1.00026	0.999667	1.00002	
27.997 0.998391	1.00027	1.00069	0.99996	0.999694	1.00005	
28.0132 0.998242	1.00012	1.00072	0.99999	0.999125	0.999478	
28.0293 0.998307	1.00019	1.00079	1.00006	0.999615	0.999968	
28.0454 0.998204	1.00008	1.00084	1.00011	0.999687	1.00004	
28.0616 0.998048	0.999928	1.00063	0.999894	0.999667	1.00002	
28.0777 0.998273	1.00015	1.0008	1.00007	0.999546	0.999899	
28.0938 0.998369	1.00025	1.00067	0.99994	0.999373	0.999725	
28.11 0.998444	1.00033	1.00071	0.999978	0.999594	0.999945	
28.1261 0.998529	1.00041	1.00077	1.00003	0.999509	0.999859	
28.1422 0.998163	1.00005	1.00081	1.00008	0.999582	0.999932	
28.1584 0.998241	1.00013	1.00099	1.00026	1.00009	1.00044	
28.1745 0.998268	1.00015	1.00066	0.999926	0.999717	1.00007	
28.1906 0.998271	1.00016	1.00074	1.00001	0.999605	0.999957	
28.2068 0.997743	0.999628	1.00057	0.999834	0.999836	1.00019	
28.2229 0.998316	1.0002	1.00081	1.00008	0.999763	1.00012	
28.239 0.998133	1.00002	1.00074	1.00001	0.999772	1.00013	
28.2552 0.998096	0.999982	1.00079	1.00006	0.999586	0.99994	
28.2713 0.998094	0.99998	1.00067	0.999943	0.999548	0.999902	
28.2874 0.998542	1.00043	1.00073	0.999998	0.999405	0.999757	
28.3035 0.998307	1.0002	1.00068	0.999947	0.999389	0.99974	
28.3197 0.998456	1.00035	1.00089	1.00016	0.999658	1.00001	
28.3358 0.998463	1.00036	1.00054	0.999809	0.999665	1.00002	
28.3519 0.998705	1.0006	1.00047	0.999737	0.999408	0.999758	
28.3681 0.998323	1.00022	1.00074	1.00001	0.999369	0.999718	
28.3842 0.998223	1.00012	1.00075	1.00002	0.999641	0.99999	
28.4003 0.998337	1.00023	1.00067	0.999934	0.999704	1.00005	
28.4165 0.998338	1.00024	1.00061	0.999878	0.99924	0.999587	
28.4326 0.998354	1.00025	1.0006	0.999863	0.999561	0.999908	
28.4487 0.998526	1.00043	1.00075	1.00001	0.999572	0.999919	
28.4649 0.998238	1.00014	1.00089	1.00015	0.999515	0.999861	
28.481 0.997999	0.9999	1.00059	0.99986	0.999526	0.999872	
28.4971 0.998165	1.00007	1.00059	0.999856	0.999566	0.999911	
28.5133 0.998361	1.00026	1.00085	1.00012	0.999646	0.999991	
28.5294 0.99824	1.00014	1.0008	1.00006	0.999751	1.0001	
28.5455 0.998347	1.00025	1.00073	0.999996	0.999561	0.999906	
28.5617 0.998163	1.00007	1.00053	0.999792	0.999442	0.999785	
28.5778 0.998283	1.00019	1.0005	0.999766	0.999566	0.99991	
28.5939 0.998132	1.00004	1.00072	0.999987	0.999537	0.99988	
28.6101 0.998138	1.00004	1.0005	0.999763	0.999738	1.00008	
28.6262 0.998361	1.00027	1.00087	1.00013	0.99979	1.00013	
28.6423 0.998141	1.00005	1.00084	1.00011	0.999757	1.0001	
28.6585 0.998024	0.999932	1.00059	0.999857	0.99979	1.00014	
28.6746 0.998204	1.00011	1.00083	1.00009	0.99973	1.00008	
28.6907 0.998614	1.00053	1.00057	0.999833	0.999692	1.00004	
28.7068 0.998256	1.00017	1.00066	0.999918	0.999229	0.999573	
28.723 0.998089	1	1.00081	1.00007	0.999685	1.00003	
28.7391 0.998531	1.00045	1.00062	0.99988	0.999686	1.00003	
28.7552 0.998557	1.00047	1.00064	0.999898	0.99973	1.00007	
28.7714 0.998431	1.00035	1.00045	0.999711	0.999372	0.999715	
28.7875 0.99827	1.00019	1.00072	0.999981	0.999409	0.999751	
28.8036 0.998244	1.00016	1.00067	0.999929	0.999495	0.999836	
28.8198 0.998246	1.00017	1.00067	0.999924	0.999318	0.999656	
28.8359 0.998515	1.00044	1.0007	0.999954	0.99964	0.999979	
28.852 0.998337	1.00026	1.00069	0.999951	0.999363	0.999701	
28.8682 0.9981	1.00002	1.00049	0.99975	0.999891	1.00023	
28.8843 0.998173	1.0001	1.00076	1.00001	0.999586	0.999924	
28.9004 0.998475	1.0004	1.00058	0.999841	0.99964	0.999979	
28.9166 0.998401	1.00033	1.00071	0.999962	0.999655	0.999993	
28.9327 0.998307	1.00024	1.00052	0.999773	0.999544	0.999882	
28.9488 0.998059	0.999988	1.00068	0.99993	0.999548	0.999885	
28.965 0.998178	1.00011	1.00054	0.999797	0.999752	1.00009	
28.9811 0.998104	1.00003	1.00057	0.999827	0.999301	0.999636	
28.9972 0.99808	1.00001	1.00052	0.999775	0.9995	0.999835	
29.0134 0.998289	1.00022	1.00069	0.999942	0.999422	0.999755	
29.0295 0.998109	1.00004	1.00048	0.999732	0.999667	1	
29.0456 0.998112	1.00004	1.00067	0.999923	0.99954	0.999872	
29.0618 0.998469	1.0004	1.00044	0.99969	0.999355	0.999686	
29.0779 0.998597	1.00053	1.00045	0.999697	0.999676	1.00001	
29.094 0.998107	1.00004	1.00062	0.999868	0.999892	1.00022	
29.1101 0.998158	1.00009	1.00058	0.99982	0.999714	1.00005	
29.1263 0.998112	1.00005	1.00052	0.999765	0.999691	1.00002	
29.1424 0.997924	0.99986	1.00072	0.999967	0.999297	0.999628	
29.1585 0.998318	1.00026	1.00057	0.999815	0.999537	0.999867	
29.1747 0.998463	1.0004	1.0007	0.999942	0.999874	1.00021	
29.1908 0.998463	1.00041	1.00048	0.999724	0.999573	0.999903	
29.2069 0.998243	1.00019	1.0005	0.999737	0.999534	0.999864	
29.2231 0.998191	1.00013	1.00073	0.999973	0.999521	0.99985	
29.2392 0.998425	1.00037	1.00081	1.00005	0.999397	0.999725	
29.2553 0.998247	1.00019	1.0005	0.99974	0.99983	1.00016	
29.2715 0.998473	1.00042	1.00056	0.999793	0.999653	0.999982	
29.2876 0.997995	0.999943	1.00054	0.999772	0.999889	1.00022	
29.3037 0.998425	1.00038	1.00076	0.999996	0.999836	1.00017	
29.3199 0.998275	1.00023	1.00078	1.00001	0.999728	1.00006	
29.336 0.998177	1.00013	1.00054	0.999772	1	1.00034	
29.3521 0.99801	0.999961	1.00046	0.99969	0.999648	0.999981	
29.3683 0.998551	1.00051	1.0006	0.999831	0.999537	0.999869	
29.3844 0.998116	1.00007	1.00061	0.99984	0.99974	1.00007	
29.4005 0.998127	1.00008	1.00049	0.999722	0.999776	1.00011	
29.4167 0.998569	1.00053	1.00038	0.999609	0.99946	0.999792	
29.4328 0.998335	1.0003	1.00047	0.999692	0.999566	0.999897	
29.4489 0.998419	1.00038	1.00073	0.99996	0.99973	1.00006	
29.4651 0.998289	1.00025	1.0006	0.999827	0.999602	0.999933	
29.4812 0.997913	0.999875	1.00066	0.999886	0.999656	0.999987	
29.4973 0.998286	1.00025	1.00063	0.999857	0.999702	1.00003	
29.5134 0.998337	1.0003	1.00058	0.999799	0.99951	0.999841	
29.5296 0.998684	1.00065	1.00041	0.999633	0.999915	1.00025	
29.5457 0.998149	1.00012	1.00076	0.999979	0.999854	1.00019	
29.5618 0.998353	1.00032	1.00077	0.99999	0.999471	0.999803	
29.578 0.998416	1.00039	1.00067	0.999888	0.999771	1.0001	
29.5941 0.998325	1.0003	1.00081	1.00003	0.999811	1.00014	
29.6102 0.998374	1.00035	1.00041	0.999628	0.999825	1.00016	
29.6264 0.998154	1.00013	1.00078	1	0.999809	1.00014	
29.6425 0.9984	1.00038	1.00038	0.999599	0.99927	0.999602	
29.6586 0.998333	1.00031	1.00043	0.99964	0.999698	1.00003	
29.6748 0.9983	1.00028	1.00045	0.999666	0.999847	1.00018	
29.6909 0.998491	1.00048	1.00063	0.999842	0.999611	0.999945	
29.707 0.998573	1.00056	1.00056	0.999774	0.999625	0.999958	
29.7232 0.99884	1.00083	1.00068	0.999893	0.999929	1.00026	
29.7393 0.998527	1.00052	1.0005	0.999712	0.999662	0.999996	
29.7554 0.998493	1.00049	1.00056	0.999762	0.99911	0.999441	
29.7716 0.99837	1.00037	1.0009	1.00011	0.999649	0.99998	
29.7877 0.9984	1.0004	1.00061	0.999815	0.999717	1.00005	
29.8038 0.998175	1.00018	1.00066	0.999863	0.9996	0.999931	
29.82 0.998408	1.00042	1.00067	0.999874	1.00001	1.00034	
29.8361 0.998763	1.00078	1.00063	0.999832	0.999629	0.999962	
29.8522 0.998407	1.00042	1.00087	1.00007	0.999644	0.999977	
29.8684 0.998495	1.00051	1.00073	0.999929	1.00001	1.00035	
29.8845 0.998615	1.00064	1.00073	0.999934	0.99977	1.00011	
29.9006 0.998401	1.00042	1.00065	0.999851	0.999776	1.00011	
29.9167 0.998308	1.00033	1.00054	0.999746	0.999598	0.999934	
29.9329 0.998521	1.00055	1.00075	0.99995	0.999367	0.999701	
29.949 0.998331	1.00036	1.00039	0.999587	0.999953	1.00029	
29.9651 0.998327	1.00036	1.00057	0.999767	1.00005	1.00039	
29.9813 0.998	1.00003	1.00052	0.999712	0.99939	0.999727	
29.9974 0.998293	1.00033	1.00069	0.999881	0.999794	1.00013	
30.0135 0.998329	1.00037	1.00055	0.999742	1.00003	1.00037	
30.0297 0.998206	1.00024	1.0006	0.999793	0.999327	0.999664	
30.0458 0.998251	1.00029	1.00044	0.999627	0.999946	1.00028	
30.0619 0.998075	1.00012	1.00069	0.999881	0.999499	0.999837	
30.0781 0.998424	1.00047	1.00045	0.999637	0.999888	1.00023	
30.0942 0.998475	1.00052	1.00045	0.999634	1.00012	1.00046	
30.1103 0.998209	1.00026	1.00059	0.99977	0.999591	0.999933	
30.1265 0.99853	1.00058	1.00052	0.999697	0.999757	1.0001	
30.1426 0.998275	1.00033	1.00043	0.999607	0.999509	0.99985	
30.1587 0.998531	1.00059	1.0007	0.999874	0.999601	0.999942	
30.1749 0.998262	1.00032	1.00071	0.999885	0.999287	0.999626	
30.191 0.998858	1.00092	1.00058	0.999756	0.999628	0.999967	
30.2071 0.99846	1.00053	1.00057	0.999742	0.999797	1.00014	
30.2233 0.998294	1.00036	1.00068	0.999858	0.999379	0.999717	
30.2394 0.998451	1.00052	1.00087	1.00004	0.99947	0.999807	
30.2555 0.998418	1.00049	1.00069	0.999867	0.999837	1.00017	
30.2716 0.998937	1.00102	1.00058	0.999749	0.999694	1.00003	
30.2878 0.998372	1.00046	1.00065	0.999822	0.999762	1.0001	
30.3039 0.998548	1.00064	1.00075	0.999921	0.99996	1.0003	
30.32 0.998567	1.00066	1.00044	0.999606	0.999503	0.999842	
30.3362 0.998492	1.00059	1.00063	0.999794	1.00006	1.0004	
30.3523 0.998544	1.00065	1.00071	0.999879	1.00021	1.00055	
30.3684 0.998223	1.00033	1.00034	0.999502	0.999728	1.00007	
30.3846 0.998387	1.00049	1.00048	0.999637	0.999802	1.00015	
30.4007 0.998459	1.00057	1.00041	0.999572	0.999861	1.00021	
30.4168 0.99834	1.00045	1.00037	0.999522	0.999824	1.00017	
30.433 0.998079	1.00019	1.00062	0.999778	0.999473	0.99982	
30.4491 0.998104	1.00022	1.00082	0.999971	0.999727	1.00008	
30.4652 0.998291	1.00041	1.00048	0.999629	0.999429	0.999776	
30.4814 0.998281	1.0004	1.00056	0.999706	0.999838	1.00019	
30.4975 0.998601	1.00073	1.00081	0.999955	0.999423	0.999769	
30.5136 0.998542	1.00067	1.00075	0.999896	0.999504	0.999849	
30.5298 0.998502	1.00064	1.0008	0.999945	0.999905	1.00025	
30.5459 0.998551	1.00069	1.0006	0.999742	0.999607	0.999954	
30.562 0.998555	1.0007	1.00043	0.999574	0.999538	0.999884	
30.5782 0.998457	1.0006	1.00076	0.999905	0.99975	1.0001	
30.5943 0.998534	1.00068	1.00031	0.999449	0.999668	1.00001	
30.6104 0.998559	1.00071	1.0006	0.999742	0.999625	0.999972	
30.6266 0.998116	1.00027	1.00043	0.999562	1.00018	1.00053	
30.6427 0.998483	1.00064	1.0007	0.999833	0.999802	1.00015	
30.6588 0.998434	1.0006	1.00054	0.999675	0.999727	1.00008	
30.6749 0.998761	1.00093	1.00067	0.999804	0.999665	1.00002	
30.6911 0.998004	1.00018	1.00047	0.999599	0.999863	1.00022	
30.7072 0.998484	1.00066	1.00052	0.999643	0.999627	0.999979	
30.7233 0.998213	1.00039	1.00084	0.999968	0.999941	1.0003	
30.7395 0.998302	1.00048	1.00056	0.999682	1.00002	1.00038	
30.7556 0.99875	1.00094	1.00062	0.999737	1.00022	1.00058	
30.7717 0.998286	1.00048	1.00054	0.999661	0.999712	1.00007	
30.7879 0.998679	1.00088	1.00043	0.999548	0.999725	1.00009	
30.804 0.998209	1.00041	1.00042	0.99953	0.999529	0.99989	
30.8201 0.998803	1.00101	1.00056	0.999675	0.999826	1.00019	
30.8363 0.998681	1.00089	1.00056	0.999665	0.999832	1.0002	
30.8524 0.998707	1.00093	1.00059	0.9997	0.99962	0.999984	
30.8685 0.998168	1.00039	1.00085	0.999955	0.999744	1.00011	
30.8847 0.998645	1.00087	1.0009	1	0.999676	1.00004	
30.9008 0.998237	1.00047	1.00074	0.99984	0.999828	1.00019	
30.9169 0.99871	1.00095	1.00053	0.999633	0.999921	1.00029	
30.9331 0.997928	1.00016	1.00077	0.999869	0.999717	1.00009	
30.9492 0.998667	1.00091	1.00083	0.999934	0.999812	1.00018	
30.9653 0.998815	1.00107	1.00031	0.999409	0.999887	1.00026	
30.9815 0.998539	1.0008	1.00052	0.999611	0.999819	1.00019	
30.9976 0.998563	1.00083	1.00061	0.9997	0.999832	1.00021	
31.0137 0.998582	1.00085	1.00058	0.999673	0.999509	0.999883	
31.0299 0.998614	1.00089	1.00064	0.99973	0.999717	1.00009	
31.046 0.998237	1.00051	1.00058	0.999666	0.999954	1.00033	
31.0621 0.998042	1.00032	1.00096	1.00005	0.999511	0.999886	
31.0782 0.998208	1.00049	1.00085	0.999937	0.999778	1.00015	
31.0944 0.998277	1.00056	1.00082	0.999901	0.999704	1.00008	
31.1105 0.998443	1.00074	1.00055	0.999632	0.999805	1.00018	
31.1266 0.998464	1.00076	1.00054	0.999624	0.999895	1.00028	
31.1428 0.998525	1.00083	1.00057	0.999645	0.999969	1.00035	
31.1589 0.998228	1.00053	1.00068	0.999755	0.999987	1.00037	
31.175 0.998282	1.00059	1.00061	0.999683	0.999804	1.00019	
31.1912 0.998563	1.00088	1.00051	0.999585	0.999702	1.00009	
31.2073 0.998357	1.00068	1.00059	0.999654	0.999932	1.00032	
31.2234 0.998338	1.00066	1.00044	0.999507	0.999963	1.00036	
31.2396 0.9984	1.00073	1.00061	0.999668	0.999798	1.00019	
31.2557 0.998566	1.0009	1.00071	0.999776	0.999736	1.00013	
31.2718 0.998315	1.00066	1.00085	0.999914	0.999892	1.00029	
31.288 0.998549	1.0009	1.00054	0.999593	0.999469	0.999865	
31.3041 0.998392	1.00075	1.0007	0.999754	0.999719	1.00012	
31.3202 0.998384	1.00074	1.00091	0.999968	1.00022	1.00062	
31.3364 0.998482	1.00085	1.00078	0.999838	0.999572	0.999973	
31.3525 0.998047	1.00042	1.00068	0.999736	1.00021	1.00062	
31.3686 0.998263	1.00064	1.00046	0.999507	0.9996	1.00001	
31.3848 0.998188	1.00057	1.0007	0.999743	0.999967	1.00038	
31.4009 0.998438	1.00082	1.00085	0.999898	0.999807	1.00022	
31.417 0.99812	1.00051	1.00089	0.999932	0.999763	1.00017	
31.4332 0.998172	1.00056	1.00099	1.00004	0.999655	1.00007	
31.4493 0.998013	1.00041	1.00075	0.999791	1.00009	1.00051	
31.4654 0.998235	1.00063	1.00061	0.999654	0.999679	1.00009	
31.4815 0.998327	1.00073	1.00082	0.999857	1.00013	1.00055	
31.4977 0.998257	1.00067	1.00075	0.999794	0.999701	1.00012	
31.5138 0.998143	1.00055	1.00063	0.999666	0.999563	0.999984	
31.5299 0.998309	1.00073	1.00083	0.999863	1.00018	1.00061	
31.5461 0.99858	1.00101	1.00085	0.999881	0.999831	1.00026	
31.5622 0.998438	1.00087	1.00056	0.999594	1.00007	1.0005	
31.5783 0.998281	1.00072	1.00059	0.999618	0.999942	1.00038	
31.5945 0.998302	1.00074	1.0006	0.999629	0.99986	1.0003	
31.6106 0.998522	1.00097	1.00064	0.999662	0.999808	1.00025	
31.6267 0.998285	1.00074	1.00073	0.999755	1.00035	1.00079	
31.6429 0.998259	1.00072	1.00067	0.99969	0.999899	1.00034	
31.659 0.998053	1.00052	1.00074	0.999763	0.999794	1.00024	
31.6751 0.998084	1.00055	1.00095	0.999971	1.00001	1.00046	
31.6913 0.998198	1.00067	1.00081	0.999828	1.00002	1.00047	
31.7074 0.998346	1.00083	1.00101	1.00003	0.99954	0.999994	
31.7235 0.998807	1.0013	1.00088	0.999897	0.999971	1.00043	
31.7397 0.998257	1.00075	1.00081	0.999823	1.00014	1.0006	
31.7558 0.998484	1.00099	1.00102	1.00003	1	1.00047	
31.7719 0.998728	1.00124	1.00068	0.999693	0.999495	0.99996	
31.7881 0.998216	1.00073	1.00085	0.999861	0.999956	1.00043	
31.8042 0.997802	1.00032	1.00074	0.999753	1.00017	1.00065	
31.8203 0.998402	1.00093	1.0007	0.999707	0.999613	1.00009	
31.8365 0.998503	1.00104	1.00072	0.999726	1.0003	1.00078	
31.8526 0.998446	1.00099	1.00071	0.999711	0.999472	0.999952	
31.8687 0.998153	1.0007	1.00068	0.999682	0.999942	1.00043	
31.8848 0.997993	1.00054	1.00078	0.99978	0.999401	0.999882	
31.901 0.998347	1.00091	1.00057	0.999569	0.999684	1.00017	
31.9171 0.998756	1.00132	1.00086	0.999858	0.999494	0.999977	
31.9332 0.998306	1.00088	1.00069	0.999683	0.999743	1.00023	
31.9494 0.998303	1.00088	1.00091	0.999897	0.999947	1.00044	
31.9655 0.997744	1.00033	1.00061	0.999602	0.999583	1.00007	
31.9816 0.998136	1.00073	1.00055	0.99954	0.999464	0.999952	
31.9978 0.998509	1.00111	1.00053	0.999512	1.00005	1.00054	
32.0139 0.998108	1.00071	1.00063	0.999608	0.999286	0.999777	
32.03 0.998312	1.00092	1.00083	0.999805	0.999661	1.00015	
32.0462 0.998495	1.00111	1.00057	0.999547	0.999318	0.999808	
32.0623 0.998506	1.00113	1.00111	1.00009	0.999968	1.00046	
32.0784 0.99834	1.00098	1.0007	0.999672	0.99987	1.00037	
32.0946 0.99809	1.00073	1.00087	0.999845	0.999495	0.999991	
32.1107 0.99861	1.00126	1.00082	0.999792	0.999453	0.999949	
32.1268 0.998454	1.00111	1.00051	0.999474	0.999656	1.00015	
32.143 0.997943	1.00061	1.00067	0.999628	0.999447	0.999944	
32.1591 0.998171	1.00084	1.00081	0.99977	0.999397	0.999893	
32.1752 0.998232	1.00091	1.00055	0.999511	0.99946	0.999956	
32.1914 0.998245	1.00093	1.00073	0.999681	0.999718	1.00022	
32.2075 0.998559	1.00125	1.00071	0.999661	0.999396	0.999892	
32.2236 0.997899	1.0006	1.00092	0.999875	0.999592	1.00009	
32.2398 0.998023	1.00073	1.00054	0.999485	1.00032	1.00082	
32.2559 0.998227	1.00094	1.00065	0.999593	0.999618	1.00012	
